{"type":"FeatureCollection","_meta":{"source":"Amrit Sarovar ponds via india-geodata (CC BY 4.0); thinned 1/8 for web","total_real":67499},"features":[{"type":"Feature","properties":{},"geometry":{"type":"MultiPoint","coordinates":[[78.564,14.595],[77.807,15.591],[77.798,15.053],[77.971,15.457],[78.75,14.439],[78.274,14.01],[82.766,17.781],[80.123,15.706],[81.525,17.229],[81.804,16.607],[81.808,16.673],[81.728,16.675],[83.202,18.431],[77.505,15.388],[77.973,15.636],[81.601,16.537],[78.591,13.423],[78.423,14.412],[81.658,16.662],[78.709,14.779],[82.782,17.826],[81.668,16.48],[81.725,16.652],[82.018,16.804],[78.742,14.575],[78.804,13.561],[79.543,13.366],[79.34,14.219],[82.314,17.092],[81.315,16.507],[79.666,16.15],[84.351,18.72],[83.521,18.691],[80.832,16.419],[83.736,18.188],[83.793,18.257],[77.412,15.251],[79.459,14.694],[82.374,17.275],[84.605,18.997],[82.881,17.704],[80.5,16.106],[83.792,18.963],[80.465,16.397],[79.293,14.299],[82.846,18.337],[82.886,17.949],[77.581,15.402],[83.477,18.641],[80.46,16.415],[78.658,13.547],[80.159,14.559],[80.152,13.989],[79.533,14.097],[80.126,15.768],[77.629,15.553],[80.263,16.098],[80.325,16.395],[79.336,13.487],[77.034,14.708],[77.303,15.261],[82.988,17.792],[83.564,18.647],[80.221,16.385],[82.707,17.876],[83.244,17.958],[81.6,16.836],[82.487,17.59],[83.077,17.755],[82.826,17.645],[79.387,13.948],[81.419,17.154],[79.138,14.685],[78.216,15.659],[78.638,15.374],[81.094,17.672],[82.23,17.545],[82.202,17.564],[82.227,17.554],[80.206,15.786],[80.253,16.29],[79.463,13.418],[80.153,13.795],[84.218,18.783],[79.613,13.975],[83.396,18.005],[83.385,17.999],[82.642,17.723],[79.48,14.592],[82.728,17.412],[83.842,18.457],[83.901,18.76],[79.559,14.999],[81.806,16.987],[79.717,14.702],[80.768,16.154],[82.106,17.201],[80.976,16.608],[78.863,13.599],[82.017,16.538],[80.733,16.935],[80.217,16.227],[77.821,15.462],[80.226,16.164],[82.053,16.872],[77.538,14.626],[80.759,16.497],[78.647,13.19],[78.569,15.845],[80.355,16.065],[83.539,18.034],[81.977,16.485],[82.864,17.887],[82.585,17.728],[82.037,16.559],[79.381,16.104],[81.15,16.298],[79.297,15.7],[81.768,17.253],[81.227,16.922],[81.767,16.819],[77.832,13.978],[81.793,16.506],[80.497,16.181],[81.998,16.783],[78.052,15.388],[77.535,14.069],[78.66,14.216],[82.904,17.556],[78.233,13.604],[81.582,16.382],[76.99,14.722],[81.988,16.734],[81.891,17.292],[83.297,18.659],[78.117,13.674],[78.344,15.639],[79.154,14.316],[81.491,16.386],[82.706,18.177],[81.358,17.694],[81.413,17.742],[79.492,15.415],[79.862,15.026],[79.417,15.282],[79.562,15.278],[79.57,15.786],[83.602,18.26],[82.048,16.986],[80.361,16.519],[82.488,17.242],[82.287,17.278],[81.299,17.191],[81.211,17.492],[83.591,18.789],[83.177,18.434],[83.54,18.861],[83.755,18.623],[78.012,15.335],[81.926,17.075],[78.647,14.1],[80.28,15.88],[79.329,14.529],[79.76,15.416],[79.482,14.758],[83.312,18.039],[83.428,18.19],[80.683,16.813],[79.402,14.429],[81.946,16.477],[79.417,15.022],[83.218,17.948],[81.154,17.217],[79.56,15.814],[79.712,15.582],[77.605,15.196],[80.654,16.353],[77.086,14.355],[82.07,17.1],[81.888,16.864],[80.631,16.668],[81.986,17.161],[83.045,17.741],[83.212,18.168],[78.261,14.356],[78.862,14.454],[78.241,15.649],[77.6,14.889],[80.712,16.58],[79.969,15.324],[77.971,15.462],[80.816,16.529],[83.933,18.554],[84.083,18.302],[82.411,17.388],[77.999,14.017],[78.367,15.079],[78.609,15.044],[79.364,15.833],[80.693,16.038],[81.982,17.377],[81.025,16.79],[79.213,15.819],[77.61,13.934],[83.29,18.015],[81.772,17.21],[81.207,17.017],[82.832,17.707],[82.041,17.395],[81.757,17.261],[79.222,13.62],[80.384,16.24],[82.923,17.761],[79.791,15.991],[82.817,17.77],[80.772,16.918],[80.522,16.235],[83.281,17.971],[82.906,17.915],[83.961,18.772],[77.744,15.338],[83.269,18.414],[77.233,14.976],[77.67,14.849],[79.705,15.402],[78.613,14.109],[77.603,14.554],[79.717,16.131],[77.387,14.77],[81.03,16.337],[82.358,17.639],[77.73,13.806],[77.799,15.342],[77.822,14.208],[81.632,16.817],[81.746,16.689],[78.61,14.262],[80.164,16.866],[78.448,15.104],[83.26,18.365],[80.578,16.848],[77.137,13.861],[84.691,19.155],[84.271,18.588],[77.483,15.506],[83.81,18.499],[81.361,17.168],[77.121,13.947],[82.007,16.96],[84.587,19.017],[77.766,14.164],[83.709,18.626],[83.773,18.611],[83.162,18.53],[81.837,17.209],[79.731,15.578],[81.55,17.209],[80.206,16.743],[78.509,13.909],[82.292,17.083],[78.564,13.895],[83.659,18.989],[78.724,13.784],[78.94,14.923],[81.381,16.999],[81.832,16.755],[79.6,15.298],[80.44,16.228],[81.698,16.995],[79.965,13.623],[95.855,27.568],[95.824,27.597],[95.82,27.61],[95.876,27.558],[94.672,28.278],[94.775,27.882],[93.529,27.065],[96.137,27.917],[94.848,27.899],[95.729,27.131],[94.674,28.342],[94.68,28.028],[93.797,27.211],[93.799,27.255],[94.894,27.745],[96.801,27.884],[96.64,28.004],[95.021,28.167],[96.69,28.038],[96.183,27.918],[95.026,28.371],[94.836,28.155],[96.167,27.984],[95.904,27.862],[94.819,28.144],[94.977,27.77],[96.338,27.847],[96.024,27.889],[95.7,28.536],[95.897,27.565],[94.714,28.012],[94.714,28.001],[95.682,27.092],[95.027,28.642],[95.34,27.943],[94.859,28.189],[95.616,28.042],[95.814,28.949],[94.237,28.025],[94.547,28.022],[95.048,28.259],[93.221,27.161],[94.178,28.03],[94.848,28.34],[94.303,27.979],[94.142,28.595],[95.298,27.947],[93.703,27.009],[94.834,27.918],[94.464,27.974],[96.218,27.948],[95.047,27.796],[95.108,27.827],[95.054,27.793],[94.9,27.751],[95.094,27.811],[93.507,26.969],[95.919,27.499],[96.09,27.458],[95.842,27.2],[96.061,27.566],[95.897,27.477],[93.13,27.21],[93.069,27.238],[93.011,26.961],[93.01,26.961],[94.344,27.935],[93.71,27.011],[94.253,28.004],[95.535,27.082],[94.367,27.92],[94.482,28.062],[94.679,27.977],[95.854,27.587],[92.986,27.318],[93.468,28.033],[93.034,27.243],[95.043,28.62],[93.049,27.242],[95.307,27.896],[95.326,28.058],[95.307,28.103],[93.435,27.929],[94.128,28.039],[95.282,27.909],[93.607,27.056],[94.25,28.0],[93.831,27.572],[95.47,26.98],[94.996,28.197],[94.995,28.201],[93.832,27.552],[94.879,28.213],[91.897,27.562],[95.012,28.675],[92.159,27.056],[93.94,26.623],[92.065,26.228],[92.534,24.99],[92.314,26.17],[92.296,26.25],[94.608,27.31],[95.216,27.362],[94.127,26.529],[91.446,26.066],[90.796,26.474],[90.714,26.431],[91.366,26.071],[90.714,26.416],[90.193,26.306],[90.322,26.036],[93.413,26.871],[90.445,26.013],[91.203,26.3],[90.114,26.266],[90.89,26.437],[91.069,26.019],[92.881,26.712],[92.557,24.405],[91.048,25.985],[90.336,26.032],[94.825,27.297],[93.098,26.708],[92.714,26.135],[92.034,26.427],[95.339,27.461],[91.815,26.307],[91.499,26.029],[91.888,26.512],[91.656,26.262],[94.415,27.262],[92.824,26.697],[91.488,25.969],[95.554,27.424],[95.086,27.298],[90.581,26.618],[94.255,27.211],[90.876,26.598],[89.801,26.15],[94.028,26.936],[90.204,26.289],[93.199,25.859],[94.763,27.514],[93.966,26.343],[95.146,27.358],[90.086,26.193],[94.83,27.023],[95.248,27.141],[92.983,25.916],[92.311,26.66],[92.02,26.211],[89.969,25.581],[92.64,24.53],[91.888,26.337],[95.656,27.654],[90.569,26.666],[89.952,25.587],[95.747,27.701],[94.691,27.109],[93.197,25.774],[93.187,25.773],[89.977,25.637],[93.088,26.101],[91.673,26.477],[90.296,26.254],[90.298,26.254],[91.08,26.287],[91.409,26.519],[91.083,26.466],[89.862,25.773],[94.615,27.339],[89.864,25.7],[90.623,26.603],[94.575,27.358],[91.225,26.445],[91.078,26.524],[91.115,26.501],[90.374,26.754],[91.223,26.445],[90.658,26.552],[94.752,27.239],[90.563,26.605],[90.606,26.549],[91.306,26.291],[92.308,24.477],[92.68,24.694],[92.293,26.149],[92.691,26.64],[93.163,26.89],[95.726,27.937],[92.879,26.855],[89.786,26.155],[91.141,26.275],[94.057,26.674],[92.275,24.278],[92.961,24.538],[95.249,27.141],[95.141,27.133],[94.796,27.0],[94.632,27.107],[93.128,24.89],[94.626,27.113],[92.816,24.635],[92.25,24.529],[91.11,26.595],[91.681,26.538],[93.198,26.722],[94.55,26.995],[92.507,24.819],[93.721,26.947],[95.77,27.604],[94.625,27.158],[93.845,26.11],[91.315,26.264],[92.204,26.328],[91.923,26.637],[94.962,27.215],[91.775,26.488],[92.866,26.018],[93.079,25.972],[95.862,27.832],[91.478,26.313],[91.246,26.434],[95.103,26.972],[91.798,26.283],[91.796,26.285],[94.67,27.135],[90.05,26.476],[90.486,26.675],[90.498,26.656],[89.952,26.53],[92.615,24.963],[94.118,27.186],[91.689,26.696],[89.881,25.646],[91.364,26.328],[95.232,27.112],[89.882,25.661],[91.396,26.647],[93.052,24.969],[89.94,25.658],[89.941,25.659],[89.929,25.661],[92.36,24.657],[95.728,27.661],[92.636,24.434],[91.322,26.264],[90.633,26.397],[92.816,26.623],[92.307,24.812],[94.029,27.033],[91.354,26.255],[92.543,24.47],[94.359,26.868],[92.334,24.709],[89.88,25.583],[91.72,26.037],[91.971,26.204],[90.196,26.355],[90.458,26.032],[92.114,26.154],[92.101,26.147],[93.955,26.669],[92.116,26.149],[95.208,27.167],[92.247,26.563],[92.66,26.157],[92.612,26.291],[92.227,26.755],[92.231,26.837],[92.57,24.916],[92.468,24.437],[92.259,24.492],[92.844,26.621],[95.661,27.683],[89.751,26.19],[91.664,26.337],[91.401,26.091],[95.082,27.742],[94.51,27.185],[94.352,27.275],[92.88,25.991],[94.267,26.959],[93.996,26.768],[94.39,26.883],[91.416,26.359],[94.296,27.073],[95.567,27.29],[91.228,26.563],[95.844,27.42],[92.931,24.895],[91.045,26.479],[92.528,26.772],[94.916,27.655],[90.19,26.276],[94.591,27.612],[94.693,27.652],[95.025,27.702],[94.972,27.667],[90.438,26.01],[92.734,26.662],[93.731,26.448],[92.879,25.853],[92.013,26.221],[92.55,26.474],[92.681,25.844],[94.573,27.09],[92.821,24.886],[90.352,26.258],[91.841,26.264],[94.259,27.23],[92.253,26.605],[91.069,26.313],[91.411,26.351],[92.097,26.153],[91.12,25.971],[92.5,24.168],[94.031,26.816],[93.894,26.543],[94.469,27.135],[90.162,26.456],[90.759,26.065],[90.734,26.096],[90.672,25.979],[94.086,27.056],[94.505,27.18],[92.573,26.286],[92.253,24.556],[94.282,27.349],[90.233,25.991],[90.325,25.985],[89.962,26.494],[91.794,26.309],[94.596,27.12],[94.042,26.685],[92.409,24.429],[90.093,26.201],[91.134,26.311],[91.292,26.333],[91.278,26.684],[94.29,26.967],[93.317,25.819],[92.645,24.571],[91.41,26.609],[91.524,26.563],[91.065,26.062],[94.999,27.166],[91.042,26.311],[94.303,26.986],[91.395,26.334],[93.874,27.148],[93.219,26.582],[92.618,26.341],[92.428,24.623],[91.143,26.329],[92.978,26.737],[91.846,26.383],[91.926,26.473],[92.579,26.385],[92.436,25.765],[91.209,26.356],[91.156,26.488],[91.639,26.571],[92.975,26.876],[91.549,26.73],[94.149,26.947],[91.87,26.289],[92.303,24.537],[94.045,27.292],[93.182,25.726],[90.478,26.334],[92.243,24.529],[91.894,26.853],[92.183,26.651],[90.449,26.323],[92.535,24.993],[90.624,26.335],[91.51,26.617],[90.619,26.256],[92.76,24.674],[92.023,26.549],[92.886,26.716],[90.662,26.326],[91.641,26.575],[92.005,26.138],[92.008,26.141],[92.958,26.732],[92.001,26.171],[92.307,26.118],[90.672,25.979],[94.974,27.734],[95.268,27.187],[94.572,27.341],[92.222,26.351],[91.695,26.713],[92.413,24.82],[92.781,24.647],[94.219,27.448],[90.305,26.223],[90.739,26.043],[94.338,27.258],[94.295,27.218],[92.296,24.42],[90.328,26.536],[94.957,27.684],[94.953,27.677],[90.612,26.303],[95.74,27.586],[92.734,26.678],[92.243,26.16],[90.878,26.526],[94.948,26.962],[91.856,26.421],[95.078,27.308],[94.304,27.304],[92.584,25.892],[90.014,26.455],[89.751,26.192],[90.361,26.574],[90.623,26.337],[91.603,26.102],[94.583,27.113],[90.369,26.279],[92.782,25.982],[90.616,26.322],[90.619,26.32],[94.98,27.712],[92.689,26.261],[94.926,27.622],[90.928,26.453],[95.032,27.673],[90.748,26.29],[91.299,26.684],[94.136,27.259],[95.193,27.732],[94.964,27.656],[92.663,26.067],[94.394,26.882],[94.222,27.095],[92.934,24.897],[89.867,26.482],[89.787,26.129],[91.618,26.388],[90.223,26.333],[95.223,27.178],[95.723,27.909],[93.076,26.267],[92.521,26.128],[89.979,25.836],[90.363,26.538],[91.489,26.593],[91.091,26.3],[93.784,26.973],[93.777,27.005],[93.722,26.98],[90.648,25.965],[93.859,26.574],[91.054,25.919],[92.583,26.336],[92.648,26.303],[94.715,26.987],[92.324,26.197],[92.891,26.739],[92.721,25.657],[94.234,27.506],[94.369,27.529],[94.769,27.657],[84.69,25.287],[85.429,26.57],[84.875,24.738],[84.102,25.62],[85.044,24.538],[84.582,25.95],[85.681,26.665],[85.05,25.144],[85.996,25.916],[84.262,25.359],[85.296,25.366],[85.332,25.054],[86.146,25.67],[83.52,25.145],[83.661,24.961],[85.907,25.632],[85.63,25.057],[84.837,25.153],[85.952,25.627],[87.566,25.92],[85.774,25.102],[85.324,26.522],[86.442,25.438],[85.335,26.576],[85.324,24.983],[85.925,25.186],[85.241,26.46],[84.179,25.207],[85.251,25.805],[84.24,25.091],[85.609,25.34],[84.47,24.487],[85.222,24.788],[83.736,25.108],[87.328,25.876],[87.09,25.205],[86.023,26.656],[83.567,25.089],[83.57,25.088],[85.07,26.278],[83.72,24.978],[86.997,25.12],[85.346,26.052],[83.698,24.936],[86.282,25.402],[85.597,25.782],[85.625,26.647],[86.095,25.904],[84.668,26.256],[86.052,25.717],[85.142,25.714],[85.694,26.405],[84.845,25.946],[86.575,25.821],[84.155,26.184],[84.614,25.959],[84.126,26.528],[84.452,26.235],[86.537,25.152],[84.293,26.21],[86.309,25.892],[86.65,25.215],[85.067,26.353],[86.58,25.131],[84.671,26.653],[86.5,25.096],[84.569,26.162],[87.042,25.254],[86.343,24.971],[85.161,26.638],[86.451,24.545],[86.203,24.902],[86.682,25.48],[86.384,24.847],[86.548,26.402],[87.009,25.591],[84.304,26.022],[85.793,25.963],[84.94,26.836],[86.007,25.15],[85.435,25.709],[85.063,26.835],[85.611,24.752],[85.21,25.734],[83.982,24.903],[87.232,25.818],[84.255,27.003],[84.923,26.955],[87.441,26.403],[85.688,25.208],[85.652,24.735],[84.011,25.25],[86.161,25.104],[84.011,27.237],[85.402,25.894],[86.479,25.957],[86.982,26.023],[87.511,25.983],[84.466,24.457],[86.083,25.1],[84.199,25.147],[87.309,26.226],[84.175,25.296],[86.095,25.798],[84.044,25.278],[84.457,26.787],[84.882,24.71],[86.794,26.096],[83.852,24.926],[87.931,26.29],[83.898,24.97],[87.179,26.028],[86.197,25.057],[87.235,25.103],[85.701,25.433],[86.114,25.155],[86.0,25.341],[86.63,25.733],[84.31,26.402],[85.583,25.567],[84.353,26.32],[85.455,24.807],[83.771,24.571],[84.574,24.638],[84.003,25.366],[87.165,26.006],[87.187,25.396],[86.241,25.001],[86.186,25.073],[87.095,25.089],[83.49,24.715],[86.882,24.964],[86.989,24.63],[87.038,24.883],[85.241,26.006],[85.218,25.979],[87.454,25.234],[86.439,25.692],[86.689,25.833],[86.39,25.681],[86.09,25.107],[85.807,25.702],[85.017,25.035],[84.348,26.51],[84.268,24.649],[84.007,25.312],[84.181,25.312],[85.301,25.669],[84.377,24.973],[84.46,25.053],[84.616,26.626],[84.45,24.716],[84.322,26.893],[85.745,26.458],[85.237,24.83],[84.541,24.607],[86.825,25.868],[85.266,26.698],[86.243,25.158],[85.143,25.696],[85.256,24.784],[87.233,25.784],[84.309,25.433],[84.103,26.437],[84.761,25.937],[85.032,24.507],[84.747,26.098],[85.438,26.413],[84.21,26.145],[85.073,25.439],[85.008,25.025],[84.848,25.128],[87.409,25.908],[87.823,26.095],[86.856,26.282],[87.659,25.797],[86.743,25.121],[86.814,25.117],[86.193,25.198],[86.7,25.227],[87.918,26.403],[84.613,26.557],[85.344,26.048],[84.86,25.627],[86.945,25.513],[87.718,26.185],[87.007,25.574],[87.552,25.75],[84.478,24.803],[87.15,25.134],[87.737,26.156],[85.595,24.711],[86.376,24.5],[85.74,24.914],[84.531,25.164],[85.662,25.903],[84.105,26.223],[85.956,25.643],[86.734,25.556],[85.885,25.81],[86.13,24.719],[84.291,26.034],[86.047,25.663],[84.722,26.759],[84.246,27.103],[83.947,27.292],[87.927,26.341],[84.683,27.023],[87.817,25.633],[86.664,25.509],[86.094,25.448],[86.116,25.9],[85.408,26.215],[84.219,27.191],[86.791,25.534],[87.036,26.066],[86.029,26.409],[85.362,25.731],[84.544,26.971],[87.491,25.968],[84.325,25.526],[85.251,25.787],[85.533,25.783],[85.259,24.771],[85.93,26.609],[86.186,26.367],[84.559,24.715],[84.103,26.425],[86.323,26.393],[84.072,26.43],[84.643,25.959],[83.94,26.52],[84.364,25.64],[84.842,26.302],[84.879,25.813],[86.683,24.942],[84.575,25.581],[86.559,25.0],[86.511,25.372],[84.882,26.13],[86.697,24.935],[86.794,25.959],[86.556,25.295],[85.367,24.928],[86.558,25.939],[85.518,25.251],[86.79,25.196],[86.67,25.978],[86.701,26.041],[86.689,24.978],[85.959,24.791],[84.984,24.583],[87.039,25.338],[84.582,27.108],[84.733,26.263],[87.023,26.326],[85.068,24.896],[86.748,26.128],[85.592,25.918],[84.358,26.48],[85.247,26.744],[85.913,26.593],[87.282,25.927],[84.163,26.204],[85.571,25.984],[84.542,24.727],[87.614,25.717],[84.415,27.071],[84.623,26.184],[85.027,25.082],[84.986,25.173],[84.662,26.986],[85.053,25.086],[84.728,25.675],[85.626,25.454],[85.624,25.444],[84.391,27.082],[85.699,26.302],[85.039,26.325],[85.163,25.927],[86.783,26.448],[86.682,26.196],[87.382,25.584],[85.722,25.355],[87.288,26.082],[86.81,25.529],[86.871,24.923],[84.983,25.525],[85.469,25.055],[85.901,25.178],[86.4,25.461],[86.842,25.578],[85.792,24.999],[85.922,25.243],[84.148,24.918],[84.579,24.854],[84.668,24.808],[84.642,26.699],[86.333,24.889],[84.191,25.292],[84.613,25.138],[84.189,24.983],[85.911,25.537],[84.733,25.134],[84.629,25.113],[87.388,25.557],[86.376,25.435],[84.697,24.947],[87.031,25.514],[86.699,25.997],[87.826,26.191],[85.332,24.713],[88.023,25.541],[83.892,25.431],[85.952,26.439],[86.651,25.82],[87.428,26.165],[85.2,26.76],[86.494,26.468],[83.795,24.861],[87.399,25.662],[87.366,26.313],[86.157,26.144],[83.919,25.499],[85.483,24.93],[85.705,24.981],[83.944,24.882],[82.743,21.751],[83.395,21.72],[82.488,21.864],[81.391,20.657],[82.149,19.182],[81.038,21.285],[81.874,21.159],[81.344,22.089],[81.88,19.177],[83.825,22.331],[81.919,21.222],[83.538,23.333],[82.97,22.861],[80.91,20.656],[80.878,20.581],[83.384,23.078],[81.049,20.834],[80.821,20.7],[83.407,23.193],[80.469,20.158],[82.24,21.87],[83.569,22.933],[81.392,20.302],[81.963,22.977],[80.822,21.178],[82.093,21.975],[84.148,22.931],[82.194,22.181],[80.907,21.216],[81.519,21.974],[81.022,20.426],[82.281,21.958],[82.451,22.176],[81.852,22.273],[83.342,22.778],[81.37,20.545],[81.338,20.52],[80.562,19.937],[81.142,20.471],[81.753,18.925],[83.04,22.919],[80.749,18.481],[81.681,20.254],[81.51,20.073],[83.438,22.578],[81.512,20.994],[83.762,22.372],[83.427,22.661],[83.172,22.944],[83.552,22.767],[81.017,20.868],[81.934,21.907],[82.001,23.074],[84.365,22.94],[83.87,22.65],[83.251,23.933],[84.074,23.054],[81.337,21.289],[82.68,19.942],[82.694,19.937],[82.849,22.06],[82.976,22.252],[82.78,22.207],[83.285,22.823],[81.591,21.973],[82.495,23.42],[82.553,22.648],[81.555,18.353],[83.517,23.782],[83.192,22.951],[82.501,22.883],[81.048,21.601],[82.398,21.124],[83.399,22.661],[83.411,22.699],[81.503,21.53],[82.701,19.955],[82.56,19.915],[81.385,21.878],[81.709,20.601],[83.815,22.857],[83.561,22.358],[81.915,20.357],[81.807,21.927],[81.988,20.263],[82.481,22.539],[81.152,18.363],[81.834,20.255],[83.672,23.631],[84.009,23.268],[81.486,18.801],[81.296,21.412],[82.582,21.495],[81.411,18.689],[83.043,21.363],[82.298,21.55],[83.027,21.475],[82.173,20.945],[82.122,20.804],[83.847,23.086],[81.364,19.007],[82.165,20.696],[82.07,20.607],[81.442,18.975],[82.938,21.563],[81.683,19.614],[81.173,19.763],[82.283,20.928],[81.758,21.507],[81.929,20.988],[81.49,21.271],[84.031,23.038],[81.995,20.796],[82.29,20.888],[81.292,19.754],[81.592,19.801],[81.656,23.653],[83.505,22.796],[82.607,21.637],[81.733,20.094],[83.731,22.341],[80.579,20.756],[83.354,21.825],[80.918,21.307],[81.29,18.762],[81.414,20.972],[82.146,21.084],[83.419,23.482],[81.392,18.648],[83.616,23.334],[81.218,19.647],[83.493,21.914],[83.293,23.84],[82.977,23.85],[81.637,21.024],[81.834,20.975],[83.44,21.904],[81.752,21.307],[81.722,21.462],[82.927,22.344],[81.712,23.551],[81.856,21.9],[82.713,22.02],[82.439,21.812],[83.97,23.343],[83.033,22.095],[81.914,19.84],[81.826,19.73],[81.75,21.349],[81.654,22.195],[83.037,23.015],[81.328,21.417],[83.063,23.343],[82.795,23.004],[83.331,23.589],[80.948,18.577],[82.856,23.332],[82.95,23.532],[81.351,21.623],[81.695,20.115],[81.974,21.926],[80.881,20.721],[83.047,21.636],[81.528,20.97],[81.862,18.58],[80.822,18.976],[82.459,21.166],[81.664,19.454],[82.93,23.264],[81.453,18.252],[81.266,20.567],[82.796,23.138],[81.972,22.176],[82.028,22.098],[82.774,23.271],[82.64,22.863],[82.158,19.409],[81.484,20.976],[83.446,22.613],[82.045,23.411],[82.474,23.309],[82.074,23.418],[82.617,23.193],[82.56,23.479],[81.742,23.677],[82.381,23.083],[81.826,23.746],[81.182,18.872],[82.889,23.074],[83.182,22.974],[82.477,23.482],[83.055,22.758],[82.703,21.684],[81.744,23.568],[83.397,21.362],[83.147,21.983],[81.655,18.901],[81.52,19.195],[80.31,18.69],[82.346,20.96],[83.325,22.621],[82.521,22.916],[81.94,21.83],[82.439,22.905],[83.266,22.307],[81.88,22.852],[83.343,21.893],[82.547,20.965],[81.479,18.159],[83.424,23.019],[81.534,20.458],[81.813,21.986],[81.902,21.917],[80.35,18.924],[80.32,18.912],[81.208,20.407],[80.831,19.033],[81.108,20.265],[82.524,23.11],[80.93,19.092],[81.684,23.812],[80.964,20.132],[81.592,22.385],[82.348,21.436],[81.967,21.84],[83.56,22.852],[81.038,18.747],[81.081,20.06],[81.681,21.817],[80.794,18.906],[81.708,22.101],[81.349,20.866],[81.259,21.402],[82.043,22.656],[81.055,20.636],[81.125,18.863],[82.13,21.504],[81.248,20.419],[81.958,22.801],[82.847,23.916],[82.014,19.27],[82.794,22.977],[82.785,23.011],[82.99,23.857],[82.131,21.924],[82.184,22.743],[81.342,21.32],[82.051,22.385],[82.994,21.928],[82.931,21.848],[82.968,21.795],[82.266,21.848],[82.274,22.136],[81.353,20.244],[81.827,22.757],[83.124,23.193],[81.358,21.501],[81.474,21.296],[81.402,20.467],[82.979,23.118],[82.965,23.14],[82.998,23.407],[83.172,21.703],[82.309,21.969],[82.02,22.865],[83.115,23.678],[81.551,20.515],[81.566,19.196],[82.747,23.15],[81.651,20.955],[83.011,23.216],[82.04,22.918],[82.779,21.487],[82.888,21.817],[81.652,20.954],[82.467,21.295],[81.359,22.067],[81.253,21.986],[82.79,23.44],[81.989,22.035],[81.873,22.075],[81.133,20.16],[83.344,21.866],[81.756,21.808],[81.199,21.346],[83.371,22.151],[81.217,21.305],[81.481,20.743],[81.719,20.788],[82.191,20.676],[81.426,21.561],[83.487,23.345],[82.304,22.564],[82.709,22.59],[81.661,21.582],[82.198,22.738],[81.6,21.983],[82.265,22.489],[82.041,22.771],[83.209,21.719],[82.134,22.808],[82.935,23.288],[82.859,23.271],[82.598,22.97],[80.954,20.499],[81.731,22.043],[81.373,21.828],[81.568,21.634],[81.471,21.923],[81.587,18.689],[82.785,21.424],[81.279,21.067],[81.772,19.71],[81.91,19.737],[81.433,22.106],[81.474,22.366],[81.283,21.758],[81.37,22.261],[81.659,22.085],[81.377,21.861],[81.95,22.54],[83.326,22.191],[81.175,22.005],[82.082,22.962],[83.09,23.799],[82.529,21.194],[81.712,18.881],[81.436,20.779],[81.331,20.302],[80.692,20.804],[81.401,21.82],[82.257,21.895],[81.747,22.106],[81.856,22.084],[81.253,21.781],[81.456,22.071],[82.295,21.942],[81.74,22.543],[81.721,22.548],[81.346,18.301],[81.912,20.744],[81.024,20.921],[81.845,22.102],[80.801,18.857],[82.271,21.44],[80.922,20.485],[82.021,19.164],[82.062,23.461],[82.435,22.232],[81.27,21.134],[81.278,20.802],[81.507,21.18],[81.249,19.641],[81.219,19.749],[81.349,19.611],[81.429,19.693],[81.935,19.367],[81.338,19.491],[81.021,22.078],[81.844,21.398],[82.876,22.088],[82.624,22.254],[73.919,15.611],[74.157,15.481],[74.155,15.481],[73.997,15.192],[73.942,15.249],[73.938,15.218],[73.939,15.308],[74.003,15.208],[73.953,15.25],[73.983,15.174],[73.852,15.659],[73.941,15.575],[74.002,15.456],[74.012,15.367],[73.904,15.395],[73.999,15.466],[73.926,15.257],[73.968,15.217],[74.037,15.294],[73.897,15.698],[69.695,21.94],[69.907,21.575],[70.018,21.46],[69.559,21.69],[69.89,21.558],[69.668,21.648],[70.838,21.437],[69.622,21.69],[72.88,22.375],[73.66,21.87],[73.198,20.754],[73.058,20.736],[73.185,20.787],[73.219,20.795],[73.376,21.251],[72.95,20.978],[73.435,21.007],[73.578,21.076],[73.471,21.121],[73.465,20.891],[73.382,20.986],[70.891,20.919],[72.841,20.929],[72.889,21.044],[72.997,21.02],[72.916,22.446],[72.929,20.751],[71.8,21.641],[71.717,21.269],[70.498,21.455],[71.854,21.31],[73.062,21.526],[73.679,23.024],[72.261,22.497],[73.514,23.52],[72.411,22.786],[73.674,23.398],[72.801,22.365],[73.502,21.824],[72.555,22.504],[73.703,23.137],[73.759,23.176],[73.486,23.182],[72.882,22.584],[72.639,21.162],[70.212,21.093],[73.658,23.441],[73.016,22.65],[73.143,22.654],[72.897,20.475],[72.962,20.642],[73.061,22.684],[72.71,22.472],[73.067,22.631],[73.858,23.304],[72.952,20.298],[73.077,23.558],[72.98,20.467],[73.945,23.165],[73.665,21.974],[72.954,23.275],[73.165,20.95],[71.792,21.858],[73.315,23.466],[72.047,21.366],[73.273,23.39],[72.621,23.246],[73.096,22.846],[73.29,22.719],[73.306,22.768],[73.491,21.602],[73.312,22.726],[73.169,21.985],[73.17,21.073],[72.268,23.615],[70.688,21.512],[72.868,23.208],[73.007,20.472],[72.94,20.421],[73.082,21.26],[73.081,24.469],[72.807,23.455],[72.653,23.464],[74.041,22.206],[73.03,24.37],[73.322,22.533],[73.281,23.165],[72.407,23.153],[71.013,21.984],[72.845,23.039],[72.574,23.302],[72.526,23.386],[73.518,23.587],[72.959,23.161],[73.869,22.674],[71.105,22.015],[69.762,22.214],[72.438,23.064],[72.665,23.372],[70.896,20.811],[73.288,23.579],[72.025,22.908],[72.185,22.422],[74.173,22.755],[74.059,23.018],[70.682,21.292],[70.187,21.458],[73.293,23.684],[73.745,21.952],[71.061,20.754],[70.619,20.889],[70.684,21.039],[70.814,20.826],[71.772,22.503],[73.955,21.508],[73.699,21.91],[73.7,21.799],[73.789,23.191],[71.366,22.135],[73.638,23.294],[73.603,23.343],[70.849,22.068],[71.559,22.51],[72.739,23.886],[73.627,20.695],[73.431,23.162],[73.495,23.006],[73.078,22.06],[72.856,22.905],[73.275,22.209],[73.7,22.666],[70.262,21.165],[70.585,21.294],[73.36,22.574],[69.497,21.74],[70.643,20.779],[73.761,22.39],[70.977,20.84],[69.983,21.553],[72.515,23.711],[74.233,22.866],[74.383,22.686],[72.927,20.95],[69.647,21.774],[70.925,22.883],[73.077,23.944],[70.953,22.407],[70.562,21.932],[70.599,22.183],[70.663,22.529],[70.614,22.695],[72.993,24.161],[73.158,21.423],[70.597,22.905],[71.672,21.873],[71.568,22.2],[71.809,22.253],[71.466,21.904],[71.423,21.977],[71.488,21.828],[71.695,22.32],[73.58,22.91],[73.82,22.817],[73.853,22.99],[73.703,22.787],[73.407,22.883],[73.664,22.884],[69.178,23.407],[70.384,23.365],[73.62,22.796],[69.702,22.876],[72.136,24.287],[68.764,23.637],[68.649,23.573],[69.248,23.46],[71.496,24.105],[71.603,24.325],[70.325,22.616],[71.317,24.286],[72.15,24.585],[68.936,23.345],[72.048,24.416],[70.725,23.381],[69.686,23.309],[70.134,22.277],[70.005,22.445],[71.049,22.917],[73.558,22.501],[71.615,21.085],[72.183,21.77],[69.172,23.052],[71.749,21.624],[73.739,22.95],[73.47,22.977],[72.551,24.337],[71.606,21.489],[72.075,23.109],[71.724,21.989],[70.733,22.656],[73.938,22.217],[69.077,22.256],[71.97,22.125],[72.196,23.222],[72.258,23.571],[72.411,22.989],[68.999,23.268],[71.718,22.026],[71.486,22.222],[73.929,20.744],[73.563,20.905],[71.807,23.807],[71.381,23.858],[74.173,22.75],[74.078,22.983],[71.333,23.765],[73.537,21.414],[73.357,21.853],[72.183,23.756],[73.843,22.622],[71.144,21.487],[73.686,20.792],[72.006,23.779],[72.29,23.849],[72.273,23.818],[73.499,20.789],[73.827,20.661],[72.353,22.679],[69.831,22.131],[70.491,22.563],[71.402,22.344],[71.679,22.444],[71.902,23.037],[72.231,22.841],[71.032,20.773],[72.77,22.851],[72.961,22.949],[73.165,23.003],[73.121,22.941],[70.783,20.796],[72.558,21.959],[72.687,21.482],[72.467,23.889],[72.731,23.74],[72.783,21.685],[72.845,22.125],[72.176,23.843],[72.265,24.044],[73.475,20.735],[72.823,21.458],[71.842,21.184],[72.977,23.83],[72.068,22.952],[72.0,23.558],[73.356,24.055],[73.436,21.567],[73.411,21.884],[73.417,21.526],[70.954,22.356],[72.755,20.236],[71.788,22.333],[71.518,21.484],[70.273,22.495],[73.654,21.911],[72.745,23.082],[71.917,22.409],[73.413,20.875],[69.275,22.138],[72.863,23.116],[73.28,22.953],[72.815,23.052],[72.529,24.468],[73.249,22.489],[70.028,21.39],[71.999,24.591],[72.352,24.365],[72.306,24.542],[69.484,22.86],[71.618,23.679],[70.905,22.857],[68.75,23.499],[72.73,22.063],[73.11,21.652],[69.756,22.386],[70.104,22.459],[71.313,21.497],[72.613,22.732],[72.721,22.786],[72.778,22.39],[73.38,20.966],[73.465,22.194],[73.892,20.959],[74.25,21.471],[73.147,22.462],[69.178,22.867],[69.537,22.056],[69.361,22.029],[69.944,21.918],[71.766,24.569],[71.659,21.832],[73.008,21.348],[73.52,22.694],[73.442,22.662],[73.029,21.148],[72.894,21.363],[71.492,24.603],[69.698,22.376],[71.875,23.167],[71.304,22.798],[71.765,23.451],[69.852,23.351],[69.843,22.33],[71.198,21.743],[71.231,22.384],[74.12,22.06],[73.496,22.082],[73.909,21.962],[73.96,22.291],[74.074,22.245],[73.813,22.116],[70.745,22.369],[72.097,22.135],[69.256,21.946],[71.605,21.485],[73.046,22.148],[69.341,22.004],[69.666,22.355],[71.104,21.109],[71.104,21.54],[71.359,22.162],[70.635,22.261],[71.33,22.24],[77.036,30.184],[76.882,28.478],[75.609,29.121],[77.066,29.973],[75.304,29.606],[76.255,28.09],[76.655,30.104],[76.925,29.542],[77.056,29.421],[75.76,28.598],[76.279,28.719],[76.553,28.116],[76.414,28.339],[75.833,29.692],[77.31,30.284],[76.538,28.974],[76.981,30.387],[76.496,29.063],[76.788,29.48],[76.914,30.026],[76.751,30.279],[76.772,30.286],[77.214,30.082],[76.93,30.047],[75.053,29.662],[76.344,29.159],[76.427,29.086],[75.768,28.566],[77.01,29.454],[76.559,29.399],[76.533,29.39],[77.163,28.978],[76.987,30.348],[76.398,29.49],[76.86,29.434],[76.393,29.477],[75.401,29.363],[75.494,29.566],[77.215,27.921],[75.733,29.57],[75.611,29.623],[77.449,30.364],[76.123,29.663],[75.49,29.776],[75.602,29.614],[75.883,28.524],[76.346,30.004],[77.084,30.307],[76.349,28.683],[76.064,29.639],[76.346,29.101],[77.186,30.128],[75.913,28.5],[76.289,28.101],[76.321,29.66],[76.166,29.633],[76.154,29.558],[76.065,29.581],[75.698,29.661],[76.175,29.678],[75.906,29.602],[75.89,29.616],[76.897,30.349],[76.846,29.524],[76.217,30.142],[76.413,30.175],[75.199,29.743],[75.221,29.5],[75.785,29.64],[76.789,29.511],[76.718,29.501],[76.418,30.063],[75.546,29.552],[76.829,29.763],[76.704,28.198],[74.696,29.732],[76.492,28.393],[77.106,30.21],[75.491,29.07],[75.334,29.494],[76.473,29.872],[76.763,28.54],[77.212,30.196],[77.135,30.115],[77.075,30.141],[77.094,29.125],[76.68,28.36],[76.287,29.799],[77.205,30.131],[75.117,29.546],[76.453,29.933],[76.541,28.238],[76.098,29.099],[76.834,29.137],[77.131,30.413],[75.876,29.132],[76.142,28.862],[76.481,28.284],[77.17,30.107],[76.974,29.336],[76.577,29.009],[76.864,30.306],[77.007,30.278],[76.375,29.283],[76.812,29.943],[76.998,30.205],[77.027,30.41],[76.493,29.471],[76.013,28.893],[77.26,28.289],[76.022,29.043],[76.317,28.131],[77.02,29.314],[76.506,29.501],[76.269,29.32],[76.731,29.377],[77.186,28.006],[77.244,27.921],[76.985,27.916],[76.985,29.456],[76.567,29.442],[76.25,28.807],[77.118,29.389],[75.82,28.757],[75.612,28.633],[76.91,29.924],[76.486,29.428],[76.976,30.191],[76.447,29.8],[75.93,29.624],[76.829,28.383],[76.087,29.451],[76.029,29.449],[76.572,29.639],[76.774,28.405],[77.192,28.341],[75.688,29.714],[76.995,28.503],[77.453,27.92],[77.487,30.32],[77.018,29.6],[77.36,30.226],[76.839,29.142],[76.389,28.155],[76.232,29.604],[77.346,28.401],[76.629,28.846],[76.99,28.462],[77.066,30.406],[76.369,28.23],[77.109,28.066],[77.095,28.117],[76.136,28.722],[76.965,27.709],[75.551,28.983],[75.659,29.007],[74.89,29.879],[76.168,28.534],[76.126,28.636],[74.786,29.635],[74.831,29.918],[76.304,28.82],[76.516,29.844],[76.186,29.474],[76.446,28.245],[75.539,29.07],[76.976,30.162],[77.094,28.318],[77.07,30.036],[75.462,29.388],[76.57,28.227],[75.003,29.318],[76.004,27.836],[76.18,28.033],[74.701,29.41],[74.91,29.841],[75.592,28.936],[77.028,27.776],[75.644,28.951],[75.861,29.36],[75.938,28.961],[75.93,28.891],[75.691,28.718],[76.436,30.128],[75.797,28.495],[75.814,29.253],[77.448,28.018],[77.074,29.958],[74.786,29.606],[77.491,27.951],[74.576,29.454],[75.878,29.205],[77.016,28.93],[77.373,30.105],[76.862,29.686],[75.678,28.784],[76.883,30.14],[76.971,28.932],[76.667,29.272],[76.867,29.225],[76.232,29.497],[76.162,27.851],[75.88,28.838],[76.951,29.467],[76.762,29.932],[76.874,28.825],[76.623,28.016],[76.72,28.144],[76.258,29.927],[77.011,29.822],[77.002,29.738],[75.73,29.353],[76.601,28.129],[76.422,28.731],[75.921,29.509],[76.083,27.876],[77.023,29.807],[76.91,29.709],[76.904,28.851],[76.282,28.148],[76.932,28.806],[75.446,29.298],[77.141,29.075],[77.076,29.113],[77.343,30.104],[76.193,28.165],[77.403,30.101],[76.789,30.039],[76.891,29.031],[77.188,30.335],[76.15,29.652],[76.78,29.076],[75.547,29.185],[77.173,28.302],[76.909,28.475],[77.128,30.427],[76.719,29.336],[75.761,29.381],[75.654,29.3],[77.208,27.932],[76.693,30.13],[76.457,28.468],[77.009,28.068],[76.284,29.385],[75.585,29.097],[75.753,28.948],[76.284,29.319],[75.614,29.09],[76.183,29.308],[75.886,29.614],[77.472,28.009],[76.994,30.593],[77.489,27.944],[77.432,28.194],[76.962,28.32],[75.816,29.325],[76.295,28.044],[75.925,29.244],[75.853,29.393],[77.399,28.06],[75.654,28.67],[76.41,32.159],[76.538,32.031],[76.203,31.604],[76.307,31.671],[76.346,31.51],[76.394,31.479],[76.864,31.98],[77.685,31.515],[76.725,32.007],[75.963,32.661],[76.196,31.381],[75.856,32.147],[77.089,31.855],[77.033,31.772],[76.76,31.535],[77.653,31.418],[76.867,31.485],[77.286,31.023],[76.897,31.544],[77.459,30.898],[77.439,30.922],[77.433,30.922],[77.167,31.288],[77.055,31.82],[77.303,31.743],[76.605,31.685],[77.017,31.432],[77.089,30.847],[76.32,31.98],[76.937,31.932],[77.108,30.996],[76.095,31.747],[76.948,31.058],[76.155,31.601],[76.557,31.681],[76.015,31.864],[76.716,32.45],[76.187,32.909],[76.671,31.155],[77.022,31.0],[76.514,31.83],[76.441,31.667],[76.333,31.513],[76.379,31.673],[76.176,32.028],[76.62,31.371],[76.057,31.654],[77.501,31.31],[76.746,31.085],[77.331,30.896],[76.559,31.833],[76.552,31.817],[76.576,31.298],[77.328,30.783],[76.475,31.475],[76.402,31.557],[76.562,31.738],[76.431,31.515],[76.435,31.498],[76.307,31.425],[76.422,31.562],[76.152,31.497],[76.606,31.997],[77.746,30.662],[76.711,31.165],[77.439,31.501],[77.419,31.359],[77.151,30.896],[76.913,31.106],[76.586,31.568],[76.54,31.285],[76.927,31.043],[77.724,31.102],[76.353,32.115],[78.363,31.57],[78.234,31.557],[76.595,31.581],[76.526,31.996],[76.215,32.455],[76.241,32.503],[76.308,32.644],[76.13,32.652],[76.066,32.375],[75.891,32.792],[77.337,31.556],[76.485,31.346],[76.12,31.574],[76.148,32.934],[76.236,32.755],[76.215,32.834],[77.119,31.58],[76.815,31.565],[76.739,31.428],[76.243,32.457],[76.959,31.585],[76.463,31.874],[77.43,31.27],[77.656,30.819],[77.545,30.929],[77.807,31.297],[77.545,30.918],[77.575,31.193],[77.062,31.252],[77.541,30.946],[76.486,31.538],[76.456,31.568],[77.081,31.364],[77.219,31.677],[77.084,31.691],[76.676,31.286],[76.69,31.358],[76.039,31.746],[76.031,31.7],[76.673,31.382],[76.772,31.301],[76.765,31.297],[76.691,31.373],[76.583,31.292],[76.182,31.356],[76.537,31.853],[76.543,31.293],[76.62,31.232],[77.302,31.709],[76.694,31.605],[77.297,31.728],[76.487,31.789],[77.24,30.817],[77.444,31.489],[76.398,31.463],[77.17,30.795],[76.687,31.206],[76.784,31.142],[77.458,31.618],[76.696,31.034],[75.844,32.257],[77.207,30.853],[76.162,32.652],[77.693,31.141],[76.222,32.459],[78.071,31.515],[77.28,30.992],[77.225,31.049],[77.495,30.797],[77.447,31.49],[77.405,31.528],[77.038,31.831],[76.26,31.599],[76.079,31.755],[76.966,31.718],[76.305,32.109],[77.35,30.551],[76.435,31.556],[77.224,31.911],[77.44,31.501],[76.562,31.772],[76.473,31.739],[77.174,30.668],[76.226,31.356],[77.711,30.541],[77.518,30.751],[77.107,31.427],[76.552,31.478],[77.266,30.872],[76.144,31.665],[76.011,32.787],[76.19,31.753],[77.013,32.373],[77.794,31.562],[77.29,31.232],[76.323,32.741],[76.431,31.545],[77.304,30.515],[77.465,31.999],[77.049,31.909],[77.643,31.179],[75.917,32.146],[77.026,30.966],[77.091,30.885],[76.239,32.152],[76.215,32.272],[76.343,31.727],[76.364,31.768],[76.093,32.713],[75.951,32.291],[77.368,30.647],[76.541,31.688],[77.567,30.665],[77.597,30.657],[76.378,32.065],[76.383,31.977],[76.398,31.977],[76.32,31.994],[76.341,31.99],[76.099,32.139],[76.148,32.131],[76.021,32.82],[76.688,31.946],[76.609,31.758],[76.95,30.981],[77.033,31.104],[75.696,32.165],[77.678,31.293],[76.481,32.064],[75.762,32.245],[76.331,31.933],[76.151,31.984],[75.868,32.172],[76.294,31.88],[76.139,31.982],[76.546,31.98],[75.976,32.328],[75.944,32.305],[84.605,23.358],[84.863,23.427],[87.618,24.838],[87.241,23.94],[84.753,23.439],[85.475,23.807],[85.729,24.756],[84.354,24.047],[85.127,23.118],[86.058,22.584],[85.994,22.615],[85.229,23.071],[86.105,24.487],[86.275,24.092],[85.011,24.183],[86.146,22.948],[86.142,23.799],[84.299,24.17],[84.481,24.004],[86.139,22.942],[87.321,24.955],[85.779,21.99],[84.952,24.331],[85.818,22.037],[85.415,22.529],[87.457,24.929],[85.961,22.062],[85.604,23.803],[87.294,24.724],[87.36,25.165],[85.747,22.565],[85.56,23.088],[87.421,25.181],[87.373,24.906],[85.161,23.203],[87.237,24.748],[85.84,24.279],[85.726,24.434],[85.286,23.758],[86.025,23.859],[86.26,23.89],[85.437,22.531],[85.656,22.773],[85.514,23.767],[85.438,23.128],[85.308,22.955],[86.561,23.861],[86.633,23.777],[85.234,23.601],[85.175,23.615],[86.686,24.204],[85.352,23.447],[84.97,23.23],[85.694,23.102],[84.991,23.014],[85.141,22.957],[85.145,23.55],[85.006,23.173],[84.963,23.17],[85.873,22.491],[85.845,23.211],[87.806,24.68],[85.134,23.187],[85.003,22.921],[87.559,24.086],[87.676,25.207],[87.073,24.191],[85.727,22.156],[85.175,23.155],[85.219,23.244],[84.393,22.547],[86.057,24.164],[85.951,23.548],[86.085,24.181],[86.859,24.454],[86.003,24.618],[85.921,24.692],[86.216,24.062],[85.968,24.686],[86.991,24.477],[84.827,22.643],[87.292,24.29],[87.463,24.454],[85.757,24.321],[85.82,24.349],[86.11,24.477],[86.223,24.06],[86.678,24.129],[86.646,24.073],[86.822,23.932],[86.688,23.973],[85.684,24.421],[85.023,23.435],[86.39,24.004],[87.138,24.344],[87.465,24.181],[83.441,24.244],[87.04,23.925],[83.828,23.667],[87.66,24.716],[86.62,23.997],[85.513,23.739],[86.845,24.339],[86.06,23.583],[84.097,23.947],[87.694,24.302],[87.562,24.812],[87.69,24.365],[87.599,24.359],[84.501,23.482],[87.801,24.9],[87.523,24.961],[83.628,24.476],[84.642,23.082],[87.797,24.491],[85.73,22.714],[83.598,24.305],[84.806,23.205],[87.591,24.856],[84.509,23.136],[87.772,24.88],[84.921,23.198],[85.835,23.031],[85.869,22.803],[84.207,23.947],[84.655,22.951],[83.399,24.487],[84.219,22.986],[85.839,22.791],[84.728,24.153],[84.899,22.686],[84.418,22.914],[85.551,23.82],[86.036,22.593],[84.712,23.02],[86.665,24.105],[85.17,22.478],[85.567,23.953],[87.343,24.249],[85.366,23.979],[85.749,24.298],[84.68,23.432],[85.037,23.164],[85.155,24.344],[86.621,24.03],[87.197,23.914],[85.245,23.763],[84.079,23.831],[84.709,23.861],[84.709,23.891],[84.66,23.962],[85.73,24.059],[86.564,23.942],[84.511,22.471],[87.083,24.0],[85.078,24.333],[85.413,23.838],[84.759,24.119],[86.694,22.254],[86.712,22.407],[86.423,22.428],[86.784,22.416],[87.259,23.897],[84.872,22.693],[86.584,23.903],[87.834,24.724],[86.344,23.531],[86.711,23.895],[86.655,24.466],[83.466,24.51],[86.025,23.506],[85.265,24.074],[85.286,24.021],[84.532,23.636],[84.652,23.326],[84.687,23.359],[84.464,23.808],[84.521,23.673],[85.145,23.616],[85.24,23.516],[86.746,24.568],[84.502,23.467],[86.195,23.55],[85.521,23.777],[87.81,24.732],[85.102,23.869],[85.683,23.485],[85.072,24.136],[84.644,23.01],[84.511,23.074],[85.551,23.772],[84.708,23.041],[84.735,22.901],[86.171,23.755],[84.104,23.909],[87.858,24.73],[86.311,22.781],[87.669,24.344],[86.367,22.801],[86.388,22.76],[86.424,22.99],[86.239,22.537],[86.428,22.667],[84.091,23.884],[86.168,23.526],[86.721,24.566],[86.387,23.884],[87.262,25.102],[85.719,24.769],[85.704,24.327],[85.475,23.799],[85.653,23.717],[86.338,23.463],[85.537,22.679],[87.806,24.966],[87.602,24.919],[87.584,24.932],[84.533,23.815],[84.505,23.77],[83.593,24.437],[83.697,24.213],[87.182,24.293],[87.246,24.487],[87.147,24.461],[84.753,22.969],[84.52,23.693],[83.871,24.412],[84.439,23.763],[87.423,24.12],[87.587,24.194],[87.377,24.255],[85.122,22.98],[84.843,23.119],[86.601,23.999],[84.539,24.342],[85.215,24.293],[85.55,24.435],[85.77,24.37],[85.537,23.677],[84.969,24.145],[85.204,24.126],[85.194,24.098],[84.847,23.34],[85.438,23.731],[84.772,22.752],[84.456,22.54],[84.614,23.395],[85.955,22.559],[84.65,22.73],[85.832,23.442],[84.898,23.337],[84.78,23.485],[85.726,24.435],[87.278,25.077],[85.839,23.036],[84.569,23.395],[77.359,13.456],[77.758,13.212],[77.855,13.161],[75.451,14.251],[77.956,13.317],[76.373,13.689],[76.556,13.684],[77.594,13.471],[76.798,15.189],[77.244,13.284],[77.56,13.523],[75.952,14.807],[76.278,15.446],[78.169,13.114],[78.146,13.166],[78.066,13.299],[76.541,14.804],[75.861,12.596],[77.293,16.908],[77.451,17.718],[74.819,16.025],[78.27,12.98],[77.282,13.439],[78.296,13.484],[76.536,14.892],[77.342,13.538],[76.121,14.432],[75.609,16.298],[74.599,16.174],[74.641,16.161],[74.561,16.336],[76.055,14.728],[77.003,17.834],[75.185,16.588],[75.338,14.733],[75.568,15.964],[76.486,15.696],[75.999,15.697],[77.117,17.691],[75.961,13.329],[75.85,12.438],[74.715,14.918],[75.874,13.403],[76.113,15.671],[76.869,17.708],[77.124,12.214],[75.881,12.423],[76.202,12.548],[77.079,17.588],[76.113,13.817],[76.39,12.034],[74.891,14.242],[75.291,13.436],[77.902,13.263],[78.249,13.239],[77.068,17.277],[77.058,17.621],[75.279,16.454],[75.989,14.056],[76.962,16.787],[75.952,12.707],[77.302,16.6],[75.924,12.753],[75.26,14.658],[74.263,14.88],[74.725,15.404],[76.114,16.72],[74.928,13.375],[74.75,13.291],[75.553,16.188],[78.356,13.541],[76.402,16.358],[75.898,16.345],[74.898,13.283],[75.028,13.248],[74.948,13.128],[76.657,17.58],[76.267,12.996],[75.698,16.514],[75.375,16.379],[74.531,15.352],[75.011,14.739],[74.989,15.034],[78.22,13.154],[76.621,15.695],[76.028,13.438],[77.235,16.718],[75.752,14.137],[75.607,16.164],[75.872,15.92],[75.818,13.19],[76.74,15.852],[74.952,15.61],[76.208,15.412],[74.856,15.506],[75.567,15.0],[75.301,15.716],[76.23,13.001],[75.238,15.122],[76.011,15.906],[76.116,14.605],[74.972,14.697],[76.168,16.344],[75.959,14.633],[76.213,13.843],[75.477,16.097],[77.162,12.901],[77.172,13.175],[77.269,13.088],[75.751,16.746],[77.199,12.515],[77.27,12.843],[77.097,12.268],[75.212,12.989],[75.328,12.596],[76.833,12.766],[75.886,12.124],[75.866,12.113],[75.77,12.144],[76.358,13.558],[75.749,12.334],[75.726,12.308],[75.616,12.304],[75.278,12.838],[74.946,12.892],[75.216,12.681],[77.086,13.752],[77.295,12.589],[75.96,13.997],[75.767,12.361],[75.743,12.763],[74.894,13.546],[78.021,13.019],[77.926,12.839],[75.028,14.137],[76.257,14.766],[75.318,14.078],[75.285,14.213],[77.897,13.198],[74.76,14.931],[78.058,13.572],[75.38,13.998],[76.855,16.036],[75.371,14.211],[76.98,13.112],[76.411,14.995],[75.156,15.186],[74.17,14.905],[77.513,13.24],[77.663,13.218],[75.992,12.739],[75.727,17.121],[76.06,15.7],[77.646,13.268],[75.084,14.44],[75.83,15.185],[76.55,12.846],[76.401,13.044],[75.704,12.898],[75.675,14.375],[74.686,13.797],[75.406,13.04],[74.761,13.206],[76.367,15.42],[76.586,12.485],[76.382,11.976],[75.695,15.078],[76.265,13.044],[76.642,11.921],[75.458,14.068],[76.71,12.683],[75.21,15.396],[77.211,12.481],[75.263,15.354],[75.089,14.605],[76.348,13.117],[76.22,14.018],[78.262,13.505],[77.23,12.778],[77.525,12.594],[75.055,14.197],[75.338,13.97],[75.089,14.219],[75.79,15.971],[76.241,13.473],[75.352,13.821],[75.502,15.939],[76.287,14.723],[75.715,15.042],[77.943,12.972],[75.514,15.734],[75.531,15.775],[76.197,14.573],[76.799,12.598],[76.741,15.058],[76.068,14.302],[77.358,12.356],[76.976,12.728],[76.4,16.158],[77.416,16.078],[76.711,16.319],[76.426,15.017],[76.401,15.012],[75.55,13.128],[76.404,14.6],[78.002,12.946],[76.81,12.42],[76.036,14.047],[78.493,13.268],[75.582,16.277],[78.469,13.206],[76.89,12.443],[75.538,14.236],[78.047,12.941],[75.267,14.72],[75.041,14.921],[76.564,12.008],[77.074,12.068],[77.112,13.558],[75.367,14.783],[75.464,15.702],[76.526,15.229],[75.942,16.088],[75.817,16.848],[75.904,14.955],[76.796,12.911],[77.445,12.505],[77.21,13.061],[78.54,13.225],[77.201,13.027],[75.263,15.983],[76.015,13.014],[75.919,12.958],[76.974,17.53],[75.501,14.55],[75.32,14.646],[76.463,12.878],[75.327,14.658],[77.197,13.665],[76.465,13.318],[77.24,13.544],[76.879,17.878],[77.627,13.292],[74.684,15.49],[75.267,14.636],[77.738,13.271],[74.492,16.005],[76.981,12.527],[77.737,13.31],[77.623,13.256],[76.935,12.511],[76.919,12.647],[76.243,13.84],[75.831,12.93],[76.737,14.124],[76.829,13.772],[76.774,14.163],[76.794,17.737],[76.901,14.257],[76.058,12.755],[75.743,14.561],[75.386,14.59],[77.732,13.347],[77.177,13.055],[77.134,13.696],[74.741,16.407],[76.14,13.118],[74.548,16.044],[77.167,12.147],[76.24,13.71],[75.935,12.708],[75.363,13.945],[74.791,15.992],[76.246,12.681],[77.087,12.117],[77.773,13.122],[77.939,13.22],[76.598,12.528],[78.383,13.071],[76.765,14.478],[76.745,14.497],[77.495,13.246],[77.379,13.26],[76.25,12.759],[76.687,12.897],[75.728,14.444],[75.887,13.109],[77.176,12.177],[76.868,17.876],[77.479,12.378],[74.659,15.039],[75.791,16.87],[76.643,16.468],[77.957,13.308],[77.622,12.76],[78.124,13.512],[77.074,17.777],[75.453,13.568],[77.549,13.209],[76.933,11.857],[77.476,12.479],[77.938,13.687],[77.182,18.244],[75.607,13.155],[74.954,15.213],[77.762,13.048],[77.064,12.647],[77.092,12.642],[76.747,16.16],[76.967,16.042],[78.333,12.985],[78.37,13.012],[76.667,16.746],[76.293,16.56],[74.975,15.12],[76.82,16.907],[77.248,16.725],[78.44,12.984],[78.48,13.057],[78.449,13.213],[75.145,14.746],[76.615,14.895],[75.843,14.212],[77.91,13.681],[77.27,12.884],[77.364,13.062],[76.871,12.005],[76.826,11.81],[76.275,12.145],[77.737,13.084],[77.473,13.671],[77.006,12.649],[76.487,17.064],[76.927,12.066],[76.446,11.867],[77.067,12.023],[77.384,12.842],[77.549,13.679],[77.388,12.653],[77.475,13.319],[77.478,17.472],[76.644,17.069],[74.819,13.16],[77.325,12.583],[77.29,13.371],[77.325,13.375],[77.324,12.844],[74.855,13.297],[76.06,13.77],[76.324,14.485],[77.778,13.435],[74.875,13.525],[76.802,17.095],[75.35,13.49],[76.022,15.881],[75.929,13.833],[76.956,12.924],[77.415,11.994],[75.039,15.104],[76.214,14.093],[75.715,13.687],[75.571,13.111],[75.875,13.732],[74.912,13.172],[75.633,13.072],[75.51,13.749],[76.897,17.445],[77.406,18.179],[74.903,13.476],[75.32,16.235],[75.659,15.997],[75.112,16.423],[76.91,16.506],[76.034,13.166],[76.401,14.508],[77.252,13.637],[77.004,12.644],[76.164,13.108],[77.167,13.52],[76.489,16.605],[75.813,15.387],[74.507,16.391],[76.372,12.154],[74.52,16.387],[74.519,16.391],[75.994,12.397],[76.038,12.4],[74.538,16.391],[76.176,14.797],[76.452,13.215],[75.96,12.43],[77.469,17.463],[76.761,12.64],[75.071,14.807],[75.347,16.672],[74.563,16.399],[75.372,16.701],[75.488,14.38],[75.245,16.498],[76.641,13.856],[75.63,15.389],[76.281,14.557],[75.825,15.846],[74.994,15.373],[76.674,17.293],[74.982,15.264],[77.803,13.442],[77.693,13.548],[76.177,12.372],[76.04,12.401],[75.313,16.758],[75.9,12.56],[77.58,13.438],[77.718,13.503],[76.951,17.681],[77.987,13.04],[75.287,16.813],[77.987,13.04],[76.612,11.947],[76.202,14.097],[76.942,14.117],[74.332,14.558],[78.105,13.429],[77.537,16.28],[75.796,15.39],[77.114,15.138],[76.61,13.225],[76.935,12.251],[76.381,13.572],[76.922,16.231],[76.545,11.784],[75.034,13.986],[77.697,12.883],[77.707,12.76],[77.691,13.388],[76.513,15.41],[76.147,15.313],[77.255,12.763],[76.735,13.754],[77.973,13.491],[77.408,18.095],[77.886,13.392],[75.523,12.671],[76.036,13.643],[77.797,13.18],[75.125,12.913],[76.271,15.521],[76.73,15.084],[76.684,15.128],[76.636,15.26],[76.202,15.544],[76.36,15.478],[76.364,11.913],[74.263,14.859],[76.041,14.075],[76.643,13.384],[75.325,12.792],[74.899,14.214],[77.684,13.08],[76.036,13.135],[76.059,13.6],[75.793,13.69],[76.036,13.643],[75.833,13.646],[75.699,13.248],[75.894,13.681],[74.993,15.309],[76.612,16.405],[77.338,18.268],[75.076,16.921],[77.213,12.509],[75.347,12.697],[75.021,13.83],[76.356,15.851],[76.049,16.817],[76.399,14.481],[76.832,15.997],[76.206,14.056],[76.92,15.969],[78.428,13.165],[77.847,13.121],[77.086,15.123],[77.083,15.167],[75.308,14.514],[76.381,14.951],[77.506,16.338],[76.674,16.365],[76.088,15.025],[77.366,16.622],[77.36,11.821],[76.829,12.554],[75.923,16.33],[77.225,16.923],[76.165,13.645],[77.065,14.085],[77.107,15.127],[77.562,17.894],[76.485,12.561],[75.572,14.256],[76.265,12.417],[76.977,12.331],[77.362,16.735],[76.684,12.673],[77.067,12.524],[77.073,12.562],[76.705,14.806],[76.79,15.361],[77.131,8.425],[77.111,8.398],[76.887,8.695],[76.922,8.72],[77.201,8.447],[77.04,8.424],[76.228,11.163],[77.036,8.428],[76.735,10.801],[77.026,8.429],[76.372,10.293],[76.46,10.866],[76.589,10.718],[76.312,11.668],[76.265,10.374],[76.217,10.768],[76.268,10.196],[76.021,10.761],[76.102,10.771],[76.4,10.898],[76.592,9.959],[76.823,10.825],[76.628,9.82],[76.518,10.819],[75.18,12.418],[76.643,9.296],[76.387,9.927],[76.488,9.918],[76.242,10.899],[76.436,10.858],[76.563,9.42],[76.587,9.34],[76.515,11.004],[76.64,9.022],[75.257,12.053],[76.815,10.672],[76.281,11.113],[76.409,9.984],[76.859,8.958],[76.296,11.383],[76.374,9.651],[76.452,9.857],[76.213,11.61],[75.961,10.861],[76.461,9.738],[76.415,9.832],[76.522,9.379],[76.915,8.908],[76.793,8.903],[76.592,9.363],[75.949,11.267],[75.891,11.288],[76.577,9.531],[75.964,11.283],[76.556,9.97],[76.549,10.05],[76.691,10.001],[76.045,11.723],[76.347,11.699],[76.359,11.689],[76.39,9.886],[77.074,8.34],[77.053,8.51],[77.018,8.489],[77.154,8.376],[76.531,10.753],[76.688,10.634],[76.164,10.899],[76.592,10.612],[76.877,10.755],[77.056,8.413],[76.707,10.65],[76.413,9.861],[77.011,8.627],[76.539,9.501],[75.168,12.161],[77.034,8.444],[76.331,11.698],[75.877,11.846],[77.057,8.408],[77.12,8.478],[77.155,8.396],[77.136,8.358],[76.91,8.672],[76.98,8.672],[75.062,12.484],[76.744,8.908],[76.769,9.039],[77.151,8.363],[76.396,9.93],[76.926,8.652],[75.261,12.156],[76.203,11.319],[76.262,10.743],[77.05,8.462],[75.074,12.578],[76.699,8.929],[76.826,8.884],[76.276,11.647],[76.836,8.98],[76.954,8.632],[75.167,12.215],[75.972,10.699],[76.726,9.197],[76.593,9.321],[76.259,10.288],[76.612,9.161],[76.296,10.363],[76.044,34.406],[78.488,32.819],[77.853,34.235],[76.318,34.49],[75.768,34.436],[77.548,34.072],[76.131,34.252],[76.217,34.567],[76.725,34.428],[76.237,34.575],[77.403,34.244],[79.269,32.899],[77.166,34.222],[76.336,22.216],[78.083,22.595],[75.915,22.834],[76.455,22.089],[75.343,24.464],[81.955,23.453],[75.006,24.603],[78.173,22.612],[80.792,23.89],[77.615,24.45],[74.615,22.73],[80.473,23.526],[75.084,24.565],[74.466,22.797],[81.49,23.669],[81.772,24.543],[79.098,22.472],[74.794,22.44],[82.616,23.908],[75.117,24.521],[80.296,23.582],[74.581,22.809],[79.343,24.087],[78.186,22.647],[79.242,22.449],[77.892,22.399],[80.746,23.773],[75.079,21.559],[82.028,23.35],[81.005,23.498],[81.39,23.598],[75.154,24.923],[80.364,24.319],[74.838,21.798],[74.653,23.338],[78.886,22.667],[77.558,24.298],[76.852,25.677],[77.883,22.489],[80.342,23.551],[78.98,23.709],[75.161,22.233],[80.383,23.571],[75.485,21.494],[81.617,24.905],[81.054,24.24],[77.85,24.375],[75.211,24.43],[76.413,21.902],[79.607,24.254],[81.328,23.393],[74.486,22.098],[80.587,23.521],[77.947,22.276],[79.512,22.531],[79.629,24.223],[77.805,24.429],[80.537,23.38],[76.5,23.727],[74.984,21.729],[78.06,24.283],[80.518,23.325],[79.931,21.574],[78.251,24.414],[82.748,24.613],[78.636,25.149],[76.317,21.763],[82.266,23.935],[79.512,24.032],[80.803,23.408],[78.826,25.137],[82.266,24.271],[78.864,25.18],[80.331,24.107],[80.446,23.776],[75.331,21.898],[75.66,24.169],[81.359,23.875],[77.207,24.208],[77.5,24.547],[74.999,21.593],[75.841,22.93],[82.035,24.233],[75.012,23.128],[76.518,25.647],[75.164,23.153],[81.768,23.001],[74.948,23.24],[75.893,23.859],[74.638,22.575],[74.813,23.292],[74.703,23.074],[82.632,24.312],[78.109,26.05],[75.053,22.4],[77.458,21.976],[77.334,24.596],[78.036,22.215],[74.703,23.262],[74.362,22.997],[77.188,26.184],[78.24,26.053],[76.913,24.452],[79.023,22.478],[82.101,24.483],[80.18,23.879],[75.101,22.169],[75.149,24.906],[75.986,21.503],[77.751,23.626],[80.201,23.561],[76.573,23.067],[75.385,23.292],[79.723,24.502],[75.902,23.705],[78.091,25.922],[78.081,22.284],[76.006,23.944],[76.142,23.571],[79.782,23.139],[79.791,23.147],[81.448,24.122],[77.735,24.818],[75.026,22.523],[76.857,24.105],[78.085,22.26],[80.04,23.502],[78.283,22.12],[78.754,22.029],[75.009,22.47],[82.142,24.397],[80.745,22.586],[80.183,23.986],[77.456,26.099],[79.457,22.277],[77.421,26.105],[79.708,24.177],[77.858,22.259],[80.481,21.754],[76.49,21.548],[80.816,23.268],[80.863,22.653],[77.716,21.732],[80.875,23.408],[76.538,21.376],[80.161,23.357],[81.411,25.086],[81.044,22.541],[81.527,23.49],[76.163,23.904],[78.729,26.473],[78.186,24.548],[79.512,22.791],[76.707,22.439],[79.184,25.108],[76.43,22.698],[78.594,26.677],[74.454,22.245],[79.23,24.728],[78.057,24.437],[76.039,21.468],[77.536,24.586],[77.876,26.162],[75.498,24.22],[79.435,22.637],[82.536,24.572],[78.169,23.978],[80.263,23.983],[77.824,26.301],[75.465,24.14],[78.268,25.617],[81.453,23.677],[80.187,22.479],[80.268,23.956],[78.334,25.411],[80.272,23.415],[79.365,24.651],[75.989,23.829],[80.094,25.165],[78.78,25.674],[78.926,24.109],[78.941,25.35],[78.611,25.394],[77.485,24.29],[74.459,22.537],[76.216,21.595],[78.261,22.661],[78.581,25.867],[77.679,25.063],[76.309,22.619],[77.903,24.789],[78.685,23.948],[77.735,23.952],[79.997,21.793],[75.673,22.663],[78.342,23.505],[76.403,22.888],[77.551,25.132],[81.031,24.382],[76.795,22.546],[76.782,21.801],[76.306,21.492],[82.169,24.26],[75.54,22.944],[78.542,25.874],[78.819,26.159],[74.936,22.511],[78.766,21.916],[74.864,22.464],[79.889,21.669],[78.656,25.763],[80.131,23.809],[77.333,25.485],[81.785,24.934],[76.458,22.273],[77.86,24.528],[80.566,21.951],[82.16,24.625],[79.805,22.546],[75.008,21.813],[82.647,24.415],[74.684,21.738],[75.611,22.993],[77.554,24.692],[75.842,22.909],[81.801,24.894],[78.512,25.728],[77.806,22.361],[77.564,24.731],[77.737,22.425],[79.861,22.433],[77.721,22.519],[78.374,21.594],[82.129,24.26],[80.333,24.288],[78.695,26.099],[77.282,23.037],[78.555,21.823],[75.74,21.745],[80.674,22.15],[79.078,21.999],[78.897,24.186],[79.026,22.172],[78.094,26.191],[81.718,24.918],[77.94,23.089],[78.887,25.158],[81.503,25.081],[79.226,22.182],[78.508,22.361],[78.723,25.838],[80.009,25.197],[77.659,23.994],[74.978,23.106],[80.726,22.063],[78.371,23.469],[78.374,22.161],[74.615,22.789],[76.958,25.522],[77.923,26.341],[79.119,22.021],[78.187,25.787],[76.763,25.571],[80.414,24.132],[79.916,21.696],[76.827,25.954],[76.472,21.918],[75.761,22.388],[78.551,22.612],[78.75,22.605],[76.245,22.508],[74.401,22.985],[75.545,22.675],[78.497,22.354],[80.452,25.003],[78.651,22.629],[76.952,25.972],[77.99,23.905],[77.807,26.266],[78.147,23.72],[78.005,26.636],[80.67,24.775],[75.847,22.413],[81.909,23.1],[78.074,23.851],[77.455,26.24],[76.255,23.743],[75.55,22.46],[74.297,22.133],[75.073,23.098],[75.187,23.092],[82.444,24.445],[74.329,22.468],[77.439,26.332],[77.224,24.8],[75.551,21.632],[81.689,24.226],[77.873,22.312],[77.207,24.795],[75.539,21.963],[77.332,26.153],[77.116,24.809],[78.851,25.161],[77.338,24.171],[78.102,22.603],[78.616,25.339],[78.938,25.532],[79.169,25.033],[79.162,24.969],[75.998,22.655],[76.071,22.601],[79.109,25.092],[78.898,24.901],[77.884,22.395],[75.754,22.647],[76.636,24.182],[77.338,24.227],[75.54,22.97],[80.858,23.358],[78.536,26.165],[80.846,23.395],[74.401,22.078],[75.537,24.065],[77.36,23.804],[77.362,23.742],[75.052,23.914],[79.661,22.346],[78.983,23.66],[77.839,22.37],[74.404,23.108],[76.507,24.175],[78.495,23.457],[74.975,23.068],[77.391,22.056],[77.213,22.081],[79.722,22.407],[74.675,22.352],[80.921,24.439],[80.247,21.692],[75.959,22.923],[74.535,21.762],[79.002,23.689],[77.283,25.5],[78.204,23.449],[75.44,21.407],[75.024,22.167],[77.804,22.9],[75.095,22.921],[81.072,23.207],[76.042,22.396],[82.201,24.138],[82.044,23.314],[74.53,22.49],[74.266,22.545],[75.869,22.281],[79.551,24.673],[80.383,23.575],[76.78,21.544],[76.839,23.229],[78.115,25.507],[80.111,25.156],[80.572,24.248],[76.604,21.396],[81.186,23.266],[75.785,21.637],[79.333,24.378],[74.69,23.27],[75.948,23.66],[76.01,23.862],[78.986,22.826],[80.448,24.678],[77.3,24.413],[80.41,24.697],[78.93,26.616],[76.928,23.236],[78.527,24.233],[80.192,23.605],[78.815,23.082],[78.458,22.617],[77.384,23.128],[76.349,23.706],[80.601,24.737],[75.536,22.35],[78.194,26.509],[82.086,24.733],[77.722,26.204],[80.457,24.489],[78.17,26.467],[80.885,24.844],[80.084,23.952],[81.676,24.233],[81.881,24.121],[81.596,24.089],[78.274,26.543],[75.484,23.224],[74.672,22.933],[75.393,23.085],[75.939,23.647],[76.66,23.317],[78.661,23.73],[80.956,24.844],[76.308,21.977],[76.419,23.294],[75.741,24.292],[75.759,24.265],[75.431,23.921],[75.429,23.924],[81.898,23.338],[78.389,25.568],[80.612,25.047],[77.931,21.567],[77.798,21.534],[80.3,22.651],[80.612,23.192],[82.405,24.45],[81.805,23.386],[79.544,23.832],[80.1,21.804],[80.671,23.629],[78.263,24.198],[81.531,23.693],[75.626,22.371],[80.801,22.699],[80.466,24.425],[81.787,23.359],[81.089,23.299],[77.135,25.036],[78.636,23.82],[78.201,24.122],[78.705,22.369],[80.436,23.98],[78.537,21.93],[78.467,22.932],[78.835,23.726],[77.388,24.868],[74.455,23.045],[76.213,21.607],[76.172,21.561],[74.432,22.446],[77.695,21.519],[80.819,24.799],[79.791,21.803],[77.272,23.444],[77.759,22.22],[78.51,21.772],[77.461,21.522],[75.542,22.55],[77.236,25.838],[77.398,24.293],[77.722,24.002],[80.903,24.47],[76.028,23.383],[76.474,23.295],[77.231,23.893],[78.617,22.937],[78.566,23.977],[78.737,22.319],[80.938,22.968],[76.517,23.343],[80.035,22.719],[76.611,23.24],[78.269,24.423],[77.017,22.481],[81.598,22.634],[81.649,22.651],[77.566,25.107],[74.563,22.399],[77.452,24.22],[78.521,25.579],[80.063,23.117],[78.47,26.662],[78.573,26.592],[77.29,23.08],[74.407,22.531],[81.881,24.158],[77.223,23.068],[77.806,25.844],[81.947,23.963],[79.79,23.819],[79.879,24.139],[74.818,24.549],[81.178,22.531],[76.88,21.979],[81.793,23.982],[76.485,23.426],[76.985,23.271],[78.771,22.374],[75.609,22.787],[78.985,24.722],[77.032,23.075],[78.042,25.079],[78.534,26.07],[77.902,26.331],[75.825,24.551],[75.731,24.408],[77.807,24.307],[78.741,22.505],[78.586,21.703],[78.773,22.359],[77.448,26.222],[78.458,22.22],[75.817,24.064],[78.869,22.663],[78.565,22.392],[77.859,26.564],[77.508,26.139],[77.732,26.239],[80.612,22.916],[78.839,21.842],[80.799,22.839],[81.22,22.853],[77.694,26.21],[76.529,25.534],[78.817,26.508],[78.891,26.691],[78.403,26.612],[75.226,24.361],[78.862,26.18],[78.912,23.185],[79.282,22.733],[77.93,26.339],[74.695,23.493],[77.923,26.628],[78.122,24.112],[74.191,22.065],[77.93,22.003],[77.321,23.693],[78.653,22.017],[80.49,23.885],[78.848,23.164],[82.08,23.331],[80.283,23.387],[80.652,21.724],[80.704,23.505],[78.958,22.875],[76.171,21.562],[81.471,23.025],[81.504,22.896],[81.459,22.911],[81.625,22.871],[77.836,23.354],[79.653,24.676],[77.41,25.242],[80.905,23.619],[77.603,23.384],[77.604,25.564],[79.233,22.227],[76.449,21.227],[77.067,26.107],[78.713,22.373],[81.696,24.039],[81.721,24.035],[78.311,24.387],[78.541,22.003],[77.866,26.522],[80.479,24.231],[77.744,21.54],[77.661,26.218],[76.624,24.2],[81.89,24.074],[78.458,24.024],[78.25,25.211],[77.724,25.102],[81.683,24.225],[81.691,24.23],[76.651,24.257],[77.183,23.077],[77.103,23.146],[80.914,24.858],[80.41,24.837],[82.713,24.569],[80.553,25.053],[77.087,23.065],[82.551,24.485],[82.648,23.911],[82.205,23.933],[82.406,24.02],[74.996,22.951],[81.842,24.248],[77.604,23.839],[78.408,23.052],[78.321,22.973],[77.765,23.081],[77.764,23.474],[78.571,23.559],[74.892,22.451],[78.834,23.136],[76.899,22.375],[77.851,23.076],[74.808,23.436],[80.391,24.35],[78.728,26.119],[78.41,23.052],[80.853,22.76],[80.171,22.456],[80.45,22.746],[81.948,24.041],[79.873,23.53],[80.944,22.959],[76.256,23.381],[80.695,22.489],[80.856,22.627],[80.413,22.495],[76.352,23.522],[77.92,22.328],[76.39,23.247],[79.14,24.437],[74.108,22.329],[74.508,22.466],[75.882,23.662],[77.426,23.388],[74.922,22.45],[77.251,23.715],[75.143,24.44],[75.285,24.395],[74.997,24.435],[75.136,24.964],[80.63,24.157],[77.559,23.959],[77.708,24.052],[77.64,24.463],[78.077,24.557],[77.673,24.654],[80.67,23.152],[74.892,23.36],[76.333,23.357],[74.309,22.125],[75.436,22.385],[76.385,23.429],[78.085,24.272],[75.319,22.388],[77.851,24.497],[79.278,24.596],[75.161,24.138],[77.73,24.826],[74.607,23.079],[74.492,22.786],[77.993,24.469],[77.608,21.669],[76.336,23.397],[76.552,23.303],[77.898,22.301],[77.58,22.108],[78.173,26.501],[76.689,23.355],[74.631,21.746],[79.967,23.515],[78.136,26.513],[76.259,23.616],[79.095,22.546],[78.47,22.375],[78.55,22.192],[78.908,22.232],[80.926,23.124],[78.334,22.164],[79.905,21.753],[75.892,22.411],[80.613,22.162],[81.785,24.566],[81.164,23.885],[78.917,26.117],[79.561,23.143],[74.55,22.61],[80.795,23.441],[77.43,25.223],[78.815,26.347],[77.224,22.416],[81.925,23.349],[75.271,21.73],[79.951,23.497],[75.565,22.3],[75.643,22.33],[75.898,22.04],[75.681,21.614],[75.667,24.17],[76.086,22.538],[75.783,22.087],[75.601,21.43],[79.23,24.714],[77.976,25.403],[78.589,26.304],[78.183,22.584],[77.883,25.95],[74.191,22.03],[77.249,26.185],[81.697,24.286],[78.661,24.09],[82.145,24.687],[77.316,24.256],[80.456,23.526],[74.561,22.701],[74.828,22.845],[77.798,22.348],[76.596,24.139],[79.776,23.838],[79.209,25.069],[82.535,24.267],[77.245,23.306],[77.143,23.047],[81.764,24.222],[76.861,22.201],[78.382,24.164],[79.299,24.284],[81.438,23.573],[81.872,23.444],[82.043,24.816],[77.944,25.939],[81.717,23.032],[74.23,22.368],[80.749,22.763],[80.92,23.594],[81.133,23.738],[75.291,24.515],[81.606,23.745],[74.554,22.451],[81.28,23.446],[79.817,23.934],[81.365,23.136],[79.506,24.911],[81.081,23.629],[81.944,24.541],[82.022,24.681],[78.743,23.539],[78.151,24.081],[82.232,24.446],[78.544,24.18],[76.439,22.155],[77.956,26.344],[78.824,25.344],[79.773,21.109],[76.017,19.49],[77.23,20.281],[77.424,20.464],[75.892,19.78],[75.898,19.643],[76.391,18.263],[80.407,19.293],[80.023,20.243],[76.39,18.16],[80.188,20.576],[74.021,21.774],[79.837,20.014],[74.083,21.564],[74.151,21.301],[80.196,21.261],[80.085,21.215],[80.166,20.716],[80.487,21.233],[76.867,21.581],[77.516,21.365],[79.443,20.527],[80.193,18.907],[79.701,21.055],[74.509,21.218],[79.852,21.097],[79.885,20.98],[76.221,17.741],[76.559,19.048],[77.451,18.323],[76.661,18.525],[74.729,20.975],[74.986,21.327],[80.125,20.149],[74.681,20.276],[79.829,20.643],[78.217,20.011],[78.773,20.176],[75.654,19.693],[77.786,19.153],[79.873,20.555],[74.256,17.738],[77.79,20.854],[77.921,21.196],[77.974,20.955],[80.011,21.022],[77.771,19.289],[74.319,21.113],[74.139,21.134],[79.824,21.365],[77.904,20.798],[79.547,20.014],[79.687,19.985],[79.74,20.248],[77.374,21.541],[76.395,19.693],[74.529,18.357],[79.792,21.109],[79.891,21.033],[75.492,19.631],[77.419,18.461],[73.185,19.295],[80.151,20.634],[80.064,20.343],[79.188,19.839],[75.331,20.594],[74.966,17.633],[75.387,18.87],[74.335,18.29],[76.262,19.348],[77.117,20.63],[75.25,16.902],[75.164,16.931],[75.313,18.478],[75.762,19.583],[75.754,19.599],[76.104,20.307],[77.601,19.113],[79.941,20.074],[76.277,19.813],[76.865,19.007],[75.015,17.467],[77.242,20.731],[73.179,19.347],[73.874,18.729],[75.553,17.015],[75.609,17.135],[74.713,17.264],[76.358,20.212],[74.937,17.142],[74.728,17.227],[79.768,20.646],[77.306,20.181],[77.532,20.336],[75.005,17.717],[73.814,16.981],[74.0,16.872],[75.535,17.135],[78.336,20.792],[74.739,17.236],[76.562,21.051],[73.486,19.044],[75.218,17.047],[72.877,18.771],[73.121,18.579],[79.278,20.995],[73.323,18.127],[74.556,18.342],[79.08,20.86],[73.105,18.289],[78.548,21.2],[74.388,21.321],[77.775,20.497],[76.589,20.262],[78.963,21.195],[79.884,19.997],[79.349,21.54],[75.262,17.98],[75.748,20.685],[73.286,18.808],[78.407,21.329],[73.248,18.577],[79.37,21.323],[77.941,19.813],[76.155,20.285],[76.606,19.257],[78.958,20.498],[75.927,18.781],[75.889,18.788],[75.899,20.866],[72.88,20.111],[73.969,15.682],[72.94,18.374],[73.543,15.947],[73.283,18.628],[73.235,19.927],[76.03,18.66],[72.971,19.648],[73.965,16.472],[75.284,17.269],[74.7,17.892],[74.111,19.593],[75.302,17.923],[75.297,17.911],[75.965,18.15],[76.163,17.788],[75.945,18.393],[75.986,17.443],[77.032,19.872],[77.177,19.512],[77.053,20.719],[73.886,16.889],[75.418,18.712],[74.318,16.255],[78.74,20.642],[79.11,20.628],[74.467,19.086],[79.807,21.046],[77.566,19.409],[74.264,18.846],[73.989,18.788],[74.692,18.173],[74.912,20.645],[75.414,18.66],[74.115,16.64],[73.854,19.728],[79.793,21.463],[75.439,17.937],[73.065,19.812],[79.786,21.556],[73.047,19.701],[74.515,18.266],[75.141,17.319],[75.477,20.049],[74.945,19.737],[75.305,20.019],[76.732,18.8],[77.06,19.048],[76.757,19.606],[72.678,19.931],[74.323,16.298],[77.385,19.648],[80.382,21.445],[72.887,20.123],[75.669,19.002],[73.866,19.63],[74.109,20.472],[80.249,21.266],[78.904,20.497],[73.121,19.372],[73.314,19.962],[74.641,17.864],[75.485,19.53],[73.355,19.802],[80.164,21.347],[76.028,17.801],[76.595,18.154],[76.024,18.112],[76.227,18.345],[76.487,17.868],[74.904,17.781],[80.145,21.219],[75.909,18.964],[76.486,19.622],[76.179,18.874],[76.558,19.611],[76.87,18.382],[77.053,18.453],[76.736,18.766],[74.845,20.113],[74.249,17.755],[74.338,17.549],[73.584,19.449],[72.977,18.73],[75.205,20.35],[76.165,18.64],[75.263,20.285],[75.168,18.765],[74.752,19.765],[75.554,18.986],[77.115,19.801],[79.392,21.668],[73.995,15.641],[76.7,19.59],[76.902,19.977],[77.359,19.673],[73.951,17.598],[74.106,17.986],[74.634,17.908],[74.746,18.825],[73.274,18.747],[74.958,20.497],[78.487,20.272],[74.19,19.69],[75.48,20.697],[75.603,20.584],[79.828,20.472],[74.576,17.446],[78.461,21.216],[77.439,19.858],[79.25,20.306],[77.649,19.946],[74.173,16.14],[73.359,19.433],[77.092,20.155],[75.563,18.8],[73.819,21.214],[73.479,19.35],[74.71,17.251],[77.424,20.3],[73.224,18.789],[75.174,17.064],[73.972,16.888],[73.153,18.915],[79.628,20.411],[73.201,17.714],[74.509,17.651],[74.824,17.733],[73.506,17.273],[74.246,17.63],[73.394,17.72],[73.899,21.518],[75.036,17.701],[73.877,21.546],[73.255,18.295],[73.035,18.188],[75.969,21.276],[78.879,20.095],[77.289,20.667],[73.105,18.579],[75.91,17.573],[76.09,17.605],[75.168,17.481],[73.917,21.525],[75.282,17.441],[75.344,17.444],[76.056,17.606],[74.69,17.883],[80.219,20.598],[78.192,21.5],[73.818,15.949],[73.86,15.938],[73.597,17.214],[73.761,16.052],[73.687,16.569],[73.553,16.831],[73.503,17.254],[73.429,17.675],[76.888,21.16],[77.438,20.69],[76.839,20.386],[79.577,21.358],[79.672,21.128],[74.797,20.248],[74.37,20.71],[74.034,19.844],[73.855,20.178],[73.845,20.553],[74.588,20.14],[74.533,20.816],[74.587,20.791],[73.871,20.7],[74.41,20.585],[73.074,19.129],[77.089,19.835],[76.852,19.903],[73.129,19.116],[76.294,20.494],[76.126,20.699],[76.413,20.399],[76.447,20.633],[76.505,20.699],[76.289,19.897],[76.021,19.979],[73.66,19.958],[73.611,20.341],[80.114,20.277],[80.246,20.212],[80.029,20.288],[74.004,21.315],[74.632,21.631],[76.986,18.454],[77.254,21.229],[73.95,20.313],[74.565,21.612],[77.147,18.662],[76.365,18.177],[74.213,19.331],[74.765,19.164],[75.43,18.302],[73.239,19.92],[74.737,18.882],[75.911,17.903],[74.698,18.808],[80.529,20.794],[77.382,19.259],[77.207,19.511],[76.091,17.824],[73.997,20.671],[74.33,17.989],[80.289,20.532],[73.925,20.874],[80.042,20.563],[74.419,17.566],[74.77,20.228],[77.261,19.692],[76.491,19.61],[77.03,20.694],[73.036,19.294],[73.603,16.004],[79.654,21.118],[77.599,20.118],[80.197,20.51],[73.88,20.722],[77.241,19.516],[73.525,17.526],[78.307,20.894],[78.338,21.188],[77.407,21.742],[75.652,20.947],[76.892,19.771],[76.793,19.92],[76.862,19.748],[77.285,20.694],[76.478,20.722],[76.485,20.81],[77.36,19.675],[73.824,20.349],[72.891,20.057],[74.415,19.484],[72.819,19.912],[74.635,17.909],[78.718,20.343],[73.207,19.834],[74.298,19.422],[80.266,21.392],[73.567,19.259],[77.676,19.222],[73.47,19.348],[77.395,21.274],[75.277,19.869],[74.559,17.868],[93.672,24.42],[93.716,24.304],[93.812,24.305],[93.108,24.685],[93.666,24.338],[94.621,24.939],[94.322,24.594],[93.817,24.379],[93.996,24.555],[93.973,24.564],[93.969,24.828],[94.339,25.25],[94.244,25.117],[94.098,24.599],[94.538,25.366],[94.006,24.884],[93.794,24.449],[94.017,24.365],[94.271,25.007],[94.234,25.185],[94.436,25.331],[93.729,24.45],[94.463,25.445],[93.996,24.34],[94.505,25.163],[94.364,25.104],[94.065,24.457],[94.06,24.46],[94.083,24.592],[93.703,24.404],[93.474,24.63],[93.924,25.113],[93.968,24.949],[93.837,25.221],[94.19,25.293],[94.6,25.407],[93.913,24.751],[93.897,24.212],[93.87,24.168],[93.918,24.791],[93.909,24.572],[93.763,24.519],[93.761,24.452],[93.926,24.397],[94.206,23.991],[94.016,24.628],[93.069,24.566],[93.928,24.431],[93.695,25.201],[93.692,25.15],[94.106,24.585],[93.895,24.42],[94.238,24.415],[93.149,24.794],[93.949,24.53],[94.016,24.519],[93.937,24.476],[94.397,25.513],[93.798,24.477],[93.858,24.708],[93.394,24.345],[93.174,24.333],[93.716,24.393],[93.402,24.719],[93.078,24.562],[93.411,24.962],[94.063,24.463],[94.028,24.861],[94.015,24.546],[93.292,24.321],[94.108,24.451],[93.913,24.208],[93.92,25.513],[93.792,24.642],[93.641,24.719],[93.984,24.456],[94.447,25.242],[94.147,25.299],[94.166,24.912],[94.485,25.428],[94.266,24.26],[93.169,24.327],[93.86,24.347],[93.865,24.687],[94.077,24.499],[94.113,24.609],[93.73,24.627],[94.365,25.118],[94.207,25.468],[94.04,24.645],[93.146,24.754],[93.129,24.734],[93.453,24.899],[94.267,24.771],[93.651,25.12],[93.724,24.384],[94.148,25.418],[94.083,25.427],[94.14,25.48],[94.095,25.424],[94.346,24.971],[94.332,24.955],[94.02,25.265],[94.346,24.753],[94.3,25.376],[94.285,25.349],[94.031,25.269],[94.019,24.432],[93.128,24.299],[94.185,23.943],[94.228,24.063],[94.001,24.652],[93.94,24.766],[94.053,24.696],[93.813,25.206],[93.988,24.319],[93.983,24.329],[94.096,25.086],[93.765,24.551],[93.795,24.672],[93.836,24.427],[93.995,25.385],[94.231,25.029],[94.541,25.238],[93.087,24.616],[93.909,24.604],[94.242,24.079],[94.168,25.14],[93.951,25.113],[93.134,24.785],[93.942,24.529],[93.823,24.784],[93.842,24.791],[94.025,24.727],[93.976,24.747],[93.945,25.542],[93.878,24.527],[93.879,24.535],[93.902,24.444],[93.957,24.83],[93.886,24.753],[93.876,24.736],[94.12,24.71],[93.848,24.751],[94.296,24.259],[93.799,24.742],[93.887,24.759],[93.864,24.79],[93.825,24.735],[93.903,24.774],[94.195,24.507],[94.304,24.255],[93.934,24.64],[94.068,24.549],[92.316,25.664],[91.849,25.485],[92.084,25.831],[90.439,25.992],[90.423,25.779],[90.416,25.934],[90.442,25.871],[91.058,25.768],[90.964,25.645],[91.303,25.193],[91.308,25.195],[91.357,25.18],[90.664,25.745],[91.518,25.868],[90.192,25.465],[90.77,25.904],[92.459,25.522],[90.57,25.51],[92.054,25.613],[92.285,25.257],[90.899,25.714],[90.542,25.484],[90.548,25.476],[90.494,25.87],[91.558,25.384],[91.562,25.76],[90.92,25.91],[91.488,25.395],[90.341,25.524],[90.673,25.638],[92.139,25.326],[91.827,25.548],[90.034,25.496],[91.302,25.198],[91.244,25.207],[91.307,25.193],[91.333,25.185],[90.859,25.93],[89.907,25.45],[91.31,25.202],[91.321,25.186],[91.918,25.638],[90.259,25.634],[92.087,25.539],[91.847,25.499],[91.855,25.429],[90.441,25.642],[92.046,25.804],[90.564,25.439],[89.843,25.417],[92.143,25.73],[92.52,25.551],[91.361,25.41],[90.33,25.378],[91.908,25.92],[91.947,25.857],[92.132,25.789],[91.655,25.605],[92.032,25.562],[91.851,26.001],[92.017,25.788],[91.657,25.38],[91.588,25.266],[89.911,25.313],[92.503,25.266],[89.859,25.407],[91.71,25.449],[90.028,25.498],[91.82,25.506],[91.808,25.466],[91.107,25.674],[90.38,25.913],[90.182,25.455],[90.212,25.462],[90.72,25.614],[91.344,25.209],[91.833,25.472],[91.605,25.386],[90.619,25.748],[92.458,25.526],[92.171,25.903],[90.657,25.891],[90.531,25.853],[90.476,25.945],[90.433,25.91],[90.744,25.93],[90.937,25.687],[90.6,25.836],[92.876,23.638],[92.89,23.697],[92.635,24.292],[92.87,23.303],[92.72,24.389],[92.847,23.292],[93.052,23.116],[92.648,24.208],[93.207,23.503],[93.179,23.312],[92.517,22.908],[93.129,23.616],[93.244,23.523],[92.582,23.04],[93.179,23.365],[93.085,23.425],[93.215,23.493],[92.64,22.592],[93.03,23.63],[93.2,23.404],[92.77,22.341],[92.928,22.524],[92.894,22.484],[92.962,22.391],[93.027,23.664],[93.104,22.887],[92.866,23.081],[93.02,22.795],[93.126,22.971],[92.942,22.955],[93.217,23.896],[92.628,22.289],[92.992,22.496],[93.116,23.743],[93.141,22.29],[92.639,23.262],[93.109,22.434],[93.055,22.458],[92.727,22.977],[92.884,23.438],[93.023,23.906],[92.95,24.214],[92.678,24.025],[92.652,23.934],[92.958,22.404],[92.707,23.046],[92.936,23.28],[92.899,23.178],[92.988,24.226],[92.734,22.476],[93.133,23.271],[93.149,22.284],[92.893,22.563],[92.542,24.182],[92.607,23.187],[93.031,22.542],[93.173,23.467],[92.601,23.771],[93.059,22.346],[93.205,23.408],[92.911,22.617],[92.55,24.21],[92.433,23.922],[93.284,23.551],[92.802,23.087],[93.021,23.957],[93.051,23.808],[92.947,24.188],[92.84,23.759],[92.657,24.268],[92.632,24.282],[93.295,23.083],[93.193,23.533],[92.407,23.257],[93.197,23.591],[93.101,23.588],[92.953,22.503],[93.083,22.993],[93.118,23.375],[92.962,23.241],[93.075,23.112],[93.347,23.485],[92.832,23.285],[92.77,23.268],[93.064,22.461],[92.337,24.125],[92.996,22.803],[93.279,23.513],[92.979,22.369],[92.97,22.466],[92.589,23.86],[92.63,23.576],[92.727,22.984],[92.919,22.922],[92.94,22.944],[92.9,22.232],[92.996,22.799],[92.856,23.291],[92.971,23.736],[93.343,23.537],[92.654,22.078],[92.345,24.123],[92.886,22.996],[92.955,23.624],[92.52,22.714],[92.894,24.031],[93.202,23.684],[93.359,23.327],[93.269,23.164],[93.248,23.198],[93.333,23.507],[93.245,23.514],[92.318,23.737],[93.218,23.902],[92.927,24.368],[92.552,24.188],[92.649,24.3],[92.638,24.302],[92.789,24.387],[92.612,24.201],[93.103,22.462],[93.022,24.068],[92.871,22.631],[93.229,23.167],[93.369,23.209],[92.917,22.916],[92.678,24.272],[92.86,23.681],[93.062,22.46],[94.814,25.925],[94.774,26.756],[94.101,26.305],[93.69,25.666],[93.729,25.807],[94.182,26.005],[93.606,25.651],[93.424,25.456],[93.682,25.736],[94.775,26.233],[93.607,25.615],[94.774,25.817],[94.985,25.881],[94.248,25.653],[94.151,25.661],[93.609,25.557],[94.791,25.594],[93.762,25.9],[93.909,25.777],[93.809,25.684],[94.595,25.673],[94.907,26.238],[94.641,26.332],[94.724,25.759],[95.057,26.406],[94.271,26.044],[93.505,25.492],[93.906,25.59],[94.956,25.866],[94.719,26.519],[94.418,26.097],[94.975,26.443],[84.121,21.87],[84.079,21.935],[81.583,17.986],[83.9,21.777],[81.823,18.119],[83.556,20.879],[83.313,20.319],[82.919,20.192],[84.78,19.645],[84.726,19.794],[84.606,19.605],[82.331,18.938],[87.259,21.601],[83.414,20.85],[82.476,19.111],[82.9,18.571],[82.844,19.142],[81.946,18.161],[82.546,19.177],[83.941,18.82],[83.898,18.907],[83.941,21.656],[84.037,21.548],[84.071,18.827],[83.118,19.014],[82.954,18.755],[82.707,20.3],[82.351,18.817],[82.396,20.817],[82.994,20.251],[84.206,21.441],[84.183,21.612],[83.24,20.969],[82.803,18.787],[82.586,20.399],[82.628,20.664],[82.61,20.669],[84.663,21.251],[83.942,21.237],[83.27,18.951],[85.72,22.005],[86.612,22.22],[84.356,21.213],[84.39,21.703],[84.133,21.089],[86.48,20.114],[86.054,20.336],[86.401,20.201],[86.838,21.341],[87.42,21.615],[84.547,21.755],[86.161,20.696],[84.095,21.455],[86.288,20.506],[82.764,20.981],[86.066,20.143],[85.313,20.725],[82.243,19.462],[84.474,22.178],[84.409,22.147],[82.844,20.195],[83.694,21.099],[86.099,20.141],[85.288,19.577],[85.75,19.956],[85.142,20.465],[86.284,20.006],[87.297,21.71],[83.324,20.92],[84.358,20.845],[85.233,20.847],[85.084,20.147],[85.132,20.072],[85.221,20.081],[83.855,20.639],[84.354,20.43],[85.081,20.769],[84.813,20.802],[84.318,20.806],[85.646,20.646],[84.755,20.85],[85.071,20.93],[86.585,21.134],[84.227,20.507],[83.683,20.002],[83.61,21.012],[85.461,20.356],[84.053,19.132],[86.129,20.892],[83.714,19.047],[85.162,21.455],[83.085,19.136],[83.173,19.16],[83.878,19.241],[83.597,19.429],[85.189,19.776],[83.744,21.34],[86.456,20.773],[84.282,20.834],[84.157,20.278],[83.459,19.214],[85.981,20.261],[83.394,19.231],[86.11,20.224],[86.025,20.621],[83.499,19.928],[86.008,20.254],[83.679,20.667],[82.728,20.816],[84.618,22.354],[83.81,20.851],[85.94,20.411],[85.27,20.177],[83.867,22.037],[85.477,21.497],[84.879,20.853],[83.737,19.124],[83.263,19.515],[85.717,21.436],[84.835,21.466],[83.989,20.476],[86.674,21.039],[86.204,20.102],[86.361,21.085],[86.612,20.861],[86.321,20.038],[86.424,20.212],[81.592,17.997],[83.579,21.773],[84.607,22.404],[85.57,20.543],[84.875,21.555],[84.712,21.599],[86.324,20.733],[83.938,20.72],[84.45,22.303],[83.607,19.943],[83.889,21.941],[85.925,21.592],[85.771,21.67],[85.049,21.51],[82.177,18.384],[84.796,21.38],[82.609,18.855],[85.464,20.205],[85.431,20.115],[83.638,21.387],[84.15,18.946],[84.235,18.999],[86.707,20.586],[87.02,22.02],[84.631,20.593],[85.527,22.02],[84.337,20.193],[86.013,21.06],[86.366,21.14],[84.506,19.639],[85.539,19.743],[86.029,20.059],[82.195,18.527],[82.577,20.934],[86.179,19.934],[84.868,22.162],[84.713,22.226],[85.504,20.668],[83.538,19.588],[84.086,21.918],[84.353,20.273],[85.579,21.724],[84.49,19.395],[82.891,19.603],[85.743,21.827],[83.018,19.898],[82.821,19.98],[84.937,21.923],[82.737,19.881],[85.148,21.292],[84.584,19.902],[84.57,19.18],[85.822,20.068],[82.716,18.458],[86.303,20.907],[86.363,21.206],[86.342,21.118],[86.433,20.57],[84.211,21.776],[84.078,21.921],[83.911,21.904],[83.605,21.057],[84.053,20.356],[84.164,21.887],[84.094,21.923],[82.629,20.396],[84.219,21.937],[85.613,20.687],[83.765,21.722],[82.783,20.354],[82.677,20.375],[82.638,20.514],[83.741,21.276],[82.533,20.045],[86.366,20.269],[83.516,21.448],[84.932,20.069],[84.339,21.642],[82.853,20.983],[86.166,22.254],[85.138,19.808],[82.949,18.837],[85.181,19.818],[86.698,20.547],[84.402,21.8],[82.114,19.628],[82.349,19.452],[83.917,20.909],[82.417,19.55],[86.398,20.442],[82.575,19.231],[86.502,20.387],[85.147,20.099],[86.167,21.037],[83.0,20.279],[86.366,20.433],[86.701,20.695],[85.82,19.991],[86.028,21.202],[85.629,21.443],[85.901,20.181],[82.261,19.494],[83.772,21.424],[85.734,20.176],[82.316,19.67],[82.355,19.581],[86.499,20.773],[83.543,19.422],[84.661,21.437],[82.259,18.578],[85.035,21.537],[83.43,20.135],[83.47,20.171],[85.817,21.327],[86.598,21.036],[84.006,20.902],[83.666,20.647],[86.454,20.716],[82.268,18.536],[86.027,21.18],[84.741,19.296],[83.648,20.554],[84.173,19.172],[84.704,21.919],[84.951,19.427],[86.75,20.66],[83.871,19.125],[86.074,20.885],[85.178,21.202],[82.001,18.044],[84.033,22.363],[82.755,20.653],[83.78,19.515],[85.216,20.71],[85.206,20.678],[84.659,20.042],[84.275,19.271],[85.155,20.063],[85.242,19.79],[84.847,19.458],[83.72,21.083],[86.565,20.268],[84.535,19.769],[85.968,20.308],[86.662,21.683],[85.973,20.082],[84.586,19.436],[86.383,21.074],[85.854,19.86],[83.941,20.897],[84.275,19.402],[85.945,20.958],[85.847,21.588],[85.424,19.911],[86.801,21.969],[86.059,22.292],[86.099,20.873],[85.919,20.2],[85.091,20.735],[86.271,20.216],[86.498,21.511],[84.508,19.447],[83.738,19.867],[84.068,21.515],[85.19,21.232],[85.127,20.177],[83.804,20.772],[84.19,20.78],[85.555,19.986],[79.769,11.917],[79.772,11.844],[79.839,10.838],[79.759,10.955],[79.825,10.864],[79.832,10.828],[79.746,10.919],[79.821,11.896],[79.819,10.92],[79.783,11.793],[79.771,10.968],[79.766,10.985],[79.649,11.819],[79.809,10.905],[79.745,11.938],[79.691,12.023],[79.629,12.004],[79.753,11.877],[79.727,11.949],[75.615,29.912],[75.586,29.775],[75.293,29.771],[75.36,29.715],[75.32,29.976],[76.703,30.467],[74.973,30.261],[75.028,29.936],[76.705,30.494],[76.307,30.361],[75.244,30.458],[75.44,30.41],[76.192,30.371],[75.344,29.841],[76.414,30.225],[76.074,29.862],[75.613,30.091],[74.672,31.316],[76.124,30.118],[76.298,30.588],[76.431,30.613],[75.754,29.931],[76.65,30.816],[75.97,29.851],[76.895,30.553],[75.91,30.028],[76.473,30.664],[75.913,30.105],[76.824,30.449],[75.709,30.365],[76.153,30.562],[76.117,30.556],[76.432,30.502],[76.79,30.426],[75.669,31.205],[76.624,30.693],[76.358,30.787],[75.078,30.904],[75.657,30.056],[76.647,30.428],[76.49,30.313],[76.49,30.739],[75.585,30.201],[74.191,30.259],[75.049,30.489],[74.941,30.299],[74.713,31.9],[75.25,31.625],[73.97,30.423],[75.058,31.796],[74.898,31.719],[75.306,30.355],[74.866,30.062],[74.233,30.426],[76.279,31.137],[75.271,31.122],[74.15,30.432],[75.11,31.163],[75.221,30.211],[75.218,30.172],[75.161,30.333],[75.905,31.276],[76.357,31.141],[76.359,31.087],[75.408,31.646],[75.64,30.831],[75.718,31.565],[75.746,31.976],[75.139,31.922],[76.123,31.354],[75.537,30.831],[74.496,30.811],[75.78,30.763],[75.798,30.69],[74.484,30.21],[76.364,31.274],[75.649,30.622],[75.495,30.889],[76.156,30.772],[74.582,30.835],[74.738,30.408],[74.679,30.486],[74.892,30.673],[74.839,31.246],[74.676,31.29],[74.77,31.364],[74.728,30.435],[74.657,30.972],[75.891,30.586],[76.557,30.91],[76.511,30.771],[75.584,31.445],[75.09,30.901],[76.344,30.559],[74.775,31.106],[76.421,31.177],[73.913,29.996],[74.623,30.763],[74.775,30.732],[74.858,30.664],[76.342,30.661],[75.551,32.252],[76.423,30.916],[75.516,32.238],[75.188,30.93],[74.789,31.272],[74.837,30.741],[76.599,30.89],[74.976,30.821],[74.976,30.413],[76.832,30.479],[75.426,32.302],[74.484,30.603],[74.771,30.438],[75.558,31.932],[75.663,31.461],[75.997,31.471],[75.673,30.55],[75.854,31.094],[74.478,30.106],[76.132,31.334],[75.853,30.41],[74.975,30.012],[76.206,30.056],[74.831,30.186],[75.07,31.2],[76.429,31.028],[74.98,30.691],[76.85,30.479],[76.893,30.532],[74.649,31.39],[75.648,31.463],[75.55,30.545],[76.056,30.491],[75.099,31.19],[76.757,30.66],[75.637,31.09],[75.247,29.816],[74.992,31.99],[76.797,30.855],[75.514,31.526],[75.017,30.71],[75.825,30.454],[75.294,30.169],[74.335,30.369],[74.863,30.944],[75.37,30.9],[76.581,30.284],[74.94,31.325],[76.353,31.146],[75.34,30.895],[75.203,30.256],[76.062,31.204],[76.263,31.135],[75.279,30.49],[76.731,30.805],[76.655,30.674],[75.418,31.501],[75.268,30.093],[74.784,30.851],[75.307,30.802],[74.131,30.517],[75.004,30.89],[75.425,30.311],[75.616,30.343],[74.201,30.394],[75.232,31.274],[74.946,30.826],[75.576,32.332],[75.327,30.433],[75.931,31.14],[75.494,30.474],[75.496,32.161],[74.855,31.51],[75.141,30.615],[75.232,31.028],[75.618,31.603],[75.422,30.52],[75.21,31.277],[73.991,30.224],[74.887,31.879],[73.749,23.516],[73.911,23.451],[73.647,23.891],[76.342,26.87],[77.07,26.581],[74.489,25.609],[76.557,27.086],[73.971,29.779],[71.054,26.831],[76.256,26.884],[74.27,26.351],[73.997,23.602],[74.039,23.624],[76.048,26.399],[74.551,25.516],[74.503,24.068],[76.834,27.264],[74.886,25.719],[74.431,23.799],[76.304,26.857],[76.689,26.833],[77.861,26.744],[73.857,26.202],[76.611,27.0],[73.654,23.518],[75.155,26.388],[75.354,28.022],[73.6,23.771],[75.28,25.554],[75.478,28.147],[76.023,26.317],[75.481,26.448],[70.546,27.182],[75.793,26.32],[71.047,27.027],[71.355,26.918],[75.344,28.336],[76.797,26.5],[71.008,27.397],[70.822,26.913],[70.833,26.99],[76.949,26.389],[77.084,26.598],[73.982,29.905],[76.659,26.727],[74.553,23.901],[76.437,25.442],[75.804,24.786],[76.021,24.599],[73.33,29.575],[76.245,25.46],[74.939,24.697],[78.045,26.799],[76.209,24.813],[75.232,26.118],[73.755,29.025],[71.706,26.476],[74.832,24.035],[76.638,27.869],[76.469,27.749],[74.763,23.596],[73.187,25.896],[73.005,28.842],[74.082,23.569],[74.349,23.406],[75.308,27.844],[75.697,28.342],[75.867,28.33],[75.839,28.154],[75.389,27.503],[75.238,27.4],[75.876,28.198],[75.547,27.73],[74.742,27.737],[75.72,27.748],[76.785,26.343],[75.49,27.854],[74.741,28.013],[77.62,26.718],[75.32,25.663],[75.188,25.882],[77.715,26.819],[74.453,26.722],[75.28,25.462],[76.233,24.402],[74.095,25.734],[74.075,25.823],[75.77,27.649],[73.807,24.157],[74.418,24.081],[76.4,27.999],[73.21,24.501],[74.006,24.802],[75.641,27.232],[76.196,27.331],[75.631,28.303],[72.651,25.053],[75.659,28.439],[74.267,25.925],[73.649,24.286],[74.045,24.355],[73.966,26.679],[73.003,25.04],[72.872,25.075],[72.787,25.094],[73.852,25.827],[74.672,24.91],[72.606,26.509],[72.554,26.978],[73.171,25.726],[74.023,24.512],[75.911,26.5],[74.374,27.429],[73.639,23.996],[73.56,26.063],[72.832,26.733],[73.613,24.104],[72.726,26.945],[73.748,26.67],[75.807,26.727],[75.504,27.993],[76.029,26.712],[75.526,26.933],[75.581,25.426],[73.671,30.006],[76.34,25.738],[74.433,24.424],[76.711,24.691],[73.433,24.838],[73.421,25.004],[74.251,26.544],[73.018,25.412],[75.927,24.871],[74.106,26.49],[77.249,26.829],[73.785,24.013],[75.948,24.894],[74.06,26.463],[76.869,25.032],[73.821,24.997],[72.544,25.596],[73.773,25.056],[75.406,28.003],[77.027,27.63],[73.408,28.171],[74.149,25.098],[77.418,26.54],[77.365,27.456],[74.518,24.124],[77.719,26.817],[73.854,29.456],[72.441,27.975],[72.587,25.784],[72.642,27.597],[75.151,26.646],[75.178,26.974],[73.156,27.64],[73.245,27.687],[76.678,27.089],[75.44,26.807],[74.843,26.46],[76.521,26.362],[76.659,27.823],[73.643,25.659],[77.327,26.548],[72.286,25.935],[76.811,27.78],[76.491,26.128],[74.172,24.813],[76.323,27.158],[74.18,29.822],[77.105,27.541],[77.587,26.799],[75.597,25.817],[72.248,25.773],[74.031,23.645],[74.043,29.144],[74.077,28.887],[75.137,28.998],[77.288,27.41],[74.027,23.472],[73.346,25.502],[77.725,26.653],[75.925,27.772],[75.352,29.014],[77.17,27.572],[73.815,25.012],[77.089,27.017],[76.267,24.351],[74.356,26.595],[75.18,27.113],[77.217,26.658],[74.73,29.096],[72.11,25.041],[73.501,25.68],[77.083,27.074],[72.41,25.088],[75.992,28.266],[74.021,24.102],[74.242,26.779],[74.886,26.05],[72.001,24.754],[72.025,24.846],[72.286,25.847],[72.668,25.42],[71.908,25.165],[71.805,24.753],[73.454,24.81],[73.574,23.839],[71.304,26.268],[73.667,25.53],[74.226,23.842],[73.247,26.054],[73.728,25.026],[74.175,28.615],[74.686,23.544],[74.502,23.312],[75.869,26.026],[72.509,25.449],[72.388,26.23],[74.076,25.516],[74.207,25.006],[73.812,25.063],[73.36,29.252],[73.436,29.042],[73.81,30.024],[74.801,27.815],[73.644,29.731],[72.471,27.491],[76.539,25.027],[75.527,25.505],[76.294,25.051],[73.735,23.596],[74.567,26.997],[76.364,27.869],[76.37,25.272],[76.393,25.364],[74.857,25.67],[73.936,25.265],[75.044,26.278],[75.386,24.76],[76.905,26.591],[73.812,23.59],[74.848,25.284],[74.923,25.309],[76.12,27.033],[73.623,24.798],[74.572,26.06],[75.796,28.088],[73.226,28.59],[74.867,25.376],[72.427,28.662],[74.464,23.739],[73.75,29.447],[74.452,23.827],[74.005,23.946],[75.709,23.944],[73.973,23.758],[74.407,23.896],[75.293,25.962],[73.757,25.954],[75.268,26.157],[76.238,27.06],[72.495,25.685],[74.459,23.86],[72.415,27.139],[73.011,25.078],[72.404,26.846],[74.292,26.295],[73.011,26.402],[72.749,26.756],[72.458,28.701],[72.842,28.782],[77.092,26.53],[74.242,25.182],[73.307,27.028],[74.311,23.684],[76.857,27.325],[75.093,25.842],[73.346,26.522],[76.619,24.541],[75.77,23.974],[72.669,25.761],[73.5,29.801],[74.156,29.076],[76.121,25.53],[74.828,29.205],[77.528,26.679],[73.904,23.931],[75.618,25.092],[74.752,29.058],[74.824,26.525],[74.137,27.884],[74.217,28.073],[74.772,25.285],[72.718,24.981],[76.754,27.224],[72.647,24.972],[76.671,27.314],[72.787,28.418],[75.022,28.961],[76.099,24.418],[75.09,28.99],[75.661,26.074],[77.147,26.39],[73.573,25.257],[73.549,25.24],[76.14,24.404],[75.922,24.343],[76.899,28.122],[77.458,26.712],[76.821,24.979],[75.997,25.615],[72.727,28.552],[76.426,24.75],[76.703,24.261],[72.512,28.759],[73.757,27.627],[74.449,23.757],[73.089,27.496],[72.497,26.886],[73.046,27.141],[74.638,23.182],[75.665,25.204],[73.565,25.48],[73.532,24.329],[77.174,26.699],[73.499,24.765],[73.446,24.963],[74.451,28.492],[74.797,26.161],[73.175,24.381],[76.501,24.328],[77.312,26.394],[76.199,25.87],[76.683,27.199],[72.937,28.0],[74.355,25.51],[74.632,23.985],[74.535,24.059],[74.244,25.812],[74.117,27.637],[76.329,26.395],[72.707,24.711],[74.237,27.657],[73.031,25.043],[72.922,25.002],[72.345,24.602],[75.901,24.423],[72.999,24.812],[75.894,25.345],[76.108,25.258],[76.453,24.909],[74.596,25.198],[74.15,25.063],[73.259,27.255],[75.992,27.765],[75.872,23.98],[72.292,27.314],[77.23,25.322],[77.025,25.186],[73.324,26.758],[74.792,27.43],[73.825,25.281],[76.65,24.309],[72.723,26.662],[76.242,24.282],[75.357,25.415],[72.681,28.486],[74.942,28.722],[74.814,29.02],[75.012,29.105],[74.097,29.647],[74.588,29.075],[73.764,27.195],[74.944,28.249],[74.818,28.255],[74.93,28.487],[75.337,27.569],[76.86,24.988],[71.389,24.73],[72.213,25.204],[74.956,26.487],[74.917,25.711],[75.924,24.637],[75.15,27.793],[72.423,25.037],[76.548,27.084],[74.765,25.986],[75.652,25.846],[74.296,25.647],[71.054,26.992],[88.313,27.244],[88.282,27.255],[88.576,27.422],[88.474,27.336],[88.365,27.312],[88.241,27.144],[88.231,27.207],[88.148,27.145],[88.204,27.343],[88.303,27.194],[88.358,27.304],[88.348,27.333],[88.574,27.363],[88.523,27.397],[88.37,27.131],[88.625,27.561],[88.46,27.171],[88.529,27.459],[88.482,27.432],[88.535,27.274],[88.655,27.187],[88.71,27.222],[88.549,27.231],[88.526,27.444],[88.626,27.316],[77.004,10.554],[79.432,11.699],[79.253,11.815],[79.208,11.798],[77.033,11.302],[78.757,11.044],[78.231,9.808],[78.501,9.46],[77.188,8.292],[78.151,9.515],[78.052,9.456],[77.668,10.659],[77.637,9.517],[78.115,9.702],[77.988,9.443],[77.742,9.616],[78.572,10.162],[79.849,12.326],[79.417,12.998],[79.438,13.032],[79.721,13.115],[79.714,10.848],[77.488,10.049],[78.594,10.219],[77.713,8.991],[79.656,13.012],[78.868,12.912],[77.686,8.278],[77.798,8.694],[76.848,11.079],[79.739,11.301],[79.738,10.7],[77.027,11.238],[77.685,8.488],[77.596,8.567],[78.279,10.406],[77.769,8.535],[79.998,12.696],[77.721,8.462],[77.71,8.565],[78.387,12.314],[77.45,9.159],[77.506,9.005],[79.998,12.752],[78.916,11.25],[77.721,10.883],[79.86,12.641],[78.029,10.349],[77.374,11.215],[77.409,8.882],[78.188,9.899],[79.61,12.834],[78.105,10.519],[77.732,10.765],[79.535,12.934],[80.301,13.246],[77.231,8.95],[79.759,12.536],[80.186,13.471],[79.667,12.337],[77.594,9.288],[77.969,10.423],[77.721,9.209],[77.689,9.138],[77.231,8.375],[77.429,9.204],[79.59,13.194],[80.105,13.369],[78.766,10.995],[80.13,13.282],[77.473,9.192],[79.096,12.524],[80.018,13.286],[78.951,12.071],[77.958,12.638],[79.953,12.337],[78.589,12.255],[78.66,12.218],[78.13,12.101],[78.288,12.251],[79.962,12.49],[79.939,12.661],[78.046,11.977],[79.474,12.049],[79.55,12.295],[79.831,12.267],[77.446,9.337],[79.001,11.868],[77.683,8.982],[79.722,12.182],[78.2,9.296],[78.733,12.975],[77.929,8.919],[78.259,12.067],[78.345,12.042],[76.775,11.003],[78.176,11.355],[76.918,10.76],[79.814,12.328],[79.49,12.726],[78.222,12.126],[78.153,12.534],[78.455,12.1],[77.911,11.329],[78.028,11.432],[79.635,11.747],[78.951,11.198],[78.167,9.095],[78.927,11.311],[78.112,12.012],[77.103,11.094],[77.905,11.7],[78.388,11.688],[78.081,12.072],[77.308,9.962],[77.26,9.882],[78.104,9.364],[78.942,11.183],[78.996,12.977],[76.892,11.687],[78.846,12.08],[78.881,12.822],[79.385,12.931],[77.958,9.707],[77.136,11.649],[77.994,11.549],[78.925,12.072],[76.902,11.775],[79.866,12.501],[77.931,11.567],[78.296,10.561],[78.072,10.716],[79.69,11.012],[78.596,10.633],[78.075,10.681],[78.097,10.705],[77.975,11.76],[79.677,11.615],[78.395,10.802],[78.303,11.663],[78.155,10.687],[77.967,11.561],[79.718,11.603],[78.047,11.705],[77.924,11.728],[77.975,11.913],[78.45,10.986],[78.581,12.715],[78.177,11.517],[79.827,10.664],[78.557,11.778],[79.554,11.528],[77.897,11.815],[78.039,11.899],[78.111,9.383],[78.188,11.641],[77.828,10.555],[78.245,9.65],[78.123,9.566],[78.479,10.405],[78.48,11.796],[78.966,10.867],[77.216,11.766],[79.186,10.593],[77.298,10.801],[79.969,12.917],[77.465,10.888],[77.474,11.759],[78.274,11.758],[77.708,11.895],[77.326,11.63],[77.811,11.667],[78.038,11.557],[76.507,11.542],[78.473,10.64],[77.995,12.274],[78.246,12.254],[79.296,11.372],[77.859,8.575],[79.696,11.669],[79.267,11.999],[76.685,11.456],[76.964,11.444],[76.998,11.446],[78.09,9.307],[76.303,11.525],[76.66,11.366],[77.882,11.416],[77.199,10.869],[77.199,10.883],[77.163,10.948],[76.335,11.527],[76.979,11.172],[76.979,11.188],[77.074,11.208],[79.59,11.564],[79.34,12.851],[78.241,11.49],[76.961,11.219],[77.983,11.407],[77.964,11.399],[78.03,11.422],[78.016,11.336],[78.107,11.361],[78.372,12.097],[77.163,10.87],[78.759,12.096],[78.186,8.978],[78.939,11.577],[77.87,8.847],[79.315,13.004],[78.442,10.057],[79.511,11.717],[79.546,11.691],[77.659,9.418],[79.631,11.447],[77.958,9.8],[77.804,9.384],[79.735,11.333],[78.249,9.574],[78.194,9.45],[78.86,9.986],[79.36,12.036],[77.973,8.8],[78.722,10.026],[79.982,12.981],[78.019,10.553],[78.099,10.292],[80.056,12.444],[78.016,12.337],[79.983,12.82],[78.016,9.069],[78.164,9.591],[77.621,10.591],[78.35,9.662],[78.346,10.217],[78.356,9.347],[77.729,9.041],[77.752,9.057],[78.028,8.922],[79.304,12.74],[77.224,10.804],[79.365,10.706],[79.537,10.851],[78.075,12.038],[78.267,11.39],[78.299,11.3],[78.314,10.713],[78.079,12.027],[78.071,12.429],[78.141,9.537],[77.789,10.236],[77.634,8.825],[78.765,11.034],[78.789,10.327],[78.856,10.8],[78.775,9.345],[77.82,8.423],[79.696,10.428],[79.777,10.845],[78.807,9.767],[77.93,12.766],[79.028,11.291],[79.482,11.326],[77.938,12.046],[79.018,11.618],[78.144,12.692],[78.489,9.919],[78.484,9.926],[77.994,10.425],[78.33,9.926],[77.378,8.336],[77.824,10.979],[78.91,9.293],[78.87,11.807],[78.649,9.212],[78.495,10.755],[78.346,10.865],[79.732,10.725],[79.63,10.725],[78.346,10.847],[78.572,10.447],[79.067,12.294],[79.63,12.422],[79.574,12.724],[77.737,9.11],[79.183,12.211],[79.09,9.837],[78.206,12.676],[78.319,10.892],[78.279,10.746],[78.701,9.502],[78.253,10.699],[77.257,11.636],[78.26,10.663],[78.803,10.559],[78.791,10.223],[79.156,12.443],[78.897,11.279],[78.876,11.453],[79.095,11.25],[78.837,11.416],[79.73,11.6],[78.544,10.766],[78.134,9.963],[79.188,10.969],[78.47,9.83],[78.972,10.872],[79.161,10.627],[79.032,10.758],[79.378,10.407],[77.573,18.042],[80.362,17.942],[79.476,18.619],[78.711,17.797],[79.182,18.512],[78.071,16.64],[77.835,16.468],[78.625,19.475],[78.556,19.012],[78.663,18.274],[78.733,18.925],[80.031,17.704],[78.781,18.339],[79.283,18.279],[78.055,16.644],[79.656,18.507],[77.913,17.407],[78.205,16.472],[79.274,18.534],[79.333,19.531],[80.412,18.515],[77.743,16.677],[77.638,16.609],[79.969,18.711],[80.229,18.609],[79.103,18.451],[78.683,17.998],[78.973,19.551],[79.118,19.08],[78.744,16.351],[80.273,17.502],[79.632,19.233],[80.071,17.072],[77.86,16.823],[79.247,18.325],[79.609,18.786],[79.898,17.308],[79.816,18.526],[79.241,19.305],[80.406,17.865],[78.613,18.423],[79.326,19.279],[77.826,16.948],[79.008,18.655],[78.998,19.456],[80.809,17.806],[80.192,18.639],[78.944,18.221],[80.528,17.383],[80.497,17.579],[80.161,18.617],[78.455,18.507],[78.968,17.808],[79.864,17.987],[77.664,17.372],[78.554,18.447],[78.597,18.483],[78.373,16.788],[79.303,18.744],[77.841,17.356],[79.71,17.851],[77.672,17.001],[79.263,18.663],[78.532,19.084],[79.524,18.608],[78.464,19.022],[77.604,17.277],[79.961,18.319],[79.845,16.767],[79.792,16.768],[77.976,18.856],[78.901,17.495],[78.068,16.297],[80.031,16.836],[80.017,18.692],[79.678,18.169],[79.738,16.984],[79.765,18.061],[78.46,16.569],[79.181,17.436],[79.633,18.142],[79.55,17.51],[79.638,18.147],[79.677,17.158],[79.795,18.094],[79.005,18.061],[78.883,17.298],[79.506,18.094],[78.773,18.668],[77.929,16.428],[78.953,17.164],[77.938,19.284],[79.361,18.071],[79.303,17.962],[78.825,18.597],[77.843,17.384],[79.419,18.235],[79.327,17.991],[78.635,18.422],[79.784,18.305],[79.171,19.465],[77.735,17.999],[78.542,18.29],[77.74,16.525],[77.617,16.856],[77.452,16.582],[80.393,17.303],[78.789,16.737],[79.901,17.007],[79.548,18.899],[78.149,16.016],[77.836,18.172],[80.224,17.364],[80.417,18.556],[77.864,17.422],[80.427,18.31],[80.543,18.404],[80.312,17.912],[78.322,19.613],[79.768,17.821],[77.748,16.236],[77.821,17.002],[79.321,18.882],[80.263,17.643],[79.19,18.91],[80.545,17.505],[79.556,19.442],[77.802,17.448],[79.44,19.107],[79.725,17.796],[78.806,18.95],[79.62,17.92],[78.739,18.746],[79.767,17.731],[78.995,16.536],[79.939,17.186],[79.489,17.191],[80.565,17.771],[78.266,16.376],[78.746,18.063],[80.488,17.945],[78.988,17.308],[79.039,18.389],[80.436,17.75],[77.884,18.012],[77.932,18.245],[79.354,18.758],[79.299,18.756],[77.699,17.047],[79.514,17.69],[77.772,16.155],[77.753,16.098],[79.737,17.931],[79.379,17.664],[78.045,18.225],[79.83,17.84],[78.989,17.205],[77.583,16.365],[79.258,17.873],[79.543,17.295],[78.572,19.067],[78.606,18.102],[79.598,17.326],[80.418,18.327],[79.849,19.46],[77.864,16.912],[78.18,19.261],[78.724,18.519],[78.527,16.776],[78.741,17.184],[79.246,18.063],[77.752,16.789],[79.392,19.296],[77.933,16.567],[78.139,16.941],[77.781,16.641],[80.588,17.478],[78.11,17.837],[78.295,17.998],[80.545,18.208],[80.413,17.309],[80.019,17.467],[77.948,16.28],[78.11,16.461],[78.508,17.814],[79.29,17.564],[79.12,18.311],[80.207,17.489],[78.098,17.887],[78.174,18.035],[78.395,17.971],[77.933,17.987],[79.55,18.331],[77.976,17.919],[77.861,17.628],[77.949,17.588],[79.249,18.976],[79.287,18.994],[80.13,17.512],[77.548,15.946],[77.498,16.233],[79.164,16.935],[79.304,17.19],[78.209,16.151],[79.581,19.259],[79.611,18.074],[78.866,17.898],[79.539,19.064],[77.728,15.924],[78.615,17.05],[78.467,17.097],[77.825,18.528],[78.925,17.029],[80.268,17.211],[78.932,16.61],[79.994,18.238],[80.01,17.521],[78.768,19.386],[78.143,18.546],[77.593,16.265],[80.221,17.434],[79.754,17.956],[78.189,18.719],[78.458,18.676],[79.879,17.988],[80.047,17.322],[79.608,18.11],[78.946,18.906],[79.95,17.286],[79.131,18.636],[79.324,18.173],[80.626,17.194],[77.873,17.43],[78.076,16.846],[91.562,23.023],[91.676,24.181],[91.806,24.18],[92.042,24.151],[92.019,24.372],[91.991,24.286],[91.469,23.892],[92.137,24.123],[92.22,24.346],[92.015,24.349],[91.491,23.59],[91.604,23.736],[92.184,23.873],[91.44,23.74],[91.773,23.222],[92.255,24.048],[91.414,23.726],[91.433,23.863],[91.234,23.774],[92.234,24.129],[92.209,24.005],[92.24,24.374],[92.22,23.717],[91.468,23.636],[91.74,23.456],[91.521,23.835],[91.547,23.799],[91.487,23.792],[91.178,23.623],[91.255,23.531],[91.367,23.445],[91.415,23.744],[91.462,23.715],[91.381,23.806],[91.352,23.897],[91.651,23.255],[91.668,23.15],[91.645,23.06],[91.552,23.024],[91.751,23.067],[91.728,23.089],[91.418,23.994],[91.586,23.813],[91.461,24.013],[91.695,23.076],[91.432,23.999],[91.195,23.619],[91.636,24.097],[91.629,24.058],[91.728,23.093],[92.097,24.027],[92.091,24.134],[91.705,23.748],[92.076,24.242],[91.626,24.049],[91.812,23.593],[92.074,23.81],[91.963,23.942],[91.791,23.656],[91.655,24.168],[91.568,24.028],[92.324,24.118],[91.616,23.071],[91.444,23.908],[91.892,23.454],[92.252,24.418],[92.21,24.171],[91.424,23.919],[91.618,23.859],[91.402,23.901],[91.311,23.636],[92.167,24.154],[91.949,24.326],[92.015,24.262],[91.686,23.795],[91.645,23.936],[92.168,24.2],[92.139,24.19],[92.122,23.799],[91.655,23.079],[91.89,23.948],[91.605,23.66],[91.454,24.003],[91.576,23.736],[91.798,23.4],[78.976,30.433],[79.211,29.676],[79.182,29.627],[79.948,28.874],[79.93,28.998],[77.978,29.88],[77.964,29.738],[79.459,30.509],[79.582,29.574],[79.31,29.894],[79.768,29.976],[78.916,30.488],[80.139,30.005],[79.452,29.209],[79.376,29.51],[79.642,29.411],[79.484,29.147],[79.612,29.338],[80.239,29.957],[80.366,29.839],[78.446,29.859],[79.304,29.993],[79.035,29.672],[79.605,28.885],[79.276,30.125],[79.095,30.11],[79.677,29.809],[79.481,30.37],[79.678,28.868],[78.412,30.555],[78.662,29.824],[78.447,30.781],[78.487,30.693],[80.211,30.133],[78.094,31.104],[78.88,30.386],[78.11,30.932],[78.256,30.668],[79.193,30.401],[79.351,30.208],[79.174,29.159],[78.554,30.382],[78.768,29.328],[78.778,29.315],[79.938,29.935],[80.013,29.369],[78.149,29.74],[78.794,30.378],[77.857,29.723],[78.105,30.787],[78.411,30.734],[77.949,29.875],[78.136,29.8],[79.741,29.645],[77.853,30.448],[79.419,29.594],[79.954,30.077],[78.173,30.265],[79.969,29.458],[78.23,30.948],[80.123,29.274],[80.112,29.464],[79.901,29.366],[80.224,29.422],[78.624,30.48],[79.129,30.603],[79.066,30.532],[79.148,30.482],[79.811,29.85],[80.304,29.95],[79.782,29.317],[79.904,29.055],[79.582,29.865],[79.075,30.257],[79.812,29.753],[79.208,29.148],[79.003,30.207],[79.015,30.273],[79.723,29.767],[77.827,30.37],[78.383,30.441],[80.03,29.573],[77.853,30.818],[79.797,29.869],[77.898,30.446],[77.885,30.943],[78.674,30.665],[79.068,30.084],[79.086,30.138],[78.852,30.162],[79.027,29.741],[78.662,30.58],[78.136,30.274],[78.293,30.23],[78.362,30.265],[79.08,29.75],[77.84,30.875],[78.303,29.89],[78.676,30.426],[80.075,29.672],[80.284,29.629],[78.295,30.87],[79.186,30.195],[78.071,30.378],[79.604,28.988],[80.039,29.344],[78.512,30.545],[79.038,29.751],[78.104,30.604],[80.125,29.848],[80.012,29.33],[79.101,29.785],[78.721,30.183],[79.576,29.84],[79.78,29.545],[79.397,29.688],[78.793,30.071],[78.272,30.184],[78.547,30.294],[79.607,29.335],[78.751,30.051],[79.782,29.868],[78.151,30.546],[78.681,30.415],[79.844,29.919],[78.634,29.792],[78.371,30.211],[78.836,30.303],[78.582,30.309],[78.63,30.21],[78.324,30.397],[78.877,30.304],[78.928,30.492],[78.62,30.517],[78.77,30.161],[78.33,30.042],[78.024,30.738],[79.814,29.913],[79.918,30.089],[80.113,29.957],[79.978,29.775],[78.867,29.978],[80.247,29.784],[77.757,30.462],[79.333,29.816],[78.576,30.298],[79.047,30.467],[78.632,30.335],[80.127,29.655],[79.504,29.445],[78.281,30.633],[79.592,29.142],[79.398,30.162],[78.84,30.402],[78.96,30.371],[78.152,30.218],[79.455,29.05],[79.298,29.556],[79.944,29.776],[79.775,29.932],[78.971,29.419],[79.23,29.509],[77.795,30.571],[78.028,31.024],[78.59,30.533],[79.079,28.933],[79.079,29.088],[79.173,28.591],[79.176,28.907],[78.984,28.737],[78.976,28.52],[78.927,28.614],[77.517,29.055],[79.891,28.645],[77.718,28.881],[77.827,28.936],[77.874,28.897],[77.521,28.655],[77.421,28.793],[82.673,27.545],[82.409,25.4],[83.401,24.702],[82.757,27.362],[82.613,27.468],[82.463,27.588],[82.323,27.189],[82.324,27.32],[78.851,27.433],[78.547,28.838],[77.911,28.722],[78.076,28.705],[78.344,29.009],[78.355,28.499],[78.312,28.739],[80.577,25.467],[80.474,28.005],[78.87,24.303],[80.951,25.495],[82.813,26.364],[79.285,27.417],[79.2,27.622],[77.806,29.451],[77.556,29.33],[77.57,28.678],[83.389,25.85],[77.807,29.52],[77.91,29.365],[83.972,26.361],[77.418,29.307],[80.072,27.875],[80.058,26.042],[80.232,25.673],[78.285,28.772],[81.06,27.577],[80.787,26.411],[83.854,26.507],[81.2,27.673],[81.194,27.474],[80.881,27.497],[79.073,27.544],[81.268,25.269],[83.412,26.35],[83.389,25.39],[83.867,25.528],[78.11,28.659],[83.731,26.124],[83.635,26.546],[83.653,26.358],[80.0,26.229],[79.841,27.026],[79.29,26.812],[78.506,27.427],[80.404,25.301],[80.622,25.412],[82.514,25.426],[79.183,26.795],[82.805,25.354],[77.666,28.479],[78.75,27.167],[78.731,27.156],[78.723,27.162],[78.912,26.847],[78.864,26.848],[82.744,25.334],[82.73,24.716],[79.115,26.654],[82.864,24.733],[83.356,24.775],[82.933,24.804],[79.118,26.615],[78.403,27.228],[77.588,28.936],[83.281,24.655],[82.418,25.77],[79.032,27.121],[82.623,25.933],[79.008,26.925],[81.114,27.434],[81.15,27.331],[79.913,25.656],[83.644,26.907],[83.765,25.92],[81.809,26.354],[79.886,28.388],[82.551,25.558],[81.05,25.386],[80.961,25.39],[81.745,26.112],[83.664,25.99],[80.342,26.852],[80.726,25.249],[80.317,25.754],[83.666,26.804],[81.436,25.238],[81.259,25.214],[80.585,25.161],[79.025,27.573],[81.129,27.724],[80.986,27.885],[77.708,27.951],[82.527,25.177],[78.561,29.142],[80.298,25.459],[83.645,25.922],[82.446,25.05],[79.548,26.429],[78.612,29.089],[83.464,25.997],[78.164,28.293],[80.996,25.02],[78.573,29.142],[83.349,25.979],[82.881,26.864],[81.22,25.2],[81.208,25.229],[83.674,25.567],[83.476,25.976],[78.583,29.059],[81.245,25.193],[83.606,25.866],[77.48,29.989],[83.558,25.724],[78.333,27.843],[78.633,29.078],[77.959,28.275],[81.263,26.869],[78.346,28.529],[77.891,28.459],[78.652,28.908],[81.467,26.33],[81.47,27.78],[81.468,27.783],[78.352,27.843],[79.516,26.859],[79.558,26.604],[78.417,28.06],[81.605,27.187],[83.549,26.129],[81.229,27.394],[79.381,26.594],[79.39,26.547],[78.598,28.02],[82.924,26.99],[79.389,26.892],[79.406,26.806],[80.789,27.268],[80.683,26.584],[78.347,28.084],[83.469,26.923],[83.044,27.057],[81.376,26.998],[78.224,28.005],[81.372,27.061],[77.907,27.842],[79.647,25.491],[79.405,25.319],[81.601,27.339],[78.143,27.957],[80.803,26.713],[77.781,28.079],[80.848,26.657],[80.137,25.509],[81.678,26.885],[79.911,28.73],[79.988,25.47],[81.012,26.669],[80.632,26.95],[81.094,26.616],[79.741,28.683],[79.688,28.678],[81.541,27.737],[79.688,28.692],[78.857,28.934],[81.965,26.091],[82.008,26.081],[81.717,26.332],[79.691,25.296],[78.438,29.616],[78.281,29.583],[78.336,29.2],[78.432,29.09],[78.57,27.509],[82.706,27.281],[80.228,26.953],[80.664,26.439],[80.377,26.617],[78.178,28.388],[81.941,25.522],[78.218,27.423],[81.996,25.717],[78.121,28.039],[77.999,27.901],[79.305,28.521],[78.028,28.241],[77.797,29.136],[82.405,26.726],[77.994,29.246],[83.809,26.109],[82.887,26.643],[77.983,28.746],[77.958,28.79],[82.714,25.308],[82.672,25.377],[82.541,26.694],[82.41,25.477],[82.537,26.834],[78.218,29.164],[78.26,29.046],[82.812,26.642],[81.257,26.925],[82.387,25.441],[77.619,29.174],[82.386,25.296],[78.191,27.528],[79.15,26.511],[81.863,25.31],[83.188,26.504],[81.683,25.327],[83.128,26.883],[78.262,29.473],[82.561,26.903],[78.24,29.507],[82.114,25.378],[82.17,25.556],[82.468,26.887],[81.895,25.56],[81.633,26.168],[82.073,25.219],[82.366,26.915],[83.092,26.669],[81.828,25.674],[81.748,25.291],[81.929,25.085],[82.029,25.729],[81.954,25.64],[81.962,25.643],[83.926,26.653],[82.715,26.87],[81.966,25.898],[79.709,26.056],[79.857,26.764],[77.708,27.252],[78.022,27.326],[81.807,25.78],[79.907,26.563],[79.858,26.006],[79.451,25.566],[82.009,26.345],[77.74,27.519],[81.817,25.988],[79.826,26.572],[82.179,25.97],[82.201,25.915],[82.099,25.962],[81.325,25.545],[81.447,25.582],[82.135,26.288],[78.902,28.254],[79.199,27.989],[78.065,27.521],[82.312,26.146],[82.238,26.159],[79.699,27.86],[78.281,27.69],[81.833,27.419],[82.188,27.628],[82.333,27.591],[82.449,27.294],[81.489,26.78],[78.64,27.836],[81.688,26.499],[80.675,25.876],[80.781,25.708],[82.583,25.31],[81.508,26.546],[81.476,26.479],[82.33,25.396],[82.1,26.131],[78.164,28.293],[82.96,27.138],[77.411,27.758],[80.603,26.036],[78.458,29.441],[78.418,29.501],[82.181,26.337],[78.586,29.519],[77.832,29.013],[82.839,25.345],[80.027,27.487],[82.741,25.43],[81.238,27.12],[81.021,25.825],[80.373,27.009],[82.105,26.746],[83.006,25.533],[80.67,28.23],[79.568,27.151],[79.588,27.094],[81.934,26.712],[82.997,26.382],[83.022,26.402],[80.25,26.072],[80.224,26.128],[78.683,29.249],[82.989,25.131],[80.7,27.993],[84.088,26.37],[77.615,29.901],[83.066,25.414],[77.606,29.603],[83.035,25.135],[79.401,26.156],[84.112,26.317],[81.592,25.433],[80.429,25.345],[78.53,27.29],[81.465,25.318],[79.49,27.689],[79.801,27.387],[80.11,26.691],[82.25,25.957],[80.067,28.226],[80.314,26.307],[80.088,28.004],[81.879,25.897],[82.243,26.706],[82.637,26.304],[77.312,29.373],[79.696,27.778],[77.207,29.29],[77.179,29.506],[77.27,29.546],[80.062,27.069],[81.903,26.703],[81.604,27.928],[81.362,27.552],[81.739,26.297],[82.254,26.255],[82.148,26.994],[81.325,26.742],[78.114,27.753],[81.235,26.16],[79.083,26.795],[83.79,25.849],[79.489,26.963],[80.365,26.689],[79.916,26.831],[78.626,24.974],[78.804,28.721],[80.343,26.052],[83.227,25.84],[78.752,28.727],[83.065,25.701],[79.982,26.854],[81.405,25.898],[83.014,25.907],[82.732,25.4],[84.114,25.849],[80.892,25.964],[84.101,25.866],[83.03,25.42],[83.036,26.799],[84.266,25.818],[83.01,25.937],[83.28,25.937],[83.078,25.906],[83.03,25.52],[83.268,26.312],[82.018,27.51],[80.935,26.332],[83.023,26.017],[83.977,26.073],[81.923,27.262],[78.537,28.002],[82.546,26.613],[81.752,27.703],[82.281,26.095],[82.54,26.295],[82.872,25.172],[82.247,26.997],[82.225,26.991],[79.553,25.939],[78.903,27.94],[81.217,26.894],[80.369,26.89],[83.176,25.681],[83.42,27.382],[83.621,27.411],[79.766,26.773],[79.269,26.218],[83.163,25.708],[83.953,26.707],[78.933,27.701],[81.221,26.336],[82.317,24.928],[78.694,28.637],[83.979,26.963],[80.059,26.289],[78.354,27.711],[78.443,25.541],[82.377,26.5],[82.555,25.126],[79.19,25.616],[80.215,27.626],[79.089,25.417],[83.682,27.038],[82.859,26.903],[83.727,27.397],[79.034,25.583],[78.461,28.011],[77.585,28.768],[81.74,27.911],[81.944,27.815],[79.235,25.626],[82.041,27.758],[83.756,27.214],[83.685,27.332],[78.451,27.585],[81.302,26.286],[79.477,25.427],[79.538,28.597],[79.333,28.654],[82.717,24.856],[79.243,28.479],[79.471,28.824],[81.166,27.213],[79.578,28.845],[80.422,26.05],[79.186,27.646],[80.786,25.991],[82.904,27.267],[81.891,26.58],[83.812,26.885],[78.704,27.822],[81.127,26.52],[83.311,27.276],[83.257,27.275],[80.97,26.18],[78.601,28.021],[77.595,30.185],[82.321,26.24],[83.567,26.946],[83.538,26.922],[78.479,28.176],[81.028,26.327],[83.506,27.102],[83.055,25.455],[81.11,26.183],[77.936,28.805],[79.221,25.694],[77.283,29.824],[82.326,26.506],[78.76,28.368],[79.504,26.013],[83.52,25.704],[79.128,25.387],[78.956,27.669],[83.125,26.455],[82.629,26.308],[78.876,27.687],[81.578,26.224],[79.568,26.115],[77.659,27.226],[83.174,26.186],[78.087,26.93],[77.514,28.693],[79.272,27.428],[82.453,25.526],[82.699,25.653],[82.457,26.127],[77.744,30.208],[77.276,29.165],[79.329,27.379],[82.529,24.91],[79.356,27.383],[77.573,28.731],[81.394,25.835],[81.546,25.781],[82.189,26.2],[77.659,30.126],[77.697,30.058],[79.507,28.254],[82.643,24.922],[83.122,25.98],[83.293,25.268],[83.194,25.205],[83.295,25.334],[82.747,24.89],[78.91,28.827],[79.379,27.175],[82.597,25.191],[79.175,27.057],[77.917,28.794],[81.457,27.432],[79.26,25.698],[82.503,25.142],[83.484,25.303],[83.248,25.459],[77.669,28.733],[77.275,29.364],[77.18,29.491],[82.96,26.108],[82.243,24.858],[80.739,25.759],[80.057,27.94],[77.692,30.104],[77.708,30.157],[78.747,27.08],[82.06,27.255],[81.944,27.048],[77.902,27.033],[83.826,26.277],[81.768,27.522],[77.475,28.75],[79.641,27.918],[82.632,25.652],[78.819,28.595],[77.511,30.066],[83.714,26.796],[82.271,26.384],[78.166,28.855],[82.864,25.744],[78.427,28.536],[82.446,26.073],[81.82,27.755],[79.684,27.43],[77.473,29.966],[79.505,27.252],[79.469,27.287],[82.172,27.404],[83.326,26.517],[77.514,29.673],[77.417,27.589],[84.011,26.664],[78.16,28.652],[83.136,27.193],[79.238,27.637],[83.855,26.989],[79.891,25.394],[83.577,26.824],[80.046,27.828],[78.309,27.48],[79.591,26.759],[81.213,26.693],[80.854,27.843],[83.339,25.073],[81.79,27.536],[78.739,27.8],[78.503,25.021],[82.556,26.974],[78.295,27.185],[84.507,25.783],[77.538,27.383],[78.422,27.316],[78.34,29.627],[78.398,24.891],[81.995,27.229],[81.991,27.208],[78.251,29.671],[82.237,26.992],[82.346,27.007],[82.06,26.906],[82.254,27.082],[79.735,25.871],[81.916,27.075],[79.518,28.266],[83.216,26.548],[82.514,27.058],[78.829,28.314],[78.669,24.695],[77.254,28.828],[77.286,28.793],[82.121,26.882],[81.887,27.037],[81.741,27.127],[79.901,28.36],[79.887,28.401],[78.008,28.087],[81.949,26.869],[79.916,25.96],[81.958,26.843],[81.988,26.866],[78.277,28.618],[78.295,28.874],[78.332,28.575],[78.345,28.773],[78.238,28.988],[78.161,27.941],[78.163,27.873],[79.12,26.568],[79.059,26.559],[78.01,27.937],[81.976,27.346],[81.975,27.322],[78.272,28.264],[82.514,27.058],[78.891,26.827],[81.988,27.314],[83.876,26.31],[82.503,26.983],[82.455,27.07],[79.47,25.661],[82.613,27.427],[82.688,27.459],[78.23,27.007],[82.181,27.679],[82.279,27.667],[82.072,27.577],[78.296,28.258],[78.155,28.473],[78.489,25.431],[82.089,26.961],[78.605,28.665],[78.582,27.271],[78.466,28.594],[77.861,27.892],[78.239,27.96],[78.253,27.985],[78.457,28.516],[78.434,25.187],[80.616,25.554],[78.299,28.536],[78.42,28.207],[80.423,27.044],[80.728,25.58],[78.434,27.445],[79.345,28.842],[78.522,28.126],[82.345,26.108],[79.014,26.903],[78.55,27.882],[82.458,26.041],[78.505,27.792],[80.414,25.863],[82.546,25.091],[83.115,25.164],[82.969,24.875],[81.737,27.258],[84.1,26.323],[82.925,25.02],[82.988,24.48],[83.082,26.739],[79.131,26.717],[82.463,25.423],[82.343,27.408],[82.316,27.292],[82.263,27.324],[82.67,25.365],[83.958,26.338],[80.616,25.139],[83.07,27.21],[83.194,26.855],[82.647,27.386],[82.961,25.178],[80.843,27.55],[82.992,27.098],[83.08,26.964],[79.145,28.794],[82.489,27.522],[82.254,27.494],[78.967,25.8],[81.36,27.018],[82.372,27.091],[82.347,27.186],[82.419,27.323],[81.449,26.898],[82.442,27.219],[82.283,27.275],[82.72,25.124],[82.059,27.39],[83.041,27.068],[83.013,27.008],[82.172,27.425],[79.852,28.562],[80.214,28.555],[84.075,26.254],[79.861,28.523],[78.969,28.969],[82.985,27.014],[79.93,28.276],[80.597,25.944],[79.974,28.149],[77.899,29.323],[79.717,28.528],[79.341,25.627],[79.638,28.601],[79.259,25.462],[77.682,30.259],[84.13,26.344],[81.406,26.97],[78.804,26.827],[78.475,26.933],[79.102,25.612],[78.036,27.048],[83.392,25.604],[81.694,26.888],[82.205,24.849],[78.898,27.482],[77.82,28.368],[83.399,25.532],[77.799,28.423],[81.309,26.642],[82.11,26.591],[83.644,25.981],[80.091,28.078],[83.664,25.906],[82.758,27.237],[83.769,25.99],[83.428,25.618],[83.321,25.607],[81.479,26.675],[81.272,27.116],[81.244,27.13],[81.428,26.725],[81.477,26.946],[81.432,26.572],[83.286,25.664],[81.602,26.906],[79.048,25.149],[78.969,25.437],[79.008,25.458],[79.758,26.956],[82.842,26.042],[79.754,26.838],[77.482,29.954],[79.179,25.694],[81.114,27.107],[82.547,24.934],[77.376,29.868],[77.584,28.616],[77.712,28.129],[77.623,28.539],[77.478,29.527],[77.607,28.577],[82.733,25.006],[83.061,26.924],[82.27,26.333],[83.088,26.953],[81.205,25.189],[79.692,27.197],[81.315,25.25],[81.416,25.236],[77.54,28.616],[82.464,26.07],[82.687,24.923],[78.8,25.556],[78.75,24.627],[80.092,27.561],[82.004,27.345],[82.498,25.305],[81.375,26.66],[81.913,27.444],[77.588,28.353],[77.705,29.858],[77.556,28.171],[78.78,24.231],[77.292,29.688],[78.277,24.819],[78.298,24.883],[83.483,26.286],[80.976,26.6],[83.49,27.45],[83.005,26.913],[78.485,27.089],[78.493,27.016],[81.282,27.153],[84.007,26.555],[80.993,27.117],[83.248,24.536],[78.431,24.679],[78.235,28.169],[79.12,27.714],[78.848,27.75],[80.906,25.467],[77.582,30.01],[80.881,25.496],[83.024,24.81],[82.955,24.781],[79.069,28.403],[83.158,25.931],[82.904,27.152],[77.342,28.967],[81.305,27.205],[81.326,27.208],[79.475,28.818],[82.904,27.034],[82.904,27.051],[79.257,28.359],[81.958,26.441],[78.414,24.866],[82.253,26.473],[77.61,28.627],[80.605,28.274],[83.3,24.442],[77.58,28.609],[80.529,25.57],[81.563,26.006],[79.501,28.641],[80.546,25.433],[80.604,25.378],[82.433,27.634],[81.338,26.87],[83.823,26.52],[82.985,27.379],[79.593,28.402],[81.646,26.693],[80.487,27.818],[77.625,29.868],[81.049,28.005],[82.208,26.843],[82.896,27.25],[83.101,26.001],[79.367,28.185],[77.766,28.384],[79.69,28.262],[82.179,26.427],[81.889,26.786],[81.819,26.765],[80.41,28.59],[79.852,26.994],[83.154,24.639],[82.573,27.576],[78.746,25.349],[80.449,25.472],[83.847,26.257],[83.306,26.76],[78.847,28.928],[79.052,27.652],[83.343,24.738],[77.82,29.404],[77.871,29.526],[77.962,29.492],[77.961,29.447],[81.115,25.465],[80.944,25.304],[80.996,25.368],[77.61,29.474],[77.512,29.365],[83.065,26.993],[77.282,29.512],[77.648,29.488],[77.696,28.399],[77.803,28.178],[77.432,29.344],[77.518,29.296],[78.292,28.823],[78.516,28.918],[79.749,26.353],[82.133,26.345],[79.999,26.27],[79.839,28.284],[79.921,28.159],[79.966,26.479],[79.893,26.593],[80.838,27.616],[80.85,27.68],[78.053,28.413],[78.961,28.586],[79.374,28.898],[80.632,27.705],[77.484,29.325],[82.08,26.113],[82.355,26.136],[80.901,27.568],[79.138,28.797],[77.312,29.03],[78.934,29.052],[80.948,25.346],[81.452,25.138],[82.058,26.303],[80.945,27.465],[78.983,29.05],[78.974,28.722],[78.99,28.746],[78.062,28.168],[81.121,27.11],[77.917,29.536],[78.311,28.851],[78.344,28.856],[82.539,26.318],[82.387,25.326],[77.416,27.729],[82.137,25.198],[81.402,27.135],[77.778,29.615],[79.125,28.668],[78.395,27.279],[80.8,25.366],[79.117,28.754],[82.144,25.791],[82.022,25.793],[82.187,25.953],[81.952,26.058],[82.101,25.721],[79.888,28.71],[77.133,29.546],[80.718,27.366],[79.544,25.798],[81.451,26.617],[81.122,27.26],[83.889,26.332],[82.421,26.433],[80.771,25.996],[78.296,28.784],[81.901,25.182],[78.28,29.027],[78.319,29.001],[81.132,26.968],[81.256,26.663],[81.163,26.97],[80.383,25.366],[80.473,25.244],[80.306,25.791],[79.635,25.831],[81.272,26.94],[81.387,26.687],[80.494,26.592],[77.736,28.491],[81.373,26.581],[81.37,27.161],[82.078,26.165],[81.463,26.751],[81.478,26.791],[82.379,26.452],[82.013,26.3],[81.714,25.603],[80.006,27.362],[83.58,25.894],[80.865,25.545],[81.123,25.274],[81.348,25.244],[81.414,26.242],[81.767,26.166],[77.672,28.618],[80.931,27.718],[83.626,26.018],[83.455,25.391],[79.794,28.233],[81.516,26.417],[80.944,27.724],[81.812,26.367],[81.733,26.204],[81.368,27.084],[78.677,27.197],[83.351,26.581],[78.474,27.095],[79.714,26.501],[80.772,25.209],[80.346,25.034],[80.434,28.48],[78.051,28.86],[80.718,28.163],[80.679,25.233],[80.919,26.19],[83.283,26.789],[83.445,26.853],[83.432,26.902],[83.493,26.812],[80.701,25.222],[82.352,25.346],[81.977,26.619],[82.03,26.682],[83.094,26.704],[83.262,26.903],[83.328,26.759],[83.214,26.652],[80.565,27.336],[83.007,27.364],[83.248,26.687],[83.234,26.589],[83.167,26.431],[81.511,26.861],[83.088,27.434],[83.295,26.866],[80.39,27.772],[83.123,27.431],[82.865,27.104],[80.577,25.083],[82.925,27.116],[82.809,27.291],[83.307,26.056],[83.304,25.821],[80.671,27.89],[78.923,26.86],[83.317,25.655],[82.963,25.756],[78.628,27.02],[83.274,26.789],[83.569,25.827],[83.209,26.777],[79.322,26.738],[83.261,26.58],[81.389,26.976],[83.237,26.708],[83.445,26.479],[83.272,26.806],[83.338,26.383],[82.263,26.691],[83.266,26.402],[81.508,27.997],[83.512,26.878],[83.49,26.302],[83.189,26.003],[78.34,28.47],[83.263,24.616],[80.932,28.438],[83.001,25.418],[82.821,25.925],[82.442,26.12],[78.094,29.522],[83.158,24.102],[83.279,26.636],[78.672,27.767],[82.628,27.179],[78.286,29.175],[82.123,27.207],[78.737,27.753],[82.591,27.138],[83.404,26.607],[78.711,27.676],[79.641,28.373],[78.701,29.256],[78.955,27.678],[83.016,24.074],[83.039,24.737],[82.917,27.479],[79.816,27.106],[83.819,26.669],[83.862,26.4],[83.414,27.048],[79.637,28.401],[80.514,27.72],[83.066,24.755],[77.182,29.216],[82.3,25.38],[81.733,25.153],[79.669,28.725],[79.444,27.2],[82.084,27.362],[80.215,27.083],[77.828,28.898],[82.23,25.092],[82.261,25.166],[81.929,26.332],[83.203,25.607],[80.274,27.725],[79.531,26.847],[82.65,25.932],[78.433,27.824],[79.605,25.342],[81.274,27.093],[83.042,26.044],[83.308,25.245],[83.253,26.032],[81.466,25.863],[79.547,27.324],[83.397,27.069],[83.814,26.412],[81.664,26.738],[82.966,25.972],[83.302,25.874],[82.95,24.702],[80.256,26.99],[84.008,26.393],[79.407,28.295],[79.696,28.266],[79.39,28.602],[77.675,28.828],[77.571,28.874],[78.37,29.043],[78.123,28.233],[79.736,26.463],[81.781,27.519],[78.483,27.482],[82.425,26.122],[82.044,25.394],[82.332,25.172],[83.015,26.897],[83.251,25.889],[83.443,26.373],[79.415,26.467],[82.723,26.059],[83.083,25.286],[82.966,26.543],[83.117,25.214],[81.903,26.421],[83.087,25.243],[80.189,27.154],[79.151,27.349],[83.167,26.24],[81.751,27.821],[83.366,26.472],[83.333,27.161],[83.39,27.114],[83.708,27.183],[83.694,27.218],[83.389,25.455],[79.677,26.814],[83.721,27.029],[83.611,27.018],[79.234,25.727],[78.217,27.481],[81.881,26.27],[82.028,26.602],[81.43,26.658],[81.352,26.709],[81.471,27.892],[83.221,25.261],[83.268,25.335],[82.177,25.25],[80.612,28.111],[80.371,28.086],[79.316,28.657],[80.581,28.025],[82.449,26.286],[83.314,25.415],[80.664,28.155],[83.919,26.206],[79.396,28.479],[82.805,25.157],[82.82,27.198],[80.46,27.635],[82.132,26.545],[82.393,26.309],[81.073,27.922],[80.756,27.85],[80.757,28.261],[83.822,26.474],[77.761,28.935],[80.453,27.321],[80.962,28.192],[79.534,26.252],[81.768,25.74],[83.91,26.493],[83.273,26.16],[81.081,27.3],[82.399,25.845],[81.084,27.413],[81.021,27.325],[80.494,25.286],[80.966,27.64],[83.028,26.756],[81.687,27.418],[81.186,27.342],[79.303,27.851],[81.102,26.812],[80.608,27.667],[78.909,27.733],[83.376,27.13],[81.473,27.969],[78.707,29.392],[77.865,29.018],[78.483,29.296],[80.876,27.809],[78.521,29.322],[80.568,27.618],[79.146,26.268],[81.012,27.607],[79.825,26.082],[80.472,27.061],[79.802,26.029],[79.918,25.996],[79.345,26.368],[79.217,26.211],[78.45,29.232],[79.868,26.031],[79.464,25.942],[79.518,26.015],[80.926,27.606],[79.256,28.14],[83.255,25.113],[80.483,27.553],[80.448,27.537],[81.115,25.603],[77.957,27.346],[78.911,29.001],[77.719,30.013],[77.278,29.909],[79.29,28.251],[79.176,26.123],[77.302,29.71],[77.289,29.942],[77.275,29.724],[77.669,29.867],[80.846,27.315],[80.52,27.666],[79.419,26.519],[77.502,29.649],[81.462,27.937],[83.721,26.638],[78.648,27.125],[82.762,27.38],[83.452,26.29],[80.458,26.008],[82.016,24.886],[82.113,25.011],[82.081,27.835],[82.008,27.235],[82.713,27.381],[83.028,25.653],[83.009,25.707],[78.34,29.106],[81.627,27.459],[82.667,25.825],[79.0,28.301],[78.872,28.287],[78.695,28.29],[78.221,27.83],[79.066,28.306],[80.49,28.556],[80.679,27.179],[80.608,27.186],[78.827,28.257],[83.799,26.433],[82.718,26.723],[79.637,26.407],[81.074,27.91],[82.819,26.649],[82.72,27.074],[81.613,27.934],[84.217,26.691],[82.766,26.789],[82.658,27.114],[82.749,26.786],[82.568,26.901],[80.469,27.962],[82.561,26.903],[83.516,26.851],[82.694,26.642],[82.762,26.979],[79.362,28.092],[82.835,26.924],[82.314,26.854],[82.419,26.881],[82.609,26.655],[82.306,26.801],[81.359,27.589],[79.776,27.623],[80.857,27.963],[80.271,27.853],[80.216,27.852],[80.251,27.77],[78.721,28.361],[78.978,27.947],[82.148,26.57],[81.828,27.495],[83.28,26.229],[81.956,25.001],[84.063,26.729],[79.785,26.221],[82.86,26.603],[83.816,26.797],[79.785,25.809],[83.989,26.844],[84.015,26.693],[83.219,25.466],[82.456,26.624],[82.445,25.27],[83.863,26.885],[78.818,28.446],[77.883,28.306],[80.55,28.232],[82.301,26.247],[81.984,25.643],[81.929,25.62],[81.922,25.644],[78.464,27.572],[79.418,28.022],[79.925,27.552],[82.074,25.392],[82.128,25.483],[82.131,25.407],[82.105,25.446],[80.002,27.614],[80.155,26.572],[81.924,25.03],[83.887,26.794],[83.356,26.027],[83.668,26.905],[78.99,28.716],[82.428,26.296],[78.551,28.602],[81.761,25.57],[81.071,28.168],[83.908,26.928],[77.402,30.063],[82.021,25.44],[82.039,25.96],[79.504,26.596],[77.861,28.116],[82.389,26.181],[82.809,26.748],[78.879,28.077],[79.266,28.08],[78.859,28.381],[81.385,27.617],[81.053,25.943],[82.166,25.251],[82.607,27.052],[82.682,26.482],[82.604,26.446],[79.087,27.984],[81.787,25.12],[79.245,27.499],[82.365,25.374],[78.153,29.446],[82.266,25.312],[81.924,25.566],[79.19,27.456],[82.622,26.997],[82.0,25.176],[82.336,25.338],[82.661,25.27],[81.736,25.868],[78.55,27.007],[78.555,27.154],[78.631,27.102],[81.831,26.649],[81.827,26.664],[78.958,28.611],[80.311,26.758],[81.823,26.588],[81.911,26.004],[78.816,27.125],[80.27,26.739],[82.014,26.01],[80.25,26.959],[80.372,26.829],[81.286,26.377],[81.877,25.298],[81.185,26.117],[79.207,27.522],[80.878,26.198],[81.54,26.0],[81.321,26.041],[83.185,26.83],[81.094,26.257],[80.276,26.904],[81.138,26.089],[82.891,27.121],[81.517,26.134],[82.028,25.08],[81.463,26.143],[83.559,26.056],[82.092,25.201],[79.319,27.931],[79.865,26.549],[78.575,29.007],[80.7,27.773],[79.593,28.03],[81.975,25.544],[78.058,27.314],[78.747,27.401],[81.259,25.973],[83.427,26.693],[77.68,26.96],[82.169,25.638],[83.349,26.845],[80.075,27.692],[79.479,27.41],[81.204,26.297],[81.273,26.679],[81.523,25.996],[82.62,25.186],[83.05,26.186],[79.558,27.935],[78.219,27.593],[78.401,27.641],[79.077,28.754],[78.694,25.447],[83.038,26.415],[82.036,27.518],[82.228,26.076],[80.682,26.362],[78.487,27.019],[82.01,25.249],[79.088,28.714],[79.327,27.576],[82.922,25.749],[83.41,27.408],[78.53,27.29],[77.795,28.868],[79.804,28.157],[81.126,26.008],[81.723,26.122],[81.169,26.033],[82.125,25.937],[78.987,28.688],[81.736,26.126],[81.201,26.561],[81.302,26.087],[79.039,28.701],[79.133,28.652],[81.008,25.978],[82.955,26.455],[81.131,27.732],[80.664,27.485],[83.287,26.243],[81.58,25.669],[80.303,25.743],[79.685,28.024],[83.316,27.305],[83.88,27.175],[79.6,25.743],[81.227,27.052],[83.079,25.376],[84.286,25.881],[82.103,27.168],[79.771,25.757],[84.033,25.817],[84.047,25.854],[81.974,26.139],[80.112,28.042],[81.723,26.12],[83.435,26.878],[83.856,25.979],[78.79,28.507],[77.611,29.065],[82.867,25.415],[81.883,26.84],[83.878,26.071],[82.934,25.612],[82.518,26.836],[79.966,25.749],[78.396,28.317],[84.044,26.013],[78.835,28.475],[79.65,27.935],[80.076,27.358],[80.255,27.204],[83.47,26.2],[78.453,26.901],[78.544,28.229],[78.13,27.615],[79.995,25.961],[79.796,27.897],[81.592,27.238],[78.071,27.285],[82.915,25.305],[79.744,27.373],[81.036,27.713],[79.799,27.473],[81.564,27.272],[82.433,25.773],[77.724,28.862],[82.577,26.133],[77.285,29.193],[81.624,25.852],[81.738,25.686],[80.371,26.241],[80.321,26.264],[80.245,26.397],[80.608,27.334],[79.061,28.511],[81.386,25.946],[81.374,25.944],[82.819,25.42],[82.849,27.225],[80.603,26.575],[77.823,27.821],[80.204,25.967],[81.695,26.432],[81.613,25.737],[82.439,25.591],[80.071,26.169],[80.964,25.829],[82.86,27.208],[80.041,25.619],[80.172,26.17],[83.093,25.409],[81.645,25.661],[79.265,28.116],[79.209,28.14],[83.401,27.258],[79.18,28.168],[83.546,26.773],[82.444,26.084],[82.054,25.709],[82.097,25.707],[80.54,26.642],[80.464,26.362],[78.822,27.005],[83.977,25.679],[80.125,25.877],[82.26,25.855],[79.726,27.418],[82.353,26.218],[82.872,25.492],[79.679,27.98],[83.511,26.746],[78.884,27.025],[79.955,27.803],[79.968,27.793],[80.816,26.453],[79.085,27.102],[80.808,26.468],[84.267,26.607],[78.14,28.077],[80.99,26.246],[77.703,27.857],[83.133,27.183],[78.986,27.386],[82.072,25.819],[80.305,26.007],[80.026,27.066],[79.57,27.605],[77.796,28.512],[83.37,25.36],[83.738,26.893],[80.107,27.452],[79.614,27.93],[83.581,26.983],[80.215,26.978],[80.193,26.987],[82.693,27.181],[80.764,28.264],[81.698,26.582],[83.785,26.04],[82.833,25.672],[83.728,27.173],[77.989,27.55],[79.927,27.975],[77.945,27.548],[80.835,27.174],[79.988,27.164],[81.231,25.831],[77.563,27.522],[77.719,27.379],[81.424,25.787],[80.886,26.217],[77.868,27.532],[77.727,27.987],[78.024,28.64],[80.054,26.872],[80.119,25.65],[80.174,26.473],[81.458,27.712],[81.529,27.497],[82.976,26.598],[81.113,26.117],[84.095,26.696],[81.678,27.243],[81.352,27.76],[81.544,27.399],[78.499,27.941],[80.677,26.684],[81.709,25.783],[77.52,29.018],[77.423,29.41],[80.219,27.312],[78.188,27.713],[80.214,27.446],[83.097,25.268],[82.499,25.631],[77.396,29.14],[82.564,25.616],[77.662,29.055],[78.405,27.946],[80.662,25.895],[77.515,28.97],[82.461,25.76],[77.725,29.187],[81.443,25.675],[77.895,28.654],[81.767,25.78],[83.497,26.546],[80.679,25.895],[83.12,25.546],[83.181,25.603],[82.978,25.507],[79.941,28.285],[81.597,27.171],[83.308,25.626],[83.114,25.565],[82.956,26.645],[77.857,29.133],[77.988,27.57],[79.064,28.915],[80.172,28.085],[83.764,25.817],[83.603,25.477],[82.575,27.285],[83.717,25.731],[82.603,27.249],[82.81,25.731],[83.114,25.565],[83.742,25.472],[82.488,25.939],[83.043,25.534],[82.643,25.424],[83.72,25.745],[78.888,27.244],[83.03,26.983],[83.632,25.403],[84.279,25.867],[84.117,25.898],[78.362,27.408],[81.826,26.369],[83.393,26.458],[78.508,28.234],[83.592,26.635],[77.192,29.057],[79.719,27.841],[79.823,27.686],[77.345,29.07],[80.226,28.218],[79.86,27.982],[79.685,27.8],[80.055,28.292],[80.038,28.046],[79.708,27.888],[80.045,28.213],[79.732,28.045],[80.826,25.625],[77.653,30.002],[80.684,25.525],[80.706,25.659],[80.43,25.566],[80.203,25.452],[80.302,25.615],[80.245,25.414],[78.586,28.95],[79.662,28.557],[77.694,29.522],[77.691,29.507],[77.801,29.32],[77.726,29.257],[77.792,29.617],[78.848,29.185],[77.882,28.135],[78.731,28.786],[83.415,26.458],[83.422,26.598],[77.528,28.806],[83.931,25.576],[82.581,27.359],[82.977,27.103],[81.785,25.656],[83.249,26.566],[82.905,27.443],[78.785,28.763],[83.532,26.266],[81.666,25.243],[81.647,25.134],[81.696,25.476],[83.497,26.831],[78.235,29.038],[78.612,29.231],[82.292,26.814],[83.58,26.658],[78.458,29.341],[82.849,27.225],[78.603,29.249],[78.592,29.251],[78.524,29.269],[79.044,28.653],[78.879,27.212],[81.906,25.575],[77.719,28.81],[77.79,28.858],[82.664,24.743],[78.218,29.136],[78.706,28.63],[81.09,25.77],[79.829,28.491],[78.406,29.281],[78.454,29.336],[78.386,29.404],[83.49,26.319],[81.692,25.571],[82.71,26.021],[82.655,26.011],[78.157,29.304],[78.32,29.252],[78.32,29.277],[83.326,26.998],[78.298,29.334],[78.309,29.3],[83.14,25.931],[82.676,26.961],[78.367,29.666],[83.051,24.124],[78.802,27.22],[82.33,25.697],[81.67,25.618],[83.45,26.821],[77.286,29.023],[82.479,25.673],[82.484,25.573],[82.465,25.576],[81.383,26.954],[79.232,28.712],[83.461,26.031],[82.943,26.891],[80.938,26.311],[82.947,24.841],[80.495,26.116],[82.916,24.858],[81.412,26.956],[81.171,25.858],[82.932,26.789],[83.028,26.41],[82.456,27.304],[82.527,26.043],[82.599,25.953],[81.229,27.156],[82.679,25.652],[83.556,26.222],[80.856,26.34],[81.055,25.679],[81.28,25.529],[81.13,25.65],[79.712,27.831],[79.865,26.267],[82.172,26.733],[81.094,25.831],[81.324,25.98],[78.692,29.369],[78.526,27.939],[81.823,27.86],[83.385,26.013],[82.912,26.564],[81.242,27.151],[82.416,25.657],[78.429,29.063],[77.676,28.007],[81.271,26.585],[78.5,29.075],[78.462,29.184],[78.382,29.029],[83.171,25.781],[83.393,26.076],[81.507,26.797],[82.66,25.854],[77.953,27.75],[82.843,25.721],[82.869,25.731],[82.575,26.493],[80.139,27.766],[81.008,25.975],[81.425,26.619],[81.082,26.773],[81.292,26.867],[83.212,26.798],[79.455,25.548],[81.844,26.625],[83.065,26.98],[80.066,25.975],[78.412,29.48],[78.52,29.533],[82.869,26.12],[78.412,29.368],[81.586,26.714],[77.783,27.894],[78.376,29.297],[77.851,27.89],[82.608,27.174],[81.523,26.715],[82.446,26.096],[81.639,27.874],[81.893,27.736],[83.458,26.312],[83.261,26.904],[83.504,26.314],[82.955,26.047],[83.47,26.323],[83.195,26.809],[83.254,26.519],[83.454,26.294],[83.602,26.363],[83.442,26.533],[78.021,27.979],[83.428,26.787],[83.345,27.078],[83.348,27.092],[82.056,25.51],[81.965,26.862],[83.504,26.628],[83.264,26.646],[83.194,26.582],[79.116,28.69],[83.494,26.644],[83.306,26.969],[83.323,26.832],[79.485,27.367],[81.602,26.915],[83.326,26.665],[83.346,25.78],[81.011,25.985],[81.389,25.375],[79.533,25.526],[78.325,27.357],[78.284,27.322],[83.361,26.932],[83.327,26.397],[82.169,25.356],[82.309,25.348],[82.289,25.336],[82.182,25.337],[83.186,26.849],[81.604,25.515],[83.745,25.716],[83.749,25.463],[83.352,25.846],[79.053,28.238],[80.15,26.514],[80.071,26.522],[81.328,26.026],[82.567,25.776],[82.558,25.786],[83.395,26.966],[79.059,28.619],[78.265,27.143],[83.337,26.469],[81.276,25.564],[81.985,25.507],[80.729,27.025],[80.284,27.342],[81.96,26.42],[82.191,27.705],[82.168,27.742],[79.222,25.362],[82.631,27.446],[78.349,27.256],[83.318,25.648],[78.88,28.672],[78.586,27.263],[79.436,27.44],[82.368,26.412],[82.474,26.843],[79.835,25.666],[83.643,26.106],[83.643,26.1],[78.098,27.721],[79.939,25.65],[78.623,27.261],[78.535,27.422],[82.657,27.268],[77.319,29.01],[78.944,28.585],[82.957,25.53],[82.416,25.328],[83.426,26.122],[79.085,28.738],[82.01,27.463],[78.782,29.01],[83.134,25.94],[82.747,25.405],[82.746,25.464],[82.254,25.17],[81.17,25.482],[83.795,26.661],[80.258,26.432],[82.776,25.385],[82.822,25.46],[83.771,26.421],[83.575,26.086],[83.552,26.054],[82.322,27.117],[79.346,27.445],[79.341,27.474],[83.343,27.264],[81.938,27.628],[81.912,27.626],[81.996,27.643],[83.497,26.706],[78.967,29.079],[81.984,27.48],[82.544,27.26],[82.609,27.365],[82.578,25.259],[83.671,27.12],[81.417,25.539],[83.35,25.878],[77.876,28.442],[80.429,26.766],[80.855,25.797],[80.695,26.697],[80.674,26.741],[80.525,26.773],[80.288,26.703],[79.274,28.852],[79.237,28.779],[83.773,25.967],[77.413,29.153],[83.065,24.166],[79.972,26.951],[83.352,24.506],[83.045,25.684],[82.952,26.986],[83.459,25.395],[83.005,26.859],[83.397,24.75],[81.483,26.532],[83.419,27.006],[82.398,25.643],[82.921,24.69],[82.827,24.804],[83.075,26.515],[83.748,25.987],[82.431,25.308],[79.839,26.555],[79.812,26.476],[79.83,26.523],[83.64,26.145],[83.158,26.638],[83.181,26.629],[81.877,26.542],[83.236,25.919],[82.277,27.585],[82.32,27.296],[82.662,26.102],[83.404,26.461],[82.904,25.26],[83.067,25.505],[80.089,26.321],[82.874,25.972],[79.137,27.085],[81.96,25.032],[81.79,25.613],[78.985,27.401],[84.03,25.937],[82.488,26.883],[83.977,26.059],[78.886,27.091],[82.596,26.301],[77.484,29.633],[77.277,29.0],[77.589,28.827],[79.724,27.855],[82.163,27.088],[78.035,28.87],[82.139,25.255],[83.565,26.818],[79.528,25.162],[83.124,25.251],[83.417,26.666],[78.049,28.835],[83.606,25.905],[83.564,26.127],[83.36,25.845],[79.294,26.183],[83.439,25.987],[77.865,27.508],[80.329,28.146],[83.902,25.807],[82.388,27.22],[83.15,26.639],[83.125,26.711],[80.293,25.814],[83.818,25.812],[83.804,25.85],[83.61,26.669],[83.011,25.994],[78.325,28.197],[82.246,25.695],[78.327,28.246],[83.426,26.289],[83.125,26.449],[83.449,26.844],[77.983,28.827],[82.313,26.47],[83.258,25.84],[82.937,24.844],[82.2,24.831],[77.767,28.837],[82.694,25.819],[83.596,27.396],[78.036,27.021],[82.979,24.744],[77.664,28.997],[78.283,28.296],[78.288,28.207],[82.584,26.467],[83.478,27.06],[82.701,25.697],[83.57,27.195],[83.599,27.257],[80.541,27.699],[83.417,27.475],[81.248,26.027],[83.671,27.015],[83.71,27.077],[81.153,26.04],[83.766,26.314],[84.151,26.336],[84.004,25.984],[84.033,25.924],[84.107,26.027],[83.976,25.797],[83.848,26.095],[84.081,25.822],[83.693,26.055],[83.897,26.001],[83.924,25.985],[77.521,28.62],[84.057,26.064],[83.89,25.991],[83.938,26.029],[80.638,27.478],[84.115,25.757],[80.883,27.56],[79.64,25.398],[83.922,25.839],[82.638,26.753],[83.788,25.837],[83.038,26.258],[82.007,25.113],[82.262,26.836],[80.896,27.644],[80.476,27.0],[80.356,26.961],[79.378,25.444],[79.344,27.336],[79.326,27.274],[82.938,25.857],[80.236,27.291],[80.115,27.11],[78.713,26.826],[82.13,25.034],[78.5,26.942],[83.869,25.826],[81.357,26.061],[83.759,27.204],[83.75,27.239],[81.128,27.465],[83.438,26.993],[83.445,27.046],[83.452,27.022],[83.318,27.118],[83.769,27.213],[83.335,27.084],[83.329,27.192],[83.392,27.126],[83.481,27.033],[83.55,27.006],[83.542,27.197],[83.504,27.343],[83.712,27.379],[83.462,27.042],[83.26,27.269],[83.256,27.256],[83.682,27.244],[81.697,25.542],[83.54,27.262],[82.546,27.158],[79.937,27.186],[80.758,27.299],[83.629,27.311],[83.695,27.259],[83.314,27.229],[83.538,27.47],[83.457,27.4],[83.627,27.401],[83.648,27.024],[83.476,27.093],[83.486,26.989],[83.591,26.978],[83.488,26.92],[83.671,27.418],[83.691,27.318],[83.079,25.785],[82.205,26.265],[83.133,26.241],[87.175,22.573],[86.915,23.452],[86.452,23.185]]}}]}