{"type":"FeatureCollection","features":[{"type":"Feature","properties":{"ID_0":105,"ISO":"IND","NAME_0":"India","ID_1":4,"NAME_1":"Assam","ID_2":41,"NAME_2":"Barpeta","NL_NAME_2":null,"VARNAME_2":null,"TYPE_2":"District","ENGTYPE_2":"District","STATE":"Assam","DISTRICT":"Barpeta"},"geometry":{"type":"Polygon","coordinates":[[[91.01208,26.78564],[91.01382,26.78544],[91.0309,26.78089],[91.0415,26.77904],[91.05398,26.77947],[91.05756,26.78231],[91.07559,26.80049],[91.08909,26.81844],[91.0966,26.8198],[91.10577,26.81422],[91.11687,26.8122],[91.12974,26.80848],[91.14402,26.80901],[91.18034,26.81145],[91.20235,26.80873],[91.21725,26.80889],[91.2369,26.80895],[91.24912,26.8063],[91.26234,26.805],[91.27686,26.79687],[91.28957,26.78888],[91.29505,26.78516],[91.29432,26.78194],[91.29607,26.77624],[91.29557,26.76451],[91.29152,26.74695],[91.29761,26.74805],[91.29981,26.73681],[91.29771,26.73127],[91.29761,26.72567],[91.29245,26.70613],[91.28805,26.68196],[91.27798,26.66635],[91.26591,26.66473],[91.25652,26.6585],[91.24341,26.64429],[91.24283,26.63217],[91.2447,26.62727],[91.24415,26.62331],[91.23779,26.62117],[91.23737,26.61738],[91.23874,26.61363],[91.26401,26.62065],[91.25509,26.59813],[91.2515,26.59269],[91.2451,26.59173],[91.24057,26.59222],[91.23875,26.58874],[91.24589,26.58521],[91.29038,26.58073],[91.2919,26.57254],[91.29346,26.56995],[91.29055,26.56705],[91.29051,26.56285],[91.28113,26.55782],[91.27263,26.55151],[91.2674,26.55178],[91.26787,26.54742],[91.26474,26.54739],[91.26566,26.54376],[91.2617,26.54424],[91.2599,26.54256],[91.25489,26.54155],[91.25358,26.53811],[91.24991,26.53522],[91.24866,26.52677],[91.24846,26.51786],[91.24703,26.51039],[91.25784,26.50386],[91.26231,26.49865],[91.26585,26.49372],[91.26553,26.48781],[91.25069,26.46746],[91.23775,26.45573],[91.23743,26.44941],[91.23212,26.44036],[91.23181,26.42456],[91.23634,26.4171],[91.23844,26.4038],[91.23512,26.39739],[91.23406,26.39279],[91.23656,26.38921],[91.23985,26.38676],[91.23904,26.38228],[91.24128,26.3795],[91.24506,26.37711],[91.24752,26.37352],[91.24764,26.36783],[91.2615,26.36839],[91.27814,26.37307],[91.27925,26.37052],[91.27276,26.36542],[91.2707,26.36221],[91.27378,26.35781],[91.27713,26.35514],[91.27546,26.34837],[91.27577,26.34152],[91.26862,26.34049],[91.26617,26.33678],[91.26952,26.32818],[91.26264,26.31605],[91.2583,26.31672],[91.255,26.31145],[91.25878,26.30734],[91.2607,26.3029],[91.25362,26.3022],[91.25047,26.29976],[91.25222,26.29596],[91.26048,26.29128],[91.25737,26.28763],[91.25069,26.28325],[91.23733,26.27791],[91.22689,26.28145],[91.21523,26.26856],[91.21754,26.2655],[91.21848,26.26117],[91.22461,26.26283],[91.23328,26.26288],[91.23656,26.26183],[91.23928,26.25725],[91.23788,26.25219],[91.22626,26.24195],[91.22118,26.23261],[91.21877,26.22562],[91.21463,26.22146],[91.21886,26.21653],[91.22814,26.21541],[91.23493,26.21254],[91.24155,26.20414],[91.24832,26.19983],[91.2406,26.19253],[91.23895,26.18145],[91.2335,26.18287],[91.22488,26.18062],[91.18042,26.17433],[91.16486,26.17002],[91.14565,26.16],[91.13029,26.15898],[91.1158,26.15404],[91.09962,26.16233],[91.09052,26.1644],[91.08044,26.16052],[91.07328,26.15667],[91.05543,26.13989],[91.05188,26.13573],[91.05135,26.1317],[91.04834,26.12891],[91.04234,26.1286],[91.03575,26.1256],[91.03087,26.12138],[91.02456,26.11998],[91.01796,26.12371],[91.00571,26.12914],[91.00177,26.12992],[90.99669,26.12755],[90.98837,26.12474],[90.98383,26.12055],[90.97232,26.112],[90.96873,26.10763],[90.95485,26.09742],[90.95003,26.0955],[90.93563,26.09427],[90.93267,26.09812],[90.92956,26.0973],[90.9228,26.09253],[90.91324,26.08952],[90.90924,26.09037],[90.90214,26.09372],[90.8996,26.09415],[90.89062,26.09509],[90.87753,26.09535],[90.86823,26.098],[90.86275,26.10665],[90.85991,26.1129],[90.85877,26.11349],[90.84697,26.11705],[90.83791,26.11148],[90.83106,26.11549],[90.82191,26.11753],[90.81419,26.12107],[90.80347,26.12374],[90.78508,26.13204],[90.7767,26.13462],[90.77218,26.13507],[90.75482,26.13735],[90.73793,26.13748],[90.73094,26.13559],[90.7215,26.13501],[90.71841,26.13216],[90.71355,26.13538],[90.71188,26.13563],[90.71171,26.13782],[90.71244,26.13913],[90.70907,26.13934],[90.70611,26.14755],[90.69696,26.14983],[90.69456,26.15077],[90.69131,26.15335],[90.68962,26.15849],[90.67483,26.18559],[90.66952,26.20424],[90.66658,26.2087],[90.66621,26.21245],[90.66478,26.21373],[90.66267,26.21802],[90.66214,26.22095],[90.66031,26.22316],[90.65808,26.22799],[90.65777,26.22866],[90.65167,26.23677],[90.65205,26.24172],[90.65453,26.24637],[90.66058,26.24932],[90.66391,26.25227],[90.67667,26.25676],[90.68371,26.25762],[90.70169,26.25612],[90.71549,26.26393],[90.72269,26.2578],[90.72498,26.25703],[90.72971,26.2579],[90.73222,26.25944],[90.73192,26.26589],[90.73087,26.26849],[90.719,26.26827],[90.71765,26.27699],[90.71809,26.28229],[90.71908,26.28396],[90.73033,26.29582],[90.74174,26.30027],[90.74536,26.3027],[90.74615,26.30511],[90.74978,26.30899],[90.7587,26.31335],[90.76282,26.31094],[90.76635,26.30704],[90.77557,26.30377],[90.78979,26.30305],[90.79428,26.30588],[90.79801,26.30671],[90.79915,26.30629],[90.80082,26.30726],[90.80351,26.31363],[90.80094,26.32109],[90.79388,26.32376],[90.7915,26.32552],[90.78881,26.32584],[90.78902,26.32837],[90.80022,26.33909],[90.80373,26.34349],[90.8035,26.34909],[90.80421,26.35115],[90.80708,26.35522],[90.81758,26.36601],[90.82296,26.36694],[90.82568,26.36581],[90.83118,26.36125],[90.8388,26.35835],[90.8402,26.35828],[90.8477,26.36097],[90.85435,26.36112],[90.85749,26.36207],[90.86001,26.36874],[90.85966,26.37584],[90.85584,26.38137],[90.84953,26.38662],[90.8467,26.38993],[90.84458,26.3945],[90.84547,26.39814],[90.84327,26.4027],[90.84848,26.41263],[90.84998,26.4185],[90.85503,26.42537],[90.85815,26.4319],[90.85838,26.43421],[90.85622,26.43694],[90.85067,26.44138],[90.8435,26.44588],[90.84113,26.44459],[90.83759,26.43897],[90.8317,26.43395],[90.82825,26.43267],[90.82499,26.43258],[90.82156,26.43405],[90.81944,26.43408],[90.81714,26.43272],[90.79836,26.42835],[90.79311,26.42886],[90.78571,26.43913],[90.7858,26.44103],[90.7869,26.44189],[90.79288,26.44494],[90.79518,26.44498],[90.80038,26.44113],[90.80784,26.43938],[90.81409,26.43944],[90.81769,26.44148],[90.82484,26.45011],[90.82483,26.45351],[90.81779,26.46171],[90.81626,26.47676],[90.8061,26.47714],[90.80325,26.47902],[90.80309,26.48282],[90.80418,26.48668],[90.8023,26.49464],[90.80479,26.49283],[90.80552,26.50015],[90.80816,26.5007],[90.81215,26.49893],[90.81566,26.49463],[90.82102,26.49285],[90.82442,26.49951],[90.82741,26.50172],[90.83453,26.50454],[90.8374,26.50462],[90.84269,26.49881],[90.84518,26.49746],[90.84988,26.4993],[90.85101,26.50224],[90.84853,26.50832],[90.85012,26.51787],[90.84923,26.52197],[90.85095,26.5258],[90.85247,26.53433],[90.84639,26.53393],[90.84142,26.5363],[90.82982,26.53905],[90.8289,26.5413],[90.82735,26.54109],[90.82781,26.55664],[90.81987,26.56047],[90.81744,26.56417],[90.81602,26.56857],[90.82673,26.57572],[90.84325,26.57148],[90.84602,26.57232],[90.84763,26.57806],[90.84924,26.57944],[90.85121,26.58299],[90.84949,26.58341],[90.85191,26.59571],[90.85355,26.59824],[90.85944,26.59939],[90.8643,26.59871],[90.86719,26.6003],[90.86896,26.60282],[90.8703,26.60672],[90.87274,26.61685],[90.87804,26.62054],[90.88268,26.62171],[90.88963,26.62504],[90.89625,26.6319],[90.89816,26.63546],[90.89899,26.64],[90.8997,26.65879],[90.89848,26.6622],[90.89336,26.66426],[90.89269,26.66646],[90.89327,26.6702],[90.89581,26.67756],[90.89902,26.68283],[90.89728,26.6866],[90.89796,26.68975],[90.89914,26.69142],[90.90541,26.69521],[90.90768,26.69813],[90.91003,26.70542],[90.91414,26.71078],[90.91425,26.71384],[90.91182,26.71805],[90.91226,26.72667],[90.92059,26.73624],[90.92156,26.7404],[90.92779,26.74508],[90.93231,26.7563],[90.93401,26.7588],[90.93681,26.76094],[90.93671,26.76331],[90.94062,26.77068],[90.94145,26.77508],[90.94968,26.77703],[90.95339,26.77962],[90.95476,26.78384],[90.96085,26.78466],[90.97061,26.78513],[90.97098,26.78515],[90.97595,26.78539],[90.98738,26.78753],[90.99313,26.78802],[90.99601,26.78827],[91.00321,26.78665],[91.01208,26.78564]]]}},{"type":"Feature","properties":{"ID_0":105,"ISO":"IND","NAME_0":"India","ID_1":4,"NAME_1":"Assam","ID_2":42,"NAME_2":"Bongaigaon","NL_NAME_2":null,"VARNAME_2":null,"TYPE_2":"District","ENGTYPE_2":"District","STATE":"Assam","DISTRICT":"Bongaigaon"},"geometry":{"type":"Polygon","coordinates":[[[90.95476,26.78384],[90.95339,26.77962],[90.94968,26.77703],[90.94145,26.77508],[90.94062,26.77068],[90.93671,26.76331],[90.93681,26.76094],[90.93401,26.7588],[90.93231,26.7563],[90.92779,26.74508],[90.92156,26.7404],[90.92059,26.73624],[90.91226,26.72667],[90.91182,26.71805],[90.91425,26.71384],[90.91414,26.71078],[90.91003,26.70542],[90.90768,26.69813],[90.90541,26.69521],[90.89914,26.69142],[90.89796,26.68975],[90.89728,26.6866],[90.89902,26.68283],[90.89581,26.67756],[90.89327,26.6702],[90.89269,26.66646],[90.89336,26.66426],[90.89848,26.6622],[90.8997,26.65879],[90.89899,26.64],[90.89816,26.63546],[90.89625,26.6319],[90.88963,26.62504],[90.88268,26.62171],[90.87804,26.62054],[90.87274,26.61685],[90.8703,26.60672],[90.86896,26.60282],[90.86719,26.6003],[90.8643,26.59871],[90.85944,26.59939],[90.85355,26.59824],[90.85191,26.59571],[90.84949,26.58341],[90.85121,26.58299],[90.84924,26.57944],[90.84763,26.57806],[90.84602,26.57232],[90.84325,26.57148],[90.82673,26.57572],[90.81602,26.56857],[90.81744,26.56417],[90.81987,26.56047],[90.82781,26.55664],[90.82735,26.54109],[90.8289,26.5413],[90.82982,26.53905],[90.84142,26.5363],[90.84639,26.53393],[90.85247,26.53433],[90.85095,26.5258],[90.84923,26.52197],[90.85012,26.51787],[90.84853,26.50832],[90.85101,26.50224],[90.84988,26.4993],[90.84518,26.49746],[90.84269,26.49881],[90.8374,26.50462],[90.83453,26.50454],[90.82741,26.50172],[90.82442,26.49951],[90.82102,26.49285],[90.81566,26.49463],[90.81215,26.49893],[90.80816,26.5007],[90.80552,26.50015],[90.80479,26.49283],[90.8023,26.49464],[90.80418,26.48668],[90.80309,26.48282],[90.80325,26.47902],[90.8061,26.47714],[90.81626,26.47676],[90.81779,26.46171],[90.82483,26.45351],[90.82484,26.45011],[90.81769,26.44148],[90.81409,26.43944],[90.80784,26.43938],[90.80038,26.44113],[90.79518,26.44498],[90.79288,26.44494],[90.7869,26.44189],[90.7858,26.44103],[90.78571,26.43913],[90.79311,26.42886],[90.79836,26.42835],[90.81714,26.43272],[90.81944,26.43408],[90.82156,26.43405],[90.82499,26.43258],[90.82825,26.43267],[90.8317,26.43395],[90.83759,26.43897],[90.84113,26.44459],[90.8435,26.44588],[90.85067,26.44138],[90.85622,26.43694],[90.85838,26.43421],[90.85815,26.4319],[90.85503,26.42537],[90.84998,26.4185],[90.84848,26.41263],[90.84327,26.4027],[90.84547,26.39814],[90.84458,26.3945],[90.8467,26.38993],[90.84953,26.38662],[90.85584,26.38137],[90.85966,26.37584],[90.86001,26.36874],[90.85749,26.36207],[90.85435,26.36112],[90.8477,26.36097],[90.8402,26.35828],[90.8388,26.35835],[90.83118,26.36125],[90.82568,26.36581],[90.82296,26.36694],[90.81758,26.36601],[90.80708,26.35522],[90.80421,26.35115],[90.8035,26.34909],[90.80373,26.34349],[90.80022,26.33909],[90.78902,26.32837],[90.78881,26.32584],[90.7915,26.32552],[90.79388,26.32376],[90.80094,26.32109],[90.80351,26.31363],[90.80082,26.30726],[90.79915,26.30629],[90.79801,26.30671],[90.79428,26.30588],[90.78979,26.30305],[90.77557,26.30377],[90.76635,26.30704],[90.76282,26.31094],[90.7587,26.31335],[90.74978,26.30899],[90.74615,26.30511],[90.74536,26.3027],[90.74174,26.30027],[90.73033,26.29582],[90.71908,26.28396],[90.71809,26.28229],[90.71765,26.27699],[90.719,26.26827],[90.73087,26.26849],[90.73192,26.26589],[90.73222,26.25944],[90.72971,26.2579],[90.72498,26.25703],[90.72269,26.2578],[90.71549,26.26393],[90.70169,26.25612],[90.68371,26.25762],[90.67667,26.25676],[90.66391,26.25227],[90.66058,26.24932],[90.65453,26.24637],[90.65205,26.24172],[90.65167,26.23677],[90.65777,26.22866],[90.65808,26.22799],[90.64515,26.226],[90.62048,26.22394],[90.59993,26.19928],[90.57116,26.189],[90.54033,26.18695],[90.51772,26.17462],[90.47867,26.16023],[90.454,26.14584],[90.42523,26.14379],[90.39851,26.1479],[90.35946,26.16023],[90.34599,26.17594],[90.36205,26.17743],[90.37297,26.17927],[90.37518,26.18166],[90.37613,26.18893],[90.37694,26.20665],[90.3758,26.21339],[90.37568,26.22157],[90.37761,26.2241],[90.38133,26.22574],[90.38383,26.22566],[90.38694,26.22512],[90.39234,26.22238],[90.39417,26.22058],[90.39807,26.22085],[90.40294,26.22421],[90.41402,26.23461],[90.41794,26.23655],[90.42567,26.24456],[90.43638,26.24345],[90.43823,26.24436],[90.43896,26.24689],[90.43365,26.25142],[90.42937,26.2572],[90.4292,26.2594],[90.42999,26.26088],[90.43383,26.26229],[90.43656,26.26113],[90.43947,26.25424],[90.44508,26.24984],[90.4467,26.24884],[90.44817,26.249],[90.45055,26.25067],[90.45108,26.25239],[90.44445,26.25836],[90.44199,26.26189],[90.44182,26.26472],[90.44423,26.26895],[90.44784,26.27194],[90.44975,26.27249],[90.45664,26.26617],[90.45956,26.26523],[90.46604,26.26507],[90.46897,26.26631],[90.47162,26.26894],[90.47228,26.27159],[90.4698,26.27263],[90.45544,26.27275],[90.45489,26.28045],[90.45621,26.28465],[90.45728,26.27808],[90.45978,26.27748],[90.46903,26.27811],[90.46797,26.28094],[90.46402,26.2823],[90.46264,26.28829],[90.4634,26.28921],[90.46717,26.28924],[90.47424,26.28826],[90.47865,26.28968],[90.47956,26.29041],[90.47984,26.29248],[90.47942,26.29623],[90.47755,26.29958],[90.47713,26.30207],[90.47851,26.30534],[90.4774,26.30828],[90.4684,26.32148],[90.46629,26.32644],[90.46905,26.32769],[90.47278,26.33135],[90.47176,26.33262],[90.46949,26.33321],[90.46115,26.33039],[90.456,26.33798],[90.4539,26.33901],[90.4561,26.34321],[90.45267,26.3498],[90.45456,26.35254],[90.45656,26.35631],[90.45212,26.35814],[90.44913,26.35408],[90.44719,26.35796],[90.44719,26.36525],[90.44614,26.3819],[90.44302,26.39752],[90.43886,26.41522],[90.43574,26.43708],[90.44614,26.44957],[90.45864,26.46622],[90.4576,26.48496],[90.44927,26.49329],[90.42949,26.49329],[90.41492,26.48184],[90.39514,26.48184],[90.37744,26.486],[90.36911,26.50058],[90.35766,26.52244],[90.3535,26.54638],[90.36495,26.55263],[90.38993,26.55991],[90.40971,26.55783],[90.42532,26.55054],[90.43782,26.55054],[90.4576,26.54846],[90.46905,26.54118],[90.49091,26.53493],[90.50549,26.54222],[90.53359,26.54013],[90.55649,26.5266],[90.57211,26.53181],[90.57419,26.55367],[90.56482,26.57865],[90.54712,26.59947],[90.53775,26.61196],[90.52422,26.6307],[90.52318,26.64319],[90.52318,26.66505],[90.53255,26.68691],[90.54088,26.7119],[90.56065,26.74209],[90.58772,26.77123],[90.61499,26.79509],[90.61757,26.79462],[90.63032,26.79167],[90.63707,26.78663],[90.6491,26.77428],[90.65691,26.7762],[90.66251,26.77864],[90.66982,26.78073],[90.67938,26.78024],[90.68237,26.77741],[90.69357,26.77125],[90.69987,26.76801],[90.71227,26.76758],[90.71698,26.76791],[90.72302,26.76755],[90.72897,26.76837],[90.73398,26.76934],[90.73701,26.77309],[90.741,26.77504],[90.74666,26.77467],[90.76237,26.77356],[90.77216,26.77388],[90.78674,26.77419],[90.80215,26.77405],[90.81824,26.77527],[90.83685,26.77671],[90.84842,26.77723],[90.87072,26.77962],[90.89692,26.77864],[90.92696,26.78211],[90.95476,26.78384]]]}},{"type":"Feature","properties":{"ID_0":105,"ISO":"IND","NAME_0":"India","ID_1":4,"NAME_1":"Assam","ID_2":43,"NAME_2":"Cachar","NL_NAME_2":null,"VARNAME_2":null,"TYPE_2":"District","ENGTYPE_2":"District","STATE":"Assam","DISTRICT":"Cachar"},"geometry":{"type":"Polygon","coordinates":[[[92.4259,25.03182],[92.43192,25.03291],[92.43788,25.03375],[92.44178,25.03985],[92.44653,25.04204],[92.45102,25.04095],[92.45421,25.03661],[92.4568,25.03503],[92.45976,25.03518],[92.46326,25.03713],[92.46466,25.04723],[92.46286,25.05015],[92.46015,25.04959],[92.45984,25.05466],[92.46204,25.05583],[92.46367,25.05557],[92.46599,25.05716],[92.46751,25.06137],[92.47092,25.06689],[92.47462,25.0708],[92.47655,25.07825],[92.48018,25.08584],[92.47976,25.09574],[92.48032,25.10041],[92.4843,25.10806],[92.49911,25.10815],[92.50978,25.10547],[92.52651,25.10585],[92.53201,25.10396],[92.53805,25.09931],[92.54295,25.0996],[92.5446,25.09933],[92.54874,25.10596],[92.55817,25.10578],[92.56019,25.10639],[92.56562,25.10345],[92.57445,25.10385],[92.57966,25.10468],[92.58743,25.1073],[92.59598,25.10843],[92.60291,25.11261],[92.605,25.11275],[92.61354,25.10687],[92.62083,25.10436],[92.62296,25.10433],[92.6265,25.10898],[92.63024,25.11029],[92.63452,25.11029],[92.63648,25.1114],[92.63863,25.11616],[92.64319,25.11926],[92.6479,25.12029],[92.65231,25.11954],[92.65592,25.11739],[92.65714,25.11544],[92.66034,25.11613],[92.66217,25.11573],[92.66611,25.11302],[92.67242,25.11062],[92.67726,25.11119],[92.68476,25.11629],[92.68715,25.11691],[92.6925,25.11639],[92.69625,25.11331],[92.69808,25.11201],[92.70174,25.11125],[92.7076,25.11345],[92.71249,25.11857],[92.71658,25.12006],[92.72018,25.11802],[92.72285,25.11546],[92.72589,25.11469],[92.72816,25.11961],[92.73724,25.12668],[92.73798,25.12819],[92.73725,25.13071],[92.73174,25.14027],[92.73321,25.14547],[92.73635,25.14354],[92.73727,25.14212],[92.73834,25.14178],[92.73978,25.14318],[92.74649,25.13791],[92.75039,25.13835],[92.75636,25.14123],[92.7596,25.13057],[92.7655,25.1239],[92.76726,25.11959],[92.76832,25.11333],[92.76764,25.10612],[92.77677,25.09736],[92.78352,25.08925],[92.786,25.08795],[92.78812,25.08775],[92.79881,25.08855],[92.80265,25.08808],[92.80854,25.08584],[92.82732,25.07528],[92.8291,25.07421],[92.83094,25.07117],[92.83054,25.0646],[92.83127,25.06305],[92.83597,25.05769],[92.84127,25.05591],[92.85267,25.06149],[92.85623,25.06499],[92.85866,25.06605],[92.86601,25.06642],[92.86996,25.06875],[92.87565,25.06796],[92.88293,25.0697],[92.88581,25.07106],[92.88979,25.07662],[92.90176,25.08233],[92.91421,25.08304],[92.92385,25.0825],[92.93581,25.08002],[92.94206,25.07739],[92.94614,25.07334],[92.95205,25.07334],[92.95603,25.07632],[92.95627,25.08657],[92.9574,25.08912],[92.96254,25.09124],[92.96821,25.09147],[92.97861,25.08788],[92.98306,25.09041],[92.98862,25.09661],[92.99371,25.0981],[93.00006,25.09827],[93.00843,25.09925],[93.01932,25.0984],[93.02215,25.1027],[93.03355,25.10652],[93.04418,25.10608],[93.04977,25.10204],[93.04809,25.09672],[93.04154,25.08805],[93.03048,25.07824],[93.02386,25.07663],[93.01781,25.06425],[93.02643,25.05528],[93.02951,25.04993],[93.03875,25.04276],[93.04054,25.03938],[93.0501,25.03582],[93.05701,25.02995],[93.05743,25.02709],[93.06115,25.02583],[93.06413,25.01848],[93.0617,25.01742],[93.05953,25.01491],[93.05911,25.01112],[93.06257,25.0094],[93.0635,25.00518],[93.06891,25.00579],[93.07227,25.00335],[93.07224,25.00046],[93.17115,25.00001],[93.18118,24.99866],[93.18432,24.99866],[93.18482,24.99821],[93.18617,24.99818],[93.18717,24.99992],[93.19003,24.99992],[93.19002,24.99364],[93.19432,24.99489],[93.19857,24.99363],[93.19999,24.99112],[93.19856,24.98861],[93.2014,24.98609],[93.20705,24.98357],[93.21406,24.98605],[93.2169,24.9898],[93.2197,24.98978],[93.22386,24.9885],[93.22525,24.98724],[93.22944,24.98847],[93.23218,24.98721],[93.23355,24.98596],[93.22927,24.97972],[93.23475,24.9772],[93.23613,24.97721],[93.23753,24.97971],[93.23893,24.97972],[93.24026,24.97597],[93.24303,24.97598],[93.24443,24.97346],[93.24446,24.97095],[93.24728,24.97097],[93.25288,24.97515],[93.25291,24.97263],[93.25871,24.97265],[93.26324,24.96638],[93.26333,24.96388],[93.26059,24.95887],[93.26083,24.95387],[93.26241,24.95137],[93.25951,24.95136],[93.25354,24.95509],[93.24924,24.95508],[93.24939,24.95259],[93.25092,24.9501],[93.25111,24.94635],[93.25412,24.94262],[93.24984,24.9426],[93.24693,24.94385],[93.24408,24.94384],[93.24132,24.94134],[93.23998,24.93884],[93.24004,24.93758],[93.24144,24.93759],[93.24708,24.9401],[93.2485,24.9401],[93.2472,24.93634],[93.24305,24.93133],[93.24451,24.93008],[93.2502,24.93008],[93.25326,24.91883],[93.25046,24.91506],[93.24186,24.91504],[93.24043,24.91628],[93.23899,24.91503],[93.24189,24.91127],[93.24336,24.9075],[93.24338,24.90374],[93.24195,24.90122],[93.23622,24.90245],[93.23338,24.89869],[93.23338,24.89491],[93.23049,24.8949],[93.23483,24.88989],[93.23339,24.88485],[93.22909,24.88484],[93.22622,24.88107],[93.22909,24.8773],[93.22481,24.87478],[93.22195,24.87099],[93.21906,24.86972],[93.21619,24.86469],[93.21429,24.86195],[93.21014,24.85904],[93.2087,24.85653],[93.20584,24.85526],[93.20007,24.85776],[93.1972,24.85649],[93.19865,24.85273],[93.20152,24.85022],[93.20155,24.84394],[93.1958,24.84644],[93.19438,24.84392],[93.19727,24.84016],[93.1987,24.84016],[93.20013,24.84143],[93.20155,24.84017],[93.19871,24.83639],[93.19583,24.83764],[93.19439,24.83764],[93.19297,24.83638],[93.19298,24.83387],[93.19729,24.83388],[93.193,24.82632],[93.1916,24.82256],[93.19591,24.81629],[93.19878,24.81504],[93.19736,24.81126],[93.1945,24.80875],[93.19308,24.80623],[93.1902,24.80622],[93.1859,24.80495],[93.18159,24.80494],[93.18018,24.80242],[93.18018,24.79865],[93.17876,24.79614],[93.1773,24.79612],[93.17587,24.79739],[93.17442,24.80367],[93.16868,24.80113],[93.16582,24.79861],[93.16154,24.79734],[93.15724,24.79231],[93.15295,24.78978],[93.15293,24.79354],[93.15148,24.79605],[93.14861,24.79856],[93.14429,24.7998],[93.14285,24.80106],[93.13995,24.80481],[93.13706,24.81109],[93.13134,24.80604],[93.12701,24.80854],[93.12128,24.80853],[93.11984,24.81103],[93.1227,24.81481],[93.12267,24.81983],[93.1198,24.81731],[93.11122,24.81226],[93.10979,24.80974],[93.1127,24.80221],[93.10846,24.79088],[93.10558,24.78837],[93.10563,24.7846],[93.10706,24.78334],[93.10133,24.77831],[93.10281,24.77329],[93.10567,24.76953],[93.10428,24.76324],[93.10003,24.75444],[93.10004,24.75067],[93.10147,24.74941],[93.09864,24.74438],[93.1015,24.74188],[93.10294,24.74315],[93.10292,24.7469],[93.1058,24.74566],[93.10725,24.7419],[93.10442,24.73687],[93.09726,24.73181],[93.09729,24.72805],[93.09443,24.72428],[93.09299,24.72426],[93.09444,24.72051],[93.09303,24.71548],[93.08878,24.70919],[93.0787,24.71417],[93.07587,24.71039],[93.08021,24.70414],[93.08307,24.70164],[93.08453,24.69787],[93.09029,24.69287],[93.09319,24.68785],[93.0932,24.68408],[93.0918,24.68032],[93.0918,24.67781],[93.09325,24.67655],[93.09754,24.67782],[93.10182,24.68035],[93.10469,24.6791],[93.10471,24.67534],[93.1033,24.67156],[93.09904,24.66653],[93.09763,24.66276],[93.09766,24.659],[93.09626,24.65648],[93.09628,24.65272],[93.08913,24.65271],[93.08626,24.65144],[93.08485,24.64767],[93.0893,24.63389],[93.08939,24.62763],[93.08221,24.6276],[93.07935,24.62634],[93.07942,24.62132],[93.08234,24.61758],[93.08673,24.61382],[93.08676,24.61133],[93.07678,24.60377],[93.07539,24.6],[93.07542,24.59623],[93.07982,24.5925],[93.08855,24.59003],[93.09866,24.59134],[93.10445,24.5876],[93.10675,24.58396],[93.10698,24.58356],[93.10448,24.58257],[93.09727,24.58254],[93.09623,24.58022],[93.08714,24.57118],[93.07845,24.57491],[93.07123,24.57613],[93.06112,24.57483],[93.07269,24.56109],[93.06554,24.54727],[93.06122,24.55478],[93.05268,24.54472],[93.0513,24.53719],[93.04847,24.53091],[93.05283,24.52467],[93.05283,24.51965],[93.04142,24.51459],[93.04002,24.51081],[93.04433,24.5058],[93.03577,24.49695],[93.04572,24.48182],[93.04852,24.47548],[93.04826,24.46396],[93.0379,24.46115],[93.03674,24.44394],[93.03215,24.42886],[93.03933,24.41757],[93.03917,24.41113],[93.02921,24.40634],[93.01599,24.40253],[93.0089,24.40537],[93.00645,24.41193],[93.0005,24.40327],[92.99805,24.40157],[92.99535,24.40195],[92.99192,24.40549],[92.98833,24.40765],[92.98543,24.40756],[92.98026,24.40969],[92.97565,24.40776],[92.97083,24.40121],[92.96033,24.39588],[92.95814,24.39805],[92.9547,24.40388],[92.95389,24.40462],[92.95125,24.40483],[92.94415,24.40183],[92.94055,24.40105],[92.93855,24.39902],[92.93774,24.39671],[92.93571,24.39554],[92.92765,24.39863],[92.92538,24.40222],[92.92366,24.40261],[92.9226,24.40416],[92.92339,24.40572],[92.91154,24.4129],[92.90931,24.40317],[92.90573,24.39906],[92.90588,24.39537],[92.90517,24.39445],[92.90098,24.39343],[92.89636,24.3943],[92.89439,24.39531],[92.89173,24.40179],[92.89078,24.40229],[92.88801,24.40163],[92.88425,24.40304],[92.8782,24.39889],[92.87386,24.39725],[92.87179,24.39705],[92.8629,24.3995],[92.85906,24.39841],[92.85448,24.394],[92.85165,24.39237],[92.84909,24.38613],[92.84691,24.3823],[92.84428,24.37987],[92.83962,24.3808],[92.8327,24.37637],[92.82899,24.37777],[92.82816,24.37931],[92.82826,24.38558],[92.82542,24.38843],[92.82504,24.39049],[92.8266,24.39355],[92.83167,24.39934],[92.83137,24.4005],[92.83033,24.40175],[92.82479,24.40418],[92.82113,24.40678],[92.81833,24.41273],[92.81645,24.41225],[92.81115,24.41364],[92.8114,24.41537],[92.80944,24.41523],[92.80888,24.41689],[92.80949,24.4193],[92.80716,24.41986],[92.8037,24.41879],[92.8008,24.41905],[92.80005,24.42146],[92.80382,24.42172],[92.80425,24.42299],[92.80285,24.42728],[92.80032,24.43197],[92.79778,24.43471],[92.79391,24.44404],[92.78988,24.45608],[92.78625,24.46374],[92.78438,24.4712],[92.78223,24.4748],[92.77914,24.4865],[92.7652,24.52085],[92.7635,24.52147],[92.76205,24.52082],[92.75965,24.52119],[92.76002,24.5239],[92.76221,24.52732],[92.76382,24.53251],[92.77565,24.54885],[92.77351,24.55124],[92.77343,24.55439],[92.77962,24.56205],[92.78107,24.56229],[92.78073,24.57195],[92.77473,24.57212],[92.76453,24.56925],[92.76102,24.57939],[92.75538,24.58537],[92.75367,24.58478],[92.75052,24.58497],[92.74628,24.58666],[92.74193,24.58604],[92.7391,24.58934],[92.73487,24.58832],[92.73551,24.58516],[92.72599,24.57166],[92.71958,24.56757],[92.71799,24.57106],[92.71509,24.57091],[92.70521,24.56655],[92.70126,24.57238],[92.69006,24.58139],[92.68647,24.58302],[92.67896,24.58409],[92.67706,24.58378],[92.67211,24.58988],[92.67012,24.59358],[92.67062,24.5967],[92.67382,24.60094],[92.66979,24.60923],[92.67017,24.61194],[92.67868,24.61185],[92.68158,24.61338],[92.69033,24.61503],[92.69416,24.61801],[92.69676,24.61895],[92.69629,24.62066],[92.69382,24.62364],[92.68124,24.63132],[92.67525,24.62878],[92.67021,24.62878],[92.66679,24.64134],[92.66901,24.66131],[92.66709,24.66422],[92.66663,24.67204],[92.66005,24.67174],[92.65891,24.67449],[92.65796,24.67707],[92.6559,24.69423],[92.65803,24.6984],[92.65934,24.71411],[92.65865,24.72255],[92.6573,24.72524],[92.65659,24.73074],[92.65621,24.73822],[92.65739,24.74427],[92.65925,24.74993],[92.66605,24.76461],[92.66584,24.76794],[92.66753,24.76997],[92.66666,24.77945],[92.66982,24.79236],[92.67259,24.79377],[92.68409,24.805],[92.6847,24.80908],[92.68037,24.81576],[92.67796,24.81711],[92.67112,24.81734],[92.66054,24.81572],[92.6568,24.81636],[92.64337,24.82157],[92.63977,24.82153],[92.63637,24.82982],[92.63572,24.8339],[92.63891,24.83801],[92.63171,24.8503],[92.63078,24.85378],[92.63129,24.85559],[92.62065,24.86046],[92.61021,24.86334],[92.59789,24.88034],[92.58199,24.87549],[92.58202,24.87337],[92.59023,24.86955],[92.59242,24.86641],[92.58897,24.86431],[92.57785,24.87067],[92.57266,24.87234],[92.56013,24.87443],[92.55255,24.87245],[92.54546,24.86736],[92.54092,24.8653],[92.53505,24.86396],[92.53025,24.86166],[92.52565,24.86098],[92.52045,24.87172],[92.51887,24.87349],[92.51962,24.87401],[92.516,24.87719],[92.50922,24.87625],[92.50337,24.87434],[92.49868,24.87619],[92.49413,24.87674],[92.4957,24.87858],[92.4977,24.88037],[92.50008,24.88248],[92.50054,24.89163],[92.49427,24.89443],[92.49516,24.8984],[92.49517,24.89969],[92.49522,24.89996],[92.49802,24.90391],[92.50473,24.90437],[92.50243,24.90929],[92.50187,24.91173],[92.49722,24.9152],[92.49641,24.91886],[92.49275,24.9212],[92.49131,24.92235],[92.49384,24.92689],[92.49346,24.93592],[92.48884,24.93842],[92.48789,24.93892],[92.48885,24.94238],[92.49027,24.94754],[92.48927,24.95436],[92.48114,24.94874],[92.48007,24.94532],[92.47922,24.94256],[92.47342,24.9427],[92.46868,24.94244],[92.46693,24.94403],[92.46437,24.94636],[92.45884,24.94566],[92.45641,24.94624],[92.45641,24.94848],[92.45209,24.95343],[92.45361,24.95569],[92.45538,24.95833],[92.45879,24.95951],[92.46111,24.95765],[92.46471,24.95478],[92.47158,24.95598],[92.47372,24.9571],[92.47103,24.9641],[92.46712,24.96858],[92.46403,24.97078],[92.46055,24.97615],[92.45445,24.97318],[92.44941,24.97209],[92.44904,24.97155],[92.44591,24.96696],[92.44003,24.9668],[92.43516,24.96638],[92.43161,24.97066],[92.4285,24.97258],[92.42855,24.97291],[92.42948,24.97988],[92.42447,24.98257],[92.42364,24.9961],[92.42587,25.00319],[92.42945,25.00969],[92.43037,25.01281],[92.43105,25.01582],[92.431,25.02162],[92.4322,25.02508],[92.43325,25.02809],[92.43285,25.03102],[92.43065,25.03226],[92.42783,25.03157],[92.42626,25.03164],[92.4259,25.03182]]]}},{"type":"Feature","properties":{"ID_0":105,"ISO":"IND","NAME_0":"India","ID_1":4,"NAME_1":"Assam","ID_2":44,"NAME_2":"Darrang","NL_NAME_2":null,"VARNAME_2":null,"TYPE_2":"District","ENGTYPE_2":"District","STATE":"Assam","DISTRICT":"Darrang"},"geometry":{"type":"Polygon","coordinates":[[[92.36443,26.9327],[92.35907,26.92607],[92.35548,26.91775],[92.35327,26.91464],[92.35291,26.91222],[92.34955,26.90712],[92.34701,26.89163],[92.34167,26.88666],[92.34253,26.88087],[92.34477,26.87459],[92.34344,26.86995],[92.34333,26.86575],[92.34557,26.86292],[92.34476,26.85974],[92.34323,26.85791],[92.34321,26.85625],[92.33984,26.85346],[92.34002,26.85012],[92.33633,26.84744],[92.33464,26.84176],[92.33199,26.8368],[92.33245,26.83463],[92.33169,26.83213],[92.338,26.82582],[92.33437,26.82413],[92.33218,26.82402],[92.33151,26.82291],[92.33185,26.82004],[92.33083,26.8161],[92.33337,26.81449],[92.3347,26.81256],[92.3297,26.80703],[92.33027,26.80307],[92.33479,26.79632],[92.33329,26.79317],[92.33782,26.7888],[92.33804,26.78656],[92.3353,26.78407],[92.3364,26.77932],[92.34039,26.77348],[92.34057,26.77176],[92.33493,26.77289],[92.33015,26.77294],[92.33282,26.76709],[92.33698,26.76816],[92.33629,26.76601],[92.33144,26.76186],[92.32915,26.75704],[92.32871,26.75517],[92.33074,26.74669],[92.32801,26.74237],[92.32877,26.73992],[92.33108,26.73772],[92.33388,26.73641],[92.33482,26.7339],[92.33504,26.72642],[92.33669,26.72265],[92.33827,26.71469],[92.3358,26.70749],[92.33678,26.70239],[92.33656,26.69934],[92.33402,26.69011],[92.33543,26.67546],[92.33243,26.67101],[92.33575,26.66689],[92.33261,26.66318],[92.33327,26.65772],[92.33047,26.65357],[92.33083,26.65197],[92.33258,26.65104],[92.3373,26.65104],[92.33846,26.65025],[92.33953,26.6489],[92.33872,26.64646],[92.33668,26.64617],[92.33635,26.64467],[92.34265,26.63854],[92.34068,26.63809],[92.33867,26.63903],[92.33372,26.64294],[92.33015,26.64239],[92.32731,26.63834],[92.3315,26.63379],[92.33271,26.6318],[92.33274,26.6295],[92.323,26.61803],[92.32238,26.61553],[92.32355,26.61412],[92.32934,26.61236],[92.32899,26.60947],[92.32536,26.60765],[92.32706,26.60603],[92.33922,26.60189],[92.34007,26.5988],[92.33756,26.5977],[92.32654,26.59744],[92.32542,26.59326],[92.33249,26.58814],[92.34116,26.5831],[92.35216,26.58659],[92.36118,26.58727],[92.36432,26.58222],[92.36216,26.58233],[92.35944,26.57946],[92.35636,26.57829],[92.35509,26.57601],[92.35555,26.57336],[92.35724,26.57168],[92.36035,26.57044],[92.36571,26.56975],[92.36716,26.56795],[92.36713,26.56513],[92.36541,26.56301],[92.36633,26.5594],[92.36992,26.55499],[92.37774,26.54216],[92.38332,26.53619],[92.38132,26.53279],[92.37955,26.53248],[92.37148,26.53165],[92.36573,26.53243],[92.35328,26.53179],[92.35045,26.53051],[92.3469,26.52599],[92.33025,26.51619],[92.32602,26.51271],[92.32558,26.5109],[92.33274,26.51177],[92.34203,26.5098],[92.34393,26.5038],[92.34235,26.50296],[92.32781,26.49563],[92.32352,26.49271],[92.31512,26.48876],[92.31138,26.48563],[92.30304,26.47753],[92.30154,26.47421],[92.29828,26.47022],[92.29205,26.46419],[92.28877,26.46111],[92.27965,26.45549],[92.27145,26.45303],[92.2598,26.45339],[92.2548,26.45285],[92.24725,26.44921],[92.24103,26.44313],[92.23684,26.4322],[92.22706,26.42321],[92.21996,26.41838],[92.21495,26.4163],[92.21106,26.41643],[92.20641,26.41868],[92.20454,26.42089],[92.20184,26.42242],[92.18692,26.42504],[92.17889,26.4245],[92.16254,26.41839],[92.15382,26.41208],[92.14147,26.40003],[92.13348,26.38734],[92.12846,26.38146],[92.12453,26.37232],[92.10999,26.36034],[92.10618,26.35799],[92.10387,26.3545],[92.10126,26.34459],[92.0954,26.34178],[92.08359,26.33839],[92.07346,26.31572],[92.07024,26.31309],[92.06631,26.31234],[92.0628,26.30948],[92.06174,26.30465],[92.0561,26.2942],[92.04829,26.28222],[92.04304,26.27686],[92.03034,26.27122],[92.02625,26.27189],[92.02202,26.27419],[92.01785,26.27748],[92.0148,26.28128],[92.01071,26.28018],[92.00237,26.275],[91.99734,26.27297],[91.98946,26.27028],[91.98177,26.2762],[91.95339,26.25504],[91.94849,26.25266],[91.94347,26.24881],[91.93253,26.2427],[91.92899,26.24384],[91.92406,26.24706],[91.91434,26.24179],[91.91257,26.23468],[91.90218,26.2266],[91.89053,26.22273],[91.88985,26.22021],[91.87525,26.21684],[91.86671,26.22],[91.85492,26.21682],[91.84177,26.21556],[91.83591,26.2127],[91.82819,26.21119],[91.81569,26.20688],[91.81088,26.2082],[91.79098,26.20333],[91.77683,26.19891],[91.75895,26.20103],[91.75259,26.20584],[91.74737,26.21165],[91.74561,26.21743],[91.74667,26.22196],[91.75269,26.22689],[91.7636,26.23192],[91.76775,26.24032],[91.7705,26.24207],[91.77522,26.24143],[91.77899,26.24225],[91.78419,26.24518],[91.7849,26.25001],[91.78383,26.25473],[91.78582,26.26195],[91.79041,26.26926],[91.79037,26.27259],[91.78777,26.277],[91.78821,26.28458],[91.78426,26.2974],[91.78429,26.30154],[91.7858,26.30387],[91.78387,26.3058],[91.78719,26.30679],[91.78857,26.31017],[91.7915,26.31007],[91.79433,26.31958],[91.7967,26.31616],[91.79957,26.31561],[91.80462,26.31738],[91.80839,26.31762],[91.81072,26.32023],[91.8111,26.32466],[91.81403,26.32681],[91.81919,26.32599],[91.82144,26.3331],[91.81973,26.33772],[91.81991,26.35313],[91.82115,26.36492],[91.81921,26.36837],[91.81992,26.37204],[91.81767,26.38019],[91.81149,26.38435],[91.80635,26.3824],[91.80344,26.38566],[91.80407,26.38864],[91.80173,26.39074],[91.79871,26.39211],[91.79735,26.39591],[91.79771,26.39972],[91.79711,26.40196],[91.79408,26.40838],[91.78272,26.4098],[91.78014,26.41229],[91.78006,26.41907],[91.77708,26.42044],[91.778,26.42682],[91.77582,26.42616],[91.77355,26.42727],[91.77246,26.43166],[91.77062,26.43278],[91.77177,26.43805],[91.77002,26.44066],[91.7718,26.44455],[91.76897,26.44735],[91.7692,26.44947],[91.76784,26.45334],[91.76503,26.45688],[91.76616,26.46205],[91.76376,26.46726],[91.77431,26.46729],[91.77663,26.4706],[91.7781,26.47495],[91.77781,26.48013],[91.77921,26.48454],[91.77734,26.4879],[91.77812,26.49249],[91.78181,26.49697],[91.78627,26.49963],[91.78426,26.50592],[91.77967,26.51242],[91.77985,26.51564],[91.78258,26.51785],[91.78323,26.52083],[91.77697,26.52395],[91.77917,26.52571],[91.7832,26.52664],[91.78409,26.52985],[91.78094,26.53029],[91.77679,26.52943],[91.78356,26.53768],[91.77933,26.54112],[91.77785,26.54556],[91.77854,26.54901],[91.77484,26.55009],[91.7719,26.55346],[91.76498,26.56563],[91.76516,26.56925],[91.76068,26.57499],[91.75792,26.57738],[91.75272,26.57688],[91.74823,26.57981],[91.74694,26.58374],[91.74725,26.58695],[91.74256,26.59098],[91.74654,26.59611],[91.74736,26.60018],[91.74971,26.60297],[91.7489,26.60505],[91.7441,26.60448],[91.73934,26.60218],[91.73861,26.6057],[91.74292,26.61173],[91.73936,26.6131],[91.73948,26.61672],[91.74164,26.61997],[91.74277,26.62352],[91.74581,26.62643],[91.74526,26.62815],[91.73668,26.62688],[91.73583,26.63074],[91.73798,26.63272],[91.74263,26.63169],[91.74515,26.63252],[91.74754,26.63479],[91.74743,26.63738],[91.74311,26.63841],[91.73824,26.63853],[91.73797,26.64158],[91.74281,26.644],[91.74476,26.64731],[91.74032,26.64926],[91.73837,26.65262],[91.73372,26.65355],[91.73251,26.65867],[91.73325,26.6655],[91.73476,26.66916],[91.74039,26.66972],[91.74088,26.67587],[91.74279,26.67964],[91.74323,26.68419],[91.74245,26.68786],[91.73824,26.69327],[91.74,26.69963],[91.73257,26.71318],[91.73344,26.73031],[91.72746,26.73676],[91.72286,26.74366],[91.71782,26.75407],[91.71208,26.77772],[91.71172,26.78479],[91.70905,26.79045],[91.70721,26.79755],[91.7042,26.81186],[91.70952,26.81196],[91.719,26.8115],[91.72693,26.81256],[91.7579,26.82881],[91.75907,26.82943],[91.77489,26.83876],[91.80197,26.85206],[91.81003,26.85813],[91.81747,26.86373],[91.83185,26.87639],[91.85346,26.91229],[91.85778,26.91403],[91.86624,26.91428],[91.87389,26.91509],[91.87802,26.91554],[91.88346,26.9162],[91.88891,26.91652],[91.89726,26.91613],[91.90932,26.91035],[91.92339,26.90359],[91.94202,26.89487],[91.95398,26.88774],[91.95991,26.87758],[91.96984,26.87052],[91.9728,26.86692],[91.97859,26.8629],[91.98558,26.85825],[91.99417,26.85525],[92.00327,26.85368],[92.01698,26.85106],[92.02908,26.84996],[92.04552,26.84754],[92.05519,26.84805],[92.0609,26.85016],[92.07093,26.85672],[92.07658,26.85764],[92.08247,26.86212],[92.08894,26.86098],[92.09742,26.86861],[92.09864,26.88188],[92.10194,26.88741],[92.10789,26.89382],[92.12037,26.8903],[92.12419,26.88976],[92.12954,26.89071],[92.14793,26.89089],[92.1624,26.89266],[92.16882,26.89191],[92.17717,26.89248],[92.19485,26.891],[92.20935,26.89689],[92.25456,26.91223],[92.26123,26.90877],[92.26511,26.9076],[92.26787,26.90508],[92.27639,26.90247],[92.28149,26.90415],[92.29008,26.90546],[92.30054,26.90814],[92.30375,26.90954],[92.30286,26.92421],[92.32005,26.92838],[92.34678,26.93346],[92.35305,26.93557],[92.36443,26.9327]]]}},{"type":"Feature","properties":{"ID_0":105,"ISO":"IND","NAME_0":"India","ID_1":4,"NAME_1":"Assam","ID_2":45,"NAME_2":"Dhemaji","NL_NAME_2":null,"VARNAME_2":null,"TYPE_2":"District","ENGTYPE_2":"District","STATE":"Assam","DISTRICT":"Dhemaji"},"geometry":{"type":"Polygon","coordinates":[[[95.46165,27.79401],[95.46117,27.78775],[95.45819,27.77939],[95.45094,27.77087],[95.44264,27.76251],[95.41985,27.74323],[95.40926,27.73726],[95.40069,27.73034],[95.39178,27.7284],[95.34259,27.70692],[95.32005,27.70022],[95.2973,27.70034],[95.28878,27.69875],[95.28278,27.69557],[95.27605,27.68722],[95.27194,27.67681],[95.26631,27.66968],[95.25885,27.66344],[95.24864,27.66028],[95.23824,27.65877],[95.23292,27.6606],[95.22467,27.65699],[95.21317,27.66071],[95.20213,27.66568],[95.19767,27.66993],[95.19333,27.67148],[95.19419,27.67753],[95.2011,27.68605],[95.20363,27.69246],[95.20346,27.69784],[95.20457,27.70325],[95.20795,27.70904],[95.20584,27.71263],[95.19595,27.70934],[95.17579,27.69992],[95.16635,27.69859],[95.15719,27.69617],[95.14668,27.69093],[95.14043,27.68868],[95.12112,27.68464],[95.10991,27.66968],[95.10602,27.66675],[95.08293,27.66382],[95.06242,27.66438],[95.05088,27.66625],[95.04539,27.67196],[95.04053,27.67209],[95.03254,27.66903],[95.02915,27.66624],[95.02802,27.66279],[95.02046,27.66074],[94.99811,27.65837],[94.98374,27.65487],[94.98132,27.65046],[94.95668,27.63194],[94.94757,27.61293],[94.92937,27.609],[94.92088,27.60469],[94.91261,27.59396],[94.90595,27.5894],[94.89503,27.58855],[94.88083,27.57775],[94.87103,27.56089],[94.85259,27.54908],[94.84135,27.53611],[94.81684,27.51906],[94.819,27.51817],[94.82277,27.5197],[94.81999,27.50953],[94.79801,27.4946],[94.79399,27.48585],[94.78537,27.4868],[94.77807,27.48883],[94.77303,27.48706],[94.76164,27.47504],[94.75854,27.46809],[94.7533,27.46057],[94.75089,27.44892],[94.74516,27.43915],[94.7415,27.44022],[94.73813,27.44312],[94.73129,27.44539],[94.72725,27.44392],[94.7216,27.431],[94.69905,27.42676],[94.69167,27.42298],[94.6875,27.41399],[94.68856,27.40409],[94.69069,27.3938],[94.68641,27.38727],[94.67125,27.38194],[94.66389,27.3804],[94.6633,27.37534],[94.6668,27.36737],[94.66697,27.36105],[94.66503,27.35321],[94.64362,27.34457],[94.64052,27.34152],[94.63836,27.33538],[94.64085,27.32953],[94.63649,27.32397],[94.63343,27.32442],[94.62085,27.33649],[94.61369,27.33436],[94.6059,27.32902],[94.61111,27.325],[94.61458,27.31876],[94.6123,27.31228],[94.6139,27.30968],[94.60088,27.29066],[94.59814,27.2861],[94.58462,27.29736],[94.56926,27.31745],[94.56099,27.32572],[94.55389,27.31745],[94.53854,27.30682],[94.5279,27.30682],[94.52318,27.33163],[94.509,27.34817],[94.49128,27.35172],[94.47001,27.34699],[94.44756,27.34226],[94.4322,27.33399],[94.40385,27.33399],[94.37549,27.3399],[94.34713,27.34463],[94.3235,27.3529],[94.30074,27.35017],[94.29896,27.35462],[94.28503,27.35847],[94.27177,27.36606],[94.26174,27.37403],[94.25003,27.38608],[94.24693,27.39329],[94.25147,27.40064],[94.25618,27.40289],[94.26542,27.40185],[94.26933,27.39643],[94.27668,27.39197],[94.28015,27.3882],[94.28511,27.38597],[94.29803,27.39003],[94.30128,27.39367],[94.30457,27.40018],[94.30579,27.40928],[94.30753,27.43374],[94.30495,27.44039],[94.29574,27.44808],[94.28981,27.45201],[94.28245,27.46114],[94.27774,27.47159],[94.27916,27.48024],[94.28007,27.50427],[94.27451,27.51336],[94.2688,27.51874],[94.25973,27.52349],[94.26251,27.52743],[94.25687,27.5405],[94.25574,27.55076],[94.2565,27.55743],[94.2406,27.57035],[94.23415,27.57146],[94.22648,27.57563],[94.22548,27.58106],[94.22144,27.58791],[94.22531,27.59524],[94.22505,27.59851],[94.22292,27.60074],[94.21351,27.60442],[94.21111,27.61084],[94.21744,27.609],[94.22596,27.61799],[94.23508,27.63251],[94.24507,27.63587],[94.24727,27.63581],[94.25007,27.63972],[94.25223,27.64093],[94.25599,27.63655],[94.25907,27.63702],[94.26279,27.63602],[94.26671,27.63256],[94.26717,27.62786],[94.26222,27.62452],[94.2571,27.61912],[94.25409,27.6137],[94.26189,27.6101],[94.27245,27.60347],[94.27521,27.5974],[94.27603,27.59335],[94.28766,27.59179],[94.28848,27.59451],[94.29289,27.60036],[94.29802,27.60427],[94.30164,27.59988],[94.30836,27.59558],[94.31241,27.58965],[94.31971,27.59005],[94.32374,27.58717],[94.32906,27.58839],[94.33814,27.58104],[94.34058,27.58344],[94.34508,27.58459],[94.34885,27.57945],[94.3557,27.57738],[94.3622,27.58023],[94.36749,27.57675],[94.37231,27.57927],[94.37584,27.58458],[94.38043,27.58509],[94.38438,27.58646],[94.3876,27.58928],[94.39483,27.58878],[94.40318,27.58719],[94.42093,27.60134],[94.43104,27.60308],[94.43059,27.59646],[94.43605,27.58442],[94.44238,27.57946],[94.44961,27.57504],[94.45347,27.57094],[94.45622,27.5629],[94.45974,27.55771],[94.46931,27.56401],[94.47916,27.57699],[94.48311,27.5772],[94.49097,27.57549],[94.50023,27.57731],[94.50941,27.58407],[94.51566,27.58473],[94.52628,27.59577],[94.53173,27.59693],[94.53659,27.59699],[94.54642,27.60353],[94.55171,27.60405],[94.55612,27.60324],[94.5639,27.60696],[94.56947,27.60635],[94.57353,27.60697],[94.58186,27.61668],[94.5863,27.62011],[94.59147,27.62281],[94.59577,27.62147],[94.60061,27.62193],[94.60408,27.6231],[94.60938,27.62263],[94.61407,27.62574],[94.62498,27.63012],[94.63069,27.62829],[94.63445,27.62877],[94.63979,27.63096],[94.64522,27.63654],[94.64842,27.64207],[94.66464,27.64786],[94.66911,27.65028],[94.67574,27.65065],[94.68251,27.64959],[94.687,27.65331],[94.68651,27.65714],[94.68388,27.66334],[94.68941,27.66719],[94.69808,27.6671],[94.71307,27.66026],[94.71664,27.66165],[94.7207,27.66999],[94.72554,27.67034],[94.72768,27.66786],[94.73703,27.66565],[94.74267,27.66342],[94.75592,27.66652],[94.75956,27.66844],[94.76432,27.67456],[94.76694,27.68014],[94.77216,27.68397],[94.77645,27.68338],[94.79099,27.68885],[94.79406,27.69322],[94.79535,27.69808],[94.79758,27.69893],[94.80022,27.69709],[94.81803,27.69684],[94.82127,27.69622],[94.83939,27.70354],[94.84879,27.71068],[94.85358,27.73162],[94.86072,27.73338],[94.86603,27.73624],[94.86086,27.73948],[94.88394,27.74206],[94.93003,27.75673],[94.98704,27.77085],[94.99788,27.77655],[95.01915,27.7725],[95.03122,27.77477],[95.03876,27.77773],[95.04887,27.78646],[95.05183,27.79023],[95.19486,27.83445],[95.23654,27.84835],[95.29255,27.86499],[95.30847,27.86782],[95.31656,27.87113],[95.38434,27.84202],[95.51595,27.88179],[95.51594,27.87535],[95.51945,27.86369],[95.51524,27.86238],[95.50338,27.86208],[95.49516,27.85981],[95.49129,27.85713],[95.48616,27.84921],[95.4851,27.84288],[95.48194,27.8375],[95.47784,27.83453],[95.47888,27.82806],[95.47545,27.82131],[95.46844,27.81383],[95.46165,27.79401]]]}},{"type":"Feature","properties":{"ID_0":105,"ISO":"IND","NAME_0":"India","ID_1":4,"NAME_1":"Assam","ID_2":46,"NAME_2":"Dhuburi","NL_NAME_2":null,"VARNAME_2":null,"TYPE_2":"District","ENGTYPE_2":"District","STATE":"Assam","DISTRICT":"Dhuburi"},"geometry":{"type":"MultiPolygon","coordinates":[[[[89.87145,25.5373],[89.87118,25.53695],[89.87566,25.52853],[89.87032,25.52149],[89.87385,25.51356],[89.87559,25.50547],[89.88004,25.4956],[89.87996,25.48864],[89.87176,25.4789],[89.86871,25.47636],[89.86403,25.47286],[89.85957,25.47339],[89.85511,25.47605],[89.85548,25.47956],[89.85554,25.4828],[89.85482,25.48474],[89.85513,25.48843],[89.8581,25.48986],[89.85963,25.49143],[89.85988,25.49462],[89.85903,25.49638],[89.85801,25.4985],[89.85792,25.50044],[89.86097,25.50278],[89.86301,25.50468],[89.86411,25.51023],[89.86395,25.51444],[89.86337,25.51746],[89.86192,25.52061],[89.85921,25.52736],[89.85827,25.53011],[89.85787,25.53267],[89.85778,25.53483],[89.85857,25.53652],[89.86085,25.53802],[89.86533,25.53961],[89.87145,25.5373]]],[[[89.87145,25.5373],[89.87095,25.53864],[89.87321,25.54009],[89.87395,25.54194],[89.87456,25.54156],[89.87145,25.5373]]],[[[90.36573,26.39683],[90.36834,26.39653],[90.37064,26.39737],[90.37173,26.39685],[90.37166,26.38482],[90.37426,26.37576],[90.37542,26.37616],[90.38432,26.38491],[90.39307,26.39125],[90.39444,26.38812],[90.39422,26.38565],[90.38905,26.38039],[90.38678,26.37672],[90.38506,26.37062],[90.38365,26.37099],[90.38185,26.37433],[90.37997,26.37164],[90.37752,26.3701],[90.37903,26.36791],[90.3815,26.36639],[90.39547,26.36296],[90.40089,26.36332],[90.41296,26.3625],[90.41986,26.36354],[90.42205,26.36502],[90.42461,26.36029],[90.43124,26.3542],[90.42985,26.3477],[90.43185,26.34388],[90.43414,26.34313],[90.43696,26.34413],[90.43774,26.34581],[90.43777,26.35018],[90.43443,26.35872],[90.44028,26.36202],[90.44177,26.34652],[90.444,26.34604],[90.44587,26.34765],[90.44887,26.35373],[90.44913,26.35408],[90.45212,26.35814],[90.45656,26.35631],[90.45456,26.35254],[90.45267,26.3498],[90.4561,26.34321],[90.4539,26.33901],[90.456,26.33798],[90.46115,26.33039],[90.46949,26.33321],[90.47176,26.33262],[90.47278,26.33135],[90.46905,26.32769],[90.46629,26.32644],[90.4684,26.32148],[90.4774,26.30828],[90.47851,26.30534],[90.47713,26.30207],[90.47755,26.29958],[90.47942,26.29623],[90.47984,26.29248],[90.47956,26.29041],[90.47865,26.28968],[90.47424,26.28826],[90.46717,26.28924],[90.4634,26.28921],[90.46264,26.28829],[90.46402,26.2823],[90.46797,26.28094],[90.46903,26.27811],[90.45978,26.27748],[90.45728,26.27808],[90.45621,26.28465],[90.45489,26.28045],[90.45544,26.27275],[90.4698,26.27263],[90.47228,26.27159],[90.47162,26.26894],[90.46897,26.26631],[90.46604,26.26507],[90.45956,26.26523],[90.45664,26.26617],[90.44975,26.27249],[90.44784,26.27194],[90.44423,26.26895],[90.44182,26.26472],[90.44199,26.26189],[90.44445,26.25836],[90.45108,26.25239],[90.45055,26.25067],[90.44817,26.249],[90.4467,26.24884],[90.44508,26.24984],[90.43947,26.25424],[90.43656,26.26113],[90.43383,26.26229],[90.42999,26.26088],[90.4292,26.2594],[90.42937,26.2572],[90.43365,26.25142],[90.43896,26.24689],[90.43823,26.24436],[90.43638,26.24345],[90.42567,26.24456],[90.41794,26.23655],[90.41402,26.23461],[90.40294,26.22421],[90.39807,26.22085],[90.39417,26.22058],[90.39234,26.22238],[90.38694,26.22512],[90.38383,26.22566],[90.38133,26.22574],[90.37761,26.2241],[90.37568,26.22157],[90.3758,26.21339],[90.37694,26.20665],[90.37613,26.18893],[90.37518,26.18166],[90.37297,26.17927],[90.36205,26.17743],[90.34599,26.17594],[90.33997,26.17538],[90.33344,26.17312],[90.32753,26.17385],[90.32394,26.17946],[90.3207,26.18034],[90.30979,26.17949],[90.29654,26.18198],[90.29217,26.18443],[90.28748,26.18595],[90.27682,26.18516],[90.27298,26.1846],[90.26942,26.18624],[90.26093,26.18312],[90.25676,26.18066],[90.2473,26.17755],[90.2453,26.17525],[90.24597,26.1718],[90.24754,26.1688],[90.24422,26.14814],[90.2386,26.13966],[90.23637,26.13858],[90.22828,26.13908],[90.22438,26.13795],[90.21902,26.13769],[90.21674,26.13263],[90.21452,26.13115],[90.20979,26.13112],[90.20697,26.12906],[90.20597,26.12567],[90.20436,26.12377],[90.1978,26.1234],[90.19501,26.12428],[90.19247,26.12654],[90.18605,26.12018],[90.18369,26.11265],[90.18072,26.10708],[90.17113,26.09491],[90.16156,26.08592],[90.15823,26.08382],[90.15326,26.08228],[90.15424,26.07802],[90.15837,26.07397],[90.1712,26.0659],[90.17502,26.06443],[90.17688,26.06536],[90.17536,26.05977],[90.17287,26.05686],[90.16956,26.05082],[90.16843,26.04783],[90.16809,26.0434],[90.17068,26.04022],[90.17386,26.03848],[90.18447,26.03681],[90.18844,26.03184],[90.18966,26.02837],[90.18875,26.0251],[90.18517,26.02258],[90.17988,26.02013],[90.17483,26.01884],[90.17119,26.01667],[90.17492,26.01336],[90.17431,26.00962],[90.17918,26.01265],[90.17857,26.00978],[90.17442,26.00455],[90.17349,26.00092],[90.17612,25.99559],[90.17628,25.99108],[90.17068,25.99011],[90.16876,25.98881],[90.15711,25.98693],[90.14961,25.98087],[90.14467,25.98],[90.14334,25.97533],[90.13427,25.9724],[90.13085,25.96807],[90.12754,25.96782],[90.12293,25.96971],[90.11833,25.96601],[90.11865,25.96126],[90.11378,25.95744],[90.11092,25.95411],[90.10789,25.95059],[90.10537,25.94193],[90.10052,25.94207],[90.09914,25.93926],[90.09612,25.93952],[90.08796,25.9362],[90.09193,25.92876],[90.08739,25.92627],[90.08073,25.92453],[90.07945,25.91928],[90.07797,25.91768],[90.07243,25.91934],[90.06762,25.91616],[90.06331,25.91555],[90.05892,25.91027],[90.05508,25.90809],[90.05219,25.89869],[90.0421,25.89075],[90.03451,25.89351],[90.02792,25.89431],[90.02126,25.89319],[90.01525,25.88862],[90.00474,25.87868],[90.00977,25.87573],[90.01437,25.87179],[90.01872,25.87137],[90.02138,25.86849],[90.02192,25.86553],[90.02077,25.86161],[90.01152,25.84967],[90.00832,25.84683],[90.00027,25.8486],[89.99757,25.8467],[89.99744,25.84421],[89.99983,25.84369],[90.0016,25.84224],[89.9978,25.83967],[89.99471,25.83876],[89.99081,25.83551],[89.9759,25.83404],[89.97355,25.82814],[89.96796,25.82615],[89.95887,25.82657],[89.95057,25.82487],[89.94458,25.82448],[89.94582,25.82023],[89.94562,25.8161],[89.94936,25.81442],[89.952,25.81091],[89.95081,25.79198],[89.95261,25.78342],[89.95502,25.78164],[89.95525,25.77446],[89.95239,25.77017],[89.94669,25.76472],[89.94352,25.76054],[89.93372,25.75253],[89.93465,25.74754],[89.93351,25.74455],[89.92794,25.74135],[89.92187,25.73917],[89.91614,25.73919],[89.91138,25.74157],[89.89909,25.74405],[89.89542,25.74412],[89.89262,25.735],[89.89424,25.72724],[89.90488,25.71478],[89.91264,25.70706],[89.91428,25.70401],[89.9185,25.70269],[89.91955,25.69677],[89.92113,25.69442],[89.93235,25.68996],[89.937,25.68663],[89.94173,25.67812],[89.94185,25.67365],[89.94695,25.65883],[89.98044,25.63757],[89.98231,25.62843],[89.98332,25.62671],[89.99529,25.62303],[89.99934,25.62185],[90.00138,25.62443],[90.00454,25.62382],[90.01844,25.60839],[90.0173,25.60219],[90.01106,25.59835],[90.00582,25.58837],[90.00212,25.58419],[89.99536,25.58635],[89.9895,25.58881],[89.97916,25.59073],[89.97505,25.58351],[89.97281,25.57461],[89.96646,25.5717],[89.95676,25.57046],[89.94938,25.56825],[89.94164,25.56762],[89.93584,25.56271],[89.92606,25.56353],[89.9181,25.56263],[89.90441,25.5595],[89.88636,25.55787],[89.87759,25.54893],[89.8738,25.54928],[89.8701,25.54422],[89.87063,25.55162],[89.87128,25.55672],[89.87177,25.55985],[89.87263,25.5621],[89.87442,25.56429],[89.87653,25.56579],[89.87718,25.56754],[89.87672,25.56937],[89.87669,25.57159],[89.87875,25.57474],[89.8797,25.57847],[89.87875,25.58144],[89.87825,25.58492],[89.87868,25.58781],[89.87968,25.5912],[89.88074,25.59403],[89.88504,25.60305],[89.88638,25.60809],[89.88659,25.61269],[89.88668,25.62105],[89.88612,25.62509],[89.88521,25.62983],[89.88306,25.63628],[89.88094,25.63973],[89.87978,25.64214],[89.87908,25.64533],[89.87796,25.64848],[89.87724,25.65042],[89.87618,25.65379],[89.87514,25.65597],[89.87373,25.65759],[89.87217,25.65818],[89.86993,25.65901],[89.86751,25.6607],[89.86673,25.66276],[89.86558,25.66505],[89.8629,25.67299],[89.86224,25.67454],[89.85965,25.6776],[89.85762,25.6799],[89.85444,25.68427],[89.85292,25.68743],[89.85206,25.69164],[89.85236,25.69414],[89.85416,25.69662],[89.85602,25.70261],[89.85606,25.70522],[89.85566,25.70711],[89.85474,25.7086],[89.85263,25.70977],[89.85234,25.70988],[89.8497,25.71083],[89.84624,25.71044],[89.8438,25.71048],[89.84211,25.71074],[89.83779,25.71194],[89.83632,25.71456],[89.83469,25.71745],[89.83362,25.72088],[89.8318,25.725],[89.83083,25.72956],[89.83057,25.73281],[89.83035,25.73503],[89.83163,25.73665],[89.83433,25.73951],[89.83816,25.74297],[89.84062,25.74771],[89.84275,25.75052],[89.84421,25.75498],[89.84494,25.75719],[89.84493,25.76009],[89.84357,25.76824],[89.84226,25.77269],[89.83953,25.77802],[89.83809,25.78168],[89.83769,25.78419],[89.83675,25.78767],[89.83554,25.79037],[89.83463,25.79186],[89.83371,25.79352],[89.83318,25.79535],[89.83321,25.79671],[89.83331,25.79894],[89.83284,25.8011],[89.83205,25.80253],[89.83116,25.8055],[89.83006,25.80745],[89.82896,25.80866],[89.82747,25.80982],[89.82647,25.81028],[89.82497,25.81066],[89.82327,25.81114],[89.82291,25.8118],[89.82108,25.81436],[89.81818,25.81389],[89.81694,25.81296],[89.81453,25.81698],[89.81861,25.82122],[89.82552,25.82921],[89.8309,25.83762],[89.8304,25.85214],[89.83051,25.85329],[89.8327,25.85334],[89.83836,25.85365],[89.83973,25.85624],[89.83903,25.85932],[89.83783,25.86252],[89.83663,25.86572],[89.83736,25.86809],[89.83809,25.86996],[89.83981,25.87158],[89.84351,25.87454],[89.84599,25.87893],[89.84913,25.88269],[89.85065,25.88658],[89.8522,25.88923],[89.85516,25.89277],[89.85822,25.89493],[89.86077,25.89728],[89.86334,25.90043],[89.86521,25.90284],[89.8696,25.90873],[89.87311,25.91152],[89.87572,25.91386],[89.87861,25.9166],[89.88148,25.91934],[89.88293,25.92238],[89.88354,25.92556],[89.88384,25.928],[89.88641,25.93421],[89.88856,25.93753],[89.89036,25.94023],[89.88988,25.94149],[89.88607,25.94359],[89.87885,25.94319],[89.87733,25.94311],[89.87144,25.94144],[89.8652,25.94098],[89.86073,25.9406],[89.85714,25.94008],[89.85387,25.9398],[89.8526,25.93925],[89.84954,25.93719],[89.84731,25.93598],[89.84606,25.93594],[89.84407,25.93734],[89.84428,25.93899],[89.84382,25.94067],[89.84364,25.94133],[89.84064,25.94223],[89.83678,25.94161],[89.83541,25.9414],[89.83194,25.94146],[89.8295,25.94218],[89.8282,25.94356],[89.82835,25.94534],[89.82852,25.94742],[89.82963,25.94926],[89.83137,25.95062],[89.83336,25.95144],[89.83596,25.95174],[89.83859,25.95123],[89.84177,25.94971],[89.84451,25.94785],[89.84651,25.94714],[89.84882,25.94642],[89.85146,25.94644],[89.8513,25.94775],[89.84914,25.94999],[89.84859,25.95119],[89.84952,25.95345],[89.84966,25.95458],[89.84812,25.95649],[89.84719,25.9577],[89.84511,25.96023],[89.84336,25.96123],[89.843,25.96152],[89.84294,25.96185],[89.84149,25.96392],[89.84402,25.9661],[89.84814,25.9677],[89.85129,25.9682],[89.85611,25.96693],[89.85918,25.96586],[89.86283,25.96631],[89.86575,25.9678],[89.86897,25.96837],[89.87208,25.9694],[89.8743,25.97056],[89.87643,25.97331],[89.8754,25.97611],[89.87437,25.97766],[89.87292,25.9778],[89.8699,25.97808],[89.86781,25.98027],[89.86533,25.98236],[89.86134,25.98441],[89.85921,25.98507],[89.85767,25.98558],[89.85732,25.98595],[89.85313,25.98755],[89.85033,25.9924],[89.84975,25.99472],[89.84969,25.99807],[89.84999,26.00119],[89.84933,26.00291],[89.84748,26.00504],[89.84486,26.00656],[89.84351,26.00812],[89.8414,26.00986],[89.83958,26.01046],[89.83747,26.0085],[89.83656,26.00653],[89.8365,26.00556],[89.83638,26.00391],[89.83583,26.00119],[89.83498,25.99956],[89.83432,25.99747],[89.83566,25.995],[89.83644,25.99277],[89.83673,25.99158],[89.83612,25.98914],[89.83741,25.98719],[89.83913,25.98477],[89.83923,25.98323],[89.83975,25.98101],[89.83758,25.97945],[89.83476,25.98006],[89.83251,25.98084],[89.82887,25.98113],[89.82637,25.98219],[89.82344,25.98452],[89.82296,25.98491],[89.82037,25.98769],[89.81773,25.99233],[89.81821,25.99431],[89.82115,25.9933],[89.82321,25.99593],[89.82379,26.00008],[89.82417,26.0036],[89.82497,26.00654],[89.82608,26.00908],[89.82364,26.01293],[89.82161,26.01563],[89.82001,26.01804],[89.82044,26.02077],[89.82327,26.02368],[89.82204,26.02569],[89.81933,26.02886],[89.81744,26.03252],[89.81539,26.03772],[89.81482,26.04075],[89.81307,26.04197],[89.81095,26.04286],[89.80973,26.0414],[89.80906,26.03925],[89.80886,26.03797],[89.80856,26.03602],[89.80814,26.03375],[89.80721,26.03081],[89.80552,26.02753],[89.80345,26.02456],[89.80138,26.02175],[89.79932,26.01917],[89.79861,26.01821],[89.79695,26.01659],[89.79467,26.01566],[89.79351,26.01574],[89.79156,26.01765],[89.79137,26.01799],[89.79234,26.01951],[89.79438,26.02061],[89.79616,26.02149],[89.79706,26.02267],[89.79671,26.02393],[89.79648,26.02552],[89.79909,26.02719],[89.80107,26.02864],[89.80243,26.03083],[89.80323,26.03377],[89.80402,26.03552],[89.80469,26.0375],[89.80409,26.03938],[89.80204,26.04101],[89.79971,26.0411],[89.79768,26.03983],[89.79749,26.03906],[89.7972,26.03785],[89.79741,26.03557],[89.79575,26.03389],[89.79367,26.03415],[89.79274,26.03495],[89.79262,26.03506],[89.79252,26.03523],[89.79221,26.0369],[89.7916,26.0385],[89.79018,26.03961],[89.78766,26.0397],[89.78557,26.03861],[89.78529,26.03834],[89.78345,26.03659],[89.78248,26.03512],[89.7812,26.03412],[89.78032,26.03374],[89.77901,26.03444],[89.77793,26.03571],[89.77796,26.03692],[89.77877,26.03871],[89.78114,26.04145],[89.78337,26.04295],[89.78661,26.04398],[89.78996,26.04518],[89.79218,26.04611],[89.79251,26.04691],[89.79222,26.04838],[89.79023,26.04995],[89.7887,26.05196],[89.78829,26.05436],[89.79116,26.05619],[89.79399,26.0562],[89.79739,26.05598],[89.80125,26.05671],[89.80347,26.05764],[89.8038,26.05929],[89.80183,26.06188],[89.80136,26.06342],[89.8022,26.06494],[89.80182,26.06784],[89.80071,26.06934],[89.79974,26.07083],[89.79963,26.07225],[89.79992,26.07447],[89.79897,26.07465],[89.79623,26.07372],[89.79539,26.07484],[89.79579,26.07686],[89.79786,26.07905],[89.79865,26.08098],[89.79851,26.08387],[89.79754,26.08616],[89.79642,26.08748],[89.79453,26.08723],[89.7922,26.08494],[89.79191,26.08465],[89.78979,26.08219],[89.78813,26.08119],[89.78589,26.08321],[89.78589,26.08335],[89.7858,26.08822],[89.78793,26.09222],[89.7893,26.09385],[89.78969,26.09458],[89.78801,26.09586],[89.78654,26.09844],[89.78827,26.09983],[89.79017,26.10043],[89.78926,26.10271],[89.78704,26.10525],[89.78384,26.10627],[89.78289,26.1058],[89.78029,26.10451],[89.77711,26.10347],[89.77411,26.1042],[89.77143,26.10623],[89.77109,26.10648],[89.76913,26.10792],[89.76687,26.1083],[89.76524,26.10784],[89.76282,26.10716],[89.76105,26.10691],[89.75913,26.10904],[89.7606,26.11233],[89.76379,26.11573],[89.76796,26.12044],[89.7706,26.12421],[89.77066,26.12745],[89.76936,26.13202],[89.76627,26.13559],[89.76383,26.13676],[89.75913,26.13837],[89.75734,26.14027],[89.75709,26.14414],[89.75535,26.149],[89.75092,26.15561],[89.74844,26.1578],[89.74442,26.15855],[89.73912,26.15823],[89.7364,26.15778],[89.73438,26.15745],[89.73058,26.15666],[89.72716,26.15529],[89.72449,26.15466],[89.72267,26.15496],[89.72273,26.15608],[89.72279,26.15757],[89.72359,26.1604],[89.72206,26.16338],[89.72195,26.16452],[89.71975,26.16472],[89.71876,26.16605],[89.7251,26.16963],[89.7251,26.17161],[89.72705,26.17388],[89.73293,26.17297],[89.73376,26.17337],[89.73418,26.17499],[89.73315,26.17587],[89.73024,26.177],[89.7198,26.17794],[89.71706,26.17721],[89.71162,26.17351],[89.70652,26.17313],[89.70428,26.17455],[89.70254,26.17712],[89.7002,26.18483],[89.69484,26.18907],[89.69758,26.19086],[89.70184,26.18815],[89.70537,26.18807],[89.70822,26.18684],[89.71074,26.18856],[89.71405,26.18936],[89.71613,26.19133],[89.7181,26.1968],[89.71748,26.20012],[89.71556,26.20265],[89.71163,26.2032],[89.71422,26.20598],[89.71727,26.20561],[89.72063,26.20617],[89.72321,26.20533],[89.72566,26.20608],[89.73132,26.21077],[89.73203,26.21229],[89.73128,26.21491],[89.72438,26.21729],[89.7155,26.21478],[89.70308,26.21329],[89.70025,26.21376],[89.69755,26.21594],[89.69723,26.21723],[89.69957,26.2189],[89.7031,26.21731],[89.70556,26.21706],[89.71023,26.21914],[89.71171,26.22774],[89.71281,26.22897],[89.71818,26.23162],[89.72332,26.23293],[89.72877,26.2382],[89.72357,26.24354],[89.71572,26.24638],[89.71503,26.24897],[89.71652,26.25234],[89.71642,26.25526],[89.71537,26.25649],[89.71139,26.25804],[89.70362,26.25697],[89.701,26.25919],[89.70068,26.26084],[89.70481,26.2699],[89.70895,26.27082],[89.71154,26.26958],[89.71085,26.26456],[89.71143,26.26327],[89.71735,26.25916],[89.72522,26.25841],[89.73228,26.26034],[89.73345,26.2625],[89.73367,26.26646],[89.73746,26.2711],[89.72919,26.28294],[89.72109,26.28817],[89.71706,26.29305],[89.71545,26.29703],[89.71568,26.30198],[89.71783,26.3057],[89.72025,26.30813],[89.72276,26.30755],[89.7198,26.29863],[89.72089,26.29629],[89.72345,26.29475],[89.7318,26.2929],[89.74235,26.29521],[89.74606,26.29076],[89.74889,26.2894],[89.7571,26.28853],[89.75866,26.28933],[89.75914,26.29259],[89.75089,26.30624],[89.75054,26.32146],[89.75166,26.32216],[89.75365,26.3218],[89.76196,26.31707],[89.76638,26.31385],[89.77092,26.31295],[89.78213,26.31627],[89.78643,26.31222],[89.78812,26.31161],[89.79605,26.30253],[89.79923,26.30088],[89.80296,26.30045],[89.80692,26.30136],[89.8199,26.3077],[89.82341,26.30844],[89.83032,26.30746],[89.84538,26.29943],[89.87419,26.30211],[89.87891,26.30446],[89.88253,26.30835],[89.88987,26.31308],[89.89473,26.32506],[89.9029,26.32556],[89.90608,26.32769],[89.90772,26.33152],[89.90834,26.33659],[89.91154,26.33894],[89.91503,26.33942],[89.91988,26.33872],[89.92384,26.34075],[89.92823,26.34172],[89.93192,26.34053],[89.93601,26.3353],[89.94656,26.33325],[89.96164,26.33501],[89.97149,26.33819],[89.97923,26.34166],[89.9854,26.34558],[89.98851,26.33994],[89.9952,26.33443],[89.99809,26.3337],[90.00195,26.32881],[90.00539,26.32636],[90.00858,26.32692],[90.011,26.32834],[90.01655,26.33471],[90.0191,26.3362],[90.02398,26.33617],[90.02669,26.33385],[90.02731,26.3323],[90.02723,26.32878],[90.02478,26.32539],[90.02354,26.32063],[90.02457,26.31491],[90.02664,26.30942],[90.03323,26.30289],[90.0404,26.29909],[90.04673,26.29832],[90.0478,26.29739],[90.0506,26.29693],[90.0563,26.29874],[90.06827,26.30531],[90.10452,26.32942],[90.1177,26.33927],[90.13886,26.34953],[90.14973,26.35311],[90.15203,26.35298],[90.16651,26.34577],[90.16964,26.34253],[90.17168,26.3424],[90.17673,26.34536],[90.18664,26.34537],[90.19257,26.35317],[90.20341,26.35881],[90.20618,26.3626],[90.2044,26.37706],[90.21831,26.38395],[90.22413,26.38553],[90.22565,26.38281],[90.22568,26.3793],[90.22404,26.37338],[90.22993,26.37007],[90.23176,26.36539],[90.23141,26.36199],[90.22726,26.35471],[90.22137,26.3525],[90.21677,26.35269],[90.21439,26.35052],[90.21815,26.34952],[90.22668,26.34971],[90.21621,26.3318],[90.21688,26.3295],[90.22066,26.32994],[90.22565,26.33267],[90.23618,26.32391],[90.23944,26.32539],[90.24106,26.32804],[90.24496,26.32761],[90.24674,26.32627],[90.24794,26.32633],[90.25046,26.32804],[90.2522,26.33086],[90.253,26.33488],[90.25575,26.33446],[90.26643,26.33118],[90.27058,26.32902],[90.27184,26.32792],[90.27301,26.3233],[90.27808,26.32],[90.28275,26.32175],[90.28476,26.32335],[90.28598,26.32599],[90.28801,26.3311],[90.28758,26.33347],[90.28511,26.33653],[90.29025,26.33881],[90.29747,26.33813],[90.30045,26.34289],[90.30474,26.34539],[90.30837,26.35049],[90.30911,26.34832],[90.31542,26.35305],[90.31632,26.35546],[90.31859,26.35654],[90.32816,26.36448],[90.32819,26.36563],[90.32645,26.36588],[90.32415,26.36543],[90.32191,26.36361],[90.31883,26.36264],[90.31754,26.36322],[90.3198,26.36592],[90.32009,26.36799],[90.31142,26.37691],[90.31039,26.38101],[90.31212,26.38525],[90.31486,26.38829],[90.31812,26.38954],[90.32565,26.38874],[90.32985,26.38681],[90.3317,26.38634],[90.33227,26.38703],[90.33136,26.39043],[90.32732,26.39644],[90.32884,26.40927],[90.33137,26.41115],[90.33814,26.41329],[90.34716,26.41381],[90.35323,26.41332],[90.35677,26.41117],[90.35873,26.40781],[90.35902,26.40384],[90.36221,26.39859],[90.36573,26.39683]]]]}},{"type":"Feature","properties":{"ID_0":105,"ISO":"IND","NAME_0":"India","ID_1":4,"NAME_1":"Assam","ID_2":47,"NAME_2":"Dibrugarh","NL_NAME_2":null,"VARNAME_2":null,"TYPE_2":"District","ENGTYPE_2":"District","STATE":"Assam","DISTRICT":"Dibrugarh"},"geometry":{"type":"Polygon","coordinates":[[[95.27605,27.68722],[95.28096,27.68193],[95.29074,27.67455],[95.29359,27.66435],[95.29729,27.65614],[95.30819,27.62233],[95.32145,27.59246],[95.3163,27.58953],[95.30784,27.58816],[95.30452,27.59048],[95.30182,27.58832],[95.30108,27.58367],[95.29836,27.58271],[95.29776,27.58012],[95.29476,27.58169],[95.29257,27.58189],[95.28975,27.57669],[95.29044,27.57343],[95.2867,27.57287],[95.2826,27.57379],[95.27764,27.57804],[95.27605,27.57566],[95.2755,27.57227],[95.27778,27.56489],[95.28406,27.56014],[95.28059,27.5516],[95.2748,27.55594],[95.27036,27.55245],[95.2653,27.54119],[95.2712,27.53024],[95.26604,27.52862],[95.26585,27.52109],[95.263,27.51538],[95.25861,27.51308],[95.25196,27.51185],[95.23772,27.50754],[95.23084,27.50113],[95.22933,27.49049],[95.22902,27.4817],[95.22984,27.47723],[95.22066,27.46293],[95.2296,27.4519],[95.23343,27.44506],[95.23818,27.43984],[95.24395,27.43795],[95.25146,27.43782],[95.25111,27.4315],[95.25961,27.42287],[95.25797,27.41556],[95.2661,27.41176],[95.26978,27.41071],[95.27707,27.41684],[95.28189,27.41506],[95.28416,27.41297],[95.29531,27.41701],[95.30095,27.4141],[95.30698,27.40372],[95.31434,27.39675],[95.32423,27.39457],[95.33974,27.39476],[95.35031,27.39701],[95.37585,27.38607],[95.37957,27.39086],[95.37776,27.39723],[95.39655,27.39693],[95.41519,27.39025],[95.41924,27.38738],[95.42419,27.38055],[95.43107,27.37764],[95.4405,27.36862],[95.45013,27.37476],[95.47354,27.3702],[95.47601,27.34818],[95.46046,27.34428],[95.45234,27.33579],[95.46363,27.32713],[95.46754,27.31517],[95.46995,27.3121],[95.45111,27.30075],[95.45757,27.29117],[95.46532,27.27731],[95.46471,27.2726],[95.44576,27.26232],[95.44668,27.25802],[95.45416,27.24008],[95.45768,27.2381],[95.46226,27.24602],[95.45905,27.25351],[95.4691,27.26551],[95.4734,27.26889],[95.47668,27.25906],[95.48172,27.25882],[95.48697,27.25665],[95.4879,27.25201],[95.491,27.2487],[95.48723,27.24603],[95.48055,27.23234],[95.47451,27.22687],[95.4739,27.22365],[95.47067,27.22321],[95.46943,27.21826],[95.45971,27.21343],[95.4589,27.20957],[95.46205,27.20301],[95.46581,27.19743],[95.46864,27.1905],[95.46712,27.18555],[95.46367,27.18212],[95.46801,27.17229],[95.46384,27.16702],[95.45871,27.16329],[95.4599,27.16042],[95.46332,27.15954],[95.46507,27.15761],[95.46585,27.1548],[95.46368,27.15036],[95.46107,27.14022],[95.45779,27.13564],[95.4534,27.13588],[95.45075,27.13884],[95.44714,27.13833],[95.44558,27.13429],[95.44099,27.13281],[95.42919,27.13405],[95.42027,27.13078],[95.40631,27.11832],[95.39615,27.11447],[95.38612,27.11171],[95.38547,27.10509],[95.37698,27.10218],[95.37267,27.10167],[95.37366,27.108],[95.3683,27.10736],[95.36778,27.10971],[95.37067,27.11015],[95.37127,27.1114],[95.37346,27.11605],[95.37286,27.11822],[95.36607,27.12175],[95.36338,27.12982],[95.36585,27.1333],[95.36851,27.13947],[95.36882,27.14178],[95.36667,27.15227],[95.36251,27.15721],[95.35962,27.16361],[95.36071,27.16609],[95.3589,27.17349],[95.35471,27.17573],[95.34798,27.1768],[95.34559,27.17803],[95.34505,27.17986],[95.34671,27.18327],[95.34532,27.18664],[95.33803,27.18937],[95.33529,27.19157],[95.33007,27.19277],[95.31936,27.19235],[95.3166,27.18938],[95.31364,27.18987],[95.30967,27.19412],[95.30573,27.19448],[95.3028,27.19795],[95.29957,27.19958],[95.29963,27.20014],[95.29491,27.20066],[95.28884,27.20254],[95.28311,27.20177],[95.28583,27.20031],[95.28528,27.19778],[95.28295,27.19867],[95.28042,27.19819],[95.27959,27.1972],[95.2802,27.19398],[95.27323,27.1944],[95.27193,27.19617],[95.26775,27.19819],[95.26807,27.19411],[95.26669,27.19093],[95.26207,27.19518],[95.2604,27.19436],[95.25983,27.19252],[95.26076,27.18977],[95.25883,27.18935],[95.25738,27.19098],[95.25717,27.19467],[95.25562,27.19712],[95.25219,27.19672],[95.24718,27.19453],[95.2419,27.19326],[95.24004,27.19191],[95.24318,27.18742],[95.24088,27.18543],[95.23418,27.18449],[95.23426,27.18207],[95.23596,27.17962],[95.23887,27.17794],[95.23992,27.17496],[95.22964,27.17794],[95.22616,27.17185],[95.2205,27.17005],[95.21861,27.17164],[95.21988,27.1739],[95.21352,27.1784],[95.21069,27.17728],[95.21027,27.17475],[95.21473,27.1728],[95.21368,27.16939],[95.20091,27.16796],[95.19962,27.1664],[95.20061,27.16358],[95.19349,27.16125],[95.19238,27.16296],[95.19366,27.16384],[95.1896,27.16425],[95.18758,27.16599],[95.18421,27.16716],[95.18314,27.16444],[95.18356,27.16278],[95.18747,27.15663],[95.18337,27.15433],[95.1795,27.1533],[95.17797,27.15093],[95.17941,27.14876],[95.17905,27.1464],[95.17572,27.14268],[95.17409,27.14548],[95.17567,27.14877],[95.17474,27.15104],[95.17002,27.14743],[95.172,27.14194],[95.16692,27.13992],[95.16604,27.13807],[95.16211,27.13658],[95.16454,27.13231],[95.1608,27.13322],[95.15726,27.14007],[95.15434,27.1398],[95.15257,27.1372],[95.15305,27.13438],[95.15479,27.13153],[95.1521,27.13053],[95.15003,27.13268],[95.14978,27.13888],[95.1411,27.14221],[95.13477,27.14],[95.134,27.14292],[95.12981,27.14297],[95.12766,27.13904],[95.1273,27.13628],[95.12402,27.13553],[95.12193,27.1389],[95.11838,27.13953],[95.1169,27.13578],[95.11737,27.13417],[95.11565,27.13335],[95.11388,27.13602],[95.11269,27.14009],[95.09545,27.14135],[95.06162,27.14097],[95.0589,27.14329],[95.05392,27.15645],[95.04977,27.15894],[95.04034,27.15714],[95.03174,27.15023],[95.02664,27.1491],[95.01661,27.15036],[95.00714,27.15287],[94.99908,27.15206],[94.98895,27.15144],[94.98049,27.15546],[94.98447,27.16432],[94.98367,27.17079],[94.98543,27.17485],[94.97524,27.19943],[94.97432,27.21687],[94.97213,27.22762],[94.9692,27.2337],[94.95755,27.22566],[94.92619,27.19463],[94.88658,27.16159],[94.86587,27.13646],[94.85585,27.12229],[94.84821,27.11306],[94.8422,27.09955],[94.83631,27.09874],[94.83009,27.10033],[94.8261,27.1049],[94.82201,27.10349],[94.81929,27.1048],[94.81329,27.1037],[94.81393,27.1106],[94.81791,27.11339],[94.81976,27.119],[94.81134,27.12025],[94.80878,27.12244],[94.80215,27.12471],[94.79691,27.12372],[94.76482,27.13226],[94.75943,27.14714],[94.76134,27.15397],[94.75697,27.15559],[94.76396,27.15758],[94.76649,27.16194],[94.77183,27.16494],[94.77168,27.1678],[94.77414,27.17021],[94.77688,27.17463],[94.78017,27.17631],[94.77483,27.17906],[94.77506,27.18493],[94.77387,27.18874],[94.77608,27.19345],[94.7804,27.19543],[94.77965,27.203],[94.77798,27.20812],[94.7766,27.21705],[94.77049,27.22095],[94.77176,27.2274],[94.77833,27.24321],[94.7742,27.24623],[94.76642,27.24973],[94.76273,27.2535],[94.7567,27.24947],[94.74732,27.24839],[94.74128,27.24981],[94.74081,27.25337],[94.74615,27.26577],[94.75229,27.27354],[94.75106,27.27645],[94.74448,27.27905],[94.73224,27.27822],[94.7206,27.26923],[94.71733,27.26101],[94.72385,27.25558],[94.72488,27.25044],[94.71968,27.249],[94.71385,27.25007],[94.70949,27.25514],[94.70719,27.27122],[94.70335,27.27533],[94.69827,27.27528],[94.6942,27.27254],[94.6852,27.25122],[94.68094,27.24882],[94.66166,27.25144],[94.6453,27.25089],[94.63454,27.2271],[94.62347,27.20607],[94.61662,27.18025],[94.60694,27.16366],[94.59457,27.14953],[94.58997,27.15346],[94.5862,27.16134],[94.58024,27.16776],[94.57619,27.17484],[94.56934,27.18278],[94.57483,27.19123],[94.57939,27.19657],[94.5815,27.20615],[94.58111,27.21406],[94.57864,27.21941],[94.58712,27.24447],[94.58871,27.25454],[94.5861,27.2627],[94.58672,27.27063],[94.59348,27.27837],[94.59814,27.2861],[94.60088,27.29066],[94.6139,27.30968],[94.6123,27.31228],[94.61458,27.31876],[94.61111,27.325],[94.6059,27.32902],[94.61369,27.33436],[94.62085,27.33649],[94.63343,27.32442],[94.63649,27.32397],[94.64085,27.32953],[94.63836,27.33538],[94.64052,27.34152],[94.64362,27.34457],[94.66503,27.35321],[94.66697,27.36105],[94.6668,27.36737],[94.6633,27.37534],[94.66389,27.3804],[94.67125,27.38194],[94.68641,27.38727],[94.69069,27.3938],[94.68856,27.40409],[94.6875,27.41399],[94.69167,27.42298],[94.69905,27.42676],[94.7216,27.431],[94.72725,27.44392],[94.73129,27.44539],[94.73813,27.44312],[94.7415,27.44022],[94.74516,27.43915],[94.75089,27.44892],[94.7533,27.46057],[94.75854,27.46809],[94.76164,27.47504],[94.77303,27.48706],[94.77807,27.48883],[94.78537,27.4868],[94.79399,27.48585],[94.79801,27.4946],[94.81999,27.50953],[94.82277,27.5197],[94.819,27.51817],[94.81684,27.51906],[94.84135,27.53611],[94.85259,27.54908],[94.87103,27.56089],[94.88083,27.57775],[94.89503,27.58855],[94.90595,27.5894],[94.91261,27.59396],[94.92088,27.60469],[94.92937,27.609],[94.94757,27.61293],[94.95668,27.63194],[94.98132,27.65046],[94.98374,27.65487],[94.99811,27.65837],[95.02046,27.66074],[95.02802,27.66279],[95.02915,27.66624],[95.03254,27.66903],[95.04053,27.67209],[95.04539,27.67196],[95.05088,27.66625],[95.06242,27.66438],[95.08293,27.66382],[95.10602,27.66675],[95.10991,27.66968],[95.12112,27.68464],[95.14043,27.68868],[95.14668,27.69093],[95.15719,27.69617],[95.16635,27.69859],[95.17579,27.69992],[95.19595,27.70934],[95.20584,27.71263],[95.20795,27.70904],[95.20457,27.70325],[95.20346,27.69784],[95.20363,27.69246],[95.2011,27.68605],[95.19419,27.67753],[95.19333,27.67148],[95.19767,27.66993],[95.20213,27.66568],[95.21317,27.66071],[95.22467,27.65699],[95.23292,27.6606],[95.23824,27.65877],[95.24864,27.66028],[95.25885,27.66344],[95.26631,27.66968],[95.27194,27.67681],[95.27605,27.68722]]]}},{"type":"Feature","properties":{"ID_0":105,"ISO":"IND","NAME_0":"India","ID_1":4,"NAME_1":"Assam","ID_2":48,"NAME_2":"Goalpara","NL_NAME_2":null,"VARNAME_2":null,"TYPE_2":"District","ENGTYPE_2":"District","STATE":"Assam","DISTRICT":"Goalpara"},"geometry":{"type":"Polygon","coordinates":[[[90.65808,26.22799],[90.66031,26.22316],[90.66214,26.22095],[90.66267,26.21802],[90.66478,26.21373],[90.66621,26.21245],[90.66658,26.2087],[90.66952,26.20424],[90.67483,26.18559],[90.68962,26.15849],[90.69131,26.15335],[90.69456,26.15077],[90.69696,26.14983],[90.70611,26.14755],[90.70907,26.13934],[90.71244,26.13913],[90.71171,26.13782],[90.71188,26.13563],[90.71355,26.13538],[90.71841,26.13216],[90.7215,26.13501],[90.73094,26.13559],[90.73793,26.13748],[90.75482,26.13735],[90.77218,26.13507],[90.7767,26.13462],[90.78508,26.13204],[90.80347,26.12374],[90.81419,26.12107],[90.82191,26.11753],[90.83106,26.11549],[90.83791,26.11148],[90.84697,26.11705],[90.85877,26.11349],[90.85991,26.1129],[90.86275,26.10665],[90.86823,26.098],[90.87753,26.09535],[90.89062,26.09509],[90.8996,26.09415],[90.90214,26.09372],[90.90924,26.09037],[90.91324,26.08952],[90.9228,26.09253],[90.92956,26.0973],[90.93267,26.09812],[90.93563,26.09427],[90.93581,26.09246],[90.94014,26.08875],[90.94537,26.08995],[90.95003,26.08149],[90.95778,26.08237],[90.95785,26.08067],[90.96098,26.07567],[90.97798,26.06169],[90.98364,26.06054],[90.98591,26.05795],[90.99123,26.05742],[90.9967,26.05534],[91.00264,26.05335],[91.00963,26.05319],[91.01489,26.04848],[91.02649,26.0403],[91.0312,26.04216],[91.03655,26.04541],[91.04226,26.04256],[91.04948,26.04083],[91.05506,26.04515],[91.06596,26.0445],[91.06944,26.03705],[91.07809,26.03757],[91.08295,26.03084],[91.08856,26.02924],[91.08854,26.0243],[91.09023,26.02036],[91.09406,26.01575],[91.09422,26.01252],[91.0975,26.00984],[91.09743,26.00541],[91.08877,26.00084],[91.08475,25.98278],[91.08089,25.97964],[91.08041,25.97421],[91.07402,25.97167],[91.06736,25.96503],[91.04795,25.94155],[91.05158,25.93785],[91.05082,25.93387],[91.0448,25.92839],[91.04064,25.92177],[91.03675,25.90946],[91.03298,25.90268],[91.02992,25.89446],[91.02922,25.88805],[91.02829,25.88857],[91.02568,25.88838],[91.02061,25.88728],[91.01373,25.88432],[91.00133,25.88649],[90.99689,25.88868],[90.9848,25.88993],[90.97539,25.88945],[90.97133,25.88767],[90.96745,25.88718],[90.96661,25.891],[90.96731,25.89664],[90.9669,25.90533],[90.96064,25.9277],[90.95792,25.93394],[90.95385,25.9367],[90.94557,25.93912],[90.94275,25.94757],[90.93749,25.94476],[90.93466,25.94114],[90.93207,25.93967],[90.91834,25.94316],[90.91588,25.94316],[90.9163,25.92814],[90.91911,25.91331],[90.91608,25.91506],[90.91253,25.9203],[90.90119,25.92959],[90.89538,25.93151],[90.89704,25.93538],[90.89646,25.93747],[90.89239,25.93906],[90.88836,25.94362],[90.88298,25.95175],[90.88144,25.95064],[90.88023,25.94625],[90.87524,25.94912],[90.87241,25.94673],[90.87289,25.94292],[90.86961,25.9424],[90.8568,25.94433],[90.84324,25.94481],[90.84104,25.94317],[90.83984,25.93843],[90.83676,25.93819],[90.8362,25.94726],[90.83226,25.94528],[90.828,25.94743],[90.82388,25.9451],[90.82045,25.94843],[90.80989,25.95216],[90.80869,25.94719],[90.7971,25.94147],[90.7917,25.93574],[90.78168,25.92125],[90.77849,25.9143],[90.77806,25.90829],[90.76905,25.90851],[90.75772,25.91107],[90.75763,25.91657],[90.75895,25.92164],[90.75006,25.91924],[90.74544,25.91229],[90.74234,25.91295],[90.74054,25.91521],[90.74619,25.92193],[90.75264,25.93396],[90.75071,25.93408],[90.74747,25.93232],[90.74413,25.93279],[90.7403,25.94089],[90.7447,25.9465],[90.74379,25.94943],[90.74605,25.95264],[90.74744,25.95732],[90.74355,25.95667],[90.74029,25.95491],[90.73227,25.95256],[90.7254,25.94877],[90.72068,25.94917],[90.71774,25.95471],[90.7131,25.95218],[90.68604,25.95081],[90.67565,25.93648],[90.67019,25.93426],[90.65399,25.92966],[90.63783,25.92333],[90.62733,25.91699],[90.62686,25.91127],[90.62894,25.90655],[90.62672,25.90136],[90.62481,25.8989],[90.6142,25.89951],[90.61075,25.90745],[90.60809,25.90802],[90.60651,25.91228],[90.60757,25.91958],[90.62901,25.93743],[90.60539,25.94695],[90.60194,25.95178],[90.59185,25.95212],[90.58727,25.95391],[90.58246,25.95979],[90.5788,25.95803],[90.57278,25.94815],[90.57274,25.944],[90.57137,25.93903],[90.56324,25.93557],[90.55336,25.92912],[90.54682,25.91988],[90.53918,25.91546],[90.53361,25.9088],[90.52548,25.90101],[90.51801,25.89648],[90.51254,25.89624],[90.5111,25.90014],[90.51852,25.9094],[90.52616,25.92828],[90.53221,25.93255],[90.53378,25.93629],[90.5348,25.94564],[90.53446,25.95802],[90.52984,25.96186],[90.52406,25.9699],[90.51356,25.98237],[90.50574,25.99602],[90.50014,26.00136],[90.49793,26.00365],[90.49236,26.00651],[90.48959,26.00964],[90.48122,26.01402],[90.47729,26.01526],[90.4709,26.0126],[90.4653,26.00722],[90.4591,26.00323],[90.45792,26.00134],[90.45752,25.99957],[90.44711,25.99653],[90.42863,25.98904],[90.41743,25.99234],[90.4165,25.99685],[90.41394,26.00132],[90.41104,26.00587],[90.40756,26.00756],[90.40019,26.00928],[90.39729,26.01223],[90.3965,26.01415],[90.39395,26.0141],[90.38737,26.01126],[90.38081,26.01165],[90.36499,26.01032],[90.34666,26.00295],[90.34486,26.00124],[90.33932,25.99686],[90.33692,25.99017],[90.32995,25.9885],[90.32906,25.9827],[90.32434,25.97438],[90.28658,25.9639],[90.27782,25.96317],[90.22737,25.95514],[90.21276,25.95389],[90.21112,25.95564],[90.20844,25.96157],[90.19396,25.957],[90.18945,25.95324],[90.18567,25.94557],[90.18251,25.94445],[90.18053,25.947],[90.17612,25.95708],[90.17265,25.95875],[90.16849,25.95738],[90.1635,25.95736],[90.15839,25.95826],[90.15449,25.96021],[90.1534,25.9647],[90.14739,25.96448],[90.14003,25.95814],[90.13408,25.95781],[90.12845,25.95877],[90.12323,25.95716],[90.12,25.95772],[90.11865,25.96126],[90.11833,25.96601],[90.12293,25.96971],[90.12754,25.96782],[90.13085,25.96807],[90.13427,25.9724],[90.14334,25.97533],[90.14467,25.98],[90.14961,25.98087],[90.15711,25.98693],[90.16876,25.98881],[90.17068,25.99011],[90.17628,25.99108],[90.17612,25.99559],[90.17349,26.00092],[90.17442,26.00455],[90.17857,26.00978],[90.17918,26.01265],[90.17431,26.00962],[90.17492,26.01336],[90.17119,26.01667],[90.17483,26.01884],[90.17988,26.02013],[90.18517,26.02258],[90.18875,26.0251],[90.18966,26.02837],[90.18844,26.03184],[90.18447,26.03681],[90.17386,26.03848],[90.17068,26.04022],[90.16809,26.0434],[90.16843,26.04783],[90.16956,26.05082],[90.17287,26.05686],[90.17536,26.05977],[90.17688,26.06536],[90.17502,26.06443],[90.1712,26.0659],[90.15837,26.07397],[90.15424,26.07802],[90.15326,26.08228],[90.15823,26.08382],[90.16156,26.08592],[90.17113,26.09491],[90.18072,26.10708],[90.18369,26.11265],[90.18605,26.12018],[90.19247,26.12654],[90.19501,26.12428],[90.1978,26.1234],[90.20436,26.12377],[90.20597,26.12567],[90.20697,26.12906],[90.20979,26.13112],[90.21452,26.13115],[90.21674,26.13263],[90.21902,26.13769],[90.22438,26.13795],[90.22828,26.13908],[90.23637,26.13858],[90.2386,26.13966],[90.24422,26.14814],[90.24754,26.1688],[90.24597,26.1718],[90.2453,26.17525],[90.2473,26.17755],[90.25676,26.18066],[90.26093,26.18312],[90.26942,26.18624],[90.27298,26.1846],[90.27682,26.18516],[90.28748,26.18595],[90.29217,26.18443],[90.29654,26.18198],[90.30979,26.17949],[90.3207,26.18034],[90.32394,26.17946],[90.32753,26.17385],[90.33344,26.17312],[90.33997,26.17538],[90.34599,26.17594],[90.35946,26.16023],[90.39851,26.1479],[90.42523,26.14379],[90.454,26.14584],[90.47867,26.16023],[90.51772,26.17462],[90.54033,26.18695],[90.57116,26.189],[90.59993,26.19928],[90.62048,26.22394],[90.64515,26.226],[90.65808,26.22799]]]}},{"type":"Feature","properties":{"ID_0":105,"ISO":"IND","NAME_0":"India","ID_1":4,"NAME_1":"Assam","ID_2":49,"NAME_2":"Golaghat","NL_NAME_2":null,"VARNAME_2":null,"TYPE_2":"District","ENGTYPE_2":"District","STATE":"Assam","DISTRICT":"Golaghat"},"geometry":{"type":"Polygon","coordinates":[[[93.96253,26.92953],[93.969,26.91566],[93.96593,26.90438],[93.95852,26.89898],[93.95971,26.89477],[93.96339,26.89113],[93.9724,26.88831],[93.97329,26.87721],[93.98653,26.87456],[93.99863,26.85929],[94.01074,26.84002],[93.9987,26.82594],[93.99542,26.82419],[93.98935,26.82269],[93.98358,26.81726],[93.98038,26.81244],[93.97782,26.80189],[93.97858,26.79511],[93.9795,26.79231],[93.98298,26.78997],[93.9865,26.78915],[93.98518,26.78642],[93.97488,26.78213],[93.97449,26.77603],[93.97527,26.76915],[93.99879,26.77037],[94.00211,26.76617],[94.00311,26.75025],[94.0119,26.75214],[94.02448,26.75091],[94.02239,26.74526],[94.03133,26.74525],[94.03535,26.7411],[94.04087,26.74652],[94.04256,26.73994],[94.04857,26.74303],[94.04797,26.73762],[94.04288,26.73285],[94.04825,26.73237],[94.04225,26.72498],[94.04435,26.71647],[94.03872,26.71234],[94.04583,26.69958],[94.04507,26.6923],[94.04895,26.68994],[94.05132,26.68977],[94.0518,26.68707],[94.04776,26.68457],[94.04932,26.67943],[94.05089,26.67688],[94.05383,26.68055],[94.05534,26.68086],[94.05652,26.67573],[94.05817,26.67415],[94.0582,26.67197],[94.05645,26.67051],[94.05901,26.66512],[94.06201,26.66935],[94.06394,26.66858],[94.06538,26.66677],[94.06703,26.67002],[94.06925,26.67074],[94.07121,26.6697],[94.07008,26.66377],[94.0743,26.66723],[94.07609,26.66418],[94.07893,26.66526],[94.08468,26.6616],[94.08739,26.65929],[94.08712,26.65373],[94.089,26.6516],[94.09285,26.65104],[94.09646,26.64934],[94.09801,26.64495],[94.0974,26.63257],[94.09416,26.63142],[94.09033,26.63124],[94.08737,26.63203],[94.08745,26.62866],[94.08901,26.62582],[94.08795,26.62454],[94.08531,26.62346],[94.08393,26.62097],[94.08052,26.6189],[94.08186,26.61589],[94.08553,26.61452],[94.08624,26.61328],[94.0838,26.61077],[94.08089,26.60929],[94.07302,26.60077],[94.07402,26.59425],[94.07994,26.59391],[94.08197,26.59102],[94.07928,26.58547],[94.07833,26.5815],[94.08021,26.57879],[94.08379,26.57971],[94.08843,26.57985],[94.09016,26.58223],[94.09239,26.58371],[94.10189,26.58021],[94.10115,26.57526],[94.1032,26.57359],[94.10818,26.57327],[94.11015,26.57072],[94.11178,26.56594],[94.11393,26.56247],[94.11684,26.56013],[94.11719,26.55841],[94.11443,26.55612],[94.11089,26.55474],[94.1126,26.55156],[94.11542,26.54972],[94.11623,26.54773],[94.11248,26.54381],[94.11314,26.53452],[94.11186,26.53089],[94.10657,26.52386],[94.1078,26.51521],[94.10619,26.5094],[94.10295,26.50152],[94.09895,26.49578],[94.10005,26.49179],[94.10382,26.48417],[94.1041,26.47521],[94.10718,26.47079],[94.12696,26.45816],[94.12913,26.45476],[94.13093,26.44927],[94.12878,26.44442],[94.12566,26.44115],[94.11939,26.43162],[94.11816,26.40411],[94.12177,26.39712],[94.1283,26.37684],[94.13244,26.36974],[94.13799,26.35439],[94.15899,26.35497],[94.16327,26.35366],[94.16599,26.35452],[94.16767,26.35331],[94.16938,26.35406],[94.17534,26.35513],[94.17999,26.35412],[94.17928,26.35084],[94.17551,26.34422],[94.17215,26.34441],[94.16452,26.33934],[94.15453,26.33998],[94.14932,26.33908],[94.14671,26.33542],[94.14224,26.33604],[94.14384,26.3402],[94.14265,26.34213],[94.13877,26.34155],[94.13566,26.33822],[94.12397,26.33591],[94.11937,26.3337],[94.11936,26.33049],[94.12872,26.32325],[94.11841,26.32272],[94.11129,26.32605],[94.10805,26.3264],[94.10448,26.32204],[94.10268,26.30869],[94.09808,26.30294],[94.09029,26.29713],[94.08723,26.29042],[94.08444,26.2886],[94.08006,26.28881],[94.07682,26.2852],[94.07782,26.27535],[94.07602,26.26924],[94.07047,26.26003],[94.06464,26.26177],[94.05286,26.25579],[94.04913,26.25021],[94.04422,26.23997],[94.04179,26.23389],[94.03817,26.22951],[94.04047,26.22351],[94.03656,26.21771],[94.03682,26.20972],[94.03574,26.20319],[94.0311,26.19939],[94.02662,26.19715],[94.02196,26.19146],[94.013,26.18628],[94.00877,26.18053],[94.00481,26.17327],[94.0039,26.16938],[94.00435,26.16407],[93.99966,26.15824],[94.00291,26.15134],[94.00636,26.14724],[94.00523,26.14186],[94.0031,26.13902],[93.99966,26.1365],[93.99628,26.13741],[93.9932,26.13739],[93.99075,26.13387],[93.99326,26.13282],[93.99831,26.13098],[93.99833,26.12936],[93.99661,26.12814],[93.99648,26.12237],[93.99282,26.12027],[93.99124,26.11812],[93.99496,26.1157],[93.99986,26.11591],[94.00214,26.11486],[94.00217,26.11138],[93.99957,26.10847],[93.99413,26.10609],[93.99217,26.09783],[93.99249,26.09278],[93.99097,26.08949],[93.98643,26.0883],[93.98602,26.08357],[93.98939,26.07412],[93.99112,26.07264],[93.98081,26.05863],[93.9745,26.05216],[93.97263,26.04496],[93.96589,26.0424],[93.96313,26.03335],[93.96266,26.02216],[93.95838,26.01189],[93.95489,26.00733],[93.95599,26.00457],[93.95898,26.00246],[93.96059,25.99701],[93.95805,25.98157],[93.95601,25.97419],[93.96921,25.96084],[93.97085,25.95326],[93.97109,25.94485],[93.98268,25.92627],[93.97939,25.91968],[93.97198,25.91754],[93.96917,25.91142],[93.96075,25.90586],[93.95984,25.90525],[93.94836,25.9012],[93.94019,25.90096],[93.93463,25.89143],[93.92385,25.8898],[93.9159,25.88766],[93.91383,25.88177],[93.90184,25.87103],[93.89861,25.86375],[93.89341,25.86481],[93.89162,25.85864],[93.88855,25.85246],[93.88274,25.84591],[93.87363,25.85092],[93.86873,25.85541],[93.85171,25.86297],[93.84234,25.86261],[93.83274,25.85625],[93.8243,25.84709],[93.82137,25.8324],[93.81884,25.82623],[93.81158,25.82127],[93.80759,25.81634],[93.79576,25.81435],[93.79132,25.81603],[93.7907,25.8208],[93.78876,25.82602],[93.78735,25.82796],[93.78452,25.83578],[93.78259,25.83822],[93.78109,25.84464],[93.77982,25.84631],[93.78381,25.84996],[93.78297,25.8514],[93.78359,25.85393],[93.78147,25.85927],[93.78529,25.86326],[93.78578,25.8669],[93.79182,25.86969],[93.79064,25.87378],[93.78828,25.87572],[93.78745,25.87893],[93.79146,25.89006],[93.79185,25.89491],[93.79514,25.89804],[93.79573,25.90121],[93.79811,25.90629],[93.79833,25.90969],[93.7963,25.91819],[93.79227,25.92252],[93.79361,25.92604],[93.79321,25.93098],[93.78862,25.93296],[93.79327,25.93674],[93.79142,25.94005],[93.79068,25.94419],[93.78941,25.94602],[93.7866,25.94744],[93.78919,25.94901],[93.78942,25.95258],[93.78661,25.95423],[93.78519,25.9583],[93.78028,25.96061],[93.77882,25.96325],[93.77302,25.96602],[93.76965,25.96713],[93.77129,25.96957],[93.77303,25.97039],[93.77708,25.97181],[93.77931,25.97118],[93.783,25.98295],[93.78407,25.98406],[93.78744,25.98277],[93.79053,25.97756],[93.79414,25.9781],[93.7938,25.98219],[93.79812,25.98009],[93.80197,25.98117],[93.80438,25.98072],[93.80468,25.98361],[93.80655,25.98678],[93.80521,25.98867],[93.80104,25.98576],[93.80022,25.98398],[93.79763,25.98499],[93.79754,25.98849],[93.79544,25.99584],[93.79929,25.99718],[93.80129,26.00193],[93.80765,25.99887],[93.80444,26.00467],[93.80222,26.00711],[93.79865,26.00656],[93.79869,26.00467],[93.7982,26.00368],[93.79781,26.00323],[93.79734,26.00282],[93.79684,26.00248],[93.79629,26.00219],[93.79568,26.00198],[93.79507,26.00183],[93.79442,26.00175],[93.79379,26.00175],[93.79315,26.00181],[93.79253,26.00196],[93.79192,26.00218],[93.79138,26.00246],[93.79087,26.0028],[93.79039,26.0032],[93.78999,26.00365],[93.78965,26.00467],[93.79175,26.00983],[93.78741,26.01309],[93.78455,26.01162],[93.78542,26.01834],[93.7898,26.01743],[93.79388,26.01829],[93.79238,26.02246],[93.78773,26.02412],[93.78674,26.02772],[93.79124,26.03037],[93.79267,26.03481],[93.79965,26.03203],[93.79885,26.03644],[93.79353,26.03929],[93.79087,26.03805],[93.7881,26.03486],[93.78407,26.03658],[93.78282,26.04305],[93.78522,26.04401],[93.79037,26.04419],[93.79306,26.04301],[93.7954,26.045],[93.79633,26.04852],[93.79408,26.05228],[93.7934,26.05687],[93.7981,26.05894],[93.79539,26.06482],[93.80081,26.06868],[93.8052,26.06989],[93.80389,26.07257],[93.79905,26.07314],[93.79814,26.07606],[93.80103,26.07938],[93.80796,26.07412],[93.80799,26.07682],[93.80584,26.08173],[93.80677,26.08329],[93.80609,26.08845],[93.80677,26.09001],[93.80968,26.08999],[93.80551,26.09402],[93.80592,26.09719],[93.80935,26.09838],[93.81174,26.09427],[93.81458,26.09189],[93.81615,26.09409],[93.81383,26.10068],[93.80998,26.1062],[93.81047,26.1089],[93.81362,26.11623],[93.8193,26.11522],[93.82253,26.11549],[93.82427,26.11856],[93.82227,26.1218],[93.81867,26.12532],[93.82093,26.12868],[93.82306,26.13025],[93.82707,26.12996],[93.82807,26.13186],[93.82639,26.13403],[93.82208,26.13547],[93.82345,26.14066],[93.82652,26.14154],[93.8284,26.13462],[93.83084,26.13403],[93.83045,26.14235],[93.82822,26.14846],[93.82964,26.1517],[93.83143,26.15156],[93.83356,26.1533],[93.8312,26.15442],[93.82679,26.15632],[93.82901,26.15704],[93.83188,26.15656],[93.83344,26.15772],[93.83342,26.16049],[93.83577,26.16063],[93.83836,26.16255],[93.83528,26.16435],[93.83095,26.16453],[93.82849,26.16731],[93.82616,26.17039],[93.82873,26.1734],[93.82419,26.17869],[93.82846,26.17961],[93.83109,26.18286],[93.83598,26.17884],[93.83606,26.18309],[93.82985,26.19084],[93.83508,26.19486],[93.83275,26.19799],[93.8329,26.20231],[93.83487,26.20209],[93.83923,26.19962],[93.83969,26.20325],[93.84409,26.20675],[93.8431,26.20875],[93.84063,26.20883],[93.83629,26.20586],[93.83562,26.20797],[93.83654,26.21075],[93.83886,26.21289],[93.84632,26.21644],[93.8465,26.218],[93.84558,26.21987],[93.84064,26.21981],[93.84132,26.22119],[93.84454,26.22337],[93.84792,26.2229],[93.84978,26.22056],[93.85311,26.21991],[93.85487,26.22056],[93.85712,26.22335],[93.85818,26.23096],[93.86426,26.23976],[93.86158,26.24421],[93.86155,26.2472],[93.85918,26.24832],[93.85168,26.24213],[93.84967,26.2448],[93.85104,26.24769],[93.85699,26.25071],[93.8596,26.25138],[93.86693,26.24929],[93.86871,26.25056],[93.86683,26.25307],[93.86363,26.25441],[93.86353,26.25705],[93.86672,26.25819],[93.86989,26.25829],[93.8686,26.26361],[93.87218,26.26366],[93.87669,26.26964],[93.86916,26.27149],[93.87008,26.27455],[93.87412,26.27724],[93.87339,26.27925],[93.87533,26.28134],[93.881,26.27681],[93.88431,26.27634],[93.8833,26.2807],[93.8785,26.28311],[93.8744,26.28702],[93.87715,26.29396],[93.87483,26.29686],[93.87008,26.30059],[93.87325,26.302],[93.87286,26.30378],[93.87372,26.3054],[93.87894,26.30513],[93.88771,26.30691],[93.88639,26.31155],[93.88438,26.31405],[93.87712,26.31349],[93.87886,26.31766],[93.88551,26.31688],[93.88879,26.31876],[93.88588,26.32355],[93.88673,26.32523],[93.88892,26.32434],[93.89471,26.31873],[93.8971,26.32088],[93.89449,26.32544],[93.88933,26.32733],[93.88992,26.32987],[93.89527,26.33217],[93.89539,26.33528],[93.88991,26.33165],[93.88964,26.3382],[93.8912,26.34609],[93.88496,26.3459],[93.88562,26.35056],[93.88969,26.35061],[93.88923,26.35336],[93.88599,26.35751],[93.88558,26.35982],[93.8885,26.36082],[93.88832,26.36525],[93.88542,26.36704],[93.88992,26.36969],[93.89268,26.37294],[93.89426,26.37629],[93.88846,26.37582],[93.8853,26.3768],[93.88538,26.38072],[93.88977,26.38278],[93.89006,26.38601],[93.88617,26.38636],[93.88451,26.3911],[93.88452,26.39783],[93.86952,26.3935],[93.8678,26.39853],[93.86275,26.40053],[93.86185,26.40541],[93.8596,26.4086],[93.85367,26.40881],[93.84911,26.41167],[93.8386,26.41549],[93.83269,26.42083],[93.8281,26.42116],[93.82787,26.41805],[93.826,26.41551],[93.8247,26.41169],[93.82069,26.40664],[93.81625,26.40336],[93.81303,26.40274],[93.80943,26.39914],[93.80744,26.40014],[93.80322,26.39497],[93.79951,26.39348],[93.79536,26.38648],[93.79604,26.38396],[93.79475,26.38101],[93.78945,26.38106],[93.78399,26.38472],[93.77643,26.38766],[93.77774,26.39073],[93.78068,26.39024],[93.78683,26.39803],[93.79108,26.40074],[93.79315,26.40656],[93.79626,26.40878],[93.79899,26.40957],[93.80186,26.41385],[93.79773,26.41357],[93.78551,26.41679],[93.78381,26.42188],[93.78285,26.42618],[93.78915,26.42833],[93.79539,26.43353],[93.79392,26.43874],[93.78693,26.43807],[93.78585,26.44151],[93.78793,26.44372],[93.79378,26.44466],[93.79148,26.45393],[93.78769,26.45767],[93.7884,26.46193],[93.7879,26.46709],[93.77892,26.47145],[93.7729,26.47848],[93.77293,26.48137],[93.77539,26.48037],[93.77737,26.47839],[93.77953,26.48036],[93.77956,26.48301],[93.77633,26.49117],[93.7674,26.50547],[93.7664,26.51022],[93.75861,26.5107],[93.75671,26.51526],[93.75871,26.51833],[93.75595,26.5199],[93.75552,26.52369],[93.75861,26.5262],[93.75919,26.5308],[93.75143,26.53449],[93.74744,26.53191],[93.743,26.54127],[93.73793,26.53793],[93.73484,26.54109],[93.73529,26.5442],[93.74054,26.54393],[93.74139,26.54687],[93.74007,26.55013],[93.73621,26.55319],[93.7363,26.5553],[93.73823,26.55987],[93.73753,26.5633],[93.73906,26.56453],[93.7401,26.56242],[93.74261,26.56619],[93.74079,26.57317],[93.75187,26.58055],[93.7525,26.58248],[93.75048,26.58566],[93.74754,26.58681],[93.74294,26.58664],[93.73875,26.58894],[93.73749,26.59271],[93.73387,26.59702],[93.72357,26.59906],[93.72269,26.60704],[93.71823,26.6079],[93.68559,26.60938],[93.67896,26.60372],[93.67603,26.60384],[93.67094,26.60716],[93.67046,26.60584],[93.66545,26.60214],[93.66137,26.60605],[93.65813,26.60572],[93.64893,26.60289],[93.64861,26.60087],[93.64999,26.59772],[93.64618,26.59733],[93.64038,26.60144],[93.63661,26.60018],[93.62561,26.59386],[93.62853,26.58989],[93.62492,26.57859],[93.62,26.5734],[93.62223,26.56809],[93.61749,26.57077],[93.61335,26.56952],[93.61699,26.5749],[93.61488,26.58004],[93.60979,26.57876],[93.60358,26.57591],[93.58685,26.5717],[93.58816,26.57362],[93.5878,26.57705],[93.58527,26.58477],[93.58649,26.58795],[93.5881,26.59734],[93.59257,26.60062],[93.59171,26.60319],[93.58797,26.60682],[93.57067,26.60674],[93.5682,26.61031],[93.55931,26.61155],[93.55595,26.60897],[93.55119,26.60741],[93.54624,26.6071],[93.54256,26.60361],[93.53319,26.59812],[93.51112,26.59652],[93.50887,26.59862],[93.50454,26.61175],[93.49754,26.61493],[93.49763,26.60746],[93.4838,26.60678],[93.47897,26.60469],[93.47668,26.60046],[93.472,26.59665],[93.47263,26.59345],[93.47802,26.59135],[93.4887,26.59382],[93.49426,26.5939],[93.49435,26.59137],[93.49205,26.58848],[93.48512,26.58589],[93.47569,26.58471],[93.46947,26.57836],[93.46517,26.57162],[93.4599,26.57344],[93.4633,26.57717],[93.46672,26.58319],[93.46835,26.58879],[93.46436,26.58717],[93.45812,26.57719],[93.45494,26.57807],[93.4574,26.5827],[93.45656,26.58396],[93.44614,26.57959],[93.42405,26.57683],[93.41763,26.57489],[93.41229,26.57055],[93.40375,26.57329],[93.402,26.57487],[93.40733,26.57737],[93.40233,26.57912],[93.40264,26.58355],[93.39343,26.58076],[93.37881,26.58093],[93.36805,26.58431],[93.33553,26.58557],[93.32016,26.58514],[93.31538,26.58121],[93.31408,26.57826],[93.31194,26.57949],[93.30744,26.57883],[93.30048,26.57545],[93.29865,26.57748],[93.30126,26.58007],[93.30288,26.58109],[93.30482,26.58342],[93.29484,26.58889],[93.29435,26.59124],[93.29647,26.59489],[93.30072,26.60765],[93.2944,26.61949],[93.2867,26.63769],[93.29095,26.63977],[93.30966,26.63939],[93.3149,26.64292],[93.3198,26.65191],[93.3207,26.65979],[93.31128,26.66595],[93.3099,26.67155],[93.31766,26.67812],[93.31998,26.6816],[93.31725,26.68369],[93.31714,26.68817],[93.3091,26.69423],[93.30746,26.70086],[93.3191,26.70519],[93.32323,26.70889],[93.32982,26.70905],[93.33593,26.71025],[93.34029,26.71806],[93.3422,26.72591],[93.3475,26.73433],[93.35757,26.74028],[93.37218,26.7454],[93.38052,26.74721],[93.40338,26.75579],[93.40789,26.75465],[93.41543,26.75035],[93.43185,26.74739],[93.4435,26.74891],[93.44925,26.75416],[93.46087,26.75985],[93.47118,26.76191],[93.49262,26.75994],[93.50944,26.76336],[93.52229,26.75828],[93.53419,26.75679],[93.54022,26.75126],[93.54543,26.74502],[93.55386,26.7405],[93.56261,26.73924],[93.56026,26.73094],[93.56593,26.72694],[93.60111,26.71892],[93.61879,26.71561],[93.63776,26.70958],[93.65007,26.70819],[93.6656,26.71727],[93.6722,26.71598],[93.66838,26.72845],[93.66133,26.74011],[93.65508,26.76397],[93.64924,26.78076],[93.64806,26.78718],[93.64999,26.79226],[93.65634,26.79482],[93.6708,26.80342],[93.68921,26.79857],[93.69582,26.80096],[93.71117,26.82075],[93.7168,26.82043],[93.72694,26.81805],[93.73745,26.81175],[93.74529,26.804],[93.7536,26.80853],[93.75815,26.81698],[93.76035,26.8258],[93.76568,26.84022],[93.77217,26.84703],[93.78933,26.83355],[93.80074,26.8281],[93.80692,26.82627],[93.82021,26.82662],[93.82518,26.82865],[93.83694,26.84385],[93.83941,26.85186],[93.84197,26.85552],[93.8487,26.85562],[93.85674,26.86105],[93.86475,26.86121],[93.87933,26.85883],[93.89272,26.86819],[93.89725,26.87526],[93.89652,26.88236],[93.89304,26.88977],[93.89252,26.89402],[93.91846,26.91175],[93.91873,26.91801],[93.91786,26.92535],[93.92275,26.93003],[93.9351,26.93288],[93.94674,26.93214],[93.96253,26.92953]]]}},{"type":"Feature","properties":{"ID_0":105,"ISO":"IND","NAME_0":"India","ID_1":4,"NAME_1":"Assam","ID_2":50,"NAME_2":"Hailakandi","NL_NAME_2":null,"VARNAME_2":null,"TYPE_2":"District","ENGTYPE_2":"District","STATE":"Assam","DISTRICT":"Hailakandi"},"geometry":{"type":"Polygon","coordinates":[[[92.7652,24.52085],[92.76451,24.51883],[92.75919,24.51176],[92.75365,24.50704],[92.7545,24.50112],[92.75133,24.49437],[92.75078,24.49149],[92.74884,24.48854],[92.74361,24.47463],[92.73054,24.45275],[92.72376,24.43595],[92.71814,24.41622],[92.71512,24.41452],[92.71412,24.41296],[92.7142,24.41037],[92.71509,24.40877],[92.71413,24.40778],[92.71422,24.40532],[92.70742,24.39241],[92.70745,24.38701],[92.70344,24.3838],[92.70411,24.37622],[92.70241,24.37523],[92.69827,24.37496],[92.69688,24.374],[92.69501,24.36957],[92.69325,24.36782],[92.69421,24.36496],[92.69392,24.36363],[92.69177,24.36217],[92.69167,24.35642],[92.69067,24.3548],[92.688,24.35201],[92.68402,24.34989],[92.6838,24.34748],[92.67964,24.34778],[92.67478,24.3498],[92.667,24.34561],[92.66525,24.34521],[92.66411,24.34674],[92.66323,24.3438],[92.66225,24.34344],[92.66072,24.34515],[92.65847,24.34346],[92.65752,24.34351],[92.65759,24.34155],[92.65646,24.33912],[92.6524,24.33529],[92.65204,24.33286],[92.65184,24.33034],[92.6494,24.33082],[92.64978,24.32922],[92.64904,24.32875],[92.64525,24.33181],[92.64594,24.32923],[92.64501,24.32767],[92.64099,24.32871],[92.63984,24.32973],[92.63926,24.33175],[92.63669,24.33269],[92.63654,24.33424],[92.63824,24.33443],[92.63772,24.33552],[92.6359,24.33574],[92.63064,24.33337],[92.62617,24.33447],[92.62428,24.33265],[92.62335,24.33077],[92.6231,24.32029],[92.61944,24.31151],[92.61964,24.30846],[92.61803,24.30436],[92.61831,24.29971],[92.61678,24.29123],[92.61723,24.28906],[92.61906,24.28787],[92.6194,24.28678],[92.61904,24.28132],[92.61682,24.27531],[92.61577,24.27053],[92.61551,24.26362],[92.61308,24.25584],[92.61159,24.25335],[92.60796,24.25008],[92.60596,24.2492],[92.59596,24.24931],[92.59357,24.24859],[92.5914,24.24598],[92.58801,24.24486],[92.58184,24.24536],[92.56456,24.25009],[92.55894,24.24789],[92.55064,24.2459],[92.54883,24.24323],[92.5471,24.2377],[92.54694,24.23476],[92.54778,24.23189],[92.54739,24.22441],[92.54575,24.2199],[92.54224,24.21418],[92.54243,24.21062],[92.54147,24.20623],[92.53727,24.20193],[92.5364,24.1999],[92.53782,24.19647],[92.53148,24.18346],[92.53346,24.18083],[92.53289,24.18053],[92.53152,24.17742],[92.52991,24.17641],[92.52966,24.1748],[92.5254,24.17293],[92.52176,24.17293],[92.51759,24.17621],[92.51513,24.17549],[92.51357,24.17358],[92.51479,24.1702],[92.51373,24.16926],[92.50864,24.1692],[92.512,24.16482],[92.51283,24.16258],[92.50954,24.16289],[92.50678,24.16682],[92.50488,24.16731],[92.50326,24.16667],[92.50246,24.16211],[92.50014,24.16052],[92.49476,24.15994],[92.48808,24.16222],[92.48586,24.1622],[92.48494,24.16138],[92.4849,24.15931],[92.48396,24.15814],[92.48264,24.15709],[92.48119,24.15708],[92.48356,24.15393],[92.48293,24.15272],[92.48066,24.1523],[92.48063,24.15011],[92.47875,24.14871],[92.4815,24.14294],[92.48087,24.14132],[92.47961,24.1409],[92.47482,24.14291],[92.47332,24.14203],[92.47335,24.13996],[92.46859,24.138],[92.46683,24.13504],[92.46597,24.13475],[92.46484,24.13663],[92.46307,24.13637],[92.45722,24.1435],[92.45063,24.14369],[92.44389,24.1531],[92.44183,24.15285],[92.43876,24.15125],[92.43743,24.15135],[92.43657,24.15243],[92.43523,24.16258],[92.43814,24.16913],[92.43775,24.1705],[92.43446,24.17414],[92.4342,24.18138],[92.43321,24.18327],[92.42215,24.18853],[92.41898,24.19436],[92.41972,24.20247],[92.41822,24.21091],[92.42018,24.21789],[92.41852,24.22165],[92.42005,24.2352],[92.42253,24.24817],[92.42238,24.25311],[92.42375,24.25318],[92.42557,24.25212],[92.43286,24.25571],[92.4396,24.27023],[92.4458,24.27525],[92.45476,24.28882],[92.46416,24.30084],[92.47063,24.31156],[92.47696,24.32499],[92.48187,24.34305],[92.48215,24.34839],[92.48362,24.3525],[92.49271,24.36963],[92.49266,24.37538],[92.4962,24.38312],[92.49578,24.38922],[92.49642,24.39434],[92.50066,24.40233],[92.50097,24.41337],[92.50235,24.42219],[92.50677,24.43966],[92.50723,24.4464],[92.50617,24.45323],[92.50713,24.46124],[92.50835,24.46763],[92.50813,24.47205],[92.5107,24.48203],[92.50649,24.49089],[92.50903,24.49794],[92.50897,24.50363],[92.50767,24.51052],[92.50851,24.51749],[92.51068,24.52476],[92.50853,24.53461],[92.5164,24.55457],[92.5192,24.56925],[92.51701,24.57607],[92.51692,24.57848],[92.51415,24.58001],[92.50584,24.59364],[92.50533,24.60566],[92.50925,24.60519],[92.50871,24.61881],[92.51022,24.62607],[92.51094,24.62677],[92.51028,24.62785],[92.50739,24.62788],[92.50662,24.62907],[92.50671,24.63672],[92.50532,24.64511],[92.50529,24.65103],[92.5033,24.66065],[92.50432,24.66292],[92.50412,24.66436],[92.50296,24.66738],[92.49722,24.67623],[92.49718,24.68169],[92.49835,24.68531],[92.5013,24.68829],[92.50396,24.69316],[92.50556,24.70203],[92.51048,24.71117],[92.51117,24.71205],[92.51389,24.71283],[92.5157,24.71676],[92.52189,24.72362],[92.52271,24.72621],[92.52221,24.73173],[92.52336,24.73848],[92.52296,24.74255],[92.52715,24.74841],[92.53307,24.75205],[92.54485,24.76225],[92.54548,24.76627],[92.54309,24.77436],[92.54747,24.77959],[92.54778,24.78172],[92.54617,24.78474],[92.54456,24.79168],[92.54403,24.7953],[92.54494,24.80094],[92.54775,24.80431],[92.54793,24.80633],[92.55088,24.81182],[92.5545,24.81647],[92.56324,24.8218],[92.57333,24.83406],[92.58108,24.84133],[92.58651,24.85151],[92.58891,24.86051],[92.58897,24.86431],[92.59242,24.86641],[92.59023,24.86955],[92.58202,24.87337],[92.58199,24.87549],[92.59789,24.88034],[92.61021,24.86334],[92.62065,24.86046],[92.63129,24.85559],[92.63078,24.85378],[92.63171,24.8503],[92.63891,24.83801],[92.63572,24.8339],[92.63637,24.82982],[92.63977,24.82153],[92.64337,24.82157],[92.6568,24.81636],[92.66054,24.81572],[92.67112,24.81734],[92.67796,24.81711],[92.68037,24.81576],[92.6847,24.80908],[92.68409,24.805],[92.67259,24.79377],[92.66982,24.79236],[92.66666,24.77945],[92.66753,24.76997],[92.66584,24.76794],[92.66605,24.76461],[92.65925,24.74993],[92.65739,24.74427],[92.65621,24.73822],[92.65659,24.73074],[92.6573,24.72524],[92.65865,24.72255],[92.65934,24.71411],[92.65803,24.6984],[92.6559,24.69423],[92.65796,24.67707],[92.65891,24.67449],[92.66005,24.67174],[92.66663,24.67204],[92.66709,24.66422],[92.66901,24.66131],[92.66679,24.64134],[92.67021,24.62878],[92.67525,24.62878],[92.68124,24.63132],[92.69382,24.62364],[92.69629,24.62066],[92.69676,24.61895],[92.69416,24.61801],[92.69033,24.61503],[92.68158,24.61338],[92.67868,24.61185],[92.67017,24.61194],[92.66979,24.60923],[92.67382,24.60094],[92.67062,24.5967],[92.67012,24.59358],[92.67211,24.58988],[92.67706,24.58378],[92.67896,24.58409],[92.68647,24.58302],[92.69006,24.58139],[92.70126,24.57238],[92.70521,24.56655],[92.71509,24.57091],[92.71799,24.57106],[92.71958,24.56757],[92.72599,24.57166],[92.73551,24.58516],[92.73487,24.58832],[92.7391,24.58934],[92.74193,24.58604],[92.74628,24.58666],[92.75052,24.58497],[92.75367,24.58478],[92.75538,24.58537],[92.76102,24.57939],[92.76453,24.56925],[92.77473,24.57212],[92.78073,24.57195],[92.78107,24.56229],[92.77962,24.56205],[92.77343,24.55439],[92.77351,24.55124],[92.77565,24.54885],[92.76382,24.53251],[92.76221,24.52732],[92.76002,24.5239],[92.75965,24.52119],[92.76205,24.52082],[92.7635,24.52147],[92.7652,24.52085]]]}},{"type":"Feature","properties":{"ID_0":105,"ISO":"IND","NAME_0":"India","ID_1":4,"NAME_1":"Assam","ID_2":51,"NAME_2":"Jorhat","NL_NAME_2":null,"VARNAME_2":null,"TYPE_2":"District","ENGTYPE_2":"District","STATE":"Assam","DISTRICT":"Jorhat"},"geometry":{"type":"Polygon","coordinates":[[[94.59457,27.14953],[94.58171,27.13857],[94.58141,27.12926],[94.57735,27.12125],[94.56963,27.11474],[94.56406,27.10503],[94.55836,27.10284],[94.55141,27.09745],[94.54873,27.08659],[94.54546,27.07841],[94.5388,27.07314],[94.53016,27.07065],[94.51401,27.05181],[94.50991,27.0455],[94.4985,27.03924],[94.4799,27.03371],[94.47449,27.0269],[94.47194,27.01837],[94.4695,27.00512],[94.46402,26.99813],[94.45971,26.99513],[94.44052,26.98668],[94.42533,26.97679],[94.40243,26.9642],[94.40079,26.9621],[94.40133,26.9559],[94.40287,26.95184],[94.40735,26.94772],[94.41166,26.9464],[94.41441,26.94609],[94.41707,26.94758],[94.42209,26.94685],[94.43044,26.94353],[94.43454,26.94324],[94.43782,26.94214],[94.44327,26.94188],[94.45866,26.944],[94.4671,26.94338],[94.47559,26.94104],[94.48125,26.93841],[94.481,26.92938],[94.48398,26.92219],[94.4809,26.91915],[94.48544,26.91106],[94.48056,26.90673],[94.48135,26.90202],[94.48833,26.89092],[94.49072,26.88894],[94.49471,26.88796],[94.49551,26.88493],[94.49384,26.88105],[94.49627,26.87827],[94.49746,26.87403],[94.49416,26.86766],[94.49304,26.86063],[94.49444,26.85732],[94.49409,26.85427],[94.48915,26.83844],[94.48962,26.83609],[94.49746,26.82971],[94.50297,26.82749],[94.50835,26.82246],[94.51195,26.81779],[94.52358,26.81215],[94.52458,26.80526],[94.51838,26.80064],[94.51853,26.79829],[94.52087,26.7966],[94.52219,26.79684],[94.52434,26.79486],[94.52483,26.7916],[94.52078,26.7882],[94.51879,26.78454],[94.51678,26.78285],[94.51549,26.7795],[94.51769,26.77677],[94.5249,26.7763],[94.52531,26.77498],[94.52393,26.77278],[94.52139,26.772],[94.52413,26.76847],[94.53063,26.76932],[94.52927,26.76619],[94.53318,26.76039],[94.53551,26.7584],[94.5384,26.76085],[94.53626,26.76485],[94.54038,26.76624],[94.54441,26.76164],[94.54696,26.7569],[94.55074,26.75225],[94.55445,26.75569],[94.55988,26.76117],[94.56182,26.75918],[94.56276,26.75552],[94.56682,26.75315],[94.56992,26.75545],[94.57558,26.75667],[94.57341,26.74808],[94.57458,26.74643],[94.58399,26.74047],[94.58229,26.73705],[94.58578,26.73055],[94.59518,26.72989],[94.59333,26.72613],[94.60049,26.72526],[94.60319,26.72381],[94.60464,26.71985],[94.60468,26.71721],[94.60372,26.71617],[94.59831,26.71994],[94.59617,26.71818],[94.59502,26.71236],[94.59493,26.70655],[94.59241,26.70273],[94.58898,26.70244],[94.58539,26.70331],[94.58279,26.70558],[94.5715,26.69622],[94.57469,26.69102],[94.57087,26.69006],[94.56609,26.68993],[94.56295,26.69063],[94.56233,26.69383],[94.56473,26.706],[94.56344,26.70737],[94.56113,26.70814],[94.55467,26.70844],[94.55037,26.71017],[94.54506,26.7109],[94.54087,26.70963],[94.52776,26.70128],[94.52273,26.70437],[94.5201,26.70145],[94.51968,26.6946],[94.5155,26.6873],[94.50995,26.68343],[94.50714,26.68298],[94.50301,26.67769],[94.49827,26.67371],[94.4928,26.67225],[94.48575,26.6737],[94.46794,26.66982],[94.46452,26.66751],[94.46183,26.66316],[94.45857,26.65535],[94.46142,26.64809],[94.46166,26.64384],[94.46446,26.64037],[94.46482,26.63871],[94.4625,26.63546],[94.45681,26.63664],[94.45452,26.63902],[94.43449,26.62538],[94.40988,26.61644],[94.40787,26.61433],[94.40858,26.60979],[94.40601,26.60193],[94.41485,26.58328],[94.41188,26.5734],[94.40931,26.56899],[94.40776,26.56143],[94.41058,26.5606],[94.41196,26.55845],[94.40897,26.55713],[94.4061,26.55738],[94.40479,26.55523],[94.40764,26.5524],[94.40795,26.54971],[94.40675,26.54825],[94.40268,26.54686],[94.40134,26.54408],[94.40248,26.5388],[94.39892,26.53455],[94.39945,26.53232],[94.39656,26.52973],[94.39409,26.53264],[94.39141,26.53283],[94.37827,26.52526],[94.37691,26.52317],[94.37807,26.51716],[94.37762,26.51312],[94.36925,26.50999],[94.36446,26.51033],[94.35875,26.50914],[94.35459,26.51028],[94.35111,26.50862],[94.35372,26.50481],[94.35553,26.50345],[94.35356,26.50216],[94.35182,26.4992],[94.35207,26.49575],[94.34963,26.49284],[94.34341,26.49004],[94.33694,26.48482],[94.3326,26.48503],[94.32932,26.48384],[94.32388,26.47938],[94.32478,26.47221],[94.3243,26.4707],[94.31651,26.46293],[94.31348,26.465],[94.31098,26.46606],[94.30331,26.46726],[94.29392,26.48074],[94.29243,26.49003],[94.29024,26.49597],[94.28724,26.50852],[94.28707,26.51496],[94.28879,26.51832],[94.28906,26.52517],[94.28562,26.53409],[94.28494,26.54029],[94.28562,26.54657],[94.28484,26.55536],[94.28531,26.55824],[94.28891,26.5599],[94.28979,26.56411],[94.28229,26.56354],[94.27674,26.55884],[94.26257,26.54395],[94.25332,26.53253],[94.25205,26.52773],[94.24483,26.51692],[94.23989,26.51143],[94.22892,26.50326],[94.22362,26.50057],[94.21149,26.48985],[94.20937,26.48372],[94.20112,26.4699],[94.18655,26.46051],[94.17576,26.4318],[94.17652,26.42807],[94.17401,26.42089],[94.17684,26.41341],[94.17694,26.39956],[94.17909,26.38872],[94.17405,26.37782],[94.17549,26.37445],[94.17561,26.37176],[94.17358,26.36758],[94.16447,26.36012],[94.16767,26.35331],[94.16599,26.35452],[94.16327,26.35366],[94.15899,26.35497],[94.13799,26.35439],[94.13244,26.36974],[94.1283,26.37684],[94.12177,26.39712],[94.11816,26.40411],[94.11939,26.43162],[94.12566,26.44115],[94.12878,26.44442],[94.13093,26.44927],[94.12913,26.45476],[94.12696,26.45816],[94.10718,26.47079],[94.1041,26.47521],[94.10382,26.48417],[94.10005,26.49179],[94.09895,26.49578],[94.10295,26.50152],[94.10619,26.5094],[94.1078,26.51521],[94.10657,26.52386],[94.11186,26.53089],[94.11314,26.53452],[94.11248,26.54381],[94.11623,26.54773],[94.11542,26.54972],[94.1126,26.55156],[94.11089,26.55474],[94.11443,26.55612],[94.11719,26.55841],[94.11684,26.56013],[94.11393,26.56247],[94.11178,26.56594],[94.11015,26.57072],[94.10818,26.57327],[94.1032,26.57359],[94.10115,26.57526],[94.10189,26.58021],[94.09239,26.58371],[94.09016,26.58223],[94.08843,26.57985],[94.08379,26.57971],[94.08021,26.57879],[94.07833,26.5815],[94.07928,26.58547],[94.08197,26.59102],[94.07994,26.59391],[94.07402,26.59425],[94.07302,26.60077],[94.08089,26.60929],[94.0838,26.61077],[94.08624,26.61328],[94.08553,26.61452],[94.08186,26.61589],[94.08052,26.6189],[94.08393,26.62097],[94.08531,26.62346],[94.08795,26.62454],[94.08901,26.62582],[94.08745,26.62866],[94.08737,26.63203],[94.09033,26.63124],[94.09416,26.63142],[94.0974,26.63257],[94.09801,26.64495],[94.09646,26.64934],[94.09285,26.65104],[94.089,26.6516],[94.08712,26.65373],[94.08739,26.65929],[94.08468,26.6616],[94.07893,26.66526],[94.07609,26.66418],[94.0743,26.66723],[94.07008,26.66377],[94.07121,26.6697],[94.06925,26.67074],[94.06703,26.67002],[94.06538,26.66677],[94.06394,26.66858],[94.06201,26.66935],[94.05901,26.66512],[94.05645,26.67051],[94.0582,26.67197],[94.05817,26.67415],[94.05652,26.67573],[94.05534,26.68086],[94.05383,26.68055],[94.05089,26.67688],[94.04932,26.67943],[94.04776,26.68457],[94.0518,26.68707],[94.05132,26.68977],[94.04895,26.68994],[94.04507,26.6923],[94.04583,26.69958],[94.03872,26.71234],[94.04435,26.71647],[94.04225,26.72498],[94.04825,26.73237],[94.04288,26.73285],[94.04797,26.73762],[94.04857,26.74303],[94.04256,26.73994],[94.04087,26.74652],[94.03535,26.7411],[94.03133,26.74525],[94.02239,26.74526],[94.02448,26.75091],[94.0119,26.75214],[94.00311,26.75025],[94.00211,26.76617],[93.99879,26.77037],[93.97527,26.76915],[93.97449,26.77603],[93.97488,26.78213],[93.98518,26.78642],[93.9865,26.78915],[93.98298,26.78997],[93.9795,26.79231],[93.97858,26.79511],[93.97782,26.80189],[93.98038,26.81244],[93.98358,26.81726],[93.98935,26.82269],[93.99542,26.82419],[93.9987,26.82594],[94.01074,26.84002],[93.99863,26.85929],[93.98653,26.87456],[93.97329,26.87721],[93.9724,26.88831],[93.96339,26.89113],[93.95971,26.89477],[93.95852,26.89898],[93.96593,26.90438],[93.969,26.91566],[93.96253,26.92953],[93.97515,26.92701],[93.98664,26.93108],[93.9985,26.94346],[94.00703,26.93815],[94.01252,26.93113],[94.02558,26.93357],[94.02915,26.93823],[94.02655,26.95083],[94.02753,26.95982],[94.04073,26.97119],[94.04349,26.97739],[94.05273,26.9828],[94.05981,26.9839],[94.06747,26.98141],[94.07771,26.96395],[94.08614,26.9643],[94.10018,26.97042],[94.11113,26.9738],[94.11898,26.97431],[94.13399,26.97298],[94.13869,26.97595],[94.14021,26.97995],[94.13729,26.99317],[94.1543,26.9975],[94.15865,27.00269],[94.16347,27.00296],[94.16988,27.00101],[94.17452,27.00314],[94.17814,27.00304],[94.18096,27.00091],[94.18575,27.00426],[94.19086,27.01188],[94.19194,27.01458],[94.1916,27.01975],[94.18876,27.0254],[94.18681,27.03185],[94.18981,27.03944],[94.19447,27.04087],[94.19786,27.03878],[94.20248,27.03276],[94.21882,27.03386],[94.22448,27.03566],[94.22582,27.03936],[94.22326,27.04183],[94.22581,27.04941],[94.23029,27.06297],[94.2381,27.07701],[94.25336,27.08871],[94.25907,27.09116],[94.26611,27.09598],[94.28119,27.099],[94.28602,27.09487],[94.29658,27.08956],[94.30256,27.08396],[94.30756,27.07622],[94.31284,27.07387],[94.31623,27.07666],[94.32384,27.09132],[94.33714,27.08505],[94.34549,27.08658],[94.35189,27.08961],[94.3583,27.09654],[94.36726,27.1016],[94.38336,27.09928],[94.39229,27.10157],[94.40958,27.09647],[94.41779,27.09489],[94.42435,27.0993],[94.42781,27.10398],[94.42735,27.11627],[94.43192,27.12085],[94.43829,27.12329],[94.44608,27.12061],[94.45732,27.11893],[94.46178,27.11553],[94.47005,27.11837],[94.47411,27.12611],[94.47408,27.13541],[94.47784,27.13941],[94.48358,27.14172],[94.49033,27.13735],[94.4906,27.13132],[94.49328,27.12668],[94.50352,27.12422],[94.5086,27.12457],[94.51206,27.14417],[94.51382,27.14588],[94.52846,27.14571],[94.53299,27.15064],[94.53049,27.15764],[94.52458,27.16279],[94.54664,27.17519],[94.56205,27.17779],[94.56207,27.18565],[94.56934,27.18278],[94.57619,27.17484],[94.58024,27.16776],[94.5862,27.16134],[94.58997,27.15346],[94.59457,27.14953]]]}},{"type":"Feature","properties":{"ID_0":105,"ISO":"IND","NAME_0":"India","ID_1":4,"NAME_1":"Assam","ID_2":52,"NAME_2":"Kamrup","NL_NAME_2":null,"VARNAME_2":"Kampur, Ramrup","TYPE_2":"District","ENGTYPE_2":"District","STATE":"Assam","DISTRICT":"Kamrup"},"geometry":{"type":"Polygon","coordinates":[[[91.95339,26.25504],[91.95743,26.24916],[91.95768,26.24501],[91.95595,26.24009],[91.9557,26.23658],[91.9566,26.23278],[91.9594,26.22905],[91.96693,26.22597],[91.97624,26.21894],[91.99744,26.20583],[92.00285,26.20463],[92.00423,26.20357],[92.00577,26.20502],[92.0081,26.20582],[92.01455,26.20664],[92.02,26.20284],[92.02396,26.20193],[92.02827,26.2081],[92.0304,26.20924],[92.03206,26.20912],[92.03653,26.20619],[92.03834,26.20276],[92.04049,26.20082],[92.04362,26.20077],[92.04589,26.20561],[92.04608,26.2148],[92.06102,26.19862],[92.06328,26.19774],[92.07171,26.19781],[92.07735,26.19656],[92.08152,26.18713],[92.08401,26.18639],[92.09005,26.18996],[92.09211,26.18927],[92.09341,26.18624],[92.09177,26.18418],[92.08391,26.17969],[92.08157,26.17906],[92.09356,26.17738],[92.10856,26.17257],[92.11497,26.17747],[92.12269,26.17985],[92.12965,26.17997],[92.13128,26.17898],[92.13229,26.17502],[92.14722,26.16409],[92.15184,26.16276],[92.15395,26.16442],[92.15454,26.16784],[92.15635,26.1687],[92.15885,26.16783],[92.16288,26.165],[92.16814,26.16494],[92.16721,26.15863],[92.16284,26.14977],[92.16463,26.13516],[92.16869,26.1194],[92.16996,26.11701],[92.17212,26.10265],[92.16828,26.09506],[92.16816,26.09327],[92.1738,26.08331],[92.17831,26.07951],[92.16909,26.07759],[92.15468,26.06806],[92.15052,26.0649],[92.14899,26.06163],[92.14622,26.05856],[92.14378,26.05764],[92.13817,26.05282],[92.13312,26.04589],[92.12702,26.0459],[92.12338,26.04489],[92.11623,26.04655],[92.10889,26.04971],[92.09336,26.04852],[92.08113,26.04362],[92.07883,26.04178],[92.07363,26.04028],[92.07046,26.03785],[92.06322,26.03472],[92.05286,26.03283],[92.05019,26.03304],[92.03961,26.03622],[92.0361,26.0394],[92.03475,26.03969],[92.02789,26.0399],[92.02387,26.03843],[92.02219,26.03926],[92.01762,26.03959],[92.00818,26.03945],[92.00338,26.03803],[92.00044,26.03918],[91.99765,26.03884],[91.99107,26.04103],[91.9874,26.03872],[91.98423,26.03054],[91.97817,26.02585],[91.95782,26.01889],[91.95242,26.01781],[91.94632,26.0145],[91.94129,26.014],[91.93397,26.01467],[91.92681,26.00161],[91.92583,25.99974],[91.9221,25.99953],[91.91957,26.00013],[91.91953,26.00159],[91.91872,26.00724],[91.91566,26.01033],[91.91685,26.01376],[91.91697,26.02146],[91.91165,26.02383],[91.90746,26.02711],[91.90092,26.02627],[91.89195,26.02955],[91.88323,26.03],[91.87016,26.05219],[91.86935,26.05686],[91.87524,26.08456],[91.87579,26.09773],[91.8647,26.10035],[91.85384,26.10479],[91.82655,26.11814],[91.81931,26.11874],[91.81556,26.11144],[91.81081,26.10517],[91.80806,26.10382],[91.80179,26.10494],[91.79037,26.08702],[91.78458,26.08658],[91.78043,26.0883],[91.77852,26.09125],[91.75948,26.07129],[91.73126,26.05921],[91.73459,26.05664],[91.73296,26.05103],[91.72641,26.04691],[91.72318,26.03032],[91.72466,26.02726],[91.72276,26.0198],[91.72117,26.00184],[91.71978,25.9783],[91.72163,25.96508],[91.72018,25.95407],[91.71394,25.94723],[91.70817,25.94437],[91.70091,25.94189],[91.70197,25.93793],[91.69232,25.9291],[91.68642,25.92125],[91.6786,25.91732],[91.67599,25.91183],[91.66931,25.90539],[91.66724,25.90819],[91.66194,25.90988],[91.65688,25.90788],[91.65149,25.90767],[91.64792,25.91374],[91.63283,25.92577],[91.62276,25.93099],[91.61115,25.93992],[91.61093,25.9446],[91.62463,25.94597],[91.63012,25.94464],[91.63409,25.9605],[91.63795,25.96485],[91.63214,25.97079],[91.62802,25.97697],[91.62679,25.98239],[91.62472,25.9859],[91.62867,25.99513],[91.62672,25.99765],[91.63045,25.99983],[91.63207,26.00187],[91.63303,26.00491],[91.6321,26.01396],[91.6334,26.01785],[91.63216,26.02241],[91.62611,26.02397],[91.62029,26.02703],[91.61655,26.02472],[91.60187,26.02263],[91.59681,26.0208],[91.59706,26.01706],[91.58813,26.03015],[91.5841,26.03198],[91.57584,26.03311],[91.57003,26.02748],[91.56881,26.02174],[91.56972,26.01684],[91.5686,26.01195],[91.56513,26.00751],[91.56609,26.00376],[91.56537,26.00184],[91.55484,25.98661],[91.55126,25.9749],[91.54894,25.9751],[91.53728,25.96839],[91.53717,25.9621],[91.53241,25.96224],[91.52585,25.96132],[91.5238,25.95941],[91.5185,25.95815],[91.51819,25.9528],[91.51978,25.94089],[91.51629,25.93833],[91.50163,25.92076],[91.50334,25.91432],[91.50558,25.91308],[91.51078,25.91543],[91.51685,25.92002],[91.5217,25.92485],[91.5359,25.934],[91.53133,25.92371],[91.52478,25.92079],[91.50854,25.90976],[91.50115,25.89847],[91.50326,25.89216],[91.49861,25.89247],[91.49292,25.89558],[91.48853,25.89485],[91.48338,25.89106],[91.47868,25.88468],[91.47594,25.87804],[91.47476,25.87123],[91.47739,25.86872],[91.49369,25.86553],[91.49831,25.8672],[91.50778,25.86744],[91.51355,25.87095],[91.51725,25.87467],[91.51977,25.87802],[91.52222,25.88593],[91.52578,25.89011],[91.52974,25.88968],[91.53206,25.88815],[91.53262,25.88407],[91.52888,25.88087],[91.52541,25.87289],[91.52177,25.87435],[91.51912,25.87312],[91.51276,25.86656],[91.50788,25.8648],[91.49603,25.86234],[91.48304,25.8629],[91.4784,25.85768],[91.47496,25.85719],[91.46873,25.85903],[91.45496,25.85131],[91.4474,25.84566],[91.4444,25.84102],[91.44122,25.84163],[91.43085,25.84776],[91.4243,25.85356],[91.4189,25.85472],[91.41273,25.85392],[91.40509,25.84988],[91.40119,25.8511],[91.38852,25.8473],[91.38212,25.84694],[91.37687,25.84488],[91.3705,25.8443],[91.3637,25.84049],[91.35689,25.84146],[91.35331,25.83774],[91.34856,25.84035],[91.3444,25.83944],[91.34249,25.8361],[91.33643,25.83841],[91.33356,25.83884],[91.33218,25.8337],[91.33243,25.83209],[91.32499,25.82379],[91.30633,25.79637],[91.2969,25.77825],[91.28729,25.76411],[91.27959,25.75666],[91.27647,25.75167],[91.27563,25.74694],[91.26228,25.74929],[91.25537,25.74783],[91.2325,25.72916],[91.22388,25.72342],[91.22144,25.72605],[91.21587,25.72391],[91.198,25.73098],[91.19199,25.72958],[91.19234,25.73609],[91.18871,25.73893],[91.18918,25.76347],[91.1857,25.76688],[91.18591,25.76994],[91.18118,25.77335],[91.17993,25.77632],[91.18397,25.78259],[91.18475,25.79503],[91.18725,25.80329],[91.19096,25.8107],[91.18816,25.81557],[91.18987,25.82078],[91.19431,25.8264],[91.19452,25.83061],[91.20263,25.84054],[91.19866,25.84764],[91.19812,25.85483],[91.19648,25.85901],[91.19304,25.85523],[91.18547,25.84997],[91.18176,25.84412],[91.17902,25.84275],[91.16819,25.84563],[91.16165,25.84932],[91.15286,25.85007],[91.14539,25.84734],[91.13791,25.84213],[91.13168,25.84195],[91.12634,25.8382],[91.12078,25.83134],[91.08135,25.82934],[91.06654,25.82576],[91.06326,25.82037],[91.05902,25.82227],[91.04988,25.8289],[91.05722,25.83204],[91.0618,25.83608],[91.06751,25.83631],[91.07288,25.83833],[91.073,25.84248],[91.07854,25.85262],[91.0659,25.84642],[91.0491,25.84881],[91.04197,25.8394],[91.02494,25.82756],[91.02081,25.82262],[91.0127,25.82109],[91.00611,25.82078],[91.00079,25.82225],[91.00159,25.8258],[91.00867,25.83824],[91.01274,25.84884],[91.01311,25.85719],[91.01513,25.85906],[91.02183,25.86133],[91.02652,25.86662],[91.02911,25.87985],[91.02922,25.88805],[91.02992,25.89446],[91.03298,25.90268],[91.03675,25.90946],[91.04064,25.92177],[91.0448,25.92839],[91.05082,25.93387],[91.05158,25.93785],[91.04795,25.94155],[91.06736,25.96503],[91.07402,25.97167],[91.08041,25.97421],[91.08089,25.97964],[91.08475,25.98278],[91.08877,26.00084],[91.09743,26.00541],[91.0975,26.00984],[91.09422,26.01252],[91.09406,26.01575],[91.09023,26.02036],[91.08854,26.0243],[91.08856,26.02924],[91.08295,26.03084],[91.07809,26.03757],[91.06944,26.03705],[91.06596,26.0445],[91.05506,26.04515],[91.04948,26.04083],[91.04226,26.04256],[91.03655,26.04541],[91.0312,26.04216],[91.02649,26.0403],[91.01489,26.04848],[91.00963,26.05319],[91.00264,26.05335],[90.9967,26.05534],[90.99123,26.05742],[90.98591,26.05795],[90.98364,26.06054],[90.97798,26.06169],[90.96098,26.07567],[90.95785,26.08067],[90.95778,26.08237],[90.95003,26.08149],[90.94537,26.08995],[90.94014,26.08875],[90.93581,26.09246],[90.93563,26.09427],[90.95003,26.0955],[90.95485,26.09742],[90.96873,26.10763],[90.97232,26.112],[90.98383,26.12055],[90.98837,26.12474],[90.99669,26.12755],[91.00177,26.12992],[91.00571,26.12914],[91.01796,26.12371],[91.02456,26.11998],[91.03087,26.12138],[91.03575,26.1256],[91.04234,26.1286],[91.04834,26.12891],[91.05135,26.1317],[91.05188,26.13573],[91.05543,26.13989],[91.07328,26.15667],[91.08044,26.16052],[91.09052,26.1644],[91.09962,26.16233],[91.1158,26.15404],[91.13029,26.15898],[91.14565,26.16],[91.16486,26.17002],[91.18042,26.17433],[91.22488,26.18062],[91.2335,26.18287],[91.22935,26.17773],[91.24648,26.16877],[91.25432,26.16389],[91.28568,26.15894],[91.29655,26.15826],[91.30302,26.16063],[91.30787,26.16155],[91.31837,26.1614],[91.33016,26.16273],[91.33537,26.16613],[91.33887,26.16604],[91.34285,26.16354],[91.34814,26.16381],[91.35242,26.16568],[91.35554,26.16518],[91.36903,26.15741],[91.39074,26.14005],[91.39683,26.13748],[91.40638,26.13829],[91.41286,26.13708],[91.41876,26.16698],[91.41914,26.17308],[91.4185,26.18263],[91.41612,26.18703],[91.41228,26.19822],[91.41179,26.20357],[91.41582,26.20497],[91.41829,26.21041],[91.41975,26.21499],[91.42027,26.22747],[91.42257,26.23383],[91.42454,26.23698],[91.4306,26.23801],[91.43026,26.24176],[91.42799,26.24344],[91.42353,26.24429],[91.41698,26.24424],[91.4126,26.24594],[91.41006,26.253],[91.41225,26.26143],[91.41727,26.2658],[91.42391,26.26505],[91.43749,26.2606],[91.44129,26.2635],[91.45046,26.27346],[91.44863,26.29131],[91.44896,26.30391],[91.45092,26.30826],[91.45499,26.31195],[91.44798,26.31225],[91.4471,26.31375],[91.45597,26.31889],[91.477,26.31869],[91.49105,26.31986],[91.4964,26.32388],[91.50079,26.32263],[91.50486,26.32265],[91.50716,26.32704],[91.5108,26.32816],[91.51684,26.32816],[91.5248,26.33071],[91.52822,26.33326],[91.53333,26.33447],[91.5312,26.33738],[91.5263,26.33789],[91.5205,26.3395],[91.51818,26.34327],[91.51884,26.34947],[91.52174,26.35628],[91.52557,26.36239],[91.53163,26.36716],[91.53532,26.37154],[91.53204,26.37417],[91.52554,26.37493],[91.52464,26.37885],[91.53286,26.38951],[91.53267,26.39394],[91.5401,26.40151],[91.5435,26.4074],[91.54269,26.41011],[91.53943,26.41475],[91.54119,26.41743],[91.547,26.4176],[91.55131,26.41531],[91.55843,26.41731],[91.55843,26.42283],[91.5614,26.42526],[91.56361,26.4341],[91.56173,26.43774],[91.55968,26.44495],[91.55356,26.45641],[91.55144,26.47138],[91.55616,26.48035],[91.56049,26.48439],[91.5591,26.50108],[91.55569,26.51492],[91.55841,26.52127],[91.56296,26.52271],[91.56794,26.523],[91.57269,26.52427],[91.57822,26.52709],[91.58115,26.53194],[91.58142,26.53786],[91.58611,26.5408],[91.58436,26.55296],[91.58747,26.55603],[91.59992,26.5545],[91.60252,26.55873],[91.60206,26.56385],[91.60011,26.56917],[91.6034,26.57149],[91.60645,26.57024],[91.60868,26.56551],[91.60977,26.55164],[91.60892,26.50099],[91.61012,26.4893],[91.61301,26.48707],[91.63626,26.50487],[91.64999,26.5142],[91.67,26.52472],[91.67137,26.56018],[91.66714,26.6002],[91.66875,26.60679],[91.67267,26.61318],[91.66923,26.62248],[91.66901,26.63542],[91.67041,26.64507],[91.67847,26.65366],[91.69534,26.70405],[91.69692,26.74438],[91.69794,26.75455],[91.69646,26.77015],[91.70093,26.797],[91.70721,26.79755],[91.70905,26.79045],[91.71172,26.78479],[91.71208,26.77772],[91.71782,26.75407],[91.72286,26.74366],[91.72746,26.73676],[91.73344,26.73031],[91.73257,26.71318],[91.74,26.69963],[91.73824,26.69327],[91.74245,26.68786],[91.74323,26.68419],[91.74279,26.67964],[91.74088,26.67587],[91.74039,26.66972],[91.73476,26.66916],[91.73325,26.6655],[91.73251,26.65867],[91.73372,26.65355],[91.73837,26.65262],[91.74032,26.64926],[91.74476,26.64731],[91.74281,26.644],[91.73797,26.64158],[91.73824,26.63853],[91.74311,26.63841],[91.74743,26.63738],[91.74754,26.63479],[91.74515,26.63252],[91.74263,26.63169],[91.73798,26.63272],[91.73583,26.63074],[91.73668,26.62688],[91.74526,26.62815],[91.74581,26.62643],[91.74277,26.62352],[91.74164,26.61997],[91.73948,26.61672],[91.73936,26.6131],[91.74292,26.61173],[91.73861,26.6057],[91.73934,26.60218],[91.7441,26.60448],[91.7489,26.60505],[91.74971,26.60297],[91.74736,26.60018],[91.74654,26.59611],[91.74256,26.59098],[91.74725,26.58695],[91.74694,26.58374],[91.74823,26.57981],[91.75272,26.57688],[91.75792,26.57738],[91.76068,26.57499],[91.76516,26.56925],[91.76498,26.56563],[91.7719,26.55346],[91.77484,26.55009],[91.77854,26.54901],[91.77785,26.54556],[91.77933,26.54112],[91.78356,26.53768],[91.77679,26.52943],[91.78094,26.53029],[91.78409,26.52985],[91.7832,26.52664],[91.77917,26.52571],[91.77697,26.52395],[91.78323,26.52083],[91.78258,26.51785],[91.77985,26.51564],[91.77967,26.51242],[91.78426,26.50592],[91.78627,26.49963],[91.78181,26.49697],[91.77812,26.49249],[91.77734,26.4879],[91.77921,26.48454],[91.77781,26.48013],[91.7781,26.47495],[91.77663,26.4706],[91.77431,26.46729],[91.76376,26.46726],[91.76616,26.46205],[91.76503,26.45688],[91.76784,26.45334],[91.7692,26.44947],[91.76897,26.44735],[91.7718,26.44455],[91.77002,26.44066],[91.77177,26.43805],[91.77062,26.43278],[91.77246,26.43166],[91.77355,26.42727],[91.77582,26.42616],[91.778,26.42682],[91.77708,26.42044],[91.78006,26.41907],[91.78014,26.41229],[91.78272,26.4098],[91.79408,26.40838],[91.79711,26.40196],[91.79771,26.39972],[91.79735,26.39591],[91.79871,26.39211],[91.80173,26.39074],[91.80407,26.38864],[91.80344,26.38566],[91.80635,26.3824],[91.81149,26.38435],[91.81767,26.38019],[91.81992,26.37204],[91.81921,26.36837],[91.82115,26.36492],[91.81991,26.35313],[91.81973,26.33772],[91.82144,26.3331],[91.81919,26.32599],[91.81403,26.32681],[91.8111,26.32466],[91.81072,26.32023],[91.80839,26.31762],[91.80462,26.31738],[91.79957,26.31561],[91.7967,26.31616],[91.79433,26.31958],[91.7915,26.31007],[91.78857,26.31017],[91.78719,26.30679],[91.78387,26.3058],[91.7858,26.30387],[91.78429,26.30154],[91.78426,26.2974],[91.78821,26.28458],[91.78777,26.277],[91.79037,26.27259],[91.79041,26.26926],[91.78582,26.26195],[91.78383,26.25473],[91.7849,26.25001],[91.78419,26.24518],[91.77899,26.24225],[91.77522,26.24143],[91.7705,26.24207],[91.76775,26.24032],[91.7636,26.23192],[91.75269,26.22689],[91.74667,26.22196],[91.74561,26.21743],[91.74737,26.21165],[91.75259,26.20584],[91.75895,26.20103],[91.77683,26.19891],[91.79098,26.20333],[91.81088,26.2082],[91.81569,26.20688],[91.82819,26.21119],[91.83591,26.2127],[91.84177,26.21556],[91.85492,26.21682],[91.86671,26.22],[91.87525,26.21684],[91.88985,26.22021],[91.89053,26.22273],[91.90218,26.2266],[91.91257,26.23468],[91.91434,26.24179],[91.92406,26.24706],[91.92899,26.24384],[91.93253,26.2427],[91.94347,26.24881],[91.94849,26.25266],[91.95339,26.25504]]]}},{"type":"Feature","properties":{"ID_0":105,"ISO":"IND","NAME_0":"India","ID_1":4,"NAME_1":"Assam","ID_2":53,"NAME_2":"Karbi Anglong","NL_NAME_2":null,"VARNAME_2":"Mikir Hills , Korbi Anglong","TYPE_2":"District","ENGTYPE_2":"District","STATE":"Assam","DISTRICT":"Karbi Anglong"},"geometry":{"type":"MultiPolygon","coordinates":[[[[92.52881,26.14488],[92.5282,26.14199],[92.52436,26.13424],[92.52378,26.12937],[92.52262,26.12814],[92.52203,26.12641],[92.52278,26.12239],[92.52055,26.11571],[92.52037,26.10648],[92.52166,26.10368],[92.52498,26.10274],[92.53214,26.10255],[92.53438,26.09766],[92.53864,26.09965],[92.54192,26.10423],[92.54554,26.10684],[92.54591,26.10967],[92.55482,26.11535],[92.55869,26.11532],[92.56663,26.11717],[92.57416,26.11584],[92.57748,26.11206],[92.57732,26.09997],[92.57655,26.09776],[92.57728,26.09628],[92.58194,26.09155],[92.58963,26.0862],[92.59167,26.08589],[92.59765,26.07825],[92.59638,26.07056],[92.58775,26.06005],[92.58576,26.05586],[92.58469,26.04444],[92.58165,26.03687],[92.58299,26.03218],[92.58662,26.02967],[92.59006,26.02952],[92.59408,26.02788],[92.59323,26.024],[92.5839,26.0201],[92.57843,26.01859],[92.57127,26.01388],[92.56811,26.00863],[92.56968,26.00653],[92.57141,26.00565],[92.57137,26.00294],[92.56347,25.99145],[92.55581,25.97859],[92.5507,25.97225],[92.5588,25.96613],[92.57178,25.96283],[92.57497,25.96333],[92.57704,25.96583],[92.57998,25.96691],[92.58826,25.96626],[92.59226,25.96665],[92.5994,25.97772],[92.60522,25.9778],[92.60682,25.97702],[92.61398,25.97964],[92.6226,25.98659],[92.62737,25.98733],[92.63104,25.99027],[92.6357,25.99123],[92.63625,25.99412],[92.64058,25.99889],[92.64613,26.0001],[92.65698,26.00086],[92.65853,26.00299],[92.65863,26.00538],[92.66021,26.00841],[92.6582,26.01319],[92.6589,26.01747],[92.65714,26.02146],[92.65769,26.02211],[92.66407,26.02554],[92.66939,26.03027],[92.6749,26.02827],[92.67561,26.02683],[92.67934,26.02795],[92.68268,26.02682],[92.68231,26.02831],[92.68305,26.02901],[92.68575,26.02781],[92.68707,26.02548],[92.69109,26.02488],[92.69222,26.02316],[92.69506,26.02122],[92.69735,26.02254],[92.69856,26.02245],[92.70255,26.02063],[92.70654,26.02274],[92.70863,26.02048],[92.71001,26.02172],[92.71256,26.02041],[92.7159,26.0237],[92.71596,26.02594],[92.71455,26.02971],[92.71761,26.03335],[92.71654,26.03788],[92.7126,26.04038],[92.71145,26.04537],[92.71303,26.05134],[92.71796,26.05894],[92.71908,26.05976],[92.75125,26.0634],[92.75264,26.05888],[92.75527,26.05485],[92.75269,26.04892],[92.74931,26.04568],[92.74803,26.04265],[92.75062,26.04069],[92.7588,26.03897],[92.75979,26.03577],[92.76416,26.03253],[92.76336,26.02778],[92.75965,26.02292],[92.75892,26.01882],[92.76046,26.01707],[92.77221,26.01813],[92.77878,26.01694],[92.78265,26.01415],[92.78345,26.01185],[92.78217,26.01051],[92.76615,26.00889],[92.76379,26.00799],[92.76176,26.00651],[92.76088,26.00299],[92.76186,26.00126],[92.76428,26.0003],[92.77399,26.00214],[92.77657,26.00188],[92.77843,26.00109],[92.7794,25.99909],[92.77579,25.99617],[92.76681,25.99555],[92.76263,25.99246],[92.76345,25.99039],[92.76712,25.99182],[92.77102,25.99163],[92.77119,25.9906],[92.76759,25.98682],[92.76725,25.98417],[92.7688,25.97883],[92.76394,25.96646],[92.76441,25.96423],[92.76981,25.95519],[92.77518,25.95237],[92.77891,25.95207],[92.78144,25.95289],[92.78442,25.95465],[92.79101,25.96134],[92.79889,25.9655],[92.80524,25.96276],[92.80816,25.95969],[92.80873,25.95676],[92.80824,25.95646],[92.80083,25.95771],[92.79723,25.95658],[92.79682,25.94414],[92.79348,25.94133],[92.79309,25.93887],[92.79903,25.93132],[92.80183,25.92381],[92.804,25.92113],[92.80921,25.92055],[92.81262,25.92381],[92.81947,25.92566],[92.82283,25.92496],[92.82918,25.92013],[92.83657,25.91583],[92.84455,25.9204],[92.85047,25.92553],[92.85398,25.9258],[92.8581,25.9244],[92.8484,25.90727],[92.85151,25.9024],[92.8566,25.89145],[92.8609,25.88603],[92.86642,25.88154],[92.86856,25.87563],[92.87086,25.87197],[92.87102,25.86903],[92.87382,25.86976],[92.87583,25.86943],[92.88809,25.87215],[92.88963,25.86968],[92.89407,25.86811],[92.90367,25.86855],[92.9103,25.86994],[92.93049,25.87158],[92.96508,25.87726],[92.98226,25.8772],[92.98626,25.87793],[92.99585,25.8633],[92.99804,25.85871],[92.99908,25.85686],[93.01114,25.84878],[93.01211,25.84195],[93.01588,25.83477],[93.02231,25.82758],[93.02732,25.81905],[93.03404,25.81128],[93.04829,25.79753],[93.0569,25.79166],[93.0628,25.78667],[93.07731,25.78467],[93.07751,25.77972],[93.07415,25.77938],[93.07193,25.77754],[93.06257,25.78098],[93.0534,25.78271],[93.03645,25.79076],[93.02997,25.79395],[93.02615,25.79857],[93.01956,25.79866],[93.01678,25.79266],[93.01024,25.79426],[93.00668,25.80916],[92.99913,25.82254],[92.99185,25.82608],[92.99016,25.82469],[92.98846,25.82236],[92.98449,25.81185],[92.98457,25.80915],[92.98848,25.80562],[92.99029,25.79815],[92.98872,25.78956],[92.98527,25.78607],[92.98201,25.78897],[92.98357,25.79326],[92.98296,25.79376],[92.97579,25.79035],[92.97208,25.7875],[92.97018,25.78679],[92.96912,25.78736],[92.96884,25.78857],[92.97134,25.7929],[92.96898,25.79588],[92.95798,25.80331],[92.95773,25.80821],[92.95936,25.81144],[92.96628,25.81778],[92.96684,25.81934],[92.96487,25.8202],[92.96235,25.81976],[92.95396,25.8134],[92.95226,25.8135],[92.94401,25.8075],[92.93585,25.80868],[92.93057,25.8103],[92.93174,25.8057],[92.92822,25.7876],[92.92902,25.78352],[92.92683,25.77918],[92.9213,25.77347],[92.91454,25.77244],[92.91045,25.76934],[92.90635,25.76741],[92.89178,25.76323],[92.88667,25.76058],[92.86924,25.75753],[92.85673,25.75377],[92.8501,25.75376],[92.8432,25.75162],[92.83777,25.75202],[92.83488,25.74992],[92.8332,25.74713],[92.83194,25.74644],[92.82826,25.74623],[92.82259,25.74357],[92.82141,25.74253],[92.82131,25.73861],[92.82347,25.73063],[92.82325,25.7278],[92.81849,25.71526],[92.81609,25.71328],[92.81195,25.70455],[92.80582,25.70309],[92.79951,25.69341],[92.79796,25.69115],[92.79278,25.69046],[92.7897,25.68807],[92.78089,25.6836],[92.777,25.68045],[92.77859,25.6769],[92.78424,25.67086],[92.7881,25.66358],[92.7877,25.65806],[92.78098,25.6497],[92.77206,25.64205],[92.76952,25.6365],[92.76293,25.63113],[92.76291,25.62852],[92.76734,25.62421],[92.76757,25.62156],[92.76563,25.61912],[92.76284,25.62013],[92.75239,25.61541],[92.7502,25.60888],[92.75147,25.60619],[92.74998,25.60267],[92.74648,25.59998],[92.74119,25.59772],[92.71924,25.59247],[92.71831,25.59245],[92.71486,25.60152],[92.71107,25.60229],[92.70866,25.60173],[92.70233,25.60213],[92.69749,25.60064],[92.69121,25.59629],[92.68177,25.58692],[92.68102,25.58368],[92.68462,25.58148],[92.68299,25.57916],[92.66919,25.57572],[92.66666,25.57535],[92.66531,25.57614],[92.66396,25.57399],[92.66311,25.57785],[92.66072,25.58184],[92.66048,25.58506],[92.65761,25.58906],[92.65346,25.59218],[92.65119,25.59273],[92.64834,25.59235],[92.64063,25.58737],[92.63415,25.57888],[92.63323,25.57479],[92.63057,25.57067],[92.62887,25.56949],[92.62611,25.56803],[92.6211,25.56831],[92.61249,25.5655],[92.60871,25.56573],[92.60349,25.56108],[92.60259,25.55738],[92.59347,25.55393],[92.58748,25.55299],[92.58141,25.55977],[92.5761,25.55965],[92.5725,25.56042],[92.56954,25.56446],[92.56468,25.56826],[92.56096,25.57425],[92.56093,25.58273],[92.55632,25.5928],[92.55724,25.59621],[92.55618,25.60587],[92.55862,25.60895],[92.55762,25.61199],[92.55324,25.61384],[92.54453,25.61425],[92.54044,25.61777],[92.53325,25.61595],[92.51727,25.62008],[92.51055,25.6172],[92.50171,25.62293],[92.4979,25.62696],[92.49326,25.63613],[92.48829,25.64999],[92.48135,25.66389],[92.47466,25.67331],[92.47155,25.67495],[92.46545,25.68246],[92.45988,25.68297],[92.45525,25.68423],[92.45129,25.68661],[92.44304,25.68765],[92.44001,25.68922],[92.44047,25.68813],[92.43434,25.68753],[92.43214,25.69101],[92.43334,25.69523],[92.43153,25.70425],[92.42722,25.71041],[92.42963,25.71327],[92.43645,25.7156],[92.44202,25.72086],[92.43317,25.73145],[92.43201,25.73196],[92.42135,25.72945],[92.41698,25.72968],[92.41277,25.73298],[92.41326,25.73396],[92.41247,25.73739],[92.4164,25.7405],[92.41074,25.74313],[92.40479,25.74369],[92.39477,25.74148],[92.39213,25.7426],[92.38696,25.74311],[92.38496,25.74475],[92.38354,25.74743],[92.38434,25.75033],[92.38695,25.75249],[92.3851,25.75356],[92.37147,25.74647],[92.36754,25.74238],[92.36831,25.74044],[92.363,25.73651],[92.3518,25.73487],[92.34805,25.73193],[92.33901,25.72685],[92.33354,25.72523],[92.31768,25.72379],[92.31393,25.72468],[92.3115,25.72608],[92.30826,25.72615],[92.30611,25.72313],[92.29359,25.7173],[92.28798,25.7159],[92.28461,25.71586],[92.27052,25.71093],[92.26085,25.71034],[92.25571,25.71073],[92.25358,25.71012],[92.24805,25.71096],[92.23685,25.70839],[92.23476,25.70882],[92.23385,25.71007],[92.23263,25.71511],[92.229,25.71621],[92.22491,25.71397],[92.21064,25.69592],[92.20156,25.68972],[92.20009,25.68729],[92.19831,25.68636],[92.19693,25.68695],[92.19408,25.68612],[92.19199,25.68632],[92.18792,25.68343],[92.18478,25.68114],[92.17496,25.67022],[92.17095,25.66688],[92.16976,25.6664],[92.16446,25.66932],[92.1607,25.67186],[92.16051,25.67329],[92.16547,25.67841],[92.16435,25.68485],[92.16045,25.6909],[92.16145,25.69598],[92.16105,25.69729],[92.15758,25.70104],[92.15585,25.70914],[92.15106,25.71183],[92.14957,25.71451],[92.15102,25.71937],[92.15372,25.7227],[92.1563,25.72481],[92.16093,25.72626],[92.16423,25.72873],[92.16553,25.73445],[92.16484,25.74475],[92.15824,25.7572],[92.15739,25.76197],[92.15597,25.76454],[92.15411,25.77292],[92.15421,25.77673],[92.15518,25.77864],[92.15479,25.77978],[92.15099,25.78365],[92.15117,25.78745],[92.15369,25.79549],[92.15311,25.81275],[92.15574,25.81659],[92.16309,25.82183],[92.16326,25.82575],[92.16552,25.83304],[92.16934,25.83534],[92.17144,25.83773],[92.17525,25.84654],[92.17831,25.84808],[92.18096,25.85136],[92.18079,25.86321],[92.1791,25.86791],[92.17989,25.87017],[92.18104,25.87162],[92.18694,25.87481],[92.19496,25.88127],[92.20332,25.89009],[92.20641,25.89145],[92.21286,25.89213],[92.21561,25.89384],[92.21823,25.9002],[92.22385,25.90069],[92.22504,25.90162],[92.22548,25.90705],[92.2238,25.91036],[92.2226,25.91132],[92.21753,25.90992],[92.20753,25.91053],[92.20514,25.90871],[92.2006,25.90824],[92.19773,25.91125],[92.19701,25.91366],[92.19718,25.91803],[92.19204,25.91578],[92.18672,25.91581],[92.18365,25.91283],[92.18315,25.91092],[92.18089,25.90859],[92.17432,25.90919],[92.1637,25.91179],[92.15993,25.91519],[92.16017,25.92596],[92.16142,25.93254],[92.15752,25.93928],[92.1561,25.943],[92.15632,25.9448],[92.16076,25.95152],[92.16533,25.95395],[92.16733,25.95876],[92.16555,25.96444],[92.1674,25.9677],[92.17311,25.9722],[92.17694,25.9731],[92.18098,25.97523],[92.19162,25.9852],[92.2009,25.98561],[92.20739,25.98823],[92.20912,25.98967],[92.20772,25.99174],[92.21101,25.99466],[92.2152,25.99627],[92.21919,26.00078],[92.22169,25.9986],[92.22141,26.00225],[92.25572,26.02893],[92.30158,26.07649],[92.30206,26.07676],[92.30733,26.07973],[92.30936,26.07921],[92.31052,26.07647],[92.31226,26.07605],[92.31297,26.07717],[92.31228,26.08337],[92.31422,26.0886],[92.31821,26.09314],[92.32605,26.09811],[92.33112,26.09876],[92.34515,26.10469],[92.34375,26.10863],[92.34639,26.10965],[92.35076,26.10983],[92.35571,26.11203],[92.36861,26.12231],[92.37173,26.13253],[92.37742,26.13352],[92.38287,26.13757],[92.3862,26.14151],[92.38978,26.14252],[92.41088,26.13757],[92.41163,26.13739],[92.4131,26.13519],[92.41087,26.13098],[92.40565,26.12694],[92.40629,26.12425],[92.40405,26.12097],[92.40415,26.11959],[92.41999,26.12037],[92.42999,26.11219],[92.43289,26.11716],[92.43309,26.12178],[92.43481,26.12337],[92.44216,26.12379],[92.44238,26.12551],[92.44598,26.12784],[92.45241,26.136],[92.45541,26.13688],[92.45836,26.13643],[92.45962,26.13921],[92.46649,26.14476],[92.46932,26.14821],[92.47311,26.14847],[92.47478,26.14754],[92.47565,26.14381],[92.47655,26.1436],[92.48568,26.14866],[92.49182,26.15098],[92.49817,26.15084],[92.50072,26.1505],[92.50497,26.1483],[92.50744,26.1446],[92.50957,26.1431],[92.51524,26.14692],[92.5211,26.15212],[92.52625,26.15006],[92.52881,26.14488]]],[[[93.50887,26.59862],[93.51112,26.59652],[93.53319,26.59812],[93.54256,26.60361],[93.54624,26.6071],[93.55119,26.60741],[93.55595,26.60897],[93.55931,26.61155],[93.5682,26.61031],[93.57067,26.60674],[93.58797,26.60682],[93.59171,26.60319],[93.59257,26.60062],[93.5881,26.59734],[93.58649,26.58795],[93.58527,26.58477],[93.5878,26.57705],[93.58816,26.57362],[93.58685,26.5717],[93.60358,26.57591],[93.60979,26.57876],[93.61488,26.58004],[93.61699,26.5749],[93.61335,26.56952],[93.61749,26.57077],[93.62223,26.56809],[93.62,26.5734],[93.62492,26.57859],[93.62853,26.58989],[93.62561,26.59386],[93.63661,26.60018],[93.64038,26.60144],[93.64618,26.59733],[93.64999,26.59772],[93.64861,26.60087],[93.64893,26.60289],[93.65813,26.60572],[93.66137,26.60605],[93.66545,26.60214],[93.67046,26.60584],[93.67094,26.60716],[93.67603,26.60384],[93.67896,26.60372],[93.68559,26.60938],[93.71823,26.6079],[93.72269,26.60704],[93.72357,26.59906],[93.73387,26.59702],[93.73749,26.59271],[93.73875,26.58894],[93.74294,26.58664],[93.74754,26.58681],[93.75048,26.58566],[93.7525,26.58248],[93.75187,26.58055],[93.74079,26.57317],[93.74261,26.56619],[93.7401,26.56242],[93.73906,26.56453],[93.73753,26.5633],[93.73823,26.55987],[93.7363,26.5553],[93.73621,26.55319],[93.74007,26.55013],[93.74139,26.54687],[93.74054,26.54393],[93.73529,26.5442],[93.73484,26.54109],[93.73793,26.53793],[93.743,26.54127],[93.74744,26.53191],[93.75143,26.53449],[93.75919,26.5308],[93.75861,26.5262],[93.75552,26.52369],[93.75595,26.5199],[93.75871,26.51833],[93.75671,26.51526],[93.75861,26.5107],[93.7664,26.51022],[93.7674,26.50547],[93.77633,26.49117],[93.77956,26.48301],[93.77953,26.48036],[93.77737,26.47839],[93.77539,26.48037],[93.77293,26.48137],[93.7729,26.47848],[93.77892,26.47145],[93.7879,26.46709],[93.7884,26.46193],[93.78769,26.45767],[93.79148,26.45393],[93.79378,26.44466],[93.78793,26.44372],[93.78585,26.44151],[93.78693,26.43807],[93.79392,26.43874],[93.79539,26.43353],[93.78915,26.42833],[93.78285,26.42618],[93.78381,26.42188],[93.78551,26.41679],[93.79773,26.41357],[93.80186,26.41385],[93.79899,26.40957],[93.79626,26.40878],[93.79315,26.40656],[93.79108,26.40074],[93.78683,26.39803],[93.78068,26.39024],[93.77774,26.39073],[93.77643,26.38766],[93.78399,26.38472],[93.78945,26.38106],[93.79475,26.38101],[93.79604,26.38396],[93.79536,26.38648],[93.79951,26.39348],[93.80322,26.39497],[93.80744,26.40014],[93.80943,26.39914],[93.81303,26.40274],[93.81625,26.40336],[93.82069,26.40664],[93.8247,26.41169],[93.826,26.41551],[93.82787,26.41805],[93.8281,26.42116],[93.83269,26.42083],[93.8386,26.41549],[93.84911,26.41167],[93.85367,26.40881],[93.8596,26.4086],[93.86185,26.40541],[93.86275,26.40053],[93.8678,26.39853],[93.86952,26.3935],[93.88452,26.39783],[93.88451,26.3911],[93.88617,26.38636],[93.89006,26.38601],[93.88977,26.38278],[93.88538,26.38072],[93.8853,26.3768],[93.88846,26.37582],[93.89426,26.37629],[93.89268,26.37294],[93.88992,26.36969],[93.88542,26.36704],[93.88832,26.36525],[93.8885,26.36082],[93.88558,26.35982],[93.88599,26.35751],[93.88923,26.35336],[93.88969,26.35061],[93.88562,26.35056],[93.88496,26.3459],[93.8912,26.34609],[93.88964,26.3382],[93.88991,26.33165],[93.89539,26.33528],[93.89527,26.33217],[93.88992,26.32987],[93.88933,26.32733],[93.89449,26.32544],[93.8971,26.32088],[93.89471,26.31873],[93.88892,26.32434],[93.88673,26.32523],[93.88588,26.32355],[93.88879,26.31876],[93.88551,26.31688],[93.87886,26.31766],[93.87712,26.31349],[93.88438,26.31405],[93.88639,26.31155],[93.88771,26.30691],[93.87894,26.30513],[93.87372,26.3054],[93.87286,26.30378],[93.87325,26.302],[93.87008,26.30059],[93.87483,26.29686],[93.87715,26.29396],[93.8744,26.28702],[93.8785,26.28311],[93.8833,26.2807],[93.88431,26.27634],[93.881,26.27681],[93.87533,26.28134],[93.87339,26.27925],[93.87412,26.27724],[93.87008,26.27455],[93.86916,26.27149],[93.87669,26.26964],[93.87218,26.26366],[93.8686,26.26361],[93.86989,26.25829],[93.86672,26.25819],[93.86353,26.25705],[93.86363,26.25441],[93.86683,26.25307],[93.86871,26.25056],[93.86693,26.24929],[93.8596,26.25138],[93.85699,26.25071],[93.85104,26.24769],[93.84967,26.2448],[93.85168,26.24213],[93.85918,26.24832],[93.86155,26.2472],[93.86158,26.24421],[93.86426,26.23976],[93.85818,26.23096],[93.85712,26.22335],[93.85487,26.22056],[93.85311,26.21991],[93.84978,26.22056],[93.84792,26.2229],[93.84454,26.22337],[93.84132,26.22119],[93.84064,26.21981],[93.84558,26.21987],[93.8465,26.218],[93.84632,26.21644],[93.83886,26.21289],[93.83654,26.21075],[93.83562,26.20797],[93.83629,26.20586],[93.84063,26.20883],[93.8431,26.20875],[93.84409,26.20675],[93.83969,26.20325],[93.83923,26.19962],[93.83487,26.20209],[93.8329,26.20231],[93.83275,26.19799],[93.83508,26.19486],[93.82985,26.19084],[93.83606,26.18309],[93.83598,26.17884],[93.83109,26.18286],[93.82846,26.17961],[93.82419,26.17869],[93.82873,26.1734],[93.82616,26.17039],[93.82849,26.16731],[93.83095,26.16453],[93.83528,26.16435],[93.83836,26.16255],[93.83577,26.16063],[93.83342,26.16049],[93.83344,26.15772],[93.83188,26.15656],[93.82901,26.15704],[93.82679,26.15632],[93.8312,26.15442],[93.83356,26.1533],[93.83143,26.15156],[93.82964,26.1517],[93.82822,26.14846],[93.83045,26.14235],[93.83084,26.13403],[93.8284,26.13462],[93.82652,26.14154],[93.82345,26.14066],[93.82208,26.13547],[93.82639,26.13403],[93.82807,26.13186],[93.82707,26.12996],[93.82306,26.13025],[93.82093,26.12868],[93.81867,26.12532],[93.82227,26.1218],[93.82427,26.11856],[93.82253,26.11549],[93.8193,26.11522],[93.81362,26.11623],[93.81047,26.1089],[93.80998,26.1062],[93.81383,26.10068],[93.81615,26.09409],[93.81458,26.09189],[93.81174,26.09427],[93.80935,26.09838],[93.80592,26.09719],[93.80551,26.09402],[93.80968,26.08999],[93.80677,26.09001],[93.80609,26.08845],[93.80677,26.08329],[93.80584,26.08173],[93.80799,26.07682],[93.80796,26.07412],[93.80103,26.07938],[93.79814,26.07606],[93.79905,26.07314],[93.80389,26.07257],[93.8052,26.06989],[93.80081,26.06868],[93.79539,26.06482],[93.7981,26.05894],[93.7934,26.05687],[93.79408,26.05228],[93.79633,26.04852],[93.7954,26.045],[93.79306,26.04301],[93.79037,26.04419],[93.78522,26.04401],[93.78282,26.04305],[93.78407,26.03658],[93.7881,26.03486],[93.79087,26.03805],[93.79353,26.03929],[93.79885,26.03644],[93.79965,26.03203],[93.79267,26.03481],[93.79124,26.03037],[93.78674,26.02772],[93.78773,26.02412],[93.79238,26.02246],[93.79388,26.01829],[93.7898,26.01743],[93.78542,26.01834],[93.78455,26.01162],[93.78741,26.01309],[93.79175,26.00983],[93.78965,26.00467],[93.78999,26.00365],[93.79039,26.0032],[93.79087,26.0028],[93.79138,26.00246],[93.79192,26.00218],[93.79253,26.00196],[93.79315,26.00181],[93.79379,26.00175],[93.79442,26.00175],[93.79507,26.00183],[93.79568,26.00198],[93.79629,26.00219],[93.79684,26.00248],[93.79734,26.00282],[93.79781,26.00323],[93.7982,26.00368],[93.79869,26.00467],[93.79865,26.00656],[93.80222,26.00711],[93.80444,26.00467],[93.80765,25.99887],[93.80129,26.00193],[93.79929,25.99718],[93.79544,25.99584],[93.79754,25.98849],[93.79763,25.98499],[93.80022,25.98398],[93.80104,25.98576],[93.80521,25.98867],[93.80655,25.98678],[93.80468,25.98361],[93.80438,25.98072],[93.80197,25.98117],[93.79812,25.98009],[93.7938,25.98219],[93.79414,25.9781],[93.79053,25.97756],[93.78744,25.98277],[93.78407,25.98406],[93.783,25.98295],[93.77931,25.97118],[93.77708,25.97181],[93.77303,25.97039],[93.77129,25.96957],[93.76965,25.96713],[93.77302,25.96602],[93.76955,25.95799],[93.77026,25.9535],[93.76842,25.95505],[93.76279,25.95493],[93.75885,25.94869],[93.74941,25.94205],[93.75202,25.9396],[93.75185,25.93637],[93.75009,25.93728],[93.73645,25.93054],[93.72894,25.9284],[93.71651,25.92172],[93.71251,25.92267],[93.70506,25.92128],[93.69768,25.91707],[93.68768,25.90944],[93.68583,25.90494],[93.6909,25.88927],[93.70644,25.85329],[93.70548,25.84863],[93.70238,25.84699],[93.70364,25.8497],[93.70359,25.8535],[93.69785,25.85131],[93.69377,25.84725],[93.69054,25.84757],[93.69202,25.84413],[93.6825,25.8407],[93.68288,25.83575],[93.67806,25.82887],[93.67256,25.82812],[93.66951,25.82879],[93.66861,25.82463],[93.66083,25.82438],[93.65674,25.82635],[93.65236,25.82282],[93.64849,25.82397],[93.64436,25.81957],[93.641,25.81792],[93.6403,25.81343],[93.63612,25.81368],[93.63406,25.80997],[93.63335,25.80524],[93.629,25.8044],[93.6298,25.79998],[93.62753,25.79863],[93.62695,25.7916],[93.62382,25.79043],[93.62113,25.78523],[93.62356,25.78392],[93.62233,25.77983],[93.61141,25.77649],[93.60807,25.77687],[93.60571,25.77263],[93.60557,25.76746],[93.60275,25.77082],[93.59834,25.76836],[93.59371,25.76429],[93.59267,25.76624],[93.58823,25.76815],[93.58712,25.76555],[93.58719,25.75945],[93.58377,25.75775],[93.57325,25.7608],[93.57382,25.75966],[93.57342,25.75661],[93.56925,25.75501],[93.57006,25.75174],[93.56548,25.74134],[93.56194,25.74095],[93.55627,25.74193],[93.55692,25.73774],[93.54988,25.73244],[93.5467,25.73447],[93.54484,25.72697],[93.5462,25.72152],[93.54978,25.71897],[93.54881,25.7147],[93.54593,25.71019],[93.54442,25.7059],[93.54356,25.7017],[93.53798,25.7032],[93.53149,25.69401],[93.53057,25.6927],[93.52856,25.69377],[93.52594,25.69967],[93.52273,25.6932],[93.51684,25.68807],[93.51939,25.68597],[93.52029,25.68367],[93.51019,25.67102],[93.50829,25.66681],[93.50208,25.66202],[93.49992,25.65652],[93.49394,25.65526],[93.4902,25.65597],[93.49072,25.65344],[93.48721,25.65047],[93.4836,25.65176],[93.48335,25.64577],[93.47594,25.64799],[93.47478,25.64429],[93.46853,25.64376],[93.46557,25.64419],[93.4607,25.64155],[93.45714,25.64059],[93.4586,25.63842],[93.46122,25.63655],[93.46196,25.63339],[93.45936,25.63313],[93.45198,25.63748],[93.44994,25.63493],[93.44679,25.63881],[93.4444,25.63804],[93.44152,25.63478],[93.43919,25.6344],[93.43909,25.63234],[93.43418,25.62987],[93.43102,25.6292],[93.42754,25.63146],[93.42247,25.62226],[93.4183,25.62106],[93.41487,25.61664],[93.41678,25.61489],[93.41228,25.61368],[93.40905,25.61169],[93.40764,25.60942],[93.40723,25.60649],[93.40964,25.6041],[93.40925,25.60041],[93.40684,25.59648],[93.4002,25.59628],[93.39005,25.59472],[93.39063,25.5891],[93.3824,25.58475],[93.38311,25.5828],[93.38503,25.5812],[93.38474,25.57792],[93.3827,25.57618],[93.37649,25.57731],[93.37684,25.57374],[93.37599,25.57104],[93.37342,25.56917],[93.36944,25.57026],[93.36516,25.56976],[93.36598,25.56326],[93.36418,25.56065],[93.3607,25.56044],[93.35439,25.5652],[93.34831,25.56322],[93.34547,25.56112],[93.34126,25.55486],[93.33338,25.54902],[93.33174,25.54681],[93.32558,25.53614],[93.32252,25.53323],[93.31181,25.53201],[93.30688,25.53206],[93.30331,25.53514],[93.29778,25.5482],[93.28987,25.54348],[93.27759,25.53229],[93.271,25.53393],[93.26795,25.53994],[93.26803,25.54478],[93.26512,25.54859],[93.26166,25.5482],[93.25242,25.54924],[93.24297,25.54861],[93.23654,25.54733],[93.23187,25.54755],[93.22322,25.55175],[93.21797,25.55186],[93.21658,25.54804],[93.21469,25.54636],[93.21254,25.54731],[93.20862,25.55692],[93.2055,25.5589],[93.20235,25.55863],[93.20049,25.56033],[93.20236,25.56318],[93.20238,25.56663],[93.20036,25.56672],[93.19717,25.56823],[93.19294,25.57278],[93.18918,25.58546],[93.18449,25.5866],[93.18151,25.59192],[93.17277,25.59853],[93.17255,25.60113],[93.18044,25.60541],[93.18073,25.60819],[93.17984,25.61273],[93.18048,25.6174],[93.18172,25.6196],[93.19164,25.62852],[93.19096,25.63215],[93.18406,25.64213],[93.17992,25.64588],[93.17618,25.65089],[93.17368,25.65265],[93.17468,25.65472],[93.17086,25.66186],[93.16494,25.66364],[93.14603,25.66419],[93.14259,25.66703],[93.13866,25.67198],[93.13692,25.67956],[93.13289,25.68687],[93.13755,25.69333],[93.13864,25.69707],[93.13801,25.70513],[93.13885,25.70927],[93.14131,25.71328],[93.14462,25.71603],[93.16949,25.72003],[93.17715,25.72807],[93.18455,25.73265],[93.20943,25.73136],[93.22255,25.72847],[93.22771,25.73458],[93.23421,25.75065],[93.23458,25.75607],[93.23338,25.76175],[93.2347,25.76717],[93.24087,25.76932],[93.2412,25.77324],[93.24829,25.78167],[93.25011,25.78456],[93.2516,25.78994],[93.24905,25.79266],[93.25117,25.80001],[93.25034,25.8054],[93.25083,25.81088],[93.2479,25.81268],[93.24562,25.81777],[93.24732,25.82222],[93.24578,25.82934],[93.24648,25.83406],[93.24471,25.83997],[93.23811,25.84955],[93.23618,25.85627],[93.22289,25.86628],[93.21751,25.8726],[93.21489,25.87757],[93.20705,25.88634],[93.1996,25.8939],[93.1911,25.90001],[93.18723,25.90538],[93.1776,25.9434],[93.174,25.94807],[93.17436,25.95296],[93.17254,25.95686],[93.16898,25.95727],[93.16644,25.95908],[93.16265,25.96519],[93.16115,25.96885],[93.16196,25.97042],[93.16109,25.97783],[93.15759,25.98331],[93.15931,25.99345],[93.1561,25.9952],[93.1539,25.99781],[93.1524,26.00342],[93.14637,26.00982],[93.14468,26.01665],[93.14204,26.02028],[93.13062,26.0256],[93.12807,26.03049],[93.12438,26.03428],[93.11857,26.0374],[93.10896,26.03762],[93.09546,26.03486],[93.1072,26.07299],[93.10724,26.07787],[93.10444,26.07737],[93.10321,26.07884],[93.0997,26.0798],[93.09683,26.07968],[93.0914,26.07735],[93.09055,26.07848],[93.0928,26.08088],[93.09221,26.08196],[93.0876,26.08026],[93.08552,26.08279],[93.08581,26.08666],[93.08492,26.08663],[93.08187,26.08382],[93.08292,26.08125],[93.07909,26.08221],[93.07726,26.08601],[93.07329,26.08712],[93.07288,26.08494],[93.06983,26.08533],[93.0695,26.08268],[93.06525,26.085],[93.06268,26.08402],[93.058,26.08876],[93.0578,26.09092],[93.05363,26.08818],[93.0519,26.0879],[93.05122,26.08953],[93.04957,26.08994],[93.04483,26.08871],[93.03887,26.09276],[93.03865,26.09518],[93.03978,26.09917],[93.03661,26.10345],[93.03608,26.1055],[93.038,26.10779],[93.03773,26.10925],[93.03608,26.10968],[93.02924,26.10702],[93.02295,26.1104],[93.02231,26.11442],[93.02055,26.11389],[93.01522,26.11549],[93.01492,26.11451],[93.01051,26.11387],[93.00621,26.11751],[93.00278,26.11793],[93.00053,26.12005],[92.9987,26.12338],[92.99367,26.12479],[92.98209,26.13],[92.97311,26.13201],[92.97073,26.13075],[92.96906,26.13112],[92.95889,26.14139],[92.95396,26.14141],[92.94469,26.13874],[92.94252,26.1399],[92.93635,26.14081],[92.93289,26.14362],[92.9314,26.14756],[92.93397,26.14906],[92.93373,26.15147],[92.93521,26.15295],[92.94253,26.15466],[92.94428,26.15785],[92.94889,26.16141],[92.94932,26.16475],[92.95399,26.1683],[92.95632,26.17204],[92.95692,26.17597],[92.9547,26.18415],[92.95485,26.18784],[92.95396,26.19025],[92.94825,26.19577],[92.94644,26.19988],[92.94292,26.20332],[92.93986,26.20395],[92.93205,26.2034],[92.92762,26.20577],[92.92273,26.20584],[92.90938,26.20407],[92.9,26.2056],[92.88675,26.21023],[92.88293,26.21084],[92.87096,26.20691],[92.86091,26.20475],[92.85009,26.20388],[92.84238,26.2081],[92.82774,26.20709],[92.82287,26.20861],[92.80605,26.20594],[92.8017,26.20446],[92.79576,26.2086],[92.79797,26.22385],[92.80602,26.22097],[92.8106,26.21841],[92.81404,26.21867],[92.81927,26.21745],[92.8275,26.22592],[92.82767,26.22944],[92.82626,26.23269],[92.81766,26.2362],[92.81671,26.24072],[92.81993,26.26135],[92.8197,26.26515],[92.82028,26.26753],[92.82276,26.267],[92.82311,26.27317],[92.82619,26.27369],[92.83029,26.27304],[92.83976,26.28285],[92.84167,26.28796],[92.8435,26.29865],[92.84857,26.30665],[92.85229,26.30465],[92.85484,26.30465],[92.85622,26.30307],[92.85505,26.30149],[92.85701,26.29917],[92.86179,26.29627],[92.87156,26.29239],[92.87985,26.28807],[92.88277,26.28795],[92.89251,26.29172],[92.89419,26.29308],[92.89652,26.29855],[92.89587,26.30222],[92.89439,26.30398],[92.89714,26.3076],[92.90026,26.31014],[92.90959,26.31574],[92.91532,26.31805],[92.91812,26.31823],[92.9202,26.31574],[92.92148,26.31558],[92.93568,26.32468],[92.94019,26.32685],[92.9425,26.32915],[92.94601,26.33844],[92.94358,26.34461],[92.94177,26.35327],[92.93837,26.35435],[92.93585,26.35377],[92.93323,26.35436],[92.93013,26.35636],[92.92391,26.35791],[92.91669,26.35667],[92.91467,26.35691],[92.91331,26.35775],[92.91243,26.35968],[92.91238,26.36193],[92.91351,26.36472],[92.91872,26.37047],[92.91978,26.37579],[92.92503,26.3797],[92.92723,26.3828],[92.92449,26.38424],[92.92155,26.38458],[92.92013,26.38242],[92.91792,26.38163],[92.90796,26.38079],[92.90449,26.3851],[92.89417,26.38522],[92.89061,26.38313],[92.88511,26.38164],[92.88358,26.38173],[92.88429,26.38416],[92.89023,26.38682],[92.89175,26.39151],[92.89351,26.39195],[92.89637,26.38919],[92.8978,26.39055],[92.90351,26.40161],[92.90568,26.40153],[92.90733,26.39581],[92.91153,26.39854],[92.9128,26.39828],[92.91302,26.39471],[92.92085,26.39701],[92.92712,26.40046],[92.9407,26.40433],[92.94287,26.40436],[92.94483,26.40227],[92.95049,26.39876],[92.95161,26.40005],[92.95184,26.40604],[92.96075,26.41152],[92.96387,26.41601],[92.96526,26.41668],[92.96896,26.41663],[92.97217,26.41797],[92.97663,26.42204],[92.97965,26.42377],[92.98141,26.42364],[92.98589,26.42078],[92.99316,26.42259],[92.99826,26.42558],[93.00461,26.42823],[93.01715,26.4234],[93.02314,26.42393],[93.03098,26.42661],[93.04565,26.44],[93.04774,26.43705],[93.0528,26.4365],[93.05527,26.42678],[93.05585,26.42382],[93.05473,26.42196],[93.05048,26.42343],[93.04992,26.4198],[93.05093,26.41719],[93.05449,26.41743],[93.06051,26.41916],[93.06625,26.41916],[93.06961,26.42644],[93.07123,26.42555],[93.07122,26.42273],[93.07671,26.4231],[93.08906,26.43392],[93.09463,26.43534],[93.09608,26.43715],[93.09175,26.43683],[93.07946,26.43152],[93.07347,26.43194],[93.07159,26.43352],[93.07478,26.43638],[93.08923,26.44166],[93.09795,26.44618],[93.10191,26.44912],[93.10785,26.44534],[93.10761,26.44367],[93.10212,26.44029],[93.10001,26.43762],[93.1007,26.43489],[93.1099,26.44086],[93.11733,26.44323],[93.11492,26.44507],[93.11257,26.44474],[93.11223,26.44686],[93.11402,26.44884],[93.11247,26.45007],[93.10942,26.44939],[93.10798,26.45187],[93.12221,26.46057],[93.12434,26.46367],[93.12679,26.46286],[93.12762,26.4658],[93.12995,26.46706],[93.12383,26.47089],[93.11738,26.47104],[93.11308,26.47221],[93.11388,26.47459],[93.13341,26.47979],[93.13891,26.48662],[93.1386,26.4896],[93.13093,26.48318],[93.12928,26.48695],[93.13371,26.49196],[93.13079,26.49053],[93.12477,26.49505],[93.12798,26.4977],[93.12687,26.49979],[93.11978,26.49661],[93.12334,26.48671],[93.12268,26.48445],[93.12035,26.48251],[93.11866,26.4873],[93.11543,26.4866],[93.11175,26.48205],[93.10704,26.47891],[93.10674,26.47685],[93.10395,26.47651],[93.10078,26.475],[93.10572,26.47344],[93.10825,26.47143],[93.10886,26.46955],[93.10628,26.46824],[93.10484,26.46649],[93.10519,26.46432],[93.10427,26.46252],[93.10046,26.46515],[93.09434,26.46169],[93.0914,26.4617],[93.09094,26.46507],[93.09358,26.46746],[93.09192,26.47088],[93.08148,26.4736],[93.07864,26.47211],[93.07735,26.47552],[93.07748,26.47891],[93.07414,26.4801],[93.06624,26.48007],[93.06728,26.48548],[93.08129,26.49027],[93.08571,26.49604],[93.09407,26.4993],[93.09148,26.50262],[93.08074,26.49611],[93.07748,26.49684],[93.07432,26.49495],[93.07321,26.49888],[93.07008,26.50289],[93.06863,26.50194],[93.06818,26.49878],[93.07052,26.4959],[93.07035,26.49183],[93.06403,26.49189],[93.04868,26.49039],[93.04574,26.48863],[93.04037,26.48818],[93.03043,26.4839],[93.02367,26.48185],[93.02089,26.47998],[93.01559,26.48017],[93.01071,26.48459],[93.01049,26.48969],[93.00705,26.4962],[93.01266,26.49973],[93.01361,26.50658],[93.03463,26.51536],[93.04047,26.51978],[93.04573,26.52835],[93.0507,26.52894],[93.04635,26.53238],[93.04523,26.53791],[93.06202,26.54424],[93.07135,26.54399],[93.07751,26.54543],[93.0869,26.54428],[93.09167,26.54592],[93.09676,26.5428],[93.10316,26.54184],[93.105,26.54026],[93.10346,26.5365],[93.10601,26.53346],[93.1193,26.53166],[93.12232,26.53494],[93.11964,26.53867],[93.12323,26.54047],[93.13196,26.54133],[93.13639,26.54332],[93.13811,26.54991],[93.14445,26.55635],[93.14863,26.55804],[93.1524,26.55203],[93.15636,26.55016],[93.17058,26.55614],[93.18754,26.57015],[93.19868,26.56843],[93.20732,26.56411],[93.21227,26.55876],[93.20947,26.55394],[93.20531,26.5507],[93.20108,26.5455],[93.19756,26.54297],[93.19376,26.54449],[93.1895,26.54338],[93.18509,26.54116],[93.18247,26.53732],[93.1786,26.53593],[93.1761,26.53324],[93.16229,26.52704],[93.1651,26.52434],[93.18497,26.53231],[93.19044,26.53352],[93.19592,26.53822],[93.20042,26.53659],[93.20535,26.52826],[93.20866,26.52063],[93.20991,26.51594],[93.20985,26.51238],[93.21442,26.50983],[93.21779,26.50996],[93.21273,26.52209],[93.21453,26.52389],[93.21942,26.52244],[93.21975,26.52526],[93.21667,26.52606],[93.21317,26.52939],[93.2137,26.53164],[93.22035,26.53062],[93.22263,26.53938],[93.22834,26.53811],[93.23206,26.5364],[93.23587,26.53797],[93.24615,26.53324],[93.24619,26.53135],[93.24781,26.53005],[93.25022,26.52355],[93.25863,26.524],[93.27443,26.52161],[93.27295,26.51561],[93.26809,26.51242],[93.26785,26.50862],[93.27625,26.50952],[93.27458,26.51501],[93.27808,26.5176],[93.28571,26.51929],[93.28783,26.51841],[93.28802,26.51463],[93.28673,26.51202],[93.29007,26.51122],[93.29227,26.50868],[93.29368,26.5052],[93.29813,26.50655],[93.29868,26.51097],[93.29613,26.51449],[93.29373,26.52024],[93.29062,26.52334],[93.28417,26.5238],[93.2794,26.52296],[93.27464,26.52551],[93.27084,26.53009],[93.27621,26.53381],[93.27734,26.53849],[93.27755,26.5448],[93.27478,26.54624],[93.27209,26.54333],[93.26734,26.5337],[93.25936,26.53326],[93.25894,26.53549],[93.26558,26.53613],[93.26431,26.54031],[93.25519,26.54616],[93.25162,26.5454],[93.25032,26.54785],[93.26058,26.55171],[93.25903,26.5533],[93.25187,26.55303],[93.23949,26.55193],[93.23811,26.55442],[93.23907,26.55788],[93.25034,26.56625],[93.25233,26.57088],[93.25795,26.57121],[93.26305,26.57027],[93.27517,26.57532],[93.28652,26.57397],[93.29008,26.57599],[93.29605,26.58103],[93.30288,26.58109],[93.30126,26.58007],[93.29865,26.57748],[93.30048,26.57545],[93.30744,26.57883],[93.31194,26.57949],[93.31408,26.57826],[93.31538,26.58121],[93.32016,26.58514],[93.33553,26.58557],[93.36805,26.58431],[93.37881,26.58093],[93.39343,26.58076],[93.40264,26.58355],[93.40233,26.57912],[93.40733,26.57737],[93.402,26.57487],[93.40375,26.57329],[93.41229,26.57055],[93.41763,26.57489],[93.42405,26.57683],[93.44614,26.57959],[93.45656,26.58396],[93.4574,26.5827],[93.45494,26.57807],[93.45812,26.57719],[93.46436,26.58717],[93.46835,26.58879],[93.46672,26.58319],[93.4633,26.57717],[93.4599,26.57344],[93.46517,26.57162],[93.46947,26.57836],[93.47569,26.58471],[93.48512,26.58589],[93.49205,26.58848],[93.49435,26.59137],[93.49426,26.5939],[93.4887,26.59382],[93.47802,26.59135],[93.47263,26.59345],[93.472,26.59665],[93.47668,26.60046],[93.47897,26.60469],[93.4838,26.60678],[93.49763,26.60746],[93.49754,26.61493],[93.50454,26.61175],[93.50887,26.59862]]]]}},{"type":"Feature","properties":{"ID_0":105,"ISO":"IND","NAME_0":"India","ID_1":4,"NAME_1":"Assam","ID_2":54,"NAME_2":"Karimganj","NL_NAME_2":null,"VARNAME_2":null,"TYPE_2":"District","ENGTYPE_2":"District","STATE":"Assam","DISTRICT":"Karimganj"},"geometry":{"type":"Polygon","coordinates":[[[92.58897,24.86431],[92.58891,24.86051],[92.58651,24.85151],[92.58108,24.84133],[92.57333,24.83406],[92.56324,24.8218],[92.5545,24.81647],[92.55088,24.81182],[92.54793,24.80633],[92.54775,24.80431],[92.54494,24.80094],[92.54403,24.7953],[92.54456,24.79168],[92.54617,24.78474],[92.54778,24.78172],[92.54747,24.77959],[92.54309,24.77436],[92.54548,24.76627],[92.54485,24.76225],[92.53307,24.75205],[92.52715,24.74841],[92.52296,24.74255],[92.52336,24.73848],[92.52221,24.73173],[92.52271,24.72621],[92.52189,24.72362],[92.5157,24.71676],[92.51389,24.71283],[92.51117,24.71205],[92.51048,24.71117],[92.50556,24.70203],[92.50396,24.69316],[92.5013,24.68829],[92.49835,24.68531],[92.49718,24.68169],[92.49722,24.67623],[92.50296,24.66738],[92.50412,24.66436],[92.50432,24.66292],[92.5033,24.66065],[92.50529,24.65103],[92.50532,24.64511],[92.50671,24.63672],[92.50662,24.62907],[92.50739,24.62788],[92.51028,24.62785],[92.51094,24.62677],[92.51022,24.62607],[92.50871,24.61881],[92.50925,24.60519],[92.50533,24.60566],[92.50584,24.59364],[92.51415,24.58001],[92.51692,24.57848],[92.51701,24.57607],[92.5192,24.56925],[92.5164,24.55457],[92.50853,24.53461],[92.51068,24.52476],[92.50851,24.51749],[92.50767,24.51052],[92.50897,24.50363],[92.50903,24.49794],[92.50649,24.49089],[92.5107,24.48203],[92.50813,24.47205],[92.50835,24.46763],[92.50713,24.46124],[92.50617,24.45323],[92.50723,24.4464],[92.50677,24.43966],[92.50235,24.42219],[92.50097,24.41337],[92.50066,24.40233],[92.49642,24.39434],[92.49578,24.38922],[92.4962,24.38312],[92.49266,24.37538],[92.49271,24.36963],[92.48362,24.3525],[92.48215,24.34839],[92.48187,24.34305],[92.47696,24.32499],[92.47063,24.31156],[92.46416,24.30084],[92.45476,24.28882],[92.4458,24.27525],[92.4396,24.27023],[92.43286,24.25571],[92.42557,24.25212],[92.42375,24.25318],[92.42238,24.25311],[92.41645,24.25343],[92.40684,24.25194],[92.39571,24.25253],[92.37653,24.25131],[92.31407,24.2526],[92.3105,24.25135],[92.3035,24.25269],[92.29661,24.25173],[92.29183,24.25127],[92.28478,24.25204],[92.25958,24.25042],[92.24053,24.25061],[92.21285,24.24931],[92.26408,24.36216],[92.26813,24.36728],[92.26757,24.37325],[92.26826,24.37481],[92.27224,24.37757],[92.2725,24.37935],[92.26988,24.3822],[92.27269,24.3862],[92.27309,24.38845],[92.27043,24.39095],[92.26984,24.39485],[92.26421,24.39758],[92.26263,24.40482],[92.26324,24.4081],[92.26271,24.40982],[92.25934,24.41351],[92.25596,24.41898],[92.25748,24.43252],[92.2565,24.4363],[92.2392,24.44727],[92.23602,24.45022],[92.23594,24.45378],[92.2351,24.45641],[92.23231,24.45845],[92.23109,24.46038],[92.23117,24.46544],[92.2289,24.47198],[92.23029,24.48004],[92.23384,24.48471],[92.23942,24.48993],[92.2366,24.49282],[92.23635,24.49433],[92.23541,24.49679],[92.23502,24.49817],[92.23462,24.49934],[92.23427,24.50044],[92.231,24.50409],[92.23115,24.50938],[92.23137,24.51936],[92.23279,24.53044],[92.23293,24.53302],[92.23338,24.54127],[92.23329,24.55108],[92.23334,24.55131],[92.23387,24.55407],[92.23383,24.56179],[92.23508,24.57042],[92.23572,24.57993],[92.23742,24.59163],[92.23932,24.6],[92.24203,24.60826],[92.2461,24.61928],[92.24953,24.62954],[92.25108,24.63602],[92.25217,24.64206],[92.25317,24.64913],[92.2529,24.65098],[92.25065,24.65355],[92.25091,24.65709],[92.25223,24.66054],[92.25598,24.66372],[92.25814,24.66868],[92.25958,24.67327],[92.2595,24.67523],[92.25841,24.67826],[92.2593,24.68086],[92.26139,24.68227],[92.26177,24.68461],[92.26275,24.68864],[92.26522,24.6913],[92.26865,24.69421],[92.27264,24.69926],[92.27726,24.70653],[92.27868,24.70968],[92.27911,24.71179],[92.28214,24.71545],[92.286,24.7204],[92.29029,24.72413],[92.29368,24.72858],[92.29827,24.73655],[92.29754,24.73817],[92.29326,24.73922],[92.28856,24.74079],[92.28506,24.7437],[92.28534,24.74874],[92.28819,24.75476],[92.29224,24.75971],[92.29427,24.7625],[92.29219,24.76465],[92.28857,24.76635],[92.28666,24.76941],[92.28719,24.7722],[92.28998,24.77708],[92.29311,24.7836],[92.29343,24.78601],[92.29341,24.7894],[92.29013,24.79028],[92.28684,24.79231],[92.28493,24.79521],[92.28204,24.80583],[92.28144,24.81436],[92.27966,24.82804],[92.27778,24.83041],[92.27254,24.83143],[92.26682,24.83214],[92.26273,24.83265],[92.26231,24.83274],[92.25462,24.83424],[92.25728,24.84131],[92.25487,24.84221],[92.2506,24.84147],[92.2485,24.84213],[92.24762,24.84331],[92.24662,24.84461],[92.24411,24.84937],[92.24404,24.85506],[92.24412,24.85653],[92.24431,24.85999],[92.24426,24.86372],[92.24188,24.86606],[92.24028,24.86808],[92.24055,24.8703],[92.2406,24.87065],[92.2421,24.87254],[92.24392,24.87266],[92.24791,24.87293],[92.25002,24.87457],[92.25056,24.87988],[92.25047,24.88093],[92.25013,24.88478],[92.24902,24.88879],[92.24725,24.89214],[92.24448,24.89455],[92.24164,24.89662],[92.24052,24.89919],[92.24139,24.90128],[92.2429,24.90227],[92.24446,24.90333],[92.24484,24.90675],[92.24523,24.91025],[92.25021,24.91286],[92.25506,24.91393],[92.2564,24.91039],[92.25776,24.90686],[92.2618,24.90595],[92.26766,24.90576],[92.27086,24.91126],[92.27908,24.91003],[92.27986,24.90991],[92.28,24.90969],[92.2831,24.90478],[92.28815,24.90595],[92.29105,24.90955],[92.29045,24.91182],[92.28975,24.91581],[92.29838,24.92005],[92.29947,24.91774],[92.30137,24.91372],[92.3053,24.91304],[92.30857,24.90831],[92.31215,24.90785],[92.31445,24.90755],[92.31519,24.90384],[92.31925,24.901],[92.32005,24.90043],[92.31966,24.89464],[92.32491,24.89489],[92.32706,24.89484],[92.32896,24.89282],[92.33408,24.89301],[92.33553,24.89306],[92.33893,24.88861],[92.34063,24.88625],[92.33904,24.88034],[92.34342,24.87746],[92.34734,24.87764],[92.34842,24.87897],[92.34618,24.88406],[92.34615,24.88492],[92.34597,24.88941],[92.34798,24.89397],[92.35041,24.88959],[92.35549,24.88046],[92.36211,24.88265],[92.36289,24.88243],[92.36546,24.8817],[92.36736,24.87806],[92.3707,24.87166],[92.3763,24.87171],[92.37823,24.86796],[92.38359,24.86725],[92.38455,24.86712],[92.38883,24.86155],[92.38925,24.861],[92.38539,24.8572],[92.38751,24.85114],[92.39147,24.84994],[92.39506,24.85536],[92.40453,24.85479],[92.40933,24.85132],[92.41098,24.85744],[92.4136,24.85825],[92.41645,24.86284],[92.42172,24.86134],[92.42593,24.86014],[92.42588,24.85992],[92.42492,24.85432],[92.42895,24.85197],[92.43235,24.85211],[92.43433,24.85369],[92.43321,24.85954],[92.43752,24.86102],[92.44069,24.8637],[92.44701,24.86292],[92.4502,24.87151],[92.44942,24.87528],[92.44918,24.87725],[92.45491,24.87739],[92.45853,24.87747],[92.46104,24.87265],[92.46661,24.87218],[92.47031,24.87076],[92.47372,24.87347],[92.47566,24.87501],[92.47962,24.8726],[92.48602,24.87434],[92.48801,24.8738],[92.4918,24.87402],[92.49413,24.87674],[92.49868,24.87619],[92.50337,24.87434],[92.50922,24.87625],[92.516,24.87719],[92.51962,24.87401],[92.51887,24.87349],[92.52045,24.87172],[92.52565,24.86098],[92.53025,24.86166],[92.53505,24.86396],[92.54092,24.8653],[92.54546,24.86736],[92.55255,24.87245],[92.56013,24.87443],[92.57266,24.87234],[92.57785,24.87067],[92.58897,24.86431]]]}},{"type":"Feature","properties":{"ID_0":105,"ISO":"IND","NAME_0":"India","ID_1":4,"NAME_1":"Assam","ID_2":55,"NAME_2":"Kokrajhar","NL_NAME_2":null,"VARNAME_2":null,"TYPE_2":"District","ENGTYPE_2":"District","STATE":"Assam","DISTRICT":"Kokrajhar"},"geometry":{"type":"Polygon","coordinates":[[[90.46171,26.86723],[90.46362,26.86593],[90.48315,26.85308],[90.49993,26.84246],[90.50063,26.84201],[90.51376,26.83326],[90.51412,26.83302],[90.52882,26.82352],[90.53885,26.81629],[90.54276,26.81458],[90.54881,26.81192],[90.55377,26.80579],[90.55994,26.80102],[90.56378,26.79964],[90.56833,26.7989],[90.57307,26.7988],[90.58074,26.79756],[90.58898,26.7985],[90.6015,26.79753],[90.61499,26.79509],[90.58772,26.77123],[90.56065,26.74209],[90.54088,26.7119],[90.53255,26.68691],[90.52318,26.66505],[90.52318,26.64319],[90.52422,26.6307],[90.53775,26.61196],[90.54712,26.59947],[90.56482,26.57865],[90.57419,26.55367],[90.57211,26.53181],[90.55649,26.5266],[90.53359,26.54013],[90.50549,26.54222],[90.49091,26.53493],[90.46905,26.54118],[90.4576,26.54846],[90.43782,26.55054],[90.42532,26.55054],[90.40971,26.55783],[90.38993,26.55991],[90.36495,26.55263],[90.3535,26.54638],[90.35766,26.52244],[90.36911,26.50058],[90.37744,26.486],[90.39514,26.48184],[90.41492,26.48184],[90.42949,26.49329],[90.44927,26.49329],[90.4576,26.48496],[90.45864,26.46622],[90.44614,26.44957],[90.43574,26.43708],[90.43886,26.41522],[90.44302,26.39752],[90.44614,26.3819],[90.44719,26.36525],[90.44719,26.35796],[90.44913,26.35408],[90.44887,26.35373],[90.44587,26.34765],[90.444,26.34604],[90.44177,26.34652],[90.44028,26.36202],[90.43443,26.35872],[90.43777,26.35018],[90.43774,26.34581],[90.43696,26.34413],[90.43414,26.34313],[90.43185,26.34388],[90.42985,26.3477],[90.43124,26.3542],[90.42461,26.36029],[90.42205,26.36502],[90.41986,26.36354],[90.41296,26.3625],[90.40089,26.36332],[90.39547,26.36296],[90.3815,26.36639],[90.37903,26.36791],[90.37752,26.3701],[90.37997,26.37164],[90.38185,26.37433],[90.38365,26.37099],[90.38506,26.37062],[90.38678,26.37672],[90.38905,26.38039],[90.39422,26.38565],[90.39444,26.38812],[90.39307,26.39125],[90.38432,26.38491],[90.37542,26.37616],[90.37426,26.37576],[90.37166,26.38482],[90.37173,26.39685],[90.37064,26.39737],[90.36834,26.39653],[90.36573,26.39683],[90.36221,26.39859],[90.35902,26.40384],[90.35873,26.40781],[90.35677,26.41117],[90.35323,26.41332],[90.34716,26.41381],[90.33814,26.41329],[90.33137,26.41115],[90.32884,26.40927],[90.32732,26.39644],[90.33136,26.39043],[90.33227,26.38703],[90.3317,26.38634],[90.32985,26.38681],[90.32565,26.38874],[90.31812,26.38954],[90.31486,26.38829],[90.31212,26.38525],[90.31039,26.38101],[90.31142,26.37691],[90.32009,26.36799],[90.3198,26.36592],[90.31754,26.36322],[90.31883,26.36264],[90.32191,26.36361],[90.32415,26.36543],[90.32645,26.36588],[90.32819,26.36563],[90.32816,26.36448],[90.31859,26.35654],[90.31632,26.35546],[90.31542,26.35305],[90.30911,26.34832],[90.30837,26.35049],[90.30474,26.34539],[90.30045,26.34289],[90.29747,26.33813],[90.29025,26.33881],[90.28511,26.33653],[90.28758,26.33347],[90.28801,26.3311],[90.28598,26.32599],[90.28476,26.32335],[90.28275,26.32175],[90.27808,26.32],[90.27301,26.3233],[90.27184,26.32792],[90.27058,26.32902],[90.26643,26.33118],[90.25575,26.33446],[90.253,26.33488],[90.2522,26.33086],[90.25046,26.32804],[90.24794,26.32633],[90.24674,26.32627],[90.24496,26.32761],[90.24106,26.32804],[90.23944,26.32539],[90.23618,26.32391],[90.22565,26.33267],[90.22066,26.32994],[90.21688,26.3295],[90.21621,26.3318],[90.22668,26.34971],[90.21815,26.34952],[90.21439,26.35052],[90.21677,26.35269],[90.22137,26.3525],[90.22726,26.35471],[90.23141,26.36199],[90.23176,26.36539],[90.22993,26.37007],[90.22404,26.37338],[90.22568,26.3793],[90.22565,26.38281],[90.22413,26.38553],[90.21831,26.38395],[90.2044,26.37706],[90.20618,26.3626],[90.20341,26.35881],[90.19257,26.35317],[90.18664,26.34537],[90.17673,26.34536],[90.17168,26.3424],[90.16964,26.34253],[90.16651,26.34577],[90.15203,26.35298],[90.14973,26.35311],[90.13886,26.34953],[90.1177,26.33927],[90.10452,26.32942],[90.06827,26.30531],[90.0563,26.29874],[90.0506,26.29693],[90.0478,26.29739],[90.04673,26.29832],[90.0404,26.29909],[90.03323,26.30289],[90.02664,26.30942],[90.02457,26.31491],[90.02354,26.32063],[90.02478,26.32539],[90.02723,26.32878],[90.02731,26.3323],[90.02669,26.33385],[90.02398,26.33617],[90.0191,26.3362],[90.01655,26.33471],[90.011,26.32834],[90.00858,26.32692],[90.00539,26.32636],[90.00195,26.32881],[89.99809,26.3337],[89.9952,26.33443],[89.98851,26.33994],[89.9854,26.34558],[89.97923,26.34166],[89.97149,26.33819],[89.96164,26.33501],[89.94656,26.33325],[89.93601,26.3353],[89.93192,26.34053],[89.92823,26.34172],[89.92384,26.34075],[89.91988,26.33872],[89.91503,26.33942],[89.91154,26.33894],[89.90834,26.33659],[89.90772,26.33152],[89.90608,26.32769],[89.9029,26.32556],[89.89473,26.32506],[89.88987,26.31308],[89.88253,26.30835],[89.87891,26.30446],[89.87419,26.30211],[89.84538,26.29943],[89.83032,26.30746],[89.82341,26.30844],[89.8199,26.3077],[89.80692,26.30136],[89.80296,26.30045],[89.79923,26.30088],[89.79605,26.30253],[89.78812,26.31161],[89.78643,26.31222],[89.78213,26.31627],[89.77092,26.31295],[89.76638,26.31385],[89.76196,26.31707],[89.76853,26.3238],[89.77775,26.32776],[89.78086,26.33088],[89.78104,26.33584],[89.77921,26.3432],[89.77906,26.34741],[89.78089,26.35217],[89.78201,26.35328],[89.79032,26.35806],[89.804,26.36234],[89.80985,26.3665],[89.81256,26.367],[89.82042,26.37062],[89.81723,26.3661],[89.81267,26.3624],[89.81155,26.36071],[89.81149,26.35802],[89.81363,26.35317],[89.81557,26.35146],[89.8201,26.35038],[89.82119,26.35114],[89.82341,26.35525],[89.82106,26.35907],[89.82706,26.36665],[89.82742,26.36982],[89.82441,26.37689],[89.82559,26.37932],[89.82787,26.38112],[89.83099,26.38203],[89.83402,26.38126],[89.84093,26.37776],[89.8455,26.38403],[89.85126,26.38405],[89.85507,26.38203],[89.85729,26.38446],[89.85316,26.39599],[89.85033,26.39828],[89.84682,26.40274],[89.84606,26.39779],[89.8445,26.39435],[89.84039,26.39082],[89.83059,26.3902],[89.82797,26.39348],[89.82728,26.39647],[89.82947,26.40328],[89.83329,26.41229],[89.83634,26.41127],[89.84485,26.41022],[89.84981,26.41421],[89.84765,26.41982],[89.84779,26.42175],[89.84976,26.42225],[89.853,26.42456],[89.8552,26.43405],[89.85769,26.43812],[89.86113,26.44042],[89.8695,26.44842],[89.86943,26.45728],[89.87062,26.45989],[89.87021,26.46398],[89.8671,26.46581],[89.86237,26.46607],[89.86102,26.47478],[89.85269,26.48778],[89.85497,26.4943],[89.85561,26.50514],[89.8535,26.51723],[89.85443,26.52108],[89.86184,26.53046],[89.86227,26.53729],[89.86142,26.54319],[89.86462,26.54829],[89.86433,26.56078],[89.86549,26.56584],[89.865,26.57027],[89.86153,26.57456],[89.86201,26.57788],[89.86987,26.57951],[89.87755,26.58424],[89.87422,26.58921],[89.87212,26.59471],[89.87254,26.59757],[89.87522,26.60117],[89.87663,26.60634],[89.87723,26.61305],[89.87161,26.61496],[89.86183,26.61515],[89.859,26.61721],[89.85704,26.62341],[89.85729,26.63209],[89.86127,26.63556],[89.87367,26.64351],[89.87584,26.6463],[89.87637,26.6495],[89.87276,26.65186],[89.86806,26.65662],[89.86829,26.66076],[89.86987,26.66267],[89.87052,26.66622],[89.86934,26.67095],[89.86947,26.67381],[89.87148,26.67922],[89.87143,26.68353],[89.86141,26.70035],[89.85694,26.70378],[89.85973,26.70862],[89.85931,26.71303],[89.85821,26.72023],[89.8596,26.72441],[89.8584,26.73123],[89.85941,26.7327],[89.86239,26.737],[89.86758,26.73467],[89.87348,26.73173],[89.88124,26.72819],[89.8894,26.72439],[89.89748,26.72365],[89.90631,26.72366],[89.92084,26.7226],[89.9316,26.72327],[89.93986,26.72298],[89.9475,26.72314],[89.95778,26.72317],[89.96729,26.7247],[89.98466,26.72677],[89.99432,26.73003],[89.99747,26.73178],[90.00207,26.73434],[90.00621,26.73379],[90.01968,26.73053],[90.0339,26.72973],[90.04519,26.72904],[90.05059,26.72987],[90.05524,26.72933],[90.06755,26.7321],[90.07764,26.7352],[90.08573,26.73751],[90.09505,26.73977],[90.11433,26.74508],[90.12784,26.74904],[90.1461,26.75489],[90.16086,26.76049],[90.17345,26.76506],[90.18872,26.77057],[90.18713,26.78173],[90.1853,26.7872],[90.18301,26.79843],[90.18256,26.80411],[90.18404,26.80973],[90.18695,26.81439],[90.19188,26.82729],[90.19465,26.83302],[90.20447,26.84358],[90.21482,26.8537],[90.22619,26.85824],[90.22676,26.85823],[90.24432,26.85793],[90.24639,26.85771],[90.25291,26.85701],[90.26232,26.85537],[90.27731,26.85213],[90.2904,26.84847],[90.30151,26.84823],[90.30631,26.84946],[90.30644,26.8495],[90.3117,26.85085],[90.34093,26.87212],[90.34578,26.87644],[90.34945,26.88769],[90.35275,26.8928],[90.3551,26.89609],[90.36402,26.89805],[90.38013,26.89924],[90.39099,26.90032],[90.39973,26.90102],[90.40945,26.9019],[90.40971,26.90192],[90.4221,26.89815],[90.44109,26.88287],[90.454,26.87244],[90.46171,26.86723]]]}},{"type":"Feature","properties":{"ID_0":105,"ISO":"IND","NAME_0":"India","ID_1":4,"NAME_1":"Assam","ID_2":56,"NAME_2":"Lakhimpur","NL_NAME_2":null,"VARNAME_2":"North Lakhimpur, Lakhmipur, Lakimpur","TYPE_2":"District","ENGTYPE_2":"District","STATE":"Assam","DISTRICT":"Lakhimpur"},"geometry":{"type":"Polygon","coordinates":[[[94.25973,27.52349],[94.2688,27.51874],[94.27451,27.51336],[94.28007,27.50427],[94.27916,27.48024],[94.27774,27.47159],[94.28245,27.46114],[94.28981,27.45201],[94.29574,27.44808],[94.30495,27.44039],[94.30753,27.43374],[94.30579,27.40928],[94.30457,27.40018],[94.30128,27.39367],[94.29803,27.39003],[94.28511,27.38597],[94.28015,27.3882],[94.27668,27.39197],[94.26933,27.39643],[94.26542,27.40185],[94.25618,27.40289],[94.25147,27.40064],[94.24693,27.39329],[94.25003,27.38608],[94.26174,27.37403],[94.27177,27.36606],[94.28503,27.35847],[94.29896,27.35462],[94.30074,27.35017],[94.3235,27.3529],[94.34713,27.34463],[94.37549,27.3399],[94.40385,27.33399],[94.4322,27.33399],[94.44756,27.34226],[94.47001,27.34699],[94.49128,27.35172],[94.509,27.34817],[94.52318,27.33163],[94.5279,27.30682],[94.53854,27.30682],[94.55389,27.31745],[94.56099,27.32572],[94.56926,27.31745],[94.58462,27.29736],[94.59814,27.2861],[94.59348,27.27837],[94.58672,27.27063],[94.5861,27.2627],[94.58871,27.25454],[94.58712,27.24447],[94.57864,27.21941],[94.58111,27.21406],[94.5815,27.20615],[94.57939,27.19657],[94.57483,27.19123],[94.56934,27.18278],[94.56207,27.18565],[94.56205,27.17779],[94.54664,27.17519],[94.52458,27.16279],[94.53049,27.15764],[94.53299,27.15064],[94.52846,27.14571],[94.51382,27.14588],[94.51206,27.14417],[94.5086,27.12457],[94.50352,27.12422],[94.49328,27.12668],[94.4906,27.13132],[94.49033,27.13735],[94.48358,27.14172],[94.47784,27.13941],[94.47408,27.13541],[94.47411,27.12611],[94.47005,27.11837],[94.46178,27.11553],[94.45732,27.11893],[94.44608,27.12061],[94.43829,27.12329],[94.43192,27.12085],[94.42735,27.11627],[94.42781,27.10398],[94.42435,27.0993],[94.41779,27.09489],[94.40958,27.09647],[94.39229,27.10157],[94.38336,27.09928],[94.36726,27.1016],[94.3583,27.09654],[94.35189,27.08961],[94.34549,27.08658],[94.33714,27.08505],[94.32384,27.09132],[94.31623,27.07666],[94.31284,27.07387],[94.30756,27.07622],[94.30256,27.08396],[94.29658,27.08956],[94.28602,27.09487],[94.28119,27.099],[94.26611,27.09598],[94.25907,27.09116],[94.25336,27.08871],[94.2381,27.07701],[94.23029,27.06297],[94.22581,27.04941],[94.22326,27.04183],[94.22582,27.03936],[94.22448,27.03566],[94.21882,27.03386],[94.20248,27.03276],[94.19786,27.03878],[94.19447,27.04087],[94.18981,27.03944],[94.18681,27.03185],[94.18876,27.0254],[94.1916,27.01975],[94.19194,27.01458],[94.19086,27.01188],[94.18575,27.00426],[94.18096,27.00091],[94.17814,27.00304],[94.17452,27.00314],[94.16988,27.00101],[94.16347,27.00296],[94.15865,27.00269],[94.1543,26.9975],[94.13729,26.99317],[94.14021,26.97995],[94.13869,26.97595],[94.13399,26.97298],[94.11898,26.97431],[94.11113,26.9738],[94.10018,26.97042],[94.08614,26.9643],[94.07771,26.96395],[94.06747,26.98141],[94.05981,26.9839],[94.05273,26.9828],[94.04349,26.97739],[94.04073,26.97119],[94.02753,26.95982],[94.02655,26.95083],[94.02915,26.93823],[94.02558,26.93357],[94.01252,26.93113],[94.00703,26.93815],[93.9985,26.94346],[93.98664,26.93108],[93.97515,26.92701],[93.96253,26.92953],[93.94674,26.93214],[93.9351,26.93288],[93.92275,26.93003],[93.91786,26.92535],[93.91873,26.91801],[93.91846,26.91175],[93.89252,26.89402],[93.89304,26.88977],[93.89652,26.88236],[93.89725,26.87526],[93.89272,26.86819],[93.87933,26.85883],[93.86475,26.86121],[93.85674,26.86105],[93.8487,26.85562],[93.84197,26.85552],[93.83941,26.85186],[93.83694,26.84385],[93.82518,26.82865],[93.82021,26.82662],[93.80692,26.82627],[93.80074,26.8281],[93.78933,26.83355],[93.77217,26.84703],[93.773,26.85261],[93.77988,26.8546],[93.78887,26.86081],[93.78185,26.87622],[93.7818,26.88115],[93.77938,26.88778],[93.77455,26.8915],[93.76451,26.89407],[93.75617,26.89476],[93.74884,26.89742],[93.7448,26.90367],[93.74342,26.911],[93.74809,26.91543],[93.75085,26.92213],[93.74841,26.92818],[93.74821,26.93386],[93.74517,26.94025],[93.74622,26.951],[93.74313,26.96146],[93.73717,26.96746],[93.72762,26.97254],[93.72556,26.9778],[93.70916,26.98641],[93.70322,26.98817],[93.70163,26.99258],[93.69828,26.99479],[93.70095,26.9971],[93.70568,27.00368],[93.7045,27.00656],[93.70557,27.00833],[93.71893,27.01922],[93.73389,27.02723],[93.74258,27.02971],[93.74643,27.03241],[93.76848,27.04329],[93.7682,27.05552],[93.77007,27.05558],[93.77096,27.05455],[93.77179,27.05552],[93.7724,27.0623],[93.77368,27.06236],[93.77544,27.05622],[93.77795,27.05277],[93.77916,27.05334],[93.77914,27.05829],[93.78117,27.06082],[93.78227,27.0669],[93.78321,27.06719],[93.78511,27.05836],[93.78613,27.05537],[93.78742,27.05423],[93.79119,27.05457],[93.794,27.05773],[93.7971,27.07088],[93.79806,27.07094],[93.79877,27.06968],[93.79942,27.06687],[93.80213,27.06176],[93.80489,27.06135],[93.80855,27.06257],[93.81019,27.06814],[93.81288,27.07068],[93.81571,27.06545],[93.81879,27.06493],[93.82288,27.06832],[93.82458,27.07217],[93.82549,27.07212],[93.8271,27.06885],[93.82825,27.06895],[93.82901,27.07212],[93.8321,27.07287],[93.83502,27.07499],[93.83675,27.07821],[93.83476,27.08205],[93.83437,27.08285],[93.83621,27.08648],[93.83303,27.08761],[93.83132,27.09244],[93.82664,27.09938],[93.82723,27.11194],[93.82549,27.11934],[93.82195,27.12203],[93.81911,27.1229],[93.81496,27.12261],[93.81316,27.12376],[93.81136,27.12627],[93.81385,27.12862],[93.81423,27.13082],[93.81351,27.13201],[93.80819,27.13287],[93.80581,27.13475],[93.80222,27.13286],[93.80025,27.13263],[93.79843,27.1344],[93.7978,27.13601],[93.79824,27.13716],[93.80144,27.13791],[93.80561,27.13779],[93.80681,27.14721],[93.8073,27.15014],[93.80859,27.15175],[93.81702,27.15824],[93.82666,27.16937],[93.82898,27.17064],[93.837,27.17208],[93.83988,27.17346],[93.84717,27.17978],[93.85746,27.1911],[93.86745,27.19884],[93.88561,27.22438],[93.89098,27.23018],[93.89298,27.23097],[93.90105,27.24154],[93.9189,27.25714],[93.93391,27.26834],[93.93891,27.27328],[93.95652,27.29476],[93.97267,27.30834],[93.98095,27.31377],[93.98567,27.32058],[93.99018,27.32465],[93.99603,27.32788],[93.9978,27.32786],[94.00069,27.33014],[94.00001,27.33471],[94.00979,27.33889],[94.02583,27.3477],[94.03008,27.34799],[94.04164,27.35329],[94.04832,27.35875],[94.05483,27.36283],[94.06093,27.36356],[94.06315,27.36891],[94.06865,27.3744],[94.07245,27.38301],[94.08635,27.40456],[94.0933,27.41094],[94.09992,27.41392],[94.10652,27.41805],[94.11708,27.43097],[94.12334,27.43498],[94.13586,27.44586],[94.14081,27.44846],[94.15446,27.46046],[94.1602,27.46647],[94.15874,27.47],[94.15721,27.47805],[94.16422,27.48099],[94.16793,27.48419],[94.17471,27.48407],[94.1869,27.49081],[94.19125,27.49632],[94.19523,27.49746],[94.21066,27.4979],[94.21233,27.49795],[94.2154,27.50314],[94.22167,27.50703],[94.25906,27.5226],[94.25973,27.52349]]]}},{"type":"Feature","properties":{"ID_0":105,"ISO":"IND","NAME_0":"India","ID_1":4,"NAME_1":"Assam","ID_2":57,"NAME_2":"Marigaon","NL_NAME_2":null,"VARNAME_2":null,"TYPE_2":"District","ENGTYPE_2":"District","STATE":"Assam","DISTRICT":"Marigaon"},"geometry":{"type":"Polygon","coordinates":[[[92.41379,26.517],[92.42956,26.49334],[92.44497,26.4745],[92.45354,26.45909],[92.45354,26.44197],[92.44669,26.42741],[92.44497,26.41457],[92.44497,26.40087],[92.45182,26.3846],[92.46467,26.37432],[92.48179,26.36833],[92.50063,26.37176],[92.52118,26.37946],[92.55115,26.38802],[92.56228,26.39231],[92.56741,26.38117],[92.56485,26.36148],[92.54943,26.34093],[92.54173,26.31182],[92.54002,26.29555],[92.51604,26.28784],[92.4972,26.28698],[92.45097,26.26387],[92.43983,26.23989],[92.44069,26.21335],[92.43983,26.19194],[92.42956,26.17225],[92.42699,26.15341],[92.41329,26.13971],[92.41088,26.13757],[92.38978,26.14252],[92.3862,26.14151],[92.38287,26.13757],[92.37742,26.13352],[92.37173,26.13253],[92.36861,26.12231],[92.35571,26.11203],[92.35076,26.10983],[92.34639,26.10965],[92.34375,26.10863],[92.34515,26.10469],[92.33112,26.09876],[92.32605,26.09811],[92.31821,26.09314],[92.31422,26.0886],[92.31228,26.08337],[92.31297,26.07717],[92.31226,26.07605],[92.31052,26.07647],[92.30936,26.07921],[92.30733,26.07973],[92.30206,26.07676],[92.30158,26.07649],[92.29967,26.07673],[92.29732,26.07915],[92.29598,26.07889],[92.29392,26.07779],[92.29005,26.07379],[92.29015,26.0728],[92.28806,26.06999],[92.28073,26.06919],[92.27369,26.06502],[92.27373,26.06589],[92.27232,26.0666],[92.26865,26.06795],[92.26569,26.0654],[92.25146,26.06436],[92.24117,26.06254],[92.22834,26.06764],[92.21835,26.07015],[92.21611,26.0693],[92.21356,26.06968],[92.21201,26.07097],[92.21043,26.0711],[92.20881,26.07066],[92.20934,26.06919],[92.20827,26.06857],[92.20182,26.07002],[92.18937,26.06688],[92.18835,26.06887],[92.1846,26.06919],[92.18233,26.07034],[92.18044,26.0685],[92.17889,26.06921],[92.18095,26.07618],[92.17831,26.07951],[92.1738,26.08331],[92.16816,26.09327],[92.16828,26.09506],[92.17212,26.10265],[92.16996,26.11701],[92.16869,26.1194],[92.16463,26.13516],[92.16284,26.14977],[92.16721,26.15863],[92.16814,26.16494],[92.16288,26.165],[92.15885,26.16783],[92.15635,26.1687],[92.15454,26.16784],[92.15395,26.16442],[92.15184,26.16276],[92.14722,26.16409],[92.13229,26.17502],[92.13128,26.17898],[92.12965,26.17997],[92.12269,26.17985],[92.11497,26.17747],[92.10856,26.17257],[92.09356,26.17738],[92.08157,26.17906],[92.08391,26.17969],[92.09177,26.18418],[92.09341,26.18624],[92.09211,26.18927],[92.09005,26.18996],[92.08401,26.18639],[92.08152,26.18713],[92.07735,26.19656],[92.07171,26.19781],[92.06328,26.19774],[92.06102,26.19862],[92.04608,26.2148],[92.04589,26.20561],[92.04362,26.20077],[92.04049,26.20082],[92.03834,26.20276],[92.03653,26.20619],[92.03206,26.20912],[92.0304,26.20924],[92.02827,26.2081],[92.02396,26.20193],[92.02,26.20284],[92.01455,26.20664],[92.0081,26.20582],[92.00577,26.20502],[92.00423,26.20357],[92.00285,26.20463],[91.99744,26.20583],[91.97624,26.21894],[91.96693,26.22597],[91.9594,26.22905],[91.9566,26.23278],[91.9557,26.23658],[91.95595,26.24009],[91.95768,26.24501],[91.95743,26.24916],[91.95339,26.25504],[91.98177,26.2762],[91.98946,26.27028],[91.99734,26.27297],[92.00237,26.275],[92.01071,26.28018],[92.0148,26.28128],[92.01785,26.27748],[92.02202,26.27419],[92.02625,26.27189],[92.03034,26.27122],[92.04304,26.27686],[92.04829,26.28222],[92.0561,26.2942],[92.06174,26.30465],[92.0628,26.30948],[92.06631,26.31234],[92.07024,26.31309],[92.07346,26.31572],[92.08359,26.33839],[92.0954,26.34178],[92.10126,26.34459],[92.10387,26.3545],[92.10618,26.35799],[92.10999,26.36034],[92.12453,26.37232],[92.12846,26.38146],[92.13348,26.38734],[92.14147,26.40003],[92.15382,26.41208],[92.16254,26.41839],[92.17889,26.4245],[92.18692,26.42504],[92.20184,26.42242],[92.20454,26.42089],[92.20641,26.41868],[92.21106,26.41643],[92.21495,26.4163],[92.21996,26.41838],[92.22706,26.42321],[92.23684,26.4322],[92.24103,26.44313],[92.24725,26.44921],[92.2548,26.45285],[92.2598,26.45339],[92.27145,26.45303],[92.27965,26.45549],[92.28877,26.46111],[92.29205,26.46419],[92.29828,26.47022],[92.30154,26.47421],[92.30304,26.47753],[92.31138,26.48563],[92.31512,26.48876],[92.32352,26.49271],[92.32781,26.49563],[92.34235,26.50296],[92.34393,26.5038],[92.34526,26.50747],[92.34806,26.50788],[92.35815,26.50657],[92.36311,26.50692],[92.38325,26.51869],[92.38549,26.51857],[92.38907,26.51607],[92.40211,26.51574],[92.41379,26.517]]]}},{"type":"Feature","properties":{"ID_0":105,"ISO":"IND","NAME_0":"India","ID_1":4,"NAME_1":"Assam","ID_2":58,"NAME_2":"Nagaon","NL_NAME_2":null,"VARNAME_2":"Nowgong","TYPE_2":"District","ENGTYPE_2":"District","STATE":"Assam","DISTRICT":"Nagaon"},"geometry":{"type":"Polygon","coordinates":[[[93.30288,26.58109],[93.29605,26.58103],[93.29008,26.57599],[93.28652,26.57397],[93.27517,26.57532],[93.26305,26.57027],[93.25795,26.57121],[93.25233,26.57088],[93.25034,26.56625],[93.23907,26.55788],[93.23811,26.55442],[93.23949,26.55193],[93.25187,26.55303],[93.25903,26.5533],[93.26058,26.55171],[93.25032,26.54785],[93.25162,26.5454],[93.25519,26.54616],[93.26431,26.54031],[93.26558,26.53613],[93.25894,26.53549],[93.25936,26.53326],[93.26734,26.5337],[93.27209,26.54333],[93.27478,26.54624],[93.27755,26.5448],[93.27734,26.53849],[93.27621,26.53381],[93.27084,26.53009],[93.27464,26.52551],[93.2794,26.52296],[93.28417,26.5238],[93.29062,26.52334],[93.29373,26.52024],[93.29613,26.51449],[93.29868,26.51097],[93.29813,26.50655],[93.29368,26.5052],[93.29227,26.50868],[93.29007,26.51122],[93.28673,26.51202],[93.28802,26.51463],[93.28783,26.51841],[93.28571,26.51929],[93.27808,26.5176],[93.27458,26.51501],[93.27625,26.50952],[93.26785,26.50862],[93.26809,26.51242],[93.27295,26.51561],[93.27443,26.52161],[93.25863,26.524],[93.25022,26.52355],[93.24781,26.53005],[93.24619,26.53135],[93.24615,26.53324],[93.23587,26.53797],[93.23206,26.5364],[93.22834,26.53811],[93.22263,26.53938],[93.22035,26.53062],[93.2137,26.53164],[93.21317,26.52939],[93.21667,26.52606],[93.21975,26.52526],[93.21942,26.52244],[93.21453,26.52389],[93.21273,26.52209],[93.21779,26.50996],[93.21442,26.50983],[93.20985,26.51238],[93.20991,26.51594],[93.20866,26.52063],[93.20535,26.52826],[93.20042,26.53659],[93.19592,26.53822],[93.19044,26.53352],[93.18497,26.53231],[93.1651,26.52434],[93.16229,26.52704],[93.1761,26.53324],[93.1786,26.53593],[93.18247,26.53732],[93.18509,26.54116],[93.1895,26.54338],[93.19376,26.54449],[93.19756,26.54297],[93.20108,26.5455],[93.20531,26.5507],[93.20947,26.55394],[93.21227,26.55876],[93.20732,26.56411],[93.19868,26.56843],[93.18754,26.57015],[93.17058,26.55614],[93.15636,26.55016],[93.1524,26.55203],[93.14863,26.55804],[93.14445,26.55635],[93.13811,26.54991],[93.13639,26.54332],[93.13196,26.54133],[93.12323,26.54047],[93.11964,26.53867],[93.12232,26.53494],[93.1193,26.53166],[93.10601,26.53346],[93.10346,26.5365],[93.105,26.54026],[93.10316,26.54184],[93.09676,26.5428],[93.09167,26.54592],[93.0869,26.54428],[93.07751,26.54543],[93.07135,26.54399],[93.06202,26.54424],[93.04523,26.53791],[93.04635,26.53238],[93.0507,26.52894],[93.04573,26.52835],[93.04047,26.51978],[93.03463,26.51536],[93.01361,26.50658],[93.01266,26.49973],[93.00705,26.4962],[93.01049,26.48969],[93.01071,26.48459],[93.01559,26.48017],[93.02089,26.47998],[93.02367,26.48185],[93.03043,26.4839],[93.04037,26.48818],[93.04574,26.48863],[93.04868,26.49039],[93.06403,26.49189],[93.07035,26.49183],[93.07052,26.4959],[93.06818,26.49878],[93.06863,26.50194],[93.07008,26.50289],[93.07321,26.49888],[93.07432,26.49495],[93.07748,26.49684],[93.08074,26.49611],[93.09148,26.50262],[93.09407,26.4993],[93.08571,26.49604],[93.08129,26.49027],[93.06728,26.48548],[93.06624,26.48007],[93.07414,26.4801],[93.07748,26.47891],[93.07735,26.47552],[93.07864,26.47211],[93.08148,26.4736],[93.09192,26.47088],[93.09358,26.46746],[93.09094,26.46507],[93.0914,26.4617],[93.09434,26.46169],[93.10046,26.46515],[93.10427,26.46252],[93.10519,26.46432],[93.10484,26.46649],[93.10628,26.46824],[93.10886,26.46955],[93.10825,26.47143],[93.10572,26.47344],[93.10078,26.475],[93.10395,26.47651],[93.10674,26.47685],[93.10704,26.47891],[93.11175,26.48205],[93.11543,26.4866],[93.11866,26.4873],[93.12035,26.48251],[93.12268,26.48445],[93.12334,26.48671],[93.11978,26.49661],[93.12687,26.49979],[93.12798,26.4977],[93.12477,26.49505],[93.13079,26.49053],[93.13371,26.49196],[93.12928,26.48695],[93.13093,26.48318],[93.1386,26.4896],[93.13891,26.48662],[93.13341,26.47979],[93.11388,26.47459],[93.11308,26.47221],[93.11738,26.47104],[93.12383,26.47089],[93.12995,26.46706],[93.12762,26.4658],[93.12679,26.46286],[93.12434,26.46367],[93.12221,26.46057],[93.10798,26.45187],[93.10942,26.44939],[93.11247,26.45007],[93.11402,26.44884],[93.11223,26.44686],[93.11257,26.44474],[93.11492,26.44507],[93.11733,26.44323],[93.1099,26.44086],[93.1007,26.43489],[93.10001,26.43762],[93.10212,26.44029],[93.10761,26.44367],[93.10785,26.44534],[93.10191,26.44912],[93.09795,26.44618],[93.08923,26.44166],[93.07478,26.43638],[93.07159,26.43352],[93.07347,26.43194],[93.07946,26.43152],[93.09175,26.43683],[93.09608,26.43715],[93.09463,26.43534],[93.08906,26.43392],[93.07671,26.4231],[93.07122,26.42273],[93.07123,26.42555],[93.06961,26.42644],[93.06625,26.41916],[93.06051,26.41916],[93.05449,26.41743],[93.05093,26.41719],[93.04992,26.4198],[93.05048,26.42343],[93.05473,26.42196],[93.05585,26.42382],[93.05527,26.42678],[93.0528,26.4365],[93.04774,26.43705],[93.04565,26.44],[93.03098,26.42661],[93.02314,26.42393],[93.01715,26.4234],[93.00461,26.42823],[92.99826,26.42558],[92.99316,26.42259],[92.98589,26.42078],[92.98141,26.42364],[92.97965,26.42377],[92.97663,26.42204],[92.97217,26.41797],[92.96896,26.41663],[92.96526,26.41668],[92.96387,26.41601],[92.96075,26.41152],[92.95184,26.40604],[92.95161,26.40005],[92.95049,26.39876],[92.94483,26.40227],[92.94287,26.40436],[92.9407,26.40433],[92.92712,26.40046],[92.92085,26.39701],[92.91302,26.39471],[92.9128,26.39828],[92.91153,26.39854],[92.90733,26.39581],[92.90568,26.40153],[92.90351,26.40161],[92.8978,26.39055],[92.89637,26.38919],[92.89351,26.39195],[92.89175,26.39151],[92.89023,26.38682],[92.88429,26.38416],[92.88358,26.38173],[92.88511,26.38164],[92.89061,26.38313],[92.89417,26.38522],[92.90449,26.3851],[92.90796,26.38079],[92.91792,26.38163],[92.92013,26.38242],[92.92155,26.38458],[92.92449,26.38424],[92.92723,26.3828],[92.92503,26.3797],[92.91978,26.37579],[92.91872,26.37047],[92.91351,26.36472],[92.91238,26.36193],[92.91243,26.35968],[92.91331,26.35775],[92.91467,26.35691],[92.91669,26.35667],[92.92391,26.35791],[92.93013,26.35636],[92.93323,26.35436],[92.93585,26.35377],[92.93837,26.35435],[92.94177,26.35327],[92.94358,26.34461],[92.94601,26.33844],[92.9425,26.32915],[92.94019,26.32685],[92.93568,26.32468],[92.92148,26.31558],[92.9202,26.31574],[92.91812,26.31823],[92.91532,26.31805],[92.90959,26.31574],[92.90026,26.31014],[92.89714,26.3076],[92.89439,26.30398],[92.89587,26.30222],[92.89652,26.29855],[92.89419,26.29308],[92.89251,26.29172],[92.88277,26.28795],[92.87985,26.28807],[92.87156,26.29239],[92.86179,26.29627],[92.85701,26.29917],[92.85505,26.30149],[92.85622,26.30307],[92.85484,26.30465],[92.85229,26.30465],[92.84857,26.30665],[92.8435,26.29865],[92.84167,26.28796],[92.83976,26.28285],[92.83029,26.27304],[92.82619,26.27369],[92.82311,26.27317],[92.82276,26.267],[92.82028,26.26753],[92.8197,26.26515],[92.81993,26.26135],[92.81671,26.24072],[92.81766,26.2362],[92.82626,26.23269],[92.82767,26.22944],[92.8275,26.22592],[92.81927,26.21745],[92.81404,26.21867],[92.8106,26.21841],[92.80602,26.22097],[92.79797,26.22385],[92.79576,26.2086],[92.8017,26.20446],[92.80605,26.20594],[92.82287,26.20861],[92.82774,26.20709],[92.84238,26.2081],[92.85009,26.20388],[92.86091,26.20475],[92.87096,26.20691],[92.88293,26.21084],[92.88675,26.21023],[92.9,26.2056],[92.90938,26.20407],[92.92273,26.20584],[92.92762,26.20577],[92.93205,26.2034],[92.93986,26.20395],[92.94292,26.20332],[92.94644,26.19988],[92.94825,26.19577],[92.95396,26.19025],[92.95485,26.18784],[92.9547,26.18415],[92.95692,26.17597],[92.95632,26.17204],[92.95399,26.1683],[92.94932,26.16475],[92.94889,26.16141],[92.94428,26.15785],[92.94253,26.15466],[92.93521,26.15295],[92.93373,26.15147],[92.93397,26.14906],[92.9314,26.14756],[92.93289,26.14362],[92.93635,26.14081],[92.94252,26.1399],[92.94469,26.13874],[92.95396,26.14141],[92.95889,26.14139],[92.96906,26.13112],[92.97073,26.13075],[92.97311,26.13201],[92.98209,26.13],[92.99367,26.12479],[92.9987,26.12338],[93.00053,26.12005],[93.00278,26.11793],[93.00621,26.11751],[93.01051,26.11387],[93.01492,26.11451],[93.01522,26.11549],[93.02055,26.11389],[93.02231,26.11442],[93.02295,26.1104],[93.02924,26.10702],[93.03608,26.10968],[93.03773,26.10925],[93.038,26.10779],[93.03608,26.1055],[93.03661,26.10345],[93.03978,26.09917],[93.03865,26.09518],[93.03887,26.09276],[93.04483,26.08871],[93.04957,26.08994],[93.05122,26.08953],[93.0519,26.0879],[93.05363,26.08818],[93.0578,26.09092],[93.058,26.08876],[93.06268,26.08402],[93.06525,26.085],[93.0695,26.08268],[93.06983,26.08533],[93.07288,26.08494],[93.07329,26.08712],[93.07726,26.08601],[93.07909,26.08221],[93.08292,26.08125],[93.08187,26.08382],[93.08492,26.08663],[93.08581,26.08666],[93.08552,26.08279],[93.0876,26.08026],[93.09221,26.08196],[93.0928,26.08088],[93.09055,26.07848],[93.0914,26.07735],[93.09683,26.07968],[93.0997,26.0798],[93.10321,26.07884],[93.10444,26.07737],[93.10724,26.07787],[93.1072,26.07299],[93.09546,26.03486],[93.10896,26.03762],[93.11857,26.0374],[93.12438,26.03428],[93.12807,26.03049],[93.13062,26.0256],[93.14204,26.02028],[93.14468,26.01665],[93.14637,26.00982],[93.1524,26.00342],[93.1539,25.99781],[93.1561,25.9952],[93.15931,25.99345],[93.15759,25.98331],[93.16109,25.97783],[93.16196,25.97042],[93.16115,25.96885],[93.16265,25.96519],[93.16644,25.95908],[93.16898,25.95727],[93.17254,25.95686],[93.17436,25.95296],[93.174,25.94807],[93.1776,25.9434],[93.18723,25.90538],[93.1911,25.90001],[93.1996,25.8939],[93.20705,25.88634],[93.21489,25.87757],[93.21751,25.8726],[93.22289,25.86628],[93.23618,25.85627],[93.23811,25.84955],[93.24471,25.83997],[93.24648,25.83406],[93.24578,25.82934],[93.24732,25.82222],[93.24562,25.81777],[93.2479,25.81268],[93.25083,25.81088],[93.25034,25.8054],[93.25117,25.80001],[93.24905,25.79266],[93.2516,25.78994],[93.25011,25.78456],[93.24829,25.78167],[93.2412,25.77324],[93.24087,25.76932],[93.2347,25.76717],[93.23338,25.76175],[93.23458,25.75607],[93.23421,25.75065],[93.22771,25.73458],[93.22255,25.72847],[93.20943,25.73136],[93.18455,25.73265],[93.17715,25.72807],[93.16949,25.72003],[93.14462,25.71603],[93.14576,25.72208],[93.14835,25.72596],[93.14997,25.73265],[93.15055,25.74064],[93.14738,25.74049],[93.13271,25.75017],[93.12977,25.75317],[93.13177,25.75905],[93.13099,25.76427],[93.12839,25.76565],[93.12441,25.76552],[93.10986,25.77387],[93.10836,25.77723],[93.10237,25.77589],[93.09944,25.77715],[93.08746,25.77459],[93.08086,25.76616],[93.07493,25.76968],[93.07049,25.76985],[93.06924,25.77338],[93.07096,25.77675],[93.07193,25.77754],[93.07415,25.77938],[93.07751,25.77972],[93.07731,25.78467],[93.0628,25.78667],[93.0569,25.79166],[93.04829,25.79753],[93.03404,25.81128],[93.02732,25.81905],[93.02231,25.82758],[93.01588,25.83477],[93.01211,25.84195],[93.01114,25.84878],[92.99908,25.85686],[92.99804,25.85871],[92.99585,25.8633],[92.98626,25.87793],[92.98226,25.8772],[92.96508,25.87726],[92.93049,25.87158],[92.9103,25.86994],[92.90367,25.86855],[92.89407,25.86811],[92.88963,25.86968],[92.88809,25.87215],[92.87583,25.86943],[92.87382,25.86976],[92.87102,25.86903],[92.87086,25.87197],[92.86856,25.87563],[92.86642,25.88154],[92.8609,25.88603],[92.8566,25.89145],[92.85151,25.9024],[92.8484,25.90727],[92.8581,25.9244],[92.85398,25.9258],[92.85047,25.92553],[92.84455,25.9204],[92.83657,25.91583],[92.82918,25.92013],[92.82283,25.92496],[92.81947,25.92566],[92.81262,25.92381],[92.80921,25.92055],[92.804,25.92113],[92.80183,25.92381],[92.79903,25.93132],[92.79309,25.93887],[92.79348,25.94133],[92.79682,25.94414],[92.79723,25.95658],[92.80083,25.95771],[92.80824,25.95646],[92.80873,25.95676],[92.80816,25.95969],[92.80524,25.96276],[92.79889,25.9655],[92.79101,25.96134],[92.78442,25.95465],[92.78144,25.95289],[92.77891,25.95207],[92.77518,25.95237],[92.76981,25.95519],[92.76441,25.96423],[92.76394,25.96646],[92.7688,25.97883],[92.76725,25.98417],[92.76759,25.98682],[92.77119,25.9906],[92.77102,25.99163],[92.76712,25.99182],[92.76345,25.99039],[92.76263,25.99246],[92.76681,25.99555],[92.77579,25.99617],[92.7794,25.99909],[92.77843,26.00109],[92.77657,26.00188],[92.77399,26.00214],[92.76428,26.0003],[92.76186,26.00126],[92.76088,26.00299],[92.76176,26.00651],[92.76379,26.00799],[92.76615,26.00889],[92.78217,26.01051],[92.78345,26.01185],[92.78265,26.01415],[92.77878,26.01694],[92.77221,26.01813],[92.76046,26.01707],[92.75892,26.01882],[92.75965,26.02292],[92.76336,26.02778],[92.76416,26.03253],[92.75979,26.03577],[92.7588,26.03897],[92.75062,26.04069],[92.74803,26.04265],[92.74931,26.04568],[92.75269,26.04892],[92.75527,26.05485],[92.75264,26.05888],[92.75125,26.0634],[92.71908,26.05976],[92.71796,26.05894],[92.71303,26.05134],[92.71145,26.04537],[92.7126,26.04038],[92.71654,26.03788],[92.71761,26.03335],[92.71455,26.02971],[92.71596,26.02594],[92.7159,26.0237],[92.71256,26.02041],[92.71001,26.02172],[92.70863,26.02048],[92.70654,26.02274],[92.70255,26.02063],[92.69856,26.02245],[92.69735,26.02254],[92.69506,26.02122],[92.69222,26.02316],[92.69109,26.02488],[92.68707,26.02548],[92.68575,26.02781],[92.68305,26.02901],[92.68231,26.02831],[92.68268,26.02682],[92.67934,26.02795],[92.67561,26.02683],[92.6749,26.02827],[92.66939,26.03027],[92.66407,26.02554],[92.65769,26.02211],[92.65714,26.02146],[92.6589,26.01747],[92.6582,26.01319],[92.66021,26.00841],[92.65863,26.00538],[92.65853,26.00299],[92.65698,26.00086],[92.64613,26.0001],[92.64058,25.99889],[92.63625,25.99412],[92.6357,25.99123],[92.63104,25.99027],[92.62737,25.98733],[92.6226,25.98659],[92.61398,25.97964],[92.60682,25.97702],[92.60522,25.9778],[92.5994,25.97772],[92.59226,25.96665],[92.58826,25.96626],[92.57998,25.96691],[92.57704,25.96583],[92.57497,25.96333],[92.57178,25.96283],[92.5588,25.96613],[92.5507,25.97225],[92.55581,25.97859],[92.56347,25.99145],[92.57137,26.00294],[92.57141,26.00565],[92.56968,26.00653],[92.56811,26.00863],[92.57127,26.01388],[92.57843,26.01859],[92.5839,26.0201],[92.59323,26.024],[92.59408,26.02788],[92.59006,26.02952],[92.58662,26.02967],[92.58299,26.03218],[92.58165,26.03687],[92.58469,26.04444],[92.58576,26.05586],[92.58775,26.06005],[92.59638,26.07056],[92.59765,26.07825],[92.59167,26.08589],[92.58963,26.0862],[92.58194,26.09155],[92.57728,26.09628],[92.57655,26.09776],[92.57732,26.09997],[92.57748,26.11206],[92.57416,26.11584],[92.56663,26.11717],[92.55869,26.11532],[92.55482,26.11535],[92.54591,26.10967],[92.54554,26.10684],[92.54192,26.10423],[92.53864,26.09965],[92.53438,26.09766],[92.53214,26.10255],[92.52498,26.10274],[92.52166,26.10368],[92.52037,26.10648],[92.52055,26.11571],[92.52278,26.12239],[92.52203,26.12641],[92.52262,26.12814],[92.52378,26.12937],[92.52436,26.13424],[92.5282,26.14199],[92.52881,26.14488],[92.52625,26.15006],[92.5211,26.15212],[92.51524,26.14692],[92.50957,26.1431],[92.50744,26.1446],[92.50497,26.1483],[92.50072,26.1505],[92.49817,26.15084],[92.49182,26.15098],[92.48568,26.14866],[92.47655,26.1436],[92.47565,26.14381],[92.47478,26.14754],[92.47311,26.14847],[92.46932,26.14821],[92.46649,26.14476],[92.45962,26.13921],[92.45836,26.13643],[92.45541,26.13688],[92.45241,26.136],[92.44598,26.12784],[92.44238,26.12551],[92.44216,26.12379],[92.43481,26.12337],[92.43309,26.12178],[92.43289,26.11716],[92.42999,26.11219],[92.41999,26.12037],[92.40415,26.11959],[92.40405,26.12097],[92.40629,26.12425],[92.40565,26.12694],[92.41087,26.13098],[92.4131,26.13519],[92.41163,26.13739],[92.41088,26.13757],[92.41329,26.13971],[92.42699,26.15341],[92.42956,26.17225],[92.43983,26.19194],[92.44069,26.21335],[92.43983,26.23989],[92.45097,26.26387],[92.4972,26.28698],[92.51604,26.28784],[92.54002,26.29555],[92.54173,26.31182],[92.54943,26.34093],[92.56485,26.36148],[92.56741,26.38117],[92.56228,26.39231],[92.55115,26.38802],[92.52118,26.37946],[92.50063,26.37176],[92.48179,26.36833],[92.46467,26.37432],[92.45182,26.3846],[92.44497,26.40087],[92.44497,26.41457],[92.44669,26.42741],[92.45354,26.44197],[92.45354,26.45909],[92.44497,26.4745],[92.42956,26.49334],[92.41379,26.517],[92.41716,26.51737],[92.43576,26.52132],[92.44196,26.52193],[92.44575,26.52172],[92.45108,26.52024],[92.45283,26.51676],[92.45387,26.50913],[92.45758,26.50432],[92.46098,26.50129],[92.46472,26.4993],[92.47299,26.4972],[92.47969,26.49839],[92.48653,26.50218],[92.49252,26.50438],[92.50993,26.50871],[92.52663,26.51105],[92.53441,26.51076],[92.54493,26.50789],[92.55641,26.50684],[92.56461,26.50472],[92.56701,26.50316],[92.57871,26.50192],[92.60397,26.51044],[92.6181,26.51336],[92.6335,26.51813],[92.63957,26.5193],[92.65466,26.51987],[92.66394,26.52221],[92.6683,26.52109],[92.67263,26.51877],[92.68206,26.51124],[92.68557,26.51064],[92.68948,26.51269],[92.70326,26.52773],[92.71007,26.53266],[92.71502,26.53536],[92.72483,26.53724],[92.726,26.53663],[92.72678,26.5341],[92.72703,26.52462],[92.72795,26.52285],[92.73398,26.51918],[92.74015,26.51673],[92.74733,26.51452],[92.75355,26.51385],[92.75591,26.51551],[92.7576,26.52125],[92.75751,26.52707],[92.75989,26.53115],[92.76311,26.53398],[92.76531,26.54088],[92.76668,26.54937],[92.77151,26.55834],[92.7924,26.55929],[92.79765,26.55977],[92.8,26.56068],[92.82375,26.57713],[92.83363,26.58257],[92.84051,26.58537],[92.85006,26.58741],[92.85702,26.58692],[92.86214,26.5853],[92.86911,26.58447],[92.87215,26.58539],[92.87804,26.58972],[92.88889,26.59553],[92.89458,26.59772],[92.90928,26.59612],[92.91737,26.59819],[92.92227,26.60041],[92.93443,26.61437],[92.93866,26.61778],[92.94224,26.61942],[92.95159,26.62076],[92.96369,26.62066],[92.98211,26.61739],[92.98874,26.61557],[92.99202,26.61142],[92.99796,26.60561],[93.00711,26.60064],[93.01908,26.59889],[93.03972,26.59655],[93.05532,26.59731],[93.06612,26.59646],[93.07249,26.59705],[93.08375,26.59168],[93.09402,26.58464],[93.10556,26.57828],[93.11368,26.57704],[93.12263,26.57998],[93.13361,26.58685],[93.1603,26.6014],[93.17191,26.61231],[93.1782,26.61467],[93.19391,26.61796],[93.21639,26.62815],[93.22334,26.63708],[93.22942,26.64724],[93.23328,26.66829],[93.23767,26.67705],[93.24506,26.68637],[93.25135,26.68804],[93.26471,26.68437],[93.27402,26.6853],[93.28861,26.68986],[93.29041,26.69782],[93.29668,26.70109],[93.30238,26.70004],[93.30746,26.70086],[93.3091,26.69423],[93.31714,26.68817],[93.31725,26.68369],[93.31998,26.6816],[93.31766,26.67812],[93.3099,26.67155],[93.31128,26.66595],[93.3207,26.65979],[93.3198,26.65191],[93.3149,26.64292],[93.30966,26.63939],[93.29095,26.63977],[93.2867,26.63769],[93.2944,26.61949],[93.30072,26.60765],[93.29647,26.59489],[93.29435,26.59124],[93.29484,26.58889],[93.30482,26.58342],[93.30288,26.58109]]]}},{"type":"Feature","properties":{"ID_0":105,"ISO":"IND","NAME_0":"India","ID_1":4,"NAME_1":"Assam","ID_2":59,"NAME_2":"Nalbari","NL_NAME_2":null,"VARNAME_2":null,"TYPE_2":"District","ENGTYPE_2":"District","STATE":"Assam","DISTRICT":"Nalbari"},"geometry":{"type":"Polygon","coordinates":[[[91.7042,26.81186],[91.70721,26.79755],[91.70093,26.797],[91.69646,26.77015],[91.69794,26.75455],[91.69692,26.74438],[91.69534,26.70405],[91.67847,26.65366],[91.67041,26.64507],[91.66901,26.63542],[91.66923,26.62248],[91.67267,26.61318],[91.66875,26.60679],[91.66714,26.6002],[91.67137,26.56018],[91.67,26.52472],[91.64999,26.5142],[91.63626,26.50487],[91.61301,26.48707],[91.61012,26.4893],[91.60892,26.50099],[91.60977,26.55164],[91.60868,26.56551],[91.60645,26.57024],[91.6034,26.57149],[91.60011,26.56917],[91.60206,26.56385],[91.60252,26.55873],[91.59992,26.5545],[91.58747,26.55603],[91.58436,26.55296],[91.58611,26.5408],[91.58142,26.53786],[91.58115,26.53194],[91.57822,26.52709],[91.57269,26.52427],[91.56794,26.523],[91.56296,26.52271],[91.55841,26.52127],[91.55569,26.51492],[91.5591,26.50108],[91.56049,26.48439],[91.55616,26.48035],[91.55144,26.47138],[91.55356,26.45641],[91.55968,26.44495],[91.56173,26.43774],[91.56361,26.4341],[91.5614,26.42526],[91.55843,26.42283],[91.55843,26.41731],[91.55131,26.41531],[91.547,26.4176],[91.54119,26.41743],[91.53943,26.41475],[91.54269,26.41011],[91.5435,26.4074],[91.5401,26.40151],[91.53267,26.39394],[91.53286,26.38951],[91.52464,26.37885],[91.52554,26.37493],[91.53204,26.37417],[91.53532,26.37154],[91.53163,26.36716],[91.52557,26.36239],[91.52174,26.35628],[91.51884,26.34947],[91.51818,26.34327],[91.5205,26.3395],[91.5263,26.33789],[91.5312,26.33738],[91.53333,26.33447],[91.52822,26.33326],[91.5248,26.33071],[91.51684,26.32816],[91.5108,26.32816],[91.50716,26.32704],[91.50486,26.32265],[91.50079,26.32263],[91.4964,26.32388],[91.49105,26.31986],[91.477,26.31869],[91.45597,26.31889],[91.4471,26.31375],[91.44798,26.31225],[91.45499,26.31195],[91.45092,26.30826],[91.44896,26.30391],[91.44863,26.29131],[91.45046,26.27346],[91.44129,26.2635],[91.43749,26.2606],[91.42391,26.26505],[91.41727,26.2658],[91.41225,26.26143],[91.41006,26.253],[91.4126,26.24594],[91.41698,26.24424],[91.42353,26.24429],[91.42799,26.24344],[91.43026,26.24176],[91.4306,26.23801],[91.42454,26.23698],[91.42257,26.23383],[91.42027,26.22747],[91.41975,26.21499],[91.41829,26.21041],[91.41582,26.20497],[91.41179,26.20357],[91.41228,26.19822],[91.41612,26.18703],[91.4185,26.18263],[91.41914,26.17308],[91.41876,26.16698],[91.41286,26.13708],[91.40638,26.13829],[91.39683,26.13748],[91.39074,26.14005],[91.36903,26.15741],[91.35554,26.16518],[91.35242,26.16568],[91.34814,26.16381],[91.34285,26.16354],[91.33887,26.16604],[91.33537,26.16613],[91.33016,26.16273],[91.31837,26.1614],[91.30787,26.16155],[91.30302,26.16063],[91.29655,26.15826],[91.28568,26.15894],[91.25432,26.16389],[91.24648,26.16877],[91.22935,26.17773],[91.2335,26.18287],[91.23895,26.18145],[91.2406,26.19253],[91.24832,26.19983],[91.24155,26.20414],[91.23493,26.21254],[91.22814,26.21541],[91.21886,26.21653],[91.21463,26.22146],[91.21877,26.22562],[91.22118,26.23261],[91.22626,26.24195],[91.23788,26.25219],[91.23928,26.25725],[91.23656,26.26183],[91.23328,26.26288],[91.22461,26.26283],[91.21848,26.26117],[91.21754,26.2655],[91.21523,26.26856],[91.22689,26.28145],[91.23733,26.27791],[91.25069,26.28325],[91.25737,26.28763],[91.26048,26.29128],[91.25222,26.29596],[91.25047,26.29976],[91.25362,26.3022],[91.2607,26.3029],[91.25878,26.30734],[91.255,26.31145],[91.2583,26.31672],[91.26264,26.31605],[91.26952,26.32818],[91.26617,26.33678],[91.26862,26.34049],[91.27577,26.34152],[91.27546,26.34837],[91.27713,26.35514],[91.27378,26.35781],[91.2707,26.36221],[91.27276,26.36542],[91.27925,26.37052],[91.27814,26.37307],[91.2615,26.36839],[91.24764,26.36783],[91.24752,26.37352],[91.24506,26.37711],[91.24128,26.3795],[91.23904,26.38228],[91.23985,26.38676],[91.23656,26.38921],[91.23406,26.39279],[91.23512,26.39739],[91.23844,26.4038],[91.23634,26.4171],[91.23181,26.42456],[91.23212,26.44036],[91.23743,26.44941],[91.23775,26.45573],[91.25069,26.46746],[91.26553,26.48781],[91.26585,26.49372],[91.26231,26.49865],[91.25784,26.50386],[91.24703,26.51039],[91.24846,26.51786],[91.24866,26.52677],[91.24991,26.53522],[91.25358,26.53811],[91.25489,26.54155],[91.2599,26.54256],[91.2617,26.54424],[91.26566,26.54376],[91.26474,26.54739],[91.26787,26.54742],[91.2674,26.55178],[91.27263,26.55151],[91.28113,26.55782],[91.29051,26.56285],[91.29055,26.56705],[91.29346,26.56995],[91.2919,26.57254],[91.29038,26.58073],[91.24589,26.58521],[91.23875,26.58874],[91.24057,26.59222],[91.2451,26.59173],[91.2515,26.59269],[91.25509,26.59813],[91.26401,26.62065],[91.23874,26.61363],[91.23737,26.61738],[91.23779,26.62117],[91.24415,26.62331],[91.2447,26.62727],[91.24283,26.63217],[91.24341,26.64429],[91.25652,26.6585],[91.26591,26.66473],[91.27798,26.66635],[91.28805,26.68196],[91.29245,26.70613],[91.29761,26.72567],[91.29771,26.73127],[91.29981,26.73681],[91.29761,26.74805],[91.29152,26.74695],[91.29557,26.76451],[91.29607,26.77624],[91.29432,26.78194],[91.29505,26.78516],[91.30999,26.78333],[91.32745,26.78045],[91.33632,26.77965],[91.34124,26.78178],[91.35964,26.78948],[91.37273,26.7962],[91.37962,26.8015],[91.38475,26.80933],[91.38985,26.8175],[91.39796,26.82986],[91.40175,26.83468],[91.40211,26.83514],[91.40835,26.83556],[91.41138,26.83363],[91.42045,26.82784],[91.43661,26.81726],[91.44157,26.81506],[91.44755,26.81187],[91.45455,26.80779],[91.46777,26.798],[91.47824,26.79179],[91.49277,26.78976],[91.51095,26.79283],[91.53094,26.79582],[91.5602,26.79989],[91.59077,26.80477],[91.60028,26.80857],[91.60265,26.81021],[91.61217,26.81679],[91.6238,26.82132],[91.63237,26.82086],[91.65359,26.81509],[91.67928,26.80475],[91.68725,26.80509],[91.69725,26.81185],[91.70217,26.81181],[91.7042,26.81186]]]}},{"type":"Feature","properties":{"ID_0":105,"ISO":"IND","NAME_0":"India","ID_1":4,"NAME_1":"Assam","ID_2":60,"NAME_2":"North Cachar Hills","NL_NAME_2":null,"VARNAME_2":null,"TYPE_2":"District","ENGTYPE_2":"District","STATE":"Assam","DISTRICT":"North Cachar Hills"},"geometry":{"type":"Polygon","coordinates":[[[93.14462,25.71603],[93.14131,25.71328],[93.13885,25.70927],[93.13801,25.70513],[93.13864,25.69707],[93.13755,25.69333],[93.13289,25.68687],[93.13692,25.67956],[93.13866,25.67198],[93.14259,25.66703],[93.14603,25.66419],[93.16494,25.66364],[93.17086,25.66186],[93.17468,25.65472],[93.17368,25.65265],[93.17618,25.65089],[93.17992,25.64588],[93.18406,25.64213],[93.19096,25.63215],[93.19164,25.62852],[93.18172,25.6196],[93.18048,25.6174],[93.17984,25.61273],[93.18073,25.60819],[93.18044,25.60541],[93.17255,25.60113],[93.17277,25.59853],[93.18151,25.59192],[93.18449,25.5866],[93.18918,25.58546],[93.19294,25.57278],[93.19717,25.56823],[93.20036,25.56672],[93.20238,25.56663],[93.20236,25.56318],[93.20049,25.56033],[93.20235,25.55863],[93.2055,25.5589],[93.20862,25.55692],[93.21254,25.54731],[93.21469,25.54636],[93.21658,25.54804],[93.21797,25.55186],[93.22322,25.55175],[93.23187,25.54755],[93.23654,25.54733],[93.24297,25.54861],[93.25242,25.54924],[93.26166,25.5482],[93.26512,25.54859],[93.26803,25.54478],[93.26795,25.53994],[93.271,25.53393],[93.27759,25.53229],[93.28987,25.54348],[93.29778,25.5482],[93.30331,25.53514],[93.30688,25.53206],[93.31181,25.53201],[93.32252,25.53323],[93.32558,25.53614],[93.33174,25.54681],[93.33575,25.54541],[93.34039,25.53729],[93.34458,25.53608],[93.34923,25.53833],[93.35234,25.53757],[93.35017,25.53367],[93.35418,25.53119],[93.35757,25.52767],[93.36005,25.52032],[93.36472,25.51617],[93.36682,25.51287],[93.36502,25.51014],[93.3669,25.50787],[93.37115,25.50515],[93.37182,25.50113],[93.38304,25.49757],[93.38637,25.49335],[93.3871,25.49031],[93.3905,25.48563],[93.39131,25.48143],[93.39104,25.47804],[93.39191,25.4742],[93.39042,25.46917],[93.39592,25.46412],[93.40292,25.45918],[93.41711,25.45279],[93.42202,25.4548],[93.42751,25.45526],[93.43496,25.45477],[93.4436,25.45061],[93.45687,25.44195],[93.46187,25.4347],[93.46515,25.4234],[93.46541,25.41587],[93.46326,25.41096],[93.46719,25.40306],[93.47394,25.39311],[93.47729,25.38601],[93.47822,25.37988],[93.46626,25.36173],[93.46232,25.35887],[93.45374,25.34812],[93.45189,25.34419],[93.45791,25.34092],[93.46194,25.33659],[93.45797,25.33005],[93.4567,25.32526],[93.46313,25.31986],[93.46798,25.31381],[93.47402,25.30928],[93.46559,25.29905],[93.45997,25.29473],[93.45197,25.29475],[93.44482,25.29231],[93.43864,25.28655],[93.42643,25.28106],[93.42332,25.27791],[93.42331,25.27216],[93.42071,25.26626],[93.41206,25.26345],[93.40634,25.26408],[93.40357,25.26307],[93.39459,25.2503],[93.38872,25.24592],[93.3871,25.24239],[93.38763,25.23204],[93.38551,25.22856],[93.3848,25.22573],[93.38199,25.22387],[93.3795,25.22079],[93.37809,25.2161],[93.36958,25.20806],[93.37057,25.20359],[93.36854,25.20005],[93.36222,25.19561],[93.36082,25.19196],[93.35307,25.1818],[93.34915,25.16673],[93.34736,25.16389],[93.34884,25.15717],[93.34856,25.15349],[93.35101,25.14454],[93.34686,25.1377],[93.3489,25.13479],[93.34608,25.12987],[93.34705,25.12746],[93.34921,25.12541],[93.34644,25.12509],[93.34436,25.12133],[93.34435,25.11615],[93.34046,25.11442],[93.33917,25.10641],[93.33578,25.09584],[93.32951,25.0945],[93.32363,25.09167],[93.32234,25.08838],[93.31272,25.07796],[93.31079,25.07263],[93.30879,25.07059],[93.30608,25.06442],[93.30893,25.05852],[93.30425,25.05603],[93.3046,25.04799],[93.30246,25.04819],[93.30241,25.05194],[93.30009,25.0526],[93.29934,25.05046],[93.29698,25.04767],[93.29189,25.04709],[93.28687,25.0468],[93.28449,25.05155],[93.26818,25.04968],[93.2678,25.04881],[93.26946,25.04659],[93.26836,25.04409],[93.26292,25.04184],[93.26392,25.03891],[93.26381,25.03592],[93.25985,25.03207],[93.25561,25.02868],[93.25837,25.0252],[93.25779,25.02174],[93.25383,25.02135],[93.24884,25.0188],[93.25172,25.01602],[93.24916,25.01316],[93.2467,25.00417],[93.24695,25.00363],[93.24747,25.00328],[93.24808,25.00303],[93.24869,25.0029],[93.24936,25.00287],[93.25,25.00295],[93.25064,25.00316],[93.25121,25.00348],[93.25182,25.00418],[93.25348,25.00637],[93.25521,25.00421],[93.25533,25.00364],[93.25581,25.00326],[93.25646,25.00311],[93.2571,25.00319],[93.25768,25.0035],[93.258,25.00421],[93.2599,25.00645],[93.26245,25.00603],[93.26332,25.00424],[93.26144,25.00092],[93.25711,25.00094],[93.25568,25.0022],[93.25562,24.99971],[93.25706,24.99847],[93.25696,24.99602],[93.25526,24.9924],[93.25202,24.98881],[93.25326,24.98637],[93.25302,24.98266],[93.25153,24.98142],[93.25433,24.97892],[93.25288,24.97515],[93.24728,24.97097],[93.24446,24.97095],[93.24443,24.97346],[93.24303,24.97598],[93.24026,24.97597],[93.23893,24.97972],[93.23753,24.97971],[93.23613,24.97721],[93.23475,24.9772],[93.22927,24.97972],[93.23355,24.98596],[93.23218,24.98721],[93.22944,24.98847],[93.22525,24.98724],[93.22386,24.9885],[93.2197,24.98978],[93.2169,24.9898],[93.21406,24.98605],[93.20705,24.98357],[93.2014,24.98609],[93.19856,24.98861],[93.19999,24.99112],[93.19857,24.99363],[93.19432,24.99489],[93.19002,24.99364],[93.19003,24.99992],[93.18717,24.99992],[93.18617,24.99818],[93.18482,24.99821],[93.18432,24.99866],[93.18118,24.99866],[93.17115,25.00001],[93.07224,25.00046],[93.07227,25.00335],[93.06891,25.00579],[93.0635,25.00518],[93.06257,25.0094],[93.05911,25.01112],[93.05953,25.01491],[93.0617,25.01742],[93.06413,25.01848],[93.06115,25.02583],[93.05743,25.02709],[93.05701,25.02995],[93.0501,25.03582],[93.04054,25.03938],[93.03875,25.04276],[93.02951,25.04993],[93.02643,25.05528],[93.01781,25.06425],[93.02386,25.07663],[93.03048,25.07824],[93.04154,25.08805],[93.04809,25.09672],[93.04977,25.10204],[93.04418,25.10608],[93.03355,25.10652],[93.02215,25.1027],[93.01932,25.0984],[93.00843,25.09925],[93.00006,25.09827],[92.99371,25.0981],[92.98862,25.09661],[92.98306,25.09041],[92.97861,25.08788],[92.96821,25.09147],[92.96254,25.09124],[92.9574,25.08912],[92.95627,25.08657],[92.95603,25.07632],[92.95205,25.07334],[92.94614,25.07334],[92.94206,25.07739],[92.93581,25.08002],[92.92385,25.0825],[92.91421,25.08304],[92.90176,25.08233],[92.88979,25.07662],[92.88581,25.07106],[92.88293,25.0697],[92.87565,25.06796],[92.86996,25.06875],[92.86601,25.06642],[92.85866,25.06605],[92.85623,25.06499],[92.85267,25.06149],[92.84127,25.05591],[92.83597,25.05769],[92.83127,25.06305],[92.83054,25.0646],[92.83094,25.07117],[92.8291,25.07421],[92.82732,25.07528],[92.80854,25.08584],[92.80265,25.08808],[92.79881,25.08855],[92.78812,25.08775],[92.786,25.08795],[92.78352,25.08925],[92.77677,25.09736],[92.76764,25.10612],[92.76832,25.11333],[92.76726,25.11959],[92.7655,25.1239],[92.7596,25.13057],[92.75636,25.14123],[92.75039,25.13835],[92.74649,25.13791],[92.73978,25.14318],[92.73834,25.14178],[92.73727,25.14212],[92.73635,25.14354],[92.73321,25.14547],[92.73174,25.14027],[92.73725,25.13071],[92.73798,25.12819],[92.73724,25.12668],[92.72816,25.11961],[92.72589,25.11469],[92.72285,25.11546],[92.72018,25.11802],[92.71658,25.12006],[92.71249,25.11857],[92.7076,25.11345],[92.70174,25.11125],[92.69808,25.11201],[92.69625,25.11331],[92.6925,25.11639],[92.68715,25.11691],[92.68476,25.11629],[92.67726,25.11119],[92.67242,25.11062],[92.66611,25.11302],[92.66217,25.11573],[92.66034,25.11613],[92.65714,25.11544],[92.65592,25.11739],[92.65231,25.11954],[92.6479,25.12029],[92.64319,25.11926],[92.63863,25.11616],[92.63648,25.1114],[92.63452,25.11029],[92.63024,25.11029],[92.6265,25.10898],[92.62296,25.10433],[92.62083,25.10436],[92.61354,25.10687],[92.605,25.11275],[92.60291,25.11261],[92.59598,25.10843],[92.58743,25.1073],[92.57966,25.10468],[92.57445,25.10385],[92.56562,25.10345],[92.56019,25.10639],[92.55817,25.10578],[92.54874,25.10596],[92.5446,25.09933],[92.54295,25.0996],[92.54082,25.10413],[92.53306,25.11215],[92.53133,25.1199],[92.53024,25.12186],[92.52522,25.12558],[92.52467,25.14003],[92.52747,25.13994],[92.53019,25.13682],[92.53563,25.13441],[92.53994,25.13728],[92.54313,25.13502],[92.55317,25.13071],[92.55785,25.12997],[92.5655,25.13128],[92.56804,25.13009],[92.57903,25.13201],[92.58169,25.13187],[92.59444,25.12829],[92.59843,25.12471],[92.60315,25.12499],[92.61003,25.1241],[92.62164,25.1177],[92.6247,25.11869],[92.62997,25.12503],[92.6308,25.13184],[92.63242,25.13756],[92.63801,25.14522],[92.64405,25.15117],[92.64827,25.15265],[92.65121,25.1524],[92.65572,25.15413],[92.65954,25.15912],[92.66081,25.16225],[92.66298,25.17299],[92.66434,25.17536],[92.66691,25.17706],[92.67224,25.17816],[92.67704,25.18219],[92.67943,25.18309],[92.68285,25.18204],[92.68762,25.18232],[92.69394,25.18135],[92.70461,25.19052],[92.71622,25.19416],[92.72417,25.1992],[92.73334,25.20322],[92.74203,25.20309],[92.74714,25.20777],[92.75169,25.20735],[92.75454,25.20537],[92.7589,25.20403],[92.76345,25.20385],[92.76765,25.20476],[92.77957,25.20311],[92.78775,25.20953],[92.79289,25.21235],[92.79843,25.21345],[92.80357,25.21724],[92.80442,25.21933],[92.80309,25.22151],[92.79435,25.22601],[92.78631,25.2314],[92.77224,25.23326],[92.77029,25.2402],[92.76465,25.24935],[92.7767,25.26054],[92.77618,25.26294],[92.76976,25.26893],[92.77947,25.27376],[92.78212,25.27592],[92.78914,25.27852],[92.79222,25.28518],[92.79222,25.2868],[92.78883,25.29154],[92.78691,25.30067],[92.78384,25.308],[92.78474,25.31153],[92.78802,25.31761],[92.78437,25.33254],[92.78246,25.33429],[92.77245,25.33961],[92.76947,25.33951],[92.76327,25.33559],[92.76057,25.33528],[92.75876,25.33986],[92.75116,25.34847],[92.7501,25.35438],[92.74824,25.35811],[92.74567,25.36114],[92.74061,25.36373],[92.7401,25.36464],[92.74059,25.36678],[92.73611,25.37381],[92.73705,25.38125],[92.73481,25.3825],[92.72543,25.38043],[92.72137,25.37549],[92.72057,25.3749],[92.7181,25.37498],[92.71636,25.37934],[92.7129,25.38454],[92.70973,25.38612],[92.70293,25.38662],[92.70038,25.38779],[92.69352,25.39999],[92.68817,25.40442],[92.68005,25.40858],[92.67377,25.41714],[92.67094,25.41672],[92.66704,25.41408],[92.66369,25.40937],[92.6601,25.41036],[92.65688,25.4157],[92.65366,25.42394],[92.65428,25.43534],[92.65054,25.43167],[92.64163,25.41953],[92.63961,25.41963],[92.63923,25.42037],[92.63792,25.42266],[92.63792,25.42882],[92.63266,25.43314],[92.6293,25.43464],[92.62852,25.43061],[92.62931,25.42699],[92.62865,25.42503],[92.62064,25.42372],[92.61789,25.42202],[92.61478,25.41743],[92.61184,25.41612],[92.60909,25.41657],[92.60701,25.41854],[92.60697,25.42718],[92.60776,25.43035],[92.60529,25.44191],[92.60555,25.44836],[92.60451,25.45019],[92.60114,25.45239],[92.60019,25.45387],[92.59977,25.45705],[92.60139,25.46414],[92.59816,25.47165],[92.5937,25.47101],[92.58544,25.46758],[92.58229,25.47289],[92.57148,25.46407],[92.56913,25.46479],[92.56741,25.46747],[92.56655,25.47512],[92.56783,25.48077],[92.57559,25.49043],[92.58105,25.49516],[92.5895,25.49952],[92.59358,25.50308],[92.60559,25.50812],[92.6096,25.51261],[92.62163,25.51575],[92.62761,25.52221],[92.63763,25.52853],[92.6447,25.53744],[92.64497,25.5466],[92.64988,25.56001],[92.65736,25.56338],[92.66065,25.57032],[92.66072,25.58184],[92.66311,25.57785],[92.66396,25.57399],[92.66531,25.57614],[92.66666,25.57535],[92.66919,25.57572],[92.68299,25.57916],[92.68462,25.58148],[92.68102,25.58368],[92.68177,25.58692],[92.69121,25.59629],[92.69749,25.60064],[92.70233,25.60213],[92.70866,25.60173],[92.71107,25.60229],[92.71486,25.60152],[92.71831,25.59245],[92.71924,25.59247],[92.74119,25.59772],[92.74648,25.59998],[92.74998,25.60267],[92.75147,25.60619],[92.7502,25.60888],[92.75239,25.61541],[92.76284,25.62013],[92.76563,25.61912],[92.76757,25.62156],[92.76734,25.62421],[92.76291,25.62852],[92.76293,25.63113],[92.76952,25.6365],[92.77206,25.64205],[92.78098,25.6497],[92.7877,25.65806],[92.7881,25.66358],[92.78424,25.67086],[92.77859,25.6769],[92.777,25.68045],[92.78089,25.6836],[92.7897,25.68807],[92.79278,25.69046],[92.79796,25.69115],[92.79951,25.69341],[92.80582,25.70309],[92.81195,25.70455],[92.81609,25.71328],[92.81849,25.71526],[92.82325,25.7278],[92.82347,25.73063],[92.82131,25.73861],[92.82141,25.74253],[92.82259,25.74357],[92.82826,25.74623],[92.83194,25.74644],[92.8332,25.74713],[92.83488,25.74992],[92.83777,25.75202],[92.8432,25.75162],[92.8501,25.75376],[92.85673,25.75377],[92.86924,25.75753],[92.88667,25.76058],[92.89178,25.76323],[92.90635,25.76741],[92.91045,25.76934],[92.91454,25.77244],[92.9213,25.77347],[92.92683,25.77918],[92.92902,25.78352],[92.92822,25.7876],[92.93174,25.8057],[92.93057,25.8103],[92.93585,25.80868],[92.94401,25.8075],[92.95226,25.8135],[92.95396,25.8134],[92.96235,25.81976],[92.96487,25.8202],[92.96684,25.81934],[92.96628,25.81778],[92.95936,25.81144],[92.95773,25.80821],[92.95798,25.80331],[92.96898,25.79588],[92.97134,25.7929],[92.96884,25.78857],[92.96912,25.78736],[92.97018,25.78679],[92.97208,25.7875],[92.97579,25.79035],[92.98296,25.79376],[92.98357,25.79326],[92.98201,25.78897],[92.98527,25.78607],[92.98872,25.78956],[92.99029,25.79815],[92.98848,25.80562],[92.98457,25.80915],[92.98449,25.81185],[92.98846,25.82236],[92.99016,25.82469],[92.99185,25.82608],[92.99913,25.82254],[93.00668,25.80916],[93.01024,25.79426],[93.01678,25.79266],[93.01956,25.79866],[93.02615,25.79857],[93.02997,25.79395],[93.03645,25.79076],[93.0534,25.78271],[93.06257,25.78098],[93.07193,25.77754],[93.07096,25.77675],[93.06924,25.77338],[93.07049,25.76985],[93.07493,25.76968],[93.08086,25.76616],[93.08746,25.77459],[93.09944,25.77715],[93.10237,25.77589],[93.10836,25.77723],[93.10986,25.77387],[93.12441,25.76552],[93.12839,25.76565],[93.13099,25.76427],[93.13177,25.75905],[93.12977,25.75317],[93.13271,25.75017],[93.14738,25.74049],[93.15055,25.74064],[93.14997,25.73265],[93.14835,25.72596],[93.14576,25.72208],[93.14462,25.71603]]]}},{"type":"Feature","properties":{"ID_0":105,"ISO":"IND","NAME_0":"India","ID_1":4,"NAME_1":"Assam","ID_2":61,"NAME_2":"Sibsagar","NL_NAME_2":null,"VARNAME_2":"Sivasagar","TYPE_2":"District","ENGTYPE_2":"District","STATE":"Assam","DISTRICT":"Sibsagar"},"geometry":{"type":"Polygon","coordinates":[[[95.37127,27.1114],[95.36647,27.11285],[95.3486,27.10476],[95.33511,27.09592],[95.32327,27.08957],[95.31318,27.08674],[95.30968,27.08113],[95.29662,27.07285],[95.28792,27.06632],[95.27783,27.05677],[95.27945,27.05391],[95.27763,27.04977],[95.27097,27.04507],[95.26669,27.04044],[95.26263,27.04101],[95.25995,27.03897],[95.26072,27.03725],[95.2522,27.03192],[95.24823,27.03025],[95.24371,27.03416],[95.23788,27.04322],[95.23472,27.04358],[95.23091,27.04571],[95.23215,27.04292],[95.22947,27.04017],[95.22598,27.04226],[95.22263,27.04089],[95.2197,27.03679],[95.21381,27.03348],[95.20769,27.03478],[95.2038,27.043],[95.20094,27.04233],[95.19846,27.04443],[95.19552,27.04295],[95.1545,27.00604],[95.14948,26.99984],[95.14276,26.9983],[95.13699,26.99358],[95.12638,26.98691],[95.11694,26.98368],[95.1135,26.97758],[95.11322,26.97232],[95.11005,26.96691],[95.08686,26.95274],[95.06534,26.94819],[95.05465,26.94088],[95.03805,26.93848],[95.02856,26.93251],[95.02135,26.9254],[95.01657,26.92435],[95.00579,26.92487],[94.99947,26.92429],[94.99306,26.92616],[94.99119,26.92292],[94.99205,26.91839],[94.98945,26.91783],[94.98567,26.91825],[94.97966,26.92462],[94.97426,26.9276],[94.97067,26.92836],[94.96794,26.93149],[94.96677,26.93618],[94.96417,26.94064],[94.95728,26.94355],[94.94709,26.9402],[94.94122,26.93927],[94.93855,26.93797],[94.9336,26.93854],[94.92816,26.9521],[94.92377,26.95033],[94.91799,26.94514],[94.91386,26.94257],[94.90882,26.94227],[94.90129,26.94034],[94.89447,26.93733],[94.88622,26.93246],[94.88155,26.92671],[94.86964,26.91501],[94.86862,26.90989],[94.86532,26.90691],[94.85901,26.89328],[94.85335,26.88534],[94.85153,26.88134],[94.84584,26.87679],[94.83878,26.874],[94.83646,26.86846],[94.83226,26.86271],[94.82629,26.85931],[94.82108,26.85446],[94.82173,26.84931],[94.82109,26.84487],[94.8167,26.84147],[94.81541,26.83681],[94.81507,26.83002],[94.81306,26.82476],[94.80918,26.82328],[94.80672,26.82123],[94.79665,26.81852],[94.80161,26.81381],[94.80536,26.81219],[94.80221,26.80606],[94.79496,26.80373],[94.79079,26.80145],[94.78564,26.79857],[94.77309,26.79496],[94.76907,26.7911],[94.76833,26.7834],[94.76236,26.77993],[94.76003,26.77663],[94.75935,26.77414],[94.75637,26.77227],[94.7541,26.77431],[94.75072,26.77967],[94.7458,26.78214],[94.74236,26.77864],[94.74168,26.77357],[94.73773,26.76885],[94.73651,26.76741],[94.73188,26.76401],[94.7197,26.75804],[94.7114,26.75282],[94.69688,26.73969],[94.69148,26.73576],[94.68661,26.73259],[94.66514,26.72776],[94.65854,26.7248],[94.65339,26.72363],[94.64622,26.72451],[94.64029,26.72397],[94.63197,26.71965],[94.6283,26.71863],[94.62272,26.71953],[94.62109,26.72117],[94.62015,26.72674],[94.6174,26.73055],[94.61195,26.73265],[94.61044,26.73586],[94.61006,26.7401],[94.60415,26.73928],[94.59994,26.73772],[94.59518,26.72989],[94.58578,26.73055],[94.58229,26.73705],[94.58399,26.74047],[94.57458,26.74643],[94.57341,26.74808],[94.57558,26.75667],[94.56992,26.75545],[94.56682,26.75315],[94.56276,26.75552],[94.56182,26.75918],[94.55988,26.76117],[94.55445,26.75569],[94.55074,26.75225],[94.54696,26.7569],[94.54441,26.76164],[94.54038,26.76624],[94.53626,26.76485],[94.5384,26.76085],[94.53551,26.7584],[94.53318,26.76039],[94.52927,26.76619],[94.53063,26.76932],[94.52413,26.76847],[94.52139,26.772],[94.52393,26.77278],[94.52531,26.77498],[94.5249,26.7763],[94.51769,26.77677],[94.51549,26.7795],[94.51678,26.78285],[94.51879,26.78454],[94.52078,26.7882],[94.52483,26.7916],[94.52434,26.79486],[94.52219,26.79684],[94.52087,26.7966],[94.51853,26.79829],[94.51838,26.80064],[94.52458,26.80526],[94.52358,26.81215],[94.51195,26.81779],[94.50835,26.82246],[94.50297,26.82749],[94.49746,26.82971],[94.48962,26.83609],[94.48915,26.83844],[94.49409,26.85427],[94.49444,26.85732],[94.49304,26.86063],[94.49416,26.86766],[94.49746,26.87403],[94.49627,26.87827],[94.49384,26.88105],[94.49551,26.88493],[94.49471,26.88796],[94.49072,26.88894],[94.48833,26.89092],[94.48135,26.90202],[94.48056,26.90673],[94.48544,26.91106],[94.4809,26.91915],[94.48398,26.92219],[94.481,26.92938],[94.48125,26.93841],[94.47559,26.94104],[94.4671,26.94338],[94.45866,26.944],[94.44327,26.94188],[94.43782,26.94214],[94.43454,26.94324],[94.43044,26.94353],[94.42209,26.94685],[94.41707,26.94758],[94.41441,26.94609],[94.41166,26.9464],[94.40735,26.94772],[94.40287,26.95184],[94.40133,26.9559],[94.40079,26.9621],[94.40243,26.9642],[94.42533,26.97679],[94.44052,26.98668],[94.45971,26.99513],[94.46402,26.99813],[94.4695,27.00512],[94.47194,27.01837],[94.47449,27.0269],[94.4799,27.03371],[94.4985,27.03924],[94.50991,27.0455],[94.51401,27.05181],[94.53016,27.07065],[94.5388,27.07314],[94.54546,27.07841],[94.54873,27.08659],[94.55141,27.09745],[94.55836,27.10284],[94.56406,27.10503],[94.56963,27.11474],[94.57735,27.12125],[94.58141,27.12926],[94.58171,27.13857],[94.59457,27.14953],[94.60694,27.16366],[94.61662,27.18025],[94.62347,27.20607],[94.63454,27.2271],[94.6453,27.25089],[94.66166,27.25144],[94.68094,27.24882],[94.6852,27.25122],[94.6942,27.27254],[94.69827,27.27528],[94.70335,27.27533],[94.70719,27.27122],[94.70949,27.25514],[94.71385,27.25007],[94.71968,27.249],[94.72488,27.25044],[94.72385,27.25558],[94.71733,27.26101],[94.7206,27.26923],[94.73224,27.27822],[94.74448,27.27905],[94.75106,27.27645],[94.75229,27.27354],[94.74615,27.26577],[94.74081,27.25337],[94.74128,27.24981],[94.74732,27.24839],[94.7567,27.24947],[94.76273,27.2535],[94.76642,27.24973],[94.7742,27.24623],[94.77833,27.24321],[94.77176,27.2274],[94.77049,27.22095],[94.7766,27.21705],[94.77798,27.20812],[94.77965,27.203],[94.7804,27.19543],[94.77608,27.19345],[94.77387,27.18874],[94.77506,27.18493],[94.77483,27.17906],[94.78017,27.17631],[94.77688,27.17463],[94.77414,27.17021],[94.77168,27.1678],[94.77183,27.16494],[94.76649,27.16194],[94.76396,27.15758],[94.75697,27.15559],[94.76134,27.15397],[94.75943,27.14714],[94.76482,27.13226],[94.79691,27.12372],[94.80215,27.12471],[94.80878,27.12244],[94.81134,27.12025],[94.81976,27.119],[94.81791,27.11339],[94.81393,27.1106],[94.81329,27.1037],[94.81929,27.1048],[94.82201,27.10349],[94.8261,27.1049],[94.83009,27.10033],[94.83631,27.09874],[94.8422,27.09955],[94.84821,27.11306],[94.85585,27.12229],[94.86587,27.13646],[94.88658,27.16159],[94.92619,27.19463],[94.95755,27.22566],[94.9692,27.2337],[94.97213,27.22762],[94.97432,27.21687],[94.97524,27.19943],[94.98543,27.17485],[94.98367,27.17079],[94.98447,27.16432],[94.98049,27.15546],[94.98895,27.15144],[94.99908,27.15206],[95.00714,27.15287],[95.01661,27.15036],[95.02664,27.1491],[95.03174,27.15023],[95.04034,27.15714],[95.04977,27.15894],[95.05392,27.15645],[95.0589,27.14329],[95.06162,27.14097],[95.09545,27.14135],[95.11269,27.14009],[95.11388,27.13602],[95.11565,27.13335],[95.11737,27.13417],[95.1169,27.13578],[95.11838,27.13953],[95.12193,27.1389],[95.12402,27.13553],[95.1273,27.13628],[95.12766,27.13904],[95.12981,27.14297],[95.134,27.14292],[95.13477,27.14],[95.1411,27.14221],[95.14978,27.13888],[95.15003,27.13268],[95.1521,27.13053],[95.15479,27.13153],[95.15305,27.13438],[95.15257,27.1372],[95.15434,27.1398],[95.15726,27.14007],[95.1608,27.13322],[95.16454,27.13231],[95.16211,27.13658],[95.16604,27.13807],[95.16692,27.13992],[95.172,27.14194],[95.17002,27.14743],[95.17474,27.15104],[95.17567,27.14877],[95.17409,27.14548],[95.17572,27.14268],[95.17905,27.1464],[95.17941,27.14876],[95.17797,27.15093],[95.1795,27.1533],[95.18337,27.15433],[95.18747,27.15663],[95.18356,27.16278],[95.18314,27.16444],[95.18421,27.16716],[95.18758,27.16599],[95.1896,27.16425],[95.19366,27.16384],[95.19238,27.16296],[95.19349,27.16125],[95.20061,27.16358],[95.19962,27.1664],[95.20091,27.16796],[95.21368,27.16939],[95.21473,27.1728],[95.21027,27.17475],[95.21069,27.17728],[95.21352,27.1784],[95.21988,27.1739],[95.21861,27.17164],[95.2205,27.17005],[95.22616,27.17185],[95.22964,27.17794],[95.23992,27.17496],[95.23887,27.17794],[95.23596,27.17962],[95.23426,27.18207],[95.23418,27.18449],[95.24088,27.18543],[95.24318,27.18742],[95.24004,27.19191],[95.2419,27.19326],[95.24718,27.19453],[95.25219,27.19672],[95.25562,27.19712],[95.25717,27.19467],[95.25738,27.19098],[95.25883,27.18935],[95.26076,27.18977],[95.25983,27.19252],[95.2604,27.19436],[95.26207,27.19518],[95.26669,27.19093],[95.26807,27.19411],[95.26775,27.19819],[95.27193,27.19617],[95.27323,27.1944],[95.2802,27.19398],[95.27959,27.1972],[95.28042,27.19819],[95.28295,27.19867],[95.28528,27.19778],[95.28583,27.20031],[95.28311,27.20177],[95.28884,27.20254],[95.29491,27.20066],[95.29963,27.20014],[95.29957,27.19958],[95.3028,27.19795],[95.30573,27.19448],[95.30967,27.19412],[95.31364,27.18987],[95.3166,27.18938],[95.31936,27.19235],[95.33007,27.19277],[95.33529,27.19157],[95.33803,27.18937],[95.34532,27.18664],[95.34671,27.18327],[95.34505,27.17986],[95.34559,27.17803],[95.34798,27.1768],[95.35471,27.17573],[95.3589,27.17349],[95.36071,27.16609],[95.35962,27.16361],[95.36251,27.15721],[95.36667,27.15227],[95.36882,27.14178],[95.36851,27.13947],[95.36585,27.1333],[95.36338,27.12982],[95.36607,27.12175],[95.37286,27.11822],[95.37346,27.11605],[95.37127,27.1114]]]}},{"type":"Feature","properties":{"ID_0":105,"ISO":"IND","NAME_0":"India","ID_1":4,"NAME_1":"Assam","ID_2":62,"NAME_2":"Sonitpur","NL_NAME_2":null,"VARNAME_2":"Sontipur","TYPE_2":"District","ENGTYPE_2":"District","STATE":"Assam","DISTRICT":"Sonitpur"},"geometry":{"type":"Polygon","coordinates":[[[93.69828,26.99479],[93.70163,26.99258],[93.70322,26.98817],[93.70916,26.98641],[93.72556,26.9778],[93.72762,26.97254],[93.73717,26.96746],[93.74313,26.96146],[93.74622,26.951],[93.74517,26.94025],[93.74821,26.93386],[93.74841,26.92818],[93.75085,26.92213],[93.74809,26.91543],[93.74342,26.911],[93.7448,26.90367],[93.74884,26.89742],[93.75617,26.89476],[93.76451,26.89407],[93.77455,26.8915],[93.77938,26.88778],[93.7818,26.88115],[93.78185,26.87622],[93.78887,26.86081],[93.77988,26.8546],[93.773,26.85261],[93.77217,26.84703],[93.76568,26.84022],[93.76035,26.8258],[93.75815,26.81698],[93.7536,26.80853],[93.74529,26.804],[93.73745,26.81175],[93.72694,26.81805],[93.7168,26.82043],[93.71117,26.82075],[93.69582,26.80096],[93.68921,26.79857],[93.6708,26.80342],[93.65634,26.79482],[93.64999,26.79226],[93.64806,26.78718],[93.64924,26.78076],[93.65508,26.76397],[93.66133,26.74011],[93.66838,26.72845],[93.6722,26.71598],[93.6656,26.71727],[93.65007,26.70819],[93.63776,26.70958],[93.61879,26.71561],[93.60111,26.71892],[93.56593,26.72694],[93.56026,26.73094],[93.56261,26.73924],[93.55386,26.7405],[93.54543,26.74502],[93.54022,26.75126],[93.53419,26.75679],[93.52229,26.75828],[93.50944,26.76336],[93.49262,26.75994],[93.47118,26.76191],[93.46087,26.75985],[93.44925,26.75416],[93.4435,26.74891],[93.43185,26.74739],[93.41543,26.75035],[93.40789,26.75465],[93.40338,26.75579],[93.38052,26.74721],[93.37218,26.7454],[93.35757,26.74028],[93.3475,26.73433],[93.3422,26.72591],[93.34029,26.71806],[93.33593,26.71025],[93.32982,26.70905],[93.32323,26.70889],[93.3191,26.70519],[93.30746,26.70086],[93.30238,26.70004],[93.29668,26.70109],[93.29041,26.69782],[93.28861,26.68986],[93.27402,26.6853],[93.26471,26.68437],[93.25135,26.68804],[93.24506,26.68637],[93.23767,26.67705],[93.23328,26.66829],[93.22942,26.64724],[93.22334,26.63708],[93.21639,26.62815],[93.19391,26.61796],[93.1782,26.61467],[93.17191,26.61231],[93.1603,26.6014],[93.13361,26.58685],[93.12263,26.57998],[93.11368,26.57704],[93.10556,26.57828],[93.09402,26.58464],[93.08375,26.59168],[93.07249,26.59705],[93.06612,26.59646],[93.05532,26.59731],[93.03972,26.59655],[93.01908,26.59889],[93.00711,26.60064],[92.99796,26.60561],[92.99202,26.61142],[92.98874,26.61557],[92.98211,26.61739],[92.96369,26.62066],[92.95159,26.62076],[92.94224,26.61942],[92.93866,26.61778],[92.93443,26.61437],[92.92227,26.60041],[92.91737,26.59819],[92.90928,26.59612],[92.89458,26.59772],[92.88889,26.59553],[92.87804,26.58972],[92.87215,26.58539],[92.86911,26.58447],[92.86214,26.5853],[92.85702,26.58692],[92.85006,26.58741],[92.84051,26.58537],[92.83363,26.58257],[92.82375,26.57713],[92.8,26.56068],[92.79765,26.55977],[92.7924,26.55929],[92.77151,26.55834],[92.76668,26.54937],[92.76531,26.54088],[92.76311,26.53398],[92.75989,26.53115],[92.75751,26.52707],[92.7576,26.52125],[92.75591,26.51551],[92.75355,26.51385],[92.74733,26.51452],[92.74015,26.51673],[92.73398,26.51918],[92.72795,26.52285],[92.72703,26.52462],[92.72678,26.5341],[92.726,26.53663],[92.72483,26.53724],[92.71502,26.53536],[92.71007,26.53266],[92.70326,26.52773],[92.68948,26.51269],[92.68557,26.51064],[92.68206,26.51124],[92.67263,26.51877],[92.6683,26.52109],[92.66394,26.52221],[92.65466,26.51987],[92.63957,26.5193],[92.6335,26.51813],[92.6181,26.51336],[92.60397,26.51044],[92.57871,26.50192],[92.56701,26.50316],[92.56461,26.50472],[92.55641,26.50684],[92.54493,26.50789],[92.53441,26.51076],[92.52663,26.51105],[92.50993,26.50871],[92.49252,26.50438],[92.48653,26.50218],[92.47969,26.49839],[92.47299,26.4972],[92.46472,26.4993],[92.46098,26.50129],[92.45758,26.50432],[92.45387,26.50913],[92.45283,26.51676],[92.45108,26.52024],[92.44575,26.52172],[92.44196,26.52193],[92.43576,26.52132],[92.41716,26.51737],[92.41379,26.517],[92.40211,26.51574],[92.38907,26.51607],[92.38549,26.51857],[92.38325,26.51869],[92.36311,26.50692],[92.35815,26.50657],[92.34806,26.50788],[92.34526,26.50747],[92.34393,26.5038],[92.34203,26.5098],[92.33274,26.51177],[92.32558,26.5109],[92.32602,26.51271],[92.33025,26.51619],[92.3469,26.52599],[92.35045,26.53051],[92.35328,26.53179],[92.36573,26.53243],[92.37148,26.53165],[92.37955,26.53248],[92.38132,26.53279],[92.38332,26.53619],[92.37774,26.54216],[92.36992,26.55499],[92.36633,26.5594],[92.36541,26.56301],[92.36713,26.56513],[92.36716,26.56795],[92.36571,26.56975],[92.36035,26.57044],[92.35724,26.57168],[92.35555,26.57336],[92.35509,26.57601],[92.35636,26.57829],[92.35944,26.57946],[92.36216,26.58233],[92.36432,26.58222],[92.36118,26.58727],[92.35216,26.58659],[92.34116,26.5831],[92.33249,26.58814],[92.32542,26.59326],[92.32654,26.59744],[92.33756,26.5977],[92.34007,26.5988],[92.33922,26.60189],[92.32706,26.60603],[92.32536,26.60765],[92.32899,26.60947],[92.32934,26.61236],[92.32355,26.61412],[92.32238,26.61553],[92.323,26.61803],[92.33274,26.6295],[92.33271,26.6318],[92.3315,26.63379],[92.32731,26.63834],[92.33015,26.64239],[92.33372,26.64294],[92.33867,26.63903],[92.34068,26.63809],[92.34265,26.63854],[92.33635,26.64467],[92.33668,26.64617],[92.33872,26.64646],[92.33953,26.6489],[92.33846,26.65025],[92.3373,26.65104],[92.33258,26.65104],[92.33083,26.65197],[92.33047,26.65357],[92.33327,26.65772],[92.33261,26.66318],[92.33575,26.66689],[92.33243,26.67101],[92.33543,26.67546],[92.33402,26.69011],[92.33656,26.69934],[92.33678,26.70239],[92.3358,26.70749],[92.33827,26.71469],[92.33669,26.72265],[92.33504,26.72642],[92.33482,26.7339],[92.33388,26.73641],[92.33108,26.73772],[92.32877,26.73992],[92.32801,26.74237],[92.33074,26.74669],[92.32871,26.75517],[92.32915,26.75704],[92.33144,26.76186],[92.33629,26.76601],[92.33698,26.76816],[92.33282,26.76709],[92.33015,26.77294],[92.33493,26.77289],[92.34057,26.77176],[92.34039,26.77348],[92.3364,26.77932],[92.3353,26.78407],[92.33804,26.78656],[92.33782,26.7888],[92.33329,26.79317],[92.33479,26.79632],[92.33027,26.80307],[92.3297,26.80703],[92.3347,26.81256],[92.33337,26.81449],[92.33083,26.8161],[92.33185,26.82004],[92.33151,26.82291],[92.33218,26.82402],[92.33437,26.82413],[92.338,26.82582],[92.33169,26.83213],[92.33245,26.83463],[92.33199,26.8368],[92.33464,26.84176],[92.33633,26.84744],[92.34002,26.85012],[92.33984,26.85346],[92.34321,26.85625],[92.34323,26.85791],[92.34476,26.85974],[92.34557,26.86292],[92.34333,26.86575],[92.34344,26.86995],[92.34477,26.87459],[92.34253,26.88087],[92.34167,26.88666],[92.34701,26.89163],[92.34955,26.90712],[92.35291,26.91222],[92.35327,26.91464],[92.35548,26.91775],[92.35907,26.92607],[92.36443,26.9327],[92.36729,26.93155],[92.39976,26.92627],[92.41189,26.94419],[92.42577,26.94347],[92.44217,26.95502],[92.44617,26.96064],[92.45957,26.96331],[92.46629,26.96306],[92.48376,26.96474],[92.49064,26.96473],[92.50502,26.96677],[92.51544,26.96442],[92.53176,26.9633],[92.55361,26.95907],[92.58521,26.96186],[92.64546,26.98745],[92.64531,26.99561],[92.6442,27.00251],[92.64463,27.01004],[92.6391,27.01854],[92.65049,27.02478],[92.65702,27.03759],[92.65893,27.03852],[92.68239,27.03174],[92.70232,27.02758],[92.71368,27.02609],[92.72751,27.0284],[92.7691,27.03304],[92.78527,27.03068],[92.82442,27.01848],[92.83659,27.01355],[92.87244,27.0077],[92.88338,27.00234],[92.88752,27.00022],[92.89029,26.99982],[92.89977,26.99626],[92.91668,26.98465],[92.91495,26.96976],[92.91777,26.96424],[92.92166,26.96191],[92.92641,26.96066],[92.93277,26.95694],[92.95136,26.94891],[92.96162,26.94588],[92.97298,26.94082],[92.9807,26.93562],[92.98272,26.93594],[92.98669,26.93383],[92.99376,26.93179],[92.9958,26.93032],[92.99744,26.93035],[93.01937,26.91683],[93.03821,26.91788],[93.06017,26.92118],[93.06884,26.92421],[93.07636,26.91994],[93.09187,26.91554],[93.10896,26.92728],[93.18428,26.93874],[93.22239,26.94914],[93.26685,26.956],[93.34794,26.96324],[93.37424,26.96038],[93.39073,26.96003],[93.43666,26.95609],[93.44787,26.95415],[93.46384,26.94354],[93.46811,26.93889],[93.48029,26.94018],[93.48683,26.94309],[93.48936,26.93853],[93.52584,26.94863],[93.54549,26.95174],[93.57079,26.95412],[93.58422,26.95265],[93.59583,26.95518],[93.6245,26.96421],[93.64017,26.96478],[93.65511,26.96648],[93.67578,26.97107],[93.69656,26.99238],[93.69828,26.99479]]]}},{"type":"Feature","properties":{"ID_0":105,"ISO":"IND","NAME_0":"India","ID_1":4,"NAME_1":"Assam","ID_2":63,"NAME_2":"Tinsukia","NL_NAME_2":null,"VARNAME_2":null,"TYPE_2":"District","ENGTYPE_2":"District","STATE":"Assam","DISTRICT":"Tinsukia"},"geometry":{"type":"Polygon","coordinates":[[[95.95232,27.94184],[95.95155,27.93917],[95.95235,27.93718],[95.95755,27.93708],[95.95754,27.93288],[95.95381,27.93024],[95.9553,27.92682],[95.95249,27.92282],[95.94351,27.91264],[95.93932,27.90982],[95.93833,27.90327],[95.92864,27.90285],[95.92501,27.90094],[95.92393,27.896],[95.92855,27.89053],[95.92735,27.88726],[95.92375,27.89033],[95.92128,27.89047],[95.92262,27.88618],[95.91866,27.88278],[95.914,27.88085],[95.91292,27.87814],[95.91409,27.87465],[95.91138,27.87302],[95.90618,27.87723],[95.90723,27.86864],[95.90056,27.86668],[95.89764,27.86747],[95.89503,27.86722],[95.89423,27.86096],[95.8921,27.85704],[95.87657,27.84177],[95.87373,27.8398],[95.86633,27.83846],[95.8521,27.83411],[95.84599,27.8301],[95.84337,27.82147],[95.83498,27.81577],[95.82894,27.81366],[95.82313,27.80925],[95.81132,27.79372],[95.80758,27.78995],[95.80637,27.78358],[95.80095,27.77686],[95.79539,27.77263],[95.78883,27.76505],[95.78053,27.75822],[95.78777,27.74205],[95.7848,27.73978],[95.77188,27.73451],[95.76267,27.73293],[95.75822,27.73111],[95.75871,27.72668],[95.76305,27.72266],[95.77039,27.72003],[95.77052,27.716],[95.77262,27.71132],[95.77336,27.70535],[95.77267,27.69995],[95.77455,27.6967],[95.77876,27.69439],[95.79313,27.69227],[95.79647,27.68806],[95.79453,27.68419],[95.78549,27.68326],[95.78045,27.67919],[95.77847,27.67235],[95.77785,27.66626],[95.77922,27.66054],[95.78623,27.65566],[95.79485,27.6528],[95.80145,27.64901],[95.79959,27.64297],[95.79734,27.63956],[95.79742,27.63589],[95.78735,27.6323],[95.78504,27.6274],[95.78712,27.62341],[95.7943,27.62237],[95.79607,27.61819],[95.79803,27.60783],[95.80961,27.60527],[95.81683,27.60544],[95.82088,27.60472],[95.8242,27.60301],[95.82026,27.59557],[95.81981,27.59028],[95.82124,27.58172],[95.82773,27.58175],[95.83193,27.57889],[95.83629,27.57118],[95.8399,27.56661],[95.84602,27.56799],[95.8521,27.56565],[95.86236,27.5526],[95.86702,27.5511],[95.87362,27.55117],[95.88133,27.55323],[95.88144,27.54583],[95.87992,27.52979],[95.88081,27.52251],[95.87848,27.51983],[95.8818,27.51509],[95.88711,27.51127],[95.88964,27.50617],[95.88605,27.50356],[95.88046,27.5011],[95.87905,27.49919],[95.87916,27.49267],[95.88126,27.48742],[95.87843,27.4756],[95.87626,27.47111],[95.86607,27.46902],[95.86117,27.4663],[95.85946,27.46261],[95.86379,27.45203],[95.85956,27.44905],[95.85517,27.44737],[95.85291,27.44476],[95.84947,27.43491],[95.84934,27.43032],[95.85574,27.42767],[95.85761,27.42482],[95.85796,27.42068],[95.86733,27.41715],[95.86667,27.41921],[95.86423,27.42132],[95.86324,27.42486],[95.86491,27.42901],[95.87577,27.43536],[95.88259,27.44408],[95.88866,27.44407],[95.89037,27.43967],[95.88942,27.43163],[95.89003,27.42641],[95.89438,27.41829],[95.89426,27.41438],[95.89188,27.40978],[95.89306,27.40604],[95.9001,27.41133],[95.90613,27.42327],[95.90797,27.43264],[95.91117,27.43996],[95.91685,27.44316],[95.93327,27.44669],[95.943,27.44639],[95.94989,27.44502],[95.95307,27.44345],[95.95351,27.44077],[95.95052,27.43724],[95.95297,27.43328],[95.95729,27.43288],[95.96105,27.42871],[95.96358,27.43548],[95.96703,27.43666],[95.96803,27.42412],[95.97178,27.43037],[95.9733,27.43675],[95.97778,27.4355],[95.97783,27.43229],[95.98023,27.43022],[95.98093,27.42612],[95.97807,27.42533],[95.97952,27.42185],[95.98946,27.42172],[95.99123,27.4194],[95.99094,27.41457],[95.99459,27.41236],[96.00101,27.40347],[96.00007,27.39757],[96.00205,27.3935],[96.00837,27.38721],[96.01057,27.38128],[96.01495,27.37546],[96.02091,27.37126],[96.01836,27.3679],[96.0132,27.36403],[96.00314,27.36446],[96.00211,27.36413],[95.99697,27.36348],[95.99487,27.36024],[95.99368,27.35144],[95.97734,27.3423],[95.97421,27.33936],[95.97002,27.33698],[95.97228,27.33463],[95.98421,27.33434],[95.97804,27.33269],[95.96871,27.33183],[95.96903,27.32841],[95.96786,27.32457],[95.96261,27.32433],[95.96557,27.32166],[95.96322,27.31707],[95.94057,27.30959],[95.91875,27.29922],[95.91229,27.29314],[95.90643,27.29188],[95.90239,27.28783],[95.90453,27.28624],[95.90429,27.27986],[95.90116,27.27639],[95.89811,27.26431],[95.89397,27.26301],[95.88766,27.26332],[95.88243,27.26694],[95.8776,27.26741],[95.87238,27.26691],[95.86544,27.27668],[95.86085,27.27979],[95.86064,27.28342],[95.86192,27.29003],[95.86047,27.29421],[95.85023,27.29315],[95.83794,27.28707],[95.8102,27.28092],[95.80849,27.28544],[95.8065,27.28801],[95.80629,27.29174],[95.80076,27.2887],[95.7908,27.28546],[95.78468,27.27913],[95.75701,27.27435],[95.73993,27.26989],[95.73639,27.26675],[95.73188,27.26654],[95.72549,27.25923],[95.72108,27.2576],[95.71549,27.2591],[95.70188,27.25564],[95.69543,27.25815],[95.68442,27.25741],[95.6794,27.25616],[95.67921,27.25392],[95.637,27.23691],[95.63413,27.23981],[95.61914,27.23655],[95.60735,27.23137],[95.59917,27.22961],[95.59009,27.22952],[95.57788,27.24215],[95.5783,27.24714],[95.57446,27.25106],[95.56326,27.2525],[95.55614,27.25437],[95.55416,27.25934],[95.53481,27.27062],[95.52972,27.26907],[95.52593,27.26626],[95.52046,27.26374],[95.51618,27.26863],[95.51089,27.26627],[95.51064,27.25898],[95.50628,27.25462],[95.491,27.2487],[95.4879,27.25201],[95.48697,27.25665],[95.48172,27.25882],[95.47668,27.25906],[95.4734,27.26889],[95.4691,27.26551],[95.45905,27.25351],[95.46226,27.24602],[95.45768,27.2381],[95.45416,27.24008],[95.44668,27.25802],[95.44576,27.26232],[95.46471,27.2726],[95.46532,27.27731],[95.45757,27.29117],[95.45111,27.30075],[95.46995,27.3121],[95.46754,27.31517],[95.46363,27.32713],[95.45234,27.33579],[95.46046,27.34428],[95.47601,27.34818],[95.47354,27.3702],[95.45013,27.37476],[95.4405,27.36862],[95.43107,27.37764],[95.42419,27.38055],[95.41924,27.38738],[95.41519,27.39025],[95.39655,27.39693],[95.37776,27.39723],[95.37957,27.39086],[95.37585,27.38607],[95.35031,27.39701],[95.33974,27.39476],[95.32423,27.39457],[95.31434,27.39675],[95.30698,27.40372],[95.30095,27.4141],[95.29531,27.41701],[95.28416,27.41297],[95.28189,27.41506],[95.27707,27.41684],[95.26978,27.41071],[95.2661,27.41176],[95.25797,27.41556],[95.25961,27.42287],[95.25111,27.4315],[95.25146,27.43782],[95.24395,27.43795],[95.23818,27.43984],[95.23343,27.44506],[95.2296,27.4519],[95.22066,27.46293],[95.22984,27.47723],[95.22902,27.4817],[95.22933,27.49049],[95.23084,27.50113],[95.23772,27.50754],[95.25196,27.51185],[95.25861,27.51308],[95.263,27.51538],[95.26585,27.52109],[95.26604,27.52862],[95.2712,27.53024],[95.2653,27.54119],[95.27036,27.55245],[95.2748,27.55594],[95.28059,27.5516],[95.28406,27.56014],[95.27778,27.56489],[95.2755,27.57227],[95.27605,27.57566],[95.27764,27.57804],[95.2826,27.57379],[95.2867,27.57287],[95.29044,27.57343],[95.28975,27.57669],[95.29257,27.58189],[95.29476,27.58169],[95.29776,27.58012],[95.29836,27.58271],[95.30108,27.58367],[95.30182,27.58832],[95.30452,27.59048],[95.30784,27.58816],[95.3163,27.58953],[95.32145,27.59246],[95.30819,27.62233],[95.29729,27.65614],[95.29359,27.66435],[95.29074,27.67455],[95.28096,27.68193],[95.27605,27.68722],[95.28278,27.69557],[95.28878,27.69875],[95.2973,27.70034],[95.32005,27.70022],[95.34259,27.70692],[95.39178,27.7284],[95.40069,27.73034],[95.40926,27.73726],[95.41985,27.74323],[95.44264,27.76251],[95.45094,27.77087],[95.45819,27.77939],[95.46117,27.78775],[95.46165,27.79401],[95.46844,27.81383],[95.47545,27.82131],[95.47888,27.82806],[95.47784,27.83453],[95.48194,27.8375],[95.4851,27.84288],[95.48616,27.84921],[95.49129,27.85713],[95.49516,27.85981],[95.50338,27.86208],[95.51524,27.86238],[95.51945,27.86369],[95.51594,27.87535],[95.51595,27.88179],[95.52623,27.8979],[95.53302,27.90043],[95.54353,27.90232],[95.54434,27.90578],[95.54207,27.91074],[95.5438,27.91346],[95.56505,27.92252],[95.56626,27.93159],[95.57121,27.94238],[95.58054,27.94356],[95.58866,27.94163],[95.59695,27.95113],[95.60674,27.95777],[95.82588,27.97737],[95.95689,27.96913],[95.97746,27.9685],[95.96521,27.95263],[95.95232,27.94184]]]}}],"state":"Assam","source":"geohacker/india (Datameet-derived), Census 2011 boundaries"}