{"type":"FeatureCollection","features":[{"type":"Feature","properties":{"ID_0":105,"ISO":"IND","NAME_0":"India","ID_1":7,"NAME_1":"Chhattisgarh","ID_2":102,"NAME_2":"Bastar","NL_NAME_2":null,"VARNAME_2":"Baster","TYPE_2":"District","ENGTYPE_2":"District","STATE":"Chhattisgarh","DISTRICT":"Bastar"},"geometry":{"type":"Polygon","coordinates":[[[81.61229,20.15377],[81.63771,20.13842],[81.65327,20.13258],[81.65765,20.1302],[81.6685,20.12657],[81.67072,20.12604],[81.67235,20.12564],[81.67515,20.12565],[81.67888,20.12565],[81.7076,20.13341],[81.71754,20.13497],[81.7209,20.1385],[81.7252,20.15204],[81.73435,20.15401],[81.74683,20.15905],[81.75063,20.15869],[81.76354,20.15291],[81.77068,20.15204],[81.7834,20.15286],[81.7898,20.15397],[81.79438,20.15477],[81.80109,20.15673],[81.80687,20.16055],[81.80937,20.16529],[81.81528,20.16597],[81.81975,20.16521],[81.82647,20.16301],[81.83865,20.16082],[81.84057,20.15949],[81.84038,20.14141],[81.84309,20.11569],[81.84287,20.10686],[81.8457,20.10102],[81.8648,20.08389],[81.86723,20.07938],[81.86725,20.0729],[81.86823,20.06984],[81.86652,20.05359],[81.86776,20.05087],[81.87376,20.04618],[81.86654,20.03604],[81.86611,20.03518],[81.86549,20.03388],[81.86459,20.02864],[81.86017,20.02336],[81.85892,20.01637],[81.85762,20.00908],[81.85546,20.00352],[81.85205,19.99716],[81.85162,19.99606],[81.85101,19.98975],[81.85032,19.9826],[81.84689,19.97036],[81.84026,19.95514],[81.8373,19.95008],[81.83895,19.9455],[81.84651,19.94144],[81.84883,19.93859],[81.84567,19.92295],[81.84581,19.91486],[81.84963,19.90805],[81.85841,19.89955],[81.86925,19.89281],[81.89806,19.87852],[81.92448,19.86872],[81.93942,19.86484],[81.96037,19.85474],[81.95741,19.83601],[81.96146,19.82443],[81.97021,19.81274],[81.98015,19.79578],[81.98742,19.79174],[81.99237,19.79443],[81.99932,19.79831],[82.00289,19.79851],[82.00305,19.79852],[82.00819,19.79657],[82.02419,19.79298],[82.02906,19.79219],[82.03494,19.79266],[82.04108,19.79219],[82.04444,19.78925],[82.04828,19.78841],[82.05219,19.79134],[82.05983,19.7831],[82.05939,19.77904],[82.05898,19.77507],[82.05542,19.76103],[82.0572,19.75341],[82.04659,19.74302],[82.04401,19.73769],[82.04426,19.72913],[82.04256,19.72313],[82.04371,19.71391],[82.0416,19.70829],[82.03757,19.70391],[82.03848,19.69278],[82.04678,19.66937],[82.04767,19.66269],[82.04604,19.65359],[82.04831,19.64937],[82.04639,19.64403],[82.04729,19.63828],[82.05083,19.63162],[82.05135,19.62444],[82.04848,19.61581],[82.04472,19.61079],[82.04506,19.60165],[82.03728,19.59792],[82.03396,19.59069],[82.0349,19.58327],[82.0378,19.57719],[82.04223,19.57092],[82.04324,19.56767],[82.04414,19.5648],[82.04262,19.558],[82.04042,19.55221],[82.04301,19.54446],[82.04613,19.53862],[82.04257,19.53157],[82.04102,19.5257],[82.03246,19.52129],[82.03021,19.51421],[82.02239,19.5018],[82.05979,19.50364],[82.06715,19.51102],[82.07085,19.51592],[82.08823,19.51044],[82.09208,19.50984],[82.09102,19.49406],[82.09903,19.48957],[82.10183,19.47366],[82.09987,19.46606],[82.09689,19.46108],[82.10716,19.45261],[82.1068,19.44307],[82.11931,19.4239],[82.1341,19.42483],[82.16069,19.42952],[82.16723,19.42985],[82.17046,19.42949],[82.17925,19.41914],[82.18306,19.41761],[82.18349,19.41246],[82.17777,19.40557],[82.17398,19.37694],[82.16637,19.36593],[82.1508,19.37034],[82.14456,19.37012],[82.14118,19.36578],[82.14083,19.36192],[82.14226,19.35511],[82.14235,19.34817],[82.14955,19.34438],[82.15723,19.34284],[82.16315,19.3378],[82.16895,19.33723],[82.1732,19.33408],[82.17749,19.33237],[82.18025,19.3322],[82.18317,19.3197],[82.17368,19.3163],[82.17009,19.30248],[82.17001,19.29572],[82.16853,19.29066],[82.15836,19.28148],[82.15488,19.27478],[82.15173,19.26546],[82.15099,19.25842],[82.15196,19.2389],[82.15165,19.22357],[82.15376,19.21578],[82.16118,19.20839],[82.15571,19.19653],[82.15804,19.19318],[82.16479,19.18732],[82.17339,19.18431],[82.1694,19.1767],[82.1746,19.17358],[82.17516,19.16964],[82.17113,19.16827],[82.17298,19.16476],[82.17824,19.16148],[82.17879,19.15886],[82.17684,19.15498],[82.17471,19.15275],[82.17149,19.15391],[82.1676,19.15688],[82.16414,19.15464],[82.165,19.15045],[82.17239,19.14765],[82.17479,19.14523],[82.17199,19.1425],[82.16991,19.14364],[82.16588,19.14314],[82.16472,19.13947],[82.16814,19.13384],[82.16656,19.13214],[82.16117,19.12975],[82.15978,19.12648],[82.1648,19.11469],[82.16982,19.11286],[82.17624,19.12506],[82.19102,19.11631],[82.19975,19.11746],[82.2015,19.11576],[82.1969,19.10115],[82.19949,19.09982],[82.19853,19.09417],[82.19987,19.09218],[82.21059,19.09225],[82.21211,19.09055],[82.21123,19.08576],[82.20856,19.07852],[82.19683,19.06787],[82.19409,19.06022],[82.22248,19.02111],[82.22507,19.01459],[82.22666,18.99398],[82.23956,18.91046],[82.23429,18.90527],[82.23122,18.90522],[82.22768,18.90669],[82.22486,18.90925],[82.21378,18.91214],[82.19874,18.90554],[82.18539,18.89698],[82.17715,18.8969],[82.17273,18.89529],[82.17077,18.89159],[82.17041,18.87757],[82.16311,18.87193],[82.1582,18.86946],[82.1628,18.86551],[82.16126,18.85774],[82.15803,18.85197],[82.16242,18.8451],[82.16175,18.83786],[82.16494,18.83021],[82.15831,18.81147],[82.15868,18.8092],[82.16184,18.80496],[82.16101,18.80357],[82.15611,18.79994],[82.1543,18.7963],[82.15891,18.79507],[82.16115,18.79096],[82.15922,18.78811],[82.1517,18.7838],[82.15002,18.7787],[82.14548,18.77328],[82.13898,18.76954],[82.13066,18.7701],[82.12817,18.76432],[82.12907,18.75765],[82.11392,18.76066],[82.10573,18.75845],[82.09129,18.75618],[82.08471,18.7584],[82.08141,18.75587],[82.08675,18.74693],[82.0849,18.73269],[82.08048,18.72274],[82.07858,18.71208],[82.07398,18.71309],[82.06739,18.71711],[82.06129,18.71801],[82.05913,18.71778],[82.05799,18.71251],[82.05176,18.71184],[82.04943,18.71758],[82.0395,18.71704],[82.03374,18.7188],[82.01562,18.71353],[82.00999,18.7106],[81.99773,18.70045],[81.99187,18.69769],[81.97604,18.69515],[81.96768,18.69061],[81.96387,18.6878],[81.95716,18.68341],[81.95508,18.68023],[81.96063,18.66772],[81.95164,18.66098],[81.94739,18.65571],[81.94592,18.64638],[81.94608,18.64049],[81.94833,18.63279],[81.94744,18.62882],[81.93558,18.6329],[81.91553,18.63582],[81.90914,18.64099],[81.9049,18.64639],[81.89484,18.65196],[81.89317,18.65388],[81.88538,18.65033],[81.87801,18.64696],[81.86946,18.64413],[81.86696,18.63955],[81.8338,18.62984],[81.80708,18.61215],[81.78939,18.60338],[81.78042,18.59995],[81.77131,18.59895],[81.75726,18.59937],[81.7523,18.60087],[81.74123,18.59509],[81.69701,18.60413],[81.66635,18.6019],[81.64964,18.60189],[81.64302,18.60502],[81.6421,18.60848],[81.64718,18.62856],[81.6515,18.64565],[81.66868,18.64352],[81.66877,18.64718],[81.66887,18.65077],[81.68164,18.65285],[81.69569,18.6564],[81.70504,18.65984],[81.71853,18.66657],[81.72203,18.6642],[81.73019,18.65866],[81.74035,18.6548],[81.74329,18.65417],[81.74458,18.65389],[81.74907,18.6539],[81.75397,18.65802],[81.75768,18.66404],[81.74625,18.66959],[81.73152,18.67673],[81.73317,18.68098],[81.74338,18.68867],[81.73612,18.69994],[81.74123,18.7078],[81.74217,18.71172],[81.74185,18.73206],[81.76467,18.73703],[81.7654,18.74996],[81.76852,18.75658],[81.76857,18.76136],[81.7671,18.76461],[81.7585,18.76303],[81.75525,18.76572],[81.75653,18.77079],[81.76007,18.77478],[81.75928,18.7789],[81.75332,18.78855],[81.74846,18.80494],[81.7289,18.81288],[81.72034,18.81712],[81.70399,18.82982],[81.69701,18.81591],[81.67513,18.81549],[81.67073,18.81293],[81.6636,18.80088],[81.65405,18.79207],[81.6419,18.79641],[81.6302,18.80443],[81.62817,18.81213],[81.62529,18.81482],[81.62081,18.81532],[81.6151,18.81395],[81.61179,18.81315],[81.60525,18.81819],[81.60427,18.82223],[81.60783,18.82482],[81.61163,18.82759],[81.6124,18.831],[81.61163,18.83365],[81.60321,18.83742],[81.59724,18.84534],[81.58984,18.84089],[81.57626,18.83751],[81.57229,18.84297],[81.57052,18.84691],[81.56662,18.85948],[81.56335,18.86176],[81.55864,18.86065],[81.55547,18.86801],[81.54776,18.86866],[81.54789,18.8709],[81.54803,18.8734],[81.54373,18.87477],[81.54085,18.88149],[81.54092,18.88894],[81.54736,18.90528],[81.52943,18.91128],[81.52053,18.91626],[81.5131,18.90945],[81.50928,18.90668],[81.50653,18.90468],[81.50543,18.90987],[81.50182,18.91643],[81.50188,18.91898],[81.50193,18.92151],[81.49708,18.92494],[81.49448,18.92677],[81.47098,18.9368],[81.45932,18.93869],[81.45966,18.94411],[81.46169,18.95085],[81.4672,18.95652],[81.47577,18.96141],[81.47536,18.96471],[81.47179,18.97072],[81.47089,18.97225],[81.46434,18.97976],[81.46115,18.99525],[81.46267,18.9989],[81.47134,19.00141],[81.47092,19.00627],[81.47678,19.00478],[81.4876,19.00581],[81.49183,19.00621],[81.49638,19.00624],[81.50211,19.00493],[81.50662,19.00515],[81.51541,19.01036],[81.51485,19.01429],[81.51521,19.01982],[81.5155,19.02418],[81.5218,19.03247],[81.49577,19.03894],[81.49165,19.04423],[81.49031,19.04944],[81.49582,19.05716],[81.50635,19.05988],[81.50594,19.06204],[81.50583,19.06265],[81.4978,19.0656],[81.48553,19.07869],[81.48459,19.08373],[81.48602,19.09303],[81.48537,19.09847],[81.47902,19.10841],[81.47392,19.11387],[81.4769,19.1164],[81.48744,19.11819],[81.48708,19.13089],[81.47415,19.13369],[81.46152,19.13851],[81.45982,19.13453],[81.45341,19.13306],[81.40752,19.1689],[81.40157,19.17114],[81.38046,19.16674],[81.36399,19.16689],[81.36137,19.16511],[81.34943,19.15268],[81.33427,19.13535],[81.33084,19.13652],[81.32436,19.14286],[81.31073,19.1468],[81.30682,19.15476],[81.30358,19.15654],[81.29591,19.16076],[81.29132,19.17213],[81.29143,19.1859],[81.29945,19.18233],[81.30314,19.18693],[81.30286,19.19197],[81.29735,19.19866],[81.27797,19.21471],[81.27343,19.22306],[81.25907,19.22973],[81.25517,19.23802],[81.2416,19.23727],[81.24085,19.22709],[81.23853,19.22305],[81.22983,19.22078],[81.22459,19.21809],[81.21756,19.21153],[81.21516,19.21286],[81.21347,19.21379],[81.21039,19.21804],[81.2025,19.21935],[81.18793,19.22468],[81.18557,19.22937],[81.18535,19.23412],[81.18363,19.23927],[81.1761,19.24775],[81.17258,19.26032],[81.16766,19.26642],[81.16284,19.26506],[81.15316,19.27406],[81.15349,19.27973],[81.15245,19.28823],[81.15048,19.29113],[81.14925,19.29174],[81.14823,19.29224],[81.13538,19.29235],[81.13448,19.289],[81.13379,19.27119],[81.13643,19.26215],[81.13765,19.25474],[81.13402,19.25077],[81.12926,19.25067],[81.12064,19.25221],[81.11169,19.25875],[81.10365,19.26928],[81.08466,19.27178],[81.07816,19.26617],[81.07075,19.26916],[81.06851,19.26847],[81.06541,19.2675],[81.06313,19.26474],[81.06487,19.24287],[81.06516,19.24133],[81.06703,19.23163],[81.06631,19.2274],[81.05853,19.2235],[81.0532,19.22197],[81.04794,19.22204],[81.04578,19.2274],[81.041,19.22931],[81.03403,19.22383],[81.02884,19.22296],[81.02235,19.22756],[81.01393,19.22653],[81.00644,19.2256],[80.99265,19.22741],[80.98824,19.22679],[80.98598,19.2229],[80.98382,19.22337],[80.98208,19.22375],[80.96239,19.22077],[80.96249,19.22589],[80.96685,19.23528],[80.96769,19.24682],[80.95559,19.27547],[80.95735,19.28827],[80.95905,19.29375],[80.95952,19.30028],[80.95673,19.30541],[80.95251,19.30976],[80.94724,19.31256],[80.93949,19.31346],[80.9297,19.31459],[80.92037,19.31691],[80.915,19.31489],[80.91061,19.31205],[80.90625,19.31553],[80.90077,19.31322],[80.89691,19.31382],[80.89067,19.31647],[80.88927,19.31984],[80.88974,19.32403],[80.88829,19.32739],[80.88546,19.32837],[80.88487,19.33223],[80.88132,19.33288],[80.8691,19.33267],[80.84477,19.33752],[80.84027,19.33658],[80.83626,19.33194],[80.82642,19.34804],[80.83908,19.35515],[80.84501,19.36091],[80.84283,19.36611],[80.835,19.37068],[80.82322,19.37474],[80.81598,19.37907],[80.81274,19.38274],[80.80855,19.39704],[80.79795,19.41165],[80.79539,19.41876],[80.79245,19.42266],[80.78793,19.4267],[80.79433,19.42877],[80.808,19.43162],[80.82525,19.43912],[80.83508,19.44238],[80.85748,19.44254],[80.86749,19.44346],[80.876,19.44795],[80.88563,19.4565],[80.89207,19.46568],[80.89216,19.48152],[80.8914,19.49084],[80.8897,19.49925],[80.88554,19.50925],[80.87905,19.51903],[80.8736,19.52235],[80.86335,19.52195],[80.85226,19.52417],[80.84538,19.52917],[80.84083,19.53357],[80.83738,19.54063],[80.83605,19.54898],[80.83353,19.55597],[80.82761,19.56267],[80.81961,19.5654],[80.80923,19.56451],[80.78516,19.56041],[80.76641,19.56832],[80.76504,19.57426],[80.76427,19.58483],[80.75796,19.59017],[80.72099,19.60839],[80.70777,19.61046],[80.69669,19.61083],[80.68304,19.61061],[80.66203,19.60873],[80.65685,19.61226],[80.65589,19.61698],[80.65612,19.62515],[80.6622,19.66258],[80.66538,19.67297],[80.66601,19.68627],[80.66455,19.69075],[80.67043,19.69397],[80.68423,19.69509],[80.69313,19.69743],[80.69709,19.69979],[80.70201,19.70096],[80.71584,19.70207],[80.71194,19.7152],[80.70705,19.72595],[80.70511,19.73312],[80.7042,19.75458],[80.70822,19.77124],[80.7112,19.776],[80.72111,19.78548],[80.73494,19.79255],[80.7468,19.79488],[80.75176,19.79841],[80.75966,19.80076],[80.76855,19.80071],[80.76753,19.79356],[80.77145,19.78639],[80.77439,19.7828],[80.77835,19.78159],[80.78432,19.79228],[80.78431,19.79466],[80.78335,19.79705],[80.7883,19.8018],[80.80989,19.80876],[80.81493,19.81115],[80.81496,19.81599],[80.81297,19.82085],[80.80896,19.82571],[80.80094,19.82699],[80.79493,19.83065],[80.78546,19.83042],[80.78251,19.83282],[80.77165,19.83407],[80.76275,19.83054],[80.75186,19.82345],[80.74295,19.81515],[80.72812,19.81047],[80.72512,19.80214],[80.72511,19.79737],[80.72212,19.79501],[80.71521,19.79266],[80.70435,19.7963],[80.70438,19.79868],[80.70932,19.80342],[80.71525,19.80338],[80.71624,19.80695],[80.71633,19.82245],[80.71451,19.82751],[80.72057,19.83595],[80.72726,19.84146],[80.74905,19.85922],[80.75006,19.8616],[80.75103,19.86159],[80.75301,19.86397],[80.76982,19.86865],[80.79009,19.87919],[80.79758,19.88995],[80.8055,19.89587],[80.81441,19.89701],[80.82726,19.90172],[80.84614,19.92784],[80.84713,19.9326],[80.84617,19.93737],[80.84618,19.94572],[80.85602,19.93851],[80.86095,19.9373],[80.86886,19.93248],[80.88269,19.92765],[80.91131,19.92271],[80.91723,19.92268],[80.92319,19.93097],[80.93063,19.94301],[80.99507,19.94594],[81.03608,19.93848],[81.0398,19.9012],[81.02489,19.86766],[81.00253,19.83038],[81.00253,19.78565],[81.02863,19.75582],[81.08081,19.72227],[81.14418,19.70363],[81.18891,19.69991],[81.19637,19.74091],[81.20383,19.7521],[81.25229,19.75955],[81.28584,19.74091],[81.34175,19.74091],[81.36563,19.74091],[81.36627,19.74181],[81.37341,19.74795],[81.37117,19.758],[81.36977,19.76435],[81.36495,19.77269],[81.36845,19.77719],[81.36359,19.78884],[81.36482,19.79861],[81.38696,19.82867],[81.37642,19.83787],[81.37044,19.84809],[81.37232,19.85241],[81.37811,19.85636],[81.38779,19.85955],[81.39514,19.86477],[81.39601,19.87188],[81.39355,19.87919],[81.38534,19.88663],[81.37454,19.89231],[81.37075,19.89873],[81.36363,19.90451],[81.35574,19.90848],[81.35007,19.90822],[81.34201,19.90607],[81.33946,19.92245],[81.33301,19.92763],[81.3233,19.93151],[81.32104,19.93672],[81.32259,19.95493],[81.32004,19.96288],[81.29713,19.97167],[81.29499,19.97585],[81.29375,19.98164],[81.29442,19.99694],[81.29282,20.00134],[81.28783,20.00866],[81.28594,20.01328],[81.2916,20.01433],[81.30122,20.014],[81.30685,20.01955],[81.32316,20.02645],[81.33295,20.03214],[81.34019,20.03013],[81.3501,20.02905],[81.35278,20.04131],[81.35727,20.04066],[81.36102,20.04012],[81.36328,20.04016],[81.36551,20.0402],[81.38213,20.04237],[81.38544,20.05586],[81.39139,20.06487],[81.39585,20.06859],[81.39867,20.07404],[81.39845,20.07907],[81.39554,20.09011],[81.39499,20.09554],[81.39636,20.10179],[81.39445,20.11023],[81.40349,20.12616],[81.40475,20.13073],[81.40586,20.1321],[81.40775,20.13444],[81.41241,20.1437],[81.41395,20.1518],[81.43382,20.14427],[81.44077,20.14215],[81.44559,20.14157],[81.45107,20.14396],[81.45535,20.14871],[81.46082,20.1516],[81.46883,20.15445],[81.4868,20.15835],[81.50607,20.16046],[81.51818,20.16459],[81.52493,20.16968],[81.53141,20.17288],[81.53716,20.17572],[81.54771,20.18435],[81.5513,20.18609],[81.57798,20.19109],[81.58183,20.19006],[81.59716,20.16949],[81.60526,20.16361],[81.60949,20.15487],[81.61229,20.15377]]]}},{"type":"Feature","properties":{"ID_0":105,"ISO":"IND","NAME_0":"India","ID_1":7,"NAME_1":"Chhattisgarh","ID_2":103,"NAME_2":"Bilaspur","NL_NAME_2":null,"VARNAME_2":null,"TYPE_2":"District","ENGTYPE_2":"District","STATE":"Chhattisgarh","DISTRICT":"Bilaspur"},"geometry":{"type":"MultiPolygon","coordinates":[[[[83.01507,22.23537],[83.01357,22.23322],[83.01148,22.23249],[82.99967,22.23194],[82.99088,22.23352],[82.98215,22.23283],[82.97971,22.23474],[82.97923,22.23875],[82.98587,22.24668],[82.99081,22.24707],[82.99239,22.24879],[82.99918,22.25473],[83.00421,22.25161],[83.00893,22.24591],[83.01434,22.23782],[83.01507,22.23537]]],[[[82.13463,23.08454],[82.14226,23.07467],[82.14756,23.06757],[82.15274,23.05665],[82.15377,23.05289],[82.15564,23.05047],[82.16293,23.04566],[82.16653,23.04535],[82.1705,23.04086],[82.17891,23.01558],[82.17731,23.00035],[82.17157,22.98984],[82.17269,22.97568],[82.17227,22.97079],[82.174,22.96826],[82.1875,22.95794],[82.19504,22.95003],[82.20511,22.94504],[82.20807,22.9428],[82.20833,22.942],[82.20787,22.93659],[82.20567,22.93031],[82.19689,22.91998],[82.19189,22.91681],[82.19133,22.91214],[82.18875,22.90787],[82.17915,22.90117],[82.17522,22.8992],[82.16646,22.88812],[82.16343,22.88598],[82.1542,22.88307],[82.1531,22.87835],[82.14838,22.86676],[82.14642,22.86406],[82.13961,22.86087],[82.13405,22.85491],[82.13214,22.85215],[82.13091,22.84805],[82.13335,22.84312],[82.13994,22.8406],[82.14699,22.83978],[82.15048,22.83812],[82.15057,22.82988],[82.14912,22.81918],[82.15125,22.81532],[82.15368,22.81343],[82.15473,22.81074],[82.15385,22.80474],[82.15444,22.79277],[82.14906,22.76088],[82.14822,22.75138],[82.14494,22.74418],[82.14681,22.73917],[82.15605,22.73202],[82.1591,22.72778],[82.15924,22.72334],[82.16126,22.71432],[82.1608,22.70913],[82.16219,22.69907],[82.16339,22.69572],[82.16828,22.69339],[82.16861,22.68736],[82.16786,22.67699],[82.16906,22.66732],[82.17075,22.66526],[82.17577,22.66666],[82.18217,22.66961],[82.18497,22.66974],[82.18874,22.66871],[82.19525,22.66557],[82.19668,22.66356],[82.19699,22.6616],[82.19936,22.65943],[82.20596,22.66054],[82.21401,22.66051],[82.23654,22.65551],[82.23489,22.65142],[82.2343,22.64544],[82.2327,22.64129],[82.23193,22.63173],[82.23271,22.62304],[82.23457,22.61873],[82.23221,22.60515],[82.2294,22.59623],[82.22803,22.59202],[82.22484,22.59144],[82.20732,22.59507],[82.202,22.59512],[82.19844,22.59072],[82.19513,22.58226],[82.19229,22.57862],[82.17838,22.56489],[82.17087,22.55611],[82.16512,22.55276],[82.16368,22.55165],[82.16325,22.5512],[82.1573,22.54485],[82.14914,22.54154],[82.15461,22.53701],[82.1594,22.52979],[82.15509,22.51227],[82.15371,22.4999],[82.15106,22.49719],[82.1441,22.49256],[82.13992,22.48565],[82.13848,22.48006],[82.13638,22.46274],[82.13646,22.4567],[82.13873,22.45112],[82.14539,22.44694],[82.15561,22.44491],[82.16067,22.44268],[82.16359,22.43918],[82.16586,22.42993],[82.17014,22.42057],[82.17375,22.41597],[82.17635,22.41437],[82.17666,22.41139],[82.17546,22.4066],[82.16375,22.39937],[82.16235,22.3973],[82.16145,22.38654],[82.16066,22.38417],[82.15864,22.3836],[82.144,22.38313],[82.14903,22.37418],[82.14796,22.34886],[82.14577,22.34264],[82.14339,22.33896],[82.13914,22.33469],[82.1331,22.33035],[82.13596,22.32926],[82.15743,22.32796],[82.16238,22.32314],[82.1677,22.32247],[82.17391,22.32508],[82.17726,22.32274],[82.17863,22.31946],[82.18068,22.31768],[82.18634,22.31736],[82.19055,22.31622],[82.19489,22.31238],[82.19876,22.3132],[82.20117,22.31505],[82.20816,22.32761],[82.21029,22.3367],[82.21305,22.33677],[82.21861,22.3312],[82.22123,22.32983],[82.22591,22.32887],[82.22893,22.32997],[82.23348,22.33297],[82.24893,22.33325],[82.25491,22.33453],[82.26083,22.33392],[82.26454,22.33035],[82.26621,22.32576],[82.26643,22.3207],[82.26471,22.31212],[82.25921,22.30423],[82.25741,22.30048],[82.25695,22.29266],[82.26489,22.29354],[82.27893,22.28639],[82.28609,22.28491],[82.28947,22.28492],[82.29327,22.28775],[82.29649,22.29241],[82.30093,22.2949],[82.30917,22.3082],[82.31763,22.31944],[82.32152,22.32198],[82.32632,22.32256],[82.33423,22.32172],[82.33934,22.32214],[82.34478,22.32445],[82.34885,22.32365],[82.36565,22.3143],[82.37061,22.30742],[82.37259,22.30051],[82.3927,22.30297],[82.39615,22.30165],[82.40041,22.29781],[82.40759,22.28533],[82.41274,22.28165],[82.40781,22.27682],[82.39671,22.26863],[82.38994,22.26132],[82.39452,22.25781],[82.401,22.25529],[82.40346,22.25501],[82.4179,22.24635],[82.42372,22.23998],[82.428,22.23146],[82.43251,22.22451],[82.4438,22.22159],[82.45299,22.2154],[82.45495,22.21223],[82.45264,22.19815],[82.45301,22.19458],[82.4571,22.19211],[82.46325,22.18982],[82.46783,22.18655],[82.45964,22.17957],[82.44141,22.17185],[82.43759,22.16879],[82.43089,22.16027],[82.42396,22.14875],[82.42081,22.14127],[82.42035,22.13649],[82.41166,22.13603],[82.3986,22.13272],[82.39502,22.12996],[82.39011,22.12748],[82.3813,22.12958],[82.37692,22.13223],[82.37148,22.134],[82.36617,22.13468],[82.3562,22.13398],[82.35246,22.1327],[82.34975,22.1285],[82.34569,22.1267],[82.34254,22.12359],[82.33668,22.1126],[82.3295,22.10159],[82.33247,22.09556],[82.33321,22.08849],[82.33191,22.08406],[82.33183,22.08054],[82.33293,22.07595],[82.32996,22.06076],[82.32568,22.04516],[82.32719,22.03718],[82.32685,22.02798],[82.32842,22.01371],[82.32794,22.00969],[82.32586,22.00653],[82.32321,22.00433],[82.31832,22.00219],[82.31788,21.99951],[82.31986,21.9935],[82.31837,21.98376],[82.32074,21.97831],[82.3215,21.97397],[82.32018,21.96695],[82.32547,21.95949],[82.31886,21.94804],[82.31208,21.93976],[82.30637,21.93089],[82.30369,21.92244],[82.30541,21.91129],[82.30189,21.90487],[82.30162,21.90256],[82.30537,21.90206],[82.31134,21.90001],[82.30675,21.89297],[82.31075,21.88589],[82.31121,21.87867],[82.32134,21.86688],[82.32884,21.86079],[82.33796,21.85784],[82.34805,21.85038],[82.35043,21.84187],[82.35309,21.8371],[82.35728,21.82105],[82.36295,21.80846],[82.36506,21.80046],[82.36709,21.78746],[82.37424,21.77196],[82.37466,21.76583],[82.37752,21.75726],[82.37973,21.75613],[82.38816,21.76075],[82.39425,21.75697],[82.40726,21.7568],[82.41353,21.75095],[82.41757,21.7438],[82.425,21.74035],[82.43354,21.73752],[82.42677,21.72872],[82.41962,21.72305],[82.4044,21.71436],[82.39462,21.7108],[82.38324,21.70924],[82.35341,21.71019],[82.33751,21.71157],[82.32512,21.71062],[82.30884,21.71654],[82.29831,21.72383],[82.29286,21.73313],[82.29021,21.74385],[82.28378,21.74918],[82.21046,21.75506],[82.19902,21.75907],[82.19411,21.76155],[82.18571,21.77171],[82.18031,21.78812],[82.17861,21.80689],[82.18021,21.81318],[82.18224,21.83463],[82.18159,21.83711],[82.17767,21.84166],[82.15585,21.84474],[82.14657,21.84225],[82.12389,21.83305],[82.11839,21.83221],[82.11361,21.83558],[82.10024,21.84816],[82.09473,21.85501],[82.0883,21.85741],[82.0817,21.85868],[82.06829,21.86682],[82.06079,21.8692],[82.04578,21.88014],[82.03668,21.88241],[82.03111,21.88256],[82.0273,21.87811],[82.02106,21.86087],[82.01654,21.85758],[82.00399,21.85333],[81.99736,21.8526],[81.99271,21.85296],[81.97095,21.85212],[81.96405,21.85073],[81.95059,21.84473],[81.94798,21.8409],[81.94608,21.83596],[81.94659,21.83081],[81.9453,21.82546],[81.94335,21.82155],[81.93653,21.81421],[81.93542,21.81387],[81.92332,21.82804],[81.9193,21.83107],[81.91377,21.83364],[81.90166,21.83691],[81.8964,21.83935],[81.89309,21.84273],[81.89152,21.84898],[81.89351,21.85902],[81.89355,21.86432],[81.89124,21.87334],[81.89459,21.8811],[81.89475,21.88558],[81.88873,21.89009],[81.88357,21.8908],[81.87923,21.88947],[81.87503,21.88426],[81.87031,21.88103],[81.86586,21.88142],[81.86296,21.88343],[81.85978,21.89141],[81.85713,21.89519],[81.85084,21.89482],[81.84487,21.89327],[81.84124,21.89049],[81.84079,21.88764],[81.84201,21.88159],[81.84071,21.8795],[81.83643,21.87752],[81.82387,21.87812],[81.82015,21.87906],[81.81535,21.8815],[81.8138,21.88537],[81.82074,21.90412],[81.82182,21.90895],[81.82086,21.91532],[81.81764,21.91801],[81.80932,21.92136],[81.7998,21.92662],[81.79726,21.93026],[81.79976,21.94105],[81.79925,21.94394],[81.79378,21.94618],[81.78554,21.9453],[81.7827,21.94882],[81.77856,21.95074],[81.77319,21.95055],[81.7695,21.94783],[81.76442,21.94562],[81.76136,21.94612],[81.75273,21.95121],[81.74804,21.95006],[81.73932,21.9451],[81.72749,21.94252],[81.72278,21.94243],[81.71717,21.94775],[81.71497,21.94897],[81.70694,21.95208],[81.70186,21.95246],[81.70214,21.95637],[81.69033,21.96046],[81.67684,21.95833],[81.66842,21.9593],[81.66118,21.96129],[81.65729,21.9654],[81.65616,21.97309],[81.6573,21.98194],[81.65384,21.98572],[81.64525,21.98932],[81.6278,21.98722],[81.62445,21.98263],[81.62113,21.98286],[81.61784,21.98431],[81.61397,21.98775],[81.61259,21.9909],[81.61128,22.00063],[81.60505,22.01086],[81.60197,22.01515],[81.59789,22.01861],[81.58994,22.01872],[81.58327,22.01991],[81.57759,22.02392],[81.57349,22.02384],[81.56974,22.01829],[81.57497,22.01615],[81.582,22.01531],[81.58459,22.01141],[81.58273,22.00086],[81.58556,21.99711],[81.58614,21.99129],[81.58401,21.98787],[81.57802,21.98407],[81.57427,21.98386],[81.57242,21.98677],[81.56881,21.98802],[81.56783,21.98926],[81.56855,21.99245],[81.56741,21.99542],[81.56103,21.99447],[81.55553,21.99479],[81.55368,21.99632],[81.553,22.00058],[81.54579,22.00599],[81.53472,22.0076],[81.526,22.00576],[81.51945,22.00348],[81.51894,22.00071],[81.51196,21.99112],[81.50419,22.00075],[81.49905,22.0072],[81.49701,22.01277],[81.50163,22.01602],[81.50374,22.0229],[81.50317,22.03022],[81.49364,22.02909],[81.49655,22.04836],[81.49834,22.05388],[81.50652,22.05475],[81.50896,22.06463],[81.51704,22.08239],[81.51446,22.0868],[81.51067,22.09001],[81.50741,22.10464],[81.50386,22.11121],[81.50395,22.12769],[81.50529,22.13526],[81.50798,22.13922],[81.51597,22.14305],[81.5167,22.1504],[81.52083,22.15618],[81.5192,22.16305],[81.52073,22.1748],[81.52456,22.18181],[81.53307,22.19346],[81.52943,22.20248],[81.53267,22.20764],[81.52927,22.21182],[81.52762,22.21698],[81.53307,22.22376],[81.53329,22.2302],[81.53671,22.2354],[81.54506,22.23981],[81.54532,22.25037],[81.5463,22.25622],[81.54562,22.26616],[81.54393,22.2699],[81.53472,22.27491],[81.52584,22.27637],[81.5293,22.28983],[81.52306,22.30139],[81.52251,22.30721],[81.5192,22.30803],[81.52,22.31044],[81.51511,22.31379],[81.51952,22.31609],[81.53162,22.31996],[81.53922,22.3238],[81.54465,22.33327],[81.54996,22.33919],[81.55661,22.34445],[81.55592,22.34725],[81.54073,22.34891],[81.5305,22.35847],[81.51987,22.37221],[81.51562,22.37869],[81.51393,22.38604],[81.50994,22.39378],[81.50565,22.39451],[81.50101,22.3989],[81.48505,22.41084],[81.48167,22.41852],[81.4851,22.42541],[81.48973,22.42937],[81.49062,22.43835],[81.49022,22.44423],[81.47906,22.45908],[81.47659,22.46964],[81.47725,22.47984],[81.48182,22.48764],[81.47986,22.49331],[81.48575,22.50335],[81.49012,22.50843],[81.49175,22.51733],[81.49321,22.51962],[81.50294,22.52679],[81.50656,22.52178],[81.51197,22.52353],[81.51472,22.52869],[81.51467,22.53403],[81.51542,22.53675],[81.51907,22.53998],[81.52798,22.53979],[81.53596,22.53324],[81.54222,22.52992],[81.5472,22.53126],[81.55693,22.53216],[81.56278,22.53418],[81.55731,22.53759],[81.55742,22.54689],[81.56306,22.55101],[81.56974,22.55005],[81.58316,22.54453],[81.58796,22.54403],[81.59274,22.53765],[81.59977,22.53571],[81.60896,22.53644],[81.61579,22.53902],[81.62189,22.54383],[81.62136,22.54778],[81.61942,22.55328],[81.61941,22.55856],[81.62357,22.56428],[81.63251,22.562],[81.63792,22.56211],[81.64565,22.56589],[81.64869,22.56895],[81.64942,22.57608],[81.64442,22.58338],[81.64012,22.58655],[81.64163,22.59209],[81.64139,22.60754],[81.64354,22.6144],[81.64841,22.61999],[81.65479,22.62159],[81.65655,22.632],[81.66316,22.63272],[81.6786,22.64888],[81.68839,22.64663],[81.69887,22.64588],[81.70702,22.64964],[81.71411,22.65563],[81.718,22.66373],[81.71963,22.67002],[81.72295,22.67621],[81.73014,22.67327],[81.73694,22.66905],[81.73935,22.66139],[81.74054,22.64807],[81.74893,22.64607],[81.76273,22.66359],[81.76506,22.66906],[81.76598,22.67612],[81.76289,22.68536],[81.75594,22.69765],[81.74834,22.71954],[81.74661,22.72649],[81.74912,22.73317],[81.7625,22.7353],[81.76278,22.74151],[81.76398,22.74677],[81.77815,22.75804],[81.78428,22.76662],[81.78128,22.77471],[81.77441,22.7856],[81.7759,22.80014],[81.773,22.80915],[81.7616,22.82933],[81.76086,22.83434],[81.76485,22.84069],[81.76932,22.85116],[81.77005,22.86043],[81.7694,22.87351],[81.78593,22.87708],[81.79583,22.88025],[81.82066,22.88286],[81.82645,22.88227],[81.83143,22.88297],[81.83559,22.88647],[81.85635,22.89086],[81.86111,22.89395],[81.86195,22.90461],[81.86001,22.915],[81.87051,22.91184],[81.87461,22.91332],[81.88028,22.91986],[81.88654,22.92517],[81.89489,22.92817],[81.90147,22.93306],[81.90567,22.94046],[81.91386,22.94822],[81.92345,22.95118],[81.92798,22.9542],[81.93327,22.95476],[81.94025,22.95709],[81.94257,22.96453],[81.94241,22.97527],[81.94121,22.98495],[81.93845,22.99165],[81.93854,23.00081],[81.93701,23.0033],[81.93722,23.00949],[81.9323,23.01742],[81.9268,23.02238],[81.92707,23.02604],[81.92597,23.02854],[81.91942,23.03668],[81.91843,23.04098],[81.92139,23.04746],[81.92394,23.0583],[81.92609,23.06221],[81.93501,23.06686],[81.93787,23.0696],[81.93748,23.07658],[81.9381,23.07781],[81.95263,23.07645],[81.96127,23.08018],[81.96507,23.08037],[81.96931,23.07937],[81.97215,23.08141],[81.97488,23.08176],[81.97997,23.08554],[81.98215,23.08624],[81.98546,23.08613],[81.99049,23.08467],[81.99254,23.08489],[81.9968,23.08032],[82.00219,23.07841],[82.0102,23.08062],[82.01279,23.0793],[82.01617,23.07933],[82.02409,23.08012],[82.02825,23.08166],[82.03952,23.09151],[82.04568,23.09911],[82.04768,23.10336],[82.06137,23.11594],[82.06713,23.11682],[82.06912,23.11489],[82.07189,23.1136],[82.07551,23.11215],[82.07916,23.1121],[82.08591,23.10925],[82.10165,23.10851],[82.10952,23.10549],[82.11588,23.1038],[82.12387,23.09456],[82.13463,23.08454]]]]}},{"type":"Feature","properties":{"ID_0":105,"ISO":"IND","NAME_0":"India","ID_1":7,"NAME_1":"Chhattisgarh","ID_2":104,"NAME_2":"Dantewada","NL_NAME_2":null,"VARNAME_2":null,"TYPE_2":"District","ENGTYPE_2":"District","STATE":"Chhattisgarh","DISTRICT":"Dantewada"},"geometry":{"type":"Polygon","coordinates":[[[80.61015,19.30714],[80.61772,19.30482],[80.6255,19.30681],[80.63531,19.31284],[80.65788,19.32428],[80.66439,19.32658],[80.67189,19.32645],[80.67922,19.32414],[80.6842,19.32003],[80.68529,19.3126],[80.6818,19.29584],[80.68356,19.28691],[80.68861,19.28349],[80.69375,19.28232],[80.69874,19.28227],[80.70044,19.28226],[80.70918,19.28331],[80.71831,19.2855],[80.73066,19.28403],[80.73673,19.28696],[80.74341,19.28597],[80.74924,19.28674],[80.75505,19.29524],[80.75974,19.29975],[80.76398,19.30527],[80.7662,19.30813],[80.77809,19.31854],[80.78246,19.32174],[80.7879,19.32411],[80.79501,19.32476],[80.79935,19.32516],[80.80283,19.33228],[80.80634,19.33491],[80.81283,19.33813],[80.81649,19.34247],[80.82642,19.34804],[80.83626,19.33194],[80.84027,19.33658],[80.84477,19.33752],[80.8691,19.33267],[80.88132,19.33288],[80.88487,19.33223],[80.88546,19.32837],[80.88829,19.32739],[80.88974,19.32403],[80.88927,19.31984],[80.89067,19.31647],[80.89691,19.31382],[80.90077,19.31322],[80.90625,19.31553],[80.91061,19.31205],[80.915,19.31489],[80.92037,19.31691],[80.9297,19.31459],[80.93949,19.31346],[80.94724,19.31256],[80.95251,19.30976],[80.95673,19.30541],[80.95952,19.30028],[80.95905,19.29375],[80.95735,19.28827],[80.95559,19.27547],[80.96769,19.24682],[80.96685,19.23528],[80.96249,19.22589],[80.96239,19.22077],[80.98208,19.22375],[80.98382,19.22337],[80.98598,19.2229],[80.98824,19.22679],[80.99265,19.22741],[81.00644,19.2256],[81.01393,19.22653],[81.02235,19.22756],[81.02884,19.22296],[81.03403,19.22383],[81.041,19.22931],[81.04578,19.2274],[81.04794,19.22204],[81.0532,19.22197],[81.05853,19.2235],[81.06631,19.2274],[81.06703,19.23163],[81.06516,19.24133],[81.06487,19.24287],[81.06313,19.26474],[81.06541,19.2675],[81.06851,19.26847],[81.07075,19.26916],[81.07816,19.26617],[81.08466,19.27178],[81.10365,19.26928],[81.11169,19.25875],[81.12064,19.25221],[81.12926,19.25067],[81.13402,19.25077],[81.13765,19.25474],[81.13643,19.26215],[81.13379,19.27119],[81.13448,19.289],[81.13538,19.29235],[81.14823,19.29224],[81.14925,19.29174],[81.15048,19.29113],[81.15245,19.28823],[81.15349,19.27973],[81.15316,19.27406],[81.16284,19.26506],[81.16766,19.26642],[81.17258,19.26032],[81.1761,19.24775],[81.18363,19.23927],[81.18535,19.23412],[81.18557,19.22937],[81.18793,19.22468],[81.2025,19.21935],[81.21039,19.21804],[81.21347,19.21379],[81.21516,19.21286],[81.21756,19.21153],[81.22459,19.21809],[81.22983,19.22078],[81.23853,19.22305],[81.24085,19.22709],[81.2416,19.23727],[81.25517,19.23802],[81.25907,19.22973],[81.27343,19.22306],[81.27797,19.21471],[81.29735,19.19866],[81.30286,19.19197],[81.30314,19.18693],[81.29945,19.18233],[81.29143,19.1859],[81.29132,19.17213],[81.29591,19.16076],[81.30358,19.15654],[81.30682,19.15476],[81.31073,19.1468],[81.32436,19.14286],[81.33084,19.13652],[81.33427,19.13535],[81.34943,19.15268],[81.36137,19.16511],[81.36399,19.16689],[81.38046,19.16674],[81.40157,19.17114],[81.40752,19.1689],[81.45341,19.13306],[81.45982,19.13453],[81.46152,19.13851],[81.47415,19.13369],[81.48708,19.13089],[81.48744,19.11819],[81.4769,19.1164],[81.47392,19.11387],[81.47902,19.10841],[81.48537,19.09847],[81.48602,19.09303],[81.48459,19.08373],[81.48553,19.07869],[81.4978,19.0656],[81.50583,19.06265],[81.50594,19.06204],[81.50635,19.05988],[81.49582,19.05716],[81.49031,19.04944],[81.49165,19.04423],[81.49577,19.03894],[81.5218,19.03247],[81.5155,19.02418],[81.51521,19.01982],[81.51485,19.01429],[81.51541,19.01036],[81.50662,19.00515],[81.50211,19.00493],[81.49638,19.00624],[81.49183,19.00621],[81.4876,19.00581],[81.47678,19.00478],[81.47092,19.00627],[81.47134,19.00141],[81.46267,18.9989],[81.46115,18.99525],[81.46434,18.97976],[81.47089,18.97225],[81.47179,18.97072],[81.47536,18.96471],[81.47577,18.96141],[81.4672,18.95652],[81.46169,18.95085],[81.45966,18.94411],[81.45932,18.93869],[81.47098,18.9368],[81.49448,18.92677],[81.49708,18.92494],[81.50193,18.92151],[81.50188,18.91898],[81.50182,18.91643],[81.50543,18.90987],[81.50653,18.90468],[81.50928,18.90668],[81.5131,18.90945],[81.52053,18.91626],[81.52943,18.91128],[81.54736,18.90528],[81.54092,18.88894],[81.54085,18.88149],[81.54373,18.87477],[81.54803,18.8734],[81.54789,18.8709],[81.54776,18.86866],[81.55547,18.86801],[81.55864,18.86065],[81.56335,18.86176],[81.56662,18.85948],[81.57052,18.84691],[81.57229,18.84297],[81.57626,18.83751],[81.58984,18.84089],[81.59724,18.84534],[81.60321,18.83742],[81.61163,18.83365],[81.6124,18.831],[81.61163,18.82759],[81.60783,18.82482],[81.60427,18.82223],[81.60525,18.81819],[81.61179,18.81315],[81.6151,18.81395],[81.62081,18.81532],[81.62529,18.81482],[81.62817,18.81213],[81.6302,18.80443],[81.6419,18.79641],[81.65405,18.79207],[81.6636,18.80088],[81.67073,18.81293],[81.67513,18.81549],[81.69701,18.81591],[81.70399,18.82982],[81.72034,18.81712],[81.7289,18.81288],[81.74846,18.80494],[81.75332,18.78855],[81.75928,18.7789],[81.76007,18.77478],[81.75653,18.77079],[81.75525,18.76572],[81.7585,18.76303],[81.7671,18.76461],[81.76857,18.76136],[81.76852,18.75658],[81.7654,18.74996],[81.76467,18.73703],[81.74185,18.73206],[81.74217,18.71172],[81.74123,18.7078],[81.73612,18.69994],[81.74338,18.68867],[81.73317,18.68098],[81.73152,18.67673],[81.74625,18.66959],[81.75768,18.66404],[81.75397,18.65802],[81.74907,18.6539],[81.74458,18.65389],[81.74329,18.65417],[81.74035,18.6548],[81.73019,18.65866],[81.72203,18.6642],[81.71853,18.66657],[81.70504,18.65984],[81.69569,18.6564],[81.68164,18.65285],[81.66887,18.65077],[81.66877,18.64718],[81.66868,18.64352],[81.6515,18.64565],[81.64718,18.62856],[81.6421,18.60848],[81.64302,18.60502],[81.64964,18.60189],[81.66635,18.6019],[81.69701,18.60413],[81.74123,18.59509],[81.7523,18.60087],[81.75726,18.59937],[81.77131,18.59895],[81.78042,18.59995],[81.78939,18.60338],[81.80708,18.61215],[81.8338,18.62984],[81.86696,18.63955],[81.86946,18.64413],[81.87801,18.64696],[81.88538,18.65033],[81.89001,18.64347],[81.88931,18.64113],[81.88821,18.63738],[81.8878,18.63163],[81.88729,18.62439],[81.88837,18.62099],[81.89993,18.61961],[81.91303,18.61293],[81.92623,18.60323],[81.92972,18.59639],[81.93304,18.59465],[81.93848,18.59179],[81.94888,18.58954],[81.95453,18.58671],[81.94576,18.57491],[81.94357,18.56616],[81.94534,18.56245],[81.94691,18.55915],[81.94626,18.55841],[81.94353,18.55542],[81.93624,18.5577],[81.92985,18.558],[81.92545,18.55768],[81.9202,18.5573],[81.9164,18.55902],[81.91317,18.56119],[81.9086,18.56423],[81.9008,18.55717],[81.89976,18.54904],[81.89764,18.54271],[81.89794,18.53773],[81.89865,18.53616],[81.90029,18.53252],[81.89683,18.52839],[81.89607,18.52843],[81.8826,18.52918],[81.87868,18.52628],[81.87538,18.52141],[81.87362,18.51994],[81.8708,18.51759],[81.86806,18.51748],[81.86296,18.51727],[81.85794,18.51306],[81.85303,18.50733],[81.84896,18.5006],[81.84959,18.48905],[81.84431,18.48154],[81.82893,18.46895],[81.79757,18.43976],[81.76739,18.41477],[81.7621,18.41131],[81.76037,18.39983],[81.75555,18.38625],[81.74676,18.3555],[81.74608,18.35174],[81.74491,18.34535],[81.73708,18.34422],[81.71751,18.3432],[81.69924,18.34357],[81.68079,18.34103],[81.6581,18.33929],[81.65281,18.33668],[81.64917,18.331],[81.64938,18.33058],[81.65246,18.32479],[81.66038,18.31576],[81.65867,18.3111],[81.64676,18.3115],[81.63214,18.30801],[81.62762,18.30487],[81.62139,18.30372],[81.61588,18.30084],[81.60612,18.29942],[81.59687,18.30211],[81.59341,18.30128],[81.59203,18.29748],[81.59051,18.29333],[81.58624,18.29216],[81.58179,18.28816],[81.57401,18.28117],[81.5676,18.27321],[81.54807,18.26213],[81.53946,18.26211],[81.52796,18.25908],[81.52368,18.24866],[81.52577,18.23652],[81.52287,18.22737],[81.51114,18.20194],[81.50879,18.19251],[81.50478,18.18381],[81.50525,18.17779],[81.50893,18.17407],[81.51488,18.17217],[81.52261,18.15727],[81.52174,18.14831],[81.5158,18.13993],[81.51188,18.12923],[81.51073,18.10388],[81.50866,18.09241],[81.49685,18.07271],[81.49601,18.0707],[81.49516,18.06869],[81.49488,18.06266],[81.49466,18.058],[81.4815,18.04992],[81.47752,18.03872],[81.47389,18.02851],[81.4775,18.01999],[81.47894,18.0037],[81.47768,17.99351],[81.47451,17.9887],[81.47308,17.98329],[81.47667,17.9739],[81.47688,17.97265],[81.47731,17.97002],[81.47644,17.96763],[81.47568,17.96708],[81.47326,17.96532],[81.46696,17.9549],[81.4548,17.94656],[81.44524,17.92617],[81.44511,17.92547],[81.44446,17.9221],[81.44592,17.91718],[81.44621,17.91028],[81.44807,17.90714],[81.44818,17.90508],[81.44827,17.90302],[81.4437,17.89323],[81.44275,17.88516],[81.44026,17.87914],[81.43726,17.87594],[81.43596,17.87545],[81.43451,17.8749],[81.43021,17.87468],[81.42313,17.87742],[81.41167,17.88539],[81.40376,17.88859],[81.39902,17.88849],[81.39585,17.88756],[81.39383,17.88514],[81.3905,17.87429],[81.38955,17.8621],[81.38988,17.85943],[81.39806,17.84678],[81.39737,17.84364],[81.39334,17.83582],[81.38443,17.82579],[81.38379,17.82349],[81.383,17.82058],[81.38305,17.81695],[81.3831,17.81414],[81.38497,17.80659],[81.38413,17.80349],[81.37443,17.80532],[81.36761,17.80809],[81.36108,17.80961],[81.3575,17.81042],[81.34453,17.81158],[81.33537,17.81125],[81.32599,17.81241],[81.31506,17.81234],[81.29813,17.80985],[81.26337,17.81046],[81.25404,17.81213],[81.22791,17.82629],[81.22037,17.82936],[81.21349,17.83305],[81.19196,17.8471],[81.1873,17.84834],[81.18379,17.84927],[81.17638,17.84912],[81.15957,17.85263],[81.12125,17.82833],[81.10903,17.82312],[81.0977,17.8171],[81.08909,17.81087],[81.08708,17.80334],[81.07957,17.79497],[81.07648,17.7905],[81.0736,17.78629],[81.06911,17.78511],[81.06581,17.78424],[81.06129,17.78359],[81.05598,17.78283],[81.04523,17.78399],[81.03765,17.78624],[81.03245,17.78973],[81.01257,17.81667],[81.00435,17.83835],[81.00333,17.84915],[81.00187,17.86473],[80.99724,17.89516],[80.99434,17.91423],[80.99197,17.91937],[80.98465,17.9229],[80.98329,17.93495],[80.98058,17.93986],[80.98013,17.94326],[80.97981,17.94573],[80.97806,17.94962],[80.97599,17.96292],[80.97384,17.97681],[80.97314,17.98635],[80.97264,17.99318],[80.97152,17.99737],[80.96992,18.00306],[80.96845,18.01181],[80.96617,18.0186],[80.9639,18.02444],[80.96321,18.02817],[80.96265,18.03118],[80.96227,18.03153],[80.96596,18.04347],[80.9635,18.04978],[80.95244,18.07188],[80.94399,18.08102],[80.94598,18.08424],[80.94836,18.09127],[80.94984,18.09832],[80.9498,18.10369],[80.94755,18.11684],[80.94936,18.12318],[80.96754,18.13799],[80.97263,18.14355],[80.9748,18.15192],[80.97384,18.1583],[80.97368,18.16815],[80.96557,18.16836],[80.95419,18.16698],[80.94986,18.16423],[80.94423,18.15709],[80.93673,18.1548],[80.93582,18.15253],[80.93199,18.14941],[80.91199,18.13851],[80.90073,18.13467],[80.89293,18.13445],[80.88112,18.13253],[80.86202,18.13267],[80.8616,18.13647],[80.86035,18.1375],[80.85838,18.13912],[80.85577,18.14293],[80.8555,18.14502],[80.85526,18.14679],[80.85551,18.14915],[80.85579,18.15169],[80.85168,18.16836],[80.85263,18.1785],[80.85223,18.18348],[80.84894,18.19319],[80.84848,18.19595],[80.8482,18.19765],[80.84878,18.19919],[80.84916,18.20021],[80.85651,18.19843],[80.86127,18.1987],[80.86565,18.20099],[80.86726,18.20318],[80.86749,18.20726],[80.86353,18.21719],[80.86175,18.22167],[80.8591,18.226],[80.83962,18.22804],[80.83424,18.23328],[80.82959,18.23412],[80.8242,18.23358],[80.81892,18.23098],[80.81719,18.22521],[80.81835,18.21903],[80.81773,18.21276],[80.81875,18.19202],[80.81792,18.18712],[80.81068,18.18326],[80.81085,18.17847],[80.79793,18.1663],[80.79364,18.16546],[80.78692,18.16418],[80.7624,18.16297],[80.75385,18.16389],[80.74507,18.16483],[80.73456,18.17171],[80.73254,18.19419],[80.73226,18.20545],[80.73327,18.21879],[80.75689,18.2295],[80.76938,18.2364],[80.78429,18.24327],[80.78727,18.24656],[80.78828,18.24978],[80.78812,18.25404],[80.78664,18.25591],[80.7849,18.25809],[80.78162,18.25958],[80.7774,18.25974],[80.77341,18.26493],[80.76638,18.27823],[80.76322,18.28172],[80.76157,18.2821],[80.75949,18.28257],[80.75703,18.28471],[80.75291,18.29127],[80.75133,18.29747],[80.74462,18.30218],[80.74528,18.30509],[80.74444,18.31686],[80.74293,18.32216],[80.73479,18.33868],[80.72639,18.35025],[80.72405,18.35737],[80.72276,18.36131],[80.72289,18.36423],[80.72307,18.3679],[80.72424,18.37198],[80.72275,18.3758],[80.71863,18.37924],[80.71626,18.38294],[80.71594,18.38552],[80.71573,18.38729],[80.72401,18.39525],[80.72713,18.4],[80.72878,18.4038],[80.72654,18.40899],[80.72248,18.41032],[80.71828,18.4098],[80.71735,18.40908],[80.71303,18.40573],[80.69101,18.41935],[80.69263,18.42885],[80.69526,18.43457],[80.69889,18.436],[80.69497,18.44077],[80.69192,18.44045],[80.68309,18.44462],[80.6828,18.44716],[80.68246,18.45002],[80.68052,18.45355],[80.67415,18.45632],[80.67319,18.45831],[80.67153,18.45974],[80.66982,18.46121],[80.66611,18.46264],[80.66236,18.46574],[80.65078,18.47228],[80.64826,18.47908],[80.64485,18.48351],[80.63682,18.49395],[80.63459,18.49863],[80.63396,18.50125],[80.63351,18.50315],[80.63534,18.50573],[80.63641,18.50723],[80.63564,18.51159],[80.63498,18.51531],[80.63348,18.51761],[80.63268,18.51884],[80.62698,18.51816],[80.62132,18.52313],[80.61385,18.52605],[80.61082,18.53353],[80.60403,18.54072],[80.60098,18.54503],[80.59557,18.54908],[80.58147,18.55745],[80.56795,18.56145],[80.56195,18.56956],[80.55779,18.57276],[80.54044,18.58295],[80.532,18.58606],[80.53004,18.58879],[80.52932,18.58981],[80.52872,18.59285],[80.52857,18.5937],[80.5218,18.60076],[80.51801,18.60345],[80.51525,18.6073],[80.51383,18.61314],[80.51071,18.61567],[80.49812,18.61765],[80.48839,18.62672],[80.48347,18.62812],[80.48205,18.62792],[80.48006,18.62764],[80.47218,18.62369],[80.46774,18.6228],[80.46301,18.62269],[80.45525,18.6249],[80.4502,18.62635],[80.41756,18.61072],[80.41599,18.60879],[80.40704,18.60775],[80.40209,18.60718],[80.39326,18.60296],[80.3894,18.59926],[80.38558,18.59649],[80.38156,18.5936],[80.37053,18.60306],[80.36695,18.60465],[80.36252,18.60374],[80.35973,18.60218],[80.35749,18.59834],[80.35594,18.59371],[80.3529,18.59094],[80.34853,18.58849],[80.34184,18.58644],[80.33879,18.58821],[80.33668,18.59052],[80.33147,18.5966],[80.31931,18.62173],[80.315,18.63629],[80.30781,18.65228],[80.29946,18.67921],[80.29631,18.68564],[80.28884,18.69501],[80.27791,18.71096],[80.27091,18.7135],[80.26754,18.71797],[80.25754,18.73126],[80.25481,18.73613],[80.24745,18.74355],[80.2408,18.74869],[80.23956,18.75221],[80.2405,18.75661],[80.24216,18.75975],[80.249,18.76525],[80.25456,18.76595],[80.26065,18.76508],[80.26145,18.76497],[80.26292,18.76429],[80.26542,18.76316],[80.27182,18.76222],[80.27655,18.76485],[80.27953,18.76785],[80.29018,18.78625],[80.29416,18.79059],[80.29944,18.79353],[80.30589,18.79435],[80.31873,18.79598],[80.3347,18.80611],[80.34622,18.81108],[80.34779,18.81594],[80.3485,18.82394],[80.34558,18.83393],[80.33964,18.84834],[80.33573,18.85612],[80.32565,18.86996],[80.32166,18.87483],[80.31347,18.88118],[80.30991,18.8848],[80.30856,18.88617],[80.2981,18.90046],[80.29139,18.90759],[80.27047,18.92492],[80.26764,18.92879],[80.26517,18.93456],[80.26469,18.93732],[80.26413,18.94052],[80.26532,18.94699],[80.26748,18.95257],[80.26902,18.96416],[80.26735,18.98067],[80.26753,18.98396],[80.26772,18.98733],[80.27231,18.99744],[80.28812,19.01393],[80.29341,19.02159],[80.29529,19.02874],[80.29054,19.04001],[80.28884,19.04629],[80.2917,19.0498],[80.30225,19.05555],[80.31577,19.06458],[80.31996,19.0694],[80.32211,19.07487],[80.32256,19.08216],[80.31995,19.08822],[80.32412,19.09493],[80.33154,19.10108],[80.32968,19.10742],[80.32236,19.12022],[80.32086,19.12449],[80.32485,19.14153],[80.33555,19.14757],[80.33963,19.15302],[80.34059,19.15892],[80.34412,19.16181],[80.34547,19.16291],[80.36236,19.16932],[80.3729,19.17512],[80.38111,19.18073],[80.38667,19.18902],[80.38612,19.19563],[80.37994,19.20871],[80.37702,19.21737],[80.37918,19.23261],[80.38335,19.23914],[80.38845,19.24331],[80.39684,19.24621],[80.40157,19.24683],[80.40818,19.2477],[80.41447,19.24919],[80.41917,19.25028],[80.42807,19.25438],[80.43703,19.26107],[80.44543,19.26989],[80.4568,19.29916],[80.46213,19.30814],[80.4645,19.31395],[80.4653,19.31592],[80.4705,19.32892],[80.47559,19.33504],[80.4811,19.33782],[80.50039,19.3413],[80.50721,19.34359],[80.51384,19.3482],[80.51898,19.35401],[80.52271,19.35975],[80.52612,19.36721],[80.53154,19.3743],[80.55934,19.39755],[80.56782,19.40092],[80.57085,19.39942],[80.57286,19.39842],[80.58394,19.37716],[80.58472,19.3737],[80.58226,19.36834],[80.58559,19.35302],[80.58862,19.3444],[80.59267,19.33521],[80.59568,19.33132],[80.59852,19.32467],[80.60007,19.31809],[80.60394,19.31177],[80.61015,19.30714]]]}},{"type":"Feature","properties":{"ID_0":105,"ISO":"IND","NAME_0":"India","ID_1":7,"NAME_1":"Chhattisgarh","ID_2":105,"NAME_2":"Dhamtari","NL_NAME_2":null,"VARNAME_2":null,"TYPE_2":"District","ENGTYPE_2":"District","STATE":"Chhattisgarh","DISTRICT":"Dhamtari"},"geometry":{"type":"Polygon","coordinates":[[[81.60662,21.02365],[81.61259,21.01884],[81.61495,21.01789],[81.61824,21.01471],[81.62479,21.01147],[81.62646,21.00919],[81.62864,21.00783],[81.64012,21.00689],[81.64561,21.00261],[81.64915,20.99857],[81.6524,20.99626],[81.6549,20.99679],[81.6637,20.99643],[81.66818,20.99722],[81.67476,20.99573],[81.67976,20.99586],[81.68217,20.9988],[81.68555,21.00159],[81.68896,21.00057],[81.692,21.00173],[81.69659,21.0097],[81.70118,21.01401],[81.70389,21.01487],[81.70693,21.01431],[81.71159,21.00754],[81.71306,21.00678],[81.71606,21.0068],[81.72838,21.01036],[81.7324,21.0105],[81.74453,21.00792],[81.74877,21.00467],[81.75308,20.99805],[81.75404,20.995],[81.75806,20.98936],[81.75906,20.98246],[81.76279,20.98043],[81.76841,20.97868],[81.77979,20.96371],[81.79115,20.96196],[81.79825,20.96236],[81.80352,20.96017],[81.80776,20.95733],[81.80989,20.95456],[81.81007,20.95045],[81.80927,20.94675],[81.81087,20.94329],[81.81785,20.94503],[81.8307,20.93724],[81.83516,20.93673],[81.84237,20.93749],[81.84883,20.94005],[81.85327,20.94407],[81.85741,20.95507],[81.85921,20.95635],[81.87067,20.9599],[81.87123,20.93366],[81.8709,20.92694],[81.87302,20.91332],[81.87809,20.90563],[81.88177,20.90337],[81.88689,20.89793],[81.8881,20.88926],[81.88577,20.88239],[81.8846,20.8751],[81.88493,20.86869],[81.89647,20.84666],[81.89776,20.83932],[81.90053,20.83042],[81.90598,20.824],[81.91658,20.81597],[81.91917,20.81093],[81.91862,20.80688],[81.91733,20.804],[81.90376,20.78766],[81.90566,20.7817],[81.90974,20.77888],[81.91853,20.76751],[81.91944,20.76341],[81.91884,20.75405],[81.9198,20.74572],[81.92152,20.74305],[81.9269,20.73791],[81.93044,20.73542],[81.93388,20.7341],[81.96475,20.72683],[81.97325,20.72318],[81.97673,20.71947],[81.978,20.71548],[81.97635,20.70144],[81.97732,20.6985],[81.98681,20.68784],[81.99256,20.68326],[81.99492,20.6799],[82.00562,20.67193],[82.00738,20.66932],[82.00698,20.66638],[82.00171,20.6602],[81.99667,20.6463],[81.99339,20.64244],[81.99005,20.63644],[81.98882,20.63153],[81.98963,20.6243],[81.99062,20.62239],[81.99307,20.62186],[81.99559,20.61316],[81.99987,20.6035],[82.00467,20.58774],[82.01066,20.57382],[82.01141,20.5539],[82.01307,20.54242],[82.014,20.52545],[82.01564,20.52257],[82.02554,20.51777],[82.0296,20.51419],[82.03044,20.50838],[82.0331,20.50591],[82.03407,20.50154],[82.03529,20.49976],[82.04197,20.49842],[82.0428,20.49376],[82.04208,20.48981],[82.04243,20.48648],[82.04399,20.48395],[82.04425,20.48045],[82.04909,20.47434],[82.04914,20.46918],[82.04681,20.45966],[82.04826,20.45507],[82.05328,20.44563],[82.05637,20.44333],[82.05653,20.43632],[82.05762,20.43266],[82.06516,20.42907],[82.06799,20.42545],[82.06809,20.41741],[82.07045,20.41383],[82.07559,20.40883],[82.076,20.39964],[82.07624,20.39321],[82.07314,20.38742],[82.07281,20.38358],[82.07401,20.38042],[82.07727,20.37742],[82.07752,20.37346],[82.07289,20.36332],[82.07396,20.3574],[82.08102,20.34181],[82.07889,20.33407],[82.07905,20.33119],[82.07673,20.3258],[82.07805,20.32391],[82.08352,20.32068],[82.08852,20.31572],[82.09413,20.30335],[82.10081,20.28535],[82.10785,20.2832],[82.12556,20.28381],[82.13515,20.28251],[82.14399,20.27736],[82.14963,20.26368],[82.15854,20.25515],[82.16721,20.25505],[82.16635,20.25062],[82.16334,20.24461],[82.155,20.23264],[82.15696,20.22868],[82.15526,20.2242],[82.15272,20.22398],[82.15063,20.22279],[82.14765,20.21832],[82.14254,20.21679],[82.14053,20.21491],[82.12751,20.18108],[82.12663,20.17574],[82.12785,20.16676],[82.12584,20.15145],[82.12859,20.14254],[82.12188,20.13762],[82.11749,20.13562],[82.11651,20.13413],[82.11378,20.13409],[82.1134,20.13116],[82.11073,20.13158],[82.1067,20.12867],[82.10516,20.12366],[82.1047,20.11729],[82.10332,20.1115],[82.10117,20.10651],[82.09526,20.09999],[82.08663,20.09761],[82.07213,20.09812],[82.06572,20.09896],[82.05907,20.10162],[82.05498,20.10073],[82.03507,20.09166],[82.02775,20.09393],[82.02357,20.07297],[82.01902,20.06281],[82.01655,20.05933],[82.01601,20.05692],[82.01654,20.05011],[82.00996,20.0448],[82.0069,20.04733],[82.00103,20.04926],[81.99555,20.04753],[81.99271,20.04782],[81.9866,20.05207],[81.9833,20.05703],[81.97849,20.06918],[81.97357,20.07561],[81.96265,20.08557],[81.95477,20.09148],[81.94421,20.1016],[81.94135,20.10225],[81.93697,20.10115],[81.93393,20.09931],[81.92564,20.09012],[81.92188,20.08695],[81.91543,20.07383],[81.91027,20.06705],[81.90143,20.05912],[81.89418,20.04825],[81.88946,20.04327],[81.88504,20.04172],[81.88087,20.04242],[81.87622,20.04439],[81.87376,20.04618],[81.86776,20.05087],[81.86652,20.05359],[81.86823,20.06984],[81.86725,20.0729],[81.86723,20.07938],[81.8648,20.08389],[81.8457,20.10102],[81.84287,20.10686],[81.84309,20.11569],[81.84038,20.14141],[81.84057,20.15949],[81.83865,20.16082],[81.82647,20.16301],[81.81975,20.16521],[81.81528,20.16597],[81.80937,20.16529],[81.80681,20.17414],[81.80589,20.18032],[81.8074,20.18599],[81.79808,20.20734],[81.79473,20.20965],[81.78087,20.20681],[81.7776,20.22208],[81.77479,20.2241],[81.77155,20.2252],[81.77008,20.2289],[81.77471,20.24064],[81.77716,20.2433],[81.78211,20.25718],[81.79296,20.25342],[81.79552,20.25365],[81.79593,20.25464],[81.79465,20.25926],[81.78789,20.27378],[81.78593,20.28037],[81.78336,20.28564],[81.77192,20.27644],[81.76654,20.27661],[81.7622,20.27811],[81.75806,20.28101],[81.75599,20.28461],[81.75549,20.28869],[81.75568,20.29518],[81.7578,20.30402],[81.76068,20.30691],[81.77018,20.30778],[81.77251,20.31606],[81.77658,20.31732],[81.78658,20.31778],[81.78897,20.31848],[81.79044,20.32216],[81.79018,20.32588],[81.77975,20.34179],[81.77768,20.35254],[81.77467,20.35294],[81.76584,20.34987],[81.76231,20.35005],[81.7587,20.35266],[81.75785,20.35613],[81.75991,20.3637],[81.76071,20.37162],[81.76418,20.37982],[81.76217,20.38382],[81.75246,20.38862],[81.74757,20.39301],[81.73841,20.40561],[81.73193,20.41718],[81.72961,20.42452],[81.72911,20.43539],[81.73215,20.4506],[81.73557,20.46193],[81.73428,20.46488],[81.72911,20.46766],[81.72806,20.4717],[81.72975,20.47898],[81.72419,20.47951],[81.69629,20.47863],[81.68816,20.47915],[81.67918,20.48227],[81.66843,20.48699],[81.66411,20.48995],[81.65269,20.49474],[81.64315,20.49259],[81.6373,20.49293],[81.63711,20.49842],[81.63539,20.50155],[81.63264,20.50404],[81.61859,20.50922],[81.61364,20.51193],[81.61057,20.51205],[81.60546,20.51048],[81.60136,20.51141],[81.5969,20.51389],[81.579,20.51537],[81.56815,20.51536],[81.56251,20.5146],[81.5547,20.51152],[81.55085,20.511],[81.54743,20.51176],[81.53815,20.51156],[81.53558,20.50705],[81.535,20.50369],[81.53299,20.49924],[81.52958,20.49537],[81.52542,20.49276],[81.5156,20.48997],[81.51024,20.49134],[81.50655,20.4936],[81.50386,20.49677],[81.50056,20.50284],[81.49651,20.51411],[81.4951,20.51607],[81.49221,20.51676],[81.48643,20.5142],[81.48161,20.51084],[81.45174,20.51189],[81.43482,20.51591],[81.42371,20.51363],[81.41796,20.5157],[81.40989,20.52263],[81.40732,20.52268],[81.40579,20.52459],[81.40468,20.54955],[81.41337,20.54865],[81.41476,20.54887],[81.41751,20.5493],[81.42263,20.55763],[81.42628,20.56046],[81.43056,20.56256],[81.43929,20.5634],[81.44894,20.56433],[81.44807,20.57126],[81.43935,20.58697],[81.44318,20.58699],[81.44753,20.58508],[81.45878,20.58279],[81.4608,20.58331],[81.46433,20.58649],[81.46675,20.58671],[81.46696,20.58673],[81.46729,20.58667],[81.46899,20.58639],[81.48115,20.58074],[81.48133,20.58072],[81.48397,20.58046],[81.48861,20.58365],[81.5015,20.58505],[81.51028,20.58726],[81.50793,20.59075],[81.50666,20.59263],[81.50458,20.5894],[81.49151,20.5911],[81.48826,20.59283],[81.48686,20.58972],[81.47051,20.59061],[81.46849,20.59217],[81.4691,20.59517],[81.47031,20.5968],[81.48312,20.59988],[81.48587,20.59919],[81.48737,20.59949],[81.48881,20.59978],[81.50704,20.61009],[81.50887,20.62095],[81.50648,20.6205],[81.50269,20.61662],[81.49593,20.61339],[81.4933,20.60828],[81.48903,20.61181],[81.48609,20.617],[81.48565,20.62064],[81.48619,20.62318],[81.48753,20.62509],[81.49028,20.62648],[81.49471,20.63424],[81.49526,20.64314],[81.49366,20.64534],[81.48888,20.64892],[81.48909,20.65242],[81.4893,20.65592],[81.49229,20.65887],[81.50366,20.66166],[81.50635,20.66316],[81.5084,20.67097],[81.50827,20.67652],[81.50659,20.68698],[81.51018,20.70058],[81.51022,20.70971],[81.49821,20.71409],[81.49212,20.71188],[81.49031,20.71043],[81.48789,20.71074],[81.48631,20.71095],[81.48447,20.71279],[81.48347,20.71544],[81.47791,20.72151],[81.47661,20.72388],[81.47837,20.73174],[81.48281,20.74279],[81.4817,20.74453],[81.48211,20.75638],[81.47684,20.76255],[81.47597,20.77065],[81.47668,20.77301],[81.47889,20.77515],[81.48289,20.77709],[81.48946,20.78026],[81.49123,20.78662],[81.49664,20.78975],[81.50074,20.79495],[81.50685,20.79613],[81.5082,20.79734],[81.51117,20.80833],[81.51104,20.81022],[81.51085,20.81295],[81.51299,20.81671],[81.51309,20.82232],[81.51188,20.8266],[81.50819,20.82734],[81.50344,20.82701],[81.49988,20.82675],[81.49559,20.8272],[81.48983,20.83153],[81.49062,20.83662],[81.49416,20.84189],[81.49248,20.84483],[81.48403,20.84933],[81.48195,20.84914],[81.47811,20.8488],[81.47284,20.85318],[81.47049,20.85601],[81.46828,20.8618],[81.46888,20.8685],[81.47917,20.86892],[81.48902,20.88126],[81.49277,20.88982],[81.49663,20.89231],[81.51366,20.89239],[81.5195,20.8976],[81.52405,20.90771],[81.52651,20.91563],[81.53412,20.925],[81.53973,20.92818],[81.555,20.9301],[81.56166,20.93167],[81.56808,20.93456],[81.58025,20.93688],[81.58436,20.9396],[81.58952,20.94896],[81.60004,20.95427],[81.60354,20.95705],[81.60633,20.96],[81.60884,20.96456],[81.60829,20.96985],[81.60612,20.97329],[81.60648,20.97794],[81.61311,20.98312],[81.61693,20.98721],[81.61642,20.99322],[81.61313,20.99856],[81.61124,21.00388],[81.60814,21.01029],[81.60196,21.01692],[81.60662,21.02365]]]}},{"type":"Feature","properties":{"ID_0":105,"ISO":"IND","NAME_0":"India","ID_1":7,"NAME_1":"Chhattisgarh","ID_2":106,"NAME_2":"Durg","NL_NAME_2":null,"VARNAME_2":null,"TYPE_2":"District","ENGTYPE_2":"District","STATE":"Chhattisgarh","DISTRICT":"Durg"},"geometry":{"type":"Polygon","coordinates":[[[81.61784,21.98431],[81.62113,21.98286],[81.62445,21.98263],[81.6278,21.98722],[81.64525,21.98932],[81.65384,21.98572],[81.6573,21.98194],[81.65616,21.97309],[81.65729,21.9654],[81.66118,21.96129],[81.66842,21.9593],[81.67684,21.95833],[81.69033,21.96046],[81.70214,21.95637],[81.70186,21.95246],[81.70694,21.95208],[81.71497,21.94897],[81.71717,21.94775],[81.72278,21.94243],[81.72749,21.94252],[81.73932,21.9451],[81.74804,21.95006],[81.75273,21.95121],[81.76136,21.94612],[81.76442,21.94562],[81.7695,21.94783],[81.77319,21.95055],[81.77856,21.95074],[81.7827,21.94882],[81.78554,21.9453],[81.79378,21.94618],[81.79925,21.94394],[81.79976,21.94105],[81.79726,21.93026],[81.7998,21.92662],[81.80932,21.92136],[81.81764,21.91801],[81.82086,21.91532],[81.82182,21.90895],[81.82074,21.90412],[81.8138,21.88537],[81.81535,21.8815],[81.82015,21.87906],[81.82387,21.87812],[81.83643,21.87752],[81.84071,21.8795],[81.84201,21.88159],[81.84079,21.88764],[81.84124,21.89049],[81.84487,21.89327],[81.85084,21.89482],[81.85713,21.89519],[81.85978,21.89141],[81.86296,21.88343],[81.86586,21.88142],[81.87031,21.88103],[81.87503,21.88426],[81.87923,21.88947],[81.88357,21.8908],[81.88873,21.89009],[81.89475,21.88558],[81.89459,21.8811],[81.89124,21.87334],[81.89355,21.86432],[81.89351,21.85902],[81.89152,21.84898],[81.89309,21.84273],[81.8964,21.83935],[81.90166,21.83691],[81.91377,21.83364],[81.9193,21.83107],[81.92332,21.82804],[81.93542,21.81387],[81.90617,21.79147],[81.89719,21.78129],[81.89358,21.77832],[81.88556,21.7737],[81.87747,21.77083],[81.8723,21.76949],[81.86945,21.76869],[81.8556,21.76629],[81.84749,21.75867],[81.84184,21.75661],[81.8248,21.75978],[81.81347,21.75928],[81.80641,21.76306],[81.80022,21.76938],[81.79468,21.76931],[81.79002,21.76824],[81.77991,21.76395],[81.77462,21.76516],[81.7689,21.76788],[81.76583,21.76784],[81.76009,21.76258],[81.75466,21.75557],[81.74123,21.74816],[81.7378,21.74877],[81.73436,21.75105],[81.7327,21.75608],[81.73225,21.76027],[81.72949,21.76454],[81.72557,21.76445],[81.71532,21.76127],[81.71195,21.76105],[81.70419,21.76268],[81.70113,21.7623],[81.6949,21.75837],[81.69276,21.75378],[81.69228,21.74931],[81.70199,21.73644],[81.70833,21.72993],[81.71249,21.7175],[81.71706,21.71222],[81.71838,21.70949],[81.71578,21.69611],[81.71624,21.69319],[81.71165,21.6881],[81.70309,21.68164],[81.6989,21.67998],[81.68732,21.67838],[81.67737,21.67489],[81.67126,21.67038],[81.66884,21.66318],[81.66698,21.66075],[81.66278,21.66055],[81.65818,21.66132],[81.65505,21.65949],[81.6531,21.65455],[81.65421,21.64936],[81.65678,21.6448],[81.66169,21.64063],[81.67207,21.63515],[81.68252,21.62745],[81.68958,21.62007],[81.69218,21.61609],[81.69289,21.60968],[81.69128,21.60218],[81.68966,21.59946],[81.68678,21.59441],[81.67896,21.58305],[81.67635,21.57439],[81.67209,21.57069],[81.66422,21.56719],[81.66163,21.56412],[81.66299,21.55135],[81.66271,21.547],[81.66165,21.54439],[81.64516,21.54589],[81.63829,21.5443],[81.63715,21.54053],[81.63899,21.52543],[81.63844,21.51845],[81.62765,21.51018],[81.62478,21.5049],[81.62375,21.48343],[81.62486,21.47346],[81.61906,21.46703],[81.61816,21.46332],[81.61994,21.45317],[81.62602,21.44498],[81.62634,21.44107],[81.62394,21.43351],[81.62597,21.42477],[81.62508,21.41482],[81.62673,21.41107],[81.63188,21.40568],[81.63219,21.40271],[81.62222,21.38873],[81.6195,21.38612],[81.60922,21.38585],[81.60403,21.38222],[81.60398,21.37901],[81.60615,21.37195],[81.60474,21.36584],[81.6024,21.36318],[81.59945,21.36182],[81.58891,21.35866],[81.58741,21.35569],[81.58931,21.3458],[81.58617,21.34149],[81.57847,21.33432],[81.57263,21.33279],[81.56686,21.33369],[81.56126,21.33619],[81.55773,21.33591],[81.55063,21.33496],[81.54745,21.33358],[81.54602,21.33143],[81.54373,21.30854],[81.54182,21.30553],[81.5388,21.30368],[81.52977,21.30292],[81.52753,21.30083],[81.52847,21.29635],[81.53732,21.27788],[81.53807,21.27415],[81.53851,21.27147],[81.53609,21.25681],[81.53705,21.24841],[81.53812,21.24556],[81.53938,21.24287],[81.54166,21.24064],[81.54439,21.23963],[81.55618,21.2402],[81.55981,21.23867],[81.56349,21.23398],[81.56657,21.22645],[81.5709,21.22047],[81.58024,21.21692],[81.58678,21.21081],[81.59583,21.20436],[81.60004,21.19756],[81.60422,21.18433],[81.60816,21.17824],[81.61173,21.16982],[81.61752,21.16001],[81.6027,21.15928],[81.59946,21.15766],[81.59946,21.14747],[81.58969,21.14089],[81.58504,21.134],[81.58065,21.12965],[81.57692,21.1221],[81.576,21.10608],[81.57495,21.10406],[81.5742,21.09823],[81.57104,21.09278],[81.57332,21.08438],[81.57266,21.07418],[81.57365,21.0719],[81.57662,21.06997],[81.58373,21.06724],[81.58731,21.066],[81.59617,21.06491],[81.59982,21.0636],[81.60245,21.05934],[81.60188,21.05504],[81.59744,21.05222],[81.59152,21.04969],[81.58146,21.04841],[81.5806,21.04416],[81.58224,21.04218],[81.5939,21.03822],[81.59704,21.03535],[81.60173,21.02828],[81.60662,21.02365],[81.60196,21.01692],[81.60814,21.01029],[81.61124,21.00388],[81.61313,20.99856],[81.61642,20.99322],[81.61693,20.98721],[81.61311,20.98312],[81.60648,20.97794],[81.60612,20.97329],[81.60829,20.96985],[81.60884,20.96456],[81.60633,20.96],[81.60354,20.95705],[81.60004,20.95427],[81.58952,20.94896],[81.58436,20.9396],[81.58025,20.93688],[81.56808,20.93456],[81.56166,20.93167],[81.555,20.9301],[81.53973,20.92818],[81.53412,20.925],[81.52651,20.91563],[81.52405,20.90771],[81.5195,20.8976],[81.51366,20.89239],[81.49663,20.89231],[81.49277,20.88982],[81.48902,20.88126],[81.47917,20.86892],[81.46888,20.8685],[81.46828,20.8618],[81.47049,20.85601],[81.47284,20.85318],[81.47811,20.8488],[81.48195,20.84914],[81.48403,20.84933],[81.49248,20.84483],[81.49416,20.84189],[81.49062,20.83662],[81.48983,20.83153],[81.49559,20.8272],[81.49988,20.82675],[81.50344,20.82701],[81.50819,20.82734],[81.51188,20.8266],[81.51309,20.82232],[81.51299,20.81671],[81.51085,20.81295],[81.51104,20.81022],[81.51117,20.80833],[81.5082,20.79734],[81.50685,20.79613],[81.50074,20.79495],[81.49664,20.78975],[81.49123,20.78662],[81.48946,20.78026],[81.48289,20.77709],[81.47889,20.77515],[81.47668,20.77301],[81.47597,20.77065],[81.47684,20.76255],[81.48211,20.75638],[81.4817,20.74453],[81.48281,20.74279],[81.47837,20.73174],[81.47661,20.72388],[81.47791,20.72151],[81.48347,20.71544],[81.48447,20.71279],[81.48631,20.71095],[81.48789,20.71074],[81.49031,20.71043],[81.49212,20.71188],[81.49821,20.71409],[81.51022,20.70971],[81.51018,20.70058],[81.50659,20.68698],[81.50827,20.67652],[81.5084,20.67097],[81.50635,20.66316],[81.50366,20.66166],[81.49229,20.65887],[81.4893,20.65592],[81.48909,20.65242],[81.48888,20.64892],[81.49366,20.64534],[81.49526,20.64314],[81.49471,20.63424],[81.49028,20.62648],[81.48753,20.62509],[81.48619,20.62318],[81.48565,20.62064],[81.48609,20.617],[81.48903,20.61181],[81.4933,20.60828],[81.49593,20.61339],[81.50269,20.61662],[81.50648,20.6205],[81.50887,20.62095],[81.50704,20.61009],[81.48881,20.59978],[81.48737,20.59949],[81.48587,20.59919],[81.48312,20.59988],[81.47031,20.5968],[81.4691,20.59517],[81.46849,20.59217],[81.47051,20.59061],[81.48686,20.58972],[81.48826,20.59283],[81.49151,20.5911],[81.50458,20.5894],[81.50666,20.59263],[81.50793,20.59075],[81.51028,20.58726],[81.5015,20.58505],[81.48861,20.58365],[81.48397,20.58046],[81.48133,20.58072],[81.48115,20.58074],[81.46899,20.58639],[81.46729,20.58667],[81.46696,20.58673],[81.46675,20.58671],[81.46433,20.58649],[81.4608,20.58331],[81.45878,20.58279],[81.44753,20.58508],[81.44318,20.58699],[81.43935,20.58697],[81.44807,20.57126],[81.44894,20.56433],[81.43929,20.5634],[81.43056,20.56256],[81.42628,20.56046],[81.42263,20.55763],[81.41751,20.5493],[81.41476,20.54887],[81.41337,20.54865],[81.40468,20.54955],[81.40127,20.54908],[81.39713,20.54746],[81.39237,20.54328],[81.38159,20.53153],[81.37756,20.52955],[81.37322,20.52978],[81.35709,20.53431],[81.35103,20.54239],[81.34624,20.54695],[81.33642,20.54813],[81.33312,20.54749],[81.32325,20.55307],[81.31423,20.55236],[81.30874,20.54789],[81.30502,20.54152],[81.30217,20.53556],[81.30032,20.52636],[81.29095,20.51582],[81.2848,20.51053],[81.26496,20.50511],[81.25144,20.49755],[81.24937,20.49529],[81.25064,20.49451],[81.25214,20.49357],[81.25439,20.49086],[81.25549,20.48746],[81.25867,20.47763],[81.25792,20.4732],[81.25741,20.47023],[81.25668,20.46854],[81.25582,20.46652],[81.24618,20.45198],[81.2485,20.44804],[81.25009,20.44534],[81.24727,20.441],[81.2411,20.43706],[81.23158,20.43847],[81.23088,20.43088],[81.22918,20.42597],[81.22398,20.427],[81.22173,20.42595],[81.22194,20.42138],[81.22024,20.41733],[81.21811,20.41496],[81.2167,20.41453],[81.21561,20.4142],[81.19814,20.41085],[81.18851,20.40807],[81.18133,20.407],[81.16983,20.40145],[81.16579,20.39697],[81.16361,20.3931],[81.15554,20.38578],[81.15212,20.38149],[81.15038,20.37795],[81.14629,20.37505],[81.13879,20.37737],[81.12262,20.38872],[81.1002,20.39886],[81.07695,20.41302],[81.06956,20.41663],[81.06558,20.41746],[81.0532,20.41748],[81.04324,20.4186],[81.03573,20.42119],[81.03139,20.42416],[81.02874,20.42711],[81.02389,20.43561],[81.01744,20.44439],[81.00914,20.45014],[81.00168,20.45306],[80.99333,20.45628],[80.9892,20.45471],[80.98734,20.45149],[80.9834,20.45038],[80.97974,20.44919],[80.97697,20.449],[80.97466,20.44772],[80.97359,20.44573],[80.97365,20.44319],[80.97182,20.441],[80.96761,20.43933],[80.96103,20.43513],[80.95202,20.43282],[80.94801,20.43393],[80.94297,20.43664],[80.94053,20.43767],[80.93888,20.43837],[80.94187,20.44699],[80.94093,20.45302],[80.93896,20.45903],[80.94896,20.46381],[80.95792,20.46499],[80.96494,20.46979],[80.96496,20.47579],[80.96402,20.48421],[80.96107,20.49385],[80.95312,20.49627],[80.94516,20.49871],[80.93721,20.50595],[80.94129,20.51916],[80.94732,20.52636],[80.94537,20.53719],[80.94642,20.5444],[80.95266,20.54973],[80.95343,20.55039],[80.96042,20.55396],[80.96589,20.55395],[80.9714,20.55393],[80.97845,20.56473],[80.98648,20.57431],[80.98558,20.59116],[80.98168,20.60801],[80.97769,20.60802],[80.96976,20.61287],[80.96178,20.6165],[80.9548,20.61532],[80.95282,20.61894],[80.94785,20.62377],[80.93991,20.6274],[80.93092,20.62983],[80.933,20.64185],[80.93806,20.65506],[80.93767,20.65934],[80.93752,20.66103],[80.93726,20.66331],[80.93582,20.66525],[80.93214,20.6651],[80.92866,20.66496],[80.92273,20.66206],[80.91344,20.64861],[80.91002,20.64659],[80.90679,20.64815],[80.90204,20.66338],[80.89496,20.6631],[80.88869,20.6605],[80.88478,20.6552],[80.88003,20.6533],[80.87523,20.65526],[80.86691,20.66357],[80.86526,20.66421],[80.86423,20.66461],[80.85641,20.66369],[80.85223,20.66658],[80.84895,20.66992],[80.84854,20.67101],[80.84799,20.67246],[80.85427,20.68682],[80.82164,20.68354],[80.81518,20.68487],[80.8097,20.68874],[80.80685,20.69387],[80.8066,20.69684],[80.80632,20.70027],[80.80517,20.70425],[80.80116,20.70869],[80.80203,20.70981],[80.80286,20.71089],[80.79855,20.71486],[80.79843,20.71849],[80.80248,20.72368],[80.80272,20.72916],[80.80803,20.73365],[80.80901,20.73776],[80.81341,20.74427],[80.81463,20.74819],[80.81332,20.75661],[80.81509,20.76019],[80.8193,20.76243],[80.83801,20.76923],[80.85156,20.7773],[80.8632,20.7856],[80.86665,20.79471],[80.87672,20.80226],[80.88384,20.79799],[80.89154,20.8056],[80.89332,20.80548],[80.89543,20.80138],[80.90031,20.79913],[80.90085,20.79238],[80.89424,20.79095],[80.89484,20.78611],[80.89886,20.78402],[80.90063,20.78056],[80.90086,20.77953],[80.90196,20.77931],[80.90331,20.77906],[80.90404,20.7824],[80.91434,20.78078],[80.91738,20.77969],[80.92157,20.77518],[80.9249,20.775],[80.92609,20.77887],[80.93047,20.77886],[80.93453,20.79593],[80.93717,20.80251],[80.94121,20.80619],[80.94537,20.81155],[80.95367,20.81536],[80.95514,20.81771],[80.954,20.81956],[80.95136,20.81841],[80.94961,20.82049],[80.95021,20.82263],[80.95297,20.82337],[80.95972,20.81932],[80.96421,20.81228],[80.96563,20.81108],[80.96695,20.80997],[80.9697,20.80939],[80.97286,20.81124],[80.97464,20.81642],[80.97144,20.82392],[80.96881,20.82727],[80.96444,20.82457],[80.96127,20.82734],[80.95813,20.8357],[80.95599,20.8371],[80.95229,20.83703],[80.94795,20.83907],[80.94534,20.84247],[80.95123,20.85481],[80.95868,20.8571],[80.96004,20.85679],[80.96268,20.85618],[80.96909,20.85939],[80.97405,20.86188],[80.9787,20.86597],[80.98463,20.8745],[80.98544,20.87686],[80.98824,20.87842],[80.98846,20.88425],[80.98418,20.88702],[80.97781,20.88905],[80.97503,20.89667],[80.96478,20.89969],[80.95853,20.91129],[80.95941,20.91649],[80.9649,20.92192],[80.95749,20.92694],[80.95664,20.94908],[80.95402,20.9503],[80.95217,20.94947],[80.94974,20.94838],[80.93808,20.94509],[80.93639,20.94862],[80.93839,20.9515],[80.94224,20.96198],[80.94243,20.96469],[80.94254,20.96614],[80.94241,20.96774],[80.94226,20.9695],[80.93484,20.97672],[80.93802,20.97916],[80.94583,20.98259],[80.94872,20.98127],[80.95067,20.98502],[80.95111,20.98875],[80.9444,20.99877],[80.94373,21.00037],[80.94514,21.00098],[80.9464,21.00152],[80.94721,21.00176],[80.94797,21.00198],[80.94991,21.00237],[80.95405,21.00299],[80.95778,21.00327],[80.96146,21.00285],[80.96517,21.00214],[80.96531,21.00362],[80.96555,21.00524],[80.96899,21.00582],[80.97125,21.00579],[80.97287,21.00559],[80.97491,21.00502],[80.97722,21.00451],[80.98013,21.00467],[80.98283,21.0034],[80.98532,21.00163],[80.98618,21.00142],[80.98803,21.00096],[80.99034,21.0001],[80.99292,20.9985],[81.00444,20.99675],[81.01013,20.99624],[81.01581,20.99227],[81.01927,20.99133],[81.0304,20.99377],[81.04625,20.99185],[81.06374,20.99115],[81.06889,20.99265],[81.075,20.99591],[81.08652,20.99432],[81.08801,20.99576],[81.08972,20.99718],[81.09209,20.99878],[81.09615,21.00146],[81.1006,21.0011],[81.10596,21.00314],[81.10895,21.00345],[81.1129,21.00567],[81.11668,21.01101],[81.12254,21.01482],[81.12662,21.01993],[81.12849,21.0243],[81.12824,21.02878],[81.12516,21.03152],[81.12542,21.03345],[81.13029,21.03928],[81.13141,21.04731],[81.13867,21.05428],[81.1396,21.05661],[81.13572,21.06528],[81.1355,21.0693],[81.13915,21.07528],[81.14367,21.07731],[81.14758,21.07812],[81.14716,21.08648],[81.14793,21.09218],[81.15379,21.09979],[81.16151,21.10322],[81.16954,21.10204],[81.17786,21.0984],[81.1824,21.09509],[81.18745,21.09514],[81.1907,21.0974],[81.19675,21.09949],[81.19926,21.10116],[81.20003,21.10384],[81.19957,21.10727],[81.19746,21.11089],[81.19156,21.11165],[81.19151,21.11538],[81.19041,21.11904],[81.19085,21.12284],[81.19489,21.12381],[81.19746,21.12362],[81.20037,21.12479],[81.20216,21.12641],[81.20301,21.14177],[81.20942,21.15649],[81.21019,21.16715],[81.20905,21.17006],[81.20335,21.17275],[81.20104,21.17491],[81.20155,21.18457],[81.19994,21.18848],[81.19074,21.19746],[81.19048,21.20137],[81.1927,21.21255],[81.19219,21.21826],[81.18947,21.22018],[81.17187,21.21595],[81.16314,21.21618],[81.15897,21.21519],[81.15436,21.21531],[81.15019,21.21396],[81.14834,21.21035],[81.14527,21.2093],[81.1445,21.21199],[81.14573,21.22078],[81.14784,21.22411],[81.15141,21.22731],[81.1552,21.22918],[81.15659,21.23548],[81.15405,21.23734],[81.14546,21.23881],[81.14503,21.24009],[81.14537,21.24341],[81.15774,21.25409],[81.15869,21.25636],[81.1582,21.27509],[81.15678,21.28017],[81.15645,21.28625],[81.15869,21.29091],[81.16127,21.29322],[81.16879,21.29555],[81.17096,21.30805],[81.17291,21.31388],[81.17519,21.31656],[81.18047,21.3183],[81.18215,21.33072],[81.19043,21.33075],[81.1917,21.33332],[81.1846,21.34116],[81.18282,21.3453],[81.18156,21.35636],[81.18488,21.35913],[81.18646,21.36496],[81.18775,21.38056],[81.18718,21.38464],[81.18575,21.38947],[81.18363,21.39163],[81.17632,21.39429],[81.17347,21.3971],[81.17961,21.39895],[81.18042,21.40191],[81.17946,21.40424],[81.17292,21.40974],[81.17086,21.41389],[81.16737,21.42666],[81.16605,21.43638],[81.17222,21.443],[81.17334,21.44753],[81.17388,21.45213],[81.17225,21.46227],[81.17549,21.47962],[81.17332,21.48091],[81.16092,21.48113],[81.15664,21.48202],[81.15416,21.48436],[81.15259,21.49374],[81.1514,21.49602],[81.15344,21.49984],[81.17001,21.49484],[81.17757,21.49393],[81.18156,21.4946],[81.18502,21.50636],[81.18874,21.51345],[81.18436,21.51702],[81.17769,21.52037],[81.16096,21.52427],[81.15671,21.52605],[81.15216,21.53293],[81.14965,21.54371],[81.14179,21.54747],[81.13528,21.54556],[81.13374,21.54943],[81.13387,21.55327],[81.13513,21.55623],[81.14771,21.57924],[81.15333,21.58458],[81.16164,21.58943],[81.17036,21.59628],[81.17231,21.60251],[81.17343,21.61239],[81.17172,21.62136],[81.17892,21.62727],[81.18286,21.62807],[81.18538,21.62969],[81.18437,21.63266],[81.17536,21.63935],[81.17337,21.64249],[81.1757,21.65884],[81.17461,21.66618],[81.17104,21.6702],[81.1701,21.67627],[81.16837,21.67966],[81.1702,21.68075],[81.16993,21.686],[81.16794,21.69554],[81.16928,21.70259],[81.17612,21.70146],[81.18192,21.70755],[81.18541,21.70683],[81.18716,21.70473],[81.19008,21.70437],[81.19826,21.70859],[81.20139,21.70939],[81.20893,21.70389],[81.21284,21.70381],[81.2177,21.70495],[81.22517,21.70947],[81.22966,21.71812],[81.22205,21.7213],[81.21893,21.72351],[81.21772,21.73075],[81.21964,21.74046],[81.21806,21.75054],[81.2192,21.7532],[81.23788,21.749],[81.24253,21.74659],[81.24611,21.74664],[81.25347,21.74829],[81.25588,21.74956],[81.26075,21.75472],[81.26431,21.75505],[81.26843,21.75788],[81.27667,21.76111],[81.28126,21.76144],[81.29037,21.76734],[81.29369,21.7665],[81.29549,21.7644],[81.30085,21.76233],[81.30748,21.75776],[81.31638,21.76033],[81.32233,21.76316],[81.33116,21.76434],[81.33547,21.76694],[81.33715,21.76932],[81.33747,21.77129],[81.33125,21.77279],[81.32985,21.775],[81.32935,21.7806],[81.32717,21.78293],[81.32297,21.78534],[81.32224,21.79105],[81.32253,21.79705],[81.32445,21.80728],[81.32442,21.81083],[81.31856,21.81778],[81.31724,21.82105],[81.31864,21.82558],[81.32183,21.82813],[81.33042,21.83811],[81.33283,21.83927],[81.33774,21.83935],[81.34872,21.83528],[81.3558,21.83367],[81.35972,21.83412],[81.36993,21.83884],[81.37305,21.83825],[81.37978,21.83228],[81.38841,21.83031],[81.39317,21.83034],[81.39701,21.83369],[81.39426,21.84116],[81.39421,21.84972],[81.39274,21.85287],[81.38761,21.85755],[81.38876,21.86692],[81.38651,21.87555],[81.38693,21.88026],[81.39986,21.88904],[81.4028,21.89228],[81.40485,21.89745],[81.40501,21.9003],[81.4086,21.91176],[81.41146,21.91663],[81.41427,21.91533],[81.41589,21.90671],[81.41728,21.90425],[81.41961,21.90256],[81.42424,21.90067],[81.42786,21.90193],[81.43134,21.90156],[81.43813,21.8992],[81.44243,21.90034],[81.43642,21.9059],[81.43632,21.90887],[81.43983,21.91077],[81.44474,21.91196],[81.45182,21.91554],[81.45216,21.93707],[81.45294,21.94143],[81.46143,21.95209],[81.46996,21.95904],[81.46512,21.96913],[81.46565,21.97448],[81.47353,21.98469],[81.47602,21.98915],[81.47612,21.99276],[81.47339,22.00087],[81.47064,22.00663],[81.4642,22.01525],[81.47813,22.01815],[81.49701,22.01277],[81.49905,22.0072],[81.50419,22.00075],[81.51196,21.99112],[81.51894,22.00071],[81.51945,22.00348],[81.526,22.00576],[81.53472,22.0076],[81.54579,22.00599],[81.553,22.00058],[81.55368,21.99632],[81.55553,21.99479],[81.56103,21.99447],[81.56741,21.99542],[81.56855,21.99245],[81.56783,21.98926],[81.56881,21.98802],[81.57242,21.98677],[81.57427,21.98386],[81.57802,21.98407],[81.58401,21.98787],[81.58614,21.99129],[81.58556,21.99711],[81.58273,22.00086],[81.58459,22.01141],[81.582,22.01531],[81.57497,22.01615],[81.56974,22.01829],[81.57349,22.02384],[81.57759,22.02392],[81.58327,22.01991],[81.58994,22.01872],[81.59789,22.01861],[81.60197,22.01515],[81.60505,22.01086],[81.61128,22.00063],[81.61259,21.9909],[81.61397,21.98775],[81.61784,21.98431]]]}},{"type":"Feature","properties":{"ID_0":105,"ISO":"IND","NAME_0":"India","ID_1":7,"NAME_1":"Chhattisgarh","ID_2":107,"NAME_2":"Janjgir-Champa","NL_NAME_2":null,"VARNAME_2":"Janjgir","TYPE_2":"District","ENGTYPE_2":"District","STATE":"Chhattisgarh","DISTRICT":"Janjgir-Champa"},"geometry":{"type":"Polygon","coordinates":[[[82.63806,22.21057],[82.64162,22.20222],[82.64948,22.19238],[82.65266,22.1871],[82.65187,22.18145],[82.64472,22.16075],[82.63769,22.1474],[82.63223,22.13401],[82.62901,22.13309],[82.62926,22.12233],[82.63376,22.11387],[82.64011,22.10502],[82.64206,22.09989],[82.64206,22.09783],[82.6574,22.09007],[82.66219,22.08558],[82.66579,22.07971],[82.66837,22.07873],[82.6712,22.07896],[82.67896,22.08782],[82.6842,22.08891],[82.6917,22.08746],[82.6957,22.08385],[82.69755,22.07843],[82.70013,22.06389],[82.70524,22.04818],[82.70764,22.04507],[82.71316,22.04018],[82.72007,22.03695],[82.72512,22.0358],[82.73004,22.03604],[82.73318,22.03712],[82.73477,22.04189],[82.73503,22.04558],[82.73048,22.05385],[82.72834,22.07141],[82.72466,22.07819],[82.72341,22.08475],[82.73019,22.0859],[82.73451,22.08969],[82.73618,22.09561],[82.74007,22.09256],[82.74712,22.09498],[82.75039,22.09832],[82.74843,22.10193],[82.74795,22.10701],[82.75475,22.11776],[82.76521,22.12281],[82.76175,22.12017],[82.77201,22.12458],[82.78889,22.12911],[82.79323,22.13136],[82.78953,22.13786],[82.79014,22.14062],[82.79687,22.14136],[82.8036,22.14411],[82.80903,22.14721],[82.81597,22.15417],[82.83964,22.15408],[82.84297,22.15493],[82.84515,22.15603],[82.84676,22.15872],[82.84756,22.16264],[82.85184,22.16758],[82.85745,22.16929],[82.86431,22.16998],[82.87262,22.16731],[82.88487,22.16097],[82.89481,22.13966],[82.89807,22.13614],[82.90588,22.13129],[82.91351,22.12781],[82.92122,22.12131],[82.92884,22.11926],[82.93359,22.12041],[82.9372,22.11726],[82.95202,22.10723],[82.9611,22.09703],[82.96763,22.09248],[82.98061,22.08565],[82.99246,22.08144],[82.99715,22.07731],[83.00768,22.07202],[83.00787,22.06823],[83.00615,22.06252],[83.00684,22.05729],[83.00843,22.05318],[83.013,22.05168],[83.02301,22.05656],[83.02592,22.05257],[83.01122,22.03518],[83.00204,22.02864],[83.00069,22.02623],[83.00462,22.02347],[83.01091,22.02094],[83.01196,22.01991],[83.01433,22.01401],[83.01459,22.00963],[83.0171,22.00583],[83.02103,22.00452],[83.03405,22.0034],[83.04295,22.00139],[83.01496,21.99764],[83.0143,21.99235],[83.01349,21.99164],[83.01019,21.99131],[83.00836,21.98726],[83.00611,21.9845],[83.00124,21.98391],[82.99698,21.98464],[82.99591,21.97836],[82.99528,21.97609],[82.99498,21.96935],[82.99593,21.96897],[82.99707,21.96753],[82.99799,21.96353],[83.00063,21.9615],[83.01524,21.96524],[83.01849,21.96443],[83.02456,21.96118],[83.03059,21.9612],[83.03944,21.96287],[83.04368,21.96248],[83.05431,21.96431],[83.05595,21.96709],[83.05612,21.96995],[83.05813,21.97096],[83.06993,21.97119],[83.08633,21.97056],[83.09079,21.96218],[83.09657,21.95244],[83.10169,21.94589],[83.10226,21.94261],[83.10409,21.93876],[83.10987,21.92929],[83.11521,21.92539],[83.12197,21.92414],[83.12325,21.92622],[83.12448,21.92628],[83.12793,21.9237],[83.13259,21.92383],[83.13318,21.91895],[83.13486,21.91632],[83.1424,21.91173],[83.14467,21.90927],[83.1461,21.9099],[83.14794,21.91233],[83.15476,21.91366],[83.15543,21.91482],[83.15874,21.91391],[83.16514,21.91421],[83.16644,21.91387],[83.16755,21.91237],[83.16998,21.91388],[83.17245,21.91388],[83.17644,21.92016],[83.18259,21.91873],[83.18485,21.91991],[83.19266,21.91568],[83.19488,21.91526],[83.19746,21.90924],[83.20348,21.90528],[83.20204,21.90385],[83.21059,21.90048],[83.21059,21.89749],[83.20947,21.89575],[83.21004,21.89368],[83.2121,21.89214],[83.21076,21.89121],[83.21009,21.88714],[83.21222,21.88088],[83.20485,21.87735],[83.20152,21.87666],[83.19998,21.86803],[83.20016,21.86373],[83.19888,21.86223],[83.19617,21.86056],[83.18449,21.85703],[83.17949,21.85467],[83.17668,21.84839],[83.17691,21.84283],[83.179,21.84122],[83.18201,21.84053],[83.20184,21.83832],[83.21206,21.83426],[83.2174,21.83087],[83.21628,21.82864],[83.21344,21.82633],[83.20675,21.82298],[83.20306,21.81459],[83.20299,21.80935],[83.20617,21.80419],[83.21601,21.79644],[83.21869,21.79046],[83.2217,21.78915],[83.23289,21.78738],[83.23372,21.78088],[83.23373,21.77231],[83.23661,21.76399],[83.24345,21.74853],[83.24621,21.74657],[83.25438,21.74583],[83.26254,21.73261],[83.26292,21.73031],[83.26168,21.72835],[83.25468,21.7257],[83.2537,21.72364],[83.25424,21.72186],[83.25553,21.72048],[83.25791,21.72008],[83.2595,21.71875],[83.26031,21.71352],[83.26275,21.70966],[83.27068,21.7049],[83.27583,21.7026],[83.29364,21.70007],[83.29807,21.7007],[83.30549,21.69858],[83.30605,21.69668],[83.30806,21.69427],[83.31126,21.69219],[83.31365,21.68771],[83.3124,21.67786],[83.30663,21.67551],[83.29872,21.67626],[83.29247,21.67776],[83.27337,21.68339],[83.26188,21.68729],[83.24722,21.69344],[83.23016,21.69843],[83.22438,21.69872],[83.179,21.70983],[83.16224,21.7128],[83.14099,21.71345],[83.11514,21.71682],[83.10979,21.71664],[83.09788,21.71283],[83.08836,21.71145],[83.08183,21.71145],[83.06836,21.71516],[83.05788,21.71912],[83.03385,21.73157],[83.02078,21.73487],[83.01205,21.73443],[83.00244,21.73252],[82.99695,21.7309],[82.99266,21.72872],[82.98122,21.72264],[82.96549,21.71808],[82.94399,21.71948],[82.93356,21.71723],[82.91341,21.70398],[82.89937,21.69564],[82.88316,21.68951],[82.87126,21.68671],[82.85933,21.68631],[82.84829,21.69043],[82.82765,21.69976],[82.80423,21.71198],[82.78812,21.7205],[82.7786,21.72013],[82.76703,21.71694],[82.73885,21.71715],[82.72998,21.71891],[82.71882,21.72249],[82.70761,21.72432],[82.69647,21.72489],[82.68464,21.72206],[82.6762,21.71752],[82.66393,21.70937],[82.65786,21.70711],[82.65058,21.7082],[82.6356,21.72083],[82.62806,21.72561],[82.62191,21.72744],[82.61139,21.72372],[82.60295,21.71558],[82.59277,21.71082],[82.58269,21.71288],[82.56612,21.72003],[82.54416,21.73414],[82.53426,21.73561],[82.51989,21.7327],[82.50471,21.73118],[82.49332,21.72793],[82.48334,21.72397],[82.47398,21.72433],[82.46464,21.72792],[82.45721,21.73194],[82.44688,21.73924],[82.43822,21.74121],[82.43354,21.73752],[82.425,21.74035],[82.41757,21.7438],[82.41353,21.75095],[82.40726,21.7568],[82.39425,21.75697],[82.38816,21.76075],[82.37973,21.75613],[82.37752,21.75726],[82.37466,21.76583],[82.37424,21.77196],[82.36709,21.78746],[82.36506,21.80046],[82.36295,21.80846],[82.35728,21.82105],[82.35309,21.8371],[82.35043,21.84187],[82.34805,21.85038],[82.33796,21.85784],[82.32884,21.86079],[82.32134,21.86688],[82.31121,21.87867],[82.31075,21.88589],[82.30675,21.89297],[82.31134,21.90001],[82.30537,21.90206],[82.30162,21.90256],[82.30189,21.90487],[82.30541,21.91129],[82.30369,21.92244],[82.30637,21.93089],[82.31208,21.93976],[82.31886,21.94804],[82.32547,21.95949],[82.32018,21.96695],[82.3215,21.97397],[82.32074,21.97831],[82.31837,21.98376],[82.31986,21.9935],[82.31788,21.99951],[82.31832,22.00219],[82.32321,22.00433],[82.32586,22.00653],[82.32794,22.00969],[82.32842,22.01371],[82.32685,22.02798],[82.32719,22.03718],[82.32568,22.04516],[82.32996,22.06076],[82.33293,22.07595],[82.33183,22.08054],[82.33191,22.08406],[82.33321,22.08849],[82.33247,22.09556],[82.3295,22.10159],[82.33668,22.1126],[82.34254,22.12359],[82.34569,22.1267],[82.34975,22.1285],[82.35246,22.1327],[82.3562,22.13398],[82.36617,22.13468],[82.37148,22.134],[82.37692,22.13223],[82.3813,22.12958],[82.39011,22.12748],[82.39502,22.12996],[82.3986,22.13272],[82.41166,22.13603],[82.42035,22.13649],[82.42081,22.14127],[82.42396,22.14875],[82.43089,22.16027],[82.43759,22.16879],[82.44141,22.17185],[82.45964,22.17957],[82.46783,22.18655],[82.46325,22.18982],[82.4571,22.19211],[82.45301,22.19458],[82.45264,22.19815],[82.45495,22.21223],[82.46008,22.21574],[82.46456,22.22007],[82.47024,22.22272],[82.47669,22.23256],[82.48158,22.2374],[82.48538,22.23999],[82.4868,22.24304],[82.48931,22.24564],[82.49815,22.24771],[82.50238,22.24974],[82.50633,22.24916],[82.51318,22.2513],[82.51645,22.24889],[82.51817,22.24428],[82.52122,22.24089],[82.52806,22.22881],[82.52956,22.22496],[82.53134,22.21518],[82.53141,22.2103],[82.53474,22.20708],[82.53813,22.20668],[82.54188,22.20726],[82.54726,22.20973],[82.55676,22.21675],[82.56241,22.2178],[82.57117,22.22114],[82.57438,22.22545],[82.58326,22.2415],[82.58478,22.24737],[82.58435,22.25208],[82.58674,22.25749],[82.59063,22.25784],[82.59545,22.25652],[82.60728,22.25532],[82.61771,22.25152],[82.61919,22.24887],[82.63115,22.24249],[82.63461,22.2399],[82.63689,22.23651],[82.6375,22.22448],[82.63929,22.22305],[82.63757,22.21384],[82.63806,22.21057]]]}},{"type":"Feature","properties":{"ID_0":105,"ISO":"IND","NAME_0":"India","ID_1":7,"NAME_1":"Chhattisgarh","ID_2":108,"NAME_2":"Jashpur","NL_NAME_2":null,"VARNAME_2":null,"TYPE_2":"District","ENGTYPE_2":"District","STATE":"Chhattisgarh","DISTRICT":"Jashpur"},"geometry":{"type":"Polygon","coordinates":[[[83.84669,23.22122],[83.86562,23.20717],[83.87482,23.20218],[83.87955,23.19261],[83.8882,23.18175],[83.90131,23.18085],[83.90868,23.17362],[83.91316,23.17021],[83.92232,23.16541],[83.92057,23.1551],[83.92422,23.14638],[83.93385,23.146],[83.93899,23.15168],[83.94055,23.16006],[83.94174,23.16204],[83.95281,23.165],[83.96355,23.16397],[83.95893,23.16869],[83.9584,23.17278],[83.96278,23.17964],[83.9749,23.18172],[83.98384,23.18218],[83.99259,23.18067],[83.99352,23.18069],[84.00713,23.18519],[84.01362,23.18658],[84.01951,23.18131],[84.02162,23.17698],[84.02837,23.17286],[84.03381,23.16784],[84.03113,23.16113],[84.02909,23.15388],[84.03027,23.14937],[84.03336,23.14273],[84.03368,23.13844],[84.03596,23.13495],[84.03998,23.13211],[84.04527,23.13052],[84.05287,23.12447],[84.0556,23.1207],[84.05894,23.11259],[84.06146,23.1099],[84.06671,23.10711],[84.07646,23.10985],[84.08787,23.10949],[84.09737,23.10482],[84.10493,23.09922],[84.11026,23.09208],[84.11245,23.08718],[84.11619,23.08614],[84.12647,23.08515],[84.12938,23.08154],[84.13092,23.07749],[84.13171,23.06743],[84.13077,23.06336],[84.12588,23.05688],[84.12483,23.05348],[84.12336,23.04499],[84.12367,23.03662],[84.12461,23.03075],[84.12665,23.02601],[84.1317,23.01826],[84.13734,23.00627],[84.13836,22.99849],[84.14421,22.98819],[84.14511,22.98257],[84.14357,22.97511],[84.148,22.96387],[84.15459,22.96437],[84.16786,22.97096],[84.17136,22.97708],[84.17059,22.98519],[84.1686,22.995],[84.17315,22.99875],[84.17397,23.00035],[84.1726,23.0072],[84.17538,23.0119],[84.17668,23.02052],[84.17905,23.02256],[84.18993,23.02372],[84.19825,23.01899],[84.19994,23.01512],[84.19679,23.0041],[84.20107,22.99882],[84.21202,22.98639],[84.21494,22.97743],[84.21706,22.97647],[84.22681,22.98007],[84.23741,22.9804],[84.24151,22.97288],[84.25091,22.97143],[84.25462,22.9737],[84.26207,22.98004],[84.26789,22.98791],[84.2714,22.98885],[84.27111,22.98416],[84.26888,22.97903],[84.27193,22.97094],[84.27857,22.96125],[84.28934,22.96164],[84.30676,22.96751],[84.31449,22.97223],[84.31824,22.97658],[84.32516,22.97933],[84.33181,22.97914],[84.34361,22.97372],[84.34824,22.97587],[84.3615,22.97455],[84.37054,22.97507],[84.37339,22.97214],[84.37638,22.9663],[84.37773,22.96172],[84.37779,22.95192],[84.37923,22.9489],[84.38195,22.94573],[84.38646,22.94238],[84.38905,22.93874],[84.38965,22.92374],[84.3863,22.91684],[84.37619,22.9092],[84.37086,22.90161],[84.37279,22.89841],[84.37671,22.89773],[84.37826,22.89314],[84.37819,22.88786],[84.37588,22.8814],[84.37692,22.87589],[84.37596,22.87364],[84.37146,22.87213],[84.36996,22.86891],[84.36989,22.8645],[84.35793,22.8606],[84.34789,22.86316],[84.34218,22.85917],[84.33836,22.85904],[84.33501,22.86024],[84.32946,22.85955],[84.32031,22.84942],[84.3184,22.84375],[84.31859,22.83513],[84.32038,22.83603],[84.3177,22.81718],[84.31252,22.81035],[84.31169,22.8033],[84.30997,22.79898],[84.30347,22.79847],[84.30182,22.79507],[84.29628,22.79364],[84.29031,22.78716],[84.28711,22.77671],[84.28769,22.7709],[84.28529,22.76337],[84.28145,22.76011],[84.27878,22.76136],[84.27403,22.76559],[84.2601,22.76494],[84.25423,22.76298],[84.25371,22.76072],[84.25159,22.75808],[84.24167,22.74835],[84.22973,22.74015],[84.22536,22.73516],[84.22472,22.72735],[84.22763,22.72315],[84.22945,22.70523],[84.22769,22.69796],[84.23224,22.68858],[84.22775,22.67699],[84.22061,22.66891],[84.21479,22.66456],[84.20967,22.663],[84.20718,22.66506],[84.20161,22.66519],[84.197,22.66378],[84.19162,22.66025],[84.18035,22.64984],[84.16483,22.64532],[84.15743,22.64094],[84.14993,22.63442],[84.1321,22.63578],[84.11531,22.63526],[84.10725,22.63667],[84.09764,22.63301],[84.09396,22.63264],[84.08039,22.63655],[84.0593,22.6074],[84.05288,22.60261],[84.04813,22.59414],[84.04193,22.59218],[84.03359,22.59127],[84.02135,22.58723],[84.02003,22.58279],[84.01778,22.57893],[84.01104,22.575],[84.00505,22.56956],[84.00393,22.56192],[84.00417,22.55486],[84.00212,22.5466],[83.99944,22.5395],[84.00158,22.53399],[84.0049,22.53013],[84.00518,22.52473],[84.0025,22.52086],[83.99429,22.52881],[83.99298,22.52738],[83.98585,22.52548],[83.9801,22.52201],[83.97657,22.51839],[83.97446,22.51398],[83.97385,22.50914],[83.9761,22.50221],[83.98069,22.49873],[83.99045,22.49439],[83.99298,22.49398],[83.99708,22.49076],[84.01302,22.48524],[84.01549,22.48242],[84.02168,22.47206],[84.02383,22.47071],[84.03465,22.4699],[84.03873,22.46888],[84.04156,22.46411],[84.03951,22.44872],[84.0414,22.43793],[84.04001,22.4329],[84.03271,22.42603],[84.02399,22.42218],[84.02599,22.41909],[84.02216,22.41016],[84.01875,22.40678],[84.01444,22.40409],[84.01249,22.3989],[84.00995,22.39609],[84.00899,22.3914],[84.00166,22.38037],[84.00168,22.37585],[84.00421,22.36766],[84.00119,22.36967],[83.9974,22.36854],[83.99297,22.36924],[83.98537,22.36637],[83.9782,22.36511],[83.96699,22.35785],[83.95661,22.36106],[83.95232,22.36121],[83.94324,22.35846],[83.92958,22.35628],[83.92403,22.35749],[83.9193,22.35978],[83.91554,22.35967],[83.90534,22.35261],[83.89697,22.33969],[83.87195,22.33893],[83.86715,22.34102],[83.86414,22.34362],[83.86101,22.34378],[83.85331,22.3388],[83.84758,22.33084],[83.84303,22.32635],[83.82941,22.32394],[83.8252,22.31963],[83.82249,22.31564],[83.82066,22.31025],[83.82011,22.30508],[83.82081,22.29604],[83.81944,22.29245],[83.81599,22.2912],[83.80479,22.28988],[83.79799,22.28996],[83.79752,22.28949],[83.79803,22.29384],[83.79372,22.29786],[83.79184,22.30074],[83.79047,22.30425],[83.78996,22.30897],[83.78223,22.30966],[83.77842,22.31116],[83.7742,22.31704],[83.76721,22.31805],[83.76458,22.31925],[83.76098,22.32238],[83.75771,22.33307],[83.75505,22.33665],[83.75021,22.34097],[83.74766,22.35054],[83.73982,22.35827],[83.73388,22.37637],[83.71571,22.38068],[83.71033,22.38098],[83.7041,22.37984],[83.69573,22.37593],[83.687,22.37616],[83.67679,22.38037],[83.67011,22.38085],[83.65092,22.38889],[83.64374,22.39299],[83.63811,22.40784],[83.6348,22.41393],[83.63225,22.41675],[83.62533,22.42143],[83.61893,22.42326],[83.61465,22.43122],[83.61059,22.43662],[83.60329,22.4413],[83.58645,22.44901],[83.57821,22.45376],[83.57237,22.46065],[83.5703,22.47015],[83.57168,22.47514],[83.58154,22.49375],[83.58551,22.50876],[83.58894,22.5312],[83.58859,22.53369],[83.5825,22.53894],[83.57453,22.54223],[83.56783,22.5426],[83.55415,22.53299],[83.54525,22.5221],[83.53664,22.5147],[83.5155,22.51192],[83.50759,22.51021],[83.49953,22.50628],[83.49535,22.50121],[83.49236,22.49513],[83.4895,22.49127],[83.48679,22.49165],[83.48143,22.49468],[83.47613,22.49986],[83.46317,22.50477],[83.45731,22.51013],[83.45258,22.51333],[83.44706,22.52002],[83.44441,22.52226],[83.44217,22.52205],[83.43827,22.52524],[83.43606,22.53178],[83.42841,22.53901],[83.41527,22.54661],[83.39947,22.55231],[83.39597,22.55559],[83.39513,22.55985],[83.40375,22.56842],[83.40678,22.58014],[83.40605,22.60162],[83.40313,22.60951],[83.39848,22.61368],[83.39016,22.61715],[83.38692,22.6216],[83.38896,22.62426],[83.40108,22.62553],[83.40564,22.62705],[83.40883,22.63027],[83.40929,22.63498],[83.40698,22.63884],[83.40881,22.63982],[83.40997,22.6423],[83.41008,22.64579],[83.40808,22.64971],[83.40752,22.65409],[83.40984,22.65824],[83.42241,22.66067],[83.4261,22.66324],[83.43198,22.67336],[83.43962,22.67404],[83.45738,22.66989],[83.47437,22.66778],[83.50015,22.65783],[83.50231,22.66129],[83.5037,22.67012],[83.50589,22.6741],[83.51682,22.67572],[83.52294,22.67734],[83.52806,22.67966],[83.53982,22.6868],[83.54857,22.69566],[83.5536,22.69851],[83.55728,22.69603],[83.5576,22.69357],[83.56097,22.69022],[83.56787,22.691],[83.57728,22.68415],[83.59673,22.67443],[83.62592,22.6643],[83.63897,22.65722],[83.64447,22.65354],[83.64741,22.65002],[83.65061,22.64503],[83.65585,22.63222],[83.66087,22.62745],[83.66714,22.62458],[83.66808,22.62678],[83.67553,22.63361],[83.6789,22.63852],[83.68128,22.64571],[83.68367,22.66186],[83.68238,22.66979],[83.67947,22.67705],[83.67649,22.68028],[83.6316,22.70135],[83.62666,22.70601],[83.62566,22.71266],[83.62723,22.72754],[83.63041,22.73116],[83.63991,22.73477],[83.64556,22.73785],[83.64266,22.74604],[83.64716,22.74813],[83.64908,22.75038],[83.64974,22.75591],[83.64767,22.75762],[83.64526,22.76265],[83.65268,22.77706],[83.64832,22.78387],[83.64489,22.80289],[83.64515,22.80651],[83.64133,22.8214],[83.63898,22.82295],[83.62882,22.82406],[83.62401,22.82611],[83.62132,22.82888],[83.61757,22.83725],[83.61255,22.84133],[83.59634,22.84795],[83.59338,22.84979],[83.58883,22.85544],[83.59261,22.86431],[83.58895,22.86575],[83.57892,22.86715],[83.57223,22.87167],[83.56565,22.88794],[83.55539,22.89412],[83.54638,22.90371],[83.53185,22.91529],[83.5208,22.93009],[83.50755,22.942],[83.50452,22.94712],[83.50242,22.95508],[83.50274,22.96275],[83.50565,22.97684],[83.5085,22.98302],[83.5145,22.98861],[83.51831,22.99047],[83.52577,22.9985],[83.52592,23.00001],[83.52972,23.00628],[83.53289,23.00892],[83.53912,23.01826],[83.54386,23.02948],[83.53862,23.03994],[83.52544,23.05193],[83.51846,23.05685],[83.50048,23.05834],[83.49566,23.06278],[83.4949,23.0666],[83.49618,23.07076],[83.50349,23.08014],[83.50372,23.08777],[83.51086,23.09256],[83.51653,23.09749],[83.52515,23.10708],[83.53001,23.11694],[83.53493,23.12095],[83.54567,23.12501],[83.55313,23.13218],[83.55446,23.14276],[83.54725,23.16581],[83.5479,23.17327],[83.56062,23.17257],[83.56512,23.18226],[83.56982,23.18829],[83.58707,23.18447],[83.59669,23.18048],[83.61047,23.20618],[83.61432,23.21233],[83.61873,23.21594],[83.62706,23.21498],[83.63708,23.21747],[83.65161,23.2241],[83.66417,23.22581],[83.67036,23.2236],[83.68035,23.22221],[83.69318,23.21783],[83.69541,23.20773],[83.70039,23.20297],[83.71102,23.20412],[83.71555,23.20656],[83.71493,23.21416],[83.71843,23.2231],[83.72788,23.22894],[83.7349,23.23182],[83.74306,23.23688],[83.75341,23.23136],[83.76336,23.22387],[83.77004,23.22049],[83.77543,23.22175],[83.78388,23.24454],[83.79343,23.2388],[83.82457,23.23261],[83.83176,23.22704],[83.83772,23.22373],[83.84669,23.22122]]]}},{"type":"Feature","properties":{"ID_0":105,"ISO":"IND","NAME_0":"India","ID_1":7,"NAME_1":"Chhattisgarh","ID_2":109,"NAME_2":"Kanker","NL_NAME_2":null,"VARNAME_2":null,"TYPE_2":"District","ENGTYPE_2":"District","STATE":"Chhattisgarh","DISTRICT":"Kanker"},"geometry":{"type":"Polygon","coordinates":[[[81.32325,20.55307],[81.33312,20.54749],[81.33642,20.54813],[81.34624,20.54695],[81.35103,20.54239],[81.35709,20.53431],[81.37322,20.52978],[81.37756,20.52955],[81.38159,20.53153],[81.39237,20.54328],[81.39713,20.54746],[81.40127,20.54908],[81.40468,20.54955],[81.40579,20.52459],[81.40732,20.52268],[81.40989,20.52263],[81.41796,20.5157],[81.42371,20.51363],[81.43482,20.51591],[81.45174,20.51189],[81.48161,20.51084],[81.48643,20.5142],[81.49221,20.51676],[81.4951,20.51607],[81.49651,20.51411],[81.50056,20.50284],[81.50386,20.49677],[81.50655,20.4936],[81.51024,20.49134],[81.5156,20.48997],[81.52542,20.49276],[81.52958,20.49537],[81.53299,20.49924],[81.535,20.50369],[81.53558,20.50705],[81.53815,20.51156],[81.54743,20.51176],[81.55085,20.511],[81.5547,20.51152],[81.56251,20.5146],[81.56815,20.51536],[81.579,20.51537],[81.5969,20.51389],[81.60136,20.51141],[81.60546,20.51048],[81.61057,20.51205],[81.61364,20.51193],[81.61859,20.50922],[81.63264,20.50404],[81.63539,20.50155],[81.63711,20.49842],[81.6373,20.49293],[81.64315,20.49259],[81.65269,20.49474],[81.66411,20.48995],[81.66843,20.48699],[81.67918,20.48227],[81.68816,20.47915],[81.69629,20.47863],[81.72419,20.47951],[81.72975,20.47898],[81.72806,20.4717],[81.72911,20.46766],[81.73428,20.46488],[81.73557,20.46193],[81.73215,20.4506],[81.72911,20.43539],[81.72961,20.42452],[81.73193,20.41718],[81.73841,20.40561],[81.74757,20.39301],[81.75246,20.38862],[81.76217,20.38382],[81.76418,20.37982],[81.76071,20.37162],[81.75991,20.3637],[81.75785,20.35613],[81.7587,20.35266],[81.76231,20.35005],[81.76584,20.34987],[81.77467,20.35294],[81.77768,20.35254],[81.77975,20.34179],[81.79018,20.32588],[81.79044,20.32216],[81.78897,20.31848],[81.78658,20.31778],[81.77658,20.31732],[81.77251,20.31606],[81.77018,20.30778],[81.76068,20.30691],[81.7578,20.30402],[81.75568,20.29518],[81.75549,20.28869],[81.75599,20.28461],[81.75806,20.28101],[81.7622,20.27811],[81.76654,20.27661],[81.77192,20.27644],[81.78336,20.28564],[81.78593,20.28037],[81.78789,20.27378],[81.79465,20.25926],[81.79593,20.25464],[81.79552,20.25365],[81.79296,20.25342],[81.78211,20.25718],[81.77716,20.2433],[81.77471,20.24064],[81.77008,20.2289],[81.77155,20.2252],[81.77479,20.2241],[81.7776,20.22208],[81.78087,20.20681],[81.79473,20.20965],[81.79808,20.20734],[81.8074,20.18599],[81.80589,20.18032],[81.80681,20.17414],[81.80937,20.16529],[81.80687,20.16055],[81.80109,20.15673],[81.79438,20.15477],[81.7898,20.15397],[81.7834,20.15286],[81.77068,20.15204],[81.76354,20.15291],[81.75063,20.15869],[81.74683,20.15905],[81.73435,20.15401],[81.7252,20.15204],[81.7209,20.1385],[81.71754,20.13497],[81.7076,20.13341],[81.67888,20.12565],[81.67515,20.12565],[81.67235,20.12564],[81.67072,20.12604],[81.6685,20.12657],[81.65765,20.1302],[81.65327,20.13258],[81.63771,20.13842],[81.61229,20.15377],[81.60949,20.15487],[81.60526,20.16361],[81.59716,20.16949],[81.58183,20.19006],[81.57798,20.19109],[81.5513,20.18609],[81.54771,20.18435],[81.53716,20.17572],[81.53141,20.17288],[81.52493,20.16968],[81.51818,20.16459],[81.50607,20.16046],[81.4868,20.15835],[81.46883,20.15445],[81.46082,20.1516],[81.45535,20.14871],[81.45107,20.14396],[81.44559,20.14157],[81.44077,20.14215],[81.43382,20.14427],[81.41395,20.1518],[81.41241,20.1437],[81.40775,20.13444],[81.40586,20.1321],[81.40475,20.13073],[81.40349,20.12616],[81.39445,20.11023],[81.39636,20.10179],[81.39499,20.09554],[81.39554,20.09011],[81.39845,20.07907],[81.39867,20.07404],[81.39585,20.06859],[81.39139,20.06487],[81.38544,20.05586],[81.38213,20.04237],[81.36551,20.0402],[81.36328,20.04016],[81.36102,20.04012],[81.35727,20.04066],[81.35278,20.04131],[81.3501,20.02905],[81.34019,20.03013],[81.33295,20.03214],[81.32316,20.02645],[81.30685,20.01955],[81.30122,20.014],[81.2916,20.01433],[81.28594,20.01328],[81.28783,20.00866],[81.29282,20.00134],[81.29442,19.99694],[81.29375,19.98164],[81.29499,19.97585],[81.29713,19.97167],[81.32004,19.96288],[81.32259,19.95493],[81.32104,19.93672],[81.3233,19.93151],[81.33301,19.92763],[81.33946,19.92245],[81.34201,19.90607],[81.35007,19.90822],[81.35574,19.90848],[81.36363,19.90451],[81.37075,19.89873],[81.37454,19.89231],[81.38534,19.88663],[81.39355,19.87919],[81.39601,19.87188],[81.39514,19.86477],[81.38779,19.85955],[81.37811,19.85636],[81.37232,19.85241],[81.37044,19.84809],[81.37642,19.83787],[81.38696,19.82867],[81.36482,19.79861],[81.36359,19.78884],[81.36845,19.77719],[81.36495,19.77269],[81.36977,19.76435],[81.37117,19.758],[81.37341,19.74795],[81.36627,19.74181],[81.36563,19.74091],[81.34175,19.74091],[81.28584,19.74091],[81.25229,19.75955],[81.20383,19.7521],[81.19637,19.74091],[81.18891,19.69991],[81.14418,19.70363],[81.08081,19.72227],[81.02863,19.75582],[81.00253,19.78565],[81.00253,19.83038],[81.02489,19.86766],[81.0398,19.9012],[81.03608,19.93848],[80.99507,19.94594],[80.93063,19.94301],[80.92319,19.93097],[80.91723,19.92268],[80.91131,19.92271],[80.88269,19.92765],[80.86886,19.93248],[80.86095,19.9373],[80.85602,19.93851],[80.84618,19.94572],[80.84617,19.93737],[80.84713,19.9326],[80.84614,19.92784],[80.82726,19.90172],[80.81441,19.89701],[80.8055,19.89587],[80.79758,19.88995],[80.79009,19.87919],[80.76982,19.86865],[80.75301,19.86397],[80.75103,19.86159],[80.75006,19.8616],[80.74905,19.85922],[80.72726,19.84146],[80.72057,19.83595],[80.71451,19.82751],[80.71633,19.82245],[80.71624,19.80695],[80.71525,19.80338],[80.70932,19.80342],[80.70438,19.79868],[80.70435,19.7963],[80.71521,19.79266],[80.72212,19.79501],[80.72511,19.79737],[80.72512,19.80214],[80.72812,19.81047],[80.74295,19.81515],[80.75186,19.82345],[80.76275,19.83054],[80.77165,19.83407],[80.78251,19.83282],[80.78546,19.83042],[80.79493,19.83065],[80.80094,19.82699],[80.80896,19.82571],[80.81297,19.82085],[80.81496,19.81599],[80.81493,19.81115],[80.80989,19.80876],[80.7883,19.8018],[80.78335,19.79705],[80.78431,19.79466],[80.78432,19.79228],[80.77835,19.78159],[80.77439,19.7828],[80.77145,19.78639],[80.76753,19.79356],[80.76855,19.80071],[80.75966,19.80076],[80.75176,19.79841],[80.7468,19.79488],[80.73494,19.79255],[80.72111,19.78548],[80.7112,19.776],[80.70822,19.77124],[80.7042,19.75458],[80.70511,19.73312],[80.70705,19.72595],[80.71194,19.7152],[80.71584,19.70207],[80.70201,19.70096],[80.69709,19.69979],[80.69313,19.69743],[80.68423,19.69509],[80.67043,19.69397],[80.66455,19.69075],[80.66584,19.69221],[80.66134,19.6975],[80.64564,19.7065],[80.6403,19.71246],[80.63351,19.71849],[80.62021,19.72377],[80.61314,19.72893],[80.59033,19.73443],[80.58208,19.73807],[80.57868,19.74392],[80.57053,19.75474],[80.56766,19.75668],[80.55022,19.76455],[80.53967,19.7746],[80.53887,19.7807],[80.54244,19.79424],[80.54195,19.80315],[80.54424,19.8112],[80.54243,19.81927],[80.53538,19.81813],[80.51781,19.82886],[80.50751,19.82995],[80.4984,19.82947],[80.49071,19.82536],[80.47603,19.828],[80.46916,19.82466],[80.45955,19.81133],[80.46291,19.80576],[80.47481,19.80339],[80.47714,19.80123],[80.48024,19.79544],[80.48207,19.7895],[80.48256,19.78071],[80.47809,19.77241],[80.4668,19.78488],[80.46176,19.78823],[80.45244,19.7929],[80.44954,19.79266],[80.4427,19.79054],[80.43579,19.79185],[80.42901,19.79511],[80.41769,19.79714],[80.40015,19.79363],[80.39471,19.79458],[80.39843,19.80319],[80.39753,19.81623],[80.40498,19.81542],[80.41731,19.80915],[80.42459,19.80804],[80.43166,19.8103],[80.44697,19.82032],[80.45512,19.8238],[80.4603,19.82803],[80.46363,19.83583],[80.46861,19.83753],[80.47103,19.84266],[80.47502,19.85706],[80.48764,19.86513],[80.49752,19.86875],[80.49691,19.87718],[80.49166,19.89054],[80.48984,19.89367],[80.48265,19.8989],[80.46896,19.90336],[80.46122,19.90343],[80.45279,19.90001],[80.44444,19.89355],[80.4358,19.89552],[80.43101,19.89841],[80.41475,19.90292],[80.40768,19.9059],[80.40266,19.9096],[80.40578,19.92545],[80.4063,19.9325],[80.40932,19.93538],[80.42059,19.93623],[80.42511,19.93731],[80.43101,19.94094],[80.43855,19.94713],[80.4437,19.95267],[80.453,19.94524],[80.4645,19.94625],[80.46875,19.94027],[80.46984,19.93366],[80.47289,19.93125],[80.48048,19.9278],[80.50174,19.92475],[80.50875,19.92591],[80.52038,19.93088],[80.52601,19.94112],[80.52628,19.94863],[80.53384,19.95303],[80.53237,19.96706],[80.53474,19.97092],[80.53776,19.97356],[80.54415,19.98151],[80.54555,19.98718],[80.54353,19.99508],[80.53995,19.99772],[80.53579,19.99992],[80.53254,20.00393],[80.53542,20.01121],[80.54159,20.03722],[80.54109,20.04819],[80.54523,20.05957],[80.54616,20.06571],[80.54183,20.07668],[80.53496,20.0854],[80.53523,20.09218],[80.54125,20.10495],[80.54037,20.10983],[80.55316,20.11889],[80.55887,20.13172],[80.56483,20.15623],[80.56379,20.16494],[80.56419,20.16903],[80.56091,20.1775],[80.56284,20.18385],[80.56952,20.18189],[80.57359,20.1785],[80.57815,20.17284],[80.60327,20.18256],[80.60654,20.17968],[80.61293,20.18412],[80.61766,20.185],[80.62089,20.18718],[80.62382,20.19145],[80.6289,20.19313],[80.63716,20.20006],[80.64008,20.20744],[80.64016,20.21195],[80.64107,20.21535],[80.64564,20.2176],[80.65005,20.22216],[80.65625,20.221],[80.66051,20.21939],[80.66457,20.21386],[80.67052,20.20861],[80.67518,20.1987],[80.68402,20.18855],[80.70225,20.18705],[80.70789,20.18526],[80.71341,20.18959],[80.71743,20.19536],[80.72205,20.19987],[80.72334,20.20366],[80.72384,20.20984],[80.73004,20.22075],[80.73157,20.23203],[80.73158,20.23683],[80.72982,20.2418],[80.72517,20.25021],[80.72408,20.25454],[80.72305,20.25955],[80.72343,20.26452],[80.73108,20.26671],[80.74154,20.27093],[80.74326,20.2817],[80.74594,20.28586],[80.74909,20.28794],[80.7568,20.28447],[80.76093,20.28747],[80.76647,20.28903],[80.77134,20.28903],[80.77614,20.28615],[80.77684,20.28097],[80.78133,20.27876],[80.78827,20.27979],[80.79774,20.2866],[80.80707,20.29213],[80.81107,20.29266],[80.81551,20.29444],[80.82141,20.30072],[80.8244,20.30603],[80.82532,20.31082],[80.82588,20.31618],[80.8248,20.32166],[80.82024,20.32443],[80.81917,20.32859],[80.8199,20.33701],[80.81622,20.34162],[80.80577,20.35102],[80.80803,20.35332],[80.81113,20.35535],[80.81521,20.35506],[80.81739,20.35425],[80.82788,20.34664],[80.83318,20.34444],[80.83816,20.34427],[80.84234,20.34731],[80.84455,20.3513],[80.84889,20.36248],[80.84901,20.36681],[80.85012,20.36963],[80.85323,20.37327],[80.85564,20.38589],[80.85932,20.38277],[80.86382,20.38215],[80.86923,20.38288],[80.87939,20.38282],[80.88579,20.39003],[80.88896,20.3951],[80.89578,20.39712],[80.89816,20.39948],[80.90364,20.40726],[80.91029,20.41481],[80.9172,20.42542],[80.92366,20.43176],[80.93061,20.43625],[80.93486,20.43768],[80.93888,20.43837],[80.94053,20.43767],[80.94297,20.43664],[80.94801,20.43393],[80.95202,20.43282],[80.96103,20.43513],[80.96761,20.43933],[80.97182,20.441],[80.97365,20.44319],[80.97359,20.44573],[80.97466,20.44772],[80.97697,20.449],[80.97974,20.44919],[80.9834,20.45038],[80.98734,20.45149],[80.9892,20.45471],[80.99333,20.45628],[81.00168,20.45306],[81.00914,20.45014],[81.01744,20.44439],[81.02389,20.43561],[81.02874,20.42711],[81.03139,20.42416],[81.03573,20.42119],[81.04324,20.4186],[81.0532,20.41748],[81.06558,20.41746],[81.06956,20.41663],[81.07695,20.41302],[81.1002,20.39886],[81.12262,20.38872],[81.13879,20.37737],[81.14629,20.37505],[81.15038,20.37795],[81.15212,20.38149],[81.15554,20.38578],[81.16361,20.3931],[81.16579,20.39697],[81.16983,20.40145],[81.18133,20.407],[81.18851,20.40807],[81.19814,20.41085],[81.21561,20.4142],[81.2167,20.41453],[81.21811,20.41496],[81.22024,20.41733],[81.22194,20.42138],[81.22173,20.42595],[81.22398,20.427],[81.22918,20.42597],[81.23088,20.43088],[81.23158,20.43847],[81.2411,20.43706],[81.24727,20.441],[81.25009,20.44534],[81.2485,20.44804],[81.24618,20.45198],[81.25582,20.46652],[81.25668,20.46854],[81.25741,20.47023],[81.25792,20.4732],[81.25867,20.47763],[81.25549,20.48746],[81.25439,20.49086],[81.25214,20.49357],[81.25064,20.49451],[81.24937,20.49529],[81.25144,20.49755],[81.26496,20.50511],[81.2848,20.51053],[81.29095,20.51582],[81.30032,20.52636],[81.30217,20.53556],[81.30502,20.54152],[81.30874,20.54789],[81.31423,20.55236],[81.32325,20.55307]]]}},{"type":"Feature","properties":{"ID_0":105,"ISO":"IND","NAME_0":"India","ID_1":7,"NAME_1":"Chhattisgarh","ID_2":110,"NAME_2":"Kawardha","NL_NAME_2":null,"VARNAME_2":null,"TYPE_2":"District","ENGTYPE_2":"District","STATE":"Chhattisgarh","DISTRICT":"Kawardha"},"geometry":{"type":"Polygon","coordinates":[[[81.34795,22.51409],[81.35569,22.51324],[81.36178,22.51539],[81.3665,22.51437],[81.37325,22.51075],[81.37874,22.5053],[81.37961,22.49791],[81.37914,22.49339],[81.38068,22.48535],[81.3848,22.47784],[81.38306,22.4626],[81.38618,22.45116],[81.38887,22.44484],[81.39655,22.44132],[81.41412,22.44852],[81.41893,22.45422],[81.42065,22.4594],[81.41783,22.46515],[81.41759,22.47363],[81.42444,22.47924],[81.43178,22.48049],[81.43357,22.47772],[81.43596,22.46949],[81.44247,22.46616],[81.44803,22.46739],[81.45029,22.47256],[81.44333,22.47154],[81.44392,22.47867],[81.43908,22.47947],[81.44081,22.48465],[81.44423,22.48702],[81.43909,22.49102],[81.43806,22.49394],[81.44624,22.49586],[81.45331,22.49102],[81.46067,22.49436],[81.46996,22.49399],[81.47637,22.49216],[81.47986,22.49331],[81.48182,22.48764],[81.47725,22.47984],[81.47659,22.46964],[81.47906,22.45908],[81.49022,22.44423],[81.49062,22.43835],[81.48973,22.42937],[81.4851,22.42541],[81.48167,22.41852],[81.48505,22.41084],[81.50101,22.3989],[81.50565,22.39451],[81.50994,22.39378],[81.51393,22.38604],[81.51562,22.37869],[81.51987,22.37221],[81.5305,22.35847],[81.54073,22.34891],[81.55592,22.34725],[81.55661,22.34445],[81.54996,22.33919],[81.54465,22.33327],[81.53922,22.3238],[81.53162,22.31996],[81.51952,22.31609],[81.51511,22.31379],[81.52,22.31044],[81.5192,22.30803],[81.52251,22.30721],[81.52306,22.30139],[81.5293,22.28983],[81.52584,22.27637],[81.53472,22.27491],[81.54393,22.2699],[81.54562,22.26616],[81.5463,22.25622],[81.54532,22.25037],[81.54506,22.23981],[81.53671,22.2354],[81.53329,22.2302],[81.53307,22.22376],[81.52762,22.21698],[81.52927,22.21182],[81.53267,22.20764],[81.52943,22.20248],[81.53307,22.19346],[81.52456,22.18181],[81.52073,22.1748],[81.5192,22.16305],[81.52083,22.15618],[81.5167,22.1504],[81.51597,22.14305],[81.50798,22.13922],[81.50529,22.13526],[81.50395,22.12769],[81.50386,22.11121],[81.50741,22.10464],[81.51067,22.09001],[81.51446,22.0868],[81.51704,22.08239],[81.50896,22.06463],[81.50652,22.05475],[81.49834,22.05388],[81.49655,22.04836],[81.49364,22.02909],[81.50317,22.03022],[81.50374,22.0229],[81.50163,22.01602],[81.49701,22.01277],[81.47813,22.01815],[81.4642,22.01525],[81.47064,22.00663],[81.47339,22.00087],[81.47612,21.99276],[81.47602,21.98915],[81.47353,21.98469],[81.46565,21.97448],[81.46512,21.96913],[81.46996,21.95904],[81.46143,21.95209],[81.45294,21.94143],[81.45216,21.93707],[81.45182,21.91554],[81.44474,21.91196],[81.43983,21.91077],[81.43632,21.90887],[81.43642,21.9059],[81.44243,21.90034],[81.43813,21.8992],[81.43134,21.90156],[81.42786,21.90193],[81.42424,21.90067],[81.41961,21.90256],[81.41728,21.90425],[81.41589,21.90671],[81.41427,21.91533],[81.41146,21.91663],[81.4086,21.91176],[81.40501,21.9003],[81.40485,21.89745],[81.4028,21.89228],[81.39986,21.88904],[81.38693,21.88026],[81.38651,21.87555],[81.38876,21.86692],[81.38761,21.85755],[81.39274,21.85287],[81.39421,21.84972],[81.39426,21.84116],[81.39701,21.83369],[81.39317,21.83034],[81.38841,21.83031],[81.37978,21.83228],[81.37305,21.83825],[81.36993,21.83884],[81.35972,21.83412],[81.3558,21.83367],[81.34872,21.83528],[81.33774,21.83935],[81.33283,21.83927],[81.33042,21.83811],[81.32183,21.82813],[81.31864,21.82558],[81.31724,21.82105],[81.31856,21.81778],[81.32442,21.81083],[81.32445,21.80728],[81.32253,21.79705],[81.32224,21.79105],[81.32297,21.78534],[81.32717,21.78293],[81.32935,21.7806],[81.32985,21.775],[81.33125,21.77279],[81.33747,21.77129],[81.33715,21.76932],[81.33547,21.76694],[81.33116,21.76434],[81.32233,21.76316],[81.31638,21.76033],[81.30748,21.75776],[81.30085,21.76233],[81.29549,21.7644],[81.29369,21.7665],[81.29037,21.76734],[81.28126,21.76144],[81.27667,21.76111],[81.26843,21.75788],[81.26431,21.75505],[81.26075,21.75472],[81.25588,21.74956],[81.25347,21.74829],[81.24611,21.74664],[81.24253,21.74659],[81.23788,21.749],[81.2192,21.7532],[81.21806,21.75054],[81.21964,21.74046],[81.21772,21.73075],[81.21893,21.72351],[81.22205,21.7213],[81.22966,21.71812],[81.22517,21.70947],[81.2177,21.70495],[81.21284,21.70381],[81.20893,21.70389],[81.20139,21.70939],[81.19826,21.70859],[81.19008,21.70437],[81.18716,21.70473],[81.18541,21.70683],[81.18192,21.70755],[81.17612,21.70146],[81.16928,21.70259],[81.1671,21.70547],[81.15838,21.70976],[81.15352,21.71357],[81.14621,21.71039],[81.12666,21.71461],[81.12518,21.71374],[81.12388,21.71148],[81.12342,21.70612],[81.12042,21.7073],[81.11331,21.71361],[81.10123,21.72792],[81.0979,21.72997],[81.09479,21.73086],[81.07637,21.73063],[81.06579,21.72915],[81.06107,21.72764],[81.05468,21.72386],[81.05011,21.7234],[81.03728,21.726],[81.03632,21.72676],[81.03782,21.73462],[81.03734,21.73655],[81.03036,21.73827],[81.01921,21.73932],[81.01581,21.73847],[81.0072,21.73366],[80.99313,21.72482],[80.99126,21.72489],[80.98953,21.72527],[80.98772,21.72708],[80.98575,21.72875],[80.98324,21.73084],[80.98093,21.73257],[80.9794,21.73409],[80.97592,21.7367],[80.97248,21.73893],[80.96996,21.74187],[80.96851,21.74513],[80.96799,21.74687],[80.96643,21.75003],[80.96523,21.75243],[80.96398,21.75506],[80.96278,21.75771],[80.9583,21.75985],[80.9543,21.7615],[80.94959,21.76338],[80.94656,21.76468],[80.94584,21.76696],[80.94616,21.76977],[80.94633,21.7712],[80.94672,21.77402],[80.94635,21.77786],[80.94639,21.78033],[80.94576,21.78261],[80.94505,21.78486],[80.94211,21.7903],[80.94086,21.79173],[80.93936,21.79424],[80.93732,21.79803],[80.93705,21.80033],[80.93576,21.80406],[80.93135,21.80623],[80.93018,21.80656],[80.92815,21.80729],[80.92617,21.80849],[80.92488,21.81038],[80.92406,21.81275],[80.92385,21.81418],[80.92348,21.81613],[80.92284,21.81746],[80.92197,21.8193],[80.92091,21.82142],[80.91911,21.82521],[80.91598,21.8249],[80.90988,21.82446],[80.90642,21.82387],[80.89906,21.82394],[80.89264,21.82511],[80.88724,21.82663],[80.88015,21.82624],[80.87338,21.82366],[80.87047,21.82291],[80.86635,21.82466],[80.85986,21.82647],[80.85609,21.82806],[80.84831,21.83084],[80.84434,21.83179],[80.83895,21.83262],[80.8371,21.83176],[80.83588,21.83215],[80.83369,21.83479],[80.83281,21.8375],[80.83231,21.84014],[80.83168,21.84619],[80.83289,21.84907],[80.83433,21.8507],[80.83768,21.85182],[80.84042,21.85276],[80.84117,21.85645],[80.83994,21.85881],[80.83702,21.86248],[80.83666,21.86702],[80.83764,21.86881],[80.83968,21.87158],[80.83959,21.8754],[80.8366,21.87855],[80.83406,21.8825],[80.83141,21.88428],[80.83011,21.88479],[80.82544,21.88665],[80.82406,21.88936],[80.82423,21.89103],[80.82456,21.89471],[80.82381,21.89788],[80.82545,21.90388],[80.82453,21.90843],[80.8262,21.91196],[80.827,21.91358],[80.83006,21.91843],[80.83139,21.92012],[80.83252,21.92175],[80.83453,21.92602],[80.8359,21.92793],[80.83654,21.9318],[80.83656,21.93566],[80.83562,21.93703],[80.83502,21.94089],[80.83339,21.94664],[80.83185,21.94744],[80.83074,21.94719],[80.82896,21.94702],[80.82627,21.94711],[80.82339,21.94732],[80.82222,21.94835],[80.82116,21.95059],[80.82103,21.95145],[80.81959,21.95357],[80.81844,21.95679],[80.82022,21.95813],[80.82169,21.9582],[80.82452,21.95684],[80.82886,21.95744],[80.83179,21.95794],[80.83584,21.95761],[80.83939,21.95774],[80.84336,21.95841],[80.84577,21.9609],[80.84673,21.96362],[80.84745,21.96691],[80.84851,21.97001],[80.85037,21.97281],[80.85169,21.97512],[80.85253,21.97841],[80.8531,21.98129],[80.85313,21.98348],[80.85457,21.98723],[80.85547,21.98881],[80.85641,21.99185],[80.85719,21.99324],[80.85841,21.99544],[80.8593,21.99776],[80.85934,22.00013],[80.8686,22.01121],[80.86951,22.0165],[80.86895,22.03359],[80.87012,22.03859],[80.87736,22.05071],[80.87663,22.05679],[80.87896,22.0606],[80.88499,22.06071],[80.88844,22.06241],[80.89123,22.06596],[80.89475,22.07651],[80.89817,22.10133],[80.90609,22.11444],[80.91084,22.11916],[80.91715,22.12089],[80.9248,22.12067],[80.93892,22.11901],[80.94553,22.11748],[80.95052,22.11301],[80.95753,22.09715],[80.96554,22.08198],[80.96574,22.07917],[80.96209,22.06193],[80.96342,22.05836],[80.97182,22.05429],[80.97364,22.05177],[80.97885,22.04831],[80.9826,22.04896],[80.98776,22.04848],[80.98808,22.05221],[80.98972,22.0565],[80.99117,22.05808],[80.99282,22.05766],[80.99916,22.0615],[81.00427,22.07002],[80.99743,22.08087],[80.99992,22.08965],[81.00395,22.09445],[81.00369,22.09689],[81.00007,22.10083],[80.99282,22.10519],[80.99027,22.10908],[80.98725,22.11065],[80.98021,22.11281],[80.97667,22.11281],[80.97433,22.11136],[80.97227,22.11189],[80.97082,22.11465],[80.97176,22.12148],[80.97343,22.12369],[80.9867,22.13087],[80.99284,22.13153],[81.00517,22.13272],[81.01579,22.13271],[81.0174,22.14028],[81.01762,22.15385],[81.01905,22.16526],[81.01715,22.17104],[81.01328,22.17749],[81.0117,22.18401],[81.01551,22.18841],[81.02151,22.18703],[81.02512,22.18882],[81.02477,22.19313],[81.02576,22.19769],[81.02349,22.20283],[81.01923,22.20779],[81.01579,22.21411],[81.01571,22.22021],[81.01945,22.22919],[81.03632,22.23772],[81.04044,22.24057],[81.04887,22.24419],[81.05453,22.24387],[81.06282,22.24685],[81.06924,22.24626],[81.07259,22.24174],[81.08468,22.24675],[81.09178,22.26786],[81.09682,22.27746],[81.11385,22.29438],[81.11501,22.30324],[81.1147,22.31259],[81.11046,22.32149],[81.10927,22.32964],[81.11202,22.33464],[81.11566,22.34409],[81.11055,22.353],[81.10686,22.36218],[81.10094,22.38324],[81.10266,22.39127],[81.10465,22.4108],[81.10347,22.42208],[81.10492,22.43279],[81.10999,22.44112],[81.12276,22.44762],[81.13404,22.452],[81.14808,22.45585],[81.15782,22.47448],[81.16407,22.48191],[81.17066,22.488],[81.18005,22.49015],[81.18687,22.48921],[81.19264,22.48248],[81.19324,22.47371],[81.19504,22.46776],[81.19419,22.46208],[81.20214,22.45677],[81.20977,22.45385],[81.21839,22.45165],[81.22356,22.45161],[81.23311,22.45513],[81.24039,22.45918],[81.25552,22.47248],[81.25623,22.48807],[81.26045,22.49356],[81.26675,22.49414],[81.27147,22.49585],[81.27547,22.49944],[81.2802,22.49882],[81.2917,22.48931],[81.29778,22.48658],[81.30396,22.48175],[81.31591,22.48971],[81.31415,22.49961],[81.31481,22.51591],[81.3194,22.51955],[81.32294,22.52433],[81.33189,22.52237],[81.34795,22.51409]]]}},{"type":"Feature","properties":{"ID_0":105,"ISO":"IND","NAME_0":"India","ID_1":7,"NAME_1":"Chhattisgarh","ID_2":111,"NAME_2":"Korba","NL_NAME_2":null,"VARNAME_2":null,"TYPE_2":"District","ENGTYPE_2":"District","STATE":"Chhattisgarh","DISTRICT":"Korba"},"geometry":{"type":"Polygon","coordinates":[[[82.43826,22.96749],[82.44327,22.96652],[82.45152,22.96624],[82.46139,22.96775],[82.46503,22.96764],[82.47739,22.96484],[82.48602,22.96819],[82.4986,22.96727],[82.50631,22.96745],[82.53465,22.97439],[82.54736,22.97462],[82.55977,22.9725],[82.56552,22.96974],[82.56844,22.96502],[82.56003,22.96093],[82.55847,22.95949],[82.55685,22.9569],[82.55682,22.95546],[82.56655,22.94805],[82.56803,22.94431],[82.56799,22.93971],[82.57065,22.93636],[82.56917,22.9274],[82.56949,22.92077],[82.56867,22.91656],[82.56956,22.91352],[82.5719,22.91087],[82.57545,22.9088],[82.58165,22.90811],[82.58747,22.90414],[82.58923,22.89775],[82.58686,22.89402],[82.58433,22.89331],[82.57973,22.89333],[82.576,22.89436],[82.57268,22.89389],[82.57211,22.88918],[82.57285,22.88498],[82.57189,22.88147],[82.56388,22.86587],[82.56165,22.86397],[82.5541,22.86275],[82.55218,22.86137],[82.55075,22.85418],[82.55145,22.84773],[82.55293,22.84388],[82.56589,22.83053],[82.57079,22.82858],[82.58157,22.8306],[82.5993,22.82905],[82.61106,22.82313],[82.62204,22.81893],[82.62817,22.81743],[82.63829,22.81075],[82.64336,22.80926],[82.65085,22.80891],[82.65736,22.81052],[82.66819,22.81628],[82.68932,22.83106],[82.69917,22.8325],[82.70818,22.83157],[82.71573,22.82949],[82.7174,22.8284],[82.74049,22.80416],[82.74693,22.80064],[82.75325,22.79586],[82.75454,22.79195],[82.76172,22.78809],[82.76301,22.7855],[82.76252,22.78107],[82.76393,22.7775],[82.77048,22.76909],[82.78963,22.75756],[82.79631,22.75479],[82.80219,22.75335],[82.81396,22.74677],[82.82744,22.74267],[82.84205,22.74336],[82.85511,22.74628],[82.86088,22.74649],[82.86786,22.74223],[82.87906,22.73243],[82.8942,22.71622],[82.89995,22.71179],[82.91263,22.70411],[82.91886,22.69865],[82.92664,22.68986],[82.92973,22.68376],[82.93884,22.67344],[82.96469,22.66067],[82.96893,22.65973],[82.97462,22.65983],[82.98433,22.6616],[82.98812,22.65964],[82.99263,22.65344],[82.99516,22.65237],[83.00025,22.64904],[83.00369,22.64551],[83.0067,22.63951],[83.01151,22.63887],[83.03515,22.65276],[83.04578,22.66108],[83.05303,22.66553],[83.06296,22.6689],[83.08411,22.67359],[83.10712,22.6759],[83.11012,22.67412],[83.11366,22.66878],[83.11714,22.6592],[83.11714,22.65033],[83.11314,22.64487],[83.09879,22.63819],[83.09413,22.63419],[83.0919,22.63123],[83.09035,22.62214],[83.09342,22.60493],[83.09235,22.59341],[83.08925,22.58447],[83.08691,22.57454],[83.09069,22.56461],[83.09535,22.55548],[83.10152,22.53704],[83.09998,22.52686],[83.10154,22.5184],[83.10164,22.50989],[83.09489,22.50117],[83.09009,22.49713],[83.08676,22.4932],[83.08466,22.48786],[83.08175,22.47246],[83.08334,22.46535],[83.08726,22.46129],[83.09019,22.45695],[83.08561,22.44692],[83.08578,22.44051],[83.08829,22.42931],[83.09103,22.42532],[83.09336,22.4252],[83.0974,22.42661],[83.10676,22.42216],[83.10882,22.41882],[83.10439,22.41555],[83.103,22.39541],[83.10394,22.39151],[83.10395,22.38673],[83.10239,22.38365],[83.09866,22.38257],[83.09676,22.38097],[83.09723,22.37677],[83.09904,22.37227],[83.10242,22.36833],[83.10365,22.3632],[83.09931,22.35753],[83.0825,22.3459],[83.07806,22.33866],[83.07632,22.33313],[83.07766,22.31636],[83.0755,22.31224],[83.06937,22.30642],[83.06436,22.3035],[83.05708,22.29269],[83.05135,22.28766],[83.04787,22.28247],[83.04674,22.27774],[83.04703,22.27307],[83.05203,22.26689],[83.05444,22.26045],[83.05112,22.25655],[83.04201,22.25345],[83.03051,22.2477],[83.02872,22.24348],[83.03125,22.23762],[83.04097,22.23114],[83.04357,22.22588],[83.04568,22.21625],[83.04694,22.20301],[83.04568,22.19719],[83.03532,22.18924],[83.03104,22.18223],[83.02649,22.17202],[83.02323,22.1673],[83.01809,22.16669],[83.0078,22.1677],[82.99707,22.16395],[82.99174,22.16349],[82.98702,22.1621],[82.97921,22.16439],[82.97366,22.16441],[82.96799,22.16334],[82.96164,22.16077],[82.95602,22.1506],[82.95576,22.14548],[82.95458,22.14243],[82.94517,22.14429],[82.93948,22.14389],[82.93726,22.13924],[82.93414,22.12934],[82.93248,22.12693],[82.93359,22.12041],[82.92884,22.11926],[82.92122,22.12131],[82.91351,22.12781],[82.90588,22.13129],[82.89807,22.13614],[82.89481,22.13966],[82.88487,22.16097],[82.87262,22.16731],[82.86431,22.16998],[82.85745,22.16929],[82.85184,22.16758],[82.84756,22.16264],[82.84676,22.15872],[82.84515,22.15603],[82.84297,22.15493],[82.83964,22.15408],[82.81597,22.15417],[82.80903,22.14721],[82.8036,22.14411],[82.79687,22.14136],[82.79014,22.14062],[82.78953,22.13786],[82.79323,22.13136],[82.78889,22.12911],[82.77201,22.12458],[82.76175,22.12017],[82.76521,22.12281],[82.75475,22.11776],[82.74795,22.10701],[82.74843,22.10193],[82.75039,22.09832],[82.74712,22.09498],[82.74007,22.09256],[82.73618,22.09561],[82.73451,22.08969],[82.73019,22.0859],[82.72341,22.08475],[82.72466,22.07819],[82.72834,22.07141],[82.73048,22.05385],[82.73503,22.04558],[82.73477,22.04189],[82.73318,22.03712],[82.73004,22.03604],[82.72512,22.0358],[82.72007,22.03695],[82.71316,22.04018],[82.70764,22.04507],[82.70524,22.04818],[82.70013,22.06389],[82.69755,22.07843],[82.6957,22.08385],[82.6917,22.08746],[82.6842,22.08891],[82.67896,22.08782],[82.6712,22.07896],[82.66837,22.07873],[82.66579,22.07971],[82.66219,22.08558],[82.6574,22.09007],[82.64206,22.09783],[82.64206,22.09989],[82.64011,22.10502],[82.63376,22.11387],[82.62926,22.12233],[82.62901,22.13309],[82.63223,22.13401],[82.63769,22.1474],[82.64472,22.16075],[82.65187,22.18145],[82.65266,22.1871],[82.64948,22.19238],[82.64162,22.20222],[82.63806,22.21057],[82.63757,22.21384],[82.63929,22.22305],[82.6375,22.22448],[82.63689,22.23651],[82.63461,22.2399],[82.63115,22.24249],[82.61919,22.24887],[82.61771,22.25152],[82.60728,22.25532],[82.59545,22.25652],[82.59063,22.25784],[82.58674,22.25749],[82.58435,22.25208],[82.58478,22.24737],[82.58326,22.2415],[82.57438,22.22545],[82.57117,22.22114],[82.56241,22.2178],[82.55676,22.21675],[82.54726,22.20973],[82.54188,22.20726],[82.53813,22.20668],[82.53474,22.20708],[82.53141,22.2103],[82.53134,22.21518],[82.52956,22.22496],[82.52806,22.22881],[82.52122,22.24089],[82.51817,22.24428],[82.51645,22.24889],[82.51318,22.2513],[82.50633,22.24916],[82.50238,22.24974],[82.49815,22.24771],[82.48931,22.24564],[82.4868,22.24304],[82.48538,22.23999],[82.48158,22.2374],[82.47669,22.23256],[82.47024,22.22272],[82.46456,22.22007],[82.46008,22.21574],[82.45495,22.21223],[82.45299,22.2154],[82.4438,22.22159],[82.43251,22.22451],[82.428,22.23146],[82.42372,22.23998],[82.4179,22.24635],[82.40346,22.25501],[82.401,22.25529],[82.39452,22.25781],[82.38994,22.26132],[82.39671,22.26863],[82.40781,22.27682],[82.41274,22.28165],[82.40759,22.28533],[82.40041,22.29781],[82.39615,22.30165],[82.3927,22.30297],[82.37259,22.30051],[82.37061,22.30742],[82.36565,22.3143],[82.34885,22.32365],[82.34478,22.32445],[82.33934,22.32214],[82.33423,22.32172],[82.32632,22.32256],[82.32152,22.32198],[82.31763,22.31944],[82.30917,22.3082],[82.30093,22.2949],[82.29649,22.29241],[82.29327,22.28775],[82.28947,22.28492],[82.28609,22.28491],[82.27893,22.28639],[82.26489,22.29354],[82.25695,22.29266],[82.25741,22.30048],[82.25921,22.30423],[82.26471,22.31212],[82.26643,22.3207],[82.26621,22.32576],[82.26454,22.33035],[82.26083,22.33392],[82.25491,22.33453],[82.24893,22.33325],[82.23348,22.33297],[82.22893,22.32997],[82.22591,22.32887],[82.22123,22.32983],[82.21861,22.3312],[82.21305,22.33677],[82.21029,22.3367],[82.20816,22.32761],[82.20117,22.31505],[82.19876,22.3132],[82.19489,22.31238],[82.19055,22.31622],[82.18634,22.31736],[82.18068,22.31768],[82.17863,22.31946],[82.17726,22.32274],[82.17391,22.32508],[82.1677,22.32247],[82.16238,22.32314],[82.15743,22.32796],[82.13596,22.32926],[82.1331,22.33035],[82.13914,22.33469],[82.14339,22.33896],[82.14577,22.34264],[82.14796,22.34886],[82.14903,22.37418],[82.144,22.38313],[82.15864,22.3836],[82.16066,22.38417],[82.16145,22.38654],[82.16235,22.3973],[82.16375,22.39937],[82.17546,22.4066],[82.17666,22.41139],[82.17635,22.41437],[82.17375,22.41597],[82.17014,22.42057],[82.16586,22.42993],[82.16359,22.43918],[82.16067,22.44268],[82.15561,22.44491],[82.14539,22.44694],[82.13873,22.45112],[82.13646,22.4567],[82.13638,22.46274],[82.13848,22.48006],[82.13992,22.48565],[82.1441,22.49256],[82.15106,22.49719],[82.15371,22.4999],[82.15509,22.51227],[82.1594,22.52979],[82.15461,22.53701],[82.14914,22.54154],[82.1573,22.54485],[82.16325,22.5512],[82.16368,22.55165],[82.16512,22.55276],[82.17087,22.55611],[82.17838,22.56489],[82.19229,22.57862],[82.19513,22.58226],[82.19844,22.59072],[82.202,22.59512],[82.20732,22.59507],[82.22484,22.59144],[82.22803,22.59202],[82.2294,22.59623],[82.23221,22.60515],[82.23457,22.61873],[82.23271,22.62304],[82.23193,22.63173],[82.2327,22.64129],[82.2343,22.64544],[82.23489,22.65142],[82.23654,22.65551],[82.21401,22.66051],[82.20596,22.66054],[82.19936,22.65943],[82.19699,22.6616],[82.19668,22.66356],[82.19525,22.66557],[82.18874,22.66871],[82.18497,22.66974],[82.18217,22.66961],[82.17577,22.66666],[82.17075,22.66526],[82.16906,22.66732],[82.16786,22.67699],[82.16861,22.68736],[82.16828,22.69339],[82.16339,22.69572],[82.16219,22.69907],[82.1608,22.70913],[82.16126,22.71432],[82.15924,22.72334],[82.1591,22.72778],[82.15605,22.73202],[82.14681,22.73917],[82.14494,22.74418],[82.14822,22.75138],[82.14906,22.76088],[82.15444,22.79277],[82.15385,22.80474],[82.15473,22.81074],[82.15368,22.81343],[82.15125,22.81532],[82.14912,22.81918],[82.15057,22.82988],[82.15048,22.83812],[82.14699,22.83978],[82.13994,22.8406],[82.13335,22.84312],[82.13091,22.84805],[82.13214,22.85215],[82.13405,22.85491],[82.13961,22.86087],[82.14642,22.86406],[82.14838,22.86676],[82.1531,22.87835],[82.1542,22.88307],[82.16343,22.88598],[82.16646,22.88812],[82.17522,22.8992],[82.17915,22.90117],[82.18875,22.90787],[82.19133,22.91214],[82.19189,22.91681],[82.19689,22.91998],[82.20567,22.93031],[82.20787,22.93659],[82.20833,22.942],[82.20807,22.9428],[82.21559,22.94087],[82.23483,22.93759],[82.25282,22.9385],[82.25963,22.94169],[82.2707,22.95097],[82.28771,22.96035],[82.29355,22.96232],[82.31456,22.96704],[82.32393,22.96695],[82.32751,22.97063],[82.33176,22.9791],[82.33678,22.98417],[82.34285,22.98891],[82.35917,22.99556],[82.36492,22.99706],[82.38297,22.99733],[82.38892,22.99647],[82.40018,22.99235],[82.40397,22.98988],[82.40677,22.98557],[82.40771,22.97769],[82.41293,22.9739],[82.41838,22.97235],[82.4295,22.97111],[82.43826,22.96749]],[[82.97971,22.23474],[82.98215,22.23283],[82.99088,22.23352],[82.99967,22.23194],[83.01148,22.23249],[83.01357,22.23322],[83.01507,22.23537],[83.01434,22.23782],[83.00893,22.24591],[83.00421,22.25161],[82.99918,22.25473],[82.99239,22.24879],[82.99081,22.24707],[82.98587,22.24668],[82.97923,22.23875],[82.97971,22.23474]]]}},{"type":"Feature","properties":{"ID_0":105,"ISO":"IND","NAME_0":"India","ID_1":7,"NAME_1":"Chhattisgarh","ID_2":112,"NAME_2":"Koriya","NL_NAME_2":null,"VARNAME_2":null,"TYPE_2":"District","ENGTYPE_2":"District","STATE":"Chhattisgarh","DISTRICT":"Koriya"},"geometry":{"type":"Polygon","coordinates":[[[81.6795,23.90765],[81.6824,23.88979],[81.68692,23.88494],[81.69739,23.88596],[81.69967,23.88149],[81.69846,23.87799],[81.70297,23.87285],[81.70229,23.86899],[81.70268,23.8634],[81.71253,23.86296],[81.71495,23.86188],[81.72092,23.86082],[81.72301,23.85898],[81.72385,23.85689],[81.72389,23.85072],[81.72141,23.84907],[81.71835,23.84339],[81.71906,23.84043],[81.72685,23.84096],[81.73051,23.83936],[81.73444,23.83619],[81.74519,23.83092],[81.77263,23.8142],[81.78266,23.81184],[81.78748,23.81193],[81.79342,23.81442],[81.80058,23.81355],[81.80564,23.81044],[81.81173,23.8095],[81.81741,23.81124],[81.82412,23.81641],[81.82864,23.81709],[81.83165,23.8213],[81.85294,23.82432],[81.85766,23.82877],[81.86208,23.83481],[81.87843,23.8379],[81.88535,23.84174],[81.8941,23.84406],[81.89807,23.84829],[81.90078,23.85122],[81.90426,23.85852],[81.90984,23.8641],[81.9147,23.87188],[81.91644,23.87299],[81.93165,23.86791],[81.9329,23.86675],[81.93228,23.86261],[81.93391,23.86193],[81.93686,23.86206],[81.93856,23.86097],[81.94005,23.85777],[81.9449,23.85693],[81.95071,23.85289],[81.96239,23.85708],[81.97155,23.85835],[81.98394,23.862],[81.99215,23.86264],[82.00073,23.86314],[82.00568,23.8588],[82.0076,23.85495],[82.01161,23.85228],[82.0285,23.8477],[82.03252,23.84508],[82.03516,23.84256],[82.03433,23.83867],[82.03101,23.8319],[82.03217,23.82931],[82.04053,23.82633],[82.04234,23.82496],[82.0454,23.82059],[82.06329,23.81911],[82.07202,23.81978],[82.07802,23.81707],[82.08911,23.81789],[82.10018,23.8201],[82.10679,23.81849],[82.10876,23.81868],[82.11746,23.82312],[82.12576,23.81967],[82.13408,23.81816],[82.14456,23.81925],[82.15574,23.82198],[82.16241,23.81996],[82.16525,23.82075],[82.16827,23.82269],[82.16972,23.82468],[82.17249,23.83791],[82.17352,23.83909],[82.17876,23.84204],[82.18934,23.84371],[82.19558,23.85038],[82.20389,23.85299],[82.20687,23.84404],[82.20665,23.84103],[82.20435,23.83712],[82.20097,23.83454],[82.19926,23.83192],[82.20136,23.82829],[82.2116,23.82393],[82.21611,23.82096],[82.22108,23.81006],[82.22614,23.80693],[82.229,23.80667],[82.23153,23.80779],[82.24855,23.8198],[82.25529,23.82189],[82.26476,23.81874],[82.27122,23.81869],[82.27767,23.81713],[82.28383,23.8129],[82.29511,23.80855],[82.29759,23.80816],[82.30432,23.80986],[82.30716,23.81116],[82.31113,23.81119],[82.31506,23.81031],[82.32097,23.80874],[82.32823,23.80367],[82.33125,23.80536],[82.33855,23.80601],[82.34292,23.8039],[82.34703,23.80371],[82.35658,23.80833],[82.36835,23.8111],[82.37985,23.80704],[82.38398,23.80487],[82.38823,23.80137],[82.39336,23.80241],[82.40297,23.80278],[82.42323,23.80609],[82.43645,23.80471],[82.44024,23.80572],[82.44576,23.81086],[82.44904,23.81165],[82.46002,23.8114],[82.46351,23.81085],[82.46988,23.80765],[82.48269,23.79752],[82.48376,23.79057],[82.48508,23.78838],[82.49175,23.78571],[82.49255,23.77529],[82.49128,23.76519],[82.49272,23.76375],[82.49622,23.76217],[82.5099,23.75741],[82.51424,23.75796],[82.51727,23.75927],[82.52464,23.76055],[82.53058,23.76047],[82.53481,23.75906],[82.54168,23.75431],[82.54424,23.74616],[82.54443,23.74095],[82.54656,23.73812],[82.55769,23.73282],[82.55992,23.72913],[82.56139,23.72381],[82.56303,23.72174],[82.56783,23.71975],[82.5717,23.71629],[82.57668,23.70719],[82.58113,23.70253],[82.58603,23.69555],[82.59026,23.68696],[82.59288,23.67973],[82.59572,23.66718],[82.59376,23.65964],[82.5899,23.65416],[82.58566,23.64497],[82.57548,23.6395],[82.56979,23.63054],[82.56758,23.62172],[82.56757,23.61847],[82.57102,23.61311],[82.57042,23.59213],[82.57105,23.58512],[82.57262,23.57448],[82.57695,23.5577],[82.5771,23.55475],[82.57412,23.54274],[82.58807,23.52784],[82.59166,23.52672],[82.59559,23.52419],[82.60125,23.51954],[82.60526,23.51413],[82.62051,23.51069],[82.62828,23.50293],[82.63431,23.49881],[82.63954,23.48895],[82.64414,23.47374],[82.64655,23.46188],[82.64848,23.42574],[82.64906,23.41468],[82.64315,23.39859],[82.64259,23.39331],[82.64318,23.38834],[82.64519,23.38476],[82.65733,23.38126],[82.66775,23.37224],[82.67351,23.37025],[82.68737,23.36866],[82.70237,23.36356],[82.70624,23.36057],[82.71266,23.36062],[82.72067,23.36397],[82.72581,23.36337],[82.7376,23.35835],[82.74063,23.35542],[82.74368,23.34634],[82.74918,23.33821],[82.75073,23.3312],[82.74934,23.32575],[82.7457,23.3175],[82.75169,23.31146],[82.75214,23.30811],[82.7514,23.30272],[82.74926,23.29893],[82.7433,23.29455],[82.74103,23.29152],[82.74175,23.28741],[82.74063,23.28109],[82.74208,23.27085],[82.74194,23.26453],[82.73689,23.25303],[82.7135,23.24545],[82.69727,23.24534],[82.68976,23.24193],[82.68472,23.23002],[82.67964,23.2213],[82.67325,23.21517],[82.66436,23.21006],[82.66106,23.20657],[82.65838,23.20185],[82.6556,23.19344],[82.65318,23.18205],[82.64861,23.17444],[82.64674,23.16962],[82.64641,23.16463],[82.64191,23.15776],[82.64037,23.15272],[82.63649,23.14544],[82.63213,23.14153],[82.62744,23.14104],[82.60818,23.14228],[82.59997,23.14227],[82.59916,23.13984],[82.59118,23.13398],[82.58176,23.13182],[82.57697,23.12976],[82.57361,23.12632],[82.57391,23.1207],[82.58166,23.10048],[82.58202,23.09597],[82.58115,23.09087],[82.57828,23.08453],[82.56744,23.08253],[82.56568,23.07823],[82.56973,23.072],[82.58071,23.06357],[82.57459,23.0576],[82.57475,23.0547],[82.58022,23.05051],[82.58429,23.04234],[82.59044,23.03341],[82.58966,23.02355],[82.59124,23.02192],[82.59422,23.02206],[82.59821,23.02384],[82.60233,23.02224],[82.59888,23.01183],[82.59687,23.00048],[82.5942,22.9966],[82.58252,22.99317],[82.58041,22.99167],[82.58246,22.98569],[82.58334,22.97931],[82.58203,22.97625],[82.56844,22.96502],[82.56552,22.96974],[82.55977,22.9725],[82.54736,22.97462],[82.53465,22.97439],[82.50631,22.96745],[82.4986,22.96727],[82.48602,22.96819],[82.47739,22.96484],[82.46503,22.96764],[82.46139,22.96775],[82.45152,22.96624],[82.44327,22.96652],[82.43826,22.96749],[82.4295,22.97111],[82.41838,22.97235],[82.41293,22.9739],[82.40771,22.97769],[82.40677,22.98557],[82.40397,22.98988],[82.40018,22.99235],[82.38892,22.99647],[82.38297,22.99733],[82.36492,22.99706],[82.35917,22.99556],[82.34285,22.98891],[82.33678,22.98417],[82.33176,22.9791],[82.32751,22.97063],[82.32393,22.96695],[82.31456,22.96704],[82.29355,22.96232],[82.28771,22.96035],[82.2707,22.95097],[82.25963,22.94169],[82.25282,22.9385],[82.23483,22.93759],[82.21559,22.94087],[82.20807,22.9428],[82.20511,22.94504],[82.19504,22.95003],[82.1875,22.95794],[82.174,22.96826],[82.17227,22.97079],[82.17269,22.97568],[82.17157,22.98984],[82.17731,23.00035],[82.17891,23.01558],[82.1705,23.04086],[82.16653,23.04535],[82.16293,23.04566],[82.15564,23.05047],[82.15377,23.05289],[82.15274,23.05665],[82.14756,23.06757],[82.14226,23.07467],[82.13463,23.08454],[82.12387,23.09456],[82.11588,23.1038],[82.11936,23.10747],[82.12825,23.11211],[82.12924,23.11403],[82.12962,23.12507],[82.13099,23.12895],[82.13277,23.13162],[82.15108,23.14174],[82.15407,23.15114],[82.15376,23.15804],[82.15138,23.16055],[82.14494,23.16314],[82.14011,23.16372],[82.13732,23.16497],[82.1379,23.16833],[82.14171,23.17474],[82.14095,23.17849],[82.13746,23.1802],[82.13699,23.1828],[82.13766,23.18813],[82.14018,23.19035],[82.14057,23.19807],[82.14666,23.20945],[82.14635,23.21384],[82.14293,23.22238],[82.14249,23.2277],[82.14699,23.23192],[82.15372,23.24597],[82.15953,23.24915],[82.15986,23.25292],[82.16653,23.2614],[82.16814,23.26744],[82.16982,23.27018],[82.17403,23.27249],[82.1842,23.27526],[82.18639,23.27766],[82.18946,23.28459],[82.18698,23.29024],[82.18698,23.29499],[82.1888,23.29837],[82.1899,23.30349],[82.18884,23.30873],[82.18999,23.31153],[82.18751,23.32223],[82.18586,23.32539],[82.18429,23.32689],[82.17904,23.32706],[82.16008,23.33219],[82.15808,23.33332],[82.15553,23.33549],[82.15359,23.34249],[82.15131,23.34557],[82.14522,23.34921],[82.14282,23.35441],[82.13783,23.36184],[82.13248,23.36217],[82.12905,23.36104],[82.11845,23.35448],[82.11445,23.35403],[82.1109,23.35584],[82.10789,23.35847],[82.1045,23.36318],[82.10546,23.36928],[82.10517,23.38283],[82.10412,23.38682],[82.10079,23.39078],[82.09876,23.39469],[82.09848,23.3977],[82.09489,23.39854],[82.08513,23.39331],[82.08365,23.39677],[82.07996,23.39719],[82.0693,23.39503],[82.06308,23.39247],[82.05677,23.39354],[82.05396,23.39049],[82.05274,23.38514],[82.04923,23.37873],[82.04574,23.37787],[82.03707,23.37955],[82.03285,23.38539],[82.02942,23.38755],[82.02561,23.38593],[82.02324,23.38376],[82.02039,23.3843],[82.01452,23.38792],[82.01363,23.39027],[82.01429,23.39351],[82.0172,23.39639],[82.01992,23.40093],[82.01752,23.40552],[82.01736,23.40806],[82.02325,23.41018],[82.01842,23.42112],[82.01598,23.42351],[82.00977,23.42053],[81.99953,23.41281],[81.99545,23.4156],[81.99191,23.41929],[81.9874,23.41952],[81.97887,23.41153],[81.97612,23.41311],[81.97589,23.41557],[81.97361,23.41759],[81.97159,23.41973],[81.97054,23.42387],[81.97338,23.42628],[81.97508,23.43184],[81.97146,23.44164],[81.97191,23.4452],[81.9714,23.44747],[81.96822,23.45036],[81.96661,23.45372],[81.96124,23.45979],[81.95674,23.46337],[81.95033,23.46606],[81.94762,23.47163],[81.94703,23.47548],[81.94894,23.49674],[81.94472,23.50014],[81.93445,23.50555],[81.9283,23.51324],[81.92767,23.51755],[81.91636,23.53209],[81.91376,23.53376],[81.90942,23.53502],[81.90392,23.53509],[81.89997,23.53413],[81.89625,23.53195],[81.88448,23.52248],[81.87936,23.51843],[81.86969,23.51457],[81.86224,23.51387],[81.85507,23.51645],[81.85075,23.51646],[81.83411,23.51216],[81.82718,23.51129],[81.81654,23.51486],[81.81258,23.51763],[81.81007,23.52261],[81.8102,23.52634],[81.81151,23.53067],[81.81104,23.53392],[81.80462,23.54581],[81.80128,23.54776],[81.79756,23.54883],[81.76299,23.55077],[81.75639,23.55252],[81.75362,23.55856],[81.7506,23.56307],[81.74796,23.56538],[81.74071,23.56765],[81.73603,23.56743],[81.72923,23.5651],[81.72595,23.56245],[81.72344,23.55883],[81.71923,23.55605],[81.71676,23.54835],[81.71307,23.54267],[81.71034,23.54124],[81.70638,23.53358],[81.69309,23.52334],[81.68745,23.52445],[81.68188,23.5272],[81.66718,23.5319],[81.66203,23.53244],[81.65453,23.53155],[81.6531,23.52769],[81.65396,23.51996],[81.6536,23.51389],[81.64765,23.50243],[81.64399,23.50012],[81.63718,23.4993],[81.63525,23.49836],[81.6311,23.49174],[81.62823,23.49037],[81.62423,23.49105],[81.61722,23.49487],[81.61443,23.49776],[81.60705,23.50689],[81.60522,23.51089],[81.60632,23.52068],[81.60547,23.52476],[81.60665,23.54497],[81.6057,23.55049],[81.60227,23.55367],[81.58691,23.55451],[81.58392,23.55396],[81.57707,23.55489],[81.57551,23.55871],[81.57445,23.56668],[81.57043,23.57981],[81.56973,23.58865],[81.57077,23.59092],[81.57506,23.59202],[81.58025,23.59679],[81.5948,23.59547],[81.59985,23.59692],[81.60268,23.60003],[81.60109,23.61394],[81.60438,23.62137],[81.60652,23.62446],[81.60951,23.63299],[81.61324,23.66098],[81.61849,23.66138],[81.63501,23.65897],[81.64313,23.66033],[81.64641,23.66321],[81.64796,23.668],[81.6495,23.68345],[81.67321,23.69343],[81.68465,23.71364],[81.68729,23.72135],[81.68689,23.72262],[81.68234,23.72561],[81.6775,23.7346],[81.6721,23.74002],[81.6733,23.74336],[81.67829,23.74887],[81.67409,23.75397],[81.66933,23.75735],[81.66178,23.75991],[81.65355,23.76427],[81.64416,23.76808],[81.63966,23.77113],[81.63817,23.77479],[81.63837,23.77788],[81.64349,23.79184],[81.64362,23.79889],[81.64256,23.80458],[81.63602,23.81635],[81.63054,23.83081],[81.62811,23.83433],[81.62571,23.83582],[81.62023,23.83682],[81.60942,23.83579],[81.60733,23.83624],[81.60583,23.83821],[81.60497,23.84139],[81.60456,23.84384],[81.59844,23.85368],[81.59739,23.85746],[81.59739,23.86194],[81.59834,23.86422],[81.6062,23.86395],[81.61143,23.86703],[81.61485,23.87277],[81.60875,23.87818],[81.6002,23.8834],[81.59758,23.88624],[81.59691,23.88902],[81.60339,23.8924],[81.60555,23.89585],[81.60757,23.90327],[81.61051,23.90697],[81.61445,23.90828],[81.62451,23.90692],[81.62922,23.90766],[81.63728,23.91362],[81.64146,23.91517],[81.64812,23.91616],[81.65166,23.91783],[81.65741,23.92457],[81.6616,23.9256],[81.66492,23.92208],[81.66772,23.9157],[81.67733,23.91024],[81.6795,23.90765]]]}},{"type":"Feature","properties":{"ID_0":105,"ISO":"IND","NAME_0":"India","ID_1":7,"NAME_1":"Chhattisgarh","ID_2":113,"NAME_2":"Mahasamund","NL_NAME_2":null,"VARNAME_2":null,"TYPE_2":"District","ENGTYPE_2":"District","STATE":"Chhattisgarh","DISTRICT":"Mahasamund"},"geometry":{"type":"Polygon","coordinates":[[[82.88983,21.52662],[82.89085,21.52184],[82.89502,21.51746],[82.90315,21.49933],[82.90864,21.49005],[82.91281,21.48525],[82.9209,21.48768],[82.92728,21.49174],[82.93243,21.49035],[82.94048,21.49078],[82.95034,21.48859],[82.95488,21.48229],[82.9607,21.4681],[82.96944,21.47275],[82.97406,21.47089],[82.98214,21.46325],[82.98706,21.46144],[82.99276,21.45476],[82.99856,21.45586],[83.00297,21.45967],[83.00626,21.4642],[83.00859,21.46501],[83.00983,21.46673],[83.00902,21.47091],[83.01185,21.48376],[83.01556,21.48429],[83.02,21.48327],[83.03425,21.47754],[83.04115,21.47666],[83.04251,21.47511],[83.04564,21.46977],[83.04766,21.46237],[83.04828,21.45262],[83.0479,21.44969],[83.04543,21.44467],[83.04562,21.44207],[83.04692,21.43844],[83.05338,21.43184],[83.05845,21.42963],[83.08183,21.42753],[83.09176,21.42309],[83.0979,21.4227],[83.10373,21.4239],[83.11629,21.41775],[83.12009,21.41522],[83.1204,21.41339],[83.11857,21.41167],[83.11027,21.41002],[83.11021,21.40697],[83.11106,21.40445],[83.11528,21.39733],[83.12013,21.39601],[83.12504,21.39561],[83.12626,21.39435],[83.12855,21.38907],[83.12637,21.37618],[83.12986,21.37198],[83.13708,21.36567],[83.13991,21.36136],[83.1413,21.36039],[83.14683,21.36284],[83.14934,21.3684],[83.15303,21.37258],[83.16592,21.3819],[83.17207,21.38918],[83.17636,21.39653],[83.18404,21.39233],[83.18665,21.38952],[83.18714,21.38458],[83.18542,21.37925],[83.18573,21.37793],[83.18935,21.37986],[83.19168,21.38216],[83.19863,21.39386],[83.20402,21.39334],[83.21193,21.39051],[83.21554,21.38736],[83.21755,21.38448],[83.21847,21.37855],[83.22153,21.37712],[83.23197,21.37648],[83.23883,21.37784],[83.24074,21.37933],[83.26569,21.37366],[83.27002,21.37504],[83.26952,21.36721],[83.27078,21.35924],[83.26609,21.34543],[83.26064,21.33718],[83.25496,21.33192],[83.25578,21.32932],[83.26086,21.32674],[83.25421,21.31959],[83.2541,21.31238],[83.2588,21.30213],[83.27268,21.29613],[83.2748,21.29057],[83.27456,21.28567],[83.27131,21.2805],[83.26768,21.26858],[83.26276,21.27261],[83.2573,21.27555],[83.24837,21.2773],[83.24245,21.27644],[83.23187,21.26534],[83.2249,21.26697],[83.21835,21.26012],[83.21414,21.25087],[83.2147,21.24042],[83.21906,21.22371],[83.21521,21.22369],[83.21439,21.22058],[83.21536,21.21549],[83.20757,21.20139],[83.21121,21.19118],[83.21003,21.18807],[83.20521,21.18404],[83.20202,21.17743],[83.19953,21.17405],[83.20007,21.1689],[83.19939,21.16197],[83.19373,21.15765],[83.19275,21.13944],[83.1901,21.13553],[83.18298,21.13205],[83.17662,21.13074],[83.16987,21.13152],[83.16139,21.13145],[83.1534,21.12577],[83.14875,21.11987],[83.13771,21.10982],[83.134,21.10523],[83.11984,21.10106],[83.10828,21.1077],[83.09518,21.10431],[83.09209,21.10597],[83.08871,21.10745],[83.08157,21.1067],[83.07144,21.10807],[83.06436,21.1111],[83.05976,21.11591],[83.0514,21.11717],[83.04683,21.12021],[83.04058,21.11893],[83.03643,21.12121],[83.03275,21.12436],[83.02908,21.12603],[83.02954,21.13132],[83.01862,21.13818],[83.01589,21.13972],[83.01048,21.14537],[83.00773,21.14653],[83.00555,21.14583],[82.99912,21.14814],[82.99297,21.15428],[82.98342,21.14827],[82.97993,21.15746],[82.97161,21.15631],[82.96515,21.15576],[82.96364,21.16167],[82.95965,21.17385],[82.95607,21.17549],[82.949,21.16977],[82.94233,21.16304],[82.93739,21.16115],[82.928,21.16103],[82.92193,21.15821],[82.91442,21.16064],[82.90796,21.16027],[82.90231,21.16297],[82.89514,21.15982],[82.88741,21.15377],[82.87923,21.14909],[82.87286,21.15106],[82.86883,21.15975],[82.86367,21.15538],[82.8595,21.1573],[82.85403,21.15701],[82.84677,21.15817],[82.84713,21.16268],[82.84,21.16336],[82.81248,21.15856],[82.80685,21.15664],[82.80381,21.15307],[82.79559,21.15059],[82.79176,21.14511],[82.78885,21.13927],[82.78209,21.14102],[82.75752,21.15856],[82.7523,21.15974],[82.73535,21.15787],[82.72724,21.15919],[82.72115,21.15894],[82.71146,21.15577],[82.70554,21.15489],[82.70054,21.15326],[82.69404,21.1528],[82.69196,21.15685],[82.68453,21.15806],[82.66205,21.15075],[82.64583,21.15171],[82.63594,21.14945],[82.6328,21.14266],[82.63409,21.13635],[82.63837,21.13161],[82.64462,21.12881],[82.64776,21.12496],[82.64532,21.12067],[82.63956,21.117],[82.6371,21.11162],[82.63834,21.10647],[82.64503,21.10188],[82.643,21.09776],[82.63536,21.09199],[82.63184,21.08696],[82.62588,21.07682],[82.62194,21.0752],[82.61525,21.07517],[82.60938,21.0712],[82.60912,21.06392],[82.62003,21.0444],[82.62231,21.03657],[82.60862,21.0182],[82.60773,21.01216],[82.60445,21.00587],[82.59515,20.99713],[82.58208,20.98678],[82.57813,20.97894],[82.56651,20.967],[82.55294,20.94148],[82.54574,20.93494],[82.53585,20.92952],[82.52625,20.92771],[82.51924,20.92469],[82.51344,20.91722],[82.5031,20.91389],[82.49364,20.90935],[82.48567,20.90351],[82.48314,20.89966],[82.48467,20.87955],[82.48453,20.87289],[82.48137,20.86146],[82.48193,20.85531],[82.47762,20.84672],[82.46826,20.84263],[82.46339,20.83967],[82.45983,20.83565],[82.46231,20.83035],[82.46246,20.82758],[82.45905,20.82384],[82.45351,20.82122],[82.44837,20.82218],[82.44466,20.82407],[82.44109,20.82376],[82.43939,20.82719],[82.4365,20.82953],[82.42294,20.826],[82.41553,20.82647],[82.41349,20.82956],[82.40563,20.83721],[82.40737,20.8435],[82.40728,20.84802],[82.40226,20.85328],[82.40247,20.85796],[82.40141,20.86243],[82.3828,20.86994],[82.37667,20.86692],[82.36801,20.8641],[82.35904,20.86654],[82.35592,20.86994],[82.35618,20.87636],[82.35918,20.88271],[82.34662,20.88385],[82.34122,20.86806],[82.33261,20.86712],[82.31495,20.88144],[82.30446,20.89142],[82.29669,20.88871],[82.29208,20.89579],[82.28568,20.89938],[82.27664,20.90127],[82.26928,20.90773],[82.26626,20.91435],[82.2639,20.92089],[82.26575,20.93001],[82.26364,20.93553],[82.2406,20.93897],[82.2361,20.94244],[82.22017,20.94722],[82.21651,20.9462],[82.21898,20.93861],[82.21855,20.93408],[82.21732,20.93202],[82.21143,20.93216],[82.20279,20.9357],[82.19196,20.93788],[82.18481,20.94466],[82.18429,20.94521],[82.17983,20.96216],[82.17386,20.963],[82.16846,20.9683],[82.16624,20.98395],[82.16388,20.99069],[82.16024,20.99771],[82.15674,21.01072],[82.15265,21.0147],[82.13893,21.01708],[82.12846,21.01694],[82.12167,21.01588],[82.10493,21.02443],[82.09782,21.02401],[82.08806,21.02626],[82.07825,21.03111],[82.07112,21.041],[82.06439,21.04568],[82.05546,21.06067],[82.04542,21.0595],[82.03471,21.05719],[82.02153,21.0562],[82.01124,21.06076],[82.00516,21.06823],[81.99596,21.07406],[81.99313,21.07468],[81.98837,21.07704],[81.98405,21.08202],[81.98572,21.08791],[81.98809,21.09929],[81.98931,21.11955],[81.99117,21.12956],[81.99332,21.13439],[81.99516,21.13955],[81.99997,21.14291],[82.00436,21.14968],[82.00873,21.15878],[82.01196,21.17029],[82.01359,21.18289],[82.01234,21.21698],[82.01706,21.22622],[82.02029,21.23028],[82.06099,21.26883],[82.06917,21.2738],[82.10058,21.28574],[82.11124,21.28865],[82.12083,21.29361],[82.12795,21.29853],[82.13428,21.30421],[82.14705,21.31968],[82.15887,21.32546],[82.16262,21.33268],[82.17304,21.34627],[82.17418,21.35549],[82.18184,21.36398],[82.18454,21.36891],[82.18683,21.37557],[82.18417,21.37489],[82.19049,21.37879],[82.1979,21.3813],[82.20854,21.39832],[82.21505,21.40665],[82.22177,21.41368],[82.2282,21.42347],[82.23433,21.43096],[82.24338,21.43188],[82.24615,21.43047],[82.24268,21.42353],[82.24519,21.41512],[82.25658,21.40967],[82.25968,21.4061],[82.26443,21.40298],[82.26955,21.39835],[82.27156,21.39083],[82.27133,21.3816],[82.2623,21.38235],[82.25476,21.38031],[82.2486,21.37334],[82.24371,21.36612],[82.23943,21.36231],[82.24982,21.35046],[82.25043,21.34358],[82.24995,21.33816],[82.2528,21.3238],[82.24696,21.31852],[82.24218,21.31534],[82.23914,21.3122],[82.2388,21.31053],[82.24654,21.30795],[82.25341,21.30665],[82.25752,21.30204],[82.26014,21.2968],[82.27203,21.29446],[82.2722,21.28632],[82.27132,21.27952],[82.27416,21.26996],[82.27885,21.26822],[82.29341,21.26532],[82.2941,21.27633],[82.30807,21.27691],[82.31107,21.28738],[82.31841,21.28844],[82.32434,21.28594],[82.32816,21.28063],[82.33128,21.2788],[82.3399,21.27996],[82.34653,21.27924],[82.34679,21.27369],[82.34232,21.27],[82.3407,21.26436],[82.3448,21.26206],[82.34869,21.26333],[82.35312,21.26344],[82.35937,21.27167],[82.36766,21.27099],[82.37312,21.2663],[82.37938,21.25906],[82.38699,21.26295],[82.3877,21.27476],[82.39036,21.28599],[82.39392,21.29096],[82.40955,21.30168],[82.41894,21.30512],[82.42661,21.30462],[82.43483,21.30282],[82.44063,21.29923],[82.4417,21.29465],[82.43433,21.28678],[82.43437,21.27933],[82.43848,21.27749],[82.44352,21.27292],[82.4501,21.27358],[82.45235,21.28647],[82.45403,21.29136],[82.46171,21.29166],[82.46562,21.29069],[82.47174,21.29222],[82.45959,21.30537],[82.45824,21.32035],[82.46537,21.31874],[82.46848,21.32269],[82.47934,21.31486],[82.48829,21.31179],[82.49818,21.31079],[82.50681,21.31244],[82.5138,21.31501],[82.52499,21.32513],[82.52981,21.32103],[82.53424,21.3164],[82.53938,21.31356],[82.55103,21.31448],[82.55879,21.31115],[82.5651,21.31441],[82.5739,21.32328],[82.57919,21.32414],[82.5829,21.32951],[82.58738,21.33296],[82.59937,21.33238],[82.60533,21.33386],[82.61372,21.33438],[82.62216,21.32969],[82.62553,21.33317],[82.62728,21.3366],[82.64215,21.33887],[82.64719,21.33862],[82.6465,21.33672],[82.65045,21.33372],[82.64771,21.3311],[82.64641,21.32656],[82.66425,21.32584],[82.67194,21.3259],[82.67973,21.32711],[82.69184,21.32722],[82.69543,21.34229],[82.69518,21.36054],[82.69714,21.36928],[82.69321,21.38182],[82.69216,21.39084],[82.69505,21.40032],[82.69456,21.4138],[82.69156,21.44604],[82.6827,21.47879],[82.72569,21.4873],[82.74451,21.5011],[82.75575,21.51175],[82.76511,21.51702],[82.77819,21.50629],[82.7845,21.50405],[82.78899,21.50454],[82.79928,21.50406],[82.81369,21.49995],[82.82095,21.49886],[82.82113,21.50435],[82.81533,21.5186],[82.81518,21.52371],[82.81712,21.52597],[82.82391,21.52378],[82.82848,21.52827],[82.83052,21.53374],[82.83567,21.5365],[82.84511,21.53737],[82.85541,21.54383],[82.86866,21.54789],[82.87352,21.54562],[82.88119,21.53761],[82.88983,21.52662]]]}},{"type":"Feature","properties":{"ID_0":105,"ISO":"IND","NAME_0":"India","ID_1":7,"NAME_1":"Chhattisgarh","ID_2":114,"NAME_2":"Raigarh","NL_NAME_2":null,"VARNAME_2":null,"TYPE_2":"District","ENGTYPE_2":"District","STATE":"Chhattisgarh","DISTRICT":"Raigarh"},"geometry":{"type":"Polygon","coordinates":[[[83.21799,22.78457],[83.22108,22.78395],[83.22993,22.78475],[83.23075,22.77694],[83.23206,22.77437],[83.233,22.77395],[83.23774,22.77489],[83.24034,22.77428],[83.24232,22.76979],[83.24633,22.76823],[83.25597,22.76901],[83.2831,22.76578],[83.31164,22.75939],[83.31561,22.76325],[83.32124,22.76546],[83.32573,22.76204],[83.33018,22.75635],[83.33498,22.75229],[83.33862,22.74712],[83.3424,22.73731],[83.34525,22.73205],[83.35297,22.73017],[83.35931,22.73121],[83.37064,22.74005],[83.37769,22.74183],[83.38406,22.74009],[83.3907,22.73559],[83.39391,22.73014],[83.39476,22.72467],[83.39029,22.7093],[83.38683,22.6931],[83.38562,22.69172],[83.38351,22.69087],[83.37919,22.6933],[83.37434,22.69317],[83.37597,22.68101],[83.37792,22.67516],[83.37952,22.66537],[83.37985,22.65914],[83.3807,22.65657],[83.38486,22.65356],[83.39875,22.64702],[83.40172,22.64385],[83.40425,22.63829],[83.40698,22.63884],[83.40929,22.63498],[83.40883,22.63027],[83.40564,22.62705],[83.40108,22.62553],[83.38896,22.62426],[83.38692,22.6216],[83.39016,22.61715],[83.39848,22.61368],[83.40313,22.60951],[83.40605,22.60162],[83.40678,22.58014],[83.40375,22.56842],[83.39513,22.55985],[83.39597,22.55559],[83.39947,22.55231],[83.41527,22.54661],[83.42841,22.53901],[83.43606,22.53178],[83.43827,22.52524],[83.44217,22.52205],[83.44441,22.52226],[83.44706,22.52002],[83.45258,22.51333],[83.45731,22.51013],[83.46317,22.50477],[83.47613,22.49986],[83.48143,22.49468],[83.48679,22.49165],[83.4895,22.49127],[83.49236,22.49513],[83.49535,22.50121],[83.49953,22.50628],[83.50759,22.51021],[83.5155,22.51192],[83.53664,22.5147],[83.54525,22.5221],[83.55415,22.53299],[83.56783,22.5426],[83.57453,22.54223],[83.5825,22.53894],[83.58859,22.53369],[83.58894,22.5312],[83.58551,22.50876],[83.58154,22.49375],[83.57168,22.47514],[83.5703,22.47015],[83.57237,22.46065],[83.57821,22.45376],[83.58645,22.44901],[83.60329,22.4413],[83.61059,22.43662],[83.61465,22.43122],[83.61893,22.42326],[83.62533,22.42143],[83.63225,22.41675],[83.6348,22.41393],[83.63811,22.40784],[83.64374,22.39299],[83.65092,22.38889],[83.67011,22.38085],[83.67679,22.38037],[83.687,22.37616],[83.69573,22.37593],[83.7041,22.37984],[83.71033,22.38098],[83.71571,22.38068],[83.73388,22.37637],[83.73982,22.35827],[83.74766,22.35054],[83.75021,22.34097],[83.75505,22.33665],[83.75771,22.33307],[83.76098,22.32238],[83.76458,22.31925],[83.76721,22.31805],[83.7742,22.31704],[83.77842,22.31116],[83.78223,22.30966],[83.78996,22.30897],[83.79047,22.30425],[83.79184,22.30074],[83.79372,22.29786],[83.79803,22.29384],[83.79752,22.28949],[83.79365,22.28769],[83.79079,22.28464],[83.78863,22.28025],[83.77856,22.27451],[83.77472,22.26734],[83.77132,22.25734],[83.76584,22.25602],[83.7618,22.25415],[83.75685,22.25038],[83.7528,22.24286],[83.74565,22.24122],[83.71899,22.24325],[83.70043,22.24588],[83.693,22.2455],[83.67905,22.24063],[83.67274,22.23744],[83.66462,22.23196],[83.65744,22.22479],[83.65457,22.22389],[83.64575,22.22459],[83.62628,22.20586],[83.61927,22.19636],[83.61184,22.17714],[83.60594,22.15761],[83.60233,22.15184],[83.59254,22.13998],[83.56731,22.11371],[83.56576,22.11285],[83.55917,22.10386],[83.55727,22.09998],[83.55892,22.09549],[83.56483,22.09397],[83.5737,22.0888],[83.58307,22.08049],[83.58918,22.07635],[83.60032,22.06551],[83.59057,22.05934],[83.58595,22.05557],[83.58351,22.05495],[83.56563,22.05679],[83.55096,22.05564],[83.54301,22.05939],[83.53837,22.05538],[83.53415,22.04344],[83.53245,22.03405],[83.53268,22.02863],[83.534,22.02228],[83.53886,22.01437],[83.54856,22.0067],[83.54674,22.00335],[83.54497,21.99939],[83.54664,21.99828],[83.5434,21.99437],[83.54083,21.99323],[83.54011,21.98533],[83.53545,21.97965],[83.53448,21.97625],[83.53517,21.9635],[83.54949,21.95039],[83.55772,21.94391],[83.55397,21.93628],[83.55336,21.93218],[83.58777,21.92612],[83.60048,21.91084],[83.59931,21.906],[83.59264,21.90075],[83.58325,21.89857],[83.58151,21.89743],[83.5832,21.89407],[83.58334,21.89096],[83.57989,21.88925],[83.57671,21.88616],[83.57811,21.87979],[83.5733,21.87637],[83.57152,21.87187],[83.58405,21.85279],[83.58594,21.84763],[83.58447,21.8436],[83.57948,21.83712],[83.5749,21.8326],[83.57353,21.82966],[83.56454,21.83037],[83.55746,21.83441],[83.54854,21.83523],[83.54095,21.83466],[83.53124,21.8319],[83.52766,21.82299],[83.5364,21.81835],[83.53478,21.80682],[83.53867,21.80062],[83.53577,21.79896],[83.53657,21.79393],[83.52219,21.79411],[83.51412,21.7978],[83.50614,21.8004],[83.49772,21.80618],[83.49091,21.81454],[83.49133,21.80866],[83.48546,21.80322],[83.48405,21.79434],[83.4743,21.78615],[83.46718,21.78274],[83.47592,21.77379],[83.47789,21.76459],[83.47903,21.7587],[83.47542,21.75341],[83.47391,21.74961],[83.47733,21.74589],[83.48413,21.74155],[83.47987,21.73414],[83.47802,21.72799],[83.46693,21.71057],[83.46161,21.70628],[83.45763,21.69967],[83.45634,21.69432],[83.44971,21.69096],[83.4408,21.69339],[83.43183,21.69391],[83.42796,21.69233],[83.42488,21.68901],[83.42111,21.68655],[83.41975,21.67502],[83.42865,21.66889],[83.43536,21.66312],[83.44077,21.65517],[83.46622,21.64412],[83.47478,21.64122],[83.48308,21.6396],[83.48334,21.63717],[83.48647,21.63317],[83.48454,21.62556],[83.47656,21.62729],[83.4699,21.62677],[83.46297,21.60551],[83.45276,21.60519],[83.4528,21.60732],[83.44872,21.60822],[83.45001,21.6134],[83.44994,21.61698],[83.44134,21.61809],[83.44142,21.62502],[83.44048,21.6267],[83.44139,21.63246],[83.44758,21.6446],[83.44123,21.64927],[83.42651,21.64354],[83.42406,21.63848],[83.41353,21.63631],[83.40862,21.6342],[83.40519,21.63181],[83.40181,21.62675],[83.39524,21.62419],[83.38982,21.62054],[83.38683,21.61536],[83.38072,21.61275],[83.37725,21.60468],[83.36819,21.59707],[83.36233,21.57252],[83.36332,21.56778],[83.36687,21.55931],[83.36692,21.55302],[83.36578,21.54968],[83.35426,21.53532],[83.34897,21.51596],[83.34588,21.50824],[83.33775,21.50263],[83.3359,21.49964],[83.33463,21.49555],[83.33562,21.49191],[83.34206,21.48533],[83.34198,21.47413],[83.34335,21.46489],[83.34733,21.45514],[83.35029,21.44398],[83.36095,21.44218],[83.36579,21.43984],[83.37014,21.4361],[83.37138,21.42836],[83.37394,21.42222],[83.38141,21.40958],[83.38967,21.40166],[83.39376,21.39944],[83.39309,21.38321],[83.39655,21.37227],[83.39631,21.36927],[83.39317,21.36519],[83.39416,21.36114],[83.40186,21.35831],[83.40445,21.35512],[83.40266,21.34843],[83.39386,21.34208],[83.38798,21.33894],[83.37663,21.3433],[83.37482,21.33996],[83.3346,21.35579],[83.31934,21.35814],[83.30959,21.36456],[83.30164,21.36784],[83.28725,21.37147],[83.28138,21.37514],[83.27615,21.37592],[83.27002,21.37504],[83.26569,21.37366],[83.24074,21.37933],[83.23883,21.37784],[83.23197,21.37648],[83.22153,21.37712],[83.21847,21.37855],[83.21755,21.38448],[83.21554,21.38736],[83.21193,21.39051],[83.20402,21.39334],[83.19863,21.39386],[83.19168,21.38216],[83.18935,21.37986],[83.18573,21.37793],[83.18542,21.37925],[83.18714,21.38458],[83.18665,21.38952],[83.18404,21.39233],[83.17636,21.39653],[83.17207,21.38918],[83.16592,21.3819],[83.15303,21.37258],[83.14934,21.3684],[83.14683,21.36284],[83.1413,21.36039],[83.13991,21.36136],[83.13708,21.36567],[83.12986,21.37198],[83.12637,21.37618],[83.12855,21.38907],[83.12626,21.39435],[83.12504,21.39561],[83.12013,21.39601],[83.11528,21.39733],[83.11106,21.40445],[83.11021,21.40697],[83.11027,21.41002],[83.11857,21.41167],[83.1204,21.41339],[83.12009,21.41522],[83.11629,21.41775],[83.10373,21.4239],[83.0979,21.4227],[83.09176,21.42309],[83.08183,21.42753],[83.05845,21.42963],[83.05338,21.43184],[83.04692,21.43844],[83.04562,21.44207],[83.04543,21.44467],[83.0479,21.44969],[83.04828,21.45262],[83.04766,21.46237],[83.04564,21.46977],[83.04251,21.47511],[83.04115,21.47666],[83.03425,21.47754],[83.02,21.48327],[83.01556,21.48429],[83.01185,21.48376],[83.00902,21.47091],[83.00983,21.46673],[83.00859,21.46501],[83.00626,21.4642],[83.00297,21.45967],[82.99856,21.45586],[82.99276,21.45476],[82.98706,21.46144],[82.98214,21.46325],[82.97406,21.47089],[82.96944,21.47275],[82.9607,21.4681],[82.95488,21.48229],[82.95034,21.48859],[82.94048,21.49078],[82.93243,21.49035],[82.92728,21.49174],[82.92532,21.49864],[82.92538,21.50631],[82.92184,21.52742],[82.92176,21.53223],[82.91935,21.54027],[82.9197,21.54869],[82.92319,21.55437],[82.93298,21.56093],[82.93679,21.56567],[82.9382,21.57575],[82.95775,21.60328],[82.9611,21.60967],[82.96616,21.6142],[82.96655,21.61962],[82.96812,21.62464],[82.97659,21.63333],[82.97723,21.63928],[82.9747,21.64899],[82.97406,21.65467],[82.97167,21.65893],[82.97067,21.66543],[82.96162,21.68413],[82.94698,21.68403],[82.94424,21.6985],[82.94306,21.7091],[82.94399,21.71948],[82.96549,21.71808],[82.98122,21.72264],[82.99266,21.72872],[82.99695,21.7309],[83.00244,21.73252],[83.01205,21.73443],[83.02078,21.73487],[83.03385,21.73157],[83.05788,21.71912],[83.06836,21.71516],[83.08183,21.71145],[83.08836,21.71145],[83.09788,21.71283],[83.10979,21.71664],[83.11514,21.71682],[83.14099,21.71345],[83.16224,21.7128],[83.179,21.70983],[83.22438,21.69872],[83.23016,21.69843],[83.24722,21.69344],[83.26188,21.68729],[83.27337,21.68339],[83.29247,21.67776],[83.29872,21.67626],[83.30663,21.67551],[83.3124,21.67786],[83.31365,21.68771],[83.31126,21.69219],[83.30806,21.69427],[83.30605,21.69668],[83.30549,21.69858],[83.29807,21.7007],[83.29364,21.70007],[83.27583,21.7026],[83.27068,21.7049],[83.26275,21.70966],[83.26031,21.71352],[83.2595,21.71875],[83.25791,21.72008],[83.25553,21.72048],[83.25424,21.72186],[83.2537,21.72364],[83.25468,21.7257],[83.26168,21.72835],[83.26292,21.73031],[83.26254,21.73261],[83.25438,21.74583],[83.24621,21.74657],[83.24345,21.74853],[83.23661,21.76399],[83.23373,21.77231],[83.23372,21.78088],[83.23289,21.78738],[83.2217,21.78915],[83.21869,21.79046],[83.21601,21.79644],[83.20617,21.80419],[83.20299,21.80935],[83.20306,21.81459],[83.20675,21.82298],[83.21344,21.82633],[83.21628,21.82864],[83.2174,21.83087],[83.21206,21.83426],[83.20184,21.83832],[83.18201,21.84053],[83.179,21.84122],[83.17691,21.84283],[83.17668,21.84839],[83.17949,21.85467],[83.18449,21.85703],[83.19617,21.86056],[83.19888,21.86223],[83.20016,21.86373],[83.19998,21.86803],[83.20152,21.87666],[83.20485,21.87735],[83.21222,21.88088],[83.21009,21.88714],[83.21076,21.89121],[83.2121,21.89214],[83.21004,21.89368],[83.20947,21.89575],[83.21059,21.89749],[83.21059,21.90048],[83.20204,21.90385],[83.20348,21.90528],[83.19746,21.90924],[83.19488,21.91526],[83.19266,21.91568],[83.18485,21.91991],[83.18259,21.91873],[83.17644,21.92016],[83.17245,21.91388],[83.16998,21.91388],[83.16755,21.91237],[83.16644,21.91387],[83.16514,21.91421],[83.15874,21.91391],[83.15543,21.91482],[83.15476,21.91366],[83.14794,21.91233],[83.1461,21.9099],[83.14467,21.90927],[83.1424,21.91173],[83.13486,21.91632],[83.13318,21.91895],[83.13259,21.92383],[83.12793,21.9237],[83.12448,21.92628],[83.12325,21.92622],[83.12197,21.92414],[83.11521,21.92539],[83.10987,21.92929],[83.10409,21.93876],[83.10226,21.94261],[83.10169,21.94589],[83.09657,21.95244],[83.09079,21.96218],[83.08633,21.97056],[83.06993,21.97119],[83.05813,21.97096],[83.05612,21.96995],[83.05595,21.96709],[83.05431,21.96431],[83.04368,21.96248],[83.03944,21.96287],[83.03059,21.9612],[83.02456,21.96118],[83.01849,21.96443],[83.01524,21.96524],[83.00063,21.9615],[82.99799,21.96353],[82.99707,21.96753],[82.99593,21.96897],[82.99498,21.96935],[82.99528,21.97609],[82.99591,21.97836],[82.99698,21.98464],[83.00124,21.98391],[83.00611,21.9845],[83.00836,21.98726],[83.01019,21.99131],[83.01349,21.99164],[83.0143,21.99235],[83.01496,21.99764],[83.04295,22.00139],[83.03405,22.0034],[83.02103,22.00452],[83.0171,22.00583],[83.01459,22.00963],[83.01433,22.01401],[83.01196,22.01991],[83.01091,22.02094],[83.00462,22.02347],[83.00069,22.02623],[83.00204,22.02864],[83.01122,22.03518],[83.02592,22.05257],[83.02301,22.05656],[83.013,22.05168],[83.00843,22.05318],[83.00684,22.05729],[83.00615,22.06252],[83.00787,22.06823],[83.00768,22.07202],[82.99715,22.07731],[82.99246,22.08144],[82.98061,22.08565],[82.96763,22.09248],[82.9611,22.09703],[82.95202,22.10723],[82.9372,22.11726],[82.93359,22.12041],[82.93248,22.12693],[82.93414,22.12934],[82.93726,22.13924],[82.93948,22.14389],[82.94517,22.14429],[82.95458,22.14243],[82.95576,22.14548],[82.95602,22.1506],[82.96164,22.16077],[82.96799,22.16334],[82.97366,22.16441],[82.97921,22.16439],[82.98702,22.1621],[82.99174,22.16349],[82.99707,22.16395],[83.0078,22.1677],[83.01809,22.16669],[83.02323,22.1673],[83.02649,22.17202],[83.03104,22.18223],[83.03532,22.18924],[83.04568,22.19719],[83.04694,22.20301],[83.04568,22.21625],[83.04357,22.22588],[83.04097,22.23114],[83.03125,22.23762],[83.02872,22.24348],[83.03051,22.2477],[83.04201,22.25345],[83.05112,22.25655],[83.05444,22.26045],[83.05203,22.26689],[83.04703,22.27307],[83.04674,22.27774],[83.04787,22.28247],[83.05135,22.28766],[83.05708,22.29269],[83.06436,22.3035],[83.06937,22.30642],[83.0755,22.31224],[83.07766,22.31636],[83.07632,22.33313],[83.07806,22.33866],[83.0825,22.3459],[83.09931,22.35753],[83.10365,22.3632],[83.10242,22.36833],[83.09904,22.37227],[83.09723,22.37677],[83.09676,22.38097],[83.09866,22.38257],[83.10239,22.38365],[83.10395,22.38673],[83.10394,22.39151],[83.103,22.39541],[83.10439,22.41555],[83.10882,22.41882],[83.10676,22.42216],[83.0974,22.42661],[83.09336,22.4252],[83.09103,22.42532],[83.08829,22.42931],[83.08578,22.44051],[83.08561,22.44692],[83.09019,22.45695],[83.08726,22.46129],[83.08334,22.46535],[83.08175,22.47246],[83.08466,22.48786],[83.08676,22.4932],[83.09009,22.49713],[83.09489,22.50117],[83.10164,22.50989],[83.10154,22.5184],[83.09998,22.52686],[83.10152,22.53704],[83.09535,22.55548],[83.09069,22.56461],[83.08691,22.57454],[83.08925,22.58447],[83.09235,22.59341],[83.09342,22.60493],[83.09035,22.62214],[83.0919,22.63123],[83.09413,22.63419],[83.09879,22.63819],[83.11314,22.64487],[83.11714,22.65033],[83.11714,22.6592],[83.11366,22.66878],[83.11012,22.67412],[83.10712,22.6759],[83.10492,22.68103],[83.10474,22.68427],[83.10724,22.68744],[83.11703,22.69651],[83.11856,22.7018],[83.11734,22.70666],[83.11385,22.71398],[83.11291,22.72209],[83.11465,22.72654],[83.11849,22.72888],[83.13057,22.73375],[83.13813,22.73536],[83.14279,22.73553],[83.14751,22.7374],[83.15072,22.74121],[83.15258,22.74573],[83.15326,22.75705],[83.15517,22.76721],[83.15815,22.77166],[83.1722,22.77987],[83.18363,22.78518],[83.18705,22.78584],[83.18894,22.78221],[83.19361,22.78177],[83.21034,22.78917],[83.215,22.78983],[83.21577,22.78598],[83.21799,22.78457]]]}},{"type":"Feature","properties":{"ID_0":105,"ISO":"IND","NAME_0":"India","ID_1":7,"NAME_1":"Chhattisgarh","ID_2":115,"NAME_2":"Raipur","NL_NAME_2":null,"VARNAME_2":null,"TYPE_2":"District","ENGTYPE_2":"District","STATE":"Chhattisgarh","DISTRICT":"Raipur"},"geometry":{"type":"Polygon","coordinates":[[[82.09473,21.85501],[82.10024,21.84816],[82.11361,21.83558],[82.11839,21.83221],[82.12389,21.83305],[82.14657,21.84225],[82.15585,21.84474],[82.17767,21.84166],[82.18159,21.83711],[82.18224,21.83463],[82.18021,21.81318],[82.17861,21.80689],[82.18031,21.78812],[82.18571,21.77171],[82.19411,21.76155],[82.19902,21.75907],[82.21046,21.75506],[82.28378,21.74918],[82.29021,21.74385],[82.29286,21.73313],[82.29831,21.72383],[82.30884,21.71654],[82.32512,21.71062],[82.33751,21.71157],[82.35341,21.71019],[82.38324,21.70924],[82.39462,21.7108],[82.4044,21.71436],[82.41962,21.72305],[82.42677,21.72872],[82.43354,21.73752],[82.43822,21.74121],[82.44688,21.73924],[82.45721,21.73194],[82.46464,21.72792],[82.47398,21.72433],[82.48334,21.72397],[82.49332,21.72793],[82.50471,21.73118],[82.51989,21.7327],[82.53426,21.73561],[82.54416,21.73414],[82.56612,21.72003],[82.58269,21.71288],[82.59277,21.71082],[82.60295,21.71558],[82.61139,21.72372],[82.62191,21.72744],[82.62806,21.72561],[82.6356,21.72083],[82.65058,21.7082],[82.65786,21.70711],[82.66393,21.70937],[82.6762,21.71752],[82.68464,21.72206],[82.69647,21.72489],[82.70761,21.72432],[82.71882,21.72249],[82.72998,21.71891],[82.73885,21.71715],[82.76703,21.71694],[82.7786,21.72013],[82.78812,21.7205],[82.80423,21.71198],[82.82765,21.69976],[82.84829,21.69043],[82.85933,21.68631],[82.87126,21.68671],[82.88316,21.68951],[82.89937,21.69564],[82.91341,21.70398],[82.93356,21.71723],[82.94399,21.71948],[82.94306,21.7091],[82.94424,21.6985],[82.94698,21.68403],[82.96162,21.68413],[82.97067,21.66543],[82.97167,21.65893],[82.97406,21.65467],[82.9747,21.64899],[82.97723,21.63928],[82.97659,21.63333],[82.96812,21.62464],[82.96655,21.61962],[82.96616,21.6142],[82.9611,21.60967],[82.95775,21.60328],[82.9382,21.57575],[82.93679,21.56567],[82.93298,21.56093],[82.92319,21.55437],[82.9197,21.54869],[82.91935,21.54027],[82.92176,21.53223],[82.92184,21.52742],[82.92538,21.50631],[82.92532,21.49864],[82.92728,21.49174],[82.9209,21.48768],[82.91281,21.48525],[82.90864,21.49005],[82.90315,21.49933],[82.89502,21.51746],[82.89085,21.52184],[82.88983,21.52662],[82.88119,21.53761],[82.87352,21.54562],[82.86866,21.54789],[82.85541,21.54383],[82.84511,21.53737],[82.83567,21.5365],[82.83052,21.53374],[82.82848,21.52827],[82.82391,21.52378],[82.81712,21.52597],[82.81518,21.52371],[82.81533,21.5186],[82.82113,21.50435],[82.82095,21.49886],[82.81369,21.49995],[82.79928,21.50406],[82.78899,21.50454],[82.7845,21.50405],[82.77819,21.50629],[82.76511,21.51702],[82.75575,21.51175],[82.74451,21.5011],[82.72569,21.4873],[82.6827,21.47879],[82.69156,21.44604],[82.69456,21.4138],[82.69505,21.40032],[82.69216,21.39084],[82.69321,21.38182],[82.69714,21.36928],[82.69518,21.36054],[82.69543,21.34229],[82.69184,21.32722],[82.67973,21.32711],[82.67194,21.3259],[82.66425,21.32584],[82.64641,21.32656],[82.64771,21.3311],[82.65045,21.33372],[82.6465,21.33672],[82.64719,21.33862],[82.64215,21.33887],[82.62728,21.3366],[82.62553,21.33317],[82.62216,21.32969],[82.61372,21.33438],[82.60533,21.33386],[82.59937,21.33238],[82.58738,21.33296],[82.5829,21.32951],[82.57919,21.32414],[82.5739,21.32328],[82.5651,21.31441],[82.55879,21.31115],[82.55103,21.31448],[82.53938,21.31356],[82.53424,21.3164],[82.52981,21.32103],[82.52499,21.32513],[82.5138,21.31501],[82.50681,21.31244],[82.49818,21.31079],[82.48829,21.31179],[82.47934,21.31486],[82.46848,21.32269],[82.46537,21.31874],[82.45824,21.32035],[82.45959,21.30537],[82.47174,21.29222],[82.46562,21.29069],[82.46171,21.29166],[82.45403,21.29136],[82.45235,21.28647],[82.4501,21.27358],[82.44352,21.27292],[82.43848,21.27749],[82.43437,21.27933],[82.43433,21.28678],[82.4417,21.29465],[82.44063,21.29923],[82.43483,21.30282],[82.42661,21.30462],[82.41894,21.30512],[82.40955,21.30168],[82.39392,21.29096],[82.39036,21.28599],[82.3877,21.27476],[82.38699,21.26295],[82.37938,21.25906],[82.37312,21.2663],[82.36766,21.27099],[82.35937,21.27167],[82.35312,21.26344],[82.34869,21.26333],[82.3448,21.26206],[82.3407,21.26436],[82.34232,21.27],[82.34679,21.27369],[82.34653,21.27924],[82.3399,21.27996],[82.33128,21.2788],[82.32816,21.28063],[82.32434,21.28594],[82.31841,21.28844],[82.31107,21.28738],[82.30807,21.27691],[82.2941,21.27633],[82.29341,21.26532],[82.27885,21.26822],[82.27416,21.26996],[82.27132,21.27952],[82.2722,21.28632],[82.27203,21.29446],[82.26014,21.2968],[82.25752,21.30204],[82.25341,21.30665],[82.24654,21.30795],[82.2388,21.31053],[82.23914,21.3122],[82.24218,21.31534],[82.24696,21.31852],[82.2528,21.3238],[82.24995,21.33816],[82.25043,21.34358],[82.24982,21.35046],[82.23943,21.36231],[82.24371,21.36612],[82.2486,21.37334],[82.25476,21.38031],[82.2623,21.38235],[82.27133,21.3816],[82.27156,21.39083],[82.26955,21.39835],[82.26443,21.40298],[82.25968,21.4061],[82.25658,21.40967],[82.24519,21.41512],[82.24268,21.42353],[82.24615,21.43047],[82.24338,21.43188],[82.23433,21.43096],[82.2282,21.42347],[82.22177,21.41368],[82.21505,21.40665],[82.20854,21.39832],[82.1979,21.3813],[82.19049,21.37879],[82.18417,21.37489],[82.18683,21.37557],[82.18454,21.36891],[82.18184,21.36398],[82.17418,21.35549],[82.17304,21.34627],[82.16262,21.33268],[82.15887,21.32546],[82.14705,21.31968],[82.13428,21.30421],[82.12795,21.29853],[82.12083,21.29361],[82.11124,21.28865],[82.10058,21.28574],[82.06917,21.2738],[82.06099,21.26883],[82.02029,21.23028],[82.01706,21.22622],[82.01234,21.21698],[82.01359,21.18289],[82.01196,21.17029],[82.00873,21.15878],[82.00436,21.14968],[81.99997,21.14291],[81.99516,21.13955],[81.99332,21.13439],[81.99117,21.12956],[81.98931,21.11955],[81.98809,21.09929],[81.98572,21.08791],[81.98405,21.08202],[81.98837,21.07704],[81.99313,21.07468],[81.99596,21.07406],[82.00516,21.06823],[82.01124,21.06076],[82.02153,21.0562],[82.03471,21.05719],[82.04542,21.0595],[82.05546,21.06067],[82.06439,21.04568],[82.07112,21.041],[82.07825,21.03111],[82.08806,21.02626],[82.09782,21.02401],[82.10493,21.02443],[82.12167,21.01588],[82.12846,21.01694],[82.13893,21.01708],[82.15265,21.0147],[82.15674,21.01072],[82.16024,20.99771],[82.16388,20.99069],[82.16624,20.98395],[82.16846,20.9683],[82.17386,20.963],[82.17983,20.96216],[82.18429,20.94521],[82.18481,20.94466],[82.19196,20.93788],[82.20279,20.9357],[82.21143,20.93216],[82.21732,20.93202],[82.21855,20.93408],[82.21898,20.93861],[82.21651,20.9462],[82.22017,20.94722],[82.2361,20.94244],[82.2406,20.93897],[82.26364,20.93553],[82.26575,20.93001],[82.2639,20.92089],[82.26626,20.91435],[82.26928,20.90773],[82.27664,20.90127],[82.28568,20.89938],[82.29208,20.89579],[82.29669,20.88871],[82.30446,20.89142],[82.31495,20.88144],[82.33261,20.86712],[82.34122,20.86806],[82.33688,20.84925],[82.33404,20.84059],[82.33555,20.82783],[82.33311,20.81969],[82.33567,20.79737],[82.33879,20.79017],[82.33693,20.7793],[82.33513,20.75852],[82.3404,20.74672],[82.34586,20.72872],[82.33941,20.72583],[82.34699,20.71424],[82.34426,20.70951],[82.3433,20.69885],[82.34557,20.69491],[82.35132,20.67807],[82.35429,20.67504],[82.36069,20.67191],[82.36523,20.66376],[82.36581,20.66115],[82.36225,20.65047],[82.3638,20.63956],[82.36755,20.62957],[82.36823,20.62406],[82.36633,20.62025],[82.35818,20.61517],[82.35666,20.61136],[82.35786,20.60921],[82.35583,20.60349],[82.348,20.60164],[82.34549,20.5979],[82.33868,20.59432],[82.33837,20.59083],[82.33767,20.58493],[82.34253,20.57522],[82.34064,20.56973],[82.33715,20.56518],[82.33235,20.56227],[82.32783,20.56196],[82.32748,20.5579],[82.32638,20.55658],[82.32446,20.55665],[82.32401,20.55388],[82.32776,20.54927],[82.33609,20.54324],[82.34225,20.53769],[82.34879,20.52293],[82.35851,20.51624],[82.36995,20.51394],[82.38049,20.50985],[82.38132,20.50777],[82.38123,20.5018],[82.38375,20.48266],[82.38613,20.47552],[82.38514,20.47049],[82.3896,20.46536],[82.39007,20.45939],[82.38809,20.45251],[82.39732,20.45192],[82.4064,20.46614],[82.41008,20.4733],[82.4161,20.46618],[82.41939,20.45728],[82.4194,20.44558],[82.41772,20.4383],[82.42565,20.43632],[82.42774,20.43207],[82.42917,20.42575],[82.42296,20.41833],[82.42429,20.41015],[82.41769,20.40563],[82.4099,20.40268],[82.41274,20.38824],[82.41061,20.38247],[82.41041,20.3772],[82.40308,20.36526],[82.40252,20.36133],[82.39794,20.35586],[82.39796,20.34677],[82.39442,20.34014],[82.39378,20.33552],[82.39879,20.33165],[82.4003,20.32925],[82.40046,20.32467],[82.40717,20.32207],[82.4163,20.31696],[82.42244,20.30966],[82.42396,20.2965],[82.42834,20.28986],[82.42923,20.28296],[82.42805,20.27861],[82.42082,20.2726],[82.41232,20.2699],[82.40508,20.26353],[82.40537,20.25587],[82.41408,20.24155],[82.40837,20.24166],[82.40433,20.2396],[82.40728,20.22764],[82.40819,20.22063],[82.41277,20.21745],[82.41365,20.21328],[82.41309,20.20795],[82.4136,20.20227],[82.40763,20.1941],[82.40575,20.17899],[82.39049,20.16731],[82.3833,20.16046],[82.38719,20.14885],[82.37893,20.14463],[82.38229,20.13817],[82.38658,20.13338],[82.38776,20.12694],[82.39074,20.11905],[82.39265,20.10825],[82.39467,20.08916],[82.3926,20.07331],[82.39034,20.06423],[82.39086,20.05959],[82.39577,20.049],[82.40619,20.04631],[82.41714,20.04535],[82.42478,20.04354],[82.43192,20.03897],[82.44143,20.03535],[82.4515,20.03526],[82.45833,20.03387],[82.4641,20.03155],[82.47077,20.03202],[82.47591,20.03005],[82.48159,20.02456],[82.49007,20.01857],[82.50213,20.01353],[82.52425,20.01044],[82.53198,20.01223],[82.54362,20.01213],[82.57594,19.99895],[82.57872,19.99564],[82.58236,19.98994],[82.59837,19.98564],[82.61439,19.98697],[82.61876,19.99157],[82.62089,19.99556],[82.62358,19.99764],[82.63176,20.00009],[82.63625,19.99829],[82.6419,19.99791],[82.65048,19.9994],[82.68102,19.99545],[82.68645,19.99463],[82.69231,19.99242],[82.69802,19.99273],[82.70063,19.99287],[82.70749,19.99022],[82.71093,19.98326],[82.70945,19.94667],[82.71156,19.94448],[82.71062,19.93947],[82.7065,19.93353],[82.70632,19.92685],[82.70426,19.91833],[82.70588,19.91123],[82.70041,19.90661],[82.70148,19.90073],[82.70053,19.89329],[82.70269,19.88584],[82.70637,19.87852],[82.70935,19.87012],[82.71751,19.87081],[82.71386,19.86209],[82.71101,19.84856],[82.70471,19.8446],[82.70589,19.83809],[82.70271,19.83104],[82.69844,19.82686],[82.69054,19.82576],[82.68332,19.82372],[82.66914,19.8252],[82.66002,19.82372],[82.65411,19.82553],[82.64574,19.82537],[82.6418,19.81372],[82.63629,19.80799],[82.62891,19.80376],[82.62734,19.79615],[82.62296,19.78931],[82.61887,19.7861],[82.60813,19.78513],[82.60328,19.78355],[82.59901,19.78127],[82.59828,19.77515],[82.59514,19.77307],[82.58506,19.77105],[82.58129,19.77269],[82.57848,19.77582],[82.57791,19.77959],[82.57929,19.78466],[82.57781,19.78781],[82.5778,19.79233],[82.57928,19.79721],[82.57158,19.80201],[82.57304,19.80556],[82.57184,19.80761],[82.57383,19.82371],[82.57127,19.82238],[82.57182,19.82781],[82.5742,19.83198],[82.57894,19.83663],[82.5835,19.83832],[82.5815,19.84049],[82.58573,19.84637],[82.58982,19.84819],[82.59147,19.85243],[82.59738,19.86047],[82.5935,19.86454],[82.59077,19.86622],[82.57758,19.86344],[82.56675,19.87172],[82.55489,19.8695],[82.55087,19.87456],[82.54722,19.8733],[82.54429,19.86903],[82.53636,19.87689],[82.5299,19.88213],[82.52306,19.87279],[82.51796,19.87631],[82.51241,19.88412],[82.50226,19.88244],[82.49848,19.88517],[82.49761,19.89509],[82.49424,19.89736],[82.48692,19.89653],[82.47569,19.90053],[82.46809,19.89948],[82.46556,19.89658],[82.45835,19.89465],[82.44239,19.90298],[82.43949,19.90292],[82.43226,19.89948],[82.42493,19.89761],[82.42091,19.89833],[82.41389,19.89652],[82.41044,19.8934],[82.40041,19.88881],[82.397,19.88454],[82.38882,19.88176],[82.38618,19.87684],[82.37798,19.86869],[82.37725,19.86297],[82.36805,19.85448],[82.35845,19.85688],[82.35607,19.85513],[82.35736,19.8495],[82.35625,19.84662],[82.33945,19.82996],[82.32675,19.83833],[82.32512,19.84049],[82.32133,19.85192],[82.31795,19.85916],[82.29823,19.88346],[82.29533,19.89896],[82.28333,19.91807],[82.26946,19.94525],[82.26865,19.95793],[82.2617,19.97156],[82.25864,19.97174],[82.25272,19.97648],[82.23335,19.99587],[82.23063,19.99808],[82.22438,19.99587],[82.21945,19.99346],[82.21426,19.99334],[82.21059,19.99081],[82.20429,19.98034],[82.19382,19.98131],[82.18418,19.98116],[82.17847,19.97808],[82.17578,19.98553],[82.16608,19.99584],[82.16583,19.99815],[82.15558,20.00231],[82.14835,20.003],[82.1317,20.01269],[82.12841,20.01258],[82.12142,20.00979],[82.1161,20.0104],[82.10548,20.01781],[82.10274,20.02083],[82.09773,20.02337],[82.09523,20.0268],[82.09319,20.03267],[82.08944,20.03455],[82.08305,20.03274],[82.0763,20.04404],[82.0698,20.04804],[82.0579,20.04987],[82.04897,20.03524],[82.03876,20.02892],[82.03103,20.02288],[82.03156,20.01666],[82.0307,20.01504],[82.02441,20.01004],[82.01479,20.01951],[82.01552,20.02683],[82.0145,20.03025],[82.01433,20.03644],[82.0127,20.04103],[82.00996,20.0448],[82.01654,20.05011],[82.01601,20.05692],[82.01655,20.05933],[82.01902,20.06281],[82.02357,20.07297],[82.02775,20.09393],[82.03507,20.09166],[82.05498,20.10073],[82.05907,20.10162],[82.06572,20.09896],[82.07213,20.09812],[82.08663,20.09761],[82.09526,20.09999],[82.10117,20.10651],[82.10332,20.1115],[82.1047,20.11729],[82.10516,20.12366],[82.1067,20.12867],[82.11073,20.13158],[82.1134,20.13116],[82.11378,20.13409],[82.11651,20.13413],[82.11749,20.13562],[82.12188,20.13762],[82.12859,20.14254],[82.12584,20.15145],[82.12785,20.16676],[82.12663,20.17574],[82.12751,20.18108],[82.14053,20.21491],[82.14254,20.21679],[82.14765,20.21832],[82.15063,20.22279],[82.15272,20.22398],[82.15526,20.2242],[82.15696,20.22868],[82.155,20.23264],[82.16334,20.24461],[82.16635,20.25062],[82.16721,20.25505],[82.15854,20.25515],[82.14963,20.26368],[82.14399,20.27736],[82.13515,20.28251],[82.12556,20.28381],[82.10785,20.2832],[82.10081,20.28535],[82.09413,20.30335],[82.08852,20.31572],[82.08352,20.32068],[82.07805,20.32391],[82.07673,20.3258],[82.07905,20.33119],[82.07889,20.33407],[82.08102,20.34181],[82.07396,20.3574],[82.07289,20.36332],[82.07752,20.37346],[82.07727,20.37742],[82.07401,20.38042],[82.07281,20.38358],[82.07314,20.38742],[82.07624,20.39321],[82.076,20.39964],[82.07559,20.40883],[82.07045,20.41383],[82.06809,20.41741],[82.06799,20.42545],[82.06516,20.42907],[82.05762,20.43266],[82.05653,20.43632],[82.05637,20.44333],[82.05328,20.44563],[82.04826,20.45507],[82.04681,20.45966],[82.04914,20.46918],[82.04909,20.47434],[82.04425,20.48045],[82.04399,20.48395],[82.04243,20.48648],[82.04208,20.48981],[82.0428,20.49376],[82.04197,20.49842],[82.03529,20.49976],[82.03407,20.50154],[82.0331,20.50591],[82.03044,20.50838],[82.0296,20.51419],[82.02554,20.51777],[82.01564,20.52257],[82.014,20.52545],[82.01307,20.54242],[82.01141,20.5539],[82.01066,20.57382],[82.00467,20.58774],[81.99987,20.6035],[81.99559,20.61316],[81.99307,20.62186],[81.99062,20.62239],[81.98963,20.6243],[81.98882,20.63153],[81.99005,20.63644],[81.99339,20.64244],[81.99667,20.6463],[82.00171,20.6602],[82.00698,20.66638],[82.00738,20.66932],[82.00562,20.67193],[81.99492,20.6799],[81.99256,20.68326],[81.98681,20.68784],[81.97732,20.6985],[81.97635,20.70144],[81.978,20.71548],[81.97673,20.71947],[81.97325,20.72318],[81.96475,20.72683],[81.93388,20.7341],[81.93044,20.73542],[81.9269,20.73791],[81.92152,20.74305],[81.9198,20.74572],[81.91884,20.75405],[81.91944,20.76341],[81.91853,20.76751],[81.90974,20.77888],[81.90566,20.7817],[81.90376,20.78766],[81.91733,20.804],[81.91862,20.80688],[81.91917,20.81093],[81.91658,20.81597],[81.90598,20.824],[81.90053,20.83042],[81.89776,20.83932],[81.89647,20.84666],[81.88493,20.86869],[81.8846,20.8751],[81.88577,20.88239],[81.8881,20.88926],[81.88689,20.89793],[81.88177,20.90337],[81.87809,20.90563],[81.87302,20.91332],[81.8709,20.92694],[81.87123,20.93366],[81.87067,20.9599],[81.85921,20.95635],[81.85741,20.95507],[81.85327,20.94407],[81.84883,20.94005],[81.84237,20.93749],[81.83516,20.93673],[81.8307,20.93724],[81.81785,20.94503],[81.81087,20.94329],[81.80927,20.94675],[81.81007,20.95045],[81.80989,20.95456],[81.80776,20.95733],[81.80352,20.96017],[81.79825,20.96236],[81.79115,20.96196],[81.77979,20.96371],[81.76841,20.97868],[81.76279,20.98043],[81.75906,20.98246],[81.75806,20.98936],[81.75404,20.995],[81.75308,20.99805],[81.74877,21.00467],[81.74453,21.00792],[81.7324,21.0105],[81.72838,21.01036],[81.71606,21.0068],[81.71306,21.00678],[81.71159,21.00754],[81.70693,21.01431],[81.70389,21.01487],[81.70118,21.01401],[81.69659,21.0097],[81.692,21.00173],[81.68896,21.00057],[81.68555,21.00159],[81.68217,20.9988],[81.67976,20.99586],[81.67476,20.99573],[81.66818,20.99722],[81.6637,20.99643],[81.6549,20.99679],[81.6524,20.99626],[81.64915,20.99857],[81.64561,21.00261],[81.64012,21.00689],[81.62864,21.00783],[81.62646,21.00919],[81.62479,21.01147],[81.61824,21.01471],[81.61495,21.01789],[81.61259,21.01884],[81.60662,21.02365],[81.60173,21.02828],[81.59704,21.03535],[81.5939,21.03822],[81.58224,21.04218],[81.5806,21.04416],[81.58146,21.04841],[81.59152,21.04969],[81.59744,21.05222],[81.60188,21.05504],[81.60245,21.05934],[81.59982,21.0636],[81.59617,21.06491],[81.58731,21.066],[81.58373,21.06724],[81.57662,21.06997],[81.57365,21.0719],[81.57266,21.07418],[81.57332,21.08438],[81.57104,21.09278],[81.5742,21.09823],[81.57495,21.10406],[81.576,21.10608],[81.57692,21.1221],[81.58065,21.12965],[81.58504,21.134],[81.58969,21.14089],[81.59946,21.14747],[81.59946,21.15766],[81.6027,21.15928],[81.61752,21.16001],[81.61173,21.16982],[81.60816,21.17824],[81.60422,21.18433],[81.60004,21.19756],[81.59583,21.20436],[81.58678,21.21081],[81.58024,21.21692],[81.5709,21.22047],[81.56657,21.22645],[81.56349,21.23398],[81.55981,21.23867],[81.55618,21.2402],[81.54439,21.23963],[81.54166,21.24064],[81.53938,21.24287],[81.53812,21.24556],[81.53705,21.24841],[81.53609,21.25681],[81.53851,21.27147],[81.53807,21.27415],[81.53732,21.27788],[81.52847,21.29635],[81.52753,21.30083],[81.52977,21.30292],[81.5388,21.30368],[81.54182,21.30553],[81.54373,21.30854],[81.54602,21.33143],[81.54745,21.33358],[81.55063,21.33496],[81.55773,21.33591],[81.56126,21.33619],[81.56686,21.33369],[81.57263,21.33279],[81.57847,21.33432],[81.58617,21.34149],[81.58931,21.3458],[81.58741,21.35569],[81.58891,21.35866],[81.59945,21.36182],[81.6024,21.36318],[81.60474,21.36584],[81.60615,21.37195],[81.60398,21.37901],[81.60403,21.38222],[81.60922,21.38585],[81.6195,21.38612],[81.62222,21.38873],[81.63219,21.40271],[81.63188,21.40568],[81.62673,21.41107],[81.62508,21.41482],[81.62597,21.42477],[81.62394,21.43351],[81.62634,21.44107],[81.62602,21.44498],[81.61994,21.45317],[81.61816,21.46332],[81.61906,21.46703],[81.62486,21.47346],[81.62375,21.48343],[81.62478,21.5049],[81.62765,21.51018],[81.63844,21.51845],[81.63899,21.52543],[81.63715,21.54053],[81.63829,21.5443],[81.64516,21.54589],[81.66165,21.54439],[81.66271,21.547],[81.66299,21.55135],[81.66163,21.56412],[81.66422,21.56719],[81.67209,21.57069],[81.67635,21.57439],[81.67896,21.58305],[81.68678,21.59441],[81.68966,21.59946],[81.69128,21.60218],[81.69289,21.60968],[81.69218,21.61609],[81.68958,21.62007],[81.68252,21.62745],[81.67207,21.63515],[81.66169,21.64063],[81.65678,21.6448],[81.65421,21.64936],[81.6531,21.65455],[81.65505,21.65949],[81.65818,21.66132],[81.66278,21.66055],[81.66698,21.66075],[81.66884,21.66318],[81.67126,21.67038],[81.67737,21.67489],[81.68732,21.67838],[81.6989,21.67998],[81.70309,21.68164],[81.71165,21.6881],[81.71624,21.69319],[81.71578,21.69611],[81.71838,21.70949],[81.71706,21.71222],[81.71249,21.7175],[81.70833,21.72993],[81.70199,21.73644],[81.69228,21.74931],[81.69276,21.75378],[81.6949,21.75837],[81.70113,21.7623],[81.70419,21.76268],[81.71195,21.76105],[81.71532,21.76127],[81.72557,21.76445],[81.72949,21.76454],[81.73225,21.76027],[81.7327,21.75608],[81.73436,21.75105],[81.7378,21.74877],[81.74123,21.74816],[81.75466,21.75557],[81.76009,21.76258],[81.76583,21.76784],[81.7689,21.76788],[81.77462,21.76516],[81.77991,21.76395],[81.79002,21.76824],[81.79468,21.76931],[81.80022,21.76938],[81.80641,21.76306],[81.81347,21.75928],[81.8248,21.75978],[81.84184,21.75661],[81.84749,21.75867],[81.8556,21.76629],[81.86945,21.76869],[81.8723,21.76949],[81.87747,21.77083],[81.88556,21.7737],[81.89358,21.77832],[81.89719,21.78129],[81.90617,21.79147],[81.93542,21.81387],[81.93653,21.81421],[81.94335,21.82155],[81.9453,21.82546],[81.94659,21.83081],[81.94608,21.83596],[81.94798,21.8409],[81.95059,21.84473],[81.96405,21.85073],[81.97095,21.85212],[81.99271,21.85296],[81.99736,21.8526],[82.00399,21.85333],[82.01654,21.85758],[82.02106,21.86087],[82.0273,21.87811],[82.03111,21.88256],[82.03668,21.88241],[82.04578,21.88014],[82.06079,21.8692],[82.06829,21.86682],[82.0817,21.85868],[82.0883,21.85741],[82.09473,21.85501]]]}},{"type":"Feature","properties":{"ID_0":105,"ISO":"IND","NAME_0":"India","ID_1":7,"NAME_1":"Chhattisgarh","ID_2":116,"NAME_2":"Raj Nandgaon","NL_NAME_2":null,"VARNAME_2":null,"TYPE_2":"District","ENGTYPE_2":"District","STATE":"Chhattisgarh","DISTRICT":"Raj Nandgaon"},"geometry":{"type":"Polygon","coordinates":[[[80.86635,21.82466],[80.87047,21.82291],[80.87338,21.82366],[80.88015,21.82624],[80.88724,21.82663],[80.89264,21.82511],[80.89906,21.82394],[80.90642,21.82387],[80.90988,21.82446],[80.91598,21.8249],[80.91911,21.82521],[80.92091,21.82142],[80.92197,21.8193],[80.92284,21.81746],[80.92348,21.81613],[80.92385,21.81418],[80.92406,21.81275],[80.92488,21.81038],[80.92617,21.80849],[80.92815,21.80729],[80.93018,21.80656],[80.93135,21.80623],[80.93576,21.80406],[80.93705,21.80033],[80.93732,21.79803],[80.93936,21.79424],[80.94086,21.79173],[80.94211,21.7903],[80.94505,21.78486],[80.94576,21.78261],[80.94639,21.78033],[80.94635,21.77786],[80.94672,21.77402],[80.94633,21.7712],[80.94616,21.76977],[80.94584,21.76696],[80.94656,21.76468],[80.94959,21.76338],[80.9543,21.7615],[80.9583,21.75985],[80.96278,21.75771],[80.96398,21.75506],[80.96523,21.75243],[80.96643,21.75003],[80.96799,21.74687],[80.96851,21.74513],[80.96996,21.74187],[80.97248,21.73893],[80.97592,21.7367],[80.9794,21.73409],[80.98093,21.73257],[80.98324,21.73084],[80.98575,21.72875],[80.98772,21.72708],[80.98953,21.72527],[80.99126,21.72489],[80.99313,21.72482],[81.0072,21.73366],[81.01581,21.73847],[81.01921,21.73932],[81.03036,21.73827],[81.03734,21.73655],[81.03782,21.73462],[81.03632,21.72676],[81.03728,21.726],[81.05011,21.7234],[81.05468,21.72386],[81.06107,21.72764],[81.06579,21.72915],[81.07637,21.73063],[81.09479,21.73086],[81.0979,21.72997],[81.10123,21.72792],[81.11331,21.71361],[81.12042,21.7073],[81.12342,21.70612],[81.12388,21.71148],[81.12518,21.71374],[81.12666,21.71461],[81.14621,21.71039],[81.15352,21.71357],[81.15838,21.70976],[81.1671,21.70547],[81.16928,21.70259],[81.16794,21.69554],[81.16993,21.686],[81.1702,21.68075],[81.16837,21.67966],[81.1701,21.67627],[81.17104,21.6702],[81.17461,21.66618],[81.1757,21.65884],[81.17337,21.64249],[81.17536,21.63935],[81.18437,21.63266],[81.18538,21.62969],[81.18286,21.62807],[81.17892,21.62727],[81.17172,21.62136],[81.17343,21.61239],[81.17231,21.60251],[81.17036,21.59628],[81.16164,21.58943],[81.15333,21.58458],[81.14771,21.57924],[81.13513,21.55623],[81.13387,21.55327],[81.13374,21.54943],[81.13528,21.54556],[81.14179,21.54747],[81.14965,21.54371],[81.15216,21.53293],[81.15671,21.52605],[81.16096,21.52427],[81.17769,21.52037],[81.18436,21.51702],[81.18874,21.51345],[81.18502,21.50636],[81.18156,21.4946],[81.17757,21.49393],[81.17001,21.49484],[81.15344,21.49984],[81.1514,21.49602],[81.15259,21.49374],[81.15416,21.48436],[81.15664,21.48202],[81.16092,21.48113],[81.17332,21.48091],[81.17549,21.47962],[81.17225,21.46227],[81.17388,21.45213],[81.17334,21.44753],[81.17222,21.443],[81.16605,21.43638],[81.16737,21.42666],[81.17086,21.41389],[81.17292,21.40974],[81.17946,21.40424],[81.18042,21.40191],[81.17961,21.39895],[81.17347,21.3971],[81.17632,21.39429],[81.18363,21.39163],[81.18575,21.38947],[81.18718,21.38464],[81.18775,21.38056],[81.18646,21.36496],[81.18488,21.35913],[81.18156,21.35636],[81.18282,21.3453],[81.1846,21.34116],[81.1917,21.33332],[81.19043,21.33075],[81.18215,21.33072],[81.18047,21.3183],[81.17519,21.31656],[81.17291,21.31388],[81.17096,21.30805],[81.16879,21.29555],[81.16127,21.29322],[81.15869,21.29091],[81.15645,21.28625],[81.15678,21.28017],[81.1582,21.27509],[81.15869,21.25636],[81.15774,21.25409],[81.14537,21.24341],[81.14503,21.24009],[81.14546,21.23881],[81.15405,21.23734],[81.15659,21.23548],[81.1552,21.22918],[81.15141,21.22731],[81.14784,21.22411],[81.14573,21.22078],[81.1445,21.21199],[81.14527,21.2093],[81.14834,21.21035],[81.15019,21.21396],[81.15436,21.21531],[81.15897,21.21519],[81.16314,21.21618],[81.17187,21.21595],[81.18947,21.22018],[81.19219,21.21826],[81.1927,21.21255],[81.19048,21.20137],[81.19074,21.19746],[81.19994,21.18848],[81.20155,21.18457],[81.20104,21.17491],[81.20335,21.17275],[81.20905,21.17006],[81.21019,21.16715],[81.20942,21.15649],[81.20301,21.14177],[81.20216,21.12641],[81.20037,21.12479],[81.19746,21.12362],[81.19489,21.12381],[81.19085,21.12284],[81.19041,21.11904],[81.19151,21.11538],[81.19156,21.11165],[81.19746,21.11089],[81.19957,21.10727],[81.20003,21.10384],[81.19926,21.10116],[81.19675,21.09949],[81.1907,21.0974],[81.18745,21.09514],[81.1824,21.09509],[81.17786,21.0984],[81.16954,21.10204],[81.16151,21.10322],[81.15379,21.09979],[81.14793,21.09218],[81.14716,21.08648],[81.14758,21.07812],[81.14367,21.07731],[81.13915,21.07528],[81.1355,21.0693],[81.13572,21.06528],[81.1396,21.05661],[81.13867,21.05428],[81.13141,21.04731],[81.13029,21.03928],[81.12542,21.03345],[81.12516,21.03152],[81.12824,21.02878],[81.12849,21.0243],[81.12662,21.01993],[81.12254,21.01482],[81.11668,21.01101],[81.1129,21.00567],[81.10895,21.00345],[81.10596,21.00314],[81.1006,21.0011],[81.09615,21.00146],[81.09209,20.99878],[81.08972,20.99718],[81.08801,20.99576],[81.08652,20.99432],[81.075,20.99591],[81.06889,20.99265],[81.06374,20.99115],[81.04625,20.99185],[81.0304,20.99377],[81.01927,20.99133],[81.01581,20.99227],[81.01013,20.99624],[81.00444,20.99675],[80.99292,20.9985],[80.99034,21.0001],[80.98803,21.00096],[80.98618,21.00142],[80.98532,21.00163],[80.98283,21.0034],[80.98013,21.00467],[80.97722,21.00451],[80.97491,21.00502],[80.97287,21.00559],[80.97125,21.00579],[80.96899,21.00582],[80.96555,21.00524],[80.96531,21.00362],[80.96517,21.00214],[80.96146,21.00285],[80.95778,21.00327],[80.95405,21.00299],[80.94991,21.00237],[80.94797,21.00198],[80.94721,21.00176],[80.9464,21.00152],[80.94514,21.00098],[80.94373,21.00037],[80.9444,20.99877],[80.95111,20.98875],[80.95067,20.98502],[80.94872,20.98127],[80.94583,20.98259],[80.93802,20.97916],[80.93484,20.97672],[80.94226,20.9695],[80.94241,20.96774],[80.94254,20.96614],[80.94243,20.96469],[80.94224,20.96198],[80.93839,20.9515],[80.93639,20.94862],[80.93808,20.94509],[80.94974,20.94838],[80.95217,20.94947],[80.95402,20.9503],[80.95664,20.94908],[80.95749,20.92694],[80.9649,20.92192],[80.95941,20.91649],[80.95853,20.91129],[80.96478,20.89969],[80.97503,20.89667],[80.97781,20.88905],[80.98418,20.88702],[80.98846,20.88425],[80.98824,20.87842],[80.98544,20.87686],[80.98463,20.8745],[80.9787,20.86597],[80.97405,20.86188],[80.96909,20.85939],[80.96268,20.85618],[80.96004,20.85679],[80.95868,20.8571],[80.95123,20.85481],[80.94534,20.84247],[80.94795,20.83907],[80.95229,20.83703],[80.95599,20.8371],[80.95813,20.8357],[80.96127,20.82734],[80.96444,20.82457],[80.96881,20.82727],[80.97144,20.82392],[80.97464,20.81642],[80.97286,20.81124],[80.9697,20.80939],[80.96695,20.80997],[80.96563,20.81108],[80.96421,20.81228],[80.95972,20.81932],[80.95297,20.82337],[80.95021,20.82263],[80.94961,20.82049],[80.95136,20.81841],[80.954,20.81956],[80.95514,20.81771],[80.95367,20.81536],[80.94537,20.81155],[80.94121,20.80619],[80.93717,20.80251],[80.93453,20.79593],[80.93047,20.77886],[80.92609,20.77887],[80.9249,20.775],[80.92157,20.77518],[80.91738,20.77969],[80.91434,20.78078],[80.90404,20.7824],[80.90331,20.77906],[80.90196,20.77931],[80.90086,20.77953],[80.90063,20.78056],[80.89886,20.78402],[80.89484,20.78611],[80.89424,20.79095],[80.90085,20.79238],[80.90031,20.79913],[80.89543,20.80138],[80.89332,20.80548],[80.89154,20.8056],[80.88384,20.79799],[80.87672,20.80226],[80.86665,20.79471],[80.8632,20.7856],[80.85156,20.7773],[80.83801,20.76923],[80.8193,20.76243],[80.81509,20.76019],[80.81332,20.75661],[80.81463,20.74819],[80.81341,20.74427],[80.80901,20.73776],[80.80803,20.73365],[80.80272,20.72916],[80.80248,20.72368],[80.79843,20.71849],[80.79855,20.71486],[80.80286,20.71089],[80.80203,20.70981],[80.80116,20.70869],[80.80517,20.70425],[80.80632,20.70027],[80.8066,20.69684],[80.80685,20.69387],[80.8097,20.68874],[80.81518,20.68487],[80.82164,20.68354],[80.85427,20.68682],[80.84799,20.67246],[80.84854,20.67101],[80.84895,20.66992],[80.85223,20.66658],[80.85641,20.66369],[80.86423,20.66461],[80.86526,20.66421],[80.86691,20.66357],[80.87523,20.65526],[80.88003,20.6533],[80.88478,20.6552],[80.88869,20.6605],[80.89496,20.6631],[80.90204,20.66338],[80.90679,20.64815],[80.91002,20.64659],[80.91344,20.64861],[80.92273,20.66206],[80.92866,20.66496],[80.93214,20.6651],[80.93582,20.66525],[80.93726,20.66331],[80.93752,20.66103],[80.93767,20.65934],[80.93806,20.65506],[80.933,20.64185],[80.93092,20.62983],[80.93991,20.6274],[80.94785,20.62377],[80.95282,20.61894],[80.9548,20.61532],[80.96178,20.6165],[80.96976,20.61287],[80.97769,20.60802],[80.98168,20.60801],[80.98558,20.59116],[80.98648,20.57431],[80.97845,20.56473],[80.9714,20.55393],[80.96589,20.55395],[80.96042,20.55396],[80.95343,20.55039],[80.95266,20.54973],[80.94642,20.5444],[80.94537,20.53719],[80.94732,20.52636],[80.94129,20.51916],[80.93721,20.50595],[80.94516,20.49871],[80.95312,20.49627],[80.96107,20.49385],[80.96402,20.48421],[80.96496,20.47579],[80.96494,20.46979],[80.95792,20.46499],[80.94896,20.46381],[80.93896,20.45903],[80.94093,20.45302],[80.94187,20.44699],[80.93888,20.43837],[80.93486,20.43768],[80.93061,20.43625],[80.92366,20.43176],[80.9172,20.42542],[80.91029,20.41481],[80.90364,20.40726],[80.89816,20.39948],[80.89578,20.39712],[80.88896,20.3951],[80.88579,20.39003],[80.87939,20.38282],[80.86923,20.38288],[80.86382,20.38215],[80.85932,20.38277],[80.85564,20.38589],[80.85323,20.37327],[80.85012,20.36963],[80.84901,20.36681],[80.84889,20.36248],[80.84455,20.3513],[80.84234,20.34731],[80.83816,20.34427],[80.83318,20.34444],[80.82788,20.34664],[80.81739,20.35425],[80.81521,20.35506],[80.81113,20.35535],[80.80803,20.35332],[80.80577,20.35102],[80.81622,20.34162],[80.8199,20.33701],[80.81917,20.32859],[80.82024,20.32443],[80.8248,20.32166],[80.82588,20.31618],[80.82532,20.31082],[80.8244,20.30603],[80.82141,20.30072],[80.81551,20.29444],[80.81107,20.29266],[80.80707,20.29213],[80.79774,20.2866],[80.78827,20.27979],[80.78133,20.27876],[80.77684,20.28097],[80.77614,20.28615],[80.77134,20.28903],[80.76647,20.28903],[80.76093,20.28747],[80.7568,20.28447],[80.74909,20.28794],[80.74594,20.28586],[80.74326,20.2817],[80.74154,20.27093],[80.73108,20.26671],[80.72343,20.26452],[80.72305,20.25955],[80.72408,20.25454],[80.72517,20.25021],[80.72982,20.2418],[80.73158,20.23683],[80.73157,20.23203],[80.73004,20.22075],[80.72384,20.20984],[80.72334,20.20366],[80.72205,20.19987],[80.71743,20.19536],[80.71341,20.18959],[80.70789,20.18526],[80.70225,20.18705],[80.68402,20.18855],[80.67518,20.1987],[80.67052,20.20861],[80.66457,20.21386],[80.66051,20.21939],[80.65625,20.221],[80.65005,20.22216],[80.64564,20.2176],[80.64107,20.21535],[80.64016,20.21195],[80.64008,20.20744],[80.63716,20.20006],[80.6289,20.19313],[80.62382,20.19145],[80.62089,20.18718],[80.61766,20.185],[80.61293,20.18412],[80.60654,20.17968],[80.60327,20.18256],[80.57815,20.17284],[80.57359,20.1785],[80.56952,20.18189],[80.56284,20.18385],[80.56091,20.1775],[80.56419,20.16903],[80.56379,20.16494],[80.56483,20.15623],[80.55887,20.13172],[80.55316,20.11889],[80.54037,20.10983],[80.53576,20.11385],[80.52881,20.1175],[80.52669,20.12138],[80.52359,20.12447],[80.51815,20.12683],[80.51054,20.12693],[80.50359,20.12879],[80.49803,20.13892],[80.49115,20.14148],[80.48293,20.13789],[80.4773,20.13853],[80.46678,20.14268],[80.45866,20.14455],[80.45134,20.14487],[80.44788,20.14157],[80.44414,20.13034],[80.43963,20.12912],[80.43195,20.13134],[80.42696,20.13024],[80.4015,20.13951],[80.39384,20.14402],[80.38763,20.15158],[80.38457,20.15851],[80.38602,20.16281],[80.39046,20.16627],[80.39191,20.17073],[80.3928,20.1774],[80.39459,20.18159],[80.39828,20.18344],[80.40406,20.18441],[80.41341,20.18753],[80.41399,20.19023],[80.41202,20.20221],[80.40982,20.20529],[80.398,20.21278],[80.38804,20.23062],[80.38296,20.24172],[80.38624,20.24461],[80.40372,20.2477],[80.40903,20.24913],[80.41527,20.25229],[80.41962,20.25156],[80.42294,20.25261],[80.43731,20.25848],[80.44839,20.26388],[80.45647,20.26891],[80.46545,20.27162],[80.47588,20.27369],[80.49448,20.2748],[80.51083,20.26961],[80.52668,20.28478],[80.53582,20.29468],[80.53931,20.30039],[80.54202,20.30685],[80.55158,20.31153],[80.58424,20.3193],[80.60542,20.32019],[80.60671,20.32535],[80.61669,20.32574],[80.61777,20.33368],[80.61668,20.33761],[80.61071,20.34526],[80.6115,20.34934],[80.60601,20.35642],[80.6062,20.36079],[80.60513,20.36616],[80.6009,20.36919],[80.60072,20.3726],[80.60223,20.37644],[80.5984,20.38068],[80.59017,20.38435],[80.58744,20.38789],[80.58598,20.39205],[80.58602,20.39561],[80.58652,20.40073],[80.58975,20.41277],[80.59174,20.41505],[80.59445,20.42071],[80.59988,20.42692],[80.60344,20.43325],[80.60145,20.43737],[80.59715,20.44207],[80.59469,20.44642],[80.60167,20.45726],[80.60332,20.46242],[80.60494,20.48115],[80.6062,20.48707],[80.60725,20.50391],[80.60689,20.51254],[80.60853,20.5162],[80.61003,20.53198],[80.61274,20.53726],[80.61341,20.54157],[80.6103,20.54506],[80.61179,20.55096],[80.60995,20.55633],[80.61215,20.55959],[80.61707,20.56223],[80.61972,20.56732],[80.61424,20.57693],[80.61747,20.58104],[80.61461,20.58527],[80.61286,20.59058],[80.61949,20.59792],[80.62232,20.60386],[80.61768,20.60617],[80.60896,20.60599],[80.60257,20.60739],[80.59247,20.6131],[80.58573,20.61415],[80.57867,20.61412],[80.56731,20.61241],[80.55904,20.60998],[80.55141,20.59908],[80.52983,20.59008],[80.51951,20.58468],[80.5119,20.58512],[80.5001,20.58686],[80.49718,20.59581],[80.49291,20.60409],[80.48419,20.61196],[80.4816,20.6171],[80.48096,20.62355],[80.48159,20.62976],[80.48485,20.63518],[80.48965,20.6399],[80.50204,20.64919],[80.50761,20.6546],[80.51891,20.66176],[80.52557,20.66319],[80.53742,20.66402],[80.54739,20.67126],[80.55271,20.67309],[80.5668,20.67293],[80.57279,20.67429],[80.57834,20.67877],[80.58012,20.68364],[80.57929,20.68998],[80.57772,20.69407],[80.57492,20.69843],[80.56395,20.70719],[80.56019,20.71177],[80.55587,20.72257],[80.55454,20.74715],[80.55201,20.75345],[80.54818,20.75908],[80.54553,20.76537],[80.54546,20.78228],[80.54334,20.7918],[80.54569,20.80137],[80.5489,20.80841],[80.55077,20.81546],[80.55589,20.81968],[80.55479,20.82942],[80.55037,20.84567],[80.55061,20.85991],[80.54891,20.86809],[80.54976,20.88891],[80.54619,20.90308],[80.5391,20.92106],[80.53813,20.92608],[80.54184,20.93392],[80.53525,20.93132],[80.52641,20.93211],[80.51062,20.9288],[80.50068,20.92891],[80.49128,20.92785],[80.48275,20.92847],[80.47392,20.92736],[80.46532,20.92729],[80.45909,20.92815],[80.45556,20.93211],[80.45659,20.93725],[80.44879,20.9453],[80.44835,20.95101],[80.44376,20.96103],[80.4407,20.96546],[80.43894,20.97156],[80.43809,20.9921],[80.43334,20.99975],[80.42949,21.00264],[80.42663,21.00505],[80.42475,21.00734],[80.42376,21.00959],[80.42758,21.01246],[80.42881,21.01357],[80.43011,21.01636],[80.43247,21.01713],[80.43455,21.01924],[80.43597,21.02205],[80.43676,21.02501],[80.43861,21.02717],[80.44086,21.02801],[80.44325,21.02919],[80.44524,21.03094],[80.44653,21.03362],[80.44734,21.03662],[80.44755,21.03962],[80.44735,21.04076],[80.44707,21.04432],[80.44787,21.04687],[80.4485,21.04961],[80.44823,21.05197],[80.44763,21.05449],[80.44727,21.05666],[80.44611,21.05999],[80.44475,21.06158],[80.44399,21.06324],[80.44298,21.06593],[80.4426,21.06698],[80.44097,21.0704],[80.44261,21.07246],[80.44276,21.07419],[80.44254,21.07743],[80.44202,21.0806],[80.44096,21.08325],[80.44,21.08532],[80.43813,21.08881],[80.4364,21.09271],[80.43551,21.09518],[80.43332,21.09715],[80.4342,21.09802],[80.43518,21.09901],[80.43607,21.10105],[80.43672,21.10267],[80.43766,21.10453],[80.43873,21.10697],[80.43906,21.10917],[80.43951,21.11178],[80.44226,21.11187],[80.44372,21.11165],[80.4455,21.11126],[80.44696,21.11106],[80.44925,21.11194],[80.44933,21.11485],[80.44914,21.11531],[80.44823,21.11628],[80.44619,21.11817],[80.44387,21.11925],[80.44038,21.12031],[80.43865,21.1214],[80.44073,21.12547],[80.44247,21.12816],[80.44402,21.13061],[80.44603,21.13578],[80.44696,21.13815],[80.44821,21.14153],[80.44922,21.14443],[80.4501,21.14692],[80.45158,21.14965],[80.45282,21.15434],[80.45392,21.15862],[80.454,21.16174],[80.45427,21.16544],[80.45527,21.16908],[80.4573,21.17284],[80.46163,21.17282],[80.46419,21.17209],[80.46785,21.17149],[80.47334,21.17131],[80.47491,21.17143],[80.4771,21.17307],[80.47944,21.17493],[80.48181,21.17657],[80.486,21.17719],[80.48953,21.17756],[80.49231,21.17994],[80.4955,21.18326],[80.49788,21.18403],[80.49989,21.18404],[80.50257,21.18331],[80.50453,21.18304],[80.50764,21.18244],[80.50932,21.18348],[80.51033,21.18649],[80.51081,21.18891],[80.51155,21.19111],[80.51317,21.19361],[80.5148,21.19604],[80.51624,21.1983],[80.51823,21.20108],[80.52074,21.20354],[80.52502,21.20263],[80.5279,21.20202],[80.53046,21.20084],[80.53234,21.20022],[80.53498,21.19961],[80.53889,21.19929],[80.54188,21.19919],[80.54351,21.20002],[80.54657,21.20067],[80.5493,21.20098],[80.55064,21.20117],[80.55367,21.20251],[80.55779,21.20394],[80.56124,21.20581],[80.56403,21.20802],[80.56612,21.21028],[80.56661,21.21081],[80.56843,21.21388],[80.57184,21.21685],[80.57484,21.21826],[80.5781,21.2199],[80.58155,21.22177],[80.58447,21.22306],[80.58939,21.22471],[80.59232,21.22484],[80.59622,21.22453],[80.5989,21.22513],[80.601,21.22618],[80.60345,21.22742],[80.60508,21.22876],[80.60609,21.22997],[80.60767,21.23125],[80.60869,21.23179],[80.61049,21.23329],[80.61171,21.23457],[80.61344,21.23683],[80.61572,21.24002],[80.6201,21.24236],[80.62464,21.24429],[80.62767,21.2457],[80.63224,21.2473],[80.63531,21.25014],[80.63736,21.25269],[80.63873,21.25478],[80.63948,21.2575],[80.64111,21.26143],[80.64191,21.26443],[80.64265,21.26905],[80.64341,21.27229],[80.64489,21.276],[80.64677,21.27814],[80.64862,21.28017],[80.6508,21.28159],[80.65215,21.28325],[80.65369,21.28604],[80.65481,21.28951],[80.65809,21.28941],[80.6609,21.28978],[80.66332,21.29095],[80.66527,21.29229],[80.66829,21.29399],[80.67096,21.29591],[80.67295,21.29829],[80.67309,21.30118],[80.67237,21.30589],[80.67379,21.30908],[80.67274,21.31127],[80.67095,21.31228],[80.66806,21.31382],[80.667,21.31618],[80.66654,21.31935],[80.6656,21.32211],[80.66356,21.32486],[80.6624,21.32612],[80.65987,21.32777],[80.65794,21.32937],[80.65653,21.33077],[80.65991,21.33443],[80.6613,21.33548],[80.66292,21.33734],[80.66495,21.34093],[80.66638,21.34429],[80.66846,21.34857],[80.66998,21.35423],[80.67151,21.35856],[80.67518,21.36355],[80.67828,21.36623],[80.68098,21.36919],[80.68417,21.37261],[80.68584,21.37683],[80.68781,21.38008],[80.68947,21.38424],[80.69165,21.38818],[80.69327,21.39379],[80.69335,21.39817],[80.69287,21.40145],[80.69508,21.40573],[80.69707,21.40858],[80.69814,21.41118],[80.69926,21.41412],[80.69853,21.41913],[80.69765,21.42259],[80.69755,21.4272],[80.69904,21.42974],[80.70163,21.43138],[80.70423,21.43365],[80.70818,21.43621],[80.7121,21.43943],[80.71482,21.44226],[80.71803,21.4454],[80.72121,21.4494],[80.72392,21.45317],[80.72624,21.45786],[80.72771,21.46329],[80.72911,21.46826],[80.73022,21.47205],[80.72891,21.4746],[80.72824,21.4769],[80.72727,21.48075],[80.72584,21.48437],[80.72427,21.48794],[80.72234,21.49081],[80.72198,21.49564],[80.72377,21.49871],[80.72465,21.50224],[80.7243,21.50598],[80.72427,21.50926],[80.72437,21.51186],[80.72443,21.51619],[80.72478,21.51826],[80.72583,21.52219],[80.72702,21.52537],[80.72833,21.52814],[80.72988,21.53145],[80.73082,21.53543],[80.73066,21.53872],[80.72972,21.54003],[80.72807,21.54181],[80.72584,21.54421],[80.72412,21.54674],[80.72087,21.55069],[80.71935,21.552],[80.71493,21.55456],[80.71355,21.55571],[80.71384,21.55865],[80.71514,21.56154],[80.71609,21.56311],[80.71724,21.56502],[80.71922,21.56815],[80.71954,21.5715],[80.71885,21.57356],[80.71822,21.57477],[80.7169,21.57741],[80.71598,21.57953],[80.7137,21.5813],[80.71253,21.58216],[80.71165,21.58319],[80.70956,21.58479],[80.70924,21.58675],[80.70914,21.58981],[80.70905,21.59239],[80.70916,21.59447],[80.70935,21.5981],[80.70903,21.60076],[80.7094,21.60398],[80.71084,21.60624],[80.71352,21.60741],[80.71617,21.60957],[80.71781,21.61246],[80.71991,21.61461],[80.72166,21.61722],[80.72139,21.6205],[80.72246,21.62276],[80.72211,21.625],[80.72118,21.62783],[80.72097,21.63047],[80.72025,21.63422],[80.71969,21.63582],[80.71956,21.63663],[80.7205,21.64067],[80.71911,21.64366],[80.71684,21.64428],[80.71464,21.64495],[80.71236,21.64614],[80.71122,21.64907],[80.71046,21.65241],[80.7105,21.65369],[80.70979,21.65615],[80.7091,21.65816],[80.70834,21.66099],[80.70785,21.66196],[80.7075,21.6641],[80.70945,21.66571],[80.71004,21.66774],[80.70874,21.66935],[80.70735,21.67158],[80.70924,21.67361],[80.71089,21.67409],[80.71191,21.67485],[80.71288,21.67584],[80.71409,21.67728],[80.7151,21.67867],[80.71632,21.68081],[80.71782,21.68307],[80.71877,21.68481],[80.72028,21.68776],[80.72213,21.6906],[80.72375,21.6936],[80.72492,21.69777],[80.72511,21.69829],[80.7253,21.701],[80.72491,21.70433],[80.72391,21.70583],[80.72201,21.70731],[80.71971,21.70977],[80.71853,21.71186],[80.71992,21.71364],[80.72267,21.71448],[80.72313,21.71562],[80.72342,21.71747],[80.72388,21.71971],[80.72446,21.72249],[80.72571,21.72578],[80.72581,21.72948],[80.72633,21.73103],[80.72891,21.73516],[80.73101,21.7392],[80.73483,21.74764],[80.737,21.75065],[80.73842,21.75354],[80.74005,21.75649],[80.74297,21.75796],[80.74503,21.75826],[80.74963,21.75773],[80.75464,21.75701],[80.75874,21.75715],[80.7621,21.75792],[80.76642,21.75513],[80.76982,21.75205],[80.77383,21.74982],[80.77683,21.74431],[80.77709,21.74086],[80.78272,21.73957],[80.78846,21.74128],[80.79259,21.74322],[80.79583,21.74427],[80.799,21.74535],[80.80363,21.74606],[80.80814,21.74644],[80.8112,21.74749],[80.81167,21.75083],[80.81033,21.75538],[80.81045,21.75844],[80.81063,21.76103],[80.81156,21.76399],[80.81355,21.7675],[80.81446,21.76832],[80.81683,21.77422],[80.81824,21.77601],[80.81918,21.77816],[80.82042,21.78226],[80.82082,21.78479],[80.82111,21.78698],[80.82388,21.79091],[80.8255,21.7945],[80.82797,21.79682],[80.8299,21.8007],[80.8317,21.80481],[80.83171,21.80867],[80.83183,21.81057],[80.83239,21.8138],[80.83305,21.81692],[80.8338,21.82021],[80.83559,21.82454],[80.8366,21.8272],[80.83768,21.82985],[80.8371,21.83176],[80.83895,21.83262],[80.84434,21.83179],[80.84831,21.83084],[80.85609,21.82806],[80.85986,21.82647],[80.86635,21.82466]]]}},{"type":"Feature","properties":{"ID_0":105,"ISO":"IND","NAME_0":"India","ID_1":7,"NAME_1":"Chhattisgarh","ID_2":117,"NAME_2":"Surguja","NL_NAME_2":null,"VARNAME_2":null,"TYPE_2":"District","ENGTYPE_2":"District","STATE":"Chhattisgarh","DISTRICT":"Surguja"},"geometry":{"type":"Polygon","coordinates":[[[83.3276,24.09965],[83.34575,24.09707],[83.35723,24.10169],[83.36198,24.10196],[83.38326,24.09987],[83.3924,24.09495],[83.4007,24.08178],[83.40309,24.08078],[83.40895,24.08047],[83.41467,24.08121],[83.42138,24.08378],[83.42537,24.08376],[83.42859,24.07977],[83.43013,24.07401],[83.43061,24.06905],[83.42921,24.06202],[83.43132,24.05793],[83.43324,24.0547],[83.44759,24.04248],[83.45308,24.04142],[83.45814,24.04192],[83.46841,24.04067],[83.47895,24.03855],[83.50123,24.03069],[83.50671,24.02824],[83.50963,24.0254],[83.51483,24.01576],[83.51656,24.01062],[83.50751,24.00139],[83.50655,23.99134],[83.50772,23.97946],[83.51244,23.967],[83.52261,23.95217],[83.53374,23.94174],[83.53894,23.9335],[83.53732,23.91463],[83.54285,23.89824],[83.54937,23.89284],[83.56051,23.89266],[83.57015,23.89036],[83.57616,23.88438],[83.57303,23.87707],[83.5637,23.87306],[83.55761,23.86953],[83.56121,23.86295],[83.57178,23.86306],[83.58117,23.86192],[83.59045,23.85649],[83.60057,23.85348],[83.61149,23.85336],[83.62999,23.84736],[83.6379,23.84703],[83.64955,23.84806],[83.65624,23.84364],[83.65759,23.83697],[83.65528,23.83201],[83.65833,23.82782],[83.6665,23.82592],[83.6722,23.82008],[83.67773,23.82267],[83.68201,23.8258],[83.68849,23.82393],[83.69539,23.82067],[83.69859,23.81646],[83.69559,23.8076],[83.6999,23.80163],[83.70776,23.79495],[83.7108,23.78953],[83.7125,23.78084],[83.71236,23.77233],[83.7271,23.7599],[83.7294,23.75473],[83.73,23.74368],[83.72935,23.73183],[83.73246,23.72399],[83.73472,23.71355],[83.73214,23.70467],[83.72431,23.69678],[83.72258,23.69414],[83.71507,23.69024],[83.71473,23.68254],[83.72133,23.67374],[83.72891,23.6674],[83.74404,23.65914],[83.75095,23.65333],[83.75208,23.64898],[83.74462,23.64565],[83.74303,23.64046],[83.74779,23.62665],[83.76494,23.62148],[83.76574,23.61754],[83.76777,23.60908],[83.77489,23.5995],[83.78615,23.59818],[83.79772,23.59009],[83.80048,23.58318],[83.80634,23.58231],[83.81088,23.58886],[83.82122,23.58485],[83.83763,23.58136],[83.84616,23.58092],[83.8596,23.57833],[83.88293,23.57277],[83.89009,23.57592],[83.89849,23.57116],[83.90529,23.56951],[83.91467,23.56874],[83.92249,23.56505],[83.93526,23.56304],[83.92959,23.59368],[83.93153,23.6114],[83.93789,23.62243],[83.94862,23.62432],[83.96268,23.62619],[83.97546,23.63083],[83.99268,23.63305],[84.00703,23.63231],[84.00771,23.62852],[84.00361,23.62632],[84.00178,23.62291],[84.00187,23.62044],[84.01257,23.60548],[84.0203,23.60018],[84.02234,23.59736],[84.02194,23.59221],[84.02412,23.58788],[84.02291,23.57459],[84.02512,23.56579],[84.02129,23.54993],[84.02267,23.54424],[84.0154,23.52563],[84.01275,23.52081],[84.01228,23.50815],[84.00876,23.49958],[84.00564,23.49646],[83.99725,23.49311],[83.99272,23.48518],[83.9889,23.48178],[83.98463,23.47559],[83.97915,23.46058],[83.96953,23.45541],[83.96973,23.44767],[83.97775,23.43145],[83.97945,23.42669],[83.97816,23.42093],[83.97806,23.41414],[83.97617,23.40752],[83.96778,23.39299],[83.96583,23.38121],[83.96689,23.37423],[83.97025,23.3694],[83.97486,23.36479],[83.98302,23.35955],[83.99277,23.35588],[84.00653,23.3528],[84.01145,23.3634],[84.01715,23.37159],[84.02074,23.37546],[84.02648,23.37693],[84.03803,23.37617],[84.04339,23.37401],[84.04723,23.37122],[84.04346,23.36972],[84.04445,23.36712],[84.04734,23.36365],[84.04861,23.35416],[84.04996,23.35186],[84.06052,23.34318],[84.06797,23.33409],[84.07025,23.32999],[84.05995,23.3082],[84.05939,23.3043],[84.06382,23.29224],[84.06304,23.28964],[84.06006,23.28629],[84.05907,23.28232],[84.05907,23.27412],[84.05127,23.2466],[84.05045,23.24095],[84.05401,23.23418],[84.05224,23.22124],[84.05237,23.21643],[84.0536,23.21317],[84.05803,23.208],[84.05835,23.2036],[84.05612,23.19641],[84.0509,23.18958],[84.04399,23.1846],[84.03933,23.17852],[84.03381,23.16784],[84.02837,23.17286],[84.02162,23.17698],[84.01951,23.18131],[84.01362,23.18658],[84.00713,23.18519],[83.99352,23.18069],[83.99259,23.18067],[83.98384,23.18218],[83.9749,23.18172],[83.96278,23.17964],[83.9584,23.17278],[83.95893,23.16869],[83.96355,23.16397],[83.95281,23.165],[83.94174,23.16204],[83.94055,23.16006],[83.93899,23.15168],[83.93385,23.146],[83.92422,23.14638],[83.92057,23.1551],[83.92232,23.16541],[83.91316,23.17021],[83.90868,23.17362],[83.90131,23.18085],[83.8882,23.18175],[83.87955,23.19261],[83.87482,23.20218],[83.86562,23.20717],[83.84669,23.22122],[83.83772,23.22373],[83.83176,23.22704],[83.82457,23.23261],[83.79343,23.2388],[83.78388,23.24454],[83.77543,23.22175],[83.77004,23.22049],[83.76336,23.22387],[83.75341,23.23136],[83.74306,23.23688],[83.7349,23.23182],[83.72788,23.22894],[83.71843,23.2231],[83.71493,23.21416],[83.71555,23.20656],[83.71102,23.20412],[83.70039,23.20297],[83.69541,23.20773],[83.69318,23.21783],[83.68035,23.22221],[83.67036,23.2236],[83.66417,23.22581],[83.65161,23.2241],[83.63708,23.21747],[83.62706,23.21498],[83.61873,23.21594],[83.61432,23.21233],[83.61047,23.20618],[83.59669,23.18048],[83.58707,23.18447],[83.56982,23.18829],[83.56512,23.18226],[83.56062,23.17257],[83.5479,23.17327],[83.54725,23.16581],[83.55446,23.14276],[83.55313,23.13218],[83.54567,23.12501],[83.53493,23.12095],[83.53001,23.11694],[83.52515,23.10708],[83.51653,23.09749],[83.51086,23.09256],[83.50372,23.08777],[83.50349,23.08014],[83.49618,23.07076],[83.4949,23.0666],[83.49566,23.06278],[83.50048,23.05834],[83.51846,23.05685],[83.52544,23.05193],[83.53862,23.03994],[83.54386,23.02948],[83.53912,23.01826],[83.53289,23.00892],[83.52972,23.00628],[83.52592,23.00001],[83.52577,22.9985],[83.51831,22.99047],[83.5145,22.98861],[83.5085,22.98302],[83.50565,22.97684],[83.50274,22.96275],[83.50242,22.95508],[83.50452,22.94712],[83.50755,22.942],[83.5208,22.93009],[83.53185,22.91529],[83.54638,22.90371],[83.55539,22.89412],[83.56565,22.88794],[83.57223,22.87167],[83.57892,22.86715],[83.58895,22.86575],[83.59261,22.86431],[83.58883,22.85544],[83.59338,22.84979],[83.59634,22.84795],[83.61255,22.84133],[83.61757,22.83725],[83.62132,22.82888],[83.62401,22.82611],[83.62882,22.82406],[83.63898,22.82295],[83.64133,22.8214],[83.64515,22.80651],[83.64489,22.80289],[83.64832,22.78387],[83.65268,22.77706],[83.64526,22.76265],[83.64767,22.75762],[83.64974,22.75591],[83.64908,22.75038],[83.64716,22.74813],[83.64266,22.74604],[83.64556,22.73785],[83.63991,22.73477],[83.63041,22.73116],[83.62723,22.72754],[83.62566,22.71266],[83.62666,22.70601],[83.6316,22.70135],[83.67649,22.68028],[83.67947,22.67705],[83.68238,22.66979],[83.68367,22.66186],[83.68128,22.64571],[83.6789,22.63852],[83.67553,22.63361],[83.66808,22.62678],[83.66714,22.62458],[83.66087,22.62745],[83.65585,22.63222],[83.65061,22.64503],[83.64741,22.65002],[83.64447,22.65354],[83.63897,22.65722],[83.62592,22.6643],[83.59673,22.67443],[83.57728,22.68415],[83.56787,22.691],[83.56097,22.69022],[83.5576,22.69357],[83.55728,22.69603],[83.5536,22.69851],[83.54857,22.69566],[83.53982,22.6868],[83.52806,22.67966],[83.52294,22.67734],[83.51682,22.67572],[83.50589,22.6741],[83.5037,22.67012],[83.50231,22.66129],[83.50015,22.65783],[83.47437,22.66778],[83.45738,22.66989],[83.43962,22.67404],[83.43198,22.67336],[83.4261,22.66324],[83.42241,22.66067],[83.40984,22.65824],[83.40752,22.65409],[83.40808,22.64971],[83.41008,22.64579],[83.40997,22.6423],[83.40881,22.63982],[83.40698,22.63884],[83.40425,22.63829],[83.40172,22.64385],[83.39875,22.64702],[83.38486,22.65356],[83.3807,22.65657],[83.37985,22.65914],[83.37952,22.66537],[83.37792,22.67516],[83.37597,22.68101],[83.37434,22.69317],[83.37919,22.6933],[83.38351,22.69087],[83.38562,22.69172],[83.38683,22.6931],[83.39029,22.7093],[83.39476,22.72467],[83.39391,22.73014],[83.3907,22.73559],[83.38406,22.74009],[83.37769,22.74183],[83.37064,22.74005],[83.35931,22.73121],[83.35297,22.73017],[83.34525,22.73205],[83.3424,22.73731],[83.33862,22.74712],[83.33498,22.75229],[83.33018,22.75635],[83.32573,22.76204],[83.32124,22.76546],[83.31561,22.76325],[83.31164,22.75939],[83.2831,22.76578],[83.25597,22.76901],[83.24633,22.76823],[83.24232,22.76979],[83.24034,22.77428],[83.23774,22.77489],[83.233,22.77395],[83.23206,22.77437],[83.23075,22.77694],[83.22993,22.78475],[83.22108,22.78395],[83.21799,22.78457],[83.21577,22.78598],[83.215,22.78983],[83.21034,22.78917],[83.19361,22.78177],[83.18894,22.78221],[83.18705,22.78584],[83.18363,22.78518],[83.1722,22.77987],[83.15815,22.77166],[83.15517,22.76721],[83.15326,22.75705],[83.15258,22.74573],[83.15072,22.74121],[83.14751,22.7374],[83.14279,22.73553],[83.13813,22.73536],[83.13057,22.73375],[83.11849,22.72888],[83.11465,22.72654],[83.11291,22.72209],[83.11385,22.71398],[83.11734,22.70666],[83.11856,22.7018],[83.11703,22.69651],[83.10724,22.68744],[83.10474,22.68427],[83.10492,22.68103],[83.10712,22.6759],[83.08411,22.67359],[83.06296,22.6689],[83.05303,22.66553],[83.04578,22.66108],[83.03515,22.65276],[83.01151,22.63887],[83.0067,22.63951],[83.00369,22.64551],[83.00025,22.64904],[82.99516,22.65237],[82.99263,22.65344],[82.98812,22.65964],[82.98433,22.6616],[82.97462,22.65983],[82.96893,22.65973],[82.96469,22.66067],[82.93884,22.67344],[82.92973,22.68376],[82.92664,22.68986],[82.91886,22.69865],[82.91263,22.70411],[82.89995,22.71179],[82.8942,22.71622],[82.87906,22.73243],[82.86786,22.74223],[82.86088,22.74649],[82.85511,22.74628],[82.84205,22.74336],[82.82744,22.74267],[82.81396,22.74677],[82.80219,22.75335],[82.79631,22.75479],[82.78963,22.75756],[82.77048,22.76909],[82.76393,22.7775],[82.76252,22.78107],[82.76301,22.7855],[82.76172,22.78809],[82.75454,22.79195],[82.75325,22.79586],[82.74693,22.80064],[82.74049,22.80416],[82.7174,22.8284],[82.71573,22.82949],[82.70818,22.83157],[82.69917,22.8325],[82.68932,22.83106],[82.66819,22.81628],[82.65736,22.81052],[82.65085,22.80891],[82.64336,22.80926],[82.63829,22.81075],[82.62817,22.81743],[82.62204,22.81893],[82.61106,22.82313],[82.5993,22.82905],[82.58157,22.8306],[82.57079,22.82858],[82.56589,22.83053],[82.55293,22.84388],[82.55145,22.84773],[82.55075,22.85418],[82.55218,22.86137],[82.5541,22.86275],[82.56165,22.86397],[82.56388,22.86587],[82.57189,22.88147],[82.57285,22.88498],[82.57211,22.88918],[82.57268,22.89389],[82.576,22.89436],[82.57973,22.89333],[82.58433,22.89331],[82.58686,22.89402],[82.58923,22.89775],[82.58747,22.90414],[82.58165,22.90811],[82.57545,22.9088],[82.5719,22.91087],[82.56956,22.91352],[82.56867,22.91656],[82.56949,22.92077],[82.56917,22.9274],[82.57065,22.93636],[82.56799,22.93971],[82.56803,22.94431],[82.56655,22.94805],[82.55682,22.95546],[82.55685,22.9569],[82.55847,22.95949],[82.56003,22.96093],[82.56844,22.96502],[82.58203,22.97625],[82.58334,22.97931],[82.58246,22.98569],[82.58041,22.99167],[82.58252,22.99317],[82.5942,22.9966],[82.59687,23.00048],[82.59888,23.01183],[82.60233,23.02224],[82.59821,23.02384],[82.59422,23.02206],[82.59124,23.02192],[82.58966,23.02355],[82.59044,23.03341],[82.58429,23.04234],[82.58022,23.05051],[82.57475,23.0547],[82.57459,23.0576],[82.58071,23.06357],[82.56973,23.072],[82.56568,23.07823],[82.56744,23.08253],[82.57828,23.08453],[82.58115,23.09087],[82.58202,23.09597],[82.58166,23.10048],[82.57391,23.1207],[82.57361,23.12632],[82.57697,23.12976],[82.58176,23.13182],[82.59118,23.13398],[82.59916,23.13984],[82.59997,23.14227],[82.60818,23.14228],[82.62744,23.14104],[82.63213,23.14153],[82.63649,23.14544],[82.64037,23.15272],[82.64191,23.15776],[82.64641,23.16463],[82.64674,23.16962],[82.64861,23.17444],[82.65318,23.18205],[82.6556,23.19344],[82.65838,23.20185],[82.66106,23.20657],[82.66436,23.21006],[82.67325,23.21517],[82.67964,23.2213],[82.68472,23.23002],[82.68976,23.24193],[82.69727,23.24534],[82.7135,23.24545],[82.73689,23.25303],[82.74194,23.26453],[82.74208,23.27085],[82.74063,23.28109],[82.74175,23.28741],[82.74103,23.29152],[82.7433,23.29455],[82.74926,23.29893],[82.7514,23.30272],[82.75214,23.30811],[82.75169,23.31146],[82.7457,23.3175],[82.74934,23.32575],[82.75073,23.3312],[82.74918,23.33821],[82.74368,23.34634],[82.74063,23.35542],[82.7376,23.35835],[82.72581,23.36337],[82.72067,23.36397],[82.71266,23.36062],[82.70624,23.36057],[82.70237,23.36356],[82.68737,23.36866],[82.67351,23.37025],[82.66775,23.37224],[82.65733,23.38126],[82.64519,23.38476],[82.64318,23.38834],[82.64259,23.39331],[82.64315,23.39859],[82.64906,23.41468],[82.64848,23.42574],[82.64655,23.46188],[82.64414,23.47374],[82.63954,23.48895],[82.63431,23.49881],[82.62828,23.50293],[82.62051,23.51069],[82.60526,23.51413],[82.60125,23.51954],[82.59559,23.52419],[82.59166,23.52672],[82.58807,23.52784],[82.57412,23.54274],[82.5771,23.55475],[82.57695,23.5577],[82.57262,23.57448],[82.57105,23.58512],[82.57042,23.59213],[82.57102,23.61311],[82.56757,23.61847],[82.56758,23.62172],[82.56979,23.63054],[82.57548,23.6395],[82.58566,23.64497],[82.5899,23.65416],[82.59376,23.65964],[82.59572,23.66718],[82.59288,23.67973],[82.59026,23.68696],[82.58603,23.69555],[82.58113,23.70253],[82.57668,23.70719],[82.5717,23.71629],[82.56783,23.71975],[82.56303,23.72174],[82.56139,23.72381],[82.55992,23.72913],[82.55769,23.73282],[82.54656,23.73812],[82.54443,23.74095],[82.54424,23.74616],[82.54168,23.75431],[82.53481,23.75906],[82.53058,23.76047],[82.52464,23.76055],[82.51727,23.75927],[82.51424,23.75796],[82.5099,23.75741],[82.49622,23.76217],[82.49272,23.76375],[82.49128,23.76519],[82.49255,23.77529],[82.49175,23.78571],[82.49665,23.78505],[82.50671,23.78548],[82.5162,23.78423],[82.52879,23.79135],[82.53579,23.7921],[82.54027,23.7912],[82.54452,23.79419],[82.54478,23.79831],[82.54399,23.80282],[82.54086,23.81015],[82.53976,23.81183],[82.5369,23.81249],[82.534,23.8148],[82.53197,23.81983],[82.52911,23.8216],[82.52735,23.82408],[82.53366,23.82499],[82.53875,23.82411],[82.54208,23.82674],[82.54822,23.8269],[82.56116,23.82278],[82.56634,23.82473],[82.57849,23.82244],[82.58598,23.82286],[82.58964,23.82479],[82.60052,23.83392],[82.60591,23.83616],[82.62952,23.839],[82.6313,23.84168],[82.63126,23.84633],[82.63483,23.84768],[82.63773,23.84989],[82.64064,23.85803],[82.64355,23.85962],[82.64542,23.85782],[82.65202,23.8565],[82.65336,23.85778],[82.65492,23.86271],[82.65796,23.86558],[82.66021,23.87034],[82.65953,23.87458],[82.65727,23.87815],[82.64612,23.88873],[82.6473,23.89499],[82.65474,23.90629],[82.65652,23.90786],[82.65906,23.90864],[82.6629,23.90867],[82.66812,23.9076],[82.67091,23.90977],[82.67709,23.90982],[82.68186,23.91227],[82.68734,23.91777],[82.689,23.91953],[82.68987,23.92043],[82.70193,23.92493],[82.70667,23.92462],[82.71812,23.92145],[82.74333,23.92064],[82.7481,23.92228],[82.75007,23.92653],[82.7502,23.93006],[82.75378,23.93588],[82.77485,23.93857],[82.79028,23.95061],[82.79211,23.95571],[82.79681,23.96142],[82.79865,23.96218],[82.80778,23.96306],[82.82072,23.96496],[82.84134,23.95015],[82.8489,23.94683],[82.85516,23.93878],[82.86296,23.92553],[82.86569,23.92266],[82.8753,23.91641],[82.88119,23.91028],[82.89034,23.90456],[82.90608,23.8979],[82.91747,23.8954],[82.92252,23.89269],[82.92517,23.89071],[82.93059,23.88197],[82.93308,23.8794],[82.93882,23.87587],[82.9495,23.87299],[82.95359,23.87277],[82.98396,23.87955],[82.99228,23.87851],[83.02052,23.8827],[83.02547,23.88163],[83.03644,23.88305],[83.04346,23.87939],[83.06104,23.87524],[83.0866,23.87817],[83.12741,23.89002],[83.13438,23.89455],[83.13526,23.89854],[83.13879,23.90437],[83.14522,23.90994],[83.15557,23.91131],[83.15785,23.91303],[83.16434,23.91511],[83.16788,23.91787],[83.17261,23.91766],[83.17757,23.91952],[83.18313,23.91948],[83.18957,23.9211],[83.19313,23.9269],[83.19135,23.93263],[83.20177,23.94054],[83.20323,23.94753],[83.20587,23.95379],[83.21121,23.96036],[83.21064,23.96541],[83.20835,23.9728],[83.21057,23.97725],[83.21563,23.98078],[83.21477,23.98627],[83.21603,23.9894],[83.22253,23.99206],[83.22678,23.99631],[83.23352,23.99831],[83.23692,24.00139],[83.23536,24.00715],[83.23698,24.00996],[83.24182,24.01373],[83.24703,24.0152],[83.25307,24.01213],[83.25895,24.01163],[83.2624,24.01366],[83.26575,24.01725],[83.27052,24.02027],[83.27383,24.02115],[83.27608,24.02328],[83.27647,24.02731],[83.27995,24.03477],[83.2768,24.04567],[83.27749,24.04996],[83.2804,24.05507],[83.28417,24.06465],[83.28901,24.0729],[83.29243,24.07721],[83.31107,24.09276],[83.31345,24.09743],[83.31352,24.1014],[83.31491,24.10698],[83.31895,24.10645],[83.32356,24.10133],[83.3276,24.09965]]]}}],"state":"Chhattisgarh","source":"geohacker/india (Datameet-derived), Census 2011 boundaries"}