{"type":"FeatureCollection","features":[{"type":"Feature","properties":{"ID_0":105,"ISO":"IND","NAME_0":"India","ID_1":11,"NAME_1":"Goa","ID_2":122,"NAME_2":"North Goa","NL_NAME_2":null,"VARNAME_2":null,"TYPE_2":"District","ENGTYPE_2":"District","STATE":"Goa","DISTRICT":"North Goa"},"geometry":{"type":"Polygon","coordinates":[[[73.87987,15.77921],[73.88025,15.77739],[73.88686,15.77029],[73.88684,15.76713],[73.88432,15.76462],[73.88261,15.75669],[73.88024,15.75255],[73.88245,15.74935],[73.8859,15.74726],[73.90861,15.74233],[73.91483,15.74549],[73.91794,15.7454],[73.92416,15.74282],[73.94537,15.74152],[73.94976,15.73263],[73.95082,15.72323],[73.95593,15.71692],[73.95887,15.71129],[73.95779,15.70735],[73.95603,15.70479],[73.95868,15.70125],[73.95724,15.69674],[73.96574,15.69502],[73.97131,15.68725],[73.9722,15.67669],[73.97159,15.66839],[73.9757,15.65978],[73.97423,15.65467],[73.97073,15.64966],[73.96926,15.64432],[73.97598,15.62894],[73.98142,15.62503],[73.98607,15.62338],[73.99021,15.62063],[73.99294,15.61631],[73.9987,15.61113],[74.00239,15.60905],[74.00784,15.6083],[74.01318,15.60934],[74.02793,15.6046],[74.03558,15.60929],[74.0393,15.62085],[74.0568,15.62272],[74.0677,15.62471],[74.07353,15.62667],[74.08055,15.62617],[74.10244,15.63896],[74.10805,15.63887],[74.11263,15.64308],[74.12276,15.64522],[74.12603,15.65029],[74.12897,15.65024],[74.14278,15.64711],[74.14685,15.64866],[74.15498,15.64977],[74.16323,15.64859],[74.16594,15.65238],[74.17343,15.65205],[74.17544,15.67016],[74.17867,15.67142],[74.18303,15.67735],[74.19013,15.68098],[74.19769,15.67893],[74.19811,15.67365],[74.19447,15.67214],[74.19633,15.66491],[74.21154,15.66098],[74.21197,15.6585],[74.20986,15.65413],[74.21325,15.64903],[74.22409,15.65031],[74.2288,15.65296],[74.22843,15.65445],[74.22405,15.65887],[74.23158,15.66652],[74.23684,15.66189],[74.24191,15.66586],[74.24504,15.66563],[74.25526,15.65421],[74.25648,15.6468],[74.25723,15.63394],[74.25452,15.62961],[74.25253,15.62382],[74.25436,15.62313],[74.25943,15.62446],[74.2625,15.62291],[74.26747,15.61705],[74.26855,15.60959],[74.26546,15.6016],[74.26516,15.59016],[74.25637,15.58256],[74.25742,15.5755],[74.25442,15.5725],[74.25431,15.56583],[74.26458,15.56079],[74.26764,15.56344],[74.26989,15.56115],[74.27258,15.55426],[74.27895,15.5487],[74.28293,15.54157],[74.2856,15.53417],[74.28728,15.526],[74.2828,15.52054],[74.28375,15.51945],[74.2819,15.51295],[74.26814,15.50592],[74.26083,15.50084],[74.25725,15.49676],[74.25633,15.48952],[74.23731,15.48316],[74.22831,15.47447],[74.21109,15.46812],[74.20532,15.46501],[74.20097,15.46068],[74.19564,15.45113],[74.19296,15.44268],[74.18362,15.43622],[74.17429,15.44081],[74.15161,15.43755],[74.1479,15.43816],[74.14455,15.43655],[74.14172,15.4324],[74.13377,15.43532],[74.12511,15.43094],[74.12019,15.42518],[74.11949,15.42156],[74.11692,15.41683],[74.11384,15.42441],[74.10523,15.4229],[74.09594,15.42024],[74.09177,15.41689],[74.08728,15.41453],[74.08371,15.41354],[74.08002,15.40906],[74.08118,15.40095],[74.08466,15.39578],[74.08446,15.38946],[74.08863,15.38832],[74.09364,15.38844],[74.09679,15.38639],[74.09833,15.38196],[74.10542,15.37755],[74.10265,15.37656],[74.1029,15.37392],[74.10785,15.37014],[74.11074,15.36578],[74.11042,15.35836],[74.11113,15.35475],[74.10808,15.35318],[74.10876,15.34894],[74.11171,15.34526],[74.10635,15.34554],[74.10271,15.33788],[74.0996,15.33339],[74.09374,15.32763],[74.09199,15.32366],[74.0955,15.31429],[74.10088,15.29579],[74.10873,15.29064],[74.11464,15.28341],[74.11004,15.26874],[74.10604,15.26873],[74.10275,15.26785],[74.09985,15.26895],[74.09671,15.27319],[74.09293,15.27663],[74.09016,15.27714],[74.08699,15.27472],[74.0834,15.27327],[74.08017,15.2758],[74.07849,15.28109],[74.07804,15.29022],[74.06873,15.29497],[74.05127,15.2985],[74.04855,15.30344],[74.04414,15.30435],[74.03513,15.2999],[74.02614,15.30028],[74.02201,15.30165],[74.01881,15.30607],[74.01375,15.33077],[74.013,15.34497],[74.00781,15.35048],[74.00239,15.35249],[73.99717,15.35577],[73.98433,15.36483],[73.97453,15.36496],[73.97045,15.36623],[73.96752,15.36882],[73.96592,15.3727],[73.96539,15.37879],[73.96324,15.38677],[73.96069,15.39431],[73.95776,15.39745],[73.95248,15.39953],[73.93165,15.40209],[73.9333,15.40314],[73.93493,15.40337],[73.93918,15.40322],[73.94859,15.40533],[73.94884,15.40689],[73.94698,15.40746],[73.94646,15.40778],[73.93821,15.41013],[73.93612,15.41127],[73.93613,15.41174],[73.93452,15.41287],[73.93439,15.41333],[73.93489,15.4192],[73.93491,15.41932],[73.93587,15.42011],[73.93596,15.42021],[73.93596,15.42067],[73.94016,15.42304],[73.94482,15.42844],[73.9454,15.43115],[73.94524,15.4315],[73.94415,15.43388],[73.9421,15.43412],[73.94165,15.43403],[73.93631,15.43236],[73.93082,15.42809],[73.93023,15.42446],[73.9295,15.42379],[73.92721,15.42265],[73.91946,15.42179],[73.91876,15.42065],[73.91837,15.41638],[73.91652,15.41457],[73.91606,15.41434],[73.91312,15.41429],[73.90611,15.41531],[73.90449,15.41579],[73.90414,15.41603],[73.90395,15.41616],[73.89013,15.4257],[73.88958,15.42608],[73.88958,15.42625],[73.88932,15.42625],[73.88931,15.42681],[73.88903,15.4268],[73.88903,15.42708],[73.88875,15.42708],[73.88875,15.42736],[73.88847,15.42736],[73.88847,15.42819],[73.88819,15.42819],[73.88819,15.42847],[73.88792,15.42847],[73.88792,15.42903],[73.88764,15.42903],[73.88764,15.42986],[73.88736,15.42986],[73.88736,15.43014],[73.8868,15.43014],[73.8868,15.43042],[73.88736,15.43042],[73.88736,15.4307],[73.88708,15.4307],[73.88708,15.43097],[73.88653,15.43097],[73.88653,15.43125],[73.88625,15.43125],[73.88625,15.43153],[73.8857,15.43153],[73.8857,15.43181],[73.88541,15.43181],[73.88541,15.43208],[73.88486,15.43208],[73.88486,15.43236],[73.88432,15.43236],[73.88432,15.43265],[73.88236,15.43265],[73.88236,15.43292],[73.88181,15.43292],[73.88181,15.43265],[73.88042,15.43265],[73.88042,15.43292],[73.88014,15.43292],[73.88014,15.43265],[73.87959,15.43265],[73.87959,15.43292],[73.8793,15.43292],[73.8793,15.43265],[73.87903,15.43265],[73.87903,15.43236],[73.87847,15.43236],[73.87847,15.43208],[73.87791,15.43208],[73.87791,15.43153],[73.87736,15.43153],[73.87736,15.43125],[73.87708,15.43125],[73.87708,15.43097],[73.87653,15.43097],[73.87653,15.4307],[73.87569,15.4307],[73.87569,15.43042],[73.87542,15.43042],[73.87542,15.4307],[73.87486,15.4307],[73.87486,15.43097],[73.87431,15.43097],[73.87431,15.4307],[73.87375,15.4307],[73.87375,15.43097],[73.87319,15.43097],[73.87319,15.43125],[73.87264,15.43125],[73.87264,15.43153],[73.87236,15.43153],[73.87236,15.43125],[73.87209,15.43125],[73.87209,15.43153],[73.87096,15.43153],[73.8707,15.43153],[73.8707,15.43125],[73.86875,15.43125],[73.86875,15.43097],[73.86792,15.43097],[73.86792,15.4307],[73.86764,15.4307],[73.86764,15.43042],[73.86736,15.43042],[73.86736,15.43014],[73.86708,15.43014],[73.86708,15.42958],[73.86625,15.42958],[73.86625,15.42931],[73.86542,15.42931],[73.86542,15.42903],[73.86514,15.42903],[73.86514,15.42875],[73.86459,15.42875],[73.86459,15.42847],[73.86153,15.42847],[73.86153,15.42958],[73.86181,15.42958],[73.86181,15.43042],[73.86208,15.43042],[73.86208,15.43125],[73.86181,15.43125],[73.86181,15.43265],[73.86153,15.43264],[73.86153,15.43319],[73.86125,15.43319],[73.86125,15.43375],[73.86097,15.43375],[73.86097,15.43403],[73.86069,15.43403],[73.86069,15.43431],[73.86042,15.43431],[73.86042,15.43486],[73.86015,15.43486],[73.86015,15.43764],[73.86042,15.43764],[73.86042,15.43792],[73.86015,15.43792],[73.86015,15.44014],[73.85986,15.44014],[73.85986,15.44097],[73.85958,15.44097],[73.85958,15.44153],[73.85931,15.44153],[73.85931,15.44208],[73.85847,15.44208],[73.85847,15.44236],[73.85819,15.44236],[73.85819,15.44264],[73.85764,15.44264],[73.85764,15.44292],[73.85653,15.44292],[73.85653,15.44347],[73.8557,15.44347],[73.8557,15.44375],[73.85542,15.44375],[73.85542,15.44459],[73.85514,15.44459],[73.85514,15.44514],[73.85486,15.44514],[73.85486,15.44569],[73.85375,15.4457],[73.85375,15.44625],[73.85347,15.44625],[73.85347,15.44653],[73.8532,15.44653],[73.8532,15.44681],[73.85291,15.44681],[73.85291,15.44736],[73.85264,15.44736],[73.85264,15.44847],[73.85208,15.44847],[73.85208,15.44903],[73.85181,15.44903],[73.85181,15.44958],[73.85152,15.44958],[73.85152,15.44969],[73.85152,15.44986],[73.85125,15.44986],[73.85125,15.45014],[73.85098,15.45014],[73.85098,15.45042],[73.85069,15.45042],[73.85069,15.4507],[73.85014,15.45069],[73.85014,15.45125],[73.84986,15.45125],[73.84986,15.45153],[73.8493,15.45153],[73.8493,15.45181],[73.84903,15.45181],[73.84903,15.45208],[73.84764,15.45208],[73.84764,15.45236],[73.84653,15.45236],[73.84653,15.45208],[73.84597,15.45208],[73.84597,15.45153],[73.8457,15.45153],[73.8457,15.45181],[73.84541,15.45181],[73.84541,15.45153],[73.84458,15.45153],[73.84458,15.45125],[73.84402,15.45125],[73.84402,15.45097],[73.84319,15.45097],[73.84319,15.4507],[73.84292,15.4507],[73.84292,15.45042],[73.84264,15.45042],[73.84264,15.44875],[73.84236,15.44875],[73.84236,15.44819],[73.84209,15.4482],[73.84209,15.44764],[73.8407,15.44765],[73.8407,15.44792],[73.84042,15.44792],[73.84042,15.4482],[73.84014,15.4482],[73.84014,15.44847],[73.83958,15.44847],[73.83958,15.44875],[73.8393,15.44875],[73.8393,15.44903],[73.83875,15.44903],[73.83875,15.44958],[73.83847,15.44958],[73.83847,15.44986],[73.83875,15.44986],[73.83875,15.45006],[73.83875,15.45014],[73.83855,15.45014],[73.8382,15.45014],[73.8382,15.45028],[73.8382,15.45042],[73.83791,15.45042],[73.83791,15.4507],[73.83736,15.4507],[73.83736,15.45097],[73.83708,15.45097],[73.83708,15.45125],[73.83681,15.45125],[73.83681,15.45097],[73.83609,15.45097],[73.83598,15.45097],[73.83598,15.4507],[73.83569,15.4507],[73.83569,15.45097],[73.83542,15.45097],[73.83542,15.4507],[73.83514,15.4507],[73.83514,15.45097],[73.83486,15.45097],[73.83486,15.4507],[73.83403,15.45069],[73.83403,15.45125],[73.83292,15.45125],[73.83292,15.45153],[73.83236,15.45153],[73.83234,15.45181],[73.83208,15.45181],[73.83208,15.45208],[73.83153,15.45208],[73.83153,15.45236],[73.83097,15.45236],[73.83097,15.45264],[73.8307,15.45264],[73.8307,15.45292],[73.83014,15.45292],[73.83014,15.45319],[73.82958,15.45319],[73.82958,15.45347],[73.82931,15.45347],[73.82931,15.45319],[73.82875,15.45319],[73.82875,15.45292],[73.82736,15.45292],[73.82736,15.45319],[73.82681,15.45319],[73.82681,15.45347],[73.82625,15.45347],[73.82625,15.45375],[73.82569,15.45375],[73.82569,15.45403],[73.82486,15.45403],[73.82486,15.45431],[73.82458,15.45431],[73.82458,15.45403],[73.8243,15.45403],[73.8243,15.45431],[73.82291,15.45431],[73.82291,15.45403],[73.81875,15.45403],[73.81875,15.45375],[73.81819,15.45375],[73.81819,15.45347],[73.81792,15.45347],[73.81792,15.45319],[73.81764,15.45319],[73.81764,15.45297],[73.81764,15.45264],[73.81653,15.45264],[73.81653,15.45236],[73.81597,15.45236],[73.81597,15.45307],[73.81597,15.45319],[73.8157,15.45319],[73.8157,15.45375],[73.81541,15.45375],[73.81541,15.45403],[73.81514,15.45403],[73.81514,15.45431],[73.81486,15.4543],[73.81486,15.45458],[73.81431,15.45458],[73.81431,15.45486],[73.81403,15.45486],[73.81403,15.45514],[73.81347,15.45514],[73.81347,15.45542],[73.81236,15.45542],[73.81236,15.45569],[73.81208,15.45569],[73.81208,15.45542],[73.81125,15.45542],[73.81125,15.45514],[73.81069,15.45514],[73.81069,15.45486],[73.81042,15.45486],[73.81042,15.45458],[73.80986,15.45458],[73.80986,15.45486],[73.80959,15.45486],[73.80959,15.45458],[73.8093,15.45458],[73.8093,15.4543],[73.80904,15.45431],[73.80904,15.45403],[73.8082,15.45403],[73.8082,15.45375],[73.80708,15.45375],[73.80708,15.45403],[73.80653,15.45403],[73.80653,15.45431],[73.80514,15.45431],[73.80514,15.45403],[73.80375,15.45403],[73.80375,15.45319],[73.80347,15.45319],[73.80347,15.45181],[73.80375,15.45181],[73.80375,15.45069],[73.80403,15.4507],[73.80403,15.44986],[73.80319,15.44986],[73.80319,15.45014],[73.80291,15.45014],[73.80291,15.45042],[73.80236,15.45042],[73.80236,15.45097],[73.80209,15.45097],[73.80209,15.45153],[73.80153,15.45153],[73.80153,15.45181],[73.80125,15.45181],[73.80125,15.45208],[73.8007,15.45208],[73.8007,15.45236],[73.80097,15.45236],[73.80097,15.45292],[73.8007,15.45292],[73.8007,15.45319],[73.80042,15.45319],[73.80042,15.45347],[73.80014,15.45347],[73.80014,15.45375],[73.79875,15.45375],[73.79875,15.45431],[73.79792,15.45431],[73.79792,15.45486],[73.79736,15.45486],[73.79736,15.45542],[73.79708,15.45542],[73.79708,15.45569],[73.79625,15.45569],[73.79625,15.45597],[73.79569,15.45597],[73.79569,15.45653],[73.79542,15.45653],[73.79542,15.45682],[73.79514,15.45681],[73.79514,15.45736],[73.79459,15.45736],[73.79459,15.45792],[73.79403,15.45792],[73.79403,15.4582],[73.79375,15.4582],[73.79375,15.45847],[73.7932,15.45847],[73.7932,15.45875],[73.79292,15.45875],[73.79292,15.45903],[73.79208,15.45903],[73.79208,15.45931],[73.79153,15.45931],[73.79153,15.45959],[73.79125,15.45959],[73.79125,15.46014],[73.79097,15.46014],[73.79097,15.46069],[73.7907,15.46069],[73.7907,15.46097],[73.79014,15.46097],[73.79014,15.46125],[73.78958,15.46125],[73.78958,15.46097],[73.78902,15.46097],[73.78902,15.46125],[73.78791,15.46125],[73.78791,15.46153],[73.78764,15.46153],[73.78764,15.46208],[73.78736,15.46208],[73.78736,15.46292],[73.78709,15.46292],[73.78709,15.46431],[73.78736,15.46431],[73.78736,15.46458],[73.78764,15.46458],[73.78764,15.46486],[73.78819,15.46486],[73.78819,15.46514],[73.79014,15.46514],[73.79014,15.46486],[73.7907,15.46486],[73.7907,15.46458],[73.79125,15.46458],[73.79125,15.46431],[73.79153,15.46431],[73.79153,15.46403],[73.79208,15.46403],[73.79208,15.46375],[73.79264,15.46375],[73.79264,15.46347],[73.79292,15.46347],[73.79292,15.46319],[73.7932,15.46319],[73.7932,15.46292],[73.79347,15.46292],[73.79347,15.46263],[73.7943,15.46264],[73.7943,15.46236],[73.79459,15.46236],[73.79459,15.46208],[73.79486,15.46208],[73.79486,15.46181],[73.79514,15.46181],[73.79514,15.46153],[73.79569,15.46153],[73.79569,15.46125],[73.79625,15.46125],[73.79625,15.46097],[73.79681,15.46097],[73.79681,15.46069],[73.79708,15.46069],[73.79708,15.46042],[73.79792,15.46042],[73.79792,15.46014],[73.79875,15.46014],[73.79875,15.46042],[73.80014,15.46042],[73.80014,15.46069],[73.80097,15.46069],[73.80097,15.46097],[73.80125,15.46097],[73.80125,15.46125],[73.80153,15.46125],[73.80153,15.46153],[73.8018,15.46153],[73.8018,15.46181],[73.80209,15.46181],[73.80209,15.46236],[73.80236,15.46236],[73.80236,15.46264],[73.80264,15.46263],[73.80264,15.46292],[73.80292,15.46292],[73.80292,15.46319],[73.80319,15.46319],[73.80319,15.46375],[73.80347,15.46375],[73.80347,15.46391],[73.80347,15.46403],[73.80375,15.46403],[73.80375,15.46458],[73.80403,15.46458],[73.80403,15.46486],[73.80431,15.46486],[73.80431,15.46514],[73.80458,15.46514],[73.80458,15.46569],[73.80486,15.46569],[73.80486,15.46653],[73.80514,15.46653],[73.80514,15.46736],[73.80542,15.46736],[73.80542,15.46792],[73.80569,15.46792],[73.80569,15.46876],[73.80597,15.46875],[73.80597,15.46958],[73.80625,15.46958],[73.80625,15.47292],[73.80653,15.47292],[73.80653,15.4732],[73.80681,15.4732],[73.80681,15.47458],[73.80708,15.47458],[73.80708,15.47597],[73.80681,15.47597],[73.80681,15.47653],[73.80653,15.47653],[73.80653,15.47681],[73.80681,15.47681],[73.80681,15.47792],[73.80708,15.47792],[73.80708,15.47903],[73.80736,15.47903],[73.80736,15.47931],[73.80708,15.47931],[73.80708,15.48097],[73.80681,15.48097],[73.80681,15.48125],[73.80625,15.48125],[73.80625,15.48208],[73.80597,15.48208],[73.80597,15.4832],[73.80625,15.48319],[73.80625,15.48403],[73.80653,15.48403],[73.80653,15.48486],[73.80708,15.48486],[73.80708,15.48514],[73.80736,15.48514],[73.80736,15.48597],[73.80708,15.48597],[73.80708,15.48708],[73.80681,15.48708],[73.80681,15.48847],[73.80653,15.48847],[73.80653,15.48986],[73.80625,15.48986],[73.80625,15.49097],[73.80597,15.49097],[73.80598,15.49236],[73.80569,15.49236],[73.80569,15.49338],[73.80569,15.49375],[73.80542,15.49375],[73.80542,15.49486],[73.80458,15.49486],[73.80458,15.49514],[73.80347,15.49514],[73.80347,15.49542],[73.80125,15.49542],[73.80125,15.4957],[73.80097,15.49569],[73.80097,15.49597],[73.80014,15.49597],[73.80014,15.49625],[73.79875,15.49625],[73.79875,15.49681],[73.79819,15.4968],[73.79819,15.49708],[73.79792,15.49708],[73.79792,15.49736],[73.79736,15.49736],[73.79736,15.49764],[73.79708,15.49764],[73.79708,15.49792],[73.79681,15.49792],[73.79681,15.49819],[73.79625,15.49819],[73.79625,15.49847],[73.79486,15.49847],[73.79486,15.49819],[73.79459,15.49819],[73.79459,15.49847],[73.79403,15.49847],[73.79403,15.49875],[73.79347,15.49874],[73.79347,15.49903],[73.7932,15.49903],[73.7932,15.49931],[73.79208,15.49931],[73.79208,15.49958],[73.79041,15.49958],[73.79041,15.49986],[73.79014,15.49986],[73.79014,15.49958],[73.78986,15.49958],[73.78986,15.49986],[73.78931,15.49986],[73.78931,15.49958],[73.78902,15.49958],[73.78902,15.49986],[73.78875,15.49986],[73.78875,15.49958],[73.78848,15.49958],[73.78848,15.49931],[73.78791,15.49931],[73.78791,15.49903],[73.78709,15.49903],[73.78709,15.49874],[73.7868,15.49875],[73.7868,15.49847],[73.78653,15.49847],[73.78653,15.49819],[73.78625,15.49819],[73.78625,15.49764],[73.7857,15.49764],[73.7857,15.49708],[73.78597,15.49708],[73.78597,15.49653],[73.78625,15.49653],[73.78625,15.49625],[73.7868,15.49625],[73.7868,15.49597],[73.78736,15.49597],[73.78736,15.49569],[73.78791,15.4957],[73.78791,15.49542],[73.78819,15.49542],[73.78819,15.49514],[73.78791,15.49514],[73.78791,15.49431],[73.78764,15.49431],[73.78764,15.49403],[73.78736,15.49403],[73.78736,15.49375],[73.78709,15.49375],[73.78709,15.49319],[73.78653,15.49319],[73.78653,15.49292],[73.78625,15.49293],[73.78625,15.49264],[73.7857,15.49264],[73.7857,15.49236],[73.78542,15.49236],[73.78542,15.49264],[73.78347,15.49264],[73.78347,15.49236],[73.78236,15.49236],[73.78236,15.49208],[73.78125,15.49208],[73.78125,15.49181],[73.78098,15.49181],[73.78098,15.49208],[73.77986,15.49208],[73.77986,15.49264],[73.77959,15.49264],[73.77959,15.49236],[73.7793,15.49236],[73.7793,15.49264],[73.77874,15.49264],[73.77874,15.49236],[73.77792,15.49236],[73.77792,15.49208],[73.77736,15.49208],[73.77736,15.49181],[73.7769,15.49181],[73.7768,15.49181],[73.7768,15.49125],[73.77653,15.49125],[73.77653,15.49097],[73.77597,15.49097],[73.77597,15.49042],[73.7757,15.49042],[73.7757,15.49014],[73.77514,15.49014],[73.77514,15.48986],[73.7718,15.48986],[73.7718,15.49014],[73.77069,15.49014],[73.77069,15.49042],[73.76847,15.49042],[73.76847,15.49069],[73.76791,15.49069],[73.76791,15.49097],[73.76764,15.49097],[73.76764,15.49153],[73.76736,15.49153],[73.76736,15.49236],[73.76708,15.49236],[73.76708,15.49347],[73.7668,15.49347],[73.7668,15.49375],[73.76625,15.49375],[73.76625,15.49403],[73.76514,15.49403],[73.76514,15.49431],[73.76486,15.49431],[73.76486,15.49458],[73.76458,15.49458],[73.76458,15.49514],[73.76431,15.49514],[73.76431,15.49653],[73.76403,15.49653],[73.76403,15.49681],[73.76431,15.49681],[73.76431,15.49792],[73.76458,15.49792],[73.76458,15.49819],[73.76542,15.49819],[73.76542,15.49847],[73.76598,15.49847],[73.76598,15.49903],[73.76653,15.49903],[73.76653,15.49931],[73.7668,15.49931],[73.7668,15.49986],[73.76708,15.49986],[73.76708,15.50042],[73.7668,15.50042],[73.7668,15.50153],[73.76653,15.50153],[73.76653,15.50375],[73.76625,15.50375],[73.76625,15.50431],[73.76598,15.50431],[73.76598,15.50514],[73.76625,15.50514],[73.76625,15.5057],[73.76598,15.5057],[73.76598,15.50597],[73.76625,15.50597],[73.76625,15.50653],[73.76598,15.50653],[73.76598,15.50681],[73.76542,15.50681],[73.76542,15.50708],[73.76514,15.50708],[73.76514,15.50736],[73.76486,15.50736],[73.76486,15.50958],[73.76458,15.50958],[73.76458,15.51014],[73.76431,15.51014],[73.76431,15.51125],[73.76403,15.51125],[73.76403,15.51181],[73.76375,15.5118],[73.76375,15.51236],[73.76403,15.51236],[73.76403,15.51264],[73.76374,15.51264],[73.76374,15.51403],[73.76347,15.51403],[73.76347,15.51514],[73.76319,15.51514],[73.76319,15.51653],[73.76292,15.51653],[73.76292,15.51736],[73.76264,15.51736],[73.76264,15.51764],[73.76236,15.51764],[73.76236,15.51792],[73.76208,15.51792],[73.76208,15.51847],[73.7618,15.51847],[73.7618,15.51875],[73.76208,15.51875],[73.76208,15.51987],[73.7618,15.51987],[73.7618,15.52042],[73.76153,15.52042],[73.76153,15.52153],[73.76125,15.52153],[73.76125,15.52208],[73.76097,15.52208],[73.76097,15.52319],[73.7607,15.52319],[73.7607,15.52458],[73.76041,15.52458],[73.76041,15.52486],[73.76014,15.52486],[73.76014,15.52569],[73.76041,15.52568],[73.76041,15.52625],[73.76014,15.52625],[73.76014,15.52653],[73.75986,15.52653],[73.75986,15.52681],[73.75958,15.52681],[73.75958,15.52875],[73.75931,15.52875],[73.75931,15.52958],[73.75903,15.52958],[73.75903,15.52986],[73.75875,15.52986],[73.75875,15.53069],[73.75847,15.53069],[73.75847,15.53125],[73.75819,15.53125],[73.75819,15.53292],[73.75793,15.53292],[73.75793,15.53375],[73.75764,15.53375],[73.75764,15.53542],[73.75736,15.53542],[73.75736,15.53625],[73.75708,15.53625],[73.75708,15.53653],[73.75681,15.53653],[73.75681,15.53708],[73.75653,15.53708],[73.75653,15.53847],[73.75681,15.53847],[73.75681,15.53931],[73.75625,15.5393],[73.75625,15.53958],[73.75597,15.53958],[73.75597,15.54042],[73.75569,15.54042],[73.75569,15.54181],[73.75542,15.54181],[73.75542,15.54292],[73.75514,15.54292],[73.75514,15.54375],[73.75486,15.54375],[73.75486,15.54569],[73.75459,15.54569],[73.75459,15.54625],[73.75403,15.54625],[73.75403,15.54764],[73.75375,15.54764],[73.75375,15.54875],[73.75347,15.54875],[73.75347,15.54903],[73.7532,15.54903],[73.7532,15.55014],[73.75291,15.55014],[73.75291,15.55125],[73.75264,15.55125],[73.75264,15.55208],[73.75236,15.55208],[73.75236,15.55264],[73.75208,15.55264],[73.75208,15.55375],[73.7518,15.55375],[73.7518,15.55431],[73.75153,15.55431],[73.75153,15.55486],[73.75125,15.55486],[73.75125,15.55708],[73.75097,15.55708],[73.75097,15.55764],[73.75069,15.55764],[73.75069,15.55847],[73.75042,15.55847],[73.75042,15.55904],[73.75014,15.55904],[73.75014,15.55931],[73.74986,15.55931],[73.74986,15.55986],[73.74958,15.55986],[73.74958,15.56042],[73.74931,15.56042],[73.74931,15.56069],[73.74874,15.56069],[73.74874,15.56125],[73.74847,15.56125],[73.74847,15.56153],[73.74792,15.56153],[73.74792,15.56181],[73.74736,15.56181],[73.74736,15.56153],[73.74653,15.56153],[73.74653,15.56125],[73.74625,15.56125],[73.74625,15.56097],[73.74514,15.56097],[73.74514,15.56069],[73.74486,15.56069],[73.74486,15.56097],[73.74458,15.56097],[73.74458,15.56125],[73.74431,15.56125],[73.74431,15.56153],[73.74403,15.56153],[73.74403,15.56181],[73.74375,15.5618],[73.74375,15.56208],[73.74347,15.56208],[73.74347,15.56236],[73.74319,15.56236],[73.74319,15.56264],[73.74292,15.56264],[73.74292,15.56292],[73.74264,15.56292],[73.74264,15.5632],[73.74125,15.56319],[73.74125,15.56347],[73.74097,15.56347],[73.74097,15.56431],[73.74069,15.56431],[73.74069,15.56514],[73.74042,15.56514],[73.74042,15.56542],[73.74069,15.56542],[73.74069,15.5657],[73.74097,15.5657],[73.74097,15.56597],[73.74125,15.56597],[73.74125,15.56625],[73.74153,15.56625],[73.74153,15.56653],[73.74125,15.56653],[73.74125,15.56708],[73.74097,15.56708],[73.74097,15.56764],[73.74069,15.56764],[73.74069,15.56819],[73.74097,15.56819],[73.74097,15.56931],[73.74125,15.56931],[73.74125,15.56986],[73.74153,15.56986],[73.74153,15.57014],[73.74181,15.57014],[73.74181,15.57069],[73.74153,15.5707],[73.74153,15.57125],[73.74125,15.57125],[73.74125,15.57153],[73.74097,15.57153],[73.74097,15.57208],[73.74069,15.57208],[73.74069,15.57292],[73.74042,15.57292],[73.74042,15.57319],[73.74014,15.57319],[73.74014,15.57375],[73.74042,15.57375],[73.74042,15.57403],[73.74014,15.57402],[73.74014,15.57514],[73.73986,15.57514],[73.73986,15.57569],[73.73959,15.57569],[73.73959,15.57681],[73.7393,15.5768],[73.7393,15.57736],[73.73903,15.57736],[73.73903,15.57792],[73.73875,15.57792],[73.73875,15.57819],[73.73847,15.57819],[73.73847,15.57847],[73.7382,15.57847],[73.7382,15.57903],[73.73792,15.57903],[73.73792,15.57931],[73.73764,15.57931],[73.73764,15.57958],[73.73792,15.57958],[73.73792,15.58015],[73.73764,15.58014],[73.73764,15.5807],[73.73708,15.5807],[73.73708,15.58097],[73.73681,15.58097],[73.73681,15.58347],[73.73653,15.58347],[73.73653,15.58431],[73.73625,15.5843],[73.73625,15.58486],[73.73653,15.58486],[73.73653,15.58542],[73.73625,15.58542],[73.73625,15.58597],[73.73597,15.58596],[73.73597,15.58625],[73.73569,15.58625],[73.73569,15.58653],[73.73542,15.58653],[73.73542,15.58708],[73.73514,15.58708],[73.73514,15.58736],[73.73458,15.58736],[73.73458,15.58764],[73.73431,15.58764],[73.73431,15.58792],[73.73375,15.58792],[73.73375,15.58819],[73.73347,15.58819],[73.73347,15.58847],[73.73292,15.58847],[73.73292,15.58875],[73.73236,15.58875],[73.73236,15.58903],[73.73209,15.58902],[73.73209,15.58931],[73.7318,15.58931],[73.7318,15.58986],[73.73153,15.58986],[73.73153,15.59042],[73.73125,15.59042],[73.73125,15.59097],[73.73153,15.59097],[73.73153,15.59125],[73.73209,15.59125],[73.73209,15.59209],[73.73264,15.59208],[73.73264,15.59236],[73.73292,15.59236],[73.73292,15.59264],[73.73319,15.59264],[73.73319,15.59292],[73.73402,15.59292],[73.73402,15.59319],[73.73431,15.59319],[73.73431,15.59347],[73.73402,15.59347],[73.73402,15.59431],[73.73376,15.59431],[73.73376,15.59515],[73.73347,15.59515],[73.73347,15.59625],[73.73319,15.59625],[73.73319,15.59708],[73.73292,15.59708],[73.73292,15.59819],[73.73264,15.59819],[73.73264,15.59875],[73.73236,15.59875],[73.73236,15.59903],[73.73209,15.59903],[73.73209,15.60042],[73.73264,15.60042],[73.73264,15.60069],[73.73292,15.60069],[73.73292,15.60097],[73.73319,15.60096],[73.73319,15.60125],[73.73347,15.60125],[73.73347,15.60347],[73.73319,15.60347],[73.73319,15.60403],[73.73292,15.60403],[73.73292,15.60458],[73.73264,15.60458],[73.73264,15.60514],[73.73236,15.60514],[73.73236,15.60542],[73.73209,15.60542],[73.73209,15.60569],[73.73236,15.60569],[73.73236,15.60625],[73.73209,15.60625],[73.73209,15.60653],[73.7318,15.60653],[73.7318,15.60681],[73.73153,15.60681],[73.73153,15.60709],[73.73125,15.60709],[73.73125,15.60764],[73.73097,15.60764],[73.73097,15.6082],[73.73125,15.6082],[73.73125,15.60847],[73.73319,15.60847],[73.73319,15.6082],[73.73402,15.6082],[73.73402,15.60847],[73.73458,15.60847],[73.73458,15.60875],[73.73514,15.60875],[73.73514,15.60847],[73.73542,15.60847],[73.73542,15.60875],[73.73764,15.60875],[73.73764,15.60903],[73.73903,15.60903],[73.73903,15.60847],[73.7393,15.60847],[73.7393,15.6082],[73.73903,15.6082],[73.73903,15.60736],[73.7393,15.60736],[73.7393,15.60709],[73.74014,15.60709],[73.74014,15.60681],[73.74042,15.60681],[73.74042,15.60653],[73.74097,15.60653],[73.74097,15.60625],[73.74125,15.60625],[73.74125,15.60486],[73.74153,15.60486],[73.74153,15.60458],[73.74264,15.60458],[73.74264,15.60486],[73.74347,15.60486],[73.74347,15.60514],[73.74431,15.60514],[73.74431,15.60542],[73.74514,15.60542],[73.74514,15.60569],[73.74541,15.60569],[73.74541,15.60597],[73.74597,15.60597],[73.74597,15.60625],[73.74625,15.60625],[73.74625,15.60653],[73.74653,15.60653],[73.74653,15.60681],[73.7468,15.60681],[73.7468,15.60709],[73.74709,15.60709],[73.74709,15.60764],[73.74736,15.60764],[73.74736,15.60792],[73.74764,15.60792],[73.74764,15.6082],[73.74847,15.6082],[73.74847,15.60847],[73.74958,15.60847],[73.74958,15.60875],[73.75042,15.60875],[73.75042,15.60903],[73.75097,15.60903],[73.75097,15.60931],[73.75125,15.60931],[73.75125,15.60958],[73.75181,15.60958],[73.75181,15.60986],[73.75208,15.60986],[73.75208,15.61042],[73.75236,15.61042],[73.75236,15.61153],[73.75264,15.61153],[73.75264,15.61236],[73.75291,15.61236],[73.75291,15.61347],[73.7532,15.61347],[73.7532,15.61403],[73.75375,15.61403],[73.75375,15.61431],[73.75403,15.6143],[73.75403,15.61486],[73.7543,15.61486],[73.7543,15.61542],[73.75459,15.61542],[73.75459,15.61569],[73.75486,15.61569],[73.75486,15.61736],[73.7543,15.61736],[73.7543,15.61764],[73.75375,15.61764],[73.75375,15.61792],[73.7532,15.61792],[73.7532,15.61819],[73.75264,15.61819],[73.75264,15.61847],[73.75208,15.61847],[73.75208,15.61875],[73.75153,15.61875],[73.75153,15.61903],[73.75097,15.61903],[73.75097,15.61932],[73.75069,15.61932],[73.75069,15.61986],[73.75042,15.61986],[73.75042,15.62014],[73.74986,15.62014],[73.74986,15.62042],[73.74931,15.62042],[73.74931,15.62066],[73.74903,15.62069],[73.74903,15.62097],[73.74847,15.62097],[73.74847,15.62125],[73.74819,15.62125],[73.74819,15.62181],[73.74792,15.62181],[73.74792,15.62264],[73.74819,15.62264],[73.74819,15.62431],[73.74847,15.62431],[73.74847,15.62458],[73.74819,15.62458],[73.74819,15.62486],[73.74792,15.62486],[73.74792,15.62514],[73.74764,15.62513],[73.74764,15.62542],[73.74736,15.62542],[73.74736,15.62569],[73.74709,15.62569],[73.74709,15.62597],[73.7468,15.62597],[73.7468,15.62625],[73.74653,15.62625],[73.74653,15.62653],[73.74625,15.62653],[73.74625,15.62681],[73.74597,15.62681],[73.74597,15.62653],[73.74541,15.62653],[73.74541,15.62625],[73.74486,15.62625],[73.74486,15.62597],[73.74403,15.62597],[73.74403,15.62569],[73.74375,15.62569],[73.74375,15.62542],[73.74319,15.62542],[73.74319,15.62513],[73.74264,15.62514],[73.74264,15.62486],[73.74236,15.62486],[73.74236,15.62458],[73.74181,15.62458],[73.74181,15.62431],[73.74125,15.62431],[73.74125,15.62403],[73.74069,15.62403],[73.74069,15.62375],[73.74042,15.62375],[73.74042,15.62347],[73.74014,15.62347],[73.74014,15.62319],[73.73986,15.62319],[73.73986,15.62292],[73.73959,15.62292],[73.73959,15.62264],[73.7393,15.62264],[73.7393,15.62207],[73.73903,15.62208],[73.73903,15.62125],[73.73875,15.62125],[73.73875,15.61986],[73.73847,15.61986],[73.73847,15.61958],[73.73875,15.61958],[73.73875,15.6193],[73.73847,15.6193],[73.73847,15.61708],[73.73792,15.61708],[73.73792,15.61625],[73.73736,15.61626],[73.73736,15.61542],[73.73708,15.61542],[73.73708,15.61514],[73.7368,15.61514],[73.7368,15.61486],[73.73653,15.61486],[73.73653,15.61458],[73.73625,15.61458],[73.73625,15.6143],[73.73597,15.6143],[73.73597,15.61458],[73.73569,15.61458],[73.73569,15.61486],[73.73542,15.61486],[73.73542,15.61597],[73.73486,15.61597],[73.73486,15.61626],[73.73431,15.61626],[73.73431,15.61653],[73.73376,15.61653],[73.73376,15.61681],[73.73347,15.61681],[73.73347,15.61708],[73.73319,15.61708],[73.73319,15.61681],[73.73292,15.61681],[73.73292,15.61764],[73.73264,15.61764],[73.73264,15.61903],[73.73236,15.61903],[73.73236,15.61958],[73.73209,15.61958],[73.73209,15.62014],[73.73125,15.62014],[73.73125,15.62069],[73.73097,15.62069],[73.73097,15.62097],[73.7307,15.62097],[73.7307,15.62125],[73.73042,15.62125],[73.73042,15.62264],[73.73014,15.62264],[73.73014,15.62292],[73.72986,15.62292],[73.72986,15.62319],[73.72958,15.62319],[73.72958,15.62375],[73.72931,15.62375],[73.72931,15.62403],[73.72958,15.62403],[73.72958,15.62458],[73.72931,15.62458],[73.72931,15.62542],[73.72903,15.62542],[73.72903,15.62569],[73.72875,15.62569],[73.72875,15.62597],[73.72847,15.62597],[73.72847,15.62625],[73.7282,15.62625],[73.7282,15.62708],[73.72791,15.62708],[73.72791,15.62764],[73.72763,15.62764],[73.72763,15.62792],[73.72736,15.62792],[73.72736,15.6282],[73.72681,15.62819],[73.72681,15.62847],[73.72625,15.62847],[73.72625,15.62875],[73.72569,15.62875],[73.72569,15.62903],[73.72514,15.62903],[73.72514,15.62931],[73.72486,15.62931],[73.72486,15.62958],[73.7232,15.62958],[73.7232,15.62986],[73.72292,15.62986],[73.72292,15.63014],[73.72264,15.63014],[73.72264,15.63126],[73.72292,15.63126],[73.72292,15.63153],[73.72264,15.63153],[73.72264,15.63236],[73.72236,15.63236],[73.72236,15.63292],[73.72208,15.63292],[73.72208,15.63347],[73.72182,15.63347],[73.7218,15.63432],[73.72153,15.63432],[73.72153,15.63514],[73.72125,15.63514],[73.72125,15.6357],[73.72097,15.63569],[73.72097,15.63653],[73.7207,15.63653],[73.7207,15.63708],[73.72041,15.63708],[73.72041,15.63736],[73.72014,15.63736],[73.72014,15.6382],[73.71986,15.63819],[73.71986,15.63875],[73.71958,15.63875],[73.71958,15.63903],[73.71931,15.63903],[73.71931,15.63931],[73.71902,15.63931],[73.71902,15.63958],[73.71876,15.63958],[73.71876,15.64014],[73.71848,15.64014],[73.71848,15.64042],[73.71819,15.64042],[73.71819,15.64069],[73.71792,15.64069],[73.71792,15.64181],[73.71764,15.64181],[73.71764,15.64264],[73.71736,15.64264],[73.71736,15.64403],[73.71709,15.64403],[73.71709,15.64514],[73.7168,15.64514],[73.7168,15.64542],[73.71653,15.64542],[73.71653,15.64626],[73.71625,15.64626],[73.71625,15.64681],[73.71653,15.6468],[73.71653,15.64708],[73.71625,15.64708],[73.71625,15.64764],[73.71597,15.64764],[73.71597,15.64819],[73.7157,15.64819],[73.7157,15.64847],[73.71542,15.64847],[73.71542,15.64931],[73.71514,15.64931],[73.71514,15.64958],[73.71486,15.64958],[73.71486,15.65014],[73.71514,15.65014],[73.71514,15.6507],[73.71542,15.65069],[73.71542,15.65264],[73.71569,15.65264],[73.71569,15.65375],[73.71542,15.65375],[73.71542,15.65431],[73.71514,15.65431],[73.71514,15.65486],[73.7143,15.65486],[73.7143,15.65543],[73.71375,15.65542],[73.71375,15.65597],[73.71347,15.65597],[73.71347,15.65625],[73.7132,15.65625],[73.7132,15.65681],[73.71291,15.65681],[73.71291,15.65847],[73.71264,15.65847],[73.71264,15.66125],[73.71236,15.66124],[73.71236,15.66181],[73.71208,15.66181],[73.71208,15.66264],[73.71181,15.66264],[73.71181,15.66375],[73.71152,15.66375],[73.71152,15.66403],[73.71181,15.66403],[73.71181,15.66458],[73.71152,15.66458],[73.71152,15.66514],[73.71125,15.66514],[73.71125,15.6657],[73.71098,15.6657],[73.71098,15.66708],[73.71125,15.66708],[73.71125,15.66847],[73.71098,15.66847],[73.71098,15.66875],[73.71069,15.66875],[73.71069,15.66903],[73.71042,15.66903],[73.71042,15.66931],[73.71014,15.66931],[73.71014,15.66986],[73.70986,15.66986],[73.70986,15.67043],[73.70959,15.67042],[73.70959,15.6707],[73.7093,15.6707],[73.7093,15.67097],[73.70903,15.67097],[73.70903,15.67125],[73.70847,15.67125],[73.70847,15.67153],[73.70792,15.67153],[73.70792,15.67181],[73.70764,15.67181],[73.70764,15.67208],[73.70736,15.67208],[73.70736,15.67236],[73.70708,15.67236],[73.70708,15.67292],[73.7068,15.67292],[73.7068,15.67347],[73.70653,15.67347],[73.70653,15.67431],[73.70625,15.67431],[73.70625,15.67486],[73.70597,15.67486],[73.70597,15.67514],[73.7057,15.67514],[73.7057,15.67569],[73.70541,15.67569],[73.70541,15.67625],[73.70514,15.67624],[73.70514,15.67653],[73.70541,15.67653],[73.70541,15.67681],[73.70514,15.67681],[73.70514,15.67875],[73.70486,15.67875],[73.70486,15.67903],[73.70458,15.67903],[73.70458,15.67958],[73.70431,15.67958],[73.70431,15.68097],[73.70403,15.68097],[73.70403,15.68181],[73.70375,15.68181],[73.70375,15.68237],[73.70403,15.68237],[73.70403,15.68264],[73.70375,15.68264],[73.70375,15.68431],[73.70348,15.68431],[73.70348,15.68514],[73.70319,15.68514],[73.70319,15.68569],[73.70264,15.68569],[73.70264,15.68597],[73.70292,15.68597],[73.70292,15.68653],[73.70319,15.68653],[73.70319,15.68681],[73.70292,15.68681],[73.70292,15.68764],[73.70264,15.68764],[73.70264,15.68792],[73.70236,15.68792],[73.70236,15.68875],[73.70208,15.68875],[73.70208,15.68931],[73.70181,15.68931],[73.70181,15.68986],[73.70153,15.68986],[73.70153,15.69069],[73.70125,15.69069],[73.70125,15.69125],[73.70097,15.69125],[73.70097,15.69154],[73.70069,15.69154],[73.70069,15.69181],[73.70042,15.6918],[73.70042,15.69208],[73.69958,15.69208],[73.69958,15.69236],[73.6993,15.69236],[73.6993,15.69208],[73.69791,15.69208],[73.69791,15.69431],[73.69764,15.69431],[73.69764,15.69486],[73.69736,15.69486],[73.69736,15.69542],[73.69708,15.69542],[73.69708,15.69681],[73.69736,15.69681],[73.69736,15.6982],[73.69708,15.6982],[73.69708,15.69847],[73.69681,15.69847],[73.69681,15.69875],[73.69708,15.69875],[73.69708,15.69931],[73.69653,15.6993],[73.69653,15.69958],[73.69569,15.69958],[73.69569,15.6993],[73.69542,15.6993],[73.69542,15.69958],[73.69514,15.69958],[73.69514,15.69986],[73.69486,15.69986],[73.69486,15.70014],[73.69431,15.70014],[73.69431,15.70042],[73.69403,15.70042],[73.69403,15.70208],[73.69375,15.70208],[73.69375,15.70264],[73.69319,15.70264],[73.69319,15.70514],[73.69347,15.70514],[73.69347,15.70708],[73.69292,15.70708],[73.69292,15.70792],[73.69264,15.70792],[73.69264,15.70903],[73.69236,15.70903],[73.69236,15.70931],[73.69264,15.70931],[73.69264,15.71014],[73.69209,15.71014],[73.69209,15.71042],[73.6918,15.71042],[73.6918,15.71069],[73.69152,15.71069],[73.69152,15.71153],[73.69125,15.71153],[73.69125,15.71181],[73.69097,15.71181],[73.69097,15.71208],[73.69125,15.71208],[73.69125,15.71236],[73.69097,15.71235],[73.69097,15.71264],[73.69125,15.71264],[73.69125,15.71375],[73.69097,15.71375],[73.69097,15.71403],[73.6907,15.71403],[73.6907,15.71514],[73.69041,15.71514],[73.69041,15.7157],[73.69014,15.71569],[73.69014,15.71625],[73.68986,15.71625],[73.68986,15.71653],[73.68958,15.71653],[73.68958,15.71708],[73.68986,15.71708],[73.68986,15.71792],[73.69014,15.71792],[73.69014,15.71848],[73.68986,15.71848],[73.68986,15.71875],[73.68931,15.71875],[73.68931,15.71903],[73.68903,15.71903],[73.68903,15.71931],[73.68847,15.71931],[73.68847,15.71958],[73.68792,15.71958],[73.68792,15.71986],[73.68764,15.71986],[73.68764,15.72014],[73.68708,15.72014],[73.68708,15.72042],[73.68681,15.72042],[73.68681,15.72069],[73.68653,15.72069],[73.68653,15.72042],[73.68625,15.72042],[73.68625,15.72014],[73.6832,15.72014],[73.6832,15.72042],[73.68291,15.72042],[73.68291,15.72181],[73.68125,15.72181],[73.68125,15.72152],[73.68097,15.72153],[73.68097,15.72097],[73.68069,15.72097],[73.68069,15.72069],[73.67986,15.72069],[73.67986,15.72097],[73.67958,15.72097],[73.67958,15.72153],[73.67931,15.72152],[73.67931,15.72236],[73.67958,15.72236],[73.67958,15.72292],[73.67986,15.72292],[73.67986,15.72347],[73.68014,15.72347],[73.68014,15.72437],[73.68246,15.72525],[73.6853,15.72587],[73.69186,15.72691],[73.69734,15.72623],[73.70266,15.72491],[73.70659,15.72173],[73.71098,15.72023],[73.71857,15.72162],[73.72256,15.72289],[73.72765,15.72248],[73.73226,15.72058],[73.73704,15.71725],[73.74102,15.71872],[73.74406,15.72564],[73.74871,15.73057],[73.75825,15.73275],[73.77579,15.73053],[73.78649,15.72325],[73.79321,15.72366],[73.79757,15.72509],[73.80284,15.7322],[73.81262,15.73352],[73.81603,15.73527],[73.8204,15.73991],[73.83304,15.73775],[73.83846,15.74883],[73.8403,15.7562],[73.83878,15.76089],[73.84512,15.76336],[73.84717,15.76613],[73.84963,15.77603],[73.85191,15.77841],[73.85699,15.77823],[73.8558,15.78326],[73.86008,15.78779],[73.86159,15.79388],[73.86549,15.79753],[73.8735,15.79532],[73.87593,15.79323],[73.87484,15.78634],[73.8751,15.7829],[73.87987,15.77921]]]}},{"type":"Feature","properties":{"ID_0":105,"ISO":"IND","NAME_0":"India","ID_1":11,"NAME_1":"Goa","ID_2":123,"NAME_2":"South Goa","NL_NAME_2":null,"VARNAME_2":null,"TYPE_2":"District","ENGTYPE_2":"District","STATE":"Goa","DISTRICT":"South Goa"},"geometry":{"type":"MultiPolygon","coordinates":[[[[73.78181,15.35569],[73.78181,15.35542],[73.78236,15.35542],[73.78236,15.35514],[73.78291,15.35514],[73.78291,15.35486],[73.7832,15.35486],[73.7832,15.35458],[73.78347,15.35458],[73.78347,15.35431],[73.78375,15.35431],[73.78375,15.35403],[73.78403,15.35403],[73.78403,15.35375],[73.7843,15.35375],[73.78431,15.35347],[73.78458,15.35347],[73.78458,15.35236],[73.78487,15.35236],[73.78486,15.35153],[73.78458,15.35153],[73.78458,15.35124],[73.78431,15.35125],[73.7843,15.35097],[73.78375,15.35097],[73.78375,15.3507],[73.78347,15.3507],[73.78347,15.35042],[73.7832,15.35042],[73.7832,15.34958],[73.78291,15.34958],[73.78291,15.34931],[73.7832,15.34931],[73.7832,15.34903],[73.78291,15.34903],[73.78291,15.34875],[73.78208,15.34875],[73.78208,15.34847],[73.78125,15.34847],[73.78125,15.34875],[73.78014,15.34875],[73.78014,15.34903],[73.77986,15.34903],[73.77986,15.34986],[73.78014,15.34986],[73.78014,15.35042],[73.77986,15.35042],[73.77986,15.3507],[73.77959,15.3507],[73.77959,15.35097],[73.77847,15.35097],[73.77847,15.3507],[73.77764,15.3507],[73.77764,15.35042],[73.77708,15.35042],[73.77708,15.35014],[73.77625,15.35014],[73.77625,15.34986],[73.77597,15.34986],[73.77597,15.35014],[73.77375,15.35014],[73.77375,15.35042],[73.77319,15.35042],[73.77319,15.35014],[73.77236,15.35014],[73.77236,15.34986],[73.77153,15.34986],[73.77153,15.35014],[73.77097,15.35014],[73.77097,15.35042],[73.77014,15.35042],[73.77014,15.3507],[73.76958,15.3507],[73.76958,15.35097],[73.76875,15.35097],[73.76875,15.35125],[73.76764,15.35125],[73.76764,15.35097],[73.76736,15.35097],[73.76736,15.3507],[73.76708,15.3507],[73.76708,15.35042],[73.76653,15.35042],[73.76653,15.35014],[73.76598,15.35014],[73.76598,15.34986],[73.76486,15.34986],[73.76486,15.35014],[73.76431,15.35014],[73.76431,15.35042],[73.76319,15.35042],[73.76319,15.3507],[73.76264,15.3507],[73.76264,15.35097],[73.76236,15.35097],[73.76236,15.35125],[73.7618,15.35124],[73.7618,15.35153],[73.76125,15.35153],[73.76125,15.35181],[73.76097,15.35181],[73.76097,15.35208],[73.7607,15.35208],[73.7607,15.35403],[73.76097,15.35403],[73.76097,15.35431],[73.76125,15.35431],[73.76125,15.35458],[73.7618,15.35458],[73.7618,15.35486],[73.76208,15.35486],[73.76208,15.35514],[73.76292,15.35514],[73.76292,15.35486],[73.76347,15.35486],[73.76347,15.35458],[73.76403,15.35458],[73.76403,15.35431],[73.76431,15.35431],[73.76431,15.35403],[73.76458,15.35403],[73.76458,15.35375],[73.76486,15.35375],[73.76486,15.35347],[73.76514,15.35347],[73.76514,15.35319],[73.76542,15.35319],[73.76542,15.35264],[73.76569,15.35264],[73.76569,15.35236],[73.7668,15.35236],[73.7668,15.35264],[73.76791,15.35264],[73.76791,15.35292],[73.76958,15.35292],[73.76958,15.35264],[73.76987,15.35264],[73.76987,15.35292],[73.77125,15.35292],[73.77125,15.35319],[73.77209,15.35319],[73.77209,15.35347],[73.77292,15.35347],[73.77292,15.35375],[73.77402,15.35375],[73.77402,15.35403],[73.77458,15.35403],[73.77458,15.35431],[73.77736,15.35431],[73.77736,15.35458],[73.77792,15.35458],[73.77792,15.35486],[73.77874,15.35486],[73.77874,15.35514],[73.7793,15.35514],[73.7793,15.35542],[73.77986,15.35542],[73.77986,15.35569],[73.78181,15.35569]]],[[[73.79652,15.37903],[73.79652,15.37875],[73.79736,15.37875],[73.79736,15.37847],[73.79847,15.37847],[73.79847,15.3782],[73.79931,15.3782],[73.79931,15.37764],[73.79903,15.37764],[73.79903,15.37569],[73.79875,15.37569],[73.79875,15.3743],[73.79847,15.37431],[73.79847,15.37403],[73.79819,15.37403],[73.79819,15.37375],[73.79792,15.37375],[73.79792,15.37347],[73.79764,15.37347],[73.79764,15.37319],[73.79736,15.37319],[73.79736,15.37264],[73.79652,15.37264],[73.79652,15.37237],[73.79625,15.37237],[73.79625,15.37264],[73.79569,15.37264],[73.79569,15.37292],[73.79514,15.37292],[73.79514,15.37319],[73.79486,15.37319],[73.79486,15.37347],[73.79459,15.37347],[73.79459,15.37375],[73.7943,15.37375],[73.7943,15.37403],[73.79404,15.37403],[73.79404,15.37431],[73.79375,15.3743],[73.79375,15.37458],[73.79292,15.37458],[73.79292,15.37514],[73.79264,15.37514],[73.79264,15.37681],[73.79292,15.37681],[73.79292,15.37764],[73.7932,15.37764],[73.7932,15.3782],[73.79347,15.3782],[73.79347,15.37847],[73.79404,15.37847],[73.79404,15.37875],[73.79459,15.37875],[73.79459,15.37903],[73.79652,15.37903]]],[[[73.8643,15.40848],[73.8643,15.40819],[73.86542,15.40819],[73.86542,15.40736],[73.86569,15.40736],[73.86569,15.40653],[73.86542,15.40653],[73.86542,15.40431],[73.86514,15.40431],[73.86514,15.40403],[73.86542,15.40403],[73.86542,15.40375],[73.86514,15.40375],[73.86514,15.40347],[73.8632,15.40347],[73.8632,15.4032],[73.86264,15.4032],[73.86264,15.40347],[73.86236,15.40347],[73.86236,15.40375],[73.86208,15.40375],[73.86208,15.40431],[73.86181,15.40431],[73.86181,15.40458],[73.86153,15.40458],[73.86153,15.40514],[73.86125,15.40514],[73.86125,15.40597],[73.86153,15.40597],[73.86153,15.40708],[73.86181,15.40708],[73.86181,15.40792],[73.86236,15.40792],[73.86236,15.40848],[73.8643,15.40848]]],[[[73.89013,15.4257],[73.88958,15.4257],[73.88958,15.42608],[73.89013,15.4257]]],[[[73.89013,15.4257],[73.90395,15.41616],[73.90414,15.41603],[73.90449,15.41579],[73.90611,15.41531],[73.91312,15.41429],[73.91606,15.41434],[73.91652,15.41457],[73.91837,15.41638],[73.91876,15.42065],[73.91946,15.42179],[73.92721,15.42265],[73.9295,15.42379],[73.93023,15.42446],[73.93082,15.42809],[73.93631,15.43236],[73.94165,15.43403],[73.9421,15.43412],[73.94415,15.43388],[73.94524,15.4315],[73.9454,15.43115],[73.94482,15.42844],[73.94016,15.42304],[73.93596,15.42067],[73.93596,15.42021],[73.93587,15.42011],[73.93491,15.41932],[73.93489,15.4192],[73.93439,15.41333],[73.93452,15.41287],[73.93613,15.41174],[73.93612,15.41127],[73.93821,15.41013],[73.94646,15.40778],[73.94698,15.40746],[73.94884,15.40689],[73.94859,15.40533],[73.93918,15.40322],[73.93493,15.40337],[73.9333,15.40314],[73.93165,15.40209],[73.95248,15.39953],[73.95776,15.39745],[73.96069,15.39431],[73.96324,15.38677],[73.96539,15.37879],[73.96592,15.3727],[73.96752,15.36882],[73.97045,15.36623],[73.97453,15.36496],[73.98433,15.36483],[73.99717,15.35577],[74.00239,15.35249],[74.00781,15.35048],[74.013,15.34497],[74.01375,15.33077],[74.01881,15.30607],[74.02201,15.30165],[74.02614,15.30028],[74.03513,15.2999],[74.04414,15.30435],[74.04855,15.30344],[74.05127,15.2985],[74.06873,15.29497],[74.07804,15.29022],[74.07849,15.28109],[74.08017,15.2758],[74.0834,15.27327],[74.08699,15.27472],[74.09016,15.27714],[74.09293,15.27663],[74.09671,15.27319],[74.09985,15.26895],[74.10275,15.26785],[74.10604,15.26873],[74.11004,15.26874],[74.11464,15.28341],[74.10873,15.29064],[74.10088,15.29579],[74.0955,15.31429],[74.09199,15.32366],[74.09374,15.32763],[74.0996,15.33339],[74.10271,15.33788],[74.10635,15.34554],[74.11171,15.34526],[74.10876,15.34894],[74.10808,15.35318],[74.11113,15.35475],[74.11042,15.35836],[74.11074,15.36578],[74.10785,15.37014],[74.1029,15.37392],[74.10265,15.37656],[74.10542,15.37755],[74.09833,15.38196],[74.09679,15.38639],[74.09364,15.38844],[74.08863,15.38832],[74.08446,15.38946],[74.08466,15.39578],[74.08118,15.40095],[74.08002,15.40906],[74.08371,15.41354],[74.08728,15.41453],[74.09177,15.41689],[74.09594,15.42024],[74.10523,15.4229],[74.11384,15.42441],[74.11692,15.41683],[74.11949,15.42156],[74.12019,15.42518],[74.12511,15.43094],[74.13377,15.43532],[74.14172,15.4324],[74.14455,15.43655],[74.1479,15.43816],[74.15161,15.43755],[74.17429,15.44081],[74.18362,15.43622],[74.19296,15.44268],[74.19564,15.45113],[74.20097,15.46068],[74.20532,15.46501],[74.21109,15.46812],[74.22831,15.47447],[74.23731,15.48316],[74.25633,15.48952],[74.27255,15.46524],[74.2799,15.45076],[74.28252,15.44312],[74.28296,15.43748],[74.28,15.43593],[74.28268,15.43329],[74.27562,15.4239],[74.27736,15.41487],[74.28145,15.40904],[74.28455,15.40151],[74.28264,15.38862],[74.28625,15.3826],[74.28996,15.38122],[74.30569,15.3805],[74.31283,15.37488],[74.32837,15.36725],[74.3286,15.36547],[74.32365,15.36203],[74.32262,15.35725],[74.32595,15.34724],[74.32841,15.3434],[74.32334,15.32959],[74.32797,15.31327],[74.34045,15.2968],[74.34165,15.29293],[74.33413,15.28286],[74.31841,15.28192],[74.30981,15.28323],[74.30231,15.28586],[74.30003,15.2823],[74.29555,15.28311],[74.28915,15.27907],[74.28296,15.2813],[74.27662,15.27445],[74.27275,15.26777],[74.27024,15.26093],[74.26794,15.25839],[74.25752,15.25763],[74.25926,15.24999],[74.26175,15.24372],[74.26352,15.24188],[74.27075,15.2385],[74.27867,15.23719],[74.29427,15.23198],[74.30213,15.22814],[74.30669,15.2232],[74.30671,15.219],[74.31006,15.21343],[74.31066,15.20895],[74.31163,15.20705],[74.31445,15.20561],[74.31556,15.20321],[74.31577,15.19631],[74.31697,15.19107],[74.32191,15.18407],[74.31813,15.17533],[74.31087,15.16203],[74.30143,15.14988],[74.29783,15.14631],[74.29259,15.14768],[74.28957,15.14313],[74.29123,15.13538],[74.28971,15.12997],[74.29144,15.1233],[74.29309,15.11996],[74.29062,15.11663],[74.28825,15.10558],[74.28573,15.10373],[74.28107,15.10183],[74.27834,15.0959],[74.28379,15.09401],[74.28722,15.06936],[74.28901,15.06585],[74.29526,15.06269],[74.29499,15.05429],[74.3012,15.04407],[74.30234,15.03986],[74.29311,15.03375],[74.28906,15.03012],[74.28937,15.02656],[74.28979,15.02161],[74.28186,15.01557],[74.27641,15.00964],[74.27184,15.00249],[74.27291,15.00146],[74.27103,14.99881],[74.27126,14.99774],[74.27159,14.99774],[74.27065,14.99489],[74.26644,14.99295],[74.26171,14.99076],[74.27096,14.98043],[74.27391,14.97522],[74.27095,14.97153],[74.27012,14.96664],[74.26659,14.96682],[74.26434,14.96325],[74.26207,14.95755],[74.2566,14.95842],[74.25101,14.96082],[74.2464,14.95866],[74.24387,14.95749],[74.24168,14.94645],[74.22472,14.94134],[74.21927,14.93138],[74.21184,14.92142],[74.20309,14.92742],[74.20406,14.9321],[74.20416,14.93785],[74.19742,14.94327],[74.19248,14.94501],[74.19028,14.95172],[74.18656,14.95338],[74.18037,14.95305],[74.17216,14.95101],[74.1699,14.9473],[74.16966,14.94218],[74.1661,14.93944],[74.16596,14.93676],[74.17384,14.91794],[74.17516,14.91615],[74.17735,14.9132],[74.17539,14.90892],[74.16982,14.90927],[74.16339,14.91325],[74.15389,14.91727],[74.14922,14.91852],[74.14571,14.91743],[74.1394,14.92046],[74.13622,14.91966],[74.13342,14.91595],[74.13204,14.91265],[74.12653,14.91321],[74.12274,14.91264],[74.11733,14.90961],[74.11308,14.91116],[74.10417,14.90375],[74.10332,14.90148],[74.09736,14.89566],[74.09708,14.8957],[74.09708,14.89597],[74.09681,14.89597],[74.0968,14.89625],[74.09653,14.89625],[74.09653,14.89653],[74.09625,14.89653],[74.09625,14.89708],[74.09597,14.89708],[74.09597,14.89764],[74.09541,14.89764],[74.09541,14.89792],[74.09458,14.89792],[74.09458,14.89819],[74.09402,14.89819],[74.09402,14.89847],[74.09375,14.89847],[74.09375,14.89875],[74.09264,14.89875],[74.09264,14.89903],[74.09181,14.89903],[74.09181,14.89931],[74.09042,14.89931],[74.09042,14.89903],[74.08981,14.89903],[74.08958,14.89903],[74.08958,14.89875],[74.08903,14.89875],[74.08903,14.89847],[74.08875,14.89847],[74.08875,14.89819],[74.0882,14.89819],[74.0882,14.89847],[74.08764,14.89847],[74.08764,14.89875],[74.08681,14.89875],[74.08681,14.89903],[74.08625,14.89903],[74.08625,14.89931],[74.08569,14.89931],[74.08569,14.89958],[74.08514,14.89958],[74.08514,14.89987],[74.08486,14.89987],[74.08486,14.90042],[74.08459,14.90042],[74.08459,14.90069],[74.0843,14.90069],[74.0843,14.90097],[74.08403,14.90097],[74.08403,14.90125],[74.08347,14.90125],[74.08347,14.90153],[74.08319,14.90153],[74.08319,14.90293],[74.08292,14.90292],[74.08292,14.90347],[74.08264,14.90347],[74.08264,14.90458],[74.08292,14.90458],[74.08292,14.90526],[74.08292,14.90569],[74.08319,14.90568],[74.08319,14.90653],[74.08292,14.90653],[74.08292,14.90708],[74.08264,14.90708],[74.08264,14.90764],[74.08236,14.90764],[74.08236,14.90819],[74.08208,14.90819],[74.08208,14.90875],[74.08153,14.90875],[74.08153,14.90903],[74.08125,14.90903],[74.08125,14.90931],[74.0807,14.9093],[74.0807,14.90958],[74.08041,14.90958],[74.08041,14.90986],[74.07875,14.90986],[74.07875,14.91014],[74.07708,14.91014],[74.07708,14.90986],[74.07625,14.90986],[74.07625,14.90958],[74.07542,14.90958],[74.07542,14.9093],[74.07459,14.90931],[74.07459,14.90903],[74.0743,14.90903],[74.0743,14.90931],[74.07403,14.90931],[74.07403,14.90903],[74.07374,14.90903],[74.07374,14.90875],[74.07291,14.90875],[74.07291,14.90847],[74.07236,14.90847],[74.07236,14.90819],[74.07153,14.90819],[74.07153,14.90792],[74.07125,14.90792],[74.07125,14.90764],[74.07097,14.90764],[74.07097,14.90736],[74.06986,14.90736],[74.06986,14.90792],[74.06958,14.90792],[74.06958,14.90847],[74.06903,14.90847],[74.06903,14.90875],[74.06793,14.90875],[74.06793,14.90819],[74.06736,14.90819],[74.06736,14.90792],[74.06709,14.90792],[74.06709,14.90736],[74.0668,14.90736],[74.0668,14.90708],[74.06653,14.90708],[74.06653,14.90736],[74.06597,14.90736],[74.06597,14.90764],[74.06514,14.90764],[74.06514,14.90819],[74.06486,14.90819],[74.06486,14.90847],[74.06458,14.90847],[74.06458,14.90903],[74.06431,14.90903],[74.06431,14.90958],[74.06375,14.90958],[74.06375,14.90986],[74.06347,14.90986],[74.06347,14.91042],[74.06292,14.91042],[74.06292,14.9107],[74.06236,14.9107],[74.06236,14.91042],[74.06153,14.91042],[74.06153,14.90986],[74.06125,14.90986],[74.06125,14.90958],[74.06104,14.90958],[74.06069,14.90958],[74.06069,14.90969],[74.06069,14.90986],[74.06014,14.90986],[74.06014,14.91014],[74.05959,14.91014],[74.05959,14.9107],[74.05986,14.9107],[74.05986,14.91097],[74.05959,14.91097],[74.05959,14.91264],[74.0593,14.91264],[74.0593,14.91292],[74.05903,14.91292],[74.05903,14.91347],[74.0582,14.91347],[74.0582,14.91375],[74.05736,14.91375],[74.05736,14.91403],[74.05708,14.91403],[74.05708,14.91431],[74.05681,14.9143],[74.05681,14.91458],[74.05653,14.91458],[74.05653,14.9143],[74.05625,14.9143],[74.05625,14.91458],[74.05486,14.91458],[74.05486,14.9143],[74.05264,14.91431],[74.05264,14.91403],[74.05236,14.91403],[74.05236,14.91431],[74.0518,14.9143],[74.0518,14.91458],[74.05042,14.91458],[74.05042,14.91486],[74.04957,14.91485],[74.04957,14.91514],[74.04915,14.91514],[74.04875,14.91514],[74.04875,14.91542],[74.04708,14.91542],[74.04708,14.9157],[74.04681,14.9157],[74.04681,14.91597],[74.04651,14.91597],[74.04651,14.91625],[74.04625,14.91625],[74.04625,14.91653],[74.04597,14.91653],[74.04597,14.91681],[74.04542,14.91681],[74.04542,14.91708],[74.04514,14.91708],[74.04514,14.91736],[74.04459,14.91736],[74.04459,14.91764],[74.04403,14.91764],[74.04403,14.91792],[74.04375,14.91792],[74.04375,14.91819],[74.0432,14.91819],[74.0432,14.91847],[74.04292,14.91847],[74.04292,14.91903],[74.0432,14.91903],[74.0432,14.91931],[74.04292,14.9193],[74.04292,14.91958],[74.04264,14.91958],[74.04264,14.92014],[74.04236,14.92014],[74.04236,14.92042],[74.04208,14.92042],[74.04208,14.92153],[74.04236,14.92153],[74.04236,14.92292],[74.04264,14.92292],[74.04264,14.92347],[74.04292,14.92347],[74.04292,14.92375],[74.0432,14.92375],[74.0432,14.92404],[74.04347,14.92404],[74.04347,14.92431],[74.04403,14.92431],[74.04403,14.92458],[74.0443,14.92458],[74.0443,14.92486],[74.04459,14.92486],[74.04459,14.92542],[74.04486,14.92542],[74.04486,14.92708],[74.04459,14.92708],[74.04459,14.92847],[74.0443,14.92847],[74.0443,14.92875],[74.04403,14.92875],[74.04403,14.92931],[74.04375,14.92931],[74.04375,14.92986],[74.04347,14.92986],[74.04347,14.93069],[74.04514,14.93069],[74.04514,14.93125],[74.04542,14.93125],[74.04542,14.93292],[74.04569,14.93292],[74.04569,14.93347],[74.04597,14.93347],[74.04597,14.93375],[74.04625,14.93375],[74.04625,14.93431],[74.04651,14.93431],[74.04651,14.93514],[74.04625,14.93514],[74.04625,14.93681],[74.04597,14.93681],[74.04597,14.9382],[74.04569,14.93819],[74.04569,14.93904],[74.04542,14.93903],[74.04542,14.93958],[74.04514,14.93958],[74.04514,14.93986],[74.04486,14.93986],[74.04486,14.94014],[74.04459,14.94014],[74.04459,14.94042],[74.0443,14.94042],[74.0443,14.94069],[74.04403,14.94069],[74.04403,14.94097],[74.04375,14.94097],[74.04376,14.94125],[74.04347,14.94125],[74.04347,14.94153],[74.0432,14.94153],[74.0432,14.94181],[74.04292,14.94181],[74.04292,14.94292],[74.0432,14.94292],[74.0432,14.94347],[74.04347,14.94347],[74.04347,14.94403],[74.04376,14.94403],[74.04376,14.94431],[74.0443,14.94431],[74.0443,14.94486],[74.04459,14.94485],[74.04459,14.94514],[74.04486,14.94514],[74.04486,14.94542],[74.04514,14.94542],[74.04514,14.94597],[74.04486,14.94597],[74.04486,14.94653],[74.04459,14.94653],[74.04459,14.94681],[74.0443,14.94681],[74.0443,14.94708],[74.0432,14.94708],[74.0432,14.94736],[74.04292,14.94736],[74.04292,14.94819],[74.0432,14.94819],[74.0432,14.94792],[74.04375,14.94792],[74.04375,14.94847],[74.04347,14.94847],[74.04347,14.94875],[74.0432,14.94875],[74.0432,14.94931],[74.04347,14.94931],[74.04347,14.94958],[74.04403,14.94958],[74.04403,14.94986],[74.04625,14.94986],[74.04625,14.95014],[74.04708,14.95014],[74.04708,14.95042],[74.04764,14.95042],[74.04764,14.95069],[74.04736,14.95069],[74.04736,14.95098],[74.0468,14.95098],[74.0468,14.95125],[74.04651,14.95125],[74.04651,14.95153],[74.04625,14.95153],[74.04625,14.95181],[74.04652,14.95181],[74.04652,14.95236],[74.0468,14.95236],[74.0468,14.95292],[74.04708,14.95292],[74.04708,14.95403],[74.04736,14.95403],[74.04736,14.95458],[74.04764,14.95458],[74.04764,14.95514],[74.04792,14.95514],[74.04792,14.95569],[74.04819,14.95569],[74.04819,14.95625],[74.04847,14.95625],[74.04847,14.95708],[74.04931,14.95708],[74.04931,14.95736],[74.05125,14.95736],[74.05125,14.95708],[74.0518,14.95708],[74.0518,14.95736],[74.05347,14.95736],[74.05347,14.95819],[74.05319,14.95819],[74.05319,14.95847],[74.05292,14.95847],[74.05292,14.95875],[74.05236,14.95875],[74.05236,14.95903],[74.0518,14.95903],[74.0518,14.95931],[74.0507,14.95931],[74.0507,14.95903],[74.05042,14.95903],[74.05042,14.95875],[74.04986,14.95875],[74.04986,14.95847],[74.04958,14.95847],[74.04958,14.95819],[74.04875,14.95819],[74.04875,14.95903],[74.04903,14.95903],[74.04903,14.96015],[74.04875,14.96014],[74.04875,14.96069],[74.04847,14.96069],[74.04847,14.96153],[74.04819,14.96153],[74.04819,14.96208],[74.04792,14.96208],[74.04792,14.96292],[74.04764,14.96292],[74.04764,14.96347],[74.04736,14.96347],[74.04736,14.96431],[74.04708,14.96431],[74.04708,14.96514],[74.04681,14.96514],[74.04681,14.9657],[74.04651,14.96569],[74.04651,14.96653],[74.04625,14.96653],[74.04625,14.96708],[74.04597,14.96708],[74.04597,14.96792],[74.04569,14.96792],[74.04569,14.96875],[74.04542,14.96875],[74.04542,14.96958],[74.04514,14.96958],[74.04514,14.97042],[74.04486,14.97042],[74.04486,14.97125],[74.04459,14.97125],[74.04459,14.97181],[74.0443,14.9718],[74.0443,14.97236],[74.04292,14.97236],[74.04292,14.97431],[74.0432,14.97431],[74.0432,14.97653],[74.04292,14.97653],[74.04292,14.97681],[74.04264,14.97681],[74.04264,14.97708],[74.04236,14.97708],[74.04236,14.97764],[74.04208,14.97764],[74.04208,14.97875],[74.04181,14.97875],[74.04181,14.97903],[74.04153,14.97903],[74.04153,14.97958],[74.04125,14.97958],[74.04125,14.97986],[74.04097,14.97986],[74.04097,14.98014],[74.0407,14.98014],[74.0407,14.98069],[74.04041,14.98069],[74.04041,14.98097],[74.04014,14.98096],[74.04014,14.98125],[74.03986,14.98125],[74.03986,14.98153],[74.03958,14.98153],[74.03958,14.98181],[74.03875,14.98181],[74.03875,14.98208],[74.03709,14.98208],[74.03709,14.98236],[74.03597,14.98236],[74.03597,14.98264],[74.03542,14.98264],[74.03542,14.98236],[74.03486,14.98236],[74.03486,14.98264],[74.03431,14.98264],[74.03431,14.98375],[74.03457,14.98375],[74.03457,14.98431],[74.03514,14.98431],[74.03514,14.98458],[74.03736,14.98458],[74.03736,14.98486],[74.03792,14.98486],[74.03792,14.98514],[74.03819,14.98514],[74.03819,14.98542],[74.03902,14.98542],[74.03902,14.98486],[74.03931,14.98486],[74.03931,14.98431],[74.03986,14.98431],[74.03986,14.98403],[74.04125,14.98403],[74.04125,14.98431],[74.04181,14.98431],[74.04181,14.98458],[74.04208,14.98458],[74.04208,14.98514],[74.04264,14.98514],[74.04264,14.98542],[74.04292,14.98542],[74.04292,14.98569],[74.04347,14.98569],[74.04347,14.98597],[74.04376,14.98597],[74.04376,14.98709],[74.04403,14.98708],[74.04403,14.98847],[74.04514,14.98847],[74.04514,14.9882],[74.04569,14.9882],[74.04569,14.98792],[74.0463,14.98792],[74.04651,14.98792],[74.04652,14.9878],[74.04652,14.98764],[74.04686,14.98764],[74.04708,14.98764],[74.04708,14.98753],[74.04708,14.98736],[74.04742,14.98736],[74.04792,14.98736],[74.04794,14.98709],[74.04847,14.98709],[74.04849,14.98681],[74.04931,14.98681],[74.04931,14.98653],[74.04986,14.98653],[74.04986,14.98792],[74.05014,14.98792],[74.05014,14.9882],[74.04986,14.9882],[74.04986,14.98847],[74.04931,14.98847],[74.04931,14.9882],[74.04847,14.9882],[74.04847,14.98847],[74.04792,14.98847],[74.04792,14.98875],[74.04708,14.98875],[74.04708,14.98903],[74.04651,14.98903],[74.04651,14.98931],[74.04417,14.9893],[74.04403,14.98931],[74.04403,14.98903],[74.04292,14.98903],[74.04292,14.98875],[74.0407,14.98875],[74.0407,14.9882],[74.04041,14.9882],[74.04041,14.98792],[74.03986,14.98792],[74.03986,14.98736],[74.03958,14.98736],[74.03958,14.98681],[74.03931,14.98681],[74.03931,14.98653],[74.03902,14.98653],[74.03902,14.98597],[74.03848,14.98597],[74.03848,14.98625],[74.03819,14.98625],[74.03819,14.98653],[74.03792,14.98653],[74.03792,14.98875],[74.03763,14.98875],[74.03763,14.98931],[74.03736,14.9893],[74.03736,14.98986],[74.03709,14.98986],[74.03709,14.99069],[74.0368,14.99069],[74.0368,14.99125],[74.03653,14.99125],[74.03653,14.99181],[74.03625,14.99181],[74.03625,14.99236],[74.03597,14.99236],[74.03597,14.99292],[74.0357,14.99292],[74.0357,14.99319],[74.03542,14.99319],[74.03542,14.99375],[74.03514,14.99375],[74.03514,14.99403],[74.03486,14.99403],[74.03486,14.99458],[74.03458,14.99458],[74.03458,14.9957],[74.03431,14.99569],[74.0343,14.99625],[74.03403,14.99625],[74.03403,14.99681],[74.03375,14.99681],[74.03375,14.99736],[74.03347,14.99736],[74.03347,14.99753],[74.03347,14.99792],[74.0332,14.99792],[74.0332,14.99847],[74.03291,14.99847],[74.03291,14.99903],[74.03276,14.99903],[74.03236,14.99903],[74.03236,14.99932],[74.03152,14.9993],[74.03152,14.99958],[74.03014,14.99958],[74.03014,14.9993],[74.0293,14.99932],[74.0293,14.99903],[74.02876,14.99903],[74.02876,14.99875],[74.02847,14.99875],[74.02847,14.99847],[74.0282,14.99847],[74.02819,14.99819],[74.02792,14.99819],[74.02792,14.99792],[74.0268,14.99792],[74.0268,14.99847],[74.02653,14.99847],[74.02653,14.99875],[74.0268,14.99875],[74.0268,14.99903],[74.02708,14.99903],[74.02708,14.99932],[74.02764,14.9993],[74.02764,14.99958],[74.0282,14.99958],[74.0282,14.99986],[74.02876,14.99986],[74.02876,15.00014],[74.02903,15.00014],[74.02903,15.00042],[74.0293,15.00042],[74.0293,15.00097],[74.02986,15.00097],[74.02986,15.00125],[74.02959,15.00125],[74.02959,15.00185],[74.02959,15.00208],[74.02933,15.00208],[74.02875,15.00208],[74.02875,15.00181],[74.02847,15.00181],[74.02847,15.00153],[74.0282,15.00153],[74.0282,15.00236],[74.02764,15.00236],[74.02764,15.00264],[74.02708,15.00264],[74.02708,15.00236],[74.0268,15.00236],[74.0268,15.00208],[74.02653,15.00208],[74.02653,15.00181],[74.02597,15.00181],[74.02597,15.00097],[74.02569,15.00097],[74.02569,15.00069],[74.02541,15.00069],[74.02541,15.00236],[74.02514,15.00236],[74.02514,15.00264],[74.02458,15.00264],[74.02458,15.00292],[74.02431,15.00292],[74.02431,15.00347],[74.02486,15.00347],[74.02486,15.00375],[74.0254,15.00375],[74.0254,15.00347],[74.02597,15.00347],[74.02597,15.00375],[74.02625,15.00375],[74.02625,15.00403],[74.02653,15.00403],[74.02653,15.00434],[74.02653,15.00514],[74.0268,15.00514],[74.0268,15.00569],[74.02708,15.00569],[74.02708,15.00653],[74.0268,15.00653],[74.0268,15.00681],[74.02653,15.00681],[74.02653,15.00736],[74.02597,15.00736],[74.02597,15.00792],[74.0257,15.00792],[74.0257,15.00847],[74.0254,15.00847],[74.0254,15.00875],[74.02514,15.00875],[74.02514,15.00903],[74.02486,15.00903],[74.02486,15.00931],[74.02431,15.00931],[74.02431,15.00958],[74.02402,15.00958],[74.02402,15.00986],[74.02348,15.00986],[74.02348,15.01014],[74.02319,15.01014],[74.02319,15.01042],[74.02292,15.01042],[74.02292,15.01069],[74.02264,15.01069],[74.02264,15.01097],[74.02209,15.01097],[74.02209,15.01126],[74.0218,15.01126],[74.0218,15.01153],[74.02125,15.01153],[74.02125,15.01181],[74.02097,15.01181],[74.02097,15.01208],[74.01875,15.01208],[74.01875,15.01236],[74.01736,15.01236],[74.01736,15.01264],[74.01681,15.01264],[74.01681,15.01319],[74.01708,15.01319],[74.01708,15.01347],[74.01736,15.01347],[74.01736,15.01375],[74.01764,15.01375],[74.01764,15.01403],[74.01625,15.01403],[74.01625,15.01375],[74.01598,15.01375],[74.01598,15.01347],[74.01569,15.01347],[74.01569,15.01292],[74.01542,15.01292],[74.01542,15.01264],[74.01486,15.01264],[74.01486,15.01208],[74.01458,15.01208],[74.01458,15.01153],[74.01431,15.01153],[74.01431,15.01069],[74.01375,15.01069],[74.01375,15.01014],[74.01346,15.01014],[74.01346,15.00986],[74.01375,15.00986],[74.01375,15.00958],[74.01403,15.00958],[74.01403,15.00931],[74.01431,15.00931],[74.01431,15.00653],[74.01375,15.00653],[74.01375,15.00681],[74.01347,15.00681],[74.01347,15.00708],[74.01236,15.00708],[74.01236,15.00764],[74.01209,15.00764],[74.01209,15.00792],[74.0118,15.00792],[74.0118,15.00847],[74.01153,15.00847],[74.01153,15.00931],[74.0118,15.00931],[74.0118,15.00958],[74.01236,15.00958],[74.01236,15.00986],[74.01292,15.00986],[74.01292,15.01042],[74.01236,15.01042],[74.01236,15.01153],[74.01208,15.01153],[74.01208,15.01236],[74.0118,15.01236],[74.0118,15.01264],[74.01125,15.01264],[74.01125,15.01292],[74.0107,15.01292],[74.0107,15.01319],[74.01041,15.01319],[74.01041,15.01347],[74.00986,15.01347],[74.00986,15.01375],[74.00931,15.01375],[74.00931,15.01403],[74.00903,15.01403],[74.00903,15.01432],[74.00847,15.0143],[74.00847,15.01458],[74.00819,15.01458],[74.00819,15.01569],[74.00792,15.01569],[74.00792,15.01625],[74.00765,15.01625],[74.00765,15.01681],[74.00736,15.01681],[74.00736,15.01792],[74.00625,15.01792],[74.00625,15.01764],[74.00597,15.01764],[74.00597,15.01736],[74.00569,15.01736],[74.00569,15.01707],[74.00542,15.01708],[74.00542,15.01653],[74.00514,15.01653],[74.00514,15.01597],[74.00486,15.01597],[74.00486,15.01625],[74.0032,15.01625],[74.0032,15.01653],[74.00264,15.01653],[74.00264,15.01792],[74.00236,15.01792],[74.00236,15.0182],[74.00181,15.0182],[74.00181,15.01847],[74.00152,15.01847],[74.00152,15.01875],[74.00069,15.01875],[74.00069,15.01847],[74.00069,15.0182],[73.99998,15.0182],[73.99964,15.0182],[73.99903,15.0182],[73.99903,15.01847],[73.99875,15.01847],[73.99875,15.01867],[73.99875,15.01931],[73.99819,15.01931],[73.99819,15.02042],[73.99792,15.02042],[73.99792,15.02069],[73.99764,15.02069],[73.99764,15.02125],[73.9968,15.02125],[73.9968,15.02042],[73.99653,15.02042],[73.99653,15.01971],[73.99653,15.01958],[73.99597,15.01958],[73.99597,15.01931],[73.99571,15.01931],[73.99571,15.01903],[73.99486,15.01903],[73.99486,15.01875],[73.99458,15.01875],[73.99458,15.01903],[73.99431,15.01903],[73.99431,15.01875],[73.99347,15.01875],[73.99347,15.01847],[73.99292,15.01847],[73.99292,15.0182],[73.99236,15.0182],[73.99236,15.01792],[73.99208,15.01792],[73.99208,15.0182],[73.99181,15.0182],[73.99181,15.01847],[73.99125,15.01847],[73.99125,15.01875],[73.99097,15.01875],[73.99097,15.01903],[73.99069,15.01903],[73.99069,15.01958],[73.99014,15.01958],[73.99014,15.01986],[73.98958,15.01986],[73.98958,15.02014],[73.98903,15.02014],[73.98903,15.02042],[73.98875,15.02042],[73.98875,15.02153],[73.98847,15.02153],[73.98847,15.0232],[73.9882,15.0232],[73.9882,15.02375],[73.98764,15.02375],[73.98764,15.02403],[73.98736,15.02403],[73.98736,15.02431],[73.98681,15.02431],[73.98681,15.02458],[73.98625,15.02458],[73.98625,15.02486],[73.98597,15.02486],[73.98597,15.02514],[73.98542,15.02514],[73.98542,15.02681],[73.98569,15.0268],[73.98569,15.02819],[73.98542,15.02819],[73.98542,15.02903],[73.98597,15.02903],[73.98597,15.02958],[73.98653,15.02958],[73.98653,15.02986],[73.98681,15.02986],[73.98681,15.03014],[73.98736,15.03014],[73.98736,15.03042],[73.98764,15.03042],[73.98764,15.03014],[73.98847,15.03014],[73.98847,15.03042],[73.98903,15.03042],[73.98903,15.03069],[73.9893,15.03069],[73.9893,15.03181],[73.98958,15.03181],[73.98958,15.03264],[73.98986,15.03264],[73.98986,15.03347],[73.99014,15.03347],[73.99014,15.03431],[73.98986,15.03431],[73.98986,15.03486],[73.98958,15.03486],[73.98958,15.03625],[73.9893,15.03625],[73.9893,15.03653],[73.98903,15.03653],[73.98903,15.03681],[73.98875,15.03681],[73.98875,15.03736],[73.98847,15.03736],[73.98847,15.0382],[73.9882,15.0382],[73.9882,15.03903],[73.98792,15.03903],[73.98792,15.03931],[73.98764,15.03931],[73.98764,15.03958],[73.98792,15.03958],[73.98792,15.04014],[73.98764,15.04014],[73.98764,15.04069],[73.98736,15.04069],[73.98736,15.04125],[73.98708,15.04124],[73.98708,15.04181],[73.98681,15.04181],[73.98681,15.04264],[73.98653,15.04264],[73.98653,15.04319],[73.98625,15.04319],[73.98625,15.04375],[73.98597,15.04375],[73.98597,15.04431],[73.98569,15.04431],[73.98569,15.04458],[73.98542,15.04458],[73.98542,15.04542],[73.98514,15.04542],[73.98514,15.04625],[73.98486,15.04625],[73.98486,15.04653],[73.98458,15.04653],[73.98458,15.04708],[73.98431,15.04708],[73.98431,15.04764],[73.98402,15.04764],[73.98402,15.04819],[73.98375,15.04819],[73.98375,15.04875],[73.98348,15.04875],[73.98348,15.04931],[73.98319,15.04931],[73.98319,15.04986],[73.98292,15.04986],[73.98292,15.05014],[73.98236,15.05014],[73.98236,15.0507],[73.98209,15.0507],[73.98209,15.05097],[73.9818,15.05097],[73.9818,15.05125],[73.98153,15.05125],[73.98153,15.05153],[73.98097,15.05153],[73.98097,15.05181],[73.98042,15.0518],[73.98042,15.0521],[73.98042,15.05236],[73.97922,15.05236],[73.9782,15.05236],[73.9782,15.05208],[73.97764,15.05208],[73.97764,15.0518],[73.97736,15.05181],[73.97736,15.05153],[73.97708,15.05153],[73.97708,15.05125],[73.97652,15.05125],[73.97652,15.05097],[73.97625,15.05097],[73.97625,15.0507],[73.97569,15.0507],[73.97569,15.05042],[73.97459,15.05042],[73.97459,15.0507],[73.97403,15.0507],[73.97403,15.05097],[73.97264,15.05097],[73.97264,15.05125],[73.97208,15.05125],[73.97208,15.05153],[73.97181,15.05153],[73.9718,15.05181],[73.97153,15.0518],[73.97153,15.05208],[73.97125,15.05208],[73.97125,15.05236],[73.97097,15.05236],[73.97097,15.05292],[73.9707,15.05292],[73.9707,15.05431],[73.97097,15.05431],[73.97097,15.05458],[73.97125,15.05458],[73.97125,15.05681],[73.97097,15.05681],[73.97097,15.05708],[73.9707,15.05708],[73.9707,15.05736],[73.97041,15.05736],[73.97041,15.05847],[73.97014,15.05847],[73.97014,15.05986],[73.96986,15.05986],[73.96986,15.06014],[73.96958,15.06014],[73.96958,15.06042],[73.96902,15.06042],[73.96902,15.06097],[73.96875,15.06097],[73.96875,15.06125],[73.96848,15.06125],[73.96848,15.06153],[73.96764,15.06153],[73.96764,15.06181],[73.96736,15.06181],[73.96736,15.06208],[73.9668,15.06208],[73.9668,15.06237],[73.96625,15.06237],[73.96625,15.06292],[73.96653,15.06292],[73.96653,15.06319],[73.9668,15.06319],[73.9668,15.06347],[73.96709,15.06347],[73.96709,15.06431],[73.96736,15.06431],[73.96736,15.06514],[73.96709,15.06514],[73.96709,15.06559],[73.96709,15.06569],[73.9668,15.06569],[73.9668,15.06597],[73.96628,15.06597],[73.96458,15.06597],[73.96458,15.06569],[73.9643,15.06569],[73.9643,15.06597],[73.96375,15.06597],[73.96375,15.06625],[73.96347,15.06625],[73.96347,15.06653],[73.96291,15.06653],[73.96291,15.06681],[73.96235,15.06681],[73.96235,15.06736],[73.96208,15.06736],[73.96208,15.06764],[73.96153,15.06764],[73.96153,15.06792],[73.96125,15.06792],[73.96125,15.06819],[73.96042,15.06819],[73.96042,15.06847],[73.96014,15.06847],[73.96014,15.06875],[73.9596,15.06875],[73.9596,15.06903],[73.95903,15.06903],[73.95903,15.06958],[73.95875,15.06958],[73.95875,15.07014],[73.95764,15.07014],[73.95764,15.06986],[73.9557,15.06986],[73.9557,15.07014],[73.95431,15.07014],[73.95431,15.07042],[73.95375,15.07042],[73.95375,15.07069],[73.95347,15.0707],[73.95347,15.07154],[73.95375,15.07154],[73.95375,15.07181],[73.95403,15.07181],[73.95403,15.07264],[73.95375,15.07264],[73.95375,15.07292],[73.95348,15.07292],[73.95348,15.0732],[73.95292,15.0732],[73.95292,15.07347],[73.95181,15.07349],[73.95181,15.07375],[73.95125,15.07375],[73.95125,15.07403],[73.95097,15.07403],[73.95097,15.07431],[73.95042,15.0743],[73.95042,15.07458],[73.95014,15.07458],[73.95014,15.07486],[73.94959,15.07486],[73.94959,15.07514],[73.94847,15.07514],[73.94847,15.07542],[73.94375,15.07542],[73.94375,15.07514],[73.94292,15.07514],[73.94292,15.07487],[73.94264,15.07486],[73.94264,15.07514],[73.94209,15.07514],[73.94209,15.07486],[73.9418,15.07486],[73.9418,15.07514],[73.94125,15.07514],[73.94125,15.07542],[73.9407,15.07542],[73.9407,15.0757],[73.94014,15.0757],[73.94014,15.07542],[73.93958,15.07542],[73.93958,15.0757],[73.93903,15.0757],[73.93903,15.07597],[73.93875,15.07597],[73.93875,15.07625],[73.93847,15.07625],[73.93847,15.07653],[73.93818,15.07653],[73.93818,15.07681],[73.93597,15.07681],[73.93597,15.07708],[73.93569,15.07708],[73.93569,15.07764],[73.93541,15.07764],[73.93541,15.07792],[73.93514,15.07792],[73.93514,15.07819],[73.93236,15.07819],[73.93236,15.07792],[73.93181,15.07792],[73.93181,15.07819],[73.93153,15.07819],[73.93153,15.07847],[73.93097,15.07847],[73.93097,15.07903],[73.93069,15.07903],[73.93069,15.07958],[73.93014,15.07958],[73.93014,15.08014],[73.92986,15.08014],[73.92986,15.08042],[73.92958,15.08042],[73.92958,15.08069],[73.92931,15.08069],[73.92931,15.08097],[73.92903,15.08097],[73.92903,15.08122],[73.92903,15.08153],[73.92931,15.08153],[73.92931,15.08208],[73.92958,15.08208],[73.92958,15.08264],[73.92931,15.08264],[73.92931,15.08348],[73.92819,15.08348],[73.92819,15.08375],[73.92792,15.08375],[73.92792,15.08348],[73.92764,15.08348],[73.92764,15.08375],[73.92709,15.08375],[73.92709,15.08431],[73.9268,15.08431],[73.9268,15.08486],[73.92624,15.08486],[73.92624,15.08542],[73.92597,15.08542],[73.92597,15.08569],[73.92486,15.08569],[73.92486,15.08597],[73.92431,15.08597],[73.92431,15.08569],[73.92347,15.08569],[73.92347,15.08542],[73.92319,15.08542],[73.92319,15.08569],[73.92264,15.08569],[73.92264,15.08597],[73.92208,15.08597],[73.92208,15.08569],[73.92181,15.08569],[73.92181,15.08514],[73.92125,15.08514],[73.92125,15.08458],[73.92014,15.08458],[73.92014,15.08431],[73.91986,15.08431],[73.91986,15.08458],[73.91959,15.08458],[73.91959,15.08431],[73.91903,15.08431],[73.91903,15.08403],[73.91875,15.08403],[73.91875,15.08375],[73.9182,15.08375],[73.9182,15.08348],[73.91764,15.08348],[73.91764,15.08319],[73.91736,15.0832],[73.91736,15.08292],[73.91708,15.08292],[73.91708,15.0832],[73.91653,15.08319],[73.91653,15.08403],[73.91625,15.08403],[73.91625,15.08431],[73.9143,15.08431],[73.9143,15.08403],[73.9118,15.08403],[73.9118,15.08458],[73.91209,15.08458],[73.91209,15.08542],[73.91236,15.08542],[73.91236,15.08569],[73.91264,15.08569],[73.91264,15.08597],[73.91319,15.08597],[73.91319,15.08625],[73.91375,15.08625],[73.91375,15.08654],[73.9143,15.08654],[73.9143,15.08681],[73.91486,15.08681],[73.91486,15.08708],[73.91514,15.08708],[73.91514,15.08736],[73.91541,15.08736],[73.91541,15.08764],[73.9157,15.08764],[73.9157,15.08792],[73.91597,15.08792],[73.91597,15.08819],[73.91625,15.08819],[73.91625,15.08847],[73.91653,15.08847],[73.91653,15.08875],[73.91681,15.08875],[73.91681,15.08903],[73.91737,15.08903],[73.91737,15.08931],[73.9182,15.08931],[73.9182,15.08958],[73.91875,15.08958],[73.91875,15.08986],[73.9193,15.08986],[73.9193,15.09014],[73.91986,15.09014],[73.91986,15.09042],[73.92014,15.09042],[73.92014,15.09069],[73.92069,15.09069],[73.92069,15.09097],[73.92097,15.09097],[73.92097,15.09125],[73.92152,15.09125],[73.92152,15.09153],[73.92181,15.09153],[73.92181,15.09181],[73.92236,15.09181],[73.92236,15.09208],[73.92264,15.09208],[73.92264,15.09236],[73.92292,15.09235],[73.92292,15.09264],[73.92347,15.09264],[73.92347,15.09292],[73.92375,15.09292],[73.92375,15.09375],[73.92403,15.09375],[73.92403,15.09459],[73.92375,15.09458],[73.92375,15.09486],[73.92403,15.09486],[73.92403,15.09514],[73.92431,15.09514],[73.92431,15.09542],[73.92458,15.09542],[73.92458,15.09569],[73.92514,15.09569],[73.92514,15.09597],[73.9257,15.09597],[73.9257,15.09625],[73.92597,15.09625],[73.92597,15.09681],[73.92625,15.0968],[73.92624,15.09913],[73.92624,15.10014],[73.92597,15.10014],[73.92597,15.10097],[73.9257,15.10097],[73.9257,15.10181],[73.92542,15.1018],[73.92542,15.10236],[73.92514,15.10236],[73.92514,15.1032],[73.92542,15.1032],[73.92542,15.10375],[73.92514,15.10375],[73.92514,15.10431],[73.92486,15.10431],[73.92486,15.10458],[73.92403,15.10458],[73.92403,15.10486],[73.92375,15.10486],[73.92375,15.10514],[73.92318,15.10514],[73.92318,15.10542],[73.92292,15.10542],[73.92292,15.10569],[73.92236,15.10569],[73.92236,15.10597],[73.92208,15.10597],[73.92208,15.10625],[73.92152,15.10625],[73.92152,15.10736],[73.92069,15.10736],[73.92069,15.10708],[73.92043,15.10708],[73.92043,15.10736],[73.9193,15.10736],[73.9193,15.10708],[73.91847,15.10708],[73.91847,15.10736],[73.91792,15.10736],[73.91792,15.10764],[73.91764,15.10764],[73.91764,15.10792],[73.91736,15.10792],[73.91736,15.10819],[73.91792,15.10819],[73.91792,15.10847],[73.91847,15.10847],[73.91847,15.10875],[73.92097,15.10875],[73.92097,15.10903],[73.92181,15.10903],[73.92181,15.10931],[73.92208,15.10931],[73.92208,15.10958],[73.92236,15.10958],[73.92236,15.10986],[73.92292,15.10986],[73.92292,15.11014],[73.92514,15.11014],[73.92514,15.11042],[73.92653,15.11042],[73.92653,15.1107],[73.9268,15.1107],[73.9268,15.11097],[73.92736,15.11097],[73.92736,15.11125],[73.92792,15.11125],[73.92792,15.11153],[73.92875,15.11153],[73.92875,15.11181],[73.92986,15.11181],[73.92986,15.11208],[73.93042,15.11208],[73.93042,15.11236],[73.93097,15.11236],[73.93097,15.11264],[73.93153,15.11264],[73.93153,15.11292],[73.93181,15.11292],[73.93181,15.11319],[73.93208,15.11319],[73.93208,15.11347],[73.93237,15.11346],[73.93237,15.11375],[73.9332,15.11375],[73.9332,15.11346],[73.93375,15.11347],[73.93375,15.11319],[73.93403,15.11319],[73.93403,15.11292],[73.9343,15.11292],[73.9343,15.11264],[73.93459,15.11264],[73.93459,15.11236],[73.93514,15.11236],[73.93514,15.11264],[73.93569,15.11264],[73.93569,15.11319],[73.93597,15.11319],[73.93597,15.11431],[73.93625,15.11431],[73.93625,15.11625],[73.93653,15.11625],[73.93653,15.11653],[73.93681,15.11652],[73.93681,15.11764],[73.93736,15.11764],[73.93736,15.11819],[73.93764,15.11819],[73.93764,15.11875],[73.93875,15.11875],[73.93875,15.11903],[73.93903,15.11903],[73.93903,15.11931],[73.93986,15.11931],[73.93986,15.11958],[73.94067,15.11958],[73.9407,15.12153],[73.94041,15.12153],[73.94041,15.12208],[73.93986,15.12208],[73.93986,15.12458],[73.93958,15.12458],[73.93958,15.12597],[73.93986,15.12597],[73.93986,15.12653],[73.94014,15.12653],[73.94014,15.12708],[73.94041,15.12708],[73.94041,15.12764],[73.94014,15.12764],[73.94014,15.12792],[73.93958,15.12792],[73.93958,15.12819],[73.93931,15.12819],[73.93931,15.12875],[73.93903,15.12875],[73.93903,15.12931],[73.93847,15.1293],[73.93847,15.12958],[73.93818,15.12958],[73.93818,15.12986],[73.93764,15.12986],[73.93764,15.13014],[73.93708,15.13014],[73.93708,15.13153],[73.93681,15.13152],[73.93681,15.13181],[73.93625,15.13181],[73.93625,15.13152],[73.93569,15.13152],[73.93569,15.13181],[73.93514,15.13181],[73.93514,15.13236],[73.93541,15.13236],[73.93541,15.13292],[73.93569,15.13292],[73.93569,15.13319],[73.93597,15.13319],[73.93597,15.13375],[73.93625,15.13375],[73.93625,15.13403],[73.93653,15.13403],[73.93653,15.13431],[73.93818,15.13431],[73.93818,15.13459],[73.93875,15.13459],[73.93875,15.13486],[73.93958,15.13486],[73.93958,15.13514],[73.94014,15.13514],[73.94014,15.13542],[73.94125,15.13542],[73.94125,15.1357],[73.94153,15.13569],[73.94153,15.13625],[73.9418,15.13625],[73.9418,15.13653],[73.94209,15.13653],[73.94209,15.13681],[73.94236,15.13681],[73.94236,15.13736],[73.94264,15.13736],[73.94264,15.13792],[73.94292,15.13792],[73.94292,15.13903],[73.94319,15.13903],[73.94319,15.13931],[73.94375,15.13931],[73.94375,15.13958],[73.94403,15.13958],[73.94403,15.14014],[73.94375,15.14014],[73.94375,15.14042],[73.94403,15.14042],[73.94403,15.14097],[73.94431,15.14097],[73.94431,15.14125],[73.94486,15.14125],[73.94486,15.14153],[73.94514,15.14153],[73.94514,15.14181],[73.94569,15.14181],[73.94569,15.14236],[73.94625,15.14236],[73.94625,15.14264],[73.94708,15.14264],[73.94708,15.14319],[73.94736,15.14319],[73.94736,15.14375],[73.94764,15.14375],[73.94764,15.14431],[73.94791,15.14431],[73.94791,15.14486],[73.9482,15.14486],[73.9482,15.14542],[73.94847,15.14542],[73.94847,15.14597],[73.9482,15.14597],[73.9482,15.14736],[73.94791,15.14736],[73.94791,15.14792],[73.94764,15.14792],[73.94764,15.14903],[73.94735,15.14903],[73.94735,15.14931],[73.94708,15.1493],[73.94708,15.14986],[73.94735,15.14986],[73.94735,15.15014],[73.94708,15.15014],[73.94708,15.15097],[73.94681,15.15097],[73.94681,15.15181],[73.94653,15.15181],[73.94653,15.15292],[73.94625,15.15292],[73.94625,15.15375],[73.94597,15.15375],[73.94597,15.15514],[73.94569,15.15514],[73.94569,15.15569],[73.94542,15.15569],[73.94542,15.15625],[73.94514,15.15625],[73.94514,15.15681],[73.94486,15.15681],[73.94486,15.15708],[73.94458,15.15708],[73.94458,15.15819],[73.94431,15.15819],[73.94431,15.15847],[73.94403,15.15847],[73.94403,15.16182],[73.94375,15.16181],[73.94375,15.16208],[73.94403,15.16208],[73.94403,15.16264],[73.94375,15.16264],[73.94375,15.16375],[73.94347,15.16375],[73.94347,15.16458],[73.94319,15.16458],[73.94319,15.16569],[73.94292,15.16569],[73.94292,15.16681],[73.94264,15.16681],[73.94264,15.16903],[73.94236,15.16903],[73.94236,15.17097],[73.94209,15.17097],[73.94209,15.17181],[73.9418,15.17181],[73.9418,15.17236],[73.94153,15.17236],[73.94153,15.17319],[73.94125,15.17319],[73.94125,15.17403],[73.94097,15.17403],[73.94097,15.17514],[73.9407,15.17514],[73.9407,15.17625],[73.94041,15.17625],[73.94041,15.17736],[73.94014,15.17736],[73.94014,15.17875],[73.93986,15.17875],[73.93986,15.17958],[73.93958,15.17958],[73.93958,15.18097],[73.93931,15.18097],[73.93931,15.18208],[73.93903,15.18208],[73.93903,15.1832],[73.93875,15.18319],[73.93875,15.18403],[73.93847,15.18403],[73.93847,15.18458],[73.93818,15.18458],[73.93818,15.18514],[73.93792,15.18514],[73.93792,15.18625],[73.93764,15.18625],[73.93764,15.18736],[73.93736,15.18736],[73.93736,15.18903],[73.93708,15.18903],[73.93708,15.18958],[73.93681,15.18958],[73.93681,15.19097],[73.93653,15.19097],[73.93653,15.19181],[73.93625,15.1918],[73.93625,15.19292],[73.93597,15.19292],[73.93597,15.19458],[73.93569,15.19458],[73.93569,15.19569],[73.93541,15.1957],[73.93541,15.19681],[73.93514,15.19681],[73.93514,15.19847],[73.93486,15.19847],[73.93486,15.20069],[73.93459,15.20069],[73.93459,15.20236],[73.9343,15.20236],[73.9343,15.20292],[73.93403,15.20292],[73.93403,15.20347],[73.93375,15.20347],[73.93375,15.20431],[73.93347,15.20431],[73.93347,15.20486],[73.9332,15.20486],[73.9332,15.2057],[73.93291,15.20569],[73.93291,15.20625],[73.93264,15.20625],[73.93264,15.20653],[73.93291,15.20653],[73.93291,15.20792],[73.93264,15.20792],[73.93264,15.20847],[73.93237,15.20847],[73.93237,15.20931],[73.93208,15.20931],[73.93208,15.20987],[73.93181,15.20987],[73.93181,15.21042],[73.93153,15.21042],[73.93153,15.21097],[73.93125,15.21097],[73.93125,15.21153],[73.93097,15.21153],[73.93097,15.21319],[73.93069,15.21319],[73.93069,15.21542],[73.93042,15.21542],[73.93042,15.21653],[73.93014,15.21653],[73.93014,15.21764],[73.92986,15.21764],[73.92986,15.21875],[73.92958,15.21875],[73.92958,15.21986],[73.92931,15.21986],[73.92931,15.22042],[73.92903,15.22042],[73.92903,15.22097],[73.92931,15.22097],[73.92931,15.22236],[73.92875,15.22236],[73.92875,15.22292],[73.92903,15.22292],[73.92903,15.22403],[73.92875,15.22403],[73.92875,15.22458],[73.92847,15.22458],[73.92847,15.22625],[73.92819,15.22625],[73.92819,15.22681],[73.92792,15.22681],[73.92792,15.22708],[73.92764,15.22708],[73.92764,15.22736],[73.92792,15.22736],[73.92792,15.22792],[73.92764,15.22792],[73.92764,15.22847],[73.92736,15.22847],[73.92736,15.22903],[73.92709,15.22903],[73.92709,15.22958],[73.9268,15.22958],[73.9268,15.22986],[73.92653,15.22986],[73.92653,15.23042],[73.92625,15.23042],[73.92625,15.23097],[73.92597,15.23097],[73.92597,15.23208],[73.9257,15.23208],[73.9257,15.2332],[73.92542,15.23319],[73.92542,15.23431],[73.92514,15.23431],[73.92514,15.23542],[73.92486,15.23542],[73.92486,15.23625],[73.92458,15.23625],[73.92458,15.23736],[73.92431,15.23736],[73.92431,15.2382],[73.92403,15.23819],[73.92403,15.23931],[73.92375,15.23931],[73.92375,15.24042],[73.92347,15.24042],[73.92347,15.24153],[73.92318,15.24153],[73.92318,15.24264],[73.92292,15.24264],[73.92292,15.24347],[73.92264,15.24347],[73.92264,15.24403],[73.92236,15.24403],[73.92236,15.24542],[73.92208,15.24542],[73.92208,15.24736],[73.92181,15.24736],[73.92181,15.24819],[73.92152,15.24819],[73.92152,15.24931],[73.92125,15.24931],[73.92125,15.25014],[73.92097,15.25014],[73.92097,15.25097],[73.92069,15.25097],[73.92069,15.25208],[73.92043,15.25208],[73.92043,15.25292],[73.92014,15.25292],[73.92014,15.25319],[73.91986,15.25319],[73.91986,15.25375],[73.91959,15.25375],[73.91959,15.25514],[73.9193,15.25514],[73.9193,15.25625],[73.91903,15.25625],[73.91903,15.25819],[73.91875,15.25821],[73.91875,15.25903],[73.91847,15.25903],[73.91847,15.25986],[73.9182,15.25986],[73.9182,15.2607],[73.91792,15.26069],[73.91792,15.26181],[73.91764,15.26181],[73.91764,15.26264],[73.91708,15.26264],[73.91708,15.2632],[73.91736,15.2632],[73.91736,15.26347],[73.91681,15.26347],[73.91681,15.26431],[73.91653,15.26431],[73.91653,15.26542],[73.91681,15.26542],[73.91681,15.26597],[73.91653,15.26597],[73.91653,15.26653],[73.91625,15.26653],[73.91625,15.26736],[73.91597,15.26736],[73.91597,15.26792],[73.9157,15.26792],[73.9157,15.26847],[73.91541,15.26847],[73.91541,15.26931],[73.91514,15.26931],[73.91514,15.26986],[73.91486,15.26986],[73.91486,15.27153],[73.91458,15.27153],[73.91458,15.27319],[73.9143,15.27319],[73.9143,15.27375],[73.91401,15.27375],[73.91401,15.27431],[73.91375,15.27431],[73.91375,15.27486],[73.91348,15.27486],[73.91348,15.27542],[73.91319,15.27542],[73.91319,15.27597],[73.91292,15.27596],[73.91292,15.27653],[73.91264,15.27653],[73.91264,15.27708],[73.91236,15.27708],[73.91236,15.27986],[73.91209,15.27986],[73.91209,15.28069],[73.9118,15.28069],[73.9118,15.28153],[73.91153,15.28153],[73.91153,15.28236],[73.91125,15.28236],[73.91125,15.28319],[73.91097,15.28319],[73.91097,15.28431],[73.9107,15.28431],[73.9107,15.28542],[73.91042,15.28542],[73.91042,15.28597],[73.90986,15.28597],[73.90986,15.28819],[73.90958,15.28819],[73.90958,15.28903],[73.90931,15.28903],[73.9093,15.29014],[73.90903,15.29014],[73.90903,15.2907],[73.90875,15.2907],[73.90875,15.29097],[73.9082,15.29096],[73.9082,15.29153],[73.90791,15.29153],[73.90791,15.29264],[73.90764,15.29264],[73.90764,15.29347],[73.90736,15.29347],[73.90736,15.29431],[73.90708,15.29431],[73.90708,15.29514],[73.90681,15.29514],[73.90681,15.29597],[73.90652,15.29597],[73.90652,15.29681],[73.90625,15.29681],[73.90625,15.29764],[73.90598,15.29764],[73.90598,15.29875],[73.90569,15.29875],[73.90569,15.29958],[73.90543,15.29958],[73.90543,15.30042],[73.90514,15.30042],[73.90514,15.30125],[73.90486,15.30125],[73.90486,15.30208],[73.90459,15.30208],[73.90459,15.30292],[73.9043,15.30292],[73.9043,15.30375],[73.90403,15.30375],[73.90403,15.30486],[73.90375,15.30486],[73.90375,15.30569],[73.90347,15.30569],[73.90347,15.30626],[73.9032,15.30625],[73.9032,15.30708],[73.90292,15.30708],[73.90292,15.30792],[73.90264,15.30792],[73.90264,15.30847],[73.90236,15.30847],[73.90236,15.30932],[73.90207,15.30932],[73.90207,15.31014],[73.9018,15.31014],[73.9018,15.31097],[73.90153,15.31097],[73.90153,15.31181],[73.90125,15.31181],[73.90125,15.31264],[73.90097,15.31264],[73.90097,15.3132],[73.9007,15.31319],[73.9007,15.31403],[73.90041,15.31403],[73.90041,15.31486],[73.90014,15.31486],[73.90014,15.31542],[73.89986,15.31542],[73.89986,15.31625],[73.89958,15.31625],[73.89958,15.31653],[73.89931,15.31653],[73.89931,15.31708],[73.89958,15.31708],[73.89958,15.31764],[73.89986,15.31764],[73.89986,15.31799],[73.89986,15.3182],[73.89958,15.3182],[73.89958,15.31875],[73.8993,15.31875],[73.8993,15.31903],[73.89902,15.31903],[73.89902,15.31958],[73.89875,15.31958],[73.89875,15.31986],[73.89848,15.31986],[73.89848,15.32014],[73.89819,15.32014],[73.89819,15.32153],[73.89792,15.32153],[73.89792,15.32181],[73.89764,15.32181],[73.89764,15.32236],[73.89736,15.32236],[73.89736,15.3232],[73.89709,15.3232],[73.89709,15.32458],[73.8968,15.32458],[73.8968,15.32486],[73.89709,15.32486],[73.89709,15.32514],[73.8968,15.32514],[73.8968,15.32569],[73.89653,15.32569],[73.89653,15.32681],[73.89625,15.32681],[73.89625,15.32736],[73.89597,15.32736],[73.89597,15.32764],[73.89569,15.32764],[73.89569,15.32819],[73.89597,15.32819],[73.89597,15.32875],[73.89569,15.32875],[73.89569,15.32958],[73.89542,15.32958],[73.89542,15.33014],[73.89514,15.33014],[73.89514,15.33097],[73.89486,15.33097],[73.89486,15.33181],[73.89458,15.33181],[73.89458,15.33236],[73.8943,15.33236],[73.8943,15.33292],[73.89403,15.33292],[73.89403,15.33347],[73.89375,15.33347],[73.89375,15.33403],[73.89347,15.33403],[73.89347,15.33458],[73.8932,15.33458],[73.8932,15.33514],[73.89291,15.33514],[73.89291,15.33569],[73.89264,15.33569],[73.89264,15.33653],[73.89236,15.33653],[73.89236,15.33736],[73.89208,15.33736],[73.89208,15.33819],[73.89181,15.33819],[73.89181,15.33875],[73.89153,15.33875],[73.89153,15.33958],[73.89125,15.33958],[73.89125,15.34042],[73.89098,15.34042],[73.89098,15.34097],[73.89069,15.34097],[73.89069,15.34153],[73.89042,15.34153],[73.89042,15.34208],[73.89013,15.34208],[73.89013,15.34264],[73.88986,15.34264],[73.88986,15.34319],[73.88958,15.34319],[73.88958,15.34403],[73.88931,15.34403],[73.88931,15.34458],[73.88903,15.34458],[73.88903,15.34514],[73.88875,15.34514],[73.88875,15.34569],[73.88847,15.34569],[73.88847,15.34625],[73.88819,15.34625],[73.88819,15.34708],[73.88792,15.34708],[73.88792,15.34764],[73.88764,15.34764],[73.88764,15.3482],[73.88736,15.3482],[73.88736,15.34875],[73.88707,15.34875],[73.88707,15.34931],[73.8868,15.34931],[73.8868,15.34986],[73.88653,15.34986],[73.88653,15.35042],[73.88625,15.35042],[73.88625,15.3507],[73.88597,15.3507],[73.88597,15.35125],[73.8857,15.35124],[73.8857,15.35153],[73.88541,15.35153],[73.88541,15.35208],[73.88514,15.35208],[73.88514,15.35264],[73.88486,15.35264],[73.88486,15.35319],[73.88458,15.35319],[73.88458,15.35375],[73.88431,15.35375],[73.88431,15.35431],[73.88403,15.35431],[73.88403,15.35486],[73.88375,15.35486],[73.88375,15.35542],[73.88347,15.35542],[73.88347,15.35597],[73.88319,15.35597],[73.88319,15.35653],[73.88292,15.35653],[73.88292,15.35708],[73.88264,15.35708],[73.88264,15.35737],[73.88236,15.35737],[73.88236,15.35792],[73.88208,15.35792],[73.88208,15.35819],[73.88181,15.35819],[73.88181,15.35875],[73.88153,15.35875],[73.88153,15.35903],[73.88125,15.35903],[73.88125,15.35958],[73.88097,15.35958],[73.88097,15.35986],[73.88069,15.35986],[73.88069,15.36043],[73.88042,15.36042],[73.88042,15.36069],[73.88014,15.36069],[73.88014,15.36125],[73.87986,15.36125],[73.87986,15.36153],[73.87959,15.36153],[73.87959,15.36208],[73.8793,15.36208],[73.8793,15.36236],[73.87903,15.36236],[73.87903,15.36292],[73.87875,15.36292],[73.87875,15.36319],[73.87847,15.36318],[73.87847,15.36375],[73.87819,15.36375],[73.87819,15.36403],[73.87791,15.36403],[73.87791,15.36458],[73.87764,15.36458],[73.87764,15.36486],[73.87736,15.36486],[73.87736,15.36542],[73.87708,15.36542],[73.87708,15.36569],[73.87681,15.36569],[73.87681,15.36625],[73.87653,15.36624],[73.87653,15.36653],[73.87625,15.36653],[73.87625,15.36708],[73.87597,15.36708],[73.87597,15.36736],[73.87569,15.36736],[73.87569,15.36764],[73.87542,15.36764],[73.87542,15.36819],[73.87514,15.36819],[73.87514,15.36847],[73.87486,15.36847],[73.87486,15.36875],[73.87458,15.36875],[73.87458,15.36903],[73.87431,15.36903],[73.87431,15.36931],[73.87403,15.3693],[73.87403,15.36958],[73.87375,15.36958],[73.87375,15.36986],[73.87347,15.36986],[73.87347,15.37014],[73.87264,15.37014],[73.87264,15.37042],[73.87209,15.37042],[73.87209,15.3707],[73.86986,15.3707],[73.86986,15.37042],[73.86875,15.37042],[73.86875,15.37014],[73.86819,15.37014],[73.86819,15.36986],[73.86459,15.36986],[73.86459,15.36958],[73.8632,15.36958],[73.8632,15.3693],[73.86292,15.36931],[73.86292,15.36903],[73.86264,15.36903],[73.86264,15.36847],[73.86292,15.36847],[73.86292,15.36792],[73.86319,15.36792],[73.86319,15.36764],[73.86264,15.36764],[73.86264,15.36708],[73.86236,15.36708],[73.86236,15.36653],[73.86208,15.36653],[73.86208,15.36624],[73.86181,15.36625],[73.86181,15.36597],[73.86097,15.36597],[73.86097,15.36569],[73.86069,15.36569],[73.86069,15.36597],[73.86042,15.36597],[73.86042,15.36569],[73.85958,15.36569],[73.85958,15.36597],[73.85902,15.36597],[73.85902,15.36625],[73.85403,15.36625],[73.85403,15.36597],[73.85375,15.36597],[73.85375,15.36569],[73.8532,15.36569],[73.8532,15.36542],[73.85291,15.36542],[73.85291,15.36486],[73.85264,15.36486],[73.85264,15.36403],[73.85236,15.36403],[73.85236,15.36153],[73.85208,15.36153],[73.85208,15.36125],[73.85152,15.36125],[73.85152,15.36097],[73.85014,15.36097],[73.85014,15.36069],[73.84959,15.36069],[73.84959,15.36097],[73.84924,15.36097],[73.84764,15.36097],[73.84764,15.36069],[73.84653,15.36069],[73.84653,15.36042],[73.84319,15.36043],[73.84319,15.36014],[73.8418,15.36014],[73.8418,15.36043],[73.84097,15.36042],[73.84097,15.36069],[73.8407,15.36069],[73.8407,15.36097],[73.84014,15.36097],[73.84014,15.36125],[73.83986,15.36125],[73.83986,15.36153],[73.83958,15.36153],[73.83958,15.36181],[73.83875,15.36181],[73.83875,15.36208],[73.8382,15.36208],[73.8382,15.36236],[73.83764,15.36236],[73.83764,15.36292],[73.83708,15.36292],[73.83708,15.36319],[73.83681,15.36319],[73.83681,15.36347],[73.83652,15.36347],[73.83652,15.36486],[73.83625,15.36486],[73.83625,15.36542],[73.83598,15.36542],[73.83598,15.36569],[73.83569,15.36569],[73.83569,15.36681],[73.83542,15.36681],[73.83542,15.36708],[73.83514,15.36708],[73.83514,15.36792],[73.83486,15.36792],[73.83486,15.36819],[73.83459,15.36819],[73.83459,15.36847],[73.8343,15.36847],[73.8343,15.36903],[73.83403,15.36903],[73.83403,15.36958],[73.83347,15.36958],[73.83347,15.36986],[73.83292,15.36986],[73.83292,15.37014],[73.83236,15.37014],[73.83236,15.37042],[73.8318,15.37042],[73.8318,15.3707],[73.83153,15.3707],[73.83153,15.37097],[73.83125,15.37097],[73.83125,15.3707],[73.83041,15.3707],[73.83041,15.37014],[73.83015,15.37014],[73.83015,15.36986],[73.82958,15.36986],[73.82958,15.36958],[73.82875,15.36958],[73.82875,15.3693],[73.82736,15.3693],[73.82736,15.36958],[73.82625,15.36958],[73.82625,15.36986],[73.82514,15.36986],[73.82514,15.37014],[73.82486,15.37014],[73.82486,15.37042],[73.8243,15.37042],[73.8243,15.3707],[73.82403,15.3707],[73.82403,15.37042],[73.82375,15.37042],[73.82375,15.3707],[73.8232,15.3707],[73.8232,15.37042],[73.82291,15.37042],[73.82291,15.3707],[73.82208,15.37069],[73.82208,15.37125],[73.82236,15.37125],[73.82236,15.37181],[73.82208,15.37181],[73.82208,15.37208],[73.82181,15.37208],[73.82181,15.37237],[73.82153,15.37237],[73.82153,15.37264],[73.82125,15.37264],[73.82125,15.37292],[73.82097,15.37292],[73.82097,15.37319],[73.81931,15.37319],[73.81931,15.37292],[73.81903,15.37292],[73.81903,15.37319],[73.81819,15.37319],[73.81819,15.37347],[73.8168,15.37347],[73.8168,15.37375],[73.8157,15.37375],[73.8157,15.37403],[73.81514,15.37403],[73.81514,15.37431],[73.81485,15.37431],[73.81485,15.37514],[73.81458,15.37514],[73.81458,15.37569],[73.81403,15.37569],[73.81403,15.37597],[73.81292,15.37597],[73.81292,15.37625],[73.81264,15.37625],[73.81264,15.37653],[73.81208,15.37653],[73.81208,15.37625],[73.81181,15.37625],[73.81181,15.37653],[73.81097,15.37653],[73.81097,15.37625],[73.81069,15.37625],[73.81069,15.37653],[73.80875,15.37653],[73.80875,15.37681],[73.8082,15.37681],[73.8082,15.37736],[73.80791,15.37736],[73.80791,15.37764],[73.80764,15.37764],[73.80764,15.37792],[73.80708,15.37792],[73.80708,15.37847],[73.80681,15.37847],[73.80681,15.37903],[73.80708,15.37903],[73.80708,15.37986],[73.80736,15.37986],[73.80736,15.38042],[73.80764,15.38042],[73.80764,15.38181],[73.80736,15.38181],[73.80736,15.38319],[73.80764,15.38319],[73.80764,15.38597],[73.80736,15.38597],[73.80736,15.39014],[73.80708,15.39014],[73.80708,15.39069],[73.80681,15.39069],[73.80681,15.39153],[73.80653,15.39153],[73.80653,15.39208],[73.80625,15.39208],[73.80625,15.39264],[73.80598,15.39264],[73.80598,15.39292],[73.80569,15.39292],[73.80569,15.3932],[73.80542,15.39319],[73.80542,15.39348],[73.80514,15.39348],[73.80514,15.39375],[73.80486,15.39375],[73.80486,15.39403],[73.80431,15.39403],[73.80431,15.39458],[73.80375,15.39458],[73.80375,15.39486],[73.80209,15.39486],[73.80209,15.39458],[73.80097,15.39458],[73.80097,15.39431],[73.79625,15.39431],[73.79625,15.39458],[73.79542,15.39458],[73.79542,15.39431],[73.79486,15.39431],[73.79486,15.39403],[73.7943,15.39403],[73.7943,15.39375],[73.7932,15.39375],[73.7932,15.39403],[73.79181,15.39403],[73.79181,15.39431],[73.79153,15.39431],[73.79153,15.39403],[73.79097,15.39403],[73.79097,15.39431],[73.7907,15.39431],[73.7907,15.39486],[73.79014,15.39486],[73.79014,15.39514],[73.78986,15.39514],[73.78986,15.39569],[73.78958,15.39569],[73.78958,15.39597],[73.78931,15.39597],[73.78931,15.39654],[73.78902,15.39653],[73.78902,15.39736],[73.78931,15.39736],[73.78931,15.3982],[73.78958,15.39819],[73.78958,15.39875],[73.78986,15.39875],[73.78986,15.39903],[73.79014,15.39903],[73.79014,15.39958],[73.79041,15.39958],[73.79041,15.39986],[73.79014,15.39986],[73.79014,15.40014],[73.78986,15.40014],[73.78986,15.40042],[73.78931,15.40042],[73.78931,15.40069],[73.78902,15.40069],[73.78902,15.40097],[73.78875,15.40097],[73.78875,15.40125],[73.78791,15.40125],[73.78791,15.40181],[73.78764,15.4018],[73.78764,15.40208],[73.78736,15.40208],[73.78736,15.40236],[73.78709,15.40235],[73.78709,15.40292],[73.7868,15.40292],[73.7868,15.40375],[73.78653,15.40375],[73.78653,15.40486],[73.78625,15.40486],[73.78625,15.40569],[73.78597,15.40569],[73.78597,15.40625],[73.7857,15.40625],[73.7857,15.40681],[73.78542,15.40681],[73.78542,15.40708],[73.78458,15.40708],[73.78458,15.40736],[73.78403,15.40736],[73.78403,15.40764],[73.78375,15.40764],[73.78375,15.40792],[73.78347,15.40792],[73.78347,15.40848],[73.7832,15.40848],[73.7832,15.40875],[73.78291,15.40875],[73.78291,15.41042],[73.78264,15.41042],[73.78264,15.41236],[73.78291,15.41236],[73.78291,15.41292],[73.7832,15.41292],[73.7832,15.41319],[73.78347,15.41319],[73.78347,15.41347],[73.78375,15.41347],[73.78375,15.41375],[73.78403,15.41375],[73.78403,15.41403],[73.7843,15.41403],[73.78431,15.41431],[73.78514,15.41431],[73.78514,15.41458],[73.78736,15.41458],[73.78736,15.41431],[73.78791,15.41431],[73.78791,15.41403],[73.78848,15.41403],[73.78848,15.41375],[73.78875,15.41375],[73.78875,15.41403],[73.78931,15.41403],[73.78931,15.41431],[73.78986,15.41431],[73.78986,15.41458],[73.79014,15.41458],[73.79014,15.41542],[73.79041,15.41542],[73.79041,15.41681],[73.7907,15.41681],[73.7907,15.41764],[73.79097,15.41764],[73.79097,15.41792],[73.79125,15.41792],[73.79125,15.41847],[73.79153,15.41847],[73.79153,15.41875],[73.79208,15.41875],[73.79208,15.41847],[73.79236,15.41847],[73.79236,15.41764],[73.79264,15.41764],[73.79264,15.41681],[73.79404,15.41681],[73.79404,15.41653],[73.79486,15.41653],[73.79486,15.41625],[73.79514,15.41625],[73.79514,15.41514],[73.79542,15.41514],[73.79542,15.41486],[73.79569,15.41486],[73.79569,15.41431],[73.79597,15.41431],[73.79597,15.41375],[73.79625,15.41375],[73.79625,15.41347],[73.79652,15.41347],[73.79652,15.41319],[73.79681,15.41319],[73.79681,15.41292],[73.79736,15.41292],[73.79736,15.41264],[73.79792,15.41264],[73.79792,15.41236],[73.80042,15.41236],[73.80042,15.41208],[73.80097,15.41208],[73.80097,15.41181],[73.80125,15.41181],[73.80125,15.41152],[73.8018,15.41153],[73.8018,15.41125],[73.80209,15.41125],[73.80209,15.41042],[73.80236,15.41042],[73.80236,15.40986],[73.80375,15.40986],[73.80375,15.40958],[73.80403,15.40958],[73.80403,15.40931],[73.80431,15.40931],[73.80431,15.40903],[73.80486,15.40903],[73.80486,15.40819],[73.80514,15.40819],[73.80514,15.40792],[73.80625,15.40792],[73.80625,15.40764],[73.80653,15.40764],[73.80653,15.40736],[73.80681,15.40736],[73.80681,15.40708],[73.80736,15.40708],[73.80736,15.40681],[73.80764,15.40681],[73.80764,15.40653],[73.80791,15.40653],[73.80791,15.40625],[73.8082,15.40625],[73.8082,15.40569],[73.80847,15.40569],[73.80847,15.40514],[73.80875,15.40514],[73.80875,15.40458],[73.80903,15.40458],[73.80903,15.40392],[73.80903,15.40264],[73.8093,15.40264],[73.8093,15.40097],[73.81097,15.40097],[73.81097,15.40125],[73.81181,15.40125],[73.81181,15.40153],[73.81235,15.40153],[73.81236,15.40181],[73.81319,15.4018],[73.81319,15.40208],[73.81347,15.40208],[73.81347,15.40236],[73.81375,15.40235],[73.81375,15.40264],[73.81431,15.40264],[73.81431,15.40292],[73.81486,15.40292],[73.81486,15.4032],[73.81541,15.4032],[73.81541,15.40347],[73.8157,15.40347],[73.8157,15.40375],[73.81597,15.40375],[73.81597,15.40403],[73.81625,15.40403],[73.81625,15.40431],[73.81653,15.40431],[73.81653,15.40514],[73.81625,15.40514],[73.81625,15.40708],[73.81653,15.40708],[73.81653,15.40764],[73.81625,15.40764],[73.81625,15.40848],[73.81597,15.40848],[73.81597,15.41042],[73.81653,15.41042],[73.81653,15.41069],[73.8168,15.41069],[73.8168,15.41097],[73.81875,15.41097],[73.81875,15.41069],[73.81958,15.41069],[73.81958,15.41042],[73.82125,15.41042],[73.82125,15.41014],[73.82208,15.41014],[73.82208,15.40958],[73.82264,15.40958],[73.82264,15.40931],[73.8232,15.40931],[73.8232,15.40819],[73.82347,15.40819],[73.82347,15.40792],[73.8232,15.40792],[73.8232,15.40764],[73.82347,15.40764],[73.82347,15.40569],[73.82375,15.40569],[73.82375,15.40541],[73.8246,15.40541],[73.82486,15.40542],[73.82486,15.40514],[73.82625,15.40514],[73.82625,15.40486],[73.82653,15.40486],[73.82653,15.40458],[73.82681,15.40458],[73.82681,15.40431],[73.82708,15.40431],[73.82708,15.40375],[73.82736,15.40375],[73.82736,15.40347],[73.82819,15.40347],[73.82819,15.40431],[73.82792,15.40431],[73.82792,15.40486],[73.82764,15.40486],[73.82764,15.40653],[73.82792,15.40653],[73.82792,15.40681],[73.82819,15.40681],[73.82819,15.40708],[73.82931,15.40708],[73.82931,15.40736],[73.82958,15.40736],[73.82958,15.40708],[73.83014,15.40708],[73.83014,15.40681],[73.83097,15.40681],[73.83097,15.40653],[73.83236,15.40653],[73.83236,15.40681],[73.83292,15.40681],[73.83292,15.40736],[73.83319,15.40736],[73.83319,15.40792],[73.83347,15.40792],[73.83347,15.40819],[73.83375,15.40819],[73.83375,15.40958],[73.83403,15.40958],[73.83403,15.40986],[73.83459,15.40986],[73.83459,15.41014],[73.83569,15.41014],[73.83569,15.40986],[73.83625,15.40986],[73.83625,15.41014],[73.83736,15.41014],[73.83736,15.41042],[73.8382,15.41042],[73.8382,15.41069],[73.8393,15.41069],[73.8393,15.41097],[73.83958,15.41097],[73.83958,15.41069],[73.84069,15.41069],[73.8407,15.41042],[73.84125,15.41042],[73.84125,15.41014],[73.84153,15.41014],[73.84153,15.40958],[73.8418,15.40958],[73.8418,15.40931],[73.84264,15.40931],[73.84264,15.40903],[73.84319,15.40903],[73.84319,15.40875],[73.84402,15.40875],[73.84402,15.40848],[73.84431,15.40848],[73.84433,15.40764],[73.84458,15.40764],[73.84458,15.40625],[73.84486,15.40625],[73.84486,15.40542],[73.84515,15.40542],[73.84515,15.40486],[73.84486,15.40486],[73.84486,15.40375],[73.84515,15.40375],[73.84514,15.40347],[73.84458,15.40347],[73.84458,15.4032],[73.84486,15.4032],[73.84486,15.40264],[73.84458,15.40264],[73.84458,15.40235],[73.84402,15.40236],[73.84402,15.4018],[73.84431,15.40181],[73.84431,15.40153],[73.84458,15.40153],[73.84458,15.40097],[73.84486,15.40097],[73.84486,15.40042],[73.84515,15.40042],[73.84515,15.40014],[73.84541,15.40014],[73.84541,15.39986],[73.84625,15.39986],[73.84625,15.39958],[73.84764,15.39958],[73.84764,15.39986],[73.84903,15.39986],[73.84903,15.40014],[73.84959,15.40014],[73.84959,15.40069],[73.84986,15.40069],[73.84986,15.40097],[73.85014,15.40097],[73.85014,15.40153],[73.85042,15.40153],[73.85042,15.40181],[73.85181,15.4018],[73.85181,15.40208],[73.85264,15.40208],[73.85264,15.4018],[73.85347,15.40181],[73.85347,15.40153],[73.85403,15.40153],[73.85403,15.40125],[73.85486,15.40125],[73.85486,15.40097],[73.8557,15.40097],[73.8557,15.40069],[73.85625,15.40069],[73.85625,15.40042],[73.85653,15.40042],[73.85653,15.40014],[73.85709,15.40014],[73.85709,15.39986],[73.85764,15.39986],[73.85764,15.39958],[73.85792,15.39958],[73.85792,15.39903],[73.85818,15.39903],[73.85819,15.39875],[73.85847,15.39875],[73.85847,15.39903],[73.85875,15.39903],[73.85875,15.39847],[73.85902,15.39847],[73.85902,15.39875],[73.85931,15.39875],[73.85931,15.39903],[73.85958,15.39903],[73.85958,15.39931],[73.85986,15.39931],[73.85986,15.39958],[73.86014,15.39958],[73.86014,15.39986],[73.86042,15.39986],[73.86042,15.40014],[73.86069,15.40014],[73.86069,15.40042],[73.86083,15.40042],[73.86097,15.40042],[73.86097,15.40069],[73.86125,15.40069],[73.86125,15.40125],[73.86181,15.40125],[73.86181,15.40153],[73.86264,15.40153],[73.86264,15.40208],[73.86347,15.40208],[73.86347,15.40236],[73.86456,15.40236],[73.86486,15.40236],[73.86486,15.40252],[73.86486,15.40292],[73.86514,15.40292],[73.86514,15.40264],[73.86542,15.40264],[73.86542,15.40235],[73.86736,15.40236],[73.86736,15.40208],[73.86792,15.40208],[73.86792,15.4018],[73.86875,15.40181],[73.86875,15.40153],[73.86932,15.40153],[73.86932,15.40125],[73.87014,15.40125],[73.87014,15.40069],[73.87097,15.40069],[73.87097,15.40042],[73.87153,15.40042],[73.87153,15.39986],[73.8718,15.39986],[73.8718,15.39875],[73.87125,15.39875],[73.87125,15.39847],[73.87097,15.39847],[73.87097,15.39792],[73.87125,15.39792],[73.87125,15.39736],[73.87153,15.39736],[73.87153,15.39708],[73.87209,15.39708],[73.87209,15.3968],[73.87403,15.3968],[73.87403,15.39708],[73.87514,15.39708],[73.87514,15.39736],[73.87542,15.39736],[73.87542,15.39708],[73.87569,15.39708],[73.87569,15.3968],[73.87681,15.3968],[73.87681,15.39708],[73.87708,15.39708],[73.87708,15.39736],[73.87736,15.39736],[73.87736,15.39792],[73.87764,15.39792],[73.87764,15.3982],[73.87847,15.3982],[73.87847,15.39847],[73.87875,15.39847],[73.87875,15.39875],[73.87903,15.39875],[73.87903,15.39903],[73.88042,15.39903],[73.88042,15.39875],[73.88069,15.39875],[73.88069,15.39847],[73.88264,15.39847],[73.88264,15.39875],[73.88292,15.39875],[73.88292,15.39903],[73.88319,15.39903],[73.88319,15.39931],[73.88347,15.39931],[73.88347,15.39958],[73.88375,15.39958],[73.88375,15.39986],[73.88403,15.39986],[73.88403,15.40014],[73.88431,15.40014],[73.88431,15.40069],[73.88458,15.40069],[73.88458,15.40097],[73.88486,15.40097],[73.88486,15.40125],[73.88514,15.40125],[73.88514,15.40153],[73.88541,15.40153],[73.88541,15.40181],[73.8857,15.4018],[73.8857,15.40236],[73.88653,15.40235],[73.88653,15.40264],[73.8868,15.40264],[73.8868,15.40486],[73.88653,15.40486],[73.88653,15.40597],[73.88625,15.40597],[73.88625,15.40625],[73.88707,15.40625],[73.88707,15.40653],[73.88792,15.40653],[73.88792,15.40764],[73.88847,15.40764],[73.88847,15.40792],[73.88958,15.40792],[73.88958,15.40764],[73.89042,15.40764],[73.89042,15.40792],[73.89069,15.40792],[73.89069,15.40819],[73.89098,15.40819],[73.89098,15.40848],[73.89153,15.40848],[73.89153,15.40875],[73.89208,15.40875],[73.89208,15.40848],[73.89236,15.40848],[73.89236,15.40875],[73.89264,15.40875],[73.89264,15.40848],[73.8932,15.40848],[73.8932,15.40819],[73.89375,15.40819],[73.89375,15.40792],[73.89403,15.40792],[73.89403,15.40764],[73.89458,15.40764],[73.89458,15.40736],[73.89486,15.40736],[73.89486,15.40819],[73.89514,15.40819],[73.89514,15.40931],[73.89542,15.40931],[73.89542,15.41042],[73.89569,15.41042],[73.89569,15.41125],[73.89597,15.41125],[73.89597,15.41236],[73.89625,15.41236],[73.89625,15.41347],[73.89653,15.41347],[73.89653,15.41458],[73.8968,15.41458],[73.8968,15.41486],[73.89653,15.41486],[73.89653,15.41514],[73.89626,15.41514],[73.89626,15.41542],[73.89597,15.41542],[73.89597,15.41597],[73.89569,15.41597],[73.89569,15.41653],[73.89542,15.41653],[73.89542,15.41681],[73.89486,15.41681],[73.89486,15.41764],[73.89458,15.41764],[73.89458,15.41792],[73.8943,15.41792],[73.8943,15.41847],[73.89375,15.41847],[73.89375,15.41875],[73.89347,15.41875],[73.89347,15.41903],[73.8932,15.41903],[73.8932,15.41958],[73.89291,15.41958],[73.89291,15.42042],[73.89264,15.42042],[73.89264,15.42125],[73.89208,15.42125],[73.89208,15.42236],[73.89181,15.42236],[73.89181,15.42292],[73.89153,15.42292],[73.89153,15.42347],[73.89125,15.42346],[73.89125,15.42403],[73.89098,15.42403],[73.89098,15.42458],[73.89069,15.42458],[73.89069,15.42486],[73.89042,15.42486],[73.89042,15.42514],[73.89013,15.42514],[73.89013,15.4257]]]]}}],"state":"Goa","source":"geohacker/india (Datameet-derived), Census 2011 boundaries"}