{"type":"FeatureCollection","features":[{"type":"Feature","properties":{"ID_0":105,"ISO":"IND","NAME_0":"India","ID_1":13,"NAME_1":"Haryana","ID_2":149,"NAME_2":"Ambala","NL_NAME_2":null,"VARNAME_2":null,"TYPE_2":"District","ENGTYPE_2":"District","STATE":"Haryana","DISTRICT":"Ambala"},"geometry":{"type":"Polygon","coordinates":[[[77.07252,30.58105],[77.07688,30.57795],[77.0825,30.58087],[77.08778,30.58375],[77.09364,30.5861],[77.09939,30.5851],[77.10509,30.58249],[77.1113,30.58188],[77.11707,30.58022],[77.12379,30.57269],[77.12059,30.57118],[77.11514,30.56984],[77.11289,30.56824],[77.1115,30.56729],[77.1137,30.56244],[77.11651,30.55744],[77.12234,30.54823],[77.13106,30.54151],[77.13758,30.53858],[77.14554,30.5378],[77.15204,30.53691],[77.16369,30.53412],[77.16953,30.53288],[77.17455,30.53052],[77.18535,30.52588],[77.19083,30.51933],[77.19589,30.51177],[77.19966,30.5066],[77.19958,30.49914],[77.20031,30.48905],[77.19904,30.48454],[77.20261,30.48034],[77.21191,30.48187],[77.21886,30.48598],[77.22677,30.48861],[77.23346,30.48747],[77.24187,30.48536],[77.25178,30.48441],[77.25659,30.48142],[77.26084,30.47612],[77.26193,30.47104],[77.26358,30.46667],[77.27456,30.46404],[77.28244,30.46192],[77.29374,30.45913],[77.3007,30.4566],[77.3107,30.45362],[77.30922,30.44739],[77.30663,30.44212],[77.30063,30.43657],[77.29085,30.43786],[77.28478,30.43226],[77.27985,30.42584],[77.27357,30.42035],[77.26875,30.41658],[77.26551,30.41171],[77.26331,30.40524],[77.26858,30.40255],[77.27325,30.39951],[77.27036,30.39182],[77.26524,30.38038],[77.25899,30.37505],[77.25151,30.36937],[77.2381,30.36253],[77.2304,30.35661],[77.22537,30.36422],[77.21218,30.35846],[77.20277,30.3559],[77.19592,30.34912],[77.19029,30.3401],[77.18491,30.33331],[77.17542,30.33329],[77.17043,30.32811],[77.17376,30.32195],[77.17712,30.31744],[77.17188,30.31068],[77.1658,30.30928],[77.15818,30.30966],[77.15734,30.3018],[77.14964,30.29762],[77.14281,30.29245],[77.13491,30.28955],[77.12773,30.28571],[77.1232,30.27351],[77.12659,30.26665],[77.12391,30.2585],[77.12081,30.25387],[77.12408,30.24731],[77.12892,30.24518],[77.13428,30.24775],[77.14114,30.24904],[77.14718,30.24693],[77.15235,30.2402],[77.1517,30.23258],[77.1489,30.22737],[77.14223,30.2206],[77.13435,30.21815],[77.13132,30.22391],[77.12813,30.22931],[77.12161,30.23271],[77.11683,30.23429],[77.1033,30.23344],[77.0985,30.22879],[77.09213,30.22924],[77.08121,30.22786],[77.07982,30.22203],[77.07245,30.21986],[77.06497,30.21544],[77.06149,30.20833],[77.06286,30.20187],[77.07133,30.19719],[77.08138,30.19492],[77.08797,30.19191],[77.09198,30.18961],[77.09604,30.18668],[77.0987,30.18023],[77.0921,30.17176],[77.08898,30.1673],[77.08646,30.16277],[77.08521,30.1586],[77.08202,30.15824],[77.07836,30.16303],[77.07545,30.16615],[77.07053,30.16823],[77.06575,30.1706],[77.06178,30.17014],[77.05894,30.16691],[77.06181,30.16204],[77.06258,30.1551],[77.05638,30.14566],[77.05731,30.13817],[77.05561,30.13168],[77.0528,30.12696],[77.04529,30.12703],[77.03931,30.12938],[77.03418,30.1322],[77.02931,30.13557],[77.02446,30.14156],[77.01942,30.14699],[77.01403,30.15199],[77.00766,30.15623],[76.9976,30.16214],[76.99226,30.16607],[76.98854,30.16822],[76.98767,30.16892],[76.96938,30.17159],[76.96523,30.16688],[76.95587,30.16464],[76.95425,30.16079],[76.9491,30.15835],[76.94347,30.16109],[76.93727,30.16455],[76.93151,30.17096],[76.93097,30.18099],[76.93354,30.18433],[76.94452,30.18793],[76.94788,30.19615],[76.92493,30.2015],[76.91354,30.2035],[76.90492,30.20351],[76.89571,30.1988],[76.8904,30.19298],[76.88381,30.19682],[76.87966,30.20126],[76.87291,30.20631],[76.87501,30.21397],[76.87106,30.21847],[76.86518,30.22145],[76.85155,30.23204],[76.85001,30.23726],[76.85331,30.24807],[76.84964,30.25027],[76.8419,30.25228],[76.81933,30.25304],[76.81122,30.24612],[76.8097,30.24081],[76.80943,30.23113],[76.80113,30.22003],[76.79536,30.21619],[76.78405,30.21361],[76.77339,30.21223],[76.76845,30.20718],[76.76228,30.2024],[76.75624,30.20115],[76.74902,30.19695],[76.7373,30.19857],[76.71935,30.19582],[76.68864,30.19247],[76.67371,30.18871],[76.66488,30.17306],[76.65198,30.16557],[76.64587,30.15858],[76.63429,30.15255],[76.62764,30.15511],[76.62274,30.1703],[76.63925,30.18521],[76.64172,30.18925],[76.64198,30.19367],[76.63717,30.19695],[76.63892,30.20594],[76.63282,30.21001],[76.61675,30.21106],[76.60941,30.21277],[76.60428,30.21517],[76.60628,30.22001],[76.61187,30.22563],[76.612,30.23097],[76.60931,30.23488],[76.59943,30.24033],[76.59591,30.24394],[76.59032,30.25412],[76.584,30.25653],[76.57589,30.25586],[76.56905,30.25135],[76.54767,30.23444],[76.54438,30.23086],[76.53253,30.22713],[76.53292,30.23208],[76.5422,30.23638],[76.54597,30.24354],[76.54693,30.24953],[76.54582,30.25863],[76.54764,30.26492],[76.55793,30.26426],[76.58094,30.26987],[76.6045,30.27226],[76.60982,30.27061],[76.61438,30.27527],[76.6197,30.28785],[76.62283,30.29139],[76.6263,30.28393],[76.65128,30.29934],[76.66243,30.29955],[76.67307,30.31277],[76.67088,30.31917],[76.67463,30.32595],[76.6795,30.32137],[76.68847,30.32598],[76.69768,30.32486],[76.70026,30.32985],[76.70475,30.33169],[76.71096,30.32987],[76.71516,30.33291],[76.71516,30.3399],[76.72392,30.34437],[76.72901,30.34843],[76.73463,30.35394],[76.73853,30.35965],[76.73502,30.36491],[76.73039,30.36744],[76.71136,30.36513],[76.70894,30.36817],[76.71809,30.37711],[76.71572,30.38026],[76.70488,30.38083],[76.70168,30.38483],[76.70015,30.39361],[76.71289,30.39824],[76.72655,30.405],[76.72517,30.42042],[76.73786,30.42487],[76.74887,30.42663],[76.75439,30.43281],[76.75787,30.43889],[76.76333,30.43973],[76.76675,30.436],[76.76433,30.42501],[76.77082,30.4183],[76.78069,30.41502],[76.79729,30.41512],[76.80846,30.41186],[76.82314,30.42255],[76.8279,30.43033],[76.83246,30.43388],[76.83973,30.42075],[76.84727,30.4149],[76.86473,30.40879],[76.86756,30.40152],[76.86624,30.39483],[76.87441,30.39128],[76.88023,30.38622],[76.88043,30.38299],[76.87572,30.36954],[76.87644,30.36334],[76.88023,30.3597],[76.88722,30.35838],[76.89227,30.35968],[76.89777,30.3626],[76.90349,30.36751],[76.91699,30.38276],[76.92078,30.38478],[76.9273,30.38864],[76.93027,30.39259],[76.9314,30.39707],[76.92905,30.39989],[76.9258,30.40159],[76.91947,30.40303],[76.90926,30.40327],[76.90518,30.40469],[76.90385,30.40671],[76.90392,30.40995],[76.90524,30.41319],[76.9037,30.41823],[76.90371,30.42488],[76.90168,30.42833],[76.88993,30.43669],[76.88885,30.44111],[76.89072,30.45106],[76.89519,30.45557],[76.89805,30.46778],[76.89664,30.47538],[76.88985,30.47933],[76.88892,30.48459],[76.89386,30.48964],[76.90115,30.48885],[76.90781,30.49079],[76.91237,30.49366],[76.91591,30.49942],[76.91829,30.50723],[76.92033,30.51802],[76.92007,30.52469],[76.93748,30.52828],[76.94434,30.53123],[76.95005,30.53556],[76.95696,30.54493],[76.96266,30.56311],[76.96671,30.56876],[76.98022,30.58101],[76.98696,30.58565],[76.9902,30.59025],[76.99296,30.59513],[76.99576,30.59998],[76.99888,30.60463],[77.00321,30.60858],[77.00838,30.61133],[77.01263,30.61531],[77.01655,30.61951],[77.01968,30.62412],[77.0173,30.6292],[77.01862,30.6344],[77.02269,30.63656],[77.02713,30.63297],[77.03065,30.62851],[77.03355,30.6238],[77.03745,30.61959],[77.04144,30.6154],[77.04538,30.61117],[77.04905,30.60679],[77.05239,30.60218],[77.05596,30.59777],[77.06018,30.59373],[77.06433,30.58971],[77.0685,30.58564],[77.07252,30.58105]]]}},{"type":"Feature","properties":{"ID_0":105,"ISO":"IND","NAME_0":"India","ID_1":13,"NAME_1":"Haryana","ID_2":150,"NAME_2":"Bhiwani","NL_NAME_2":null,"VARNAME_2":null,"TYPE_2":"District","ENGTYPE_2":"District","STATE":"Haryana","DISTRICT":"Bhiwani"},"geometry":{"type":"Polygon","coordinates":[[[76.00885,29.06304],[76.01419,29.06256],[76.02136,29.06606],[76.02748,29.06661],[76.03499,29.06586],[76.04079,29.0669],[76.04337,29.06504],[76.04247,29.04801],[76.04515,29.04246],[76.05566,29.03284],[76.06107,29.0302],[76.06976,29.03088],[76.0743,29.03538],[76.07785,29.04455],[76.09232,29.05709],[76.0994,29.05876],[76.1189,29.05069],[76.13618,29.04663],[76.13932,29.05347],[76.14264,29.0566],[76.15338,29.05471],[76.15901,29.05445],[76.16449,29.05563],[76.17256,29.0589],[76.18032,29.06089],[76.18807,29.06072],[76.19556,29.05585],[76.20052,29.05025],[76.20471,29.04144],[76.20621,29.03592],[76.20093,29.02946],[76.19666,29.02744],[76.19811,29.02453],[76.205,29.02539],[76.2094,29.02375],[76.20898,29.01905],[76.19886,29.00495],[76.21495,28.99761],[76.22315,28.99121],[76.21038,28.97851],[76.20915,28.96319],[76.21083,28.958],[76.21546,28.95756],[76.21915,28.95243],[76.23968,28.94353],[76.23429,28.93287],[76.23032,28.91567],[76.23981,28.91132],[76.26252,28.90673],[76.27583,28.912],[76.29057,28.90892],[76.28395,28.89126],[76.28218,28.8832],[76.28227,28.88028],[76.28582,28.87363],[76.28773,28.86798],[76.2862,28.86306],[76.28107,28.85564],[76.28265,28.8525],[76.28813,28.84677],[76.2898,28.83949],[76.28968,28.83395],[76.28526,28.81345],[76.29815,28.81434],[76.30737,28.81808],[76.32513,28.81706],[76.32874,28.81321],[76.34709,28.8059],[76.35085,28.80297],[76.35686,28.79431],[76.36445,28.78938],[76.37231,28.7872],[76.37626,28.7841],[76.37898,28.77417],[76.38257,28.77245],[76.39159,28.76478],[76.3936,28.75981],[76.39632,28.75603],[76.39133,28.73773],[76.38424,28.73357],[76.37834,28.72753],[76.37741,28.72329],[76.37116,28.71364],[76.37144,28.70816],[76.37459,28.70392],[76.39651,28.68583],[76.39494,28.67447],[76.39658,28.67104],[76.42581,28.66927],[76.44064,28.66446],[76.44335,28.66056],[76.44325,28.6524],[76.43591,28.64623],[76.44112,28.63953],[76.44932,28.63182],[76.45551,28.62189],[76.4555,28.61607],[76.4471,28.6087],[76.44,28.60379],[76.43542,28.60396],[76.42898,28.6074],[76.42352,28.59376],[76.41695,28.56248],[76.41132,28.5568],[76.40362,28.55563],[76.39893,28.55892],[76.39663,28.5989],[76.39091,28.60283],[76.37545,28.60574],[76.35548,28.61257],[76.35204,28.62193],[76.34412,28.61599],[76.34038,28.60636],[76.33913,28.58821],[76.33835,28.5867],[76.3303,28.58698],[76.32854,28.58395],[76.32984,28.5802],[76.3358,28.57423],[76.33863,28.56926],[76.33518,28.54996],[76.32909,28.53086],[76.32299,28.5082],[76.32004,28.50099],[76.31791,28.49842],[76.31336,28.49934],[76.30522,28.50295],[76.29252,28.50374],[76.28314,28.49891],[76.27839,28.48918],[76.27911,28.48376],[76.2846,28.47517],[76.28684,28.46317],[76.2856,28.45035],[76.28194,28.43934],[76.26406,28.44395],[76.247,28.44154],[76.24122,28.44392],[76.23856,28.44744],[76.23648,28.45971],[76.23433,28.46519],[76.22231,28.47193],[76.21156,28.47164],[76.2075,28.46425],[76.20629,28.45375],[76.20306,28.44907],[76.19669,28.44839],[76.19507,28.44553],[76.18869,28.44663],[76.18223,28.44508],[76.1779,28.43622],[76.16603,28.43495],[76.16336,28.43716],[76.16329,28.44567],[76.16236,28.45159],[76.15472,28.45592],[76.15491,28.46689],[76.14636,28.46692],[76.14196,28.45753],[76.13666,28.4535],[76.1274,28.45451],[76.11866,28.45326],[76.10836,28.45514],[76.10452,28.44902],[76.0994,28.43322],[76.08949,28.42975],[76.08399,28.41832],[76.07773,28.41303],[76.07025,28.39858],[76.05916,28.40094],[76.04791,28.40026],[76.02834,28.39675],[76.01949,28.39438],[76.01334,28.39463],[76.01299,28.39886],[76.01495,28.40793],[76.00569,28.41634],[76.0082,28.43643],[75.99136,28.44432],[75.96387,28.44247],[75.89768,28.43358],[75.89357,28.43102],[75.89159,28.42144],[75.89317,28.41115],[75.89582,28.40358],[75.889,28.39892],[75.88923,28.39366],[75.88354,28.39199],[75.88316,28.3867],[75.87213,28.39085],[75.8412,28.39728],[75.83508,28.3977],[75.82824,28.40907],[75.81814,28.40589],[75.81671,28.4115],[75.80259,28.41423],[75.79405,28.40988],[75.78759,28.40444],[75.78256,28.40723],[75.77032,28.40762],[75.76545,28.42078],[75.77683,28.43047],[75.78513,28.43921],[75.78516,28.45074],[75.77823,28.45761],[75.74714,28.46938],[75.735,28.47264],[75.73655,28.4872],[75.72395,28.49129],[75.70069,28.49533],[75.69008,28.4991],[75.6711,28.51693],[75.66393,28.52086],[75.66549,28.53328],[75.66333,28.53611],[75.65356,28.54057],[75.64352,28.54291],[75.63665,28.54751],[75.6291,28.54597],[75.62526,28.55851],[75.61905,28.58873],[75.62002,28.59923],[75.61805,28.60221],[75.60934,28.60588],[75.58495,28.60638],[75.577,28.61667],[75.55571,28.61459],[75.54901,28.64312],[75.53957,28.64887],[75.54072,28.65528],[75.53793,28.66129],[75.5398,28.67602],[75.53664,28.68217],[75.53548,28.68839],[75.53149,28.71729],[75.53094,28.73282],[75.52603,28.74292],[75.52892,28.75028],[75.52196,28.75615],[75.51608,28.77223],[75.50503,28.78279],[75.49854,28.78766],[75.50392,28.79674],[75.50312,28.80929],[75.50879,28.81529],[75.51337,28.83659],[75.5105,28.84342],[75.50268,28.84598],[75.49915,28.85036],[75.49772,28.85619],[75.48799,28.85965],[75.48843,28.89832],[75.48463,28.90166],[75.46708,28.92625],[75.46889,28.93799],[75.49757,28.94149],[75.50355,28.95182],[75.50294,28.96148],[75.50892,28.96574],[75.51652,28.97539],[75.53656,28.97365],[75.54219,28.97903],[75.54968,28.98282],[75.56062,28.98678],[75.59251,28.99607],[75.60371,28.9912],[75.61759,28.97847],[75.62862,28.96709],[75.62597,28.95931],[75.63966,28.94209],[75.64523,28.94343],[75.67137,28.91642],[75.69668,28.90923],[75.7391,28.90918],[75.75352,28.90298],[75.75933,28.90456],[75.76614,28.91668],[75.76768,28.92265],[75.77734,28.92845],[75.78738,28.93066],[75.80674,28.91994],[75.82266,28.91671],[75.84259,28.93124],[75.84528,28.93894],[75.84739,28.95687],[75.84905,28.96558],[75.8617,28.9691],[75.87404,28.97981],[75.87584,28.99079],[75.8839,28.98898],[75.88597,29.00432],[75.88834,29.01173],[75.89455,29.01992],[75.90575,29.02566],[75.918,29.02521],[75.92767,29.0216],[75.94107,29.01147],[75.94733,29.00422],[75.97098,28.99861],[75.97046,29.00418],[75.97516,29.01505],[75.96716,29.03479],[75.95969,29.05704],[75.96198,29.06567],[75.97012,29.08175],[75.97844,29.08569],[75.98402,29.07856],[75.99035,29.0721],[76.00406,29.06566],[76.00885,29.06304]]]}},{"type":"Feature","properties":{"ID_0":105,"ISO":"IND","NAME_0":"India","ID_1":13,"NAME_1":"Haryana","ID_2":151,"NAME_2":"Faridabad","NL_NAME_2":null,"VARNAME_2":null,"TYPE_2":"District","ENGTYPE_2":"District","STATE":"Haryana","DISTRICT":"Faridabad"},"geometry":{"type":"Polygon","coordinates":[[[77.36396,28.4929],[77.36412,28.48565],[77.36936,28.48069],[77.37601,28.47616],[77.38817,28.47282],[77.3979,28.47117],[77.40003,28.4667],[77.39484,28.4628],[77.3978,28.45864],[77.40829,28.4556],[77.41814,28.45579],[77.42578,28.45454],[77.4283,28.44406],[77.436,28.43161],[77.44399,28.42897],[77.45148,28.42486],[77.4561,28.42099],[77.4687,28.41753],[77.47456,28.41351],[77.47386,28.40381],[77.46684,28.39968],[77.46954,28.3943],[77.48589,28.3797],[77.49206,28.36952],[77.49424,28.35826],[77.48518,28.35021],[77.46641,28.34121],[77.46375,28.33801],[77.46593,28.33394],[77.47356,28.32788],[77.48186,28.32362],[77.49579,28.30704],[77.49417,28.30026],[77.49477,28.29261],[77.49274,28.28063],[77.48808,28.27912],[77.47225,28.28121],[77.46481,28.27743],[77.4673,28.26972],[77.48708,28.26176],[77.50207,28.25784],[77.51062,28.25489],[77.5116,28.25455],[77.51225,28.25433],[77.52502,28.25343],[77.53878,28.25441],[77.54121,28.24774],[77.53562,28.24052],[77.51558,28.22976],[77.51704,28.22139],[77.52158,28.21739],[77.52328,28.20717],[77.51912,28.20178],[77.51282,28.20168],[77.51057,28.20633],[77.4976,28.21302],[77.48912,28.21199],[77.49062,28.19306],[77.49212,28.1851],[77.50152,28.18719],[77.50566,28.19547],[77.52082,28.19174],[77.53019,28.19295],[77.53795,28.19089],[77.54237,28.18166],[77.53177,28.17026],[77.5116,28.16489],[77.49891,28.16301],[77.49637,28.15987],[77.49529,28.14581],[77.48987,28.14438],[77.48725,28.14143],[77.48796,28.13878],[77.49847,28.13569],[77.49964,28.12736],[77.4994,28.12259],[77.49137,28.11271],[77.49324,28.10818],[77.49374,28.10227],[77.49231,28.09801],[77.49014,28.09529],[77.48602,28.09739],[77.48278,28.10785],[77.47823,28.10797],[77.47479,28.10428],[77.47307,28.10372],[77.46887,28.08601],[77.47002,28.08373],[77.47173,28.07875],[77.47684,28.07331],[77.4829,28.06071],[77.48285,28.05765],[77.47764,28.0491],[77.47911,28.04416],[77.48971,28.03932],[77.49517,28.0343],[77.49744,28.03064],[77.50177,28.02738],[77.50652,28.02234],[77.50938,28.01772],[77.51189,28.01025],[77.52011,28.00655],[77.53522,27.99333],[77.53215,27.98885],[77.52668,27.98402],[77.51344,27.97744],[77.50958,27.97333],[77.5106,27.96821],[77.51503,27.96548],[77.52901,27.96625],[77.53592,27.96555],[77.53734,27.95777],[77.53613,27.9493],[77.53137,27.94182],[77.51921,27.93188],[77.51376,27.93634],[77.51117,27.93742],[77.50586,27.93614],[77.49778,27.93141],[77.49538,27.93077],[77.49226,27.93181],[77.4906,27.93395],[77.48796,27.94145],[77.48475,27.94391],[77.47766,27.94021],[77.46873,27.93291],[77.46845,27.93188],[77.4706,27.92789],[77.47086,27.92061],[77.47245,27.9192],[77.47462,27.91206],[77.47249,27.9012],[77.46982,27.89473],[77.45849,27.8853],[77.44585,27.87841],[77.4422,27.87848],[77.43034,27.88884],[77.4222,27.89448],[77.41423,27.89652],[77.41229,27.89616],[77.41104,27.89502],[77.4071,27.88913],[77.40409,27.88661],[77.40155,27.8819],[77.40453,27.87583],[77.40513,27.87175],[77.4063,27.86967],[77.4137,27.8626],[77.41442,27.86069],[77.41239,27.85907],[77.40378,27.85824],[77.39282,27.85895],[77.38208,27.86309],[77.37389,27.8637],[77.37001,27.86313],[77.36483,27.86059],[77.35265,27.85644],[77.34406,27.85899],[77.33933,27.85959],[77.33266,27.85489],[77.33121,27.85268],[77.32925,27.85199],[77.32192,27.85668],[77.31556,27.86237],[77.31547,27.8758],[77.31289,27.88054],[77.29825,27.89324],[77.28803,27.89641],[77.28564,27.89052],[77.28307,27.88706],[77.27878,27.87716],[77.27483,27.87521],[77.26419,27.87707],[77.25426,27.88149],[77.24969,27.88276],[77.23947,27.89134],[77.22849,27.89658],[77.22453,27.90011],[77.21338,27.91798],[77.20794,27.92437],[77.20113,27.93007],[77.19676,27.93539],[77.18932,27.94164],[77.18577,27.94609],[77.17939,27.94854],[77.17723,27.94687],[77.17598,27.94257],[77.17342,27.94015],[77.16848,27.94302],[77.16761,27.94502],[77.16477,27.94734],[77.15749,27.94644],[77.15247,27.94838],[77.14969,27.95374],[77.14347,27.95702],[77.14153,27.95895],[77.13947,27.96178],[77.13757,27.96881],[77.12902,27.96862],[77.12438,27.96607],[77.11183,27.96621],[77.10165,27.97173],[77.09626,27.97328],[77.0932,27.97606],[77.09001,27.97753],[77.07982,27.98477],[77.06884,27.99072],[77.06557,27.99157],[77.06786,27.99498],[77.06924,27.9989],[77.07506,28.00526],[77.09332,28.01071],[77.09967,28.01384],[77.10146,28.0173],[77.09888,28.02116],[77.09509,28.02371],[77.09498,28.02532],[77.10016,28.02794],[77.10381,28.0323],[77.10285,28.03827],[77.10336,28.04346],[77.10631,28.05167],[77.10277,28.05878],[77.09617,28.0617],[77.09144,28.06941],[77.10664,28.07392],[77.1116,28.07226],[77.12254,28.07796],[77.12323,28.08875],[77.1313,28.10334],[77.12906,28.11137],[77.13365,28.1151],[77.13697,28.11973],[77.13583,28.1272],[77.12484,28.13064],[77.1237,28.13633],[77.13409,28.14697],[77.13726,28.15256],[77.14005,28.16121],[77.15324,28.16758],[77.15554,28.17473],[77.15366,28.17987],[77.15415,28.1862],[77.15646,28.18859],[77.16533,28.18783],[77.17385,28.18548],[77.18377,28.18596],[77.18767,28.19893],[77.18364,28.20254],[77.17746,28.20457],[77.16934,28.20498],[77.16869,28.20961],[77.17104,28.21651],[77.17534,28.22023],[77.18795,28.22725],[77.19098,28.23128],[77.18859,28.23562],[77.18726,28.24497],[77.18999,28.25027],[77.19641,28.25352],[77.20101,28.25586],[77.20203,28.2607],[77.20496,28.26559],[77.21931,28.26917],[77.21876,28.26952],[77.23005,28.27428],[77.23082,28.27561],[77.23222,28.2781],[77.23167,28.28145],[77.23009,28.28419],[77.22386,28.28811],[77.21958,28.29279],[77.21584,28.29518],[77.20705,28.29601],[77.19974,28.2992],[77.19547,28.29936],[77.1899,28.29745],[77.18346,28.29695],[77.18034,28.30057],[77.17545,28.30424],[77.1687,28.30676],[77.16221,28.31085],[77.15499,28.31393],[77.14462,28.32202],[77.14181,28.32728],[77.14061,28.33948],[77.14086,28.34623],[77.14222,28.35267],[77.14277,28.36955],[77.14024,28.38355],[77.14085,28.38868],[77.14243,28.39176],[77.15633,28.40023],[77.16577,28.40846],[77.17949,28.41237],[77.19522,28.41253],[77.20591,28.4134],[77.21531,28.41574],[77.22275,28.41897],[77.24062,28.42886],[77.24319,28.43368],[77.2443,28.44167],[77.24328,28.44749],[77.23987,28.45361],[77.23312,28.45945],[77.22643,28.46026],[77.22575,28.46401],[77.22763,28.46975],[77.2324,28.4758],[77.23673,28.47969],[77.24265,28.4846],[77.25397,28.48554],[77.2601,28.48843],[77.27111,28.49703],[77.27805,28.49815],[77.28579,28.49627],[77.29627,28.49115],[77.30095,28.49012],[77.30687,28.49068],[77.31488,28.49457],[77.3217,28.49939],[77.32668,28.50345],[77.32899,28.50832],[77.33447,28.51109],[77.33774,28.50897],[77.34319,28.50361],[77.36048,28.49786],[77.36396,28.4929]]]}},{"type":"Feature","properties":{"ID_0":105,"ISO":"IND","NAME_0":"India","ID_1":13,"NAME_1":"Haryana","ID_2":152,"NAME_2":"Fatehabad","NL_NAME_2":null,"VARNAME_2":null,"TYPE_2":"District","ENGTYPE_2":"District","STATE":"Haryana","DISTRICT":"Fatehabad"},"geometry":{"type":"Polygon","coordinates":[[[75.7832,29.81532],[75.79605,29.80712],[75.81998,29.81538],[75.82902,29.81232],[75.82928,29.8007],[75.83339,29.79066],[75.84125,29.78084],[75.84363,29.77596],[75.85459,29.76966],[75.86378,29.75233],[75.87202,29.75012],[75.87928,29.74707],[75.89069,29.75321],[75.89723,29.75553],[75.90314,29.74628],[75.91395,29.73877],[75.92315,29.73491],[75.92891,29.73365],[75.93401,29.73253],[75.93662,29.73308],[75.93867,29.73351],[75.93762,29.72161],[75.93399,29.71077],[75.92829,29.70073],[75.92665,29.69367],[75.92704,29.6871],[75.93387,29.68059],[75.94093,29.67028],[75.93613,29.66031],[75.93452,29.6505],[75.93803,29.63976],[75.94486,29.6249],[75.94372,29.61415],[75.94016,29.60895],[75.93954,29.60013],[75.94678,29.59673],[75.95123,29.58779],[75.95021,29.58161],[75.94843,29.57777],[75.94949,29.56897],[75.93531,29.5752],[75.92309,29.58337],[75.90206,29.55595],[75.89266,29.5589],[75.8844,29.55783],[75.88287,29.53994],[75.8614,29.54309],[75.85815,29.5539],[75.85389,29.56099],[75.84604,29.55476],[75.84286,29.53653],[75.83712,29.52751],[75.82852,29.51936],[75.81904,29.51554],[75.80467,29.52405],[75.78922,29.52648],[75.7736,29.52078],[75.7728,29.52775],[75.74711,29.50159],[75.74397,29.4859],[75.71732,29.48417],[75.71204,29.4784],[75.72185,29.45303],[75.70635,29.44502],[75.70413,29.4338],[75.69742,29.43632],[75.69403,29.42915],[75.67439,29.42991],[75.64519,29.42666],[75.62294,29.42289],[75.61755,29.41308],[75.60674,29.40588],[75.60791,29.37729],[75.59174,29.37207],[75.58892,29.34511],[75.58262,29.3389],[75.57352,29.347],[75.57111,29.3672],[75.55136,29.36026],[75.55074,29.36774],[75.53586,29.36318],[75.52184,29.36515],[75.50063,29.40522],[75.47238,29.39319],[75.47172,29.40774],[75.44634,29.40334],[75.44131,29.41125],[75.42751,29.41196],[75.40731,29.4161],[75.41341,29.3865],[75.37716,29.38097],[75.3718,29.35825],[75.38613,29.34737],[75.3881,29.34105],[75.39476,29.33398],[75.38763,29.3298],[75.38834,29.32239],[75.3387,29.30828],[75.33352,29.31066],[75.30993,29.30974],[75.29597,29.32297],[75.27483,29.30662],[75.25475,29.29543],[75.26874,29.28035],[75.27672,29.27345],[75.27173,29.25437],[75.24947,29.25646],[75.23523,29.25194],[75.23054,29.25519],[75.22669,29.26009],[75.22372,29.2687],[75.23035,29.29433],[75.22939,29.30317],[75.22594,29.31107],[75.21741,29.32676],[75.22221,29.33382],[75.23151,29.33824],[75.24114,29.33785],[75.25227,29.34246],[75.25703,29.34827],[75.25749,29.35562],[75.25499,29.35974],[75.24871,29.36681],[75.2405,29.37272],[75.23212,29.38059],[75.22166,29.38326],[75.21257,29.3865],[75.21224,29.39386],[75.2145,29.40056],[75.2245,29.41634],[75.23265,29.42159],[75.24435,29.42287],[75.25533,29.42539],[75.26799,29.42548],[75.28002,29.43021],[75.29134,29.44385],[75.27547,29.46526],[75.27177,29.47333],[75.27128,29.48212],[75.27504,29.4892],[75.2765,29.49747],[75.26501,29.51061],[75.26784,29.51674],[75.27596,29.52107],[75.28989,29.5227],[75.28626,29.53865],[75.29186,29.54343],[75.2923,29.55011],[75.29065,29.56176],[75.29607,29.56808],[75.30305,29.57905],[75.30486,29.58361],[75.30451,29.58848],[75.30203,29.59199],[75.29362,29.59767],[75.28035,29.60325],[75.28056,29.61011],[75.28786,29.61977],[75.30106,29.62709],[75.30753,29.63256],[75.3117,29.64876],[75.31623,29.66082],[75.31773,29.6707],[75.32261,29.67241],[75.33015,29.67228],[75.34149,29.66213],[75.34681,29.65889],[75.3485,29.65907],[75.35045,29.65928],[75.34933,29.66564],[75.34604,29.67142],[75.33385,29.68805],[75.33535,29.69385],[75.34122,29.69524],[75.35269,29.70449],[75.35856,29.70576],[75.36195,29.71289],[75.37003,29.71306],[75.37878,29.7113],[75.38359,29.7203],[75.38219,29.72706],[75.38372,29.73401],[75.39088,29.7386],[75.3968,29.74867],[75.39723,29.76102],[75.41,29.77532],[75.41977,29.77438],[75.42721,29.77794],[75.43464,29.78028],[75.44379,29.78618],[75.44315,29.79417],[75.43547,29.79885],[75.44427,29.80785],[75.49839,29.77775],[75.50633,29.77407],[75.51171,29.76005],[75.52398,29.76724],[75.5302,29.77271],[75.54418,29.77176],[75.5564,29.76583],[75.56309,29.74424],[75.56879,29.74262],[75.59274,29.74915],[75.60049,29.7474],[75.61323,29.74646],[75.62262,29.75362],[75.62352,29.76689],[75.62536,29.77323],[75.64088,29.77111],[75.64966,29.77456],[75.65639,29.77606],[75.66617,29.7727],[75.67831,29.75706],[75.68743,29.75178],[75.69745,29.75521],[75.70593,29.80862],[75.70988,29.81226],[75.72599,29.81152],[75.73273,29.81126],[75.7484,29.81212],[75.7606,29.81866],[75.76343,29.82196],[75.76698,29.82345],[75.77162,29.82539],[75.77244,29.82467],[75.7832,29.81532]]]}},{"type":"Feature","properties":{"ID_0":105,"ISO":"IND","NAME_0":"India","ID_1":13,"NAME_1":"Haryana","ID_2":153,"NAME_2":"Gurgaon","NL_NAME_2":null,"VARNAME_2":null,"TYPE_2":"District","ENGTYPE_2":"District","STATE":"Haryana","DISTRICT":"Gurgaon"},"geometry":{"type":"Polygon","coordinates":[[[77.04877,28.51524],[77.05696,28.51386],[77.06747,28.52065],[77.07248,28.52028],[77.08598,28.51086],[77.09032,28.50545],[77.10352,28.49746],[77.10767,28.49387],[77.10334,28.48311],[77.10155,28.47648],[77.10274,28.47045],[77.10605,28.4659],[77.10875,28.45735],[77.11251,28.45023],[77.1183,28.44243],[77.12408,28.43924],[77.13139,28.4387],[77.14243,28.43571],[77.15186,28.42832],[77.15434,28.4213],[77.16577,28.40846],[77.15633,28.40023],[77.14243,28.39176],[77.14085,28.38868],[77.14024,28.38355],[77.14277,28.36955],[77.14222,28.35267],[77.14086,28.34623],[77.14061,28.33948],[77.14181,28.32728],[77.14462,28.32202],[77.15499,28.31393],[77.16221,28.31085],[77.1687,28.30676],[77.17545,28.30424],[77.18034,28.30057],[77.18346,28.29695],[77.1899,28.29745],[77.19547,28.29936],[77.19974,28.2992],[77.20705,28.29601],[77.21584,28.29518],[77.21958,28.29279],[77.22386,28.28811],[77.23009,28.28419],[77.23167,28.28145],[77.23222,28.2781],[77.23082,28.27561],[77.23005,28.27428],[77.21876,28.26952],[77.21931,28.26917],[77.20496,28.26559],[77.20203,28.2607],[77.20101,28.25586],[77.19641,28.25352],[77.18999,28.25027],[77.18726,28.24497],[77.18859,28.23562],[77.19098,28.23128],[77.18795,28.22725],[77.17534,28.22023],[77.17104,28.21651],[77.16869,28.20961],[77.16934,28.20498],[77.17746,28.20457],[77.18364,28.20254],[77.18767,28.19893],[77.18377,28.18596],[77.17385,28.18548],[77.16533,28.18783],[77.15646,28.18859],[77.15415,28.1862],[77.15366,28.17987],[77.15554,28.17473],[77.15324,28.16758],[77.14005,28.16121],[77.13726,28.15256],[77.13409,28.14697],[77.1237,28.13633],[77.12484,28.13064],[77.13583,28.1272],[77.13697,28.11973],[77.13365,28.1151],[77.12906,28.11137],[77.1313,28.10334],[77.12323,28.08875],[77.12254,28.07796],[77.1116,28.07226],[77.10664,28.07392],[77.09144,28.06941],[77.09617,28.0617],[77.10277,28.05878],[77.10631,28.05167],[77.10336,28.04346],[77.10285,28.03827],[77.10381,28.0323],[77.10016,28.02794],[77.09498,28.02532],[77.09509,28.02371],[77.09888,28.02116],[77.10146,28.0173],[77.09967,28.01384],[77.09332,28.01071],[77.07506,28.00526],[77.06924,27.9989],[77.06786,27.99498],[77.06557,27.99157],[77.06884,27.99072],[77.07982,27.98477],[77.09001,27.97753],[77.0932,27.97606],[77.09626,27.97328],[77.10165,27.97173],[77.11183,27.96621],[77.12438,27.96607],[77.12902,27.96862],[77.13757,27.96881],[77.13947,27.96178],[77.14153,27.95895],[77.14347,27.95702],[77.14969,27.95374],[77.15247,27.94838],[77.15749,27.94644],[77.16477,27.94734],[77.16761,27.94502],[77.16848,27.94302],[77.17342,27.94015],[77.17598,27.94257],[77.17723,27.94687],[77.17939,27.94854],[77.18577,27.94609],[77.18932,27.94164],[77.19676,27.93539],[77.20113,27.93007],[77.20794,27.92437],[77.21338,27.91798],[77.22453,27.90011],[77.22849,27.89658],[77.23947,27.89134],[77.24969,27.88276],[77.25426,27.88149],[77.26419,27.87707],[77.27483,27.87521],[77.27878,27.87716],[77.28307,27.88706],[77.28564,27.89052],[77.28803,27.89641],[77.29825,27.89324],[77.31289,27.88054],[77.31547,27.8758],[77.31556,27.86237],[77.32192,27.85668],[77.32925,27.85199],[77.32407,27.84087],[77.32733,27.83772],[77.32211,27.83472],[77.31719,27.83324],[77.31293,27.83005],[77.30632,27.832],[77.30482,27.83123],[77.29916,27.83138],[77.28889,27.82914],[77.29063,27.81971],[77.2897,27.81783],[77.28348,27.81592],[77.27934,27.81198],[77.27708,27.80674],[77.27578,27.80655],[77.26749,27.81196],[77.2625,27.81611],[77.25806,27.8093],[77.257,27.80525],[77.25285,27.79764],[77.24795,27.79375],[77.24088,27.79036],[77.23456,27.78581],[77.23174,27.7858],[77.22725,27.78866],[77.22871,27.7931],[77.22685,27.7961],[77.22215,27.79765],[77.21684,27.7955],[77.20677,27.80106],[77.20571,27.80548],[77.2021,27.81257],[77.19676,27.81944],[77.19385,27.82194],[77.18748,27.81505],[77.1866,27.81048],[77.18894,27.79843],[77.17556,27.78722],[77.1687,27.7849],[77.16401,27.78691],[77.16216,27.79059],[77.1666,27.79592],[77.16924,27.80057],[77.17815,27.80252],[77.18044,27.80443],[77.18066,27.80865],[77.17587,27.81445],[77.17238,27.81632],[77.16109,27.81319],[77.15666,27.8136],[77.1521,27.81577],[77.15062,27.81556],[77.14973,27.81243],[77.15354,27.80243],[77.1533,27.79786],[77.15143,27.79181],[77.14728,27.78666],[77.14143,27.78623],[77.13535,27.78395],[77.12653,27.77646],[77.12521,27.77693],[77.12467,27.78484],[77.12211,27.78831],[77.11997,27.78947],[77.11742,27.79019],[77.11477,27.78988],[77.10748,27.78666],[77.10263,27.78518],[77.10117,27.78549],[77.09363,27.7897],[77.08023,27.80039],[77.07664,27.80147],[77.07427,27.80435],[77.07241,27.80952],[77.06848,27.81157],[77.06529,27.81258],[77.05625,27.81146],[77.05183,27.81516],[77.04682,27.81809],[77.04514,27.81698],[77.03828,27.82004],[77.03505,27.81666],[77.03539,27.8141],[77.03458,27.81252],[77.03038,27.81143],[77.02399,27.79817],[77.02305,27.78719],[77.01975,27.78032],[77.02067,27.77812],[77.02277,27.77795],[77.02409,27.77701],[77.02673,27.77791],[77.02841,27.7803],[77.03944,27.7749],[77.04693,27.76798],[77.0501,27.76104],[77.05423,27.7619],[77.05603,27.76438],[77.06181,27.76569],[77.06734,27.76376],[77.0707,27.75884],[77.07119,27.75192],[77.07253,27.7491],[77.07841,27.74288],[77.07944,27.74019],[77.07922,27.73841],[77.07797,27.73734],[77.07114,27.73574],[77.06573,27.73241],[77.05945,27.73136],[77.05321,27.72786],[77.05066,27.72811],[77.04427,27.73224],[77.04272,27.7359],[77.04028,27.73836],[77.03932,27.74159],[77.0365,27.74462],[77.03197,27.74841],[77.02895,27.74937],[77.02486,27.74713],[77.01681,27.74776],[77.01141,27.74652],[77.00502,27.73914],[77.00337,27.73855],[77.00099,27.73852],[76.99438,27.74204],[76.99354,27.7417],[76.99136,27.73643],[76.98913,27.73378],[76.98745,27.72928],[76.98277,27.7185],[76.9791,27.70616],[76.97608,27.69285],[76.97313,27.68042],[76.9723,27.67287],[76.97034,27.66545],[76.9705,27.65714],[76.96023,27.66242],[76.95154,27.66625],[76.94479,27.67057],[76.93845,27.67367],[76.9342,27.6751],[76.93028,27.67171],[76.92684,27.66543],[76.92385,27.66073],[76.91899,27.66148],[76.91383,27.6596],[76.90948,27.6568],[76.9054,27.65597],[76.90263,27.65852],[76.90053,27.66344],[76.90009,27.66804],[76.89716,27.67243],[76.89323,27.67688],[76.89165,27.67989],[76.89401,27.68333],[76.89674,27.68596],[76.89474,27.68966],[76.88863,27.69284],[76.88312,27.6955],[76.88092,27.69937],[76.88284,27.70337],[76.88802,27.70168],[76.89351,27.69826],[76.90031,27.69463],[76.90601,27.69584],[76.91036,27.69665],[76.91457,27.70082],[76.9122,27.7061],[76.90831,27.71209],[76.90279,27.71644],[76.89539,27.71851],[76.88854,27.71955],[76.88335,27.72442],[76.88408,27.73091],[76.88786,27.73721],[76.89061,27.74202],[76.8914,27.76119],[76.89233,27.77203],[76.89364,27.77925],[76.89561,27.78614],[76.89865,27.79108],[76.90392,27.79489],[76.9028,27.80128],[76.9066,27.80766],[76.90524,27.81256],[76.90038,27.82115],[76.90107,27.82542],[76.90378,27.83266],[76.90788,27.83592],[76.91499,27.83462],[76.92194,27.83183],[76.92664,27.83422],[76.92809,27.84398],[76.92991,27.85523],[76.9283,27.86713],[76.92478,27.87679],[76.92611,27.88837],[76.92609,27.89442],[76.93818,27.89599],[76.93674,27.90754],[76.93882,27.91903],[76.92994,27.92136],[76.92128,27.92105],[76.9191,27.92486],[76.91909,27.94082],[76.91954,27.95283],[76.92277,27.96577],[76.92493,27.97836],[76.92232,27.98583],[76.91865,27.99761],[76.92163,28.00569],[76.92658,28.0125],[76.93074,28.0305],[76.93186,28.04202],[76.93365,28.04813],[76.93803,28.05961],[76.94253,28.06682],[76.94656,28.07134],[76.94807,28.07867],[76.95107,28.09609],[76.95551,28.11175],[76.95583,28.12372],[76.96176,28.14401],[76.95654,28.14601],[76.94174,28.1487],[76.94053,28.15092],[76.94157,28.15517],[76.93781,28.15535],[76.92754,28.15891],[76.92105,28.16225],[76.91205,28.17186],[76.89914,28.17932],[76.89009,28.18783],[76.88405,28.19166],[76.88387,28.19473],[76.88574,28.19674],[76.89985,28.20477],[76.89668,28.20763],[76.88669,28.21049],[76.87926,28.21038],[76.86618,28.21152],[76.86581,28.21796],[76.86363,28.22464],[76.85773,28.22317],[76.85434,28.22524],[76.84648,28.23951],[76.82681,28.24707],[76.82296,28.24938],[76.79519,28.25299],[76.79585,28.25388],[76.78897,28.25101],[76.7819,28.24244],[76.77695,28.23429],[76.7739,28.23095],[76.76991,28.23188],[76.76319,28.23971],[76.76116,28.24589],[76.74774,28.25302],[76.72952,28.25832],[76.72565,28.25991],[76.72368,28.26072],[76.71846,28.26411],[76.71325,28.26751],[76.71302,28.2675],[76.70207,28.26729],[76.69338,28.2654],[76.68563,28.26744],[76.67828,28.26657],[76.67485,28.26742],[76.67313,28.26786],[76.67097,28.2729],[76.6681,28.27957],[76.67245,28.29442],[76.67638,28.30787],[76.67724,28.32001],[76.66731,28.32194],[76.65258,28.32269],[76.64841,28.3254],[76.64884,28.32954],[76.65282,28.33794],[76.6529,28.34681],[76.65432,28.35444],[76.65125,28.36405],[76.65601,28.37646],[76.65803,28.38577],[76.6554,28.39415],[76.65049,28.40073],[76.64278,28.40603],[76.63648,28.41458],[76.64427,28.41884],[76.66076,28.4305],[76.66598,28.42887],[76.66766,28.43074],[76.6646,28.43487],[76.66684,28.44509],[76.67062,28.45648],[76.67281,28.45835],[76.68257,28.45769],[76.70106,28.46299],[76.70148,28.47103],[76.69836,28.48576],[76.70022,28.49609],[76.71176,28.494],[76.72204,28.48774],[76.72986,28.47489],[76.73495,28.47003],[76.74292,28.46794],[76.75125,28.46791],[76.75414,28.4703],[76.75925,28.47849],[76.76286,28.48039],[76.76725,28.47986],[76.76922,28.47799],[76.77987,28.47235],[76.78555,28.47219],[76.80389,28.48109],[76.81359,28.5057],[76.81606,28.50795],[76.81985,28.50846],[76.8546,28.50459],[76.87099,28.50421],[76.87937,28.50905],[76.88681,28.51123],[76.89372,28.51614],[76.89745,28.51777],[76.90848,28.51491],[76.92265,28.51927],[76.93322,28.51604],[76.94463,28.51363],[76.96847,28.52758],[76.97653,28.52381],[76.99027,28.51978],[77.00555,28.51444],[77.01093,28.51803],[77.0114,28.52411],[77.005,28.52874],[76.99821,28.53215],[76.99595,28.5369],[77.00021,28.542],[77.0061,28.54278],[77.01566,28.53332],[77.01964,28.53327],[77.03314,28.52834],[77.04166,28.51896],[77.04877,28.51524]]]}},{"type":"Feature","properties":{"ID_0":105,"ISO":"IND","NAME_0":"India","ID_1":13,"NAME_1":"Haryana","ID_2":154,"NAME_2":"Hisar","NL_NAME_2":null,"VARNAME_2":null,"TYPE_2":"District","ENGTYPE_2":"District","STATE":"Haryana","DISTRICT":"Hisar"},"geometry":{"type":"Polygon","coordinates":[[[75.94949,29.56897],[75.952,29.55513],[75.94952,29.54695],[75.93814,29.52967],[75.9328,29.52553],[75.9272,29.51914],[75.92529,29.51263],[75.92576,29.50693],[75.93051,29.50196],[75.953,29.49715],[75.97163,29.49004],[75.98021,29.4879],[75.98642,29.48604],[75.98971,29.48366],[75.99032,29.48333],[75.99094,29.483],[75.99152,29.48264],[75.99202,29.48218],[75.99247,29.48169],[75.99284,29.48115],[75.99313,29.48057],[75.99332,29.47997],[75.99341,29.47932],[75.99342,29.4787],[75.99333,29.47808],[75.99315,29.47746],[75.9929,29.47688],[75.99253,29.47634],[75.99211,29.47582],[75.99161,29.47537],[75.99105,29.47498],[75.99042,29.47466],[75.98971,29.47439],[75.98593,29.47212],[75.98284,29.46238],[75.98323,29.45578],[75.98975,29.45109],[76.00064,29.44725],[76.00552,29.44532],[76.00925,29.44258],[76.0138,29.43454],[76.01981,29.43164],[76.02957,29.4318],[76.06021,29.44321],[76.06977,29.44476],[76.07516,29.44246],[76.07854,29.43527],[76.07878,29.4278],[76.08354,29.41308],[76.09035,29.40974],[76.09731,29.40789],[76.10677,29.40738],[76.11256,29.40867],[76.11814,29.4052],[76.12814,29.39381],[76.13346,29.39886],[76.13723,29.40686],[76.14381,29.41272],[76.15366,29.41918],[76.17149,29.41678],[76.1805,29.41473],[76.19214,29.40653],[76.1879,29.40272],[76.1918,29.4014],[76.19193,29.38607],[76.19358,29.3751],[76.18659,29.36526],[76.17925,29.35877],[76.17649,29.35538],[76.17567,29.35141],[76.17848,29.34575],[76.19378,29.3329],[76.19785,29.32834],[76.19634,29.32239],[76.18965,29.31383],[76.18802,29.3065],[76.1821,29.30065],[76.19237,29.28631],[76.19463,29.27921],[76.20209,29.27117],[76.20787,29.2576],[76.2147,29.25216],[76.21822,29.24609],[76.2174,29.23103],[76.22036,29.22445],[76.23167,29.224],[76.24796,29.21753],[76.26452,29.21851],[76.27277,29.21716],[76.28162,29.2128],[76.28824,29.20173],[76.29118,29.19443],[76.29191,29.18439],[76.29068,29.17444],[76.29292,29.15742],[76.29735,29.14932],[76.30147,29.13094],[76.30328,29.12624],[76.30764,29.12071],[76.30533,29.11403],[76.3012,29.10712],[76.29281,29.09643],[76.29159,29.09107],[76.28205,29.08265],[76.28075,29.0784],[76.27731,29.07399],[76.26775,29.07266],[76.25754,29.07336],[76.24319,29.07238],[76.23612,29.06748],[76.23036,29.06047],[76.23416,29.05028],[76.23879,29.04133],[76.24044,29.02828],[76.2355,29.0167],[76.23608,29.01168],[76.23398,29.00507],[76.22315,28.99121],[76.21495,28.99761],[76.19886,29.00495],[76.20898,29.01905],[76.2094,29.02375],[76.205,29.02539],[76.19811,29.02453],[76.19666,29.02744],[76.20093,29.02946],[76.20621,29.03592],[76.20471,29.04144],[76.20052,29.05025],[76.19556,29.05585],[76.18807,29.06072],[76.18032,29.06089],[76.17256,29.0589],[76.16449,29.05563],[76.15901,29.05445],[76.15338,29.05471],[76.14264,29.0566],[76.13932,29.05347],[76.13618,29.04663],[76.1189,29.05069],[76.0994,29.05876],[76.09232,29.05709],[76.07785,29.04455],[76.0743,29.03538],[76.06976,29.03088],[76.06107,29.0302],[76.05566,29.03284],[76.04515,29.04246],[76.04247,29.04801],[76.04337,29.06504],[76.04079,29.0669],[76.03499,29.06586],[76.02748,29.06661],[76.02136,29.06606],[76.01419,29.06256],[76.00885,29.06304],[76.00406,29.06566],[75.99035,29.0721],[75.98402,29.07856],[75.97844,29.08569],[75.97012,29.08175],[75.96198,29.06567],[75.95969,29.05704],[75.96716,29.03479],[75.97516,29.01505],[75.97046,29.00418],[75.97098,28.99861],[75.94733,29.00422],[75.94107,29.01147],[75.92767,29.0216],[75.918,29.02521],[75.90575,29.02566],[75.89455,29.01992],[75.88834,29.01173],[75.88597,29.00432],[75.8839,28.98898],[75.87584,28.99079],[75.87404,28.97981],[75.8617,28.9691],[75.84905,28.96558],[75.84739,28.95687],[75.84528,28.93894],[75.84259,28.93124],[75.82266,28.91671],[75.80674,28.91994],[75.78738,28.93066],[75.77734,28.92845],[75.76768,28.92265],[75.76614,28.91668],[75.75933,28.90456],[75.75352,28.90298],[75.7391,28.90918],[75.69668,28.90923],[75.67137,28.91642],[75.64523,28.94343],[75.63966,28.94209],[75.62597,28.95931],[75.62862,28.96709],[75.61759,28.97847],[75.60371,28.9912],[75.59251,28.99607],[75.56062,28.98678],[75.54968,28.98282],[75.54219,28.97903],[75.53656,28.97365],[75.51652,28.97539],[75.51525,28.99105],[75.51114,29.00332],[75.51107,29.00414],[75.5111,29.01083],[75.50512,29.01515],[75.48363,29.01885],[75.47343,29.0202],[75.45868,29.02015],[75.43474,29.01654],[75.43264,29.02207],[75.44056,29.04152],[75.4375,29.05048],[75.42976,29.05618],[75.43026,29.06472],[75.39025,29.06823],[75.38065,29.07032],[75.38219,29.0836],[75.38139,29.08967],[75.38316,29.09537],[75.3813,29.10257],[75.3807,29.11072],[75.39134,29.11932],[75.39621,29.12844],[75.38509,29.13416],[75.37381,29.13706],[75.36115,29.14262],[75.36763,29.15042],[75.36896,29.16996],[75.37846,29.17152],[75.38857,29.1707],[75.39439,29.17427],[75.40065,29.18891],[75.39986,29.20148],[75.39646,29.21342],[75.3923,29.21807],[75.38612,29.22124],[75.3873,29.22904],[75.39366,29.23424],[75.39937,29.24027],[75.39968,29.24678],[75.39869,29.25499],[75.39571,29.26194],[75.38798,29.26435],[75.37955,29.26393],[75.37247,29.26003],[75.35798,29.25461],[75.35017,29.24738],[75.3472,29.23012],[75.34531,29.22616],[75.33454,29.22883],[75.31493,29.23596],[75.32318,29.25175],[75.32537,29.27831],[75.32425,29.29019],[75.31927,29.29344],[75.30858,29.28892],[75.29969,29.28198],[75.28969,29.2777],[75.27937,29.27682],[75.27672,29.27345],[75.26874,29.28035],[75.25475,29.29543],[75.27483,29.30662],[75.29597,29.32297],[75.30993,29.30974],[75.33352,29.31066],[75.3387,29.30828],[75.38834,29.32239],[75.38763,29.3298],[75.39476,29.33398],[75.3881,29.34105],[75.38613,29.34737],[75.3718,29.35825],[75.37716,29.38097],[75.41341,29.3865],[75.40731,29.4161],[75.42751,29.41196],[75.44131,29.41125],[75.44634,29.40334],[75.47172,29.40774],[75.47238,29.39319],[75.50063,29.40522],[75.52184,29.36515],[75.53586,29.36318],[75.55074,29.36774],[75.55136,29.36026],[75.57111,29.3672],[75.57352,29.347],[75.58262,29.3389],[75.58892,29.34511],[75.59174,29.37207],[75.60791,29.37729],[75.60674,29.40588],[75.61755,29.41308],[75.62294,29.42289],[75.64519,29.42666],[75.67439,29.42991],[75.69403,29.42915],[75.69742,29.43632],[75.70413,29.4338],[75.70635,29.44502],[75.72185,29.45303],[75.71204,29.4784],[75.71732,29.48417],[75.74397,29.4859],[75.74711,29.50159],[75.7728,29.52775],[75.7736,29.52078],[75.78922,29.52648],[75.80467,29.52405],[75.81904,29.51554],[75.82852,29.51936],[75.83712,29.52751],[75.84286,29.53653],[75.84604,29.55476],[75.85389,29.56099],[75.85815,29.5539],[75.8614,29.54309],[75.88287,29.53994],[75.8844,29.55783],[75.89266,29.5589],[75.90206,29.55595],[75.92309,29.58337],[75.93531,29.5752],[75.94949,29.56897]]]}},{"type":"Feature","properties":{"ID_0":105,"ISO":"IND","NAME_0":"India","ID_1":13,"NAME_1":"Haryana","ID_2":155,"NAME_2":"Jhajjar","NL_NAME_2":null,"VARNAME_2":null,"TYPE_2":"District","ENGTYPE_2":"District","STATE":"Haryana","DISTRICT":"Jhajjar"},"geometry":{"type":"Polygon","coordinates":[[[76.90884,28.82767],[76.91436,28.82648],[76.92372,28.82934],[76.934,28.82634],[76.94231,28.82068],[76.93736,28.80915],[76.93747,28.8035],[76.94309,28.79512],[76.94234,28.78776],[76.94397,28.77853],[76.94657,28.77403],[76.93821,28.75962],[76.94744,28.75113],[76.95032,28.74665],[76.9492,28.7415],[76.95066,28.73646],[76.94126,28.71703],[76.95096,28.70976],[76.9546,28.70537],[76.95422,28.70053],[76.95,28.69413],[76.94839,28.68799],[76.94595,28.68348],[76.94725,28.67716],[76.94255,28.67511],[76.92973,28.67442],[76.9231,28.66921],[76.91749,28.65727],[76.91821,28.65327],[76.93391,28.63765],[76.92598,28.62925],[76.92366,28.62865],[76.91035,28.63783],[76.90401,28.63794],[76.89727,28.6328],[76.89368,28.63275],[76.87794,28.63763],[76.8609,28.60251],[76.85481,28.59235],[76.85023,28.59012],[76.83503,28.5914],[76.83292,28.58251],[76.83762,28.55699],[76.85674,28.54782],[76.85921,28.54192],[76.87631,28.5284],[76.87946,28.524],[76.87381,28.51439],[76.87937,28.50905],[76.87099,28.50421],[76.8546,28.50459],[76.81985,28.50846],[76.81606,28.50795],[76.81359,28.5057],[76.80389,28.48109],[76.78555,28.47219],[76.77987,28.47235],[76.76922,28.47799],[76.76725,28.47986],[76.76286,28.48039],[76.75925,28.47849],[76.75414,28.4703],[76.75125,28.46791],[76.74292,28.46794],[76.73495,28.47003],[76.72986,28.47489],[76.72204,28.48774],[76.71176,28.494],[76.70022,28.49609],[76.69836,28.48576],[76.70148,28.47103],[76.70106,28.46299],[76.68257,28.45769],[76.67281,28.45835],[76.67062,28.45648],[76.66684,28.44509],[76.6646,28.43487],[76.66766,28.43074],[76.66598,28.42887],[76.66076,28.4305],[76.64427,28.41884],[76.63648,28.41458],[76.62873,28.42329],[76.62082,28.42916],[76.61269,28.43303],[76.606,28.43382],[76.60485,28.43205],[76.60033,28.42504],[76.59541,28.40877],[76.59425,28.38782],[76.59203,28.38342],[76.59176,28.37388],[76.58181,28.37115],[76.57797,28.35416],[76.57487,28.3515],[76.5423,28.35008],[76.51865,28.35504],[76.50917,28.36183],[76.50532,28.37203],[76.50281,28.38191],[76.496,28.38298],[76.48794,28.3816],[76.46569,28.36707],[76.46377,28.36388],[76.46204,28.36102],[76.4609,28.35481],[76.45358,28.35042],[76.4178,28.36121],[76.39964,28.36422],[76.39739,28.35677],[76.40183,28.354],[76.41106,28.3506],[76.41801,28.34901],[76.41517,28.33322],[76.41322,28.33008],[76.41072,28.32983],[76.39611,28.33542],[76.38003,28.34335],[76.3772,28.34702],[76.38131,28.35606],[76.38358,28.36576],[76.38105,28.36907],[76.38361,28.37629],[76.38378,28.38233],[76.38836,28.40069],[76.37429,28.40375],[76.37201,28.39981],[76.36723,28.39918],[76.36729,28.40782],[76.35783,28.4066],[76.35096,28.38846],[76.34661,28.374],[76.33929,28.36909],[76.32206,28.3692],[76.31956,28.37659],[76.31575,28.37802],[76.29765,28.38142],[76.29175,28.38724],[76.29068,28.39532],[76.29385,28.40679],[76.27821,28.40819],[76.27587,28.41058],[76.27551,28.41307],[76.27992,28.42162],[76.28183,28.42794],[76.28194,28.43934],[76.2856,28.45035],[76.28684,28.46317],[76.2846,28.47517],[76.27911,28.48376],[76.27839,28.48918],[76.28314,28.49891],[76.29252,28.50374],[76.30522,28.50295],[76.31336,28.49934],[76.31791,28.49842],[76.32004,28.50099],[76.32299,28.5082],[76.32909,28.53086],[76.33518,28.54996],[76.33863,28.56926],[76.3358,28.57423],[76.32984,28.5802],[76.32854,28.58395],[76.3303,28.58698],[76.33835,28.5867],[76.33913,28.58821],[76.34038,28.60636],[76.34412,28.61599],[76.35204,28.62193],[76.35548,28.61257],[76.37545,28.60574],[76.39091,28.60283],[76.39663,28.5989],[76.39893,28.55892],[76.40362,28.55563],[76.41132,28.5568],[76.41695,28.56248],[76.42352,28.59376],[76.42898,28.6074],[76.43542,28.60396],[76.44,28.60379],[76.4471,28.6087],[76.4555,28.61607],[76.45551,28.62189],[76.44932,28.63182],[76.44112,28.63953],[76.43591,28.64623],[76.44325,28.6524],[76.44335,28.66056],[76.44064,28.66446],[76.42581,28.66927],[76.39658,28.67104],[76.39494,28.67447],[76.39651,28.68583],[76.40265,28.68978],[76.40884,28.6995],[76.4133,28.71044],[76.41023,28.71784],[76.40938,28.72897],[76.41686,28.72829],[76.42293,28.73],[76.43657,28.73615],[76.44084,28.74104],[76.47063,28.74467],[76.47799,28.74347],[76.48753,28.74305],[76.49542,28.74467],[76.50927,28.74361],[76.518,28.74418],[76.52418,28.75307],[76.53096,28.75062],[76.54362,28.74789],[76.56999,28.73859],[76.57858,28.74537],[76.58516,28.75345],[76.58829,28.7629],[76.58899,28.77355],[76.58833,28.78254],[76.59038,28.78792],[76.59683,28.79221],[76.60572,28.79363],[76.62054,28.79334],[76.63089,28.80148],[76.63345,28.80604],[76.63812,28.81081],[76.63414,28.81531],[76.62479,28.82225],[76.62431,28.82864],[76.62591,28.83438],[76.63736,28.84255],[76.64262,28.83717],[76.65108,28.82594],[76.65375,28.819],[76.66079,28.81715],[76.66336,28.79856],[76.67837,28.79199],[76.6873,28.79243],[76.70246,28.79122],[76.7012,28.772],[76.71393,28.76527],[76.72525,28.76278],[76.73224,28.76344],[76.74094,28.77166],[76.74865,28.7726],[76.75581,28.77037],[76.75988,28.76449],[76.75565,28.75464],[76.76667,28.74906],[76.77279,28.74718],[76.78117,28.75496],[76.78727,28.76606],[76.81081,28.78978],[76.79836,28.8024],[76.78481,28.81153],[76.78608,28.81796],[76.80936,28.82727],[76.81611,28.82377],[76.82147,28.81339],[76.8374,28.81418],[76.85381,28.82188],[76.85551,28.82916],[76.86153,28.83233],[76.8677,28.83812],[76.87693,28.84039],[76.88529,28.85275],[76.89278,28.86712],[76.89873,28.86523],[76.90064,28.86227],[76.90151,28.85206],[76.90366,28.84531],[76.90708,28.83892],[76.90884,28.82767]]]}},{"type":"Feature","properties":{"ID_0":105,"ISO":"IND","NAME_0":"India","ID_1":13,"NAME_1":"Haryana","ID_2":156,"NAME_2":"Jind","NL_NAME_2":null,"VARNAME_2":null,"TYPE_2":"District","ENGTYPE_2":"District","STATE":"Haryana","DISTRICT":"Jind"},"geometry":{"type":"Polygon","coordinates":[[[76.20222,29.8453],[76.20965,29.84274],[76.21111,29.84323],[76.21634,29.83953],[76.21213,29.82059],[76.21136,29.79314],[76.20985,29.74892],[76.19383,29.72453],[76.17477,29.70318],[76.16639,29.68184],[76.17706,29.66431],[76.18926,29.65821],[76.19536,29.62848],[76.20222,29.61399],[76.21518,29.6018],[76.23119,29.59036],[76.23576,29.5774],[76.24262,29.56825],[76.25101,29.56596],[76.25406,29.55376],[76.25711,29.54157],[76.26321,29.53928],[76.27921,29.54157],[76.28455,29.54919],[76.28455,29.55987],[76.2876,29.5713],[76.30056,29.57359],[76.31384,29.57417],[76.31314,29.58698],[76.32172,29.58273],[76.32899,29.58085],[76.33412,29.58516],[76.35051,29.5819],[76.35613,29.58147],[76.35642,29.58134],[76.36079,29.56825],[76.35926,29.55606],[76.36841,29.53699],[76.38213,29.5309],[76.39585,29.53166],[76.40805,29.53699],[76.42253,29.53928],[76.43855,29.53547],[76.44998,29.53013],[76.46523,29.53166],[76.47514,29.52785],[76.48194,29.5189],[76.48206,29.51872],[76.48211,29.51863],[76.48447,29.51263],[76.49068,29.501],[76.49736,29.49785],[76.49844,29.48948],[76.51016,29.48901],[76.52027,29.49069],[76.52276,29.49024],[76.52447,29.48633],[76.51824,29.47062],[76.52161,29.46904],[76.52813,29.46814],[76.53481,29.46238],[76.54003,29.46195],[76.54596,29.463],[76.55665,29.46754],[76.56171,29.46734],[76.5661,29.46864],[76.5701,29.47178],[76.57455,29.47314],[76.58336,29.47422],[76.59166,29.47817],[76.59727,29.47783],[76.60871,29.48069],[76.61331,29.47968],[76.61818,29.47739],[76.63132,29.47719],[76.64719,29.49754],[76.65025,29.49672],[76.65471,29.49373],[76.68169,29.4827],[76.68928,29.48142],[76.69639,29.48212],[76.70497,29.48649],[76.71229,29.48793],[76.72108,29.48746],[76.72911,29.48463],[76.73836,29.47873],[76.74505,29.47222],[76.73938,29.45664],[76.73756,29.44772],[76.73236,29.43755],[76.72521,29.42804],[76.72295,29.42004],[76.72572,29.41148],[76.72346,29.40308],[76.72281,29.39721],[76.71696,29.39414],[76.70903,29.39328],[76.69853,29.38806],[76.68497,29.38972],[76.68008,29.38469],[76.67062,29.38239],[76.66125,29.38205],[76.65703,29.378],[76.64597,29.37646],[76.63927,29.37334],[76.63693,29.368],[76.63667,29.36119],[76.63777,29.35029],[76.63612,29.3428],[76.63164,29.33672],[76.62468,29.32103],[76.62916,29.31575],[76.63164,29.29936],[76.63697,29.2946],[76.64215,29.29231],[76.65306,29.28502],[76.6703,29.28184],[76.67139,29.27497],[76.66374,29.27202],[76.65056,29.27207],[76.64157,29.27588],[76.63461,29.281],[76.62397,29.28218],[76.60919,29.29174],[76.60096,29.29468],[76.59496,29.29432],[76.58921,29.29044],[76.564,29.29026],[76.55118,29.28746],[76.548,29.27826],[76.54598,29.26564],[76.54995,29.25478],[76.55193,29.24549],[76.55605,29.23479],[76.55453,29.2272],[76.55041,29.21858],[76.54123,29.21431],[76.53069,29.21484],[76.52315,29.22082],[76.51779,29.22783],[76.51669,29.23551],[76.49384,29.23974],[76.48739,29.24289],[76.4767,29.2455],[76.47163,29.25065],[76.46686,29.24706],[76.46556,29.24227],[76.47164,29.23409],[76.48263,29.22258],[76.48248,29.21287],[76.49178,29.18635],[76.50063,29.17692],[76.50406,29.16966],[76.50047,29.16618],[76.49328,29.16145],[76.48011,29.14834],[76.47711,29.14227],[76.47555,29.13429],[76.46999,29.11846],[76.47044,29.11037],[76.46901,29.10084],[76.46253,29.08784],[76.45119,29.07097],[76.44546,29.06687],[76.43645,29.06438],[76.43011,29.0656],[76.42071,29.06977],[76.41416,29.076],[76.40205,29.08364],[76.39483,29.08528],[76.38624,29.08237],[76.38071,29.07879],[76.37106,29.07748],[76.34144,29.09107],[76.33089,29.09023],[76.32237,29.09177],[76.29159,29.09107],[76.29281,29.09643],[76.3012,29.10712],[76.30533,29.11403],[76.30764,29.12071],[76.30328,29.12624],[76.30147,29.13094],[76.29735,29.14932],[76.29292,29.15742],[76.29068,29.17444],[76.29191,29.18439],[76.29118,29.19443],[76.28824,29.20173],[76.28162,29.2128],[76.27277,29.21716],[76.26452,29.21851],[76.24796,29.21753],[76.23167,29.224],[76.22036,29.22445],[76.2174,29.23103],[76.21822,29.24609],[76.2147,29.25216],[76.20787,29.2576],[76.20209,29.27117],[76.19463,29.27921],[76.19237,29.28631],[76.1821,29.30065],[76.18802,29.3065],[76.18965,29.31383],[76.19634,29.32239],[76.19785,29.32834],[76.19378,29.3329],[76.17848,29.34575],[76.17567,29.35141],[76.17649,29.35538],[76.17925,29.35877],[76.18659,29.36526],[76.19358,29.3751],[76.19193,29.38607],[76.1918,29.4014],[76.1879,29.40272],[76.19214,29.40653],[76.1805,29.41473],[76.17149,29.41678],[76.15366,29.41918],[76.14381,29.41272],[76.13723,29.40686],[76.13346,29.39886],[76.12814,29.39381],[76.11814,29.4052],[76.11256,29.40867],[76.10677,29.40738],[76.09731,29.40789],[76.09035,29.40974],[76.08354,29.41308],[76.07878,29.4278],[76.07854,29.43527],[76.07516,29.44246],[76.06977,29.44476],[76.06021,29.44321],[76.02957,29.4318],[76.01981,29.43164],[76.0138,29.43454],[76.00925,29.44258],[76.00552,29.44532],[76.00064,29.44725],[75.98975,29.45109],[75.98323,29.45578],[75.98284,29.46238],[75.98593,29.47212],[75.98971,29.47439],[75.99042,29.47466],[75.99105,29.47498],[75.99161,29.47537],[75.99211,29.47582],[75.99253,29.47634],[75.9929,29.47688],[75.99315,29.47746],[75.99333,29.47808],[75.99342,29.4787],[75.99341,29.47932],[75.99332,29.47997],[75.99313,29.48057],[75.99284,29.48115],[75.99247,29.48169],[75.99202,29.48218],[75.99152,29.48264],[75.99094,29.483],[75.99032,29.48333],[75.98971,29.48366],[75.98642,29.48604],[75.98021,29.4879],[75.97163,29.49004],[75.953,29.49715],[75.93051,29.50196],[75.92576,29.50693],[75.92529,29.51263],[75.9272,29.51914],[75.9328,29.52553],[75.93814,29.52967],[75.94952,29.54695],[75.952,29.55513],[75.94949,29.56897],[75.94843,29.57777],[75.95021,29.58161],[75.95123,29.58779],[75.94678,29.59673],[75.93954,29.60013],[75.94016,29.60895],[75.94372,29.61415],[75.94486,29.6249],[75.93803,29.63976],[75.93452,29.6505],[75.93613,29.66031],[75.94093,29.67028],[75.93387,29.68059],[75.92704,29.6871],[75.92665,29.69367],[75.92829,29.70073],[75.93399,29.71077],[75.93762,29.72161],[75.93867,29.73351],[75.94235,29.73428],[75.95009,29.73391],[75.95749,29.73212],[75.96486,29.73138],[75.97046,29.73211],[75.97255,29.73237],[75.98,29.73617],[75.98927,29.74231],[76.00383,29.75093],[76.01128,29.75282],[76.01759,29.75607],[76.02425,29.7556],[76.03171,29.75088],[76.03292,29.7496],[76.03565,29.74668],[76.04148,29.74878],[76.05843,29.77315],[76.0632,29.77746],[76.0699,29.77602],[76.07434,29.78124],[76.07544,29.7879],[76.07558,29.79705],[76.07767,29.80577],[76.08606,29.8099],[76.09056,29.81083],[76.09438,29.81156],[76.10321,29.80841],[76.11027,29.80332],[76.11639,29.7964],[76.12141,29.79947],[76.12718,29.80543],[76.1321,29.81205],[76.13927,29.81676],[76.15313,29.81627],[76.16666,29.81832],[76.18582,29.83123],[76.18936,29.84047],[76.19418,29.84497],[76.20222,29.8453]]]}},{"type":"Feature","properties":{"ID_0":105,"ISO":"IND","NAME_0":"India","ID_1":13,"NAME_1":"Haryana","ID_2":157,"NAME_2":"Kaithal","NL_NAME_2":null,"VARNAME_2":null,"TYPE_2":"District","ENGTYPE_2":"District","STATE":"Haryana","DISTRICT":"Kaithal"},"geometry":{"type":"Polygon","coordinates":[[[76.43632,30.13703],[76.44104,30.13596],[76.44646,30.13712],[76.44619,30.12896],[76.44448,30.12288],[76.44664,30.11123],[76.4491,30.1048],[76.45209,30.10071],[76.45203,30.09854],[76.45177,30.0965],[76.45033,30.09524],[76.44808,30.09453],[76.44566,30.09393],[76.4436,30.09307],[76.44263,30.0915],[76.44254,30.08938],[76.44217,30.08728],[76.44131,30.08543],[76.44043,30.08357],[76.43951,30.08172],[76.4386,30.07988],[76.43764,30.07804],[76.43666,30.0762],[76.43567,30.07438],[76.43466,30.07257],[76.43364,30.07076],[76.43259,30.06897],[76.43153,30.06718],[76.43037,30.06543],[76.42905,30.06375],[76.42757,30.06218],[76.42596,30.06077],[76.424,30.05973],[76.42188,30.05886],[76.41992,30.05777],[76.41811,30.05648],[76.41641,30.05507],[76.41502,30.05351],[76.41371,30.05172],[76.41276,30.0498],[76.4125,30.04788],[76.41295,30.046],[76.41373,30.04411],[76.41472,30.04223],[76.41583,30.04037],[76.41692,30.03856],[76.41807,30.03682],[76.41936,30.03515],[76.42073,30.0335],[76.42207,30.03185],[76.42339,30.03018],[76.42479,30.02857],[76.42643,30.02713],[76.4283,30.02573],[76.43033,30.02495],[76.43255,30.02516],[76.43481,30.026],[76.43667,30.02722],[76.43806,30.02909],[76.43935,30.03096],[76.44089,30.03187],[76.44282,30.03119],[76.44495,30.02985],[76.44711,30.02893],[76.44933,30.02823],[76.45157,30.02768],[76.45382,30.02743],[76.45618,30.02789],[76.45844,30.02839],[76.46073,30.02789],[76.46306,30.02656],[76.46337,30.02491],[76.46262,30.02322],[76.46173,30.02149],[76.46072,30.01974],[76.4596,30.01799],[76.4584,30.01622],[76.45715,30.01442],[76.45588,30.01264],[76.45458,30.01084],[76.45331,30.00906],[76.45207,30.00728],[76.45074,30.0049],[76.45416,29.98436],[76.44625,29.97284],[76.4479,29.96843],[76.45489,29.97132],[76.46162,29.97044],[76.46674,29.96357],[76.47107,29.95973],[76.46747,29.93685],[76.46243,29.92146],[76.45906,29.91593],[76.46723,29.91188],[76.47433,29.91051],[76.4836,29.91039],[76.49476,29.90733],[76.51071,29.90099],[76.52563,29.87982],[76.54287,29.86185],[76.55035,29.86489],[76.5508,29.87186],[76.58498,29.88121],[76.58866,29.89575],[76.58748,29.90116],[76.5816,29.90927],[76.5811,29.91652],[76.59872,29.91904],[76.60596,29.92286],[76.60638,29.93186],[76.61308,29.94374],[76.6227,29.94083],[76.63575,29.94919],[76.63958,29.95735],[76.64655,29.96092],[76.65566,29.96091],[76.66275,29.9475],[76.67014,29.95214],[76.67135,29.94568],[76.67025,29.93893],[76.67278,29.93054],[76.67883,29.92095],[76.68666,29.9342],[76.69755,29.92778],[76.70232,29.9261],[76.70883,29.92894],[76.72036,29.93244],[76.74388,29.92932],[76.74128,29.92274],[76.73881,29.91213],[76.73524,29.9069],[76.72892,29.90012],[76.72201,29.89552],[76.71809,29.88852],[76.71326,29.88643],[76.70702,29.88609],[76.70147,29.88724],[76.69823,29.88944],[76.68867,29.89963],[76.68258,29.897],[76.68005,29.88861],[76.67837,29.87863],[76.67531,29.87128],[76.66552,29.86833],[76.66534,29.86512],[76.6695,29.86305],[76.675,29.86172],[76.68002,29.8561],[76.67917,29.84067],[76.67723,29.83595],[76.67754,29.83003],[76.69482,29.82628],[76.70164,29.8235],[76.7047,29.81688],[76.69118,29.80146],[76.68888,29.79328],[76.68791,29.78377],[76.67746,29.77285],[76.67569,29.76721],[76.67622,29.76235],[76.68559,29.75194],[76.68326,29.74474],[76.68575,29.73353],[76.68526,29.72477],[76.67878,29.70774],[76.68147,29.70252],[76.7,29.69579],[76.70113,29.69231],[76.7012,29.6869],[76.6948,29.67889],[76.68938,29.67432],[76.68485,29.67678],[76.68021,29.68107],[76.67585,29.68734],[76.6722,29.68823],[76.66793,29.67534],[76.66196,29.67279],[76.64886,29.67544],[76.64095,29.6741],[76.63636,29.66883],[76.63452,29.661],[76.62756,29.65597],[76.61103,29.64882],[76.60302,29.6404],[76.59165,29.6327],[76.58519,29.63205],[76.57731,29.63407],[76.56601,29.63212],[76.55453,29.63351],[76.53762,29.62591],[76.53471,29.62245],[76.53025,29.61931],[76.52313,29.61797],[76.52133,29.61423],[76.53664,29.59437],[76.53838,29.58912],[76.53724,29.5853],[76.53375,29.58199],[76.52821,29.58047],[76.52103,29.5748],[76.51372,29.55536],[76.51546,29.54785],[76.51372,29.54424],[76.49841,29.54224],[76.49592,29.53638],[76.49,29.53094],[76.48194,29.5189],[76.47514,29.52785],[76.46523,29.53166],[76.44998,29.53013],[76.43855,29.53547],[76.42253,29.53928],[76.40805,29.53699],[76.39585,29.53166],[76.38213,29.5309],[76.36841,29.53699],[76.35926,29.55606],[76.36079,29.56825],[76.35642,29.58134],[76.35613,29.58147],[76.35051,29.5819],[76.33412,29.58516],[76.32899,29.58085],[76.32172,29.58273],[76.31314,29.58698],[76.31384,29.57417],[76.30056,29.57359],[76.2876,29.5713],[76.28455,29.55987],[76.28455,29.54919],[76.27921,29.54157],[76.26321,29.53928],[76.25711,29.54157],[76.25406,29.55376],[76.25101,29.56596],[76.24262,29.56825],[76.23576,29.5774],[76.23119,29.59036],[76.21518,29.6018],[76.20222,29.61399],[76.19536,29.62848],[76.18926,29.65821],[76.17706,29.66431],[76.16639,29.68184],[76.17477,29.70318],[76.19383,29.72453],[76.20985,29.74892],[76.21136,29.79314],[76.21213,29.82059],[76.21634,29.83953],[76.21111,29.84323],[76.20966,29.85016],[76.21176,29.85315],[76.21583,29.85471],[76.2229,29.85559],[76.22852,29.85453],[76.23186,29.85637],[76.23523,29.85981],[76.23795,29.86546],[76.24201,29.86903],[76.23869,29.8759],[76.23245,29.88132],[76.2253,29.88506],[76.21695,29.88386],[76.20813,29.88651],[76.1974,29.88402],[76.18464,29.88858],[76.18271,29.89388],[76.18359,29.91572],[76.18199,29.92324],[76.17149,29.92323],[76.16629,29.92866],[76.16962,29.93656],[76.17891,29.94627],[76.18481,29.94628],[76.19087,29.94446],[76.20387,29.94412],[76.20507,29.9475],[76.20345,29.95207],[76.19473,29.96568],[76.19901,29.97317],[76.19749,29.97981],[76.19714,29.98511],[76.19578,29.9905],[76.19303,29.99662],[76.18938,30.00419],[76.18963,30.00632],[76.18981,30.00838],[76.18999,30.01045],[76.19021,30.01249],[76.19051,30.01449],[76.19092,30.01641],[76.19157,30.01823],[76.19347,30.01938],[76.19582,30.02006],[76.19804,30.02052],[76.20035,30.02085],[76.20264,30.0212],[76.2049,30.02167],[76.20721,30.02212],[76.20947,30.02273],[76.2114,30.02373],[76.21355,30.02531],[76.21544,30.02713],[76.21613,30.02868],[76.21515,30.02964],[76.21333,30.03035],[76.21098,30.03093],[76.20839,30.03145],[76.2058,30.03203],[76.20345,30.03274],[76.20112,30.03367],[76.19891,30.03483],[76.19794,30.03625],[76.19839,30.03793],[76.19962,30.03978],[76.20111,30.04164],[76.20253,30.04331],[76.20404,30.04484],[76.20564,30.04629],[76.20724,30.04779],[76.20864,30.04939],[76.20988,30.05107],[76.21103,30.05282],[76.21216,30.05459],[76.2133,30.05633],[76.21449,30.05808],[76.21567,30.05981],[76.21682,30.06155],[76.21799,30.0633],[76.21916,30.06503],[76.22035,30.06675],[76.22153,30.06849],[76.22273,30.07021],[76.22395,30.07194],[76.2251,30.07367],[76.22633,30.0754],[76.22749,30.07713],[76.2287,30.07886],[76.22992,30.08057],[76.23116,30.08226],[76.23246,30.08394],[76.23381,30.08558],[76.23515,30.0872],[76.2366,30.08885],[76.23808,30.09046],[76.23963,30.09204],[76.2412,30.09353],[76.24284,30.09491],[76.24455,30.09615],[76.24673,30.09639],[76.24922,30.09603],[76.25093,30.09706],[76.25237,30.09868],[76.25359,30.10053],[76.25459,30.1024],[76.255,30.10458],[76.25378,30.10603],[76.25174,30.1067],[76.24948,30.10722],[76.24709,30.10762],[76.2447,30.10793],[76.24239,30.10819],[76.24007,30.10828],[76.23772,30.10823],[76.2354,30.10818],[76.23308,30.10822],[76.23083,30.10852],[76.22869,30.10933],[76.22668,30.1104],[76.22488,30.11165],[76.22317,30.11302],[76.22124,30.11412],[76.2192,30.11512],[76.21714,30.11611],[76.21519,30.11718],[76.21344,30.11845],[76.21194,30.11996],[76.21059,30.12161],[76.20929,30.1233],[76.20792,30.12496],[76.2064,30.12649],[76.20471,30.12786],[76.20263,30.12866],[76.20039,30.1293],[76.19837,30.13025],[76.19633,30.13127],[76.19435,30.13235],[76.1925,30.13351],[76.19061,30.13496],[76.18962,30.13669],[76.19055,30.13863],[76.19231,30.14046],[76.19411,30.14078],[76.19591,30.13999],[76.19778,30.1387],[76.19969,30.13721],[76.20163,30.13583],[76.20365,30.13473],[76.2058,30.13376],[76.20795,30.13315],[76.21008,30.13361],[76.21193,30.13506],[76.21266,30.13683],[76.21156,30.13847],[76.21003,30.14008],[76.20852,30.14172],[76.20744,30.14349],[76.20706,30.1455],[76.20632,30.14741],[76.20512,30.14924],[76.20376,30.15104],[76.2026,30.15281],[76.20195,30.15457],[76.20236,30.15671],[76.20387,30.1589],[76.20559,30.15935],[76.20721,30.15851],[76.20885,30.15739],[76.21053,30.15608],[76.21225,30.15461],[76.21395,30.15303],[76.21565,30.15139],[76.21732,30.14976],[76.21898,30.14817],[76.22057,30.14668],[76.22202,30.1451],[76.22337,30.14344],[76.22475,30.14181],[76.22629,30.14031],[76.22804,30.13904],[76.22997,30.1379],[76.23192,30.13678],[76.23376,30.13557],[76.2354,30.13415],[76.2368,30.13255],[76.23817,30.13091],[76.24096,30.12866],[76.243,30.12747],[76.24458,30.12186],[76.25116,30.119],[76.26551,30.11769],[76.27203,30.11434],[76.27985,30.11365],[76.28636,30.11682],[76.29308,30.11863],[76.31275,30.10851],[76.3229,30.10822],[76.32838,30.10951],[76.33791,30.11585],[76.34892,30.12766],[76.3483,30.13166],[76.33571,30.13926],[76.3287,30.14477],[76.32588,30.14924],[76.34306,30.15345],[76.34834,30.15052],[76.35816,30.1333],[76.36375,30.12754],[76.37472,30.12373],[76.38437,30.12383],[76.39001,30.12754],[76.38845,30.13397],[76.38833,30.13833],[76.38457,30.14581],[76.38616,30.14824],[76.39252,30.15026],[76.39951,30.15517],[76.40164,30.15773],[76.38862,30.1741],[76.38304,30.17903],[76.381,30.18324],[76.38674,30.18699],[76.39101,30.19225],[76.39884,30.199],[76.4102,30.20229],[76.42001,30.19788],[76.42858,30.17979],[76.42901,30.17299],[76.42643,30.16758],[76.42243,30.16358],[76.42227,30.1587],[76.42489,30.15462],[76.42604,30.14756],[76.43135,30.14071],[76.43632,30.13703]]]}},{"type":"Feature","properties":{"ID_0":105,"ISO":"IND","NAME_0":"India","ID_1":13,"NAME_1":"Haryana","ID_2":158,"NAME_2":"Karnal","NL_NAME_2":null,"VARNAME_2":null,"TYPE_2":"District","ENGTYPE_2":"District","STATE":"Haryana","DISTRICT":"Karnal"},"geometry":{"type":"Polygon","coordinates":[[[77.12154,29.97033],[77.12396,29.96766],[77.12867,29.96809],[77.13463,29.97184],[77.14089,29.9744],[77.14471,29.97417],[77.14925,29.97062],[77.15241,29.97045],[77.15527,29.97306],[77.16437,29.96758],[77.17046,29.95987],[77.17603,29.95655],[77.17293,29.94913],[77.18055,29.94131],[77.18792,29.93871],[77.21113,29.94071],[77.20257,29.93109],[77.19557,29.92727],[77.18913,29.92204],[77.1869,29.91748],[77.18591,29.91305],[77.18017,29.90621],[77.17956,29.90227],[77.18485,29.8949],[77.18497,29.89031],[77.1823,29.88159],[77.18246,29.87328],[77.18006,29.86914],[77.17811,29.86216],[77.16759,29.84639],[77.16704,29.84371],[77.16904,29.82958],[77.16527,29.82449],[77.15565,29.81679],[77.15397,29.81378],[77.1521,29.80766],[77.15172,29.80347],[77.15401,29.79769],[77.15238,29.79328],[77.14223,29.78757],[77.13744,29.7822],[77.132,29.77898],[77.1235,29.77785],[77.11829,29.77555],[77.11704,29.7709],[77.1189,29.76422],[77.11786,29.76043],[77.11422,29.75429],[77.11295,29.7486],[77.11516,29.74496],[77.12257,29.74282],[77.12256,29.73604],[77.14021,29.71727],[77.14333,29.70597],[77.1426,29.70164],[77.13988,29.70023],[77.13219,29.69948],[77.12553,29.69691],[77.1211,29.69156],[77.11917,29.68584],[77.11998,29.68026],[77.13114,29.66635],[77.1313,29.66299],[77.12942,29.65859],[77.1218,29.65354],[77.1097,29.64724],[77.10783,29.63996],[77.1049,29.63558],[77.10107,29.63308],[77.1016,29.62492],[77.10048,29.62227],[77.09453,29.61777],[77.09389,29.61297],[77.09219,29.60867],[77.08562,29.6008],[77.08681,29.59647],[77.0899,29.59043],[77.09378,29.58721],[77.10198,29.577],[77.10676,29.56636],[77.10972,29.55299],[77.10443,29.54891],[77.0953,29.54765],[77.08942,29.54469],[77.08623,29.5395],[77.08491,29.53359],[77.08649,29.52826],[77.09761,29.51201],[77.10341,29.50954],[77.11452,29.50316],[77.1199,29.49733],[77.12332,29.48606],[77.12039,29.48006],[77.11545,29.4754],[77.11402,29.47029],[77.1143,29.46186],[77.11784,29.45646],[77.12414,29.45294],[77.10954,29.4488],[77.06539,29.44565],[77.05856,29.44631],[77.04324,29.45315],[77.03371,29.45471],[77.01843,29.45215],[77.00456,29.45173],[76.99492,29.45302],[76.9894,29.45601],[76.97628,29.46725],[76.96795,29.47189],[76.96085,29.46735],[76.95235,29.46294],[76.94377,29.46334],[76.93678,29.46958],[76.92175,29.47512],[76.92573,29.48097],[76.91684,29.48298],[76.91039,29.48569],[76.9065,29.48567],[76.8997,29.47893],[76.89538,29.47326],[76.89137,29.47279],[76.88688,29.47774],[76.88349,29.48423],[76.87834,29.48985],[76.87315,29.49257],[76.86559,29.49445],[76.85756,29.49513],[76.84823,29.49133],[76.84548,29.48285],[76.83903,29.47857],[76.82594,29.4738],[76.8156,29.47565],[76.79506,29.48657],[76.78649,29.48258],[76.78169,29.47372],[76.77319,29.47213],[76.76009,29.47638],[76.75038,29.47325],[76.74505,29.47222],[76.73836,29.47873],[76.72911,29.48463],[76.72108,29.48746],[76.71229,29.48793],[76.70497,29.48649],[76.69639,29.48212],[76.68928,29.48142],[76.68169,29.4827],[76.65471,29.49373],[76.65025,29.49672],[76.64719,29.49754],[76.63132,29.47719],[76.61818,29.47739],[76.61331,29.47968],[76.60871,29.48069],[76.59727,29.47783],[76.59166,29.47817],[76.58336,29.47422],[76.57455,29.47314],[76.5701,29.47178],[76.5661,29.46864],[76.56171,29.46734],[76.55665,29.46754],[76.54596,29.463],[76.54003,29.46195],[76.53481,29.46238],[76.52813,29.46814],[76.52161,29.46904],[76.51824,29.47062],[76.52447,29.48633],[76.52276,29.49024],[76.52027,29.49069],[76.51016,29.48901],[76.49844,29.48948],[76.49736,29.49785],[76.49068,29.501],[76.48447,29.51263],[76.48211,29.51863],[76.48206,29.51872],[76.48194,29.5189],[76.49,29.53094],[76.49592,29.53638],[76.49841,29.54224],[76.51372,29.54424],[76.51546,29.54785],[76.51372,29.55536],[76.52103,29.5748],[76.52821,29.58047],[76.53375,29.58199],[76.53724,29.5853],[76.53838,29.58912],[76.53664,29.59437],[76.52133,29.61423],[76.52313,29.61797],[76.53025,29.61931],[76.53471,29.62245],[76.53762,29.62591],[76.55453,29.63351],[76.56601,29.63212],[76.57731,29.63407],[76.58519,29.63205],[76.59165,29.6327],[76.60302,29.6404],[76.61103,29.64882],[76.62756,29.65597],[76.63452,29.661],[76.63636,29.66883],[76.64095,29.6741],[76.64886,29.67544],[76.66196,29.67279],[76.66793,29.67534],[76.6722,29.68823],[76.67585,29.68734],[76.68021,29.68107],[76.68485,29.67678],[76.68938,29.67432],[76.6948,29.67889],[76.7012,29.6869],[76.70113,29.69231],[76.7,29.69579],[76.68147,29.70252],[76.67878,29.70774],[76.68526,29.72477],[76.68575,29.73353],[76.68326,29.74474],[76.68559,29.75194],[76.67622,29.76235],[76.67569,29.76721],[76.67746,29.77285],[76.68791,29.78377],[76.68888,29.79328],[76.69118,29.80146],[76.7047,29.81688],[76.70164,29.8235],[76.69482,29.82628],[76.67754,29.83003],[76.67723,29.83595],[76.67917,29.84067],[76.68002,29.8561],[76.675,29.86172],[76.6695,29.86305],[76.66534,29.86512],[76.66552,29.86833],[76.67531,29.87128],[76.67837,29.87863],[76.68005,29.88861],[76.68258,29.897],[76.68867,29.89963],[76.69823,29.88944],[76.70147,29.88724],[76.70702,29.88609],[76.71326,29.88643],[76.71809,29.88852],[76.72201,29.89552],[76.72892,29.90012],[76.73524,29.9069],[76.73881,29.91213],[76.74128,29.92274],[76.74388,29.92932],[76.75114,29.93847],[76.772,29.94288],[76.77754,29.94742],[76.78295,29.94911],[76.79043,29.94462],[76.79472,29.93839],[76.80008,29.93453],[76.80811,29.93804],[76.81508,29.93424],[76.8169,29.92083],[76.81885,29.91539],[76.82657,29.91434],[76.82631,29.92217],[76.82706,29.92945],[76.83884,29.93433],[76.84757,29.93665],[76.85235,29.93613],[76.85459,29.93142],[76.86604,29.92899],[76.87489,29.92868],[76.88745,29.92491],[76.898,29.92928],[76.93001,29.92656],[76.93362,29.92705],[76.94127,29.93658],[76.95433,29.94815],[76.96246,29.95374],[76.964,29.96159],[76.96922,29.96873],[76.988,29.96976],[76.99017,29.96923],[76.9894,29.95544],[76.99166,29.95444],[76.99566,29.9564],[77.00207,29.95219],[77.01086,29.9495],[77.02199,29.95636],[77.02445,29.95682],[77.04132,29.95016],[77.04693,29.94876],[77.05028,29.95204],[77.0541,29.95296],[77.06306,29.95133],[77.08235,29.95397],[77.09498,29.96704],[77.10423,29.98238],[77.1019,29.99317],[77.10281,29.99549],[77.11908,29.9873],[77.12415,29.98385],[77.12154,29.97033]]]}},{"type":"Feature","properties":{"ID_0":105,"ISO":"IND","NAME_0":"India","ID_1":13,"NAME_1":"Haryana","ID_2":159,"NAME_2":"Kurukshetra","NL_NAME_2":null,"VARNAME_2":null,"TYPE_2":"District","ENGTYPE_2":"District","STATE":"Haryana","DISTRICT":"Kurukshetra"},"geometry":{"type":"Polygon","coordinates":[[[76.87966,30.20126],[76.88381,30.19682],[76.8904,30.19298],[76.89571,30.1988],[76.90492,30.20351],[76.91354,30.2035],[76.92493,30.2015],[76.94788,30.19615],[76.94452,30.18793],[76.93354,30.18433],[76.93097,30.18099],[76.93151,30.17096],[76.93727,30.16455],[76.94347,30.16109],[76.9491,30.15835],[76.95425,30.16079],[76.95587,30.16464],[76.96523,30.16688],[76.96938,30.17159],[76.98767,30.16892],[76.98854,30.16822],[76.99226,30.16607],[76.9976,30.16214],[77.00766,30.15623],[77.01403,30.15199],[77.01942,30.14699],[77.02446,30.14156],[77.02931,30.13557],[77.03418,30.1322],[77.03931,30.12938],[77.04529,30.12703],[77.0528,30.12696],[77.05561,30.13168],[77.05731,30.13817],[77.05638,30.14566],[77.06258,30.1551],[77.06181,30.16204],[77.05894,30.16691],[77.06178,30.17014],[77.06575,30.1706],[77.07053,30.16823],[77.07545,30.16615],[77.07836,30.16303],[77.08202,30.15824],[77.08521,30.1586],[77.08646,30.16277],[77.08898,30.1673],[77.0921,30.17176],[77.0987,30.18023],[77.10144,30.17763],[77.10468,30.17383],[77.10839,30.16909],[77.11069,30.1676],[77.11626,30.16728],[77.1221,30.16736],[77.12586,30.16454],[77.13023,30.16033],[77.13731,30.1598],[77.14179,30.15843],[77.14593,30.15498],[77.1448,30.1515],[77.14153,30.146],[77.14664,30.14318],[77.15217,30.1423],[77.16207,30.13881],[77.16981,30.13447],[77.17289,30.12877],[77.17284,30.12125],[77.16936,30.11661],[77.17242,30.11103],[77.16953,30.10674],[77.16227,30.10028],[77.16335,30.09706],[77.16993,30.09213],[77.17435,30.08605],[77.16973,30.07868],[77.1662,30.07024],[77.1708,30.06547],[77.18715,30.05629],[77.196,30.0507],[77.20773,30.05542],[77.21046,30.05852],[77.21388,30.05749],[77.21657,30.05329],[77.22035,30.05201],[77.22346,30.04833],[77.22841,30.04787],[77.23779,30.04894],[77.24456,30.04675],[77.25746,30.05012],[77.26521,30.04952],[77.27041,30.04834],[77.26988,30.04423],[77.27177,30.03991],[77.27314,30.03404],[77.26969,30.02747],[77.26759,30.02211],[77.26544,30.01803],[77.26434,30.01306],[77.26192,30.00732],[77.26154,30.00562],[77.26316,30.00215],[77.25513,29.99597],[77.25476,29.99316],[77.25047,29.98845],[77.23548,29.98117],[77.23311,29.97363],[77.23195,29.96632],[77.22958,29.9619],[77.2249,29.95859],[77.22374,29.95475],[77.21113,29.94071],[77.18792,29.93871],[77.18055,29.94131],[77.17293,29.94913],[77.17603,29.95655],[77.17046,29.95987],[77.16437,29.96758],[77.15527,29.97306],[77.15241,29.97045],[77.14925,29.97062],[77.14471,29.97417],[77.14089,29.9744],[77.13463,29.97184],[77.12867,29.96809],[77.12396,29.96766],[77.12154,29.97033],[77.12415,29.98385],[77.11908,29.9873],[77.10281,29.99549],[77.1019,29.99317],[77.10423,29.98238],[77.09498,29.96704],[77.08235,29.95397],[77.06306,29.95133],[77.0541,29.95296],[77.05028,29.95204],[77.04693,29.94876],[77.04132,29.95016],[77.02445,29.95682],[77.02199,29.95636],[77.01086,29.9495],[77.00207,29.95219],[76.99566,29.9564],[76.99166,29.95444],[76.9894,29.95544],[76.99017,29.96923],[76.988,29.96976],[76.96922,29.96873],[76.964,29.96159],[76.96246,29.95374],[76.95433,29.94815],[76.94127,29.93658],[76.93362,29.92705],[76.93001,29.92656],[76.898,29.92928],[76.88745,29.92491],[76.87489,29.92868],[76.86604,29.92899],[76.85459,29.93142],[76.85235,29.93613],[76.84757,29.93665],[76.83884,29.93433],[76.82706,29.92945],[76.82631,29.92217],[76.82657,29.91434],[76.81885,29.91539],[76.8169,29.92083],[76.81508,29.93424],[76.80811,29.93804],[76.80008,29.93453],[76.79472,29.93839],[76.79043,29.94462],[76.78295,29.94911],[76.77754,29.94742],[76.772,29.94288],[76.75114,29.93847],[76.74388,29.92932],[76.72036,29.93244],[76.70883,29.92894],[76.70232,29.9261],[76.69755,29.92778],[76.68666,29.9342],[76.67883,29.92095],[76.67278,29.93054],[76.67025,29.93893],[76.67135,29.94568],[76.67014,29.95214],[76.66275,29.9475],[76.65566,29.96091],[76.64655,29.96092],[76.63958,29.95735],[76.63575,29.94919],[76.6227,29.94083],[76.61308,29.94374],[76.60638,29.93186],[76.60596,29.92286],[76.59872,29.91904],[76.5811,29.91652],[76.5816,29.90927],[76.58748,29.90116],[76.58866,29.89575],[76.58498,29.88121],[76.5508,29.87186],[76.55035,29.86489],[76.54287,29.86185],[76.52563,29.87982],[76.51071,29.90099],[76.49476,29.90733],[76.4836,29.91039],[76.47433,29.91051],[76.46723,29.91188],[76.45906,29.91593],[76.46243,29.92146],[76.46747,29.93685],[76.47107,29.95973],[76.46674,29.96357],[76.46162,29.97044],[76.45489,29.97132],[76.4479,29.96843],[76.44625,29.97284],[76.45416,29.98436],[76.45074,30.0049],[76.45207,30.00728],[76.45331,30.00906],[76.45458,30.01084],[76.45588,30.01264],[76.45715,30.01442],[76.4584,30.01622],[76.4596,30.01799],[76.46072,30.01974],[76.46173,30.02149],[76.46262,30.02322],[76.46337,30.02491],[76.46306,30.02656],[76.46073,30.02789],[76.45844,30.02839],[76.45618,30.02789],[76.45382,30.02743],[76.45157,30.02768],[76.44933,30.02823],[76.44711,30.02893],[76.44495,30.02985],[76.44282,30.03119],[76.44089,30.03187],[76.43935,30.03096],[76.43806,30.02909],[76.43667,30.02722],[76.43481,30.026],[76.43255,30.02516],[76.43033,30.02495],[76.4283,30.02573],[76.42643,30.02713],[76.42479,30.02857],[76.42339,30.03018],[76.42207,30.03185],[76.42073,30.0335],[76.41936,30.03515],[76.41807,30.03682],[76.41692,30.03856],[76.41583,30.04037],[76.41472,30.04223],[76.41373,30.04411],[76.41295,30.046],[76.4125,30.04788],[76.41276,30.0498],[76.41371,30.05172],[76.41502,30.05351],[76.41641,30.05507],[76.41811,30.05648],[76.41992,30.05777],[76.42188,30.05886],[76.424,30.05973],[76.42596,30.06077],[76.42757,30.06218],[76.42905,30.06375],[76.43037,30.06543],[76.43153,30.06718],[76.43259,30.06897],[76.43364,30.07076],[76.43466,30.07257],[76.43567,30.07438],[76.43666,30.0762],[76.43764,30.07804],[76.4386,30.07988],[76.43951,30.08172],[76.44043,30.08357],[76.44131,30.08543],[76.44217,30.08728],[76.44254,30.08938],[76.44263,30.0915],[76.4436,30.09307],[76.44566,30.09393],[76.44808,30.09453],[76.45033,30.09524],[76.45177,30.0965],[76.45203,30.09854],[76.45209,30.10071],[76.46157,30.099],[76.48349,30.09956],[76.49083,30.09715],[76.49517,30.09239],[76.49501,30.08708],[76.49714,30.08157],[76.50112,30.07663],[76.50894,30.07953],[76.52554,30.08085],[76.53364,30.08278],[76.55487,30.09876],[76.55917,30.09805],[76.56144,30.09764],[76.56364,30.09711],[76.56575,30.09626],[76.56767,30.09512],[76.56948,30.09388],[76.57124,30.09256],[76.57301,30.09124],[76.57478,30.08996],[76.57664,30.08876],[76.5788,30.08784],[76.5808,30.08685],[76.58194,30.08521],[76.58195,30.08313],[76.58105,30.08128],[76.57977,30.07953],[76.57787,30.07771],[76.57638,30.07611],[76.57677,30.0751],[76.57917,30.07459],[76.58195,30.07467],[76.584,30.07544],[76.58583,30.07674],[76.58764,30.07814],[76.58953,30.0793],[76.59168,30.07974],[76.59406,30.07955],[76.59642,30.07947],[76.59878,30.0797],[76.60105,30.08023],[76.60287,30.08132],[76.60447,30.08272],[76.60596,30.08429],[76.60742,30.0859],[76.60896,30.08746],[76.61061,30.08887],[76.61235,30.09021],[76.61411,30.0915],[76.61589,30.09278],[76.6177,30.09406],[76.61948,30.09536],[76.62515,30.10184],[76.62667,30.10565],[76.62756,30.11048],[76.62663,30.11396],[76.62475,30.11689],[76.62521,30.12103],[76.62872,30.1302],[76.6294,30.13477],[76.62309,30.14466],[76.62327,30.1494],[76.62764,30.15511],[76.63429,30.15255],[76.64587,30.15858],[76.65198,30.16557],[76.66488,30.17306],[76.67371,30.18871],[76.68864,30.19247],[76.71935,30.19582],[76.7373,30.19857],[76.74902,30.19695],[76.75624,30.20115],[76.76228,30.2024],[76.76845,30.20718],[76.77339,30.21223],[76.78405,30.21361],[76.79536,30.21619],[76.80113,30.22003],[76.80943,30.23113],[76.8097,30.24081],[76.81122,30.24612],[76.81933,30.25304],[76.8419,30.25228],[76.84964,30.25027],[76.85331,30.24807],[76.85001,30.23726],[76.85155,30.23204],[76.86518,30.22145],[76.87106,30.21847],[76.87501,30.21397],[76.87291,30.20631],[76.87966,30.20126]]]}},{"type":"Feature","properties":{"ID_0":105,"ISO":"IND","NAME_0":"India","ID_1":13,"NAME_1":"Haryana","ID_2":160,"NAME_2":"Mahendragarh","NL_NAME_2":null,"VARNAME_2":"Mahendergarh, Mahendragarth, Mohindargarh, Mohindergarh","TYPE_2":"District","ENGTYPE_2":"District","STATE":"Haryana","DISTRICT":"Mahendragarh"},"geometry":{"type":"Polygon","coordinates":[[[76.23856,28.44744],[76.24122,28.44392],[76.247,28.44154],[76.26406,28.44395],[76.28194,28.43934],[76.28183,28.42794],[76.27992,28.42162],[76.27551,28.41307],[76.27587,28.41058],[76.27821,28.40819],[76.29385,28.40679],[76.29068,28.39532],[76.29175,28.38724],[76.29765,28.38142],[76.31575,28.37802],[76.31956,28.37659],[76.32206,28.3692],[76.33929,28.36909],[76.34661,28.374],[76.35096,28.38846],[76.35783,28.4066],[76.36729,28.40782],[76.36723,28.39918],[76.37201,28.39981],[76.37429,28.40375],[76.38836,28.40069],[76.38378,28.38233],[76.38361,28.37629],[76.38105,28.36907],[76.36728,28.37035],[76.35113,28.37176],[76.35158,28.36456],[76.35081,28.35075],[76.3577,28.34583],[76.36229,28.32994],[76.35885,28.32852],[76.3546,28.32676],[76.35229,28.3184],[76.34448,28.31485],[76.34135,28.30828],[76.34429,28.30134],[76.34712,28.28581],[76.3378,28.27506],[76.34315,28.26917],[76.34352,28.2681],[76.34502,28.26369],[76.34282,28.25485],[76.34335,28.24645],[76.33878,28.23067],[76.33674,28.22799],[76.32341,28.22857],[76.31696,28.21356],[76.31125,28.20984],[76.30267,28.20926],[76.29947,28.20285],[76.30336,28.19578],[76.30734,28.19228],[76.30872,28.18336],[76.30496,28.18386],[76.29803,28.18287],[76.28886,28.18267],[76.27907,28.17872],[76.27679,28.17276],[76.27818,28.16857],[76.29301,28.16528],[76.29852,28.16255],[76.29847,28.15945],[76.29507,28.15705],[76.29591,28.15467],[76.30156,28.151],[76.30821,28.15088],[76.31112,28.15467],[76.31733,28.15306],[76.32275,28.14922],[76.33101,28.13897],[76.33759,28.13485],[76.34322,28.13277],[76.34934,28.13215],[76.35561,28.12845],[76.34351,28.11322],[76.33955,28.1097],[76.33189,28.10672],[76.31418,28.11213],[76.30803,28.11128],[76.30132,28.1062],[76.2974,28.10105],[76.30717,28.09645],[76.31345,28.09467],[76.32055,28.09431],[76.32488,28.09216],[76.3288,28.08776],[76.33127,28.08165],[76.33214,28.07679],[76.33735,28.07306],[76.34437,28.07387],[76.35049,28.07578],[76.3546,28.0742],[76.35329,28.06557],[76.34592,28.04579],[76.34126,28.03605],[76.3368,28.02966],[76.32996,28.02488],[76.32368,28.02384],[76.3166,28.02099],[76.29716,28.02596],[76.29012,28.0299],[76.28812,28.04205],[76.29008,28.04911],[76.28203,28.05893],[76.27179,28.06639],[76.26492,28.06874],[76.2511,28.07092],[76.24357,28.06894],[76.23337,28.05642],[76.22594,28.05519],[76.20834,28.05556],[76.20364,28.05952],[76.19991,28.06075],[76.19285,28.05981],[76.17734,28.05926],[76.17545,28.05425],[76.17689,28.04896],[76.18318,28.04302],[76.19343,28.03523],[76.19818,28.03495],[76.20416,28.04225],[76.21356,28.04018],[76.21383,28.03168],[76.20346,28.03036],[76.20039,28.02567],[76.19588,28.02174],[76.19068,28.02142],[76.18389,28.02354],[76.17956,28.02329],[76.17426,28.02191],[76.16939,28.01686],[76.15872,28.00455],[76.15494,27.99899],[76.15387,27.99253],[76.16247,27.98831],[76.16098,27.9801],[76.16704,27.97915],[76.17422,27.97521],[76.17947,27.97284],[76.17818,27.96747],[76.17629,27.96106],[76.17693,27.95506],[76.17637,27.94831],[76.17477,27.94125],[76.17037,27.93329],[76.16766,27.92835],[76.16608,27.92099],[76.16646,27.91507],[76.16975,27.90975],[76.17516,27.9071],[76.18262,27.90507],[76.19096,27.90269],[76.19864,27.89899],[76.20013,27.89231],[76.19975,27.8881],[76.19444,27.88394],[76.19032,27.88158],[76.18901,27.87637],[76.19135,27.86943],[76.19311,27.86391],[76.19895,27.85967],[76.20507,27.85552],[76.20595,27.84799],[76.21063,27.84482],[76.22328,27.84093],[76.21381,27.83259],[76.20773,27.82849],[76.20055,27.82891],[76.19413,27.83121],[76.19041,27.82676],[76.18624,27.81905],[76.18042,27.81241],[76.17292,27.80746],[76.16734,27.80914],[76.16284,27.81484],[76.15319,27.82129],[76.14268,27.82783],[76.12777,27.8332],[76.12823,27.83784],[76.12846,27.84692],[76.12214,27.8544],[76.11259,27.85858],[76.10335,27.86238],[76.09577,27.8648],[76.08807,27.86845],[76.08564,27.86522],[76.08476,27.85639],[76.08009,27.85107],[76.06003,27.85718],[76.05479,27.85182],[76.04963,27.84786],[76.04369,27.84885],[76.0384,27.8525],[76.03384,27.85418],[76.02962,27.85389],[76.02079,27.85752],[76.00931,27.86261],[76.00525,27.85744],[75.99662,27.86017],[75.99448,27.86092],[75.98428,27.86287],[75.97545,27.86463],[75.96308,27.86473],[75.96426,27.87151],[75.97346,27.87745],[75.9728,27.88538],[75.97519,27.89309],[75.96725,27.89931],[75.97739,27.90926],[75.96754,27.91537],[75.95589,27.91955],[75.94175,27.91908],[75.92883,27.91681],[75.92878,27.92648],[75.92362,27.93309],[75.92859,27.94175],[75.93851,27.95109],[75.9417,27.94634],[75.94461,27.94009],[75.95395,27.93944],[75.96317,27.93695],[75.9732,27.958],[75.96833,27.96231],[75.97385,27.96994],[75.98183,27.97831],[75.98647,27.98111],[75.98691,27.98463],[75.98208,27.98698],[75.97317,27.98396],[75.96566,27.98657],[75.95547,27.98864],[75.95528,27.99418],[75.9564,28.00102],[75.96052,28.0021],[75.96452,28.00266],[75.96687,28.00223],[75.97227,28.00134],[75.97989,28.00145],[75.98911,28.00433],[75.99054,28.01017],[75.98582,28.01475],[75.97916,28.01546],[75.97268,28.01814],[75.97083,28.02375],[75.96999,28.03095],[75.97436,28.03694],[75.98051,28.03871],[75.99105,28.03991],[76.01008,28.03671],[76.01089,28.04704],[76.00996,28.04991],[76.00536,28.05453],[76.01667,28.05611],[76.02229,28.06231],[76.03312,28.06865],[76.03563,28.07398],[76.0342,28.07995],[76.03121,28.08389],[76.01565,28.08885],[76.01486,28.08108],[76.01243,28.07635],[76.00192,28.06073],[75.99763,28.05747],[75.99107,28.05645],[75.98455,28.05074],[75.97741,28.0522],[75.97459,28.05705],[75.98763,28.07059],[75.98206,28.08022],[75.97707,28.08418],[75.95897,28.08406],[75.93609,28.09353],[75.9425,28.10563],[75.9474,28.10969],[75.9575,28.11555],[75.96761,28.11939],[75.97707,28.1272],[75.99111,28.12818],[75.99429,28.13111],[75.99572,28.13532],[75.99467,28.1506],[75.99976,28.15644],[76.00603,28.15656],[76.0112,28.15767],[76.0162,28.16108],[76.02775,28.17272],[76.06073,28.16998],[76.06635,28.16777],[76.06541,28.15565],[76.06367,28.14989],[76.06506,28.14447],[76.07491,28.14195],[76.0832,28.14225],[76.08794,28.14354],[76.0918,28.14642],[76.09287,28.15162],[76.09289,28.15522],[76.08043,28.16811],[76.07481,28.17243],[76.07157,28.17923],[76.0693,28.19425],[76.06561,28.19895],[76.05666,28.20123],[76.04507,28.20293],[76.04382,28.20549],[76.04975,28.20983],[76.05228,28.21444],[76.05301,28.22423],[76.03635,28.22711],[76.02578,28.23592],[76.01119,28.24175],[76.0074,28.25315],[76.01872,28.28096],[75.99124,28.29519],[75.98657,28.29589],[75.97933,28.30633],[75.97471,28.31586],[75.96763,28.32409],[75.95467,28.31853],[75.95449,28.32871],[75.95143,28.3335],[75.9566,28.33558],[75.95631,28.33837],[75.92741,28.3451],[75.92841,28.35602],[75.92498,28.3647],[75.92238,28.36891],[75.90467,28.37606],[75.89713,28.38008],[75.89687,28.39],[75.88923,28.39366],[75.889,28.39892],[75.89582,28.40358],[75.89317,28.41115],[75.89159,28.42144],[75.89357,28.43102],[75.89768,28.43358],[75.96387,28.44247],[75.99136,28.44432],[76.0082,28.43643],[76.00569,28.41634],[76.01495,28.40793],[76.01299,28.39886],[76.01334,28.39463],[76.01949,28.39438],[76.02834,28.39675],[76.04791,28.40026],[76.05916,28.40094],[76.07025,28.39858],[76.07773,28.41303],[76.08399,28.41832],[76.08949,28.42975],[76.0994,28.43322],[76.10452,28.44902],[76.10836,28.45514],[76.11866,28.45326],[76.1274,28.45451],[76.13666,28.4535],[76.14196,28.45753],[76.14636,28.46692],[76.15491,28.46689],[76.15472,28.45592],[76.16236,28.45159],[76.16329,28.44567],[76.16336,28.43716],[76.16603,28.43495],[76.1779,28.43622],[76.18223,28.44508],[76.18869,28.44663],[76.19507,28.44553],[76.19669,28.44839],[76.20306,28.44907],[76.20629,28.45375],[76.2075,28.46425],[76.21156,28.47164],[76.22231,28.47193],[76.23433,28.46519],[76.23648,28.45971],[76.23856,28.44744]]]}},{"type":"Feature","properties":{"ID_0":105,"ISO":"IND","NAME_0":"India","ID_1":13,"NAME_1":"Haryana","ID_2":161,"NAME_2":"Panchkula","NL_NAME_2":null,"VARNAME_2":null,"TYPE_2":"District","ENGTYPE_2":"District","STATE":"Haryana","DISTRICT":"Panchkula"},"geometry":{"type":"Polygon","coordinates":[[[76.81437,30.92134],[76.8098,30.9068],[76.81576,30.89601],[76.82266,30.8881],[76.83715,30.87887],[76.85243,30.87069],[76.86179,30.87355],[76.86963,30.87816],[76.87859,30.88598],[76.88655,30.8883],[76.90216,30.89723],[76.90707,30.89099],[76.91584,30.86933],[76.92661,30.85444],[76.9278,30.84814],[76.92751,30.83735],[76.9337,30.83196],[76.94283,30.82919],[76.94765,30.82317],[76.95375,30.81121],[76.96181,30.80899],[76.96864,30.80796],[76.9791,30.79881],[76.98264,30.8043],[76.98477,30.81047],[76.98653,30.81325],[76.98846,30.815],[76.99266,30.8183],[76.99584,30.81671],[76.99796,30.81429],[76.99852,30.80973],[76.99974,30.8049],[77.00035,30.79762],[76.99973,30.79398],[77.00003,30.78902],[76.99487,30.78507],[76.99096,30.78065],[76.9886,30.77707],[76.99121,30.77345],[76.99525,30.77104],[76.99883,30.76915],[77.00239,30.76795],[77.00446,30.76635],[77.00582,30.76175],[77.00466,30.75735],[77.00471,30.75249],[77.00645,30.74951],[77.00939,30.74571],[77.0131,30.74221],[77.01805,30.74045],[77.02402,30.74162],[77.02829,30.74344],[77.03037,30.74634],[77.03033,30.75176],[77.03371,30.75542],[77.03802,30.75314],[77.04706,30.74867],[77.05498,30.74674],[77.06171,30.74613],[77.06972,30.74698],[77.07684,30.74476],[77.08627,30.73994],[77.09112,30.73621],[77.09613,30.73462],[77.10056,30.73239],[77.10235,30.73078],[77.10021,30.72639],[77.09991,30.72228],[77.10317,30.72045],[77.10957,30.72268],[77.11745,30.71791],[77.12224,30.71216],[77.12512,30.7071],[77.13382,30.70216],[77.14037,30.69757],[77.14744,30.69348],[77.15177,30.69051],[77.15353,30.68872],[77.15021,30.68455],[77.15069,30.6812],[77.15386,30.67694],[77.1552,30.66806],[77.15264,30.65876],[77.15273,30.6542],[77.1562,30.64792],[77.16045,30.6424],[77.16236,30.63865],[77.15987,30.63148],[77.15863,30.61381],[77.15848,30.60746],[77.15864,30.60314],[77.15749,30.59955],[77.1541,30.59632],[77.15122,30.59283],[77.14693,30.58896],[77.13985,30.5832],[77.13268,30.57845],[77.12588,30.57369],[77.12379,30.57269],[77.11707,30.58022],[77.1113,30.58188],[77.10509,30.58249],[77.09939,30.5851],[77.09364,30.5861],[77.08778,30.58375],[77.0825,30.58087],[77.07688,30.57795],[77.07252,30.58105],[77.0685,30.58564],[77.06433,30.58971],[77.06018,30.59373],[77.05596,30.59777],[77.05239,30.60218],[77.04905,30.60679],[77.04538,30.61117],[77.04144,30.6154],[77.03745,30.61959],[77.03355,30.6238],[77.03065,30.62851],[77.02713,30.63297],[77.02269,30.63656],[77.01862,30.6344],[77.0173,30.6292],[77.01968,30.62412],[77.01655,30.61951],[77.01263,30.61531],[77.00838,30.61133],[77.00321,30.60858],[76.99888,30.60463],[76.99576,30.59998],[76.99296,30.59513],[76.9902,30.59025],[76.98696,30.58565],[76.98022,30.58101],[76.96671,30.56876],[76.96266,30.56311],[76.95696,30.54493],[76.95005,30.53556],[76.94434,30.53123],[76.93748,30.52828],[76.92007,30.52469],[76.9143,30.52655],[76.90725,30.5299],[76.89822,30.5347],[76.88776,30.53815],[76.88504,30.54042],[76.89219,30.54444],[76.90224,30.55104],[76.90593,30.55839],[76.90385,30.56172],[76.89889,30.56403],[76.89889,30.56672],[76.90391,30.57518],[76.90453,30.58057],[76.89856,30.58843],[76.90721,30.59141],[76.91343,30.5997],[76.91061,30.60583],[76.90154,30.60841],[76.8996,30.62003],[76.89454,30.62333],[76.88361,30.62709],[76.88063,30.63307],[76.87709,30.63702],[76.87267,30.64002],[76.86796,30.64164],[76.86195,30.64027],[76.85858,30.64063],[76.85897,30.65156],[76.86186,30.65972],[76.86311,30.67151],[76.86223,30.67927],[76.85541,30.6732],[76.84984,30.66486],[76.83986,30.65678],[76.83479,30.65582],[76.835,30.66411],[76.83006,30.66493],[76.82694,30.66333],[76.8241,30.66007],[76.81882,30.66059],[76.81837,30.67296],[76.81981,30.68583],[76.8177,30.69063],[76.82111,30.69678],[76.82829,30.70595],[76.8363,30.71427],[76.83438,30.7244],[76.82481,30.73082],[76.82275,30.74008],[76.82819,30.76379],[76.83082,30.76793],[76.84679,30.79252],[76.84135,30.79909],[76.83351,30.80457],[76.83336,30.81589],[76.8321,30.82542],[76.82775,30.83257],[76.81895,30.8371],[76.80656,30.84025],[76.80122,30.84252],[76.78494,30.86127],[76.77334,30.87115],[76.76904,30.87653],[76.76254,30.89341],[76.76986,30.90639],[76.79877,30.92464],[76.81019,30.93038],[76.81339,30.92732],[76.81437,30.92134]]]}},{"type":"Feature","properties":{"ID_0":105,"ISO":"IND","NAME_0":"India","ID_1":13,"NAME_1":"Haryana","ID_2":162,"NAME_2":"Panipat","NL_NAME_2":null,"VARNAME_2":null,"TYPE_2":"District","ENGTYPE_2":"District","STATE":"Haryana","DISTRICT":"Panipat"},"geometry":{"type":"Polygon","coordinates":[[[76.84823,29.49133],[76.85756,29.49513],[76.86559,29.49445],[76.87315,29.49257],[76.87834,29.48985],[76.88349,29.48423],[76.88688,29.47774],[76.89137,29.47279],[76.89538,29.47326],[76.8997,29.47893],[76.9065,29.48567],[76.91039,29.48569],[76.91684,29.48298],[76.92573,29.48097],[76.92175,29.47512],[76.93678,29.46958],[76.94377,29.46334],[76.95235,29.46294],[76.96085,29.46735],[76.96795,29.47189],[76.97628,29.46725],[76.9894,29.45601],[76.99492,29.45302],[77.00456,29.45173],[77.01843,29.45215],[77.03371,29.45471],[77.04324,29.45315],[77.05856,29.44631],[77.06539,29.44565],[77.10954,29.4488],[77.12414,29.45294],[77.13198,29.45049],[77.13775,29.44659],[77.13939,29.4421],[77.13845,29.43686],[77.13577,29.43222],[77.12488,29.42217],[77.12587,29.41064],[77.12909,29.40249],[77.13346,29.39844],[77.14007,29.39472],[77.14597,29.39248],[77.1468,29.38977],[77.13865,29.38391],[77.13105,29.3807],[77.12047,29.37877],[77.11694,29.37668],[77.1167,29.37258],[77.11884,29.36196],[77.11752,29.35715],[77.12003,29.34979],[77.12369,29.34499],[77.12758,29.34434],[77.14645,29.34506],[77.15186,29.33929],[77.15395,29.33548],[77.15002,29.33169],[77.15105,29.32552],[77.1536,29.32226],[77.15421,29.31692],[77.14231,29.30151],[77.14437,29.2962],[77.13762,29.28747],[77.12949,29.27279],[77.13499,29.26649],[77.14248,29.2516],[77.14402,29.24333],[77.1428,29.23779],[77.12722,29.22814],[77.12522,29.22487],[77.1277,29.21842],[77.13263,29.21312],[77.13616,29.20745],[77.13814,29.20106],[77.13999,29.18208],[77.13241,29.17181],[77.10337,29.17538],[77.0921,29.16856],[77.08864,29.17041],[77.08191,29.17991],[77.07314,29.18695],[77.05787,29.18219],[77.05086,29.18191],[77.0383,29.19285],[77.02919,29.18922],[77.01865,29.18794],[77.00935,29.19337],[77.00117,29.19649],[76.99985,29.20025],[77.00313,29.2219],[76.9984,29.22513],[76.99005,29.22387],[76.98596,29.22246],[76.97134,29.22128],[76.96389,29.22179],[76.95514,29.22424],[76.94675,29.2186],[76.94003,29.21501],[76.92792,29.21433],[76.91888,29.21993],[76.90524,29.22411],[76.89381,29.22162],[76.88316,29.21504],[76.8776,29.20234],[76.87337,29.1977],[76.86744,29.19924],[76.8567,29.20703],[76.8568,29.20901],[76.82864,29.21087],[76.81688,29.21373],[76.79052,29.23132],[76.78597,29.24646],[76.78298,29.26599],[76.78044,29.27479],[76.77502,29.27849],[76.76603,29.28209],[76.75548,29.28209],[76.74667,29.27809],[76.73169,29.2655],[76.70065,29.25572],[76.69035,29.2676],[76.67139,29.27497],[76.6703,29.28184],[76.65306,29.28502],[76.64215,29.29231],[76.63697,29.2946],[76.63164,29.29936],[76.62916,29.31575],[76.62468,29.32103],[76.63164,29.33672],[76.63612,29.3428],[76.63777,29.35029],[76.63667,29.36119],[76.63693,29.368],[76.63927,29.37334],[76.64597,29.37646],[76.65703,29.378],[76.66125,29.38205],[76.67062,29.38239],[76.68008,29.38469],[76.68497,29.38972],[76.69853,29.38806],[76.70903,29.39328],[76.71696,29.39414],[76.72281,29.39721],[76.72346,29.40308],[76.72572,29.41148],[76.72295,29.42004],[76.72521,29.42804],[76.73236,29.43755],[76.73756,29.44772],[76.73938,29.45664],[76.74505,29.47222],[76.75038,29.47325],[76.76009,29.47638],[76.77319,29.47213],[76.78169,29.47372],[76.78649,29.48258],[76.79506,29.48657],[76.8156,29.47565],[76.82594,29.4738],[76.83903,29.47857],[76.84548,29.48285],[76.84823,29.49133]]]}},{"type":"Feature","properties":{"ID_0":105,"ISO":"IND","NAME_0":"India","ID_1":13,"NAME_1":"Haryana","ID_2":163,"NAME_2":"Rewari","NL_NAME_2":null,"VARNAME_2":null,"TYPE_2":"District","ENGTYPE_2":"District","STATE":"Haryana","DISTRICT":"Rewari"},"geometry":{"type":"Polygon","coordinates":[[[76.65432,28.35444],[76.6529,28.34681],[76.65282,28.33794],[76.64884,28.32954],[76.64841,28.3254],[76.65258,28.32269],[76.66731,28.32194],[76.67724,28.32001],[76.67638,28.30787],[76.67245,28.29442],[76.6681,28.27957],[76.67097,28.2729],[76.67313,28.26786],[76.67485,28.26742],[76.67828,28.26657],[76.68563,28.26744],[76.69338,28.2654],[76.70207,28.26729],[76.71302,28.2675],[76.71325,28.26751],[76.71846,28.26411],[76.72368,28.26072],[76.72565,28.25991],[76.72952,28.25832],[76.74774,28.25302],[76.76116,28.24589],[76.76319,28.23971],[76.76991,28.23188],[76.7739,28.23095],[76.77695,28.23429],[76.7819,28.24244],[76.78897,28.25101],[76.79585,28.25388],[76.79519,28.25299],[76.82296,28.24938],[76.82681,28.24707],[76.84648,28.23951],[76.85434,28.22524],[76.85049,28.22667],[76.83343,28.22485],[76.82725,28.21749],[76.82383,28.2147],[76.81896,28.21469],[76.81323,28.21631],[76.80581,28.21589],[76.80137,28.2116],[76.80247,28.20463],[76.8056,28.20038],[76.80261,28.19607],[76.79789,28.19438],[76.79385,28.19955],[76.7931,28.19833],[76.79025,28.19376],[76.79226,28.18292],[76.79229,28.17566],[76.79614,28.17048],[76.79149,28.15724],[76.78307,28.15568],[76.77294,28.15142],[76.76217,28.15002],[76.75508,28.14661],[76.73913,28.12904],[76.73296,28.12857],[76.7316,28.12845],[76.72005,28.13153],[76.70996,28.13236],[76.70899,28.13138],[76.70544,28.12773],[76.69876,28.11571],[76.69495,28.1153],[76.69025,28.11479],[76.6895,28.1135],[76.68565,28.10688],[76.68218,28.09777],[76.67791,28.09781],[76.66393,28.09785],[76.65799,28.09907],[76.65123,28.09676],[76.64785,28.09221],[76.64697,28.08511],[76.64804,28.07908],[76.64793,28.06767],[76.64893,28.06171],[76.65163,28.05548],[76.65099,28.04446],[76.65342,28.03992],[76.65962,28.03367],[76.66146,28.0293],[76.66241,28.02294],[76.66007,28.01905],[76.65456,28.01557],[76.64671,28.01262],[76.63688,28.01066],[76.62534,28.01047],[76.61597,28.01129],[76.6039,28.01079],[76.59897,28.00984],[76.59524,28.00615],[76.59176,28.00366],[76.58382,28.00031],[76.57727,27.99487],[76.57383,27.98902],[76.5675,27.98358],[76.55979,27.98178],[76.55344,27.97503],[76.54659,27.97137],[76.53819,27.97054],[76.5335,27.97373],[76.53104,27.97933],[76.53194,27.9857],[76.53554,27.99306],[76.53641,28.00473],[76.53845,28.00537],[76.53774,28.00751],[76.53862,28.01206],[76.53855,28.0167],[76.53553,28.02571],[76.53852,28.03912],[76.53124,28.04311],[76.52586,28.04545],[76.51859,28.03896],[76.51141,28.03536],[76.50523,28.03503],[76.4995,28.03636],[76.49849,28.04018],[76.49605,28.04364],[76.49222,28.0471],[76.48307,28.04633],[76.47571,28.04406],[76.4617,28.04457],[76.45574,28.04648],[76.45373,28.04967],[76.45403,28.05507],[76.45798,28.06197],[76.4713,28.06111],[76.48382,28.05828],[76.48958,28.05924],[76.49454,28.06107],[76.49766,28.06473],[76.49538,28.06764],[76.4859,28.07512],[76.46989,28.08632],[76.46361,28.08407],[76.45882,28.085],[76.45343,28.08779],[76.44857,28.09317],[76.45122,28.09766],[76.4539,28.10589],[76.45689,28.11039],[76.46093,28.1119],[76.46623,28.11297],[76.47254,28.11271],[76.47729,28.10599],[76.48875,28.10473],[76.4978,28.10662],[76.49729,28.11598],[76.49809,28.12254],[76.48689,28.12281],[76.48574,28.12812],[76.48972,28.13368],[76.48509,28.1349],[76.48329,28.13485],[76.47723,28.13467],[76.47319,28.13573],[76.46996,28.1385],[76.47234,28.1496],[76.47099,28.15474],[76.46518,28.15561],[76.46109,28.15237],[76.45605,28.15143],[76.43713,28.15215],[76.43136,28.14757],[76.42729,28.14594],[76.41225,28.14748],[76.39704,28.14779],[76.39303,28.14105],[76.38851,28.13952],[76.38403,28.13986],[76.37677,28.13807],[76.35983,28.14338],[76.35741,28.14785],[76.35597,28.15978],[76.35325,28.16619],[76.3426,28.17393],[76.33591,28.17734],[76.32596,28.17743],[76.30872,28.18336],[76.30734,28.19228],[76.30336,28.19578],[76.29947,28.20285],[76.30267,28.20926],[76.31125,28.20984],[76.31696,28.21356],[76.32341,28.22857],[76.33674,28.22799],[76.33878,28.23067],[76.34335,28.24645],[76.34282,28.25485],[76.34502,28.26369],[76.34352,28.2681],[76.34315,28.26917],[76.3378,28.27506],[76.34712,28.28581],[76.34429,28.30134],[76.34135,28.30828],[76.34448,28.31485],[76.35229,28.3184],[76.3546,28.32676],[76.35885,28.32852],[76.36229,28.32994],[76.3577,28.34583],[76.35081,28.35075],[76.35158,28.36456],[76.35113,28.37176],[76.36728,28.37035],[76.38105,28.36907],[76.38358,28.36576],[76.38131,28.35606],[76.3772,28.34702],[76.38003,28.34335],[76.39611,28.33542],[76.41072,28.32983],[76.41322,28.33008],[76.41517,28.33322],[76.41801,28.34901],[76.41106,28.3506],[76.40183,28.354],[76.39739,28.35677],[76.39964,28.36422],[76.4178,28.36121],[76.45358,28.35042],[76.4609,28.35481],[76.46204,28.36102],[76.46377,28.36388],[76.46569,28.36707],[76.48794,28.3816],[76.496,28.38298],[76.50281,28.38191],[76.50532,28.37203],[76.50917,28.36183],[76.51865,28.35504],[76.5423,28.35008],[76.57487,28.3515],[76.57797,28.35416],[76.58181,28.37115],[76.59176,28.37388],[76.59203,28.38342],[76.59425,28.38782],[76.59541,28.40877],[76.60033,28.42504],[76.60485,28.43205],[76.606,28.43382],[76.61269,28.43303],[76.62082,28.42916],[76.62873,28.42329],[76.63648,28.41458],[76.64278,28.40603],[76.65049,28.40073],[76.6554,28.39415],[76.65803,28.38577],[76.65601,28.37646],[76.65125,28.36405],[76.65432,28.35444]]]}},{"type":"Feature","properties":{"ID_0":105,"ISO":"IND","NAME_0":"India","ID_1":13,"NAME_1":"Haryana","ID_2":164,"NAME_2":"Rohtak","NL_NAME_2":null,"VARNAME_2":null,"TYPE_2":"District","ENGTYPE_2":"District","STATE":"Haryana","DISTRICT":"Rohtak"},"geometry":{"type":"Polygon","coordinates":[[[76.54411,29.09009],[76.5568,29.07136],[76.56172,29.06783],[76.57985,29.06905],[76.6016,29.06508],[76.62292,29.06512],[76.62889,29.06328],[76.62926,29.0594],[76.62838,29.05301],[76.62934,29.04194],[76.63094,29.0369],[76.64871,29.03559],[76.65588,29.03209],[76.65458,29.01406],[76.6514,29.00583],[76.65774,28.99342],[76.66147,28.98891],[76.67654,28.9835],[76.69537,28.97859],[76.71492,28.97526],[76.73353,28.9647],[76.74757,28.96845],[76.75628,28.96297],[76.7673,28.95065],[76.76873,28.94938],[76.76549,28.94574],[76.77361,28.9322],[76.78111,28.93063],[76.80279,28.93321],[76.8087,28.93323],[76.81741,28.92566],[76.81544,28.91853],[76.81712,28.90848],[76.80943,28.89589],[76.81011,28.89028],[76.8022,28.86951],[76.80933,28.8641],[76.83578,28.86613],[76.84882,28.86606],[76.85429,28.86693],[76.85814,28.87128],[76.86983,28.87439],[76.88184,28.873],[76.89278,28.86712],[76.88529,28.85275],[76.87693,28.84039],[76.8677,28.83812],[76.86153,28.83233],[76.85551,28.82916],[76.85381,28.82188],[76.8374,28.81418],[76.82147,28.81339],[76.81611,28.82377],[76.80936,28.82727],[76.78608,28.81796],[76.78481,28.81153],[76.79836,28.8024],[76.81081,28.78978],[76.78727,28.76606],[76.78117,28.75496],[76.77279,28.74718],[76.76667,28.74906],[76.75565,28.75464],[76.75988,28.76449],[76.75581,28.77037],[76.74865,28.7726],[76.74094,28.77166],[76.73224,28.76344],[76.72525,28.76278],[76.71393,28.76527],[76.7012,28.772],[76.70246,28.79122],[76.6873,28.79243],[76.67837,28.79199],[76.66336,28.79856],[76.66079,28.81715],[76.65375,28.819],[76.65108,28.82594],[76.64262,28.83717],[76.63736,28.84255],[76.62591,28.83438],[76.62431,28.82864],[76.62479,28.82225],[76.63414,28.81531],[76.63812,28.81081],[76.63345,28.80604],[76.63089,28.80148],[76.62054,28.79334],[76.60572,28.79363],[76.59683,28.79221],[76.59038,28.78792],[76.58833,28.78254],[76.58899,28.77355],[76.58829,28.7629],[76.58516,28.75345],[76.57858,28.74537],[76.56999,28.73859],[76.54362,28.74789],[76.53096,28.75062],[76.52418,28.75307],[76.518,28.74418],[76.50927,28.74361],[76.49542,28.74467],[76.48753,28.74305],[76.47799,28.74347],[76.47063,28.74467],[76.44084,28.74104],[76.43657,28.73615],[76.42293,28.73],[76.41686,28.72829],[76.40938,28.72897],[76.41023,28.71784],[76.4133,28.71044],[76.40884,28.6995],[76.40265,28.68978],[76.39651,28.68583],[76.37459,28.70392],[76.37144,28.70816],[76.37116,28.71364],[76.37741,28.72329],[76.37834,28.72753],[76.38424,28.73357],[76.39133,28.73773],[76.39632,28.75603],[76.3936,28.75981],[76.39159,28.76478],[76.38257,28.77245],[76.37898,28.77417],[76.37626,28.7841],[76.37231,28.7872],[76.36445,28.78938],[76.35686,28.79431],[76.35085,28.80297],[76.34709,28.8059],[76.32874,28.81321],[76.32513,28.81706],[76.30737,28.81808],[76.29815,28.81434],[76.28526,28.81345],[76.28968,28.83395],[76.2898,28.83949],[76.28813,28.84677],[76.28265,28.8525],[76.28107,28.85564],[76.2862,28.86306],[76.28773,28.86798],[76.28582,28.87363],[76.28227,28.88028],[76.28218,28.8832],[76.28395,28.89126],[76.29057,28.90892],[76.27583,28.912],[76.26252,28.90673],[76.23981,28.91132],[76.23032,28.91567],[76.23429,28.93287],[76.23968,28.94353],[76.21915,28.95243],[76.21546,28.95756],[76.21083,28.958],[76.20915,28.96319],[76.21038,28.97851],[76.22315,28.99121],[76.23398,29.00507],[76.23608,29.01168],[76.2355,29.0167],[76.24044,29.02828],[76.23879,29.04133],[76.23416,29.05028],[76.23036,29.06047],[76.23612,29.06748],[76.24319,29.07238],[76.25754,29.07336],[76.26775,29.07266],[76.27731,29.07399],[76.28075,29.0784],[76.28205,29.08265],[76.29159,29.09107],[76.32237,29.09177],[76.33089,29.09023],[76.34144,29.09107],[76.37106,29.07748],[76.38071,29.07879],[76.38624,29.08237],[76.39483,29.08528],[76.40205,29.08364],[76.41416,29.076],[76.42071,29.06977],[76.43011,29.0656],[76.43645,29.06438],[76.44546,29.06687],[76.45119,29.07097],[76.46253,29.08784],[76.46901,29.10084],[76.47722,29.09578],[76.48859,29.08739],[76.49541,29.08532],[76.5023,29.08507],[76.50989,29.08962],[76.51669,29.09686],[76.52994,29.10885],[76.53578,29.10339],[76.54045,29.09695],[76.54411,29.09009]]]}},{"type":"Feature","properties":{"ID_0":105,"ISO":"IND","NAME_0":"India","ID_1":13,"NAME_1":"Haryana","ID_2":165,"NAME_2":"Sirsa","NL_NAME_2":null,"VARNAME_2":"Sirasa","TYPE_2":"District","ENGTYPE_2":"District","STATE":"Haryana","DISTRICT":"Sirsa"},"geometry":{"type":"Polygon","coordinates":[[[74.82139,29.97305],[74.82899,29.96947],[74.83661,29.96416],[74.84963,29.95913],[74.85936,29.96117],[74.86566,29.95889],[74.87196,29.95913],[74.87741,29.96257],[74.88149,29.96835],[74.88544,29.96234],[74.88976,29.95903],[74.89436,29.95294],[74.8931,29.94726],[74.8896,29.94501],[74.88524,29.93911],[74.89438,29.93944],[74.91573,29.94916],[74.92409,29.94153],[74.9286,29.92916],[74.93192,29.92278],[74.93567,29.91541],[74.94318,29.90254],[74.95786,29.89774],[74.96989,29.88992],[74.96947,29.88067],[74.98993,29.85646],[74.99411,29.8632],[75.00566,29.86757],[75.01413,29.86463],[75.02348,29.87287],[75.0375,29.88178],[75.05176,29.87486],[75.0604,29.87612],[75.06548,29.87904],[75.07001,29.89335],[75.07774,29.91231],[75.0848,29.91514],[75.08978,29.91171],[75.09476,29.90507],[75.10268,29.89702],[75.1031,29.87678],[75.10421,29.87319],[75.10059,29.86789],[75.08469,29.85859],[75.08099,29.85414],[75.08125,29.84937],[75.08575,29.84481],[75.09895,29.84142],[75.10409,29.83801],[75.10712,29.82653],[75.09334,29.81931],[75.08905,29.81283],[75.09018,29.80666],[75.09553,29.80435],[75.10229,29.80255],[75.12492,29.80562],[75.13142,29.78486],[75.13546,29.78038],[75.14172,29.77701],[75.15405,29.78102],[75.15919,29.78422],[75.15486,29.7891],[75.14951,29.79164],[75.14895,29.79612],[75.15131,29.80184],[75.15543,29.81981],[75.15996,29.82364],[75.167,29.82495],[75.17517,29.82952],[75.17603,29.83507],[75.17856,29.83691],[75.18234,29.8387],[75.18861,29.83458],[75.20091,29.83],[75.20251,29.82135],[75.19778,29.81344],[75.19646,29.80511],[75.19796,29.79622],[75.20536,29.79],[75.21239,29.78652],[75.21618,29.7799],[75.21674,29.7715],[75.22328,29.76354],[75.22733,29.75612],[75.23098,29.75207],[75.22137,29.73307],[75.21661,29.72999],[75.21067,29.73089],[75.20616,29.73525],[75.1981,29.7308],[75.19369,29.7252],[75.18725,29.71192],[75.18841,29.70374],[75.19244,29.69953],[75.19767,29.69647],[75.19528,29.68776],[75.18889,29.68083],[75.17986,29.6783],[75.17532,29.67805],[75.16784,29.67327],[75.15892,29.66936],[75.15784,29.66271],[75.16276,29.65803],[75.16855,29.65423],[75.1733,29.64948],[75.17245,29.63863],[75.17334,29.63008],[75.18473,29.62254],[75.19937,29.62269],[75.22124,29.60655],[75.22321,29.59889],[75.21937,29.5925],[75.21119,29.5824],[75.21789,29.57846],[75.22179,29.57028],[75.22817,29.55856],[75.22433,29.55003],[75.22348,29.54617],[75.23807,29.55154],[75.25454,29.55418],[75.26749,29.55929],[75.27503,29.56111],[75.29065,29.56176],[75.2923,29.55011],[75.29186,29.54343],[75.28626,29.53865],[75.28989,29.5227],[75.27596,29.52107],[75.26784,29.51674],[75.26501,29.51061],[75.2765,29.49747],[75.27504,29.4892],[75.27128,29.48212],[75.27177,29.47333],[75.27547,29.46526],[75.29134,29.44385],[75.28002,29.43021],[75.26799,29.42548],[75.25533,29.42539],[75.24435,29.42287],[75.23265,29.42159],[75.2245,29.41634],[75.2145,29.40056],[75.21224,29.39386],[75.21257,29.3865],[75.22166,29.38326],[75.23212,29.38059],[75.2405,29.37272],[75.24871,29.36681],[75.25499,29.35974],[75.25749,29.35562],[75.25703,29.34827],[75.25227,29.34246],[75.24114,29.33785],[75.23151,29.33824],[75.22221,29.33382],[75.21741,29.32676],[75.22594,29.31107],[75.22939,29.30317],[75.23035,29.29433],[75.22372,29.2687],[75.22669,29.26009],[75.23054,29.25519],[75.23523,29.25194],[75.22346,29.23495],[75.21196,29.23453],[75.19531,29.24422],[75.18851,29.25863],[75.17999,29.26862],[75.16402,29.26438],[75.16082,29.25375],[75.14748,29.24585],[75.12467,29.24496],[75.11375,29.2429],[75.10818,29.22677],[75.09251,29.22911],[75.07808,29.23245],[75.06271,29.23892],[75.06532,29.24661],[75.06062,29.25331],[75.05094,29.26371],[75.05067,29.26888],[75.05048,29.2724],[75.03992,29.28715],[75.02386,29.29153],[75.00587,29.28381],[74.99104,29.27175],[74.98292,29.27826],[74.97691,29.28112],[74.96806,29.28244],[74.95996,29.28015],[74.95311,29.28194],[74.94753,29.28816],[74.94257,29.29518],[74.94011,29.30482],[74.94585,29.31103],[74.95057,29.31851],[74.95097,29.32607],[74.94608,29.33281],[74.93592,29.33795],[74.92715,29.36464],[74.92197,29.36603],[74.91022,29.37115],[74.89907,29.37822],[74.89531,29.38411],[74.88848,29.38667],[74.87058,29.38511],[74.86657,29.38846],[74.86394,29.39635],[74.85719,29.39937],[74.84952,29.40279],[74.84113,29.40407],[74.83511,29.40148],[74.80955,29.39848],[74.79878,29.38465],[74.78578,29.37054],[74.77592,29.36015],[74.75664,29.35596],[74.7317,29.35379],[74.72256,29.36085],[74.71689,29.36636],[74.71124,29.36891],[74.68868,29.36516],[74.67602,29.36817],[74.65852,29.36998],[74.65018,29.37237],[74.64371,29.3544],[74.64413,29.33535],[74.64182,29.3312],[74.60603,29.32758],[74.59578,29.32831],[74.60004,29.35433],[74.59672,29.36219],[74.59054,29.37067],[74.57978,29.37873],[74.5729,29.38645],[74.5691,29.3973],[74.57003,29.40616],[74.5644,29.41078],[74.55781,29.41863],[74.55217,29.4224],[74.54114,29.42315],[74.5313,29.42498],[74.52956,29.435],[74.52911,29.44954],[74.53075,29.45755],[74.53463,29.46503],[74.54281,29.46657],[74.55038,29.46448],[74.55947,29.46437],[74.57171,29.4623],[74.57891,29.45862],[74.58042,29.4635],[74.58553,29.46898],[74.59156,29.47985],[74.59031,29.48613],[74.59266,29.49212],[74.60075,29.50355],[74.60452,29.51044],[74.61169,29.52001],[74.6144,29.52711],[74.61143,29.5315],[74.59949,29.53687],[74.59118,29.54342],[74.58179,29.54769],[74.57175,29.55558],[74.56654,29.5635],[74.5706,29.56854],[74.57028,29.58592],[74.57468,29.61441],[74.577,29.62082],[74.57536,29.62732],[74.58128,29.63054],[74.58604,29.63526],[74.58204,29.64407],[74.57852,29.65475],[74.58514,29.67503],[74.59085,29.68272],[74.59387,29.69143],[74.59287,29.70072],[74.59903,29.70621],[74.60038,29.71311],[74.60348,29.72143],[74.60162,29.74067],[74.60599,29.74665],[74.6054,29.75288],[74.59751,29.75797],[74.59254,29.76672],[74.58664,29.76851],[74.57816,29.76696],[74.5714,29.75325],[74.56403,29.75461],[74.54933,29.7548],[74.53779,29.75386],[74.53185,29.74935],[74.52583,29.74137],[74.51156,29.74068],[74.4968,29.74182],[74.48319,29.74403],[74.472,29.74403],[74.46912,29.75824],[74.46526,29.78755],[74.47057,29.802],[74.48061,29.81525],[74.49167,29.82651],[74.50589,29.83258],[74.53253,29.83928],[74.54747,29.85692],[74.55357,29.86564],[74.5518,29.87352],[74.54522,29.88073],[74.54346,29.88872],[74.53369,29.90262],[74.52551,29.90256],[74.51091,29.90429],[74.50503,29.90776],[74.51279,29.93004],[74.51907,29.94335],[74.52464,29.95156],[74.53024,29.94497],[74.54902,29.93316],[74.552,29.92923],[74.56184,29.92931],[74.57295,29.92589],[74.58085,29.9183],[74.5858,29.91476],[74.62202,29.90778],[74.62639,29.90601],[74.63264,29.90566],[74.63963,29.90395],[74.64697,29.90467],[74.63886,29.91445],[74.63986,29.92249],[74.64893,29.93093],[74.6657,29.94169],[74.68096,29.94919],[74.6832,29.96107],[74.69079,29.96927],[74.6955,29.97153],[74.69737,29.97115],[74.70614,29.96887],[74.72401,29.96186],[74.73724,29.96905],[74.75072,29.97123],[74.75868,29.97363],[74.76737,29.97272],[74.77599,29.9744],[74.78422,29.98042],[74.7944,29.98961],[74.80118,29.99257],[74.80903,29.99047],[74.81668,29.98452],[74.81969,29.97946],[74.82139,29.97305]]]}},{"type":"Feature","properties":{"ID_0":105,"ISO":"IND","NAME_0":"India","ID_1":13,"NAME_1":"Haryana","ID_2":166,"NAME_2":"Sonepat","NL_NAME_2":null,"VARNAME_2":"Sonipat","TYPE_2":"District","ENGTYPE_2":"District","STATE":"Haryana","DISTRICT":"Sonepat"},"geometry":{"type":"Polygon","coordinates":[[[76.65056,29.27207],[76.66374,29.27202],[76.67139,29.27497],[76.69035,29.2676],[76.70065,29.25572],[76.73169,29.2655],[76.74667,29.27809],[76.75548,29.28209],[76.76603,29.28209],[76.77502,29.27849],[76.78044,29.27479],[76.78298,29.26599],[76.78597,29.24646],[76.79052,29.23132],[76.81688,29.21373],[76.82864,29.21087],[76.8568,29.20901],[76.8567,29.20703],[76.86744,29.19924],[76.87337,29.1977],[76.8776,29.20234],[76.88316,29.21504],[76.89381,29.22162],[76.90524,29.22411],[76.91888,29.21993],[76.92792,29.21433],[76.94003,29.21501],[76.94675,29.2186],[76.95514,29.22424],[76.96389,29.22179],[76.97134,29.22128],[76.98596,29.22246],[76.99005,29.22387],[76.9984,29.22513],[77.00313,29.2219],[76.99985,29.20025],[77.00117,29.19649],[77.00935,29.19337],[77.01865,29.18794],[77.02919,29.18922],[77.0383,29.19285],[77.05086,29.18191],[77.05787,29.18219],[77.07314,29.18695],[77.08191,29.17991],[77.08864,29.17041],[77.0921,29.16856],[77.10337,29.17538],[77.13241,29.17181],[77.12734,29.16291],[77.12662,29.15402],[77.13858,29.13477],[77.13621,29.12784],[77.12441,29.11346],[77.12205,29.10577],[77.12438,29.10149],[77.13177,29.09465],[77.1416,29.08681],[77.1493,29.08324],[77.15719,29.07753],[77.16232,29.06537],[77.16164,29.05244],[77.16264,29.04857],[77.17652,29.03647],[77.1916,29.02129],[77.2038,29.01672],[77.21114,29.01138],[77.21404,29.00669],[77.21419,29.00596],[77.20791,28.99106],[77.20375,28.9823],[77.19096,28.96165],[77.19014,28.95566],[77.19079,28.94686],[77.20442,28.93998],[77.20537,28.93646],[77.19677,28.92093],[77.20205,28.91556],[77.21603,28.91143],[77.2215,28.90813],[77.22119,28.90413],[77.21687,28.90034],[77.20531,28.89461],[77.1991,28.89268],[77.18177,28.8898],[77.17804,28.88556],[77.17829,28.88004],[77.18319,28.87177],[77.18687,28.86682],[77.18364,28.8623],[77.16459,28.86063],[77.1596,28.85744],[77.15065,28.84845],[77.14238,28.84247],[77.1392,28.84167],[77.13381,28.84472],[77.13559,28.85269],[77.13509,28.85849],[77.12854,28.86539],[77.1097,28.86613],[77.10713,28.86845],[77.09946,28.87244],[77.08335,28.87462],[77.07585,28.88451],[77.07014,28.88001],[77.06566,28.873],[77.04976,28.87319],[77.03767,28.85278],[77.03154,28.83679],[77.02467,28.83628],[77.01881,28.83706],[77.00663,28.83526],[76.98972,28.83916],[76.9835,28.83908],[76.97955,28.8367],[76.97369,28.82583],[76.97057,28.8251],[76.96083,28.83167],[76.95801,28.83033],[76.95578,28.82002],[76.94823,28.81766],[76.94231,28.82068],[76.934,28.82634],[76.92372,28.82934],[76.91436,28.82648],[76.90884,28.82767],[76.90708,28.83892],[76.90366,28.84531],[76.90151,28.85206],[76.90064,28.86227],[76.89873,28.86523],[76.89278,28.86712],[76.88184,28.873],[76.86983,28.87439],[76.85814,28.87128],[76.85429,28.86693],[76.84882,28.86606],[76.83578,28.86613],[76.80933,28.8641],[76.8022,28.86951],[76.81011,28.89028],[76.80943,28.89589],[76.81712,28.90848],[76.81544,28.91853],[76.81741,28.92566],[76.8087,28.93323],[76.80279,28.93321],[76.78111,28.93063],[76.77361,28.9322],[76.76549,28.94574],[76.76873,28.94938],[76.7673,28.95065],[76.75628,28.96297],[76.74757,28.96845],[76.73353,28.9647],[76.71492,28.97526],[76.69537,28.97859],[76.67654,28.9835],[76.66147,28.98891],[76.65774,28.99342],[76.6514,29.00583],[76.65458,29.01406],[76.65588,29.03209],[76.64871,29.03559],[76.63094,29.0369],[76.62934,29.04194],[76.62838,29.05301],[76.62926,29.0594],[76.62889,29.06328],[76.62292,29.06512],[76.6016,29.06508],[76.57985,29.06905],[76.56172,29.06783],[76.5568,29.07136],[76.54411,29.09009],[76.54045,29.09695],[76.53578,29.10339],[76.52994,29.10885],[76.51669,29.09686],[76.50989,29.08962],[76.5023,29.08507],[76.49541,29.08532],[76.48859,29.08739],[76.47722,29.09578],[76.46901,29.10084],[76.47044,29.11037],[76.46999,29.11846],[76.47555,29.13429],[76.47711,29.14227],[76.48011,29.14834],[76.49328,29.16145],[76.50047,29.16618],[76.50406,29.16966],[76.50063,29.17692],[76.49178,29.18635],[76.48248,29.21287],[76.48263,29.22258],[76.47164,29.23409],[76.46556,29.24227],[76.46686,29.24706],[76.47163,29.25065],[76.4767,29.2455],[76.48739,29.24289],[76.49384,29.23974],[76.51669,29.23551],[76.51779,29.22783],[76.52315,29.22082],[76.53069,29.21484],[76.54123,29.21431],[76.55041,29.21858],[76.55453,29.2272],[76.55605,29.23479],[76.55193,29.24549],[76.54995,29.25478],[76.54598,29.26564],[76.548,29.27826],[76.55118,29.28746],[76.564,29.29026],[76.58921,29.29044],[76.59496,29.29432],[76.60096,29.29468],[76.60919,29.29174],[76.62397,29.28218],[76.63461,29.281],[76.64157,29.27588],[76.65056,29.27207]]]}},{"type":"Feature","properties":{"ID_0":105,"ISO":"IND","NAME_0":"India","ID_1":13,"NAME_1":"Haryana","ID_2":167,"NAME_2":"Yamuna Nagar","NL_NAME_2":null,"VARNAME_2":null,"TYPE_2":"District","ENGTYPE_2":"District","STATE":"Haryana","DISTRICT":"Yamuna Nagar"},"geometry":{"type":"Polygon","coordinates":[[[77.37621,30.44625],[77.38039,30.44614],[77.38187,30.43927],[77.3941,30.43427],[77.3968,30.43047],[77.39546,30.42094],[77.40061,30.41875],[77.40764,30.42788],[77.41724,30.43384],[77.4262,30.44112],[77.43559,30.45101],[77.44569,30.46567],[77.45054,30.46523],[77.45629,30.45819],[77.45677,30.45156],[77.4543,30.44606],[77.45335,30.44036],[77.44205,30.42989],[77.43972,30.4244],[77.4257,30.42],[77.42093,30.41682],[77.4159,30.41283],[77.41644,30.40839],[77.43041,30.40748],[77.43495,30.40367],[77.44302,30.4046],[77.45312,30.4048],[77.46098,30.40538],[77.46797,30.41178],[77.47752,30.41335],[77.48256,30.41522],[77.48683,30.41261],[77.49135,30.41735],[77.49119,30.42498],[77.49294,30.43305],[77.50115,30.44368],[77.50534,30.44836],[77.50985,30.44883],[77.51437,30.43942],[77.51804,30.43087],[77.52577,30.41714],[77.52926,30.4135],[77.53564,30.40906],[77.53874,30.40191],[77.54289,30.39723],[77.55248,30.39336],[77.55792,30.39037],[77.56535,30.38489],[77.57489,30.38452],[77.58444,30.38136],[77.59013,30.37726],[77.59202,30.37086],[77.58279,30.35844],[77.57463,30.34695],[77.56989,30.33711],[77.5701,30.33155],[77.57501,30.32607],[77.57387,30.31891],[77.57035,30.31123],[77.56355,30.30608],[77.55577,30.30257],[77.54532,30.29414],[77.54042,30.29097],[77.53218,30.28686],[77.52678,30.28231],[77.52468,30.27798],[77.52251,30.2662],[77.51984,30.26013],[77.50551,30.24224],[77.49599,30.23363],[77.49372,30.22747],[77.48853,30.21874],[77.4839,30.21008],[77.47997,30.20216],[77.47678,30.19501],[77.47327,30.18859],[77.46021,30.18379],[77.45599,30.18096],[77.45154,30.17363],[77.44685,30.16861],[77.44034,30.16921],[77.43517,30.16996],[77.43061,30.16643],[77.42355,30.16848],[77.41532,30.15669],[77.41142,30.14969],[77.41083,30.14588],[77.4149,30.14348],[77.41784,30.14118],[77.41553,30.1335],[77.41261,30.12771],[77.40865,30.1232],[77.40327,30.12106],[77.398,30.11872],[77.40061,30.11326],[77.40604,30.11131],[77.41009,30.11109],[77.41419,30.11111],[77.41443,30.10713],[77.40858,30.10255],[77.39674,30.09576],[77.39246,30.09441],[77.38034,30.09304],[77.37343,30.09302],[77.3685,30.09156],[77.35698,30.08415],[77.34843,30.0767],[77.33717,30.06824],[77.33174,30.06445],[77.32481,30.0618],[77.31291,30.06054],[77.30291,30.06058],[77.29759,30.06032],[77.29185,30.05849],[77.28611,30.05749],[77.28042,30.05251],[77.27625,30.05047],[77.27041,30.04834],[77.26521,30.04952],[77.25746,30.05012],[77.24456,30.04675],[77.23779,30.04894],[77.22841,30.04787],[77.22346,30.04833],[77.22035,30.05201],[77.21657,30.05329],[77.21388,30.05749],[77.21046,30.05852],[77.20773,30.05542],[77.196,30.0507],[77.18715,30.05629],[77.1708,30.06547],[77.1662,30.07024],[77.16973,30.07868],[77.17435,30.08605],[77.16993,30.09213],[77.16335,30.09706],[77.16227,30.10028],[77.16953,30.10674],[77.17242,30.11103],[77.16936,30.11661],[77.17284,30.12125],[77.17289,30.12877],[77.16981,30.13447],[77.16207,30.13881],[77.15217,30.1423],[77.14664,30.14318],[77.14153,30.146],[77.1448,30.1515],[77.14593,30.15498],[77.14179,30.15843],[77.13731,30.1598],[77.13023,30.16033],[77.12586,30.16454],[77.1221,30.16736],[77.11626,30.16728],[77.11069,30.1676],[77.10839,30.16909],[77.10468,30.17383],[77.10144,30.17763],[77.0987,30.18023],[77.09604,30.18668],[77.09198,30.18961],[77.08797,30.19191],[77.08138,30.19492],[77.07133,30.19719],[77.06286,30.20187],[77.06149,30.20833],[77.06497,30.21544],[77.07245,30.21986],[77.07982,30.22203],[77.08121,30.22786],[77.09213,30.22924],[77.0985,30.22879],[77.1033,30.23344],[77.11683,30.23429],[77.12161,30.23271],[77.12813,30.22931],[77.13132,30.22391],[77.13435,30.21815],[77.14223,30.2206],[77.1489,30.22737],[77.1517,30.23258],[77.15235,30.2402],[77.14718,30.24693],[77.14114,30.24904],[77.13428,30.24775],[77.12892,30.24518],[77.12408,30.24731],[77.12081,30.25387],[77.12391,30.2585],[77.12659,30.26665],[77.1232,30.27351],[77.12773,30.28571],[77.13491,30.28955],[77.14281,30.29245],[77.14964,30.29762],[77.15734,30.3018],[77.15818,30.30966],[77.1658,30.30928],[77.17188,30.31068],[77.17712,30.31744],[77.17376,30.32195],[77.17043,30.32811],[77.17542,30.33329],[77.18491,30.33331],[77.19029,30.3401],[77.19592,30.34912],[77.20277,30.3559],[77.21218,30.35846],[77.22537,30.36422],[77.2304,30.35661],[77.2381,30.36253],[77.25151,30.36937],[77.25899,30.37505],[77.26524,30.38038],[77.27036,30.39182],[77.27325,30.39951],[77.26858,30.40255],[77.26331,30.40524],[77.26551,30.41171],[77.26875,30.41658],[77.27357,30.42035],[77.27985,30.42584],[77.28478,30.43226],[77.29085,30.43786],[77.30063,30.43657],[77.30663,30.44212],[77.30922,30.44739],[77.3107,30.45362],[77.31677,30.45762],[77.32239,30.46212],[77.32626,30.46318],[77.33268,30.46423],[77.33938,30.4636],[77.34608,30.4619],[77.3497,30.45728],[77.35349,30.44856],[77.3568,30.44206],[77.36965,30.44584],[77.37621,30.44625]]]}}],"state":"Haryana","source":"geohacker/india (Datameet-derived), Census 2011 boundaries"}