{"type":"FeatureCollection","features":[{"type":"Feature","properties":{"ID_0":105,"ISO":"IND","NAME_0":"India","ID_1":28,"NAME_1":"Punjab","ID_2":406,"NAME_2":"Amritsar","NL_NAME_2":null,"VARNAME_2":null,"TYPE_2":"District","ENGTYPE_2":"District","STATE":"Punjab","DISTRICT":"Amritsar"},"geometry":{"type":"Polygon","coordinates":[[[74.87934,32.05188],[74.8973,32.04942],[74.89803,32.04964],[74.89861,32.04932],[74.90426,32.04543],[74.90649,32.0439],[74.90975,32.04017],[74.91589,32.02576],[74.91709,32.01861],[74.92036,32.01653],[74.92218,32.0141],[74.92231,32.01202],[74.91885,32.01113],[74.91738,32.00855],[74.92346,32.00731],[74.9212,32.00372],[74.91807,32.00436],[74.91366,31.999],[74.90388,31.98483],[74.90115,31.97606],[74.9108,31.9724],[74.91596,31.96638],[74.92373,31.96239],[74.93541,31.96402],[74.93397,31.97061],[74.94721,31.97227],[74.95997,31.97574],[74.95838,31.96721],[74.95917,31.96067],[74.94427,31.95376],[74.92488,31.9467],[74.92655,31.94215],[74.91908,31.94095],[74.91537,31.93962],[74.9072,31.9431],[74.89588,31.93881],[74.88757,31.93269],[74.88139,31.93473],[74.87455,31.93172],[74.8913,31.90372],[74.89218,31.89605],[74.89734,31.89423],[74.90572,31.89346],[74.90385,31.88126],[74.91294,31.87673],[74.92405,31.86853],[74.92814,31.87203],[74.93256,31.87088],[74.93114,31.86473],[74.93137,31.86025],[74.93963,31.85828],[74.94974,31.85378],[74.95344,31.8453],[74.95328,31.84048],[74.9549,31.83341],[74.96957,31.83297],[74.97996,31.82719],[74.98463,31.82608],[74.99503,31.82392],[74.99863,31.81696],[75.01189,31.82246],[75.01308,31.81691],[75.01172,31.8132],[75.01633,31.80984],[75.02057,31.81023],[75.02496,31.80353],[75.03181,31.80231],[75.04163,31.80743],[75.06291,31.80553],[75.06676,31.8003],[75.06943,31.79447],[75.07294,31.79036],[75.08051,31.78974],[75.08908,31.78289],[75.09913,31.77955],[75.10036,31.77386],[75.09646,31.76817],[75.09227,31.76582],[75.0863,31.76687],[75.08468,31.76003],[75.09181,31.75536],[75.09731,31.75391],[75.10366,31.74997],[75.10606,31.75739],[75.11267,31.75306],[75.11998,31.7527],[75.12359,31.75385],[75.1275,31.75705],[75.131,31.7579],[75.13251,31.75388],[75.1375,31.74828],[75.15083,31.74519],[75.15532,31.74742],[75.1619,31.74774],[75.16716,31.74024],[75.17213,31.74213],[75.17682,31.74102],[75.17505,31.73568],[75.17927,31.73452],[75.18906,31.7277],[75.18915,31.72194],[75.18497,31.71804],[75.17967,31.71708],[75.17991,31.71213],[75.18914,31.70744],[75.1987,31.70535],[75.20322,31.70084],[75.20024,31.69532],[75.21075,31.69264],[75.21298,31.68545],[75.2223,31.68652],[75.22681,31.6831],[75.22861,31.68983],[75.23444,31.68746],[75.23761,31.69316],[75.24634,31.69438],[75.25149,31.69356],[75.26061,31.69525],[75.26821,31.69914],[75.27155,31.69775],[75.27255,31.6951],[75.27064,31.68166],[75.27396,31.67715],[75.27761,31.68146],[75.28469,31.6797],[75.28646,31.67608],[75.29457,31.67662],[75.29873,31.66878],[75.29514,31.66179],[75.2899,31.65932],[75.28708,31.65197],[75.29545,31.64873],[75.30777,31.64126],[75.31457,31.63544],[75.31995,31.63996],[75.32398,31.64104],[75.32945,31.63665],[75.33405,31.63507],[75.33689,31.63162],[75.34796,31.62663],[75.35652,31.62395],[75.36108,31.62422],[75.36432,31.61915],[75.37145,31.61441],[75.3774,31.60674],[75.37955,31.60242],[75.39112,31.59492],[75.38724,31.58925],[75.38497,31.58243],[75.38091,31.58182],[75.37475,31.58263],[75.3671,31.5818],[75.36195,31.58014],[75.33144,31.55712],[75.32811,31.55767],[75.32243,31.55232],[75.3055,31.53978],[75.30668,31.53513],[75.30503,31.53282],[75.30587,31.52932],[75.28484,31.50351],[75.27222,31.48347],[75.27042,31.48282],[75.26627,31.48341],[75.25907,31.48236],[75.24902,31.4765],[75.23686,31.4632],[75.23299,31.45631],[75.22933,31.45731],[75.22401,31.46082],[75.21732,31.44309],[75.21416,31.4243],[75.20337,31.4235],[75.19737,31.43815],[75.19003,31.43847],[75.18193,31.43587],[75.17876,31.43207],[75.17429,31.41817],[75.17574,31.41439],[75.17925,31.41201],[75.18162,31.40858],[75.1796,31.40557],[75.1765,31.40796],[75.1709,31.40351],[75.16859,31.40091],[75.16856,31.39906],[75.17039,31.3965],[75.15738,31.37878],[75.15299,31.3816],[75.15041,31.38186],[75.14725,31.36404],[75.15055,31.36115],[75.15958,31.36344],[75.15397,31.35637],[75.13301,31.33447],[75.13118,31.33135],[75.13332,31.32223],[75.12074,31.31138],[75.10744,31.31955],[75.10273,31.31886],[75.0951,31.31646],[75.09785,31.31029],[75.08643,31.29479],[75.08086,31.28384],[75.09098,31.27845],[75.08504,31.2763],[75.07685,31.27499],[75.07132,31.27256],[75.06911,31.26765],[75.07093,31.26657],[75.06799,31.26118],[75.06875,31.2559],[75.06853,31.24818],[75.0575,31.23837],[75.04566,31.22472],[75.05036,31.22491],[75.05054,31.21714],[75.04897,31.2112],[75.04416,31.20777],[75.0399,31.20252],[75.03954,31.19959],[75.04144,31.1978],[75.03812,31.19209],[75.02263,31.18786],[75.00958,31.18029],[74.99968,31.17306],[74.99435,31.17313],[74.9859,31.17118],[74.9842,31.16642],[74.97655,31.15914],[74.95745,31.154],[74.93668,31.14985],[74.92072,31.15587],[74.90886,31.16115],[74.90223,31.15579],[74.89497,31.15609],[74.88437,31.16051],[74.87092,31.15142],[74.84869,31.13913],[74.83792,31.13401],[74.82001,31.13317],[74.80658,31.13545],[74.79803,31.13355],[74.79783,31.12263],[74.79522,31.1183],[74.79005,31.11388],[74.77982,31.12533],[74.77855,31.13041],[74.75235,31.1284],[74.75018,31.11852],[74.74741,31.11136],[74.73908,31.11171],[74.73268,31.11535],[74.73369,31.10896],[74.73218,31.10379],[74.71497,31.10325],[74.70036,31.10419],[74.69843,31.109],[74.6937,31.11408],[74.69061,31.11448],[74.6906,31.11503],[74.6906,31.11551],[74.68991,31.11709],[74.68624,31.11935],[74.68206,31.12024],[74.6806,31.12546],[74.67913,31.12903],[74.67809,31.12949],[74.67731,31.12972],[74.67732,31.13061],[74.67655,31.13104],[74.66892,31.13039],[74.66369,31.12676],[74.65899,31.12744],[74.65739,31.1326],[74.65635,31.13351],[74.65268,31.13508],[74.65109,31.13485],[74.6498,31.13372],[74.63984,31.1301],[74.63774,31.12849],[74.63567,31.12422],[74.6312,31.12128],[74.62491,31.12259],[74.62466,31.12733],[74.62597,31.13236],[74.62632,31.13569],[74.62617,31.13637],[74.62515,31.13726],[74.62411,31.1368],[74.62306,31.13657],[74.62252,31.1368],[74.62146,31.13703],[74.61475,31.136],[74.61414,31.13568],[74.61089,31.13377],[74.61021,31.1334],[74.60783,31.13273],[74.60654,31.13295],[74.60128,31.13542],[74.59501,31.13495],[74.59237,31.13335],[74.59187,31.13197],[74.59177,31.12833],[74.59215,31.12725],[74.59329,31.12678],[74.59422,31.1266],[74.59579,31.12479],[74.5966,31.12433],[74.59727,31.12251],[74.59797,31.11542],[74.59821,31.11485],[74.59927,31.11224],[74.60032,31.1115],[74.6006,31.1088],[74.60008,31.10337],[74.59816,31.09981],[74.59643,31.09749],[74.59649,31.09094],[74.5928,31.08741],[74.59141,31.08913],[74.58938,31.08958],[74.58907,31.09064],[74.58887,31.0914],[74.58803,31.0932],[74.58543,31.09521],[74.5827,31.09475],[74.58166,31.09293],[74.58127,31.0918],[74.57814,31.09021],[74.57603,31.09],[74.5747,31.09021],[74.5729,31.0895],[74.57146,31.0887],[74.57052,31.08838],[74.56582,31.08434],[74.55769,31.08702],[74.55323,31.08618],[74.55193,31.08562],[74.54721,31.08743],[74.54694,31.08834],[74.5464,31.08857],[74.54585,31.0985],[74.5452,31.09915],[74.54388,31.10345],[74.54347,31.10525],[74.5438,31.111],[74.54433,31.11236],[74.54449,31.11562],[74.54449,31.11696],[74.54382,31.12036],[74.54341,31.12171],[74.54264,31.12214],[74.54237,31.12283],[74.53635,31.12506],[74.53438,31.12457],[74.53015,31.12309],[74.52832,31.12194],[74.52648,31.1224],[74.52518,31.1253],[74.52465,31.12553],[74.52425,31.12718],[74.52371,31.1274],[74.52319,31.12956],[74.51762,31.13206],[74.51585,31.13223],[74.50616,31.1358],[74.50539,31.1365],[74.50459,31.13851],[74.50557,31.14955],[74.50544,31.15068],[74.50491,31.1509],[74.50397,31.15854],[74.50383,31.165],[74.50459,31.16739],[74.50378,31.17098],[74.50326,31.17121],[74.50129,31.17992],[74.50129,31.18104],[74.50127,31.18158],[74.50229,31.1843],[74.50243,31.18497],[74.50439,31.18566],[74.50752,31.18523],[74.50883,31.18567],[74.50948,31.18703],[74.50945,31.18861],[74.50777,31.19289],[74.50826,31.1974],[74.51089,31.20057],[74.51185,31.20296],[74.51341,31.20672],[74.51452,31.20938],[74.51428,31.21214],[74.51382,31.2175],[74.51299,31.21829],[74.5108,31.22293],[74.51128,31.23127],[74.51375,31.2367],[74.51962,31.24167],[74.52181,31.24666],[74.5222,31.24754],[74.52207,31.24867],[74.52193,31.24908],[74.52116,31.25137],[74.52065,31.25159],[74.52063,31.25228],[74.51877,31.2536],[74.51761,31.25667],[74.51587,31.26331],[74.51534,31.26355],[74.51456,31.26624],[74.51164,31.26805],[74.51112,31.27233],[74.51278,31.27549],[74.51633,31.27752],[74.51686,31.27799],[74.51841,31.28386],[74.51917,31.28547],[74.5218,31.28988],[74.52467,31.2947],[74.53024,31.29868],[74.55187,31.29845],[74.56752,31.33481],[74.56808,31.33724],[74.56964,31.34082],[74.57212,31.34654],[74.59457,31.39709],[74.6012,31.40404],[74.62431,31.42269],[74.62534,31.42362],[74.632,31.44094],[74.63633,31.45224],[74.64079,31.45591],[74.64207,31.45996],[74.64207,31.46155],[74.64072,31.46369],[74.64023,31.46448],[74.63379,31.46868],[74.63232,31.46964],[74.63204,31.47122],[74.63073,31.47235],[74.62838,31.47357],[74.62074,31.47798],[74.62085,31.47864],[74.62032,31.47887],[74.62071,31.47999],[74.62381,31.48241],[74.62574,31.48553],[74.62646,31.48669],[74.62395,31.48692],[74.62203,31.48709],[74.61413,31.48584],[74.61309,31.48613],[74.60912,31.48718],[74.60439,31.48965],[74.60279,31.49483],[74.60175,31.49574],[74.59736,31.49811],[74.59708,31.49875],[74.59511,31.50023],[74.59303,31.5],[74.59013,31.49841],[74.58832,31.49863],[74.58617,31.49886],[74.58251,31.49839],[74.57964,31.49567],[74.57513,31.49659],[74.5662,31.50084],[74.5658,31.50173],[74.56593,31.50287],[74.56766,31.50318],[74.56857,31.50332],[74.57172,31.50534],[74.57248,31.50581],[74.5734,31.5092],[74.57328,31.50987],[74.57248,31.51032],[74.5714,31.51145],[74.5714,31.51449],[74.5714,31.51594],[74.57298,31.51956],[74.57468,31.52069],[74.57481,31.52115],[74.57938,31.52382],[74.58241,31.52479],[74.58823,31.5252],[74.59348,31.52551],[74.59898,31.52754],[74.60107,31.5296],[74.60269,31.53327],[74.60385,31.53411],[74.60435,31.53591],[74.60479,31.54019],[74.60523,31.541],[74.60234,31.55893],[74.60028,31.55977],[74.60011,31.56285],[74.60168,31.56307],[74.60091,31.56784],[74.6003,31.56961],[74.59261,31.59231],[74.58635,31.60644],[74.5785,31.62341],[74.57182,31.63395],[74.56255,31.64857],[74.55711,31.65714],[74.54149,31.68073],[74.53023,31.69809],[74.51978,31.71769],[74.51728,31.72291],[74.5181,31.74058],[74.51816,31.74165],[74.51804,31.7452],[74.52887,31.74975],[74.53647,31.75114],[74.54205,31.75072],[74.54546,31.75049],[74.55099,31.75255],[74.5518,31.75322],[74.55219,31.75434],[74.55204,31.7575],[74.54941,31.7593],[74.54751,31.76336],[74.54488,31.76539],[74.54403,31.77643],[74.54428,31.77781],[74.54717,31.78432],[74.55454,31.79021],[74.55494,31.79157],[74.55479,31.79449],[74.55347,31.7954],[74.54953,31.79653],[74.54939,31.79833],[74.54949,31.79902],[74.55763,31.80782],[74.56023,31.81528],[74.55961,31.81869],[74.55625,31.82157],[74.55616,31.82178],[74.55585,31.82249],[74.55574,31.82767],[74.55638,31.82882],[74.56467,31.83244],[74.57256,31.84171],[74.58047,31.84354],[74.58065,31.84478],[74.5812,31.84523],[74.58229,31.85505],[74.5833,31.85686],[74.58555,31.85882],[74.58811,31.86028],[74.59599,31.86479],[74.59632,31.8675],[74.59593,31.87718],[74.59643,31.87923],[74.59803,31.88351],[74.59911,31.88511],[74.60028,31.88602],[74.6025,31.88649],[74.60384,31.88535],[74.60438,31.884],[74.61179,31.88129],[74.61522,31.88089],[74.62262,31.88135],[74.62656,31.88293],[74.62978,31.88543],[74.63091,31.88705],[74.63369,31.88971],[74.63553,31.89447],[74.63789,31.89672],[74.63894,31.89695],[74.64425,31.89696],[74.64716,31.89585],[74.64847,31.89629],[74.65081,31.8981],[74.65162,31.90081],[74.65134,31.90465],[74.65159,31.90918],[74.65199,31.90986],[74.65637,31.91143],[74.659,31.91348],[74.65987,31.91823],[74.66187,31.91867],[74.66663,31.91687],[74.66795,31.91664],[74.66927,31.91688],[74.67017,31.918],[74.6702,31.91805],[74.67058,31.91869],[74.67404,31.92097],[74.67615,31.92164],[74.68471,31.9231],[74.68724,31.9229],[74.6896,31.92256],[74.69304,31.92099],[74.69437,31.9201],[74.69477,31.91944],[74.70326,31.9249],[74.70506,31.93058],[74.7092,31.95795],[74.71779,31.95774],[74.72665,31.94218],[74.73592,31.93739],[74.73964,31.93854],[74.74578,31.9416],[74.74577,31.94566],[74.74518,31.94922],[74.74596,31.95177],[74.74773,31.95228],[74.75014,31.95009],[74.75175,31.94754],[74.7551,31.94703],[74.75948,31.9462],[74.76295,31.94825],[74.76461,31.94971],[74.76521,31.95021],[74.76596,31.95069],[74.7686,31.95182],[74.78365,31.95546],[74.78829,31.95724],[74.79364,31.95934],[74.80138,31.96179],[74.8027,31.96067],[74.80297,31.95751],[74.80631,31.95543],[74.80672,31.95393],[74.80914,31.95514],[74.81039,31.95617],[74.81218,31.96217],[74.8151,31.97174],[74.81988,31.97649],[74.8199,31.97812],[74.82013,31.98438],[74.81774,31.99385],[74.81835,31.99745],[74.81905,31.99792],[74.82013,31.99792],[74.82049,32.00016],[74.82141,32.00084],[74.82778,32.00513],[74.83841,32.00697],[74.84417,32.00831],[74.84496,32.00876],[74.84574,32.00923],[74.84615,32.0108],[74.84548,32.01328],[74.8407,32.01736],[74.8402,32.01826],[74.84034,32.02026],[74.85235,32.02189],[74.85501,32.02321],[74.85647,32.02592],[74.8595,32.02661],[74.86058,32.02615],[74.86108,32.02593],[74.8616,32.0248],[74.86427,32.02369],[74.86508,32.02391],[74.86751,32.03115],[74.86769,32.03338],[74.86732,32.0345],[74.86478,32.03699],[74.86212,32.0433],[74.86199,32.04464],[74.86225,32.04511],[74.86874,32.04782],[74.87243,32.05053],[74.87934,32.05188]]]}},{"type":"Feature","properties":{"ID_0":105,"ISO":"IND","NAME_0":"India","ID_1":28,"NAME_1":"Punjab","ID_2":407,"NAME_2":"Bathinda","NL_NAME_2":null,"VARNAME_2":"Bhatinda","TYPE_2":"District","ENGTYPE_2":"District","STATE":"Punjab","DISTRICT":"Bathinda"},"geometry":{"type":"Polygon","coordinates":[[[75.17096,30.53867],[75.17097,30.51901],[75.17255,30.50993],[75.17581,30.50772],[75.18155,30.50867],[75.18543,30.51175],[75.19353,30.50796],[75.19855,30.51685],[75.21021,30.50986],[75.22269,30.51201],[75.23476,30.51605],[75.23938,30.51633],[75.24698,30.5189],[75.24893,30.52179],[75.25529,30.52058],[75.25862,30.51679],[75.27076,30.50899],[75.27406,30.50884],[75.28121,30.51119],[75.27073,30.50001],[75.2699,30.49425],[75.26243,30.4839],[75.25559,30.47822],[75.25022,30.47226],[75.24629,30.46649],[75.24699,30.46195],[75.25836,30.44977],[75.25824,30.44787],[75.25462,30.44584],[75.25586,30.43791],[75.262,30.43898],[75.26884,30.44145],[75.27547,30.43803],[75.28278,30.43003],[75.28994,30.4253],[75.2943,30.41325],[75.29153,30.40362],[75.29662,30.39113],[75.29684,30.38607],[75.29828,30.38056],[75.31182,30.37816],[75.31708,30.3817],[75.32076,30.37976],[75.32448,30.37951],[75.32241,30.37185],[75.31377,30.35155],[75.31621,30.34903],[75.32474,30.34724],[75.32665,30.34616],[75.33352,30.34516],[75.33565,30.34263],[75.33488,30.33878],[75.33265,30.33538],[75.32989,30.33439],[75.32051,30.3364],[75.31063,30.33456],[75.30958,30.33328],[75.30879,30.33001],[75.31122,30.32392],[75.31318,30.31548],[75.31083,30.31063],[75.3102,30.30579],[75.31165,30.3046],[75.31639,30.30762],[75.3202,30.30839],[75.33545,30.30561],[75.33638,30.30493],[75.33756,30.29624],[75.33344,30.29122],[75.33887,30.28607],[75.34426,30.28921],[75.34643,30.28916],[75.35318,30.28542],[75.35372,30.28052],[75.35211,30.27395],[75.35313,30.27074],[75.3625,30.26579],[75.36246,30.26441],[75.36094,30.26267],[75.35773,30.26104],[75.35841,30.25472],[75.35955,30.25329],[75.35944,30.24892],[75.35792,30.24897],[75.35562,30.24781],[75.35419,30.24509],[75.35524,30.24234],[75.36106,30.23944],[75.36457,30.23935],[75.36714,30.2366],[75.36667,30.22705],[75.3615,30.21799],[75.36192,30.21482],[75.36036,30.21269],[75.35298,30.21127],[75.35123,30.20913],[75.35152,30.20592],[75.3548,30.20437],[75.35927,30.20641],[75.36127,30.20245],[75.35323,30.19215],[75.34865,30.18913],[75.34806,30.18566],[75.35058,30.18188],[75.35422,30.17875],[75.35549,30.17542],[75.34987,30.1695],[75.3399,30.16233],[75.33768,30.15869],[75.33861,30.14511],[75.34654,30.14246],[75.335,30.13168],[75.33296,30.13288],[75.3279,30.13083],[75.32385,30.12585],[75.31828,30.12311],[75.31518,30.12388],[75.30609,30.11467],[75.30141,30.11366],[75.29295,30.11027],[75.29059,30.11013],[75.28735,30.1147],[75.28213,30.11576],[75.28261,30.11679],[75.2753,30.11224],[75.27137,30.10877],[75.26572,30.10868],[75.26025,30.11113],[75.25349,30.10793],[75.25005,30.10072],[75.25121,30.08602],[75.25256,30.08051],[75.25079,30.06095],[75.25192,30.0579],[75.25443,30.05654],[75.25752,30.05627],[75.26143,30.0609],[75.2653,30.06202],[75.26729,30.05956],[75.26529,30.05323],[75.2619,30.0509],[75.24909,30.04581],[75.2438,30.04198],[75.24324,30.03794],[75.24783,30.02979],[75.25005,30.01835],[75.25363,30.0167],[75.26427,30.01683],[75.26973,30.01594],[75.27374,30.01655],[75.27708,30.0187],[75.27973,30.02425],[75.28418,30.02065],[75.2923,30.02341],[75.29254,30.01644],[75.28796,30.01532],[75.2833,30.01183],[75.28096,30.00894],[75.26877,30.00217],[75.26612,29.99142],[75.27074,29.98421],[75.27003,29.97914],[75.26386,29.97195],[75.25014,29.97678],[75.24287,29.9818],[75.24067,29.98053],[75.23766,29.97102],[75.22416,29.95872],[75.21149,29.96789],[75.20208,29.96524],[75.19894,29.97068],[75.19502,29.97212],[75.1946,29.97781],[75.1869,29.97814],[75.18429,29.97484],[75.18142,29.97925],[75.1737,29.97025],[75.17062,29.95035],[75.17215,29.94781],[75.16753,29.94426],[75.16886,29.93849],[75.15918,29.92597],[75.17077,29.91234],[75.1747,29.88517],[75.18926,29.88902],[75.20271,29.8808],[75.20552,29.86546],[75.20542,29.85929],[75.1851,29.85256],[75.17681,29.84735],[75.17643,29.84348],[75.17856,29.83691],[75.17603,29.83507],[75.17517,29.82952],[75.167,29.82495],[75.15996,29.82364],[75.15543,29.81981],[75.15131,29.80184],[75.14895,29.79612],[75.14951,29.79164],[75.15486,29.7891],[75.15919,29.78422],[75.15405,29.78102],[75.14172,29.77701],[75.13546,29.78038],[75.13142,29.78486],[75.12492,29.80562],[75.10229,29.80255],[75.09553,29.80435],[75.09018,29.80666],[75.08905,29.81283],[75.09334,29.81931],[75.10712,29.82653],[75.10409,29.83801],[75.09895,29.84142],[75.08575,29.84481],[75.08125,29.84937],[75.08099,29.85414],[75.08469,29.85859],[75.10059,29.86789],[75.10421,29.87319],[75.1031,29.87678],[75.10268,29.89702],[75.09476,29.90507],[75.08978,29.91171],[75.0848,29.91514],[75.07774,29.91231],[75.07001,29.89335],[75.06548,29.87904],[75.0604,29.87612],[75.05176,29.87486],[75.0375,29.88178],[75.02348,29.87287],[75.01413,29.86463],[75.00566,29.86757],[74.99411,29.8632],[74.98993,29.85646],[74.96947,29.88067],[74.96989,29.88992],[74.95786,29.89774],[74.94318,29.90254],[74.93567,29.91541],[74.93192,29.92278],[74.9286,29.92916],[74.92409,29.94153],[74.91573,29.94916],[74.89438,29.93944],[74.88524,29.93911],[74.8896,29.94501],[74.8931,29.94726],[74.89436,29.95294],[74.88976,29.95903],[74.88544,29.96234],[74.88149,29.96835],[74.87741,29.96257],[74.87196,29.95913],[74.86566,29.95889],[74.85936,29.96117],[74.84963,29.95913],[74.83661,29.96416],[74.82899,29.96947],[74.82139,29.97305],[74.81969,29.97946],[74.81668,29.98452],[74.80903,29.99047],[74.80118,29.99257],[74.7944,29.98961],[74.78422,29.98042],[74.77599,29.9744],[74.76737,29.97272],[74.75868,29.97363],[74.75072,29.97123],[74.73724,29.96905],[74.72401,29.96186],[74.70614,29.96887],[74.69737,29.97115],[74.6993,29.97624],[74.69605,29.98283],[74.6945,29.988],[74.69907,29.99317],[74.70272,30.00215],[74.70354,30.00341],[74.70721,30.01501],[74.69971,30.02217],[74.69663,30.02634],[74.68616,30.034],[74.68812,30.03829],[74.68421,30.04572],[74.6953,30.06572],[74.69005,30.069],[74.68191,30.07271],[74.6739,30.07302],[74.6662,30.0884],[74.67329,30.10243],[74.67476,30.10772],[74.67354,30.11194],[74.66869,30.11188],[74.6653,30.10922],[74.66112,30.10759],[74.64722,30.10953],[74.63969,30.11183],[74.63604,30.11409],[74.62186,30.12771],[74.62204,30.13016],[74.62682,30.13865],[74.63074,30.1414],[74.63192,30.1482],[74.63906,30.15678],[74.64801,30.16373],[74.65903,30.16535],[74.66267,30.16442],[74.66467,30.16637],[74.67776,30.16673],[74.68294,30.16043],[74.68968,30.15976],[74.6946,30.1609],[74.70956,30.16774],[74.71577,30.17148],[74.72361,30.17869],[74.72653,30.18142],[74.72761,30.18546],[74.72697,30.18925],[74.71999,30.19716],[74.71487,30.19763],[74.71009,30.19665],[74.7044,30.19736],[74.70801,30.2183],[74.71149,30.22172],[74.71098,30.22665],[74.71663,30.23046],[74.71637,30.23173],[74.71296,30.23434],[74.71133,30.23897],[74.71027,30.25239],[74.71243,30.2583],[74.72259,30.26906],[74.72707,30.27525],[74.72672,30.278],[74.72739,30.27971],[74.73509,30.27975],[74.73773,30.28169],[74.74162,30.28635],[74.73357,30.29296],[74.73014,30.29762],[74.72393,30.3039],[74.71813,30.30509],[74.7151,30.30836],[74.73182,30.3166],[74.73599,30.3216],[74.7508,30.31993],[74.75972,30.32389],[74.77449,30.33578],[74.77335,30.33655],[74.76958,30.33648],[74.73811,30.34361],[74.72337,30.34831],[74.71341,30.35011],[74.70515,30.35253],[74.69829,30.35403],[74.69151,30.3542],[74.69151,30.35608],[74.70133,30.35791],[74.70537,30.35993],[74.7133,30.36569],[74.72899,30.35712],[74.74399,30.35154],[74.75242,30.34704],[74.76999,30.33945],[74.77198,30.34001],[74.77567,30.33977],[74.79687,30.37006],[74.80608,30.38754],[74.81135,30.39371],[74.81968,30.38997],[74.82718,30.38795],[74.83679,30.38251],[74.84337,30.37735],[74.86379,30.39026],[74.88326,30.38255],[74.90061,30.37702],[74.90776,30.37331],[74.90661,30.37031],[74.91214,30.36736],[74.92113,30.36905],[74.93462,30.38505],[74.93982,30.38258],[74.9463,30.38543],[74.95285,30.38667],[74.95604,30.39118],[74.96195,30.3961],[74.96499,30.39383],[74.97299,30.39124],[74.97675,30.39342],[74.98415,30.39369],[74.98874,30.38944],[74.99183,30.38843],[75.00816,30.38226],[75.01532,30.38049],[75.01867,30.38155],[75.03123,30.37843],[75.03563,30.38013],[75.045,30.3895],[75.04279,30.39203],[75.04108,30.39903],[75.04261,30.40625],[75.0415,30.40993],[75.03837,30.41398],[75.03072,30.41976],[75.01296,30.42726],[75.0162,30.43293],[75.01677,30.43708],[75.0096,30.44006],[75.01106,30.44571],[75.01712,30.44904],[75.022,30.45782],[75.02837,30.45995],[75.03725,30.45522],[75.04346,30.45389],[75.04184,30.45963],[75.03793,30.46044],[75.03281,30.46551],[75.03485,30.47374],[75.021,30.47298],[75.01455,30.48451],[74.99688,30.48907],[75.00935,30.49102],[75.0191,30.49837],[75.02401,30.50481],[75.03142,30.50305],[75.03402,30.50007],[75.04254,30.50006],[75.04958,30.50354],[75.05989,30.514],[75.06849,30.52539],[75.07321,30.52941],[75.08212,30.52724],[75.09811,30.52133],[75.10973,30.52337],[75.11847,30.52349],[75.12041,30.5322],[75.11746,30.54046],[75.10988,30.55381],[75.11146,30.56302],[75.12865,30.58],[75.13419,30.58194],[75.13802,30.58215],[75.15121,30.57816],[75.15661,30.57285],[75.16309,30.56381],[75.16724,30.55499],[75.17096,30.53867]]]}},{"type":"Feature","properties":{"ID_0":105,"ISO":"IND","NAME_0":"India","ID_1":28,"NAME_1":"Punjab","ID_2":408,"NAME_2":"Faridkot","NL_NAME_2":null,"VARNAME_2":"Fridkot","TYPE_2":"District","ENGTYPE_2":"District","STATE":"Punjab","DISTRICT":"Faridkot"},"geometry":{"type":"Polygon","coordinates":[[[74.89951,30.73619],[74.90147,30.72541],[74.89465,30.7071],[74.89438,30.70216],[74.89777,30.69644],[74.90345,30.6805],[74.90609,30.68048],[74.9111,30.68655],[74.91226,30.68355],[74.91237,30.67784],[74.9268,30.67591],[74.93283,30.67647],[74.93709,30.676],[74.94004,30.67443],[74.94385,30.67488],[74.94634,30.65751],[74.94501,30.65295],[74.93994,30.64411],[74.94254,30.63496],[74.94003,30.62504],[74.93768,30.61953],[74.93705,30.61383],[74.93714,30.60515],[74.93806,30.60139],[74.94116,30.59638],[74.94396,30.59353],[74.94258,30.59028],[74.92645,30.58897],[74.90519,30.58547],[74.90034,30.58093],[74.894,30.56503],[74.89226,30.54974],[74.90269,30.5461],[74.91592,30.53993],[74.92125,30.54549],[74.91603,30.54924],[74.9193,30.55461],[74.93449,30.57046],[74.94624,30.56127],[74.94985,30.56214],[74.95245,30.55992],[74.95284,30.55503],[74.96796,30.54354],[74.98046,30.54404],[74.98277,30.53907],[74.98577,30.53489],[74.98056,30.52562],[74.97971,30.51982],[74.98149,30.51448],[74.98042,30.49763],[74.9831,30.49293],[74.98853,30.48887],[74.99688,30.48907],[75.01455,30.48451],[75.021,30.47298],[75.03485,30.47374],[75.03281,30.46551],[75.03793,30.46044],[75.04184,30.45963],[75.04346,30.45389],[75.03725,30.45522],[75.02837,30.45995],[75.022,30.45782],[75.01712,30.44904],[75.01106,30.44571],[75.0096,30.44006],[75.01677,30.43708],[75.0162,30.43293],[75.01296,30.42726],[75.03072,30.41976],[75.03837,30.41398],[75.0415,30.40993],[75.04261,30.40625],[75.04108,30.39903],[75.04279,30.39203],[75.045,30.3895],[75.03563,30.38013],[75.03123,30.37843],[75.01867,30.38155],[75.01532,30.38049],[75.00816,30.38226],[74.99183,30.38843],[74.98874,30.38944],[74.98415,30.39369],[74.97675,30.39342],[74.97299,30.39124],[74.96499,30.39383],[74.96195,30.3961],[74.95604,30.39118],[74.95285,30.38667],[74.9463,30.38543],[74.93982,30.38258],[74.93462,30.38505],[74.92113,30.36905],[74.91214,30.36736],[74.90661,30.37031],[74.90776,30.37331],[74.90061,30.37702],[74.88326,30.38255],[74.86379,30.39026],[74.84337,30.37735],[74.83679,30.38251],[74.82718,30.38795],[74.81968,30.38997],[74.81135,30.39371],[74.80509,30.39696],[74.80064,30.4012],[74.79772,30.39892],[74.78992,30.39997],[74.78494,30.39947],[74.77701,30.3972],[74.76219,30.39717],[74.74694,30.39198],[74.74261,30.39426],[74.74419,30.39886],[74.7438,30.40403],[74.74713,30.41953],[74.74672,30.42396],[74.74231,30.42755],[74.74474,30.43363],[74.7255,30.44693],[74.72166,30.45344],[74.72138,30.45975],[74.72322,30.46452],[74.73185,30.47388],[74.7372,30.47415],[74.74722,30.48026],[74.75201,30.48581],[74.75105,30.4914],[74.74848,30.49661],[74.73966,30.49076],[74.7366,30.49335],[74.72603,30.49338],[74.71696,30.5006],[74.71303,30.50292],[74.70923,30.50381],[74.70839,30.50928],[74.6963,30.51519],[74.68803,30.51676],[74.67918,30.51956],[74.67658,30.5211],[74.67545,30.52537],[74.67625,30.52901],[74.68471,30.53425],[74.68958,30.53884],[74.69313,30.54396],[74.69634,30.54607],[74.69938,30.55769],[74.69361,30.55994],[74.68971,30.56342],[74.68462,30.56548],[74.67907,30.56664],[74.67395,30.56912],[74.66875,30.57336],[74.65722,30.57857],[74.65501,30.58309],[74.64783,30.59059],[74.64143,30.59183],[74.63622,30.59378],[74.62363,30.60657],[74.6242,30.6124],[74.61684,30.61383],[74.61459,30.61852],[74.60941,30.63509],[74.60765,30.63736],[74.60175,30.63648],[74.59814,30.64091],[74.59355,30.64336],[74.58904,30.64473],[74.58792,30.64659],[74.57935,30.65388],[74.57217,30.65583],[74.56642,30.65837],[74.54982,30.66281],[74.53924,30.66436],[74.53495,30.6632],[74.52757,30.66348],[74.5216,30.66493],[74.50981,30.66485],[74.49858,30.66631],[74.49146,30.66726],[74.48547,30.6696],[74.47165,30.67294],[74.46727,30.67962],[74.46613,30.68747],[74.46316,30.69693],[74.46244,30.71302],[74.45876,30.74228],[74.46384,30.74875],[74.49554,30.76123],[74.50539,30.76422],[74.51314,30.76799],[74.51337,30.77015],[74.52087,30.77964],[74.53417,30.78792],[74.5535,30.79512],[74.55747,30.79828],[74.56698,30.80275],[74.5778,30.80317],[74.58458,30.80408],[74.58707,30.80506],[74.60097,30.82359],[74.60746,30.82526],[74.61362,30.83064],[74.63512,30.81448],[74.64151,30.81706],[74.64553,30.82662],[74.64808,30.82901],[74.65324,30.82928],[74.67168,30.82135],[74.67477,30.82555],[74.68134,30.82618],[74.6873,30.82274],[74.69676,30.82388],[74.70107,30.82243],[74.70733,30.82163],[74.71691,30.81822],[74.72875,30.82102],[74.73381,30.81973],[74.73826,30.81669],[74.74396,30.81075],[74.7547,30.81096],[74.7598,30.81212],[74.7597,30.80876],[74.76266,30.80963],[74.76698,30.80648],[74.76986,30.80269],[74.77287,30.79194],[74.78703,30.78833],[74.79539,30.7854],[74.7979,30.77213],[74.80096,30.76782],[74.80555,30.76516],[74.8112,30.76369],[74.81571,30.76676],[74.81994,30.76802],[74.82377,30.76776],[74.82796,30.76591],[74.82996,30.76237],[74.83636,30.75507],[74.84509,30.75093],[74.84463,30.74721],[74.84579,30.74461],[74.84875,30.74257],[74.86332,30.74473],[74.86882,30.74459],[74.87245,30.74151],[74.87638,30.73948],[74.88574,30.73882],[74.89019,30.73932],[74.89951,30.73619]]]}},{"type":"Feature","properties":{"ID_0":105,"ISO":"IND","NAME_0":"India","ID_1":28,"NAME_1":"Punjab","ID_2":409,"NAME_2":"Fatehgarh Sahib","NL_NAME_2":null,"VARNAME_2":null,"TYPE_2":"District","ENGTYPE_2":"District","STATE":"Punjab","DISTRICT":"Fatehgarh Sahib"},"geometry":{"type":"Polygon","coordinates":[[[76.31059,30.88148],[76.31496,30.88202],[76.31459,30.88876],[76.31981,30.89986],[76.32324,30.90175],[76.32608,30.90984],[76.33028,30.91368],[76.33559,30.91533],[76.34756,30.91125],[76.35201,30.90796],[76.35618,30.90224],[76.35966,30.89307],[76.36172,30.88104],[76.36112,30.87835],[76.35699,30.87548],[76.3462,30.87215],[76.34413,30.86925],[76.33656,30.86759],[76.33086,30.86255],[76.32399,30.86175],[76.32033,30.85963],[76.31773,30.85662],[76.3175,30.85455],[76.31593,30.85386],[76.31546,30.85257],[76.32201,30.8471],[76.32295,30.84511],[76.32189,30.84323],[76.32227,30.84208],[76.32993,30.84016],[76.33389,30.83664],[76.33538,30.83315],[76.33756,30.83225],[76.34323,30.83342],[76.35313,30.83325],[76.35602,30.83216],[76.35906,30.82975],[76.36037,30.83007],[76.36359,30.83492],[76.36678,30.83665],[76.37695,30.83509],[76.37919,30.83384],[76.37936,30.82341],[76.37757,30.81542],[76.3779,30.81346],[76.37959,30.81165],[76.38207,30.81086],[76.39544,30.81126],[76.40526,30.80359],[76.40706,30.80126],[76.40504,30.79968],[76.40276,30.7939],[76.40391,30.7827],[76.3964,30.77638],[76.39517,30.77432],[76.39726,30.76172],[76.40052,30.7608],[76.40619,30.76399],[76.40881,30.76382],[76.41727,30.76119],[76.42965,30.76358],[76.43296,30.76283],[76.44695,30.75566],[76.44842,30.75563],[76.45041,30.75761],[76.45184,30.75702],[76.45806,30.74907],[76.46993,30.75368],[76.47833,30.74967],[76.48203,30.74902],[76.49453,30.7529],[76.51386,30.76418],[76.52028,30.7685],[76.52745,30.76162],[76.53151,30.75066],[76.53083,30.74762],[76.52517,30.74276],[76.52454,30.74105],[76.53024,30.73477],[76.53153,30.73094],[76.52692,30.72711],[76.52206,30.72628],[76.51815,30.72659],[76.51785,30.72348],[76.51413,30.72055],[76.5025,30.71512],[76.50428,30.71024],[76.51057,30.71226],[76.52969,30.71249],[76.53384,30.7139],[76.53714,30.71164],[76.5415,30.70563],[76.54047,30.69995],[76.54164,30.69479],[76.54866,30.69391],[76.55125,30.69184],[76.55696,30.6824],[76.55795,30.67765],[76.55537,30.67598],[76.54908,30.67488],[76.5444,30.66801],[76.54,30.66474],[76.53885,30.66212],[76.53493,30.65763],[76.52112,30.65143],[76.51765,30.64879],[76.5155,30.64306],[76.51643,30.64051],[76.5181,30.63876],[76.52143,30.6437],[76.52382,30.64413],[76.5312,30.63852],[76.54386,30.63159],[76.54623,30.63281],[76.54565,30.63599],[76.54296,30.64175],[76.54271,30.6444],[76.5491,30.64791],[76.55838,30.64705],[76.56771,30.65102],[76.57218,30.645],[76.5796,30.63824],[76.57403,30.63586],[76.57644,30.62106],[76.58119,30.6159],[76.57944,30.6078],[76.57543,30.60718],[76.56736,30.60993],[76.55817,30.61495],[76.55585,30.61505],[76.55664,30.61233],[76.55112,30.6099],[76.54694,30.60894],[76.54458,30.60081],[76.54663,30.59846],[76.56393,30.58735],[76.56852,30.58329],[76.57001,30.57918],[76.56888,30.57481],[76.56657,30.57555],[76.56575,30.57234],[76.55752,30.56701],[76.55646,30.56945],[76.55364,30.57107],[76.54765,30.56956],[76.5373,30.564],[76.53426,30.56423],[76.52792,30.56071],[76.52353,30.56195],[76.52005,30.56138],[76.51876,30.56492],[76.51473,30.56477],[76.50539,30.56764],[76.49993,30.57109],[76.49742,30.56872],[76.49351,30.56925],[76.49173,30.56669],[76.48843,30.56473],[76.48946,30.56113],[76.49284,30.5571],[76.49004,30.55571],[76.48757,30.5512],[76.48721,30.53975],[76.4893,30.53716],[76.48988,30.53352],[76.48149,30.52279],[76.47957,30.51809],[76.48235,30.51367],[76.48345,30.51025],[76.47977,30.50437],[76.47649,30.50277],[76.48414,30.49773],[76.48501,30.49558],[76.48483,30.49346],[76.48317,30.49089],[76.48315,30.48796],[76.48979,30.48138],[76.49132,30.47704],[76.48905,30.47402],[76.48943,30.47084],[76.48697,30.46869],[76.48629,30.46519],[76.48413,30.4635],[76.4863,30.46093],[76.4837,30.45804],[76.48516,30.45617],[76.48292,30.45373],[76.47924,30.45264],[76.48003,30.44958],[76.47719,30.44496],[76.47054,30.43983],[76.46657,30.4342],[76.45557,30.44069],[76.44966,30.43762],[76.44021,30.44724],[76.43457,30.45183],[76.42355,30.44541],[76.4101,30.44732],[76.40655,30.44328],[76.40303,30.44502],[76.40108,30.44333],[76.39861,30.44514],[76.39629,30.44266],[76.39743,30.43867],[76.40317,30.43286],[76.40361,30.42771],[76.39243,30.42705],[76.3858,30.42486],[76.37429,30.41463],[76.37164,30.42592],[76.36848,30.43007],[76.35999,30.43598],[76.35663,30.4361],[76.34623,30.44071],[76.34421,30.44028],[76.34004,30.43684],[76.33065,30.43186],[76.32728,30.4344],[76.32578,30.43996],[76.32236,30.43881],[76.31921,30.4395],[76.31403,30.43377],[76.30792,30.43432],[76.31136,30.43767],[76.31326,30.44271],[76.31332,30.44708],[76.31631,30.44703],[76.31824,30.4504],[76.32185,30.44971],[76.32379,30.45289],[76.32667,30.454],[76.32686,30.45849],[76.32297,30.45886],[76.32291,30.46478],[76.31644,30.47008],[76.31632,30.47309],[76.3206,30.47958],[76.32338,30.48229],[76.30708,30.48441],[76.32336,30.50166],[76.3223,30.50588],[76.32042,30.50816],[76.31892,30.51654],[76.31561,30.52362],[76.31026,30.53167],[76.31245,30.53941],[76.31221,30.54323],[76.31018,30.54654],[76.30087,30.54981],[76.29982,30.55829],[76.29339,30.56059],[76.28835,30.55963],[76.286,30.56141],[76.28468,30.57208],[76.28038,30.57746],[76.27197,30.57443],[76.26845,30.56947],[76.26565,30.56336],[76.26756,30.56056],[76.26723,30.55808],[76.26263,30.55717],[76.262,30.55958],[76.25642,30.55755],[76.23953,30.55317],[76.20202,30.54754],[76.1545,30.52754],[76.11698,30.52191],[76.08697,30.51253],[76.06693,30.51155],[76.06848,30.5149],[76.07061,30.52354],[76.07553,30.5302],[76.07694,30.53363],[76.07294,30.53817],[76.07243,30.54078],[76.06459,30.54773],[76.06471,30.54961],[76.06836,30.55499],[76.06812,30.55931],[76.07124,30.56471],[76.0764,30.57007],[76.07949,30.56959],[76.08341,30.56478],[76.08865,30.56293],[76.0948,30.56519],[76.09522,30.57816],[76.09889,30.57992],[76.10059,30.58193],[76.09914,30.58745],[76.10065,30.59255],[76.10754,30.5956],[76.11147,30.59937],[76.10743,30.60254],[76.10966,30.60664],[76.10255,30.61647],[76.11353,30.62475],[76.11282,30.62752],[76.11705,30.63293],[76.12355,30.63588],[76.13871,30.64089],[76.1394,30.64238],[76.13995,30.65598],[76.14102,30.65694],[76.14931,30.65965],[76.15469,30.66308],[76.15848,30.66826],[76.15903,30.67217],[76.15855,30.67708],[76.16124,30.6809],[76.16678,30.68226],[76.16964,30.68014],[76.16916,30.67391],[76.1729,30.66925],[76.18549,30.67713],[76.18855,30.67678],[76.19566,30.67753],[76.20166,30.67941],[76.20383,30.68076],[76.20657,30.68723],[76.21292,30.69162],[76.22194,30.69182],[76.22305,30.69094],[76.22474,30.6867],[76.22862,30.68325],[76.23469,30.68194],[76.24194,30.68291],[76.24663,30.67961],[76.25282,30.67779],[76.26001,30.6783],[76.2655,30.6807],[76.26903,30.68392],[76.28577,30.68244],[76.29016,30.68024],[76.2897,30.67766],[76.29359,30.67031],[76.30482,30.66556],[76.31119,30.6658],[76.31726,30.66951],[76.3241,30.67758],[76.32772,30.67901],[76.33214,30.68268],[76.33285,30.68804],[76.33652,30.69557],[76.33721,30.69641],[76.33572,30.70509],[76.33735,30.70856],[76.33438,30.71461],[76.33151,30.71684],[76.32722,30.71749],[76.3207,30.71662],[76.31793,30.71534],[76.31432,30.71172],[76.30544,30.72397],[76.30058,30.72866],[76.28899,30.72251],[76.28444,30.71832],[76.27828,30.71606],[76.26945,30.72341],[76.26202,30.73113],[76.25842,30.73574],[76.25661,30.73969],[76.25372,30.74105],[76.25185,30.74345],[76.25188,30.75256],[76.24536,30.75918],[76.23668,30.77314],[76.23698,30.77505],[76.24056,30.78052],[76.23981,30.78087],[76.24766,30.79102],[76.25891,30.80728],[76.26517,30.82541],[76.26892,30.84542],[76.27016,30.85855],[76.27579,30.86918],[76.28143,30.87605],[76.2983,30.87605],[76.30769,30.87168],[76.31019,30.87418],[76.31059,30.88148]]]}},{"type":"Feature","properties":{"ID_0":105,"ISO":"IND","NAME_0":"India","ID_1":28,"NAME_1":"Punjab","ID_2":410,"NAME_2":"Firozpur","NL_NAME_2":null,"VARNAME_2":"Ferojpur, Firozepur, Ferozepore, Feruzpur","TYPE_2":"District","ENGTYPE_2":"District","STATE":"Punjab","DISTRICT":"Firozpur"},"geometry":{"type":"Polygon","coordinates":[[[75.03723,31.15327],[75.04093,31.1525],[75.04645,31.15302],[75.05467,31.14687],[75.06148,31.14468],[75.06174,31.13428],[75.06042,31.12766],[75.06266,31.12444],[75.06712,31.1235],[75.07095,31.125],[75.08716,31.11872],[75.09546,31.11695],[75.09229,31.10536],[75.0901,31.10158],[75.09406,31.10189],[75.09549,31.09526],[75.10062,31.0926],[75.10453,31.09321],[75.1124,31.09685],[75.11632,31.09718],[75.11542,31.08422],[75.10968,31.0721],[75.09692,31.05742],[75.08735,31.0453],[75.0816,31.03828],[75.07331,31.037],[75.06693,31.03254],[75.06119,31.02233],[75.05417,31.02169],[75.04205,31.02998],[75.0312,31.03126],[75.02737,31.0236],[75.02737,31.01531],[75.03248,31.00893],[75.04396,31.00574],[75.05417,30.99936],[75.05608,30.98405],[75.05608,30.95533],[75.04971,30.94321],[75.03949,30.93492],[75.01334,30.9279],[74.99547,30.9145],[74.98824,30.90276],[74.98755,30.90292],[74.98194,30.89785],[74.96468,30.89381],[74.95222,30.89292],[74.94762,30.89091],[74.94316,30.89159],[74.94014,30.88467],[74.93333,30.87736],[74.93417,30.86797],[74.93597,30.86147],[74.93884,30.85568],[74.93579,30.84672],[74.93414,30.83612],[74.93773,30.8298],[74.93568,30.82393],[74.92856,30.81648],[74.91814,30.803],[74.91673,30.79246],[74.91837,30.78804],[74.9144,30.7835],[74.91193,30.78459],[74.90543,30.77933],[74.90485,30.77363],[74.90086,30.77187],[74.90292,30.76708],[74.89963,30.76143],[74.89812,30.75604],[74.90012,30.75218],[74.90392,30.74762],[74.90115,30.74731],[74.90249,30.74348],[74.90178,30.74023],[74.89951,30.73619],[74.89019,30.73932],[74.88574,30.73882],[74.87638,30.73948],[74.87245,30.74151],[74.86882,30.74459],[74.86332,30.74473],[74.84875,30.74257],[74.84579,30.74461],[74.84463,30.74721],[74.84509,30.75093],[74.83636,30.75507],[74.82996,30.76237],[74.82796,30.76591],[74.82377,30.76776],[74.81994,30.76802],[74.81571,30.76676],[74.8112,30.76369],[74.80555,30.76516],[74.80096,30.76782],[74.7979,30.77213],[74.79539,30.7854],[74.78703,30.78833],[74.77287,30.79194],[74.76986,30.80269],[74.76698,30.80648],[74.76266,30.80963],[74.7597,30.80876],[74.7598,30.81212],[74.7547,30.81096],[74.74396,30.81075],[74.73826,30.81669],[74.73381,30.81973],[74.72875,30.82102],[74.71691,30.81822],[74.70733,30.82163],[74.70107,30.82243],[74.69676,30.82388],[74.6873,30.82274],[74.68134,30.82618],[74.67477,30.82555],[74.67168,30.82135],[74.65324,30.82928],[74.64808,30.82901],[74.64553,30.82662],[74.64151,30.81706],[74.63512,30.81448],[74.61362,30.83064],[74.60746,30.82526],[74.60097,30.82359],[74.58707,30.80506],[74.58458,30.80408],[74.5778,30.80317],[74.56698,30.80275],[74.55747,30.79828],[74.5535,30.79512],[74.53417,30.78792],[74.52087,30.77964],[74.51337,30.77015],[74.51314,30.76799],[74.50539,30.76422],[74.49554,30.76123],[74.46384,30.74875],[74.45876,30.74228],[74.46244,30.71302],[74.46316,30.69693],[74.46613,30.68747],[74.46727,30.67962],[74.47165,30.67294],[74.48547,30.6696],[74.49146,30.66726],[74.48847,30.6651],[74.48292,30.66471],[74.47738,30.66539],[74.46828,30.65762],[74.46767,30.65279],[74.46973,30.64632],[74.47903,30.64095],[74.48183,30.63815],[74.4754,30.63554],[74.45976,30.63124],[74.45238,30.62664],[74.45002,30.6232],[74.45066,30.61425],[74.44948,30.60849],[74.44766,30.6044],[74.44202,30.59829],[74.43862,30.59578],[74.43246,30.59345],[74.43242,30.57094],[74.42496,30.56944],[74.41784,30.54862],[74.40913,30.55213],[74.40208,30.55984],[74.39287,30.55649],[74.3911,30.53957],[74.38998,30.5357],[74.3895,30.52993],[74.3882,30.52692],[74.37797,30.52673],[74.3692,30.52016],[74.3629,30.51388],[74.3653,30.50723],[74.37031,30.49767],[74.36521,30.48295],[74.35474,30.48002],[74.34873,30.47973],[74.34393,30.48018],[74.33622,30.4823],[74.33758,30.47419],[74.33566,30.46478],[74.32664,30.45042],[74.31821,30.44538],[74.31066,30.44421],[74.30598,30.44472],[74.29884,30.44423],[74.29148,30.44117],[74.27411,30.43122],[74.26911,30.42903],[74.26514,30.42928],[74.25951,30.42664],[74.24551,30.42451],[74.24145,30.42282],[74.25172,30.41918],[74.26532,30.41891],[74.27451,30.41609],[74.28082,30.41252],[74.29987,30.40875],[74.334,30.40392],[74.34386,30.40153],[74.34713,30.39711],[74.34801,30.3901],[74.34456,30.38033],[74.32695,30.38379],[74.30656,30.38679],[74.30145,30.37647],[74.29865,30.36804],[74.30161,30.35721],[74.30865,30.35369],[74.31134,30.34394],[74.31126,30.32826],[74.30725,30.32136],[74.30137,30.3154],[74.29417,30.30508],[74.29546,30.29937],[74.29247,30.28913],[74.29063,30.27856],[74.28827,30.27444],[74.28886,30.26892],[74.28833,30.26281],[74.27284,30.27234],[74.26729,30.26575],[74.26615,30.26538],[74.25864,30.2578],[74.25158,30.24562],[74.27697,30.23087],[74.28413,30.23261],[74.29357,30.23746],[74.30579,30.24081],[74.31503,30.24154],[74.34692,30.23922],[74.34144,30.21196],[74.33531,30.19633],[74.33723,30.18942],[74.33614,30.18263],[74.32687,30.16119],[74.33669,30.15578],[74.34578,30.15301],[74.36442,30.15033],[74.36564,30.14344],[74.36749,30.13824],[74.37118,30.13232],[74.37199,30.12761],[74.38607,30.11524],[74.39087,30.11273],[74.39249,30.10868],[74.39563,30.1042],[74.4052,30.09524],[74.3997,30.09318],[74.39613,30.09738],[74.38509,30.1054],[74.37401,30.10988],[74.36755,30.10876],[74.36354,30.10729],[74.36308,30.10163],[74.3615,30.09566],[74.35913,30.09157],[74.35716,30.0848],[74.37919,30.07282],[74.3784,30.0674],[74.3789,30.06212],[74.38184,30.05689],[74.3932,30.04321],[74.40089,30.03732],[74.39867,30.0264],[74.40765,30.02331],[74.41693,30.02309],[74.44051,30.02734],[74.44517,30.02145],[74.44675,30.01507],[74.44936,30.00984],[74.45477,30.00306],[74.44576,30.001],[74.41678,29.9971],[74.44198,29.94709],[74.42807,29.94954],[74.40379,29.94734],[74.37245,29.95002],[74.35585,29.95033],[74.32151,29.95396],[74.28997,29.95626],[74.27903,29.95509],[74.26031,29.95567],[74.25191,29.95526],[74.24068,29.95629],[74.2238,29.95971],[74.21276,29.96039],[74.18597,29.96038],[74.15445,29.96329],[74.08333,29.96737],[74.0692,29.96887],[74.00275,29.97006],[73.996,29.97089],[73.99092,29.97123],[73.97646,29.96911],[73.95694,29.96951],[73.93295,29.97074],[73.89118,29.97007],[73.88944,29.97761],[73.8885,29.98178],[73.88303,29.99129],[73.88113,29.99628],[73.88187,30.01124],[73.88551,30.01743],[73.89262,30.03853],[73.89481,30.04685],[73.89841,30.05365],[73.90855,30.06011],[73.91821,30.06815],[73.93153,30.08381],[73.94292,30.09909],[73.94411,30.10423],[73.94999,30.10979],[73.95795,30.11956],[73.96665,30.12119],[73.96394,30.12438],[73.96247,30.1275],[73.96118,30.13423],[73.96082,30.14323],[73.96337,30.17183],[73.96644,30.17703],[73.96811,30.1843],[73.96641,30.19449],[73.96632,30.19505],[73.9646,30.22446],[73.96391,30.2308],[73.96384,30.2313],[73.96116,30.24121],[73.95985,30.25517],[73.95909,30.25562],[73.95785,30.26169],[73.95575,30.26303],[73.95442,30.2662],[73.95206,30.26798],[73.95155,30.26999],[73.95072,30.27055],[73.94944,30.27135],[73.94872,30.27382],[73.94795,30.27425],[73.94734,30.27471],[73.94449,30.28183],[73.94395,30.28207],[73.9433,30.28496],[73.94229,30.2862],[73.94126,30.28683],[73.94125,30.28752],[73.94045,30.28795],[73.937,30.29634],[73.93633,30.2969],[73.93433,30.30302],[73.93308,30.30375],[73.9321,30.30533],[73.93138,30.30654],[73.92686,30.30932],[73.92662,30.30996],[73.92609,30.31018],[73.92543,30.31064],[73.92413,30.31403],[73.92306,30.31491],[73.92253,30.31511],[73.92016,30.32006],[73.91964,30.3203],[73.9191,30.32051],[73.91828,30.32322],[73.91621,30.32501],[73.9159,30.32726],[73.91436,30.32816],[73.91422,30.32862],[73.91305,30.33085],[73.91225,30.33129],[73.91119,30.33197],[73.90855,30.33669],[73.90751,30.33711],[73.90647,30.33757],[73.90647,30.33823],[73.90569,30.33981],[73.9049,30.34026],[73.90462,30.34092],[73.9033,30.34137],[73.90096,30.34292],[73.8998,30.34492],[73.89952,30.34581],[73.89875,30.34627],[73.89779,30.34696],[73.89728,30.349],[73.89393,30.35056],[73.88564,30.35444],[73.88069,30.35715],[73.88043,30.35775],[73.87875,30.35898],[73.87556,30.36079],[73.87555,30.3613],[73.87531,30.36139],[73.87125,30.36857],[73.87089,30.375],[73.87321,30.38344],[73.87975,30.39111],[73.88179,30.39277],[73.89352,30.40231],[73.9012,30.41272],[73.90342,30.4168],[73.92017,30.42014],[73.92786,30.42091],[73.93034,30.42499],[73.93161,30.43322],[73.93309,30.4361],[73.93663,30.44298],[73.93227,30.45843],[73.93529,30.46296],[73.93974,30.46269],[73.9445,30.46241],[73.94691,30.46227],[73.95308,30.45911],[73.95528,30.45798],[73.96268,30.45761],[73.96653,30.46349],[73.96828,30.47631],[73.96882,30.48019],[73.97273,30.48813],[73.98365,30.50053],[73.98852,30.50456],[73.99978,30.51088],[74.00652,30.51466],[74.01862,30.52145],[74.02561,30.52538],[74.02949,30.53172],[74.03061,30.53229],[74.03294,30.53467],[74.03401,30.53626],[74.04024,30.53769],[74.04072,30.5371],[74.04768,30.52859],[74.0557,30.52201],[74.06085,30.52114],[74.06651,30.52019],[74.07761,30.52936],[74.07996,30.53305],[74.08481,30.54068],[74.0844,30.54504],[74.08227,30.54645],[74.07642,30.55032],[74.07214,30.54927],[74.06818,30.55082],[74.06777,30.55352],[74.0679,30.55487],[74.06933,30.55601],[74.07088,30.55714],[74.07139,30.55761],[74.07594,30.56103],[74.0841,30.56619],[74.08512,30.56741],[74.09,30.57172],[74.0904,30.57205],[74.09121,30.57285],[74.09263,30.57535],[74.09307,30.57988],[74.09324,30.58145],[74.09213,30.58843],[74.09205,30.59813],[74.09446,30.60468],[74.09445,30.6058],[74.09431,30.60626],[74.09016,30.6085],[74.09002,30.61028],[74.091,30.61279],[74.09583,30.61508],[74.09842,30.61552],[74.09922,30.61486],[74.09949,30.61351],[74.10056,30.6115],[74.10108,30.61127],[74.10206,30.61002],[74.10213,30.60993],[74.10213,30.60926],[74.10473,30.60744],[74.10474,30.60656],[74.10892,30.60568],[74.10946,30.60593],[74.11049,30.60705],[74.11149,30.61499],[74.11172,30.61678],[74.11687,30.62331],[74.11691,30.62433],[74.11745,30.62433],[74.11837,30.63216],[74.12096,30.63239],[74.12177,30.63241],[74.1236,30.62902],[74.12987,30.62792],[74.13123,30.62865],[74.13491,30.6288],[74.14394,30.6291],[74.15077,30.63254],[74.15093,30.63262],[74.17874,30.65572],[74.18324,30.65945],[74.18336,30.65945],[74.1857,30.6594],[74.18615,30.65939],[74.19684,30.67178],[74.20818,30.68827],[74.22201,30.70815],[74.22725,30.71407],[74.23215,30.71962],[74.23306,30.71988],[74.24098,30.72218],[74.25401,30.72305],[74.26831,30.73145],[74.27966,30.72936],[74.28181,30.73023],[74.28246,30.73457],[74.2737,30.74325],[74.27322,30.74447],[74.26629,30.76244],[74.26221,30.76803],[74.265,30.77278],[74.26648,30.77278],[74.27373,30.77277],[74.27911,30.77612],[74.28403,30.77703],[74.28481,30.77698],[74.28555,30.77693],[74.29113,30.77841],[74.29632,30.78158],[74.29738,30.78273],[74.29914,30.78596],[74.29908,30.78733],[74.29901,30.78884],[74.2981,30.78996],[74.29759,30.79018],[74.29678,30.79243],[74.29623,30.79287],[74.29538,30.79307],[74.29062,30.79419],[74.28685,30.79578],[74.28603,30.79667],[74.28576,30.79959],[74.29226,30.80233],[74.29331,30.80323],[74.29459,30.81022],[74.29533,30.81158],[74.29833,30.81432],[74.30238,30.81638],[74.3076,30.82114],[74.30846,30.82384],[74.31048,30.83468],[74.31162,30.84054],[74.31406,30.8437],[74.31615,30.84758],[74.31998,30.84962],[74.32048,30.84985],[74.32334,30.85033],[74.32935,30.84878],[74.33115,30.84899],[74.33122,30.85027],[74.33129,30.85079],[74.3314,30.85239],[74.33246,30.85307],[74.33462,30.85353],[74.33743,30.85412],[74.3409,30.85402],[74.34266,30.85447],[74.34605,30.85426],[74.34605,30.85357],[74.34659,30.85336],[74.34734,30.8529],[74.34736,30.85129],[74.35118,30.84997],[74.35364,30.84865],[74.35876,30.8459],[74.36301,30.84581],[74.37199,30.85294],[74.37115,30.8603],[74.36533,30.86819],[74.36494,30.8687],[74.36221,30.87242],[74.36189,30.8793],[74.36552,30.88541],[74.36618,30.88566],[74.37627,30.88952],[74.38272,30.89167],[74.39503,30.90354],[74.41293,30.90634],[74.41611,30.90604],[74.4192,30.9117],[74.42031,30.92218],[74.4207,30.92588],[74.42762,30.93328],[74.42867,30.93441],[74.4464,30.9489],[74.46434,30.96155],[74.46783,30.96261],[74.47059,30.96599],[74.48509,30.97046],[74.48963,30.9697],[74.49144,30.9694],[74.49661,30.96718],[74.49699,30.96757],[74.49974,30.96902],[74.50445,30.97785],[74.50888,30.98003],[74.50967,30.98035],[74.51435,30.98487],[74.52272,30.98898],[74.53264,30.99057],[74.53658,30.99217],[74.53812,30.99354],[74.53851,30.99735],[74.538,30.99757],[74.53704,31.0003],[74.53619,31.00089],[74.53505,31.00213],[74.53361,31.00505],[74.53232,31.00807],[74.5318,31.00929],[74.53179,31.01269],[74.53469,31.01569],[74.53572,31.01676],[74.538,31.03167],[74.54059,31.03481],[74.54611,31.03868],[74.54967,31.04322],[74.55311,31.06089],[74.55344,31.0626],[74.5584,31.06753],[74.5717,31.06744],[74.5733,31.06625],[74.5925,31.05204],[74.59737,31.0462],[74.60018,31.04355],[74.60262,31.0447],[74.60543,31.04528],[74.61442,31.04618],[74.62251,31.04702],[74.63351,31.05292],[74.6424,31.05316],[74.64606,31.05294],[74.64893,31.05318],[74.65601,31.05451],[74.6666,31.05881],[74.67222,31.06157],[74.67379,31.06359],[74.67824,31.06676],[74.6832,31.07218],[74.68407,31.07422],[74.68504,31.07647],[74.68493,31.07997],[74.68419,31.08136],[74.68423,31.08641],[74.68629,31.08957],[74.69102,31.09205],[74.69443,31.09544],[74.69442,31.09815],[74.69075,31.104],[74.69067,31.11013],[74.69061,31.11448],[74.6937,31.11408],[74.69843,31.109],[74.70036,31.10419],[74.71497,31.10325],[74.73218,31.10379],[74.73369,31.10896],[74.73268,31.11535],[74.73908,31.11171],[74.74741,31.11136],[74.75018,31.11852],[74.75235,31.1284],[74.77855,31.13041],[74.77982,31.12533],[74.79005,31.11388],[74.79522,31.1183],[74.79783,31.12263],[74.79803,31.13355],[74.80658,31.13545],[74.82001,31.13317],[74.83792,31.13401],[74.84869,31.13913],[74.87092,31.15142],[74.88437,31.16051],[74.89497,31.15609],[74.90223,31.15579],[74.90886,31.16115],[74.92072,31.15587],[74.93668,31.14985],[74.97178,31.13602],[74.98599,31.12449],[74.9883,31.12611],[74.99274,31.12149],[74.99582,31.12001],[74.99942,31.1227],[75.00212,31.12841],[75.0014,31.13451],[74.99491,31.14491],[74.99583,31.14595],[75.00317,31.14612],[75.00424,31.14995],[75.01056,31.1482],[75.01168,31.15667],[75.02332,31.15727],[75.02421,31.15969],[75.0265,31.16202],[75.03197,31.1614],[75.03793,31.15957],[75.03849,31.1576],[75.03723,31.15327]]]}},{"type":"Feature","properties":{"ID_0":105,"ISO":"IND","NAME_0":"India","ID_1":28,"NAME_1":"Punjab","ID_2":411,"NAME_2":"Gurdaspur","NL_NAME_2":null,"VARNAME_2":"Guardaspur","TYPE_2":"District","ENGTYPE_2":"District","STATE":"Punjab","DISTRICT":"Gurdaspur"},"geometry":{"type":"Polygon","coordinates":[[[75.86877,32.48868],[75.88712,32.47203],[75.89542,32.46186],[75.9155,32.4487],[75.92444,32.43898],[75.93141,32.43079],[75.93463,32.42476],[75.93217,32.41682],[75.92593,32.41178],[75.91542,32.41026],[75.91111,32.40919],[75.87193,32.39845],[75.86631,32.39456],[75.84388,32.37931],[75.8374,32.37302],[75.81887,32.35503],[75.81392,32.35056],[75.79928,32.33737],[75.79372,32.33238],[75.78549,32.32379],[75.78314,32.3222],[75.76337,32.30215],[75.76186,32.29611],[75.75468,32.28608],[75.75184,32.28417],[75.7364,32.27376],[75.70488,32.26724],[75.68489,32.26502],[75.67584,32.26402],[75.65488,32.25585],[75.65244,32.25544],[75.64092,32.24738],[75.63408,32.24474],[75.62254,32.23468],[75.62177,32.23003],[75.62012,32.22021],[75.61833,32.19702],[75.61945,32.18985],[75.62022,32.18517],[75.64959,32.17969],[75.65616,32.17662],[75.66183,32.16467],[75.65548,32.14606],[75.64787,32.13766],[75.6312,32.1195],[75.61056,32.09961],[75.57876,32.08168],[75.5728,32.07883],[75.56272,32.07393],[75.55654,32.06017],[75.55373,32.05063],[75.54715,32.03637],[75.54351,32.03392],[75.53336,32.03374],[75.52483,32.03508],[75.52135,32.03183],[75.52457,32.02277],[75.52886,32.02211],[75.53178,32.01724],[75.53261,32.01269],[75.5359,32.00753],[75.54254,32.00541],[75.54451,32.00074],[75.54353,31.99638],[75.53286,31.98498],[75.52719,31.98282],[75.52844,31.97857],[75.525,31.96924],[75.52094,31.96543],[75.51845,31.95673],[75.51831,31.95062],[75.51587,31.9439],[75.52118,31.94323],[75.52383,31.9405],[75.52343,31.92905],[75.52571,31.92689],[75.53783,31.92071],[75.54032,31.90073],[75.5383,31.89323],[75.53917,31.88674],[75.54286,31.88465],[75.54593,31.88145],[75.55069,31.87401],[75.55625,31.86375],[75.55835,31.856],[75.55637,31.85122],[75.55029,31.84225],[75.55028,31.83875],[75.55137,31.83547],[75.55089,31.82909],[75.55259,31.82633],[75.55643,31.82442],[75.55463,31.8083],[75.552,31.8035],[75.5515,31.79993],[75.55608,31.79605],[75.55925,31.7897],[75.56061,31.78597],[75.55925,31.78153],[75.55933,31.77907],[75.5546,31.7762],[75.53517,31.77554],[75.52383,31.77294],[75.52562,31.76043],[75.5247,31.75294],[75.52554,31.74789],[75.52257,31.73797],[75.5189,31.73558],[75.51234,31.72949],[75.50473,31.72149],[75.50263,31.7171],[75.49276,31.70833],[75.48352,31.70216],[75.48226,31.70053],[75.47923,31.69078],[75.47793,31.6806],[75.46922,31.67551],[75.46711,31.67319],[75.4708,31.67156],[75.46771,31.66608],[75.46224,31.65951],[75.46098,31.65202],[75.46174,31.65199],[75.45647,31.64665],[75.45407,31.63518],[75.41959,31.62791],[75.4159,31.63039],[75.41158,31.62761],[75.40743,31.62354],[75.40455,31.61793],[75.40573,31.61271],[75.40259,31.6128],[75.40161,31.606],[75.39965,31.59994],[75.39436,31.59627],[75.39112,31.59492],[75.37955,31.60242],[75.3774,31.60674],[75.37145,31.61441],[75.36432,31.61915],[75.36108,31.62422],[75.35652,31.62395],[75.34796,31.62663],[75.33689,31.63162],[75.33405,31.63507],[75.32945,31.63665],[75.32398,31.64104],[75.31995,31.63996],[75.31457,31.63544],[75.30777,31.64126],[75.29545,31.64873],[75.28708,31.65197],[75.2899,31.65932],[75.29514,31.66179],[75.29873,31.66878],[75.29457,31.67662],[75.28646,31.67608],[75.28469,31.6797],[75.27761,31.68146],[75.27396,31.67715],[75.27064,31.68166],[75.27255,31.6951],[75.27155,31.69775],[75.26821,31.69914],[75.26061,31.69525],[75.25149,31.69356],[75.24634,31.69438],[75.23761,31.69316],[75.23444,31.68746],[75.22861,31.68983],[75.22681,31.6831],[75.2223,31.68652],[75.21298,31.68545],[75.21075,31.69264],[75.20024,31.69532],[75.20322,31.70084],[75.1987,31.70535],[75.18914,31.70744],[75.17991,31.71213],[75.17967,31.71708],[75.18497,31.71804],[75.18915,31.72194],[75.18906,31.7277],[75.17927,31.73452],[75.17505,31.73568],[75.17682,31.74102],[75.17213,31.74213],[75.16716,31.74024],[75.1619,31.74774],[75.15532,31.74742],[75.15083,31.74519],[75.1375,31.74828],[75.13251,31.75388],[75.131,31.7579],[75.1275,31.75705],[75.12359,31.75385],[75.11998,31.7527],[75.11267,31.75306],[75.10606,31.75739],[75.10366,31.74997],[75.09731,31.75391],[75.09181,31.75536],[75.08468,31.76003],[75.0863,31.76687],[75.09227,31.76582],[75.09646,31.76817],[75.10036,31.77386],[75.09913,31.77955],[75.08908,31.78289],[75.08051,31.78974],[75.07294,31.79036],[75.06943,31.79447],[75.06676,31.8003],[75.06291,31.80553],[75.04163,31.80743],[75.03181,31.80231],[75.02496,31.80353],[75.02057,31.81023],[75.01633,31.80984],[75.01172,31.8132],[75.01308,31.81691],[75.01189,31.82246],[74.99863,31.81696],[74.99503,31.82392],[74.98463,31.82608],[74.97996,31.82719],[74.96957,31.83297],[74.9549,31.83341],[74.95328,31.84048],[74.95344,31.8453],[74.94974,31.85378],[74.93963,31.85828],[74.93137,31.86025],[74.93114,31.86473],[74.93256,31.87088],[74.92814,31.87203],[74.92405,31.86853],[74.91294,31.87673],[74.90385,31.88126],[74.90572,31.89346],[74.89734,31.89423],[74.89218,31.89605],[74.8913,31.90372],[74.87455,31.93172],[74.88139,31.93473],[74.88757,31.93269],[74.89588,31.93881],[74.9072,31.9431],[74.91537,31.93962],[74.91908,31.94095],[74.92655,31.94215],[74.92488,31.9467],[74.94427,31.95376],[74.95917,31.96067],[74.95838,31.96721],[74.95997,31.97574],[74.94721,31.97227],[74.93397,31.97061],[74.93541,31.96402],[74.92373,31.96239],[74.91596,31.96638],[74.9108,31.9724],[74.90115,31.97606],[74.90388,31.98483],[74.91366,31.999],[74.91807,32.00436],[74.9212,32.00372],[74.92346,32.00731],[74.91738,32.00855],[74.91885,32.01113],[74.92231,32.01202],[74.92218,32.0141],[74.92036,32.01653],[74.91709,32.01861],[74.91589,32.02576],[74.90975,32.04017],[74.90649,32.0439],[74.90426,32.04543],[74.89861,32.04932],[74.89803,32.04964],[74.89895,32.04988],[74.89972,32.05031],[74.90312,32.0571],[74.90421,32.05779],[74.9053,32.06036],[74.90686,32.06251],[74.91338,32.06493],[74.91426,32.06522],[74.92593,32.06565],[74.93874,32.06197],[74.93914,32.06186],[74.94335,32.05959],[74.9463,32.05939],[74.96032,32.05503],[74.96464,32.05178],[74.96614,32.05101],[74.9662,32.05061],[74.96667,32.04739],[74.96614,32.04704],[74.96404,32.04492],[74.96365,32.04403],[74.96378,32.04313],[74.96826,32.04202],[74.97039,32.04177],[74.97073,32.04217],[74.97224,32.04222],[74.97331,32.04198],[74.97721,32.04233],[74.98692,32.03503],[74.98742,32.03465],[74.99841,32.02867],[75.0,32.02869],[75.00345,32.02874],[75.00493,32.02876],[75.01061,32.0304],[75.02303,32.03905],[75.03099,32.04058],[75.04588,32.03923],[75.05085,32.04131],[75.06893,32.05838],[75.06902,32.05846],[75.07259,32.05959],[75.07446,32.05978],[75.07525,32.06047],[75.07603,32.06072],[75.08119,32.05624],[75.07742,32.06117],[75.07867,32.06158],[75.07919,32.06203],[75.08583,32.06289],[75.08624,32.06208],[75.09006,32.05996],[75.09216,32.05949],[75.09428,32.06087],[75.09483,32.06133],[75.09536,32.06651],[75.09747,32.07034],[75.09866,32.07122],[75.10806,32.07486],[75.10941,32.076],[75.11049,32.07664],[75.11353,32.08119],[75.11626,32.08281],[75.11785,32.08303],[75.12001,32.08317],[75.12321,32.08204],[75.12983,32.08068],[75.13142,32.08136],[75.13828,32.08294],[75.14181,32.0833],[75.14439,32.0829],[75.15192,32.08046],[75.15271,32.07911],[75.15338,32.07883],[75.1542,32.07594],[75.15481,32.07549],[75.15706,32.0723],[75.15758,32.07206],[75.15836,32.06846],[75.16285,32.06777],[75.16445,32.06797],[75.16671,32.07026],[75.16817,32.07138],[75.17164,32.07903],[75.1748,32.0813],[75.18092,32.08218],[75.18147,32.08197],[75.18359,32.08263],[75.18437,32.08307],[75.18514,32.08375],[75.18551,32.08716],[75.18517,32.09526],[75.18769,32.09931],[75.18917,32.1002],[75.19157,32.10065],[75.19315,32.1002],[75.1937,32.10065],[75.19321,32.11464],[75.19334,32.1153],[75.19532,32.11665],[75.199,32.11733],[75.2046,32.11599],[75.20503,32.11561],[75.21128,32.11876],[75.21204,32.11914],[75.22271,32.11253],[75.22496,32.1069],[75.2236,32.09107],[75.22776,32.08456],[75.23343,32.08436],[75.23917,32.08715],[75.27197,32.11275],[75.27481,32.11885],[75.27725,32.13524],[75.28326,32.14217],[75.28802,32.14443],[75.3094,32.15461],[75.31423,32.15919],[75.31779,32.17082],[75.31719,32.19281],[75.32285,32.20132],[75.33328,32.20472],[75.33308,32.20486],[75.31964,32.20824],[75.31358,32.2124],[75.3142,32.21491],[75.31494,32.21568],[75.3163,32.21708],[75.31774,32.21813],[75.32322,32.21889],[75.33005,32.21875],[75.33341,32.21911],[75.34016,32.2176],[75.34333,32.2185],[75.34438,32.21828],[75.34624,32.21804],[75.34969,32.21959],[75.35263,32.22275],[75.35794,32.22589],[75.35928,32.22704],[75.36048,32.23175],[75.36129,32.23221],[75.36278,32.23378],[75.36315,32.23468],[75.3637,32.23828],[75.36354,32.23919],[75.36251,32.23986],[75.36173,32.24033],[75.36041,32.24416],[75.35934,32.24485],[75.35831,32.24577],[75.35696,32.24895],[75.357,32.25186],[75.35864,32.2586],[75.35957,32.25951],[75.36315,32.26178],[75.36502,32.26244],[75.36598,32.26402],[75.3662,32.26502],[75.367,32.26875],[75.36416,32.27181],[75.36162,32.27393],[75.36108,32.27439],[75.36108,32.27485],[75.35632,32.27848],[75.35326,32.27816],[75.34939,32.28395],[75.33992,32.28857],[75.33623,32.29574],[75.33512,32.30076],[75.33433,32.30437],[75.33667,32.32259],[75.33042,32.33171],[75.32233,32.33733],[75.3244,32.34166],[75.3253,32.34284],[75.33178,32.3447],[75.34401,32.34021],[75.34527,32.33916],[75.35919,32.33492],[75.37347,32.33057],[75.37853,32.3288],[75.38596,32.32769],[75.39745,32.32625],[75.41499,32.32427],[75.43108,32.32649],[75.43258,32.32669],[75.44859,32.33132],[75.45179,32.33176],[75.45635,32.33352],[75.46661,32.33885],[75.47224,32.34005],[75.47353,32.3392],[75.46776,32.31756],[75.47142,32.31465],[75.47993,32.31035],[75.48476,32.31029],[75.49023,32.31021],[75.49112,32.30672],[75.49213,32.3028],[75.49002,32.28798],[75.49472,32.27691],[75.49895,32.27533],[75.50124,32.27605],[75.5045,32.27953],[75.5056,32.28134],[75.51582,32.29799],[75.52427,32.34005],[75.52921,32.34888],[75.54515,32.36082],[75.55732,32.36696],[75.567,32.37184],[75.59264,32.3817],[75.63698,32.38738],[75.64807,32.38881],[75.66274,32.39351],[75.68496,32.40062],[75.69823,32.40953],[75.71153,32.41816],[75.71535,32.42383],[75.71975,32.43032],[75.72515,32.43832],[75.72971,32.44506],[75.73532,32.45469],[75.74374,32.46911],[75.74506,32.47426],[75.74593,32.47635],[75.75296,32.47524],[75.77247,32.4751],[75.77887,32.47504],[75.79015,32.47879],[75.80434,32.48706],[75.8157,32.49922],[75.82358,32.50764],[75.82504,32.50922],[75.82893,32.51997],[75.83055,32.52451],[75.83784,32.53761],[75.85654,32.55842],[75.87177,32.57529],[75.87254,32.57619],[75.87545,32.57086],[75.8703,32.55877],[75.85637,32.53769],[75.85139,32.52131],[75.85097,32.50787],[75.85528,32.49958],[75.86877,32.48868]]]}},{"type":"Feature","properties":{"ID_0":105,"ISO":"IND","NAME_0":"India","ID_1":28,"NAME_1":"Punjab","ID_2":412,"NAME_2":"Hoshiarpur","NL_NAME_2":null,"VARNAME_2":null,"TYPE_2":"District","ENGTYPE_2":"District","STATE":"Punjab","DISTRICT":"Hoshiarpur"},"geometry":{"type":"Polygon","coordinates":[[[75.57876,32.08168],[75.59853,32.06601],[75.60956,32.06947],[75.62532,32.07267],[75.64005,32.07674],[75.64936,32.07717],[75.6731,32.06692],[75.68982,32.06153],[75.69228,32.05945],[75.70041,32.04359],[75.71049,32.03602],[75.72323,32.03617],[75.73398,32.03733],[75.73801,32.0358],[75.74004,32.03448],[75.74837,32.02716],[75.75381,32.01988],[75.76154,32.0139],[75.76645,32.00764],[75.7743,32.00079],[75.78429,31.99433],[75.79512,31.98858],[75.8056,31.98502],[75.81405,31.9834],[75.83637,31.98165],[75.84163,31.97362],[75.8513,31.97253],[75.8568,31.96946],[75.86617,31.96882],[75.86854,31.96691],[75.86972,31.96597],[75.87772,31.96198],[75.89455,31.9498],[75.89596,31.94026],[75.90276,31.92792],[75.91269,31.91658],[75.92617,31.88979],[75.93144,31.88383],[75.9384,31.86789],[75.94425,31.85752],[75.94973,31.8481],[75.95358,31.83995],[75.95576,31.83237],[75.96763,31.82351],[75.97092,31.81921],[75.97147,31.81455],[75.96698,31.81489],[75.96031,31.81848],[75.9529,31.82396],[75.94878,31.82314],[75.93607,31.81826],[75.93325,31.81502],[75.92933,31.81524],[75.92675,31.81644],[75.92183,31.81718],[75.92722,31.80515],[75.93301,31.79711],[75.93582,31.78975],[75.93645,31.78435],[75.94506,31.78128],[75.9519,31.76302],[75.95951,31.74954],[75.95975,31.7443],[75.95755,31.7405],[75.96101,31.73677],[75.96603,31.73346],[75.96937,31.71967],[75.97258,31.71515],[75.97737,31.705],[75.97579,31.69533],[75.98563,31.68539],[75.99066,31.68475],[75.99099,31.68575],[75.99215,31.68452],[75.9947,31.68155],[75.99742,31.676],[75.99736,31.66888],[76.00473,31.66303],[76.00392,31.65689],[76.00625,31.65143],[76.00275,31.64657],[76.0176,31.62167],[76.02319,31.61547],[76.0314,31.60946],[76.03671,31.6068],[76.03998,31.60846],[76.04403,31.60303],[76.04269,31.59588],[76.04316,31.59197],[76.05151,31.58179],[76.0649,31.56179],[76.06602,31.56052],[76.07159,31.55415],[76.07681,31.54596],[76.084,31.53718],[76.08896,31.52764],[76.09062,31.51899],[76.09455,31.51421],[76.1041,31.50231],[76.10816,31.49511],[76.10796,31.48221],[76.11472,31.47354],[76.11552,31.46544],[76.12128,31.46098],[76.12261,31.45373],[76.12824,31.44376],[76.13508,31.43751],[76.14346,31.43229],[76.14713,31.42561],[76.14707,31.41884],[76.1535,31.41401],[76.15675,31.40451],[76.15304,31.39725],[76.14713,31.3919],[76.13863,31.38686],[76.13409,31.38264],[76.13503,31.36176],[76.13961,31.35312],[76.14774,31.34815],[76.15807,31.34694],[76.16632,31.34146],[76.16608,31.32618],[76.16846,31.31412],[76.17283,31.30674],[76.1857,31.30466],[76.2064,31.30526],[76.21496,31.30764],[76.22319,31.31306],[76.24414,31.31371],[76.25562,31.31495],[76.26117,31.30583],[76.26841,31.3066],[76.27736,31.30993],[76.278,31.30237],[76.28056,31.29811],[76.28524,31.29531],[76.29448,31.29539],[76.29603,31.29201],[76.2969,31.28124],[76.29923,31.27763],[76.30507,31.2731],[76.31302,31.2696],[76.31811,31.26593],[76.32313,31.25397],[76.32647,31.24983],[76.33791,31.24095],[76.33349,31.23512],[76.32526,31.23286],[76.32171,31.22941],[76.31761,31.22765],[76.313,31.22454],[76.30962,31.22038],[76.30127,31.21646],[76.29499,31.21467],[76.27825,31.22464],[76.26944,31.23601],[76.26446,31.24026],[76.26039,31.24128],[76.24783,31.23803],[76.23306,31.24805],[76.22825,31.24731],[76.21668,31.22385],[76.21161,31.20815],[76.20743,31.20078],[76.19714,31.19764],[76.18545,31.19279],[76.18398,31.19031],[76.1842,31.18681],[76.19321,31.17264],[76.19421,31.16834],[76.18955,31.16356],[76.18642,31.15741],[76.19402,31.14922],[76.19512,31.14378],[76.1933,31.14031],[76.18127,31.13568],[76.17331,31.13627],[76.16906,31.13799],[76.15961,31.13817],[76.15669,31.14304],[76.14413,31.14673],[76.14472,31.15322],[76.14196,31.15645],[76.13528,31.15646],[76.1283,31.15103],[76.12541,31.15418],[76.11989,31.1702],[76.11231,31.16953],[76.10634,31.1702],[76.0986,31.17483],[76.09441,31.17866],[76.08958,31.18065],[76.08597,31.18639],[76.08161,31.19883],[76.07508,31.2015],[76.07786,31.20881],[76.07726,31.21627],[76.07597,31.22005],[76.07573,31.22682],[76.06904,31.22827],[76.06398,31.23112],[76.05209,31.22775],[76.05314,31.22059],[76.04804,31.21855],[76.03995,31.21893],[76.03621,31.21667],[76.03279,31.21976],[76.03719,31.22524],[76.04025,31.22676],[76.03982,31.22962],[76.03453,31.23451],[76.01746,31.2431],[76.01492,31.24859],[76.01534,31.25598],[76.01204,31.2611],[76.00755,31.25886],[75.99615,31.24654],[75.99027,31.24661],[75.98644,31.25019],[75.98051,31.25784],[75.98147,31.26184],[75.95856,31.25592],[75.95546,31.25933],[75.94899,31.25772],[75.94055,31.25794],[75.94141,31.26135],[75.94048,31.26613],[75.93554,31.2679],[75.93132,31.27503],[75.92524,31.27582],[75.92085,31.27355],[75.91765,31.2709],[75.91396,31.27342],[75.9118,31.27726],[75.90643,31.2804],[75.89939,31.28002],[75.88782,31.28284],[75.87845,31.27762],[75.875,31.27834],[75.87364,31.28616],[75.87154,31.28868],[75.87129,31.29316],[75.86658,31.29395],[75.86404,31.28818],[75.85334,31.28427],[75.85216,31.29192],[75.84641,31.29205],[75.84237,31.29393],[75.84069,31.29749],[75.84308,31.30135],[75.84962,31.30737],[75.85471,31.31413],[75.85326,31.32033],[75.86314,31.32987],[75.8643,31.32851],[75.86372,31.32579],[75.86541,31.32385],[75.86726,31.32392],[75.86887,31.33043],[75.87158,31.33308],[75.87244,31.33694],[75.87548,31.33868],[75.88041,31.33964],[75.89256,31.33946],[75.89462,31.34759],[75.89053,31.34642],[75.88286,31.34205],[75.87768,31.3433],[75.87585,31.34922],[75.8649,31.35786],[75.86131,31.3565],[75.85732,31.35699],[75.84463,31.35303],[75.8434,31.3558],[75.84157,31.36663],[75.83804,31.37069],[75.83218,31.37414],[75.82494,31.37334],[75.81882,31.37362],[75.81973,31.36809],[75.81759,31.36316],[75.80949,31.3607],[75.80333,31.36312],[75.79799,31.3723],[75.79398,31.37193],[75.79077,31.37564],[75.7868,31.37563],[75.78088,31.37222],[75.77473,31.3716],[75.77113,31.3776],[75.76964,31.38331],[75.77029,31.38537],[75.79179,31.39387],[75.79678,31.40298],[75.80651,31.40583],[75.80922,31.40731],[75.80866,31.41065],[75.80515,31.41511],[75.80207,31.42388],[75.80686,31.42695],[75.80511,31.43024],[75.79715,31.43681],[75.79247,31.44214],[75.78968,31.4486],[75.78761,31.45638],[75.78449,31.457],[75.78081,31.45156],[75.77635,31.45165],[75.76818,31.46898],[75.76488,31.47431],[75.75941,31.47538],[75.75661,31.47523],[75.75377,31.47916],[75.74814,31.47858],[75.74625,31.47739],[75.73841,31.48682],[75.73532,31.48669],[75.72877,31.49426],[75.72678,31.49468],[75.72253,31.49892],[75.7251,31.50523],[75.72151,31.50853],[75.72005,31.51424],[75.71676,31.51909],[75.71353,31.51826],[75.71195,31.52105],[75.70802,31.52153],[75.70355,31.52329],[75.70218,31.52664],[75.69803,31.53185],[75.69064,31.52989],[75.68674,31.5401],[75.69123,31.54265],[75.69231,31.54799],[75.69115,31.55209],[75.68905,31.55682],[75.68021,31.55683],[75.68032,31.56062],[75.67455,31.57154],[75.67023,31.57439],[75.66763,31.58068],[75.67026,31.58308],[75.66896,31.58614],[75.66815,31.59346],[75.66178,31.59507],[75.65609,31.59842],[75.65878,31.60384],[75.65694,31.6085],[75.65334,31.60846],[75.6478,31.6067],[75.63676,31.60726],[75.6338,31.61052],[75.63196,31.61545],[75.63008,31.61698],[75.62693,31.61794],[75.62481,31.61735],[75.6265,31.61276],[75.62296,31.61337],[75.61987,31.61518],[75.61504,31.60917],[75.60967,31.60563],[75.60419,31.60644],[75.59544,31.61185],[75.58949,31.61341],[75.58524,31.61216],[75.58109,31.60571],[75.5624,31.61038],[75.5608,31.61836],[75.55879,31.61776],[75.55753,31.61125],[75.55476,31.61215],[75.55445,31.61714],[75.55623,31.62143],[75.55602,31.62861],[75.55901,31.6371],[75.55672,31.63898],[75.54929,31.64081],[75.54273,31.64134],[75.54231,31.6388],[75.53757,31.63548],[75.53423,31.63741],[75.5344,31.64155],[75.53117,31.64941],[75.52787,31.65174],[75.51914,31.65063],[75.51762,31.64791],[75.51799,31.64412],[75.51688,31.6402],[75.51819,31.63711],[75.51685,31.63618],[75.5116,31.63544],[75.51217,31.63763],[75.51094,31.64004],[75.50852,31.64214],[75.50097,31.64196],[75.49727,31.64447],[75.48826,31.64387],[75.48431,31.64269],[75.47443,31.64928],[75.46932,31.65165],[75.46174,31.65199],[75.46098,31.65202],[75.46224,31.65951],[75.46771,31.66608],[75.4708,31.67156],[75.46711,31.67319],[75.46922,31.67551],[75.47793,31.6806],[75.47923,31.69078],[75.48226,31.70053],[75.48352,31.70216],[75.49276,31.70833],[75.50263,31.7171],[75.50473,31.72149],[75.51234,31.72949],[75.5189,31.73558],[75.52257,31.73797],[75.52554,31.74789],[75.5247,31.75294],[75.52562,31.76043],[75.52383,31.77294],[75.53517,31.77554],[75.5546,31.7762],[75.55933,31.77907],[75.55925,31.78153],[75.56061,31.78597],[75.55925,31.7897],[75.55608,31.79605],[75.5515,31.79993],[75.552,31.8035],[75.55463,31.8083],[75.55643,31.82442],[75.55259,31.82633],[75.55089,31.82909],[75.55137,31.83547],[75.55028,31.83875],[75.55029,31.84225],[75.55637,31.85122],[75.55835,31.856],[75.55625,31.86375],[75.55069,31.87401],[75.54593,31.88145],[75.54286,31.88465],[75.53917,31.88674],[75.5383,31.89323],[75.54032,31.90073],[75.53783,31.92071],[75.52571,31.92689],[75.52343,31.92905],[75.52383,31.9405],[75.52118,31.94323],[75.51587,31.9439],[75.51831,31.95062],[75.51845,31.95673],[75.52094,31.96543],[75.525,31.96924],[75.52844,31.97857],[75.52719,31.98282],[75.53286,31.98498],[75.54353,31.99638],[75.54451,32.00074],[75.54254,32.00541],[75.5359,32.00753],[75.53261,32.01269],[75.53178,32.01724],[75.52886,32.02211],[75.52457,32.02277],[75.52135,32.03183],[75.52483,32.03508],[75.53336,32.03374],[75.54351,32.03392],[75.54715,32.03637],[75.55373,32.05063],[75.55654,32.06017],[75.56272,32.07393],[75.5728,32.07883],[75.57876,32.08168]]]}},{"type":"Feature","properties":{"ID_0":105,"ISO":"IND","NAME_0":"India","ID_1":28,"NAME_1":"Punjab","ID_2":413,"NAME_2":"Jalandhar","NL_NAME_2":null,"VARNAME_2":"Jullundur","TYPE_2":"District","ENGTYPE_2":"District","STATE":"Punjab","DISTRICT":"Jalandhar"},"geometry":{"type":"Polygon","coordinates":[[[75.63196,31.61545],[75.6338,31.61052],[75.63676,31.60726],[75.6478,31.6067],[75.65334,31.60846],[75.65694,31.6085],[75.65878,31.60384],[75.65609,31.59842],[75.66178,31.59507],[75.66815,31.59346],[75.66896,31.58614],[75.67026,31.58308],[75.66763,31.58068],[75.67023,31.57439],[75.67455,31.57154],[75.68032,31.56062],[75.68021,31.55683],[75.68905,31.55682],[75.69115,31.55209],[75.69231,31.54799],[75.69123,31.54265],[75.68674,31.5401],[75.69064,31.52989],[75.69803,31.53185],[75.70218,31.52664],[75.70355,31.52329],[75.70802,31.52153],[75.71195,31.52105],[75.71353,31.51826],[75.71676,31.51909],[75.72005,31.51424],[75.72151,31.50853],[75.7251,31.50523],[75.72253,31.49892],[75.72678,31.49468],[75.72877,31.49426],[75.73532,31.48669],[75.73841,31.48682],[75.74625,31.47739],[75.74814,31.47858],[75.75377,31.47916],[75.75661,31.47523],[75.75941,31.47538],[75.76488,31.47431],[75.76818,31.46898],[75.77635,31.45165],[75.78081,31.45156],[75.78449,31.457],[75.78761,31.45638],[75.78968,31.4486],[75.79247,31.44214],[75.79715,31.43681],[75.80511,31.43024],[75.80686,31.42695],[75.80207,31.42388],[75.80515,31.41511],[75.80866,31.41065],[75.80922,31.40731],[75.80651,31.40583],[75.79678,31.40298],[75.79179,31.39387],[75.77029,31.38537],[75.76964,31.38331],[75.77113,31.3776],[75.77473,31.3716],[75.77405,31.3648],[75.76092,31.35627],[75.75537,31.35648],[75.7522,31.35391],[75.74931,31.34833],[75.74948,31.34315],[75.74698,31.33944],[75.74596,31.33191],[75.74278,31.3301],[75.73518,31.3312],[75.73174,31.32893],[75.72602,31.327],[75.72519,31.33108],[75.7231,31.33447],[75.71954,31.33806],[75.71805,31.34203],[75.71517,31.34522],[75.70961,31.34811],[75.70316,31.34859],[75.6984,31.35047],[75.68729,31.34878],[75.69112,31.34507],[75.69832,31.33522],[75.70469,31.32979],[75.70953,31.32396],[75.70671,31.3175],[75.70231,31.31845],[75.67279,31.32084],[75.67032,31.31415],[75.67263,31.30864],[75.67779,31.30414],[75.68361,31.30088],[75.68928,31.29012],[75.68635,31.28981],[75.68431,31.28732],[75.67999,31.28856],[75.67127,31.2935],[75.66541,31.2957],[75.66564,31.29196],[75.66214,31.28912],[75.66263,31.28659],[75.66061,31.2726],[75.66724,31.26764],[75.66415,31.26004],[75.66606,31.25584],[75.66071,31.25363],[75.6599,31.25201],[75.66561,31.24711],[75.65927,31.24735],[75.65813,31.2421],[75.65881,31.23975],[75.66231,31.2354],[75.67023,31.23378],[75.67957,31.23868],[75.68343,31.2478],[75.68649,31.24879],[75.69225,31.24182],[75.6991,31.22414],[75.69644,31.21752],[75.69198,31.21795],[75.68729,31.21429],[75.6789,31.21377],[75.677,31.20319],[75.67417,31.19866],[75.68441,31.19012],[75.68453,31.18426],[75.68338,31.17803],[75.68885,31.17393],[75.68969,31.17043],[75.69363,31.16792],[75.70859,31.16629],[75.71329,31.16844],[75.7249,31.16496],[75.73086,31.1658],[75.74104,31.16426],[75.74808,31.16563],[75.75229,31.16307],[75.75841,31.16263],[75.76575,31.1674],[75.76501,31.17907],[75.76325,31.1847],[75.76413,31.19103],[75.76733,31.19767],[75.77457,31.2003],[75.79408,31.1946],[75.79834,31.19104],[75.80684,31.19231],[75.81443,31.18723],[75.82215,31.1857],[75.82851,31.18643],[75.83449,31.18573],[75.83969,31.18357],[75.84005,31.17748],[75.84702,31.17578],[75.85377,31.17105],[75.85755,31.16659],[75.86234,31.16414],[75.8689,31.16763],[75.8737,31.16851],[75.8709,31.1536],[75.87767,31.15029],[75.88004,31.15813],[75.88635,31.1573],[75.88538,31.14942],[75.8868,31.14206],[75.88716,31.13418],[75.8991,31.11238],[75.90417,31.10901],[75.90068,31.1041],[75.8991,31.10001],[75.91439,31.09577],[75.91709,31.08019],[75.91949,31.07813],[75.91803,31.07013],[75.91941,31.06542],[75.92793,31.06316],[75.93128,31.0607],[75.92928,31.05592],[75.93503,31.0345],[75.93995,31.02346],[75.9441,31.02137],[75.93944,31.0119],[75.92899,31.01036],[75.92072,31.01279],[75.90428,31.02139],[75.8959,31.02079],[75.88757,31.01792],[75.88503,31.0144],[75.88548,31.00904],[75.88283,31.00794],[75.88007,31.0101],[75.87383,31.00956],[75.87042,31.01167],[75.85813,31.01259],[75.8544,31.00889],[75.84664,31.00798],[75.83278,31.01243],[75.81454,31.00646],[75.81273,31.00273],[75.79361,30.99659],[75.7863,30.99596],[75.77971,30.99702],[75.77244,30.99923],[75.76911,31.00274],[75.7658,31.00482],[75.76422,31.00645],[75.75816,31.00581],[75.75839,31.0123],[75.74895,31.01259],[75.74694,31.01689],[75.72513,31.01313],[75.72311,31.00765],[75.71783,31.00613],[75.70544,31.00688],[75.7057,31.00271],[75.69423,31.00078],[75.68948,30.99677],[75.68716,30.99689],[75.67844,30.99519],[75.66786,30.99207],[75.66123,30.98746],[75.6506,30.98627],[75.64534,30.98445],[75.64016,30.98396],[75.6311,30.98305],[75.6194,30.97798],[75.60165,30.97558],[75.59804,30.97263],[75.58988,30.97057],[75.5835,30.9708],[75.57859,30.9738],[75.57117,30.97291],[75.56863,30.9754],[75.56181,30.97935],[75.55096,30.98001],[75.54959,30.97777],[75.53647,30.97639],[75.52645,30.97428],[75.50603,30.97364],[75.49763,30.97546],[75.48177,30.97199],[75.46268,30.97826],[75.45252,30.98044],[75.44027,30.98136],[75.42876,30.98362],[75.41566,30.98277],[75.40857,30.98786],[75.39713,30.98071],[75.37821,30.987],[75.35919,30.98995],[75.34286,30.99002],[75.29439,31.00172],[75.29359,31.00458],[75.29663,31.01634],[75.29204,31.01703],[75.28474,31.01558],[75.28185,31.02482],[75.28255,31.03499],[75.27043,31.04308],[75.26488,31.03987],[75.26023,31.04022],[75.25659,31.04438],[75.2448,31.04609],[75.23685,31.04608],[75.23645,31.04416],[75.22859,31.04695],[75.22649,31.04964],[75.22575,31.05467],[75.22368,31.05794],[75.22006,31.05893],[75.2169,31.06642],[75.20443,31.06537],[75.20306,31.06823],[75.2007,31.06763],[75.19865,31.06949],[75.18939,31.0721],[75.18627,31.07217],[75.18582,31.07631],[75.18198,31.07999],[75.17648,31.0789],[75.17148,31.07896],[75.16747,31.08122],[75.16218,31.07967],[75.16063,31.08235],[75.16506,31.0824],[75.1659,31.08511],[75.15915,31.08785],[75.15833,31.09434],[75.15482,31.09459],[75.15202,31.08955],[75.14142,31.08253],[75.13602,31.08839],[75.12985,31.08982],[75.12343,31.08947],[75.11983,31.09238],[75.12008,31.0975],[75.11632,31.09718],[75.1124,31.09685],[75.10453,31.09321],[75.10062,31.0926],[75.09549,31.09526],[75.09406,31.10189],[75.0901,31.10158],[75.09229,31.10536],[75.09546,31.11695],[75.08716,31.11872],[75.07095,31.125],[75.06712,31.1235],[75.06266,31.12444],[75.06042,31.12766],[75.06174,31.13428],[75.06148,31.14468],[75.0686,31.15305],[75.07275,31.15154],[75.0761,31.15169],[75.07883,31.15049],[75.09222,31.15119],[75.10201,31.15772],[75.10725,31.15773],[75.11209,31.16737],[75.11764,31.1697],[75.13126,31.16888],[75.13418,31.1661],[75.14552,31.16737],[75.15359,31.1656],[75.1651,31.16527],[75.17525,31.1675],[75.17584,31.17292],[75.17838,31.17743],[75.18256,31.18249],[75.19057,31.18574],[75.19987,31.18609],[75.20747,31.18065],[75.21297,31.17495],[75.21618,31.16861],[75.21656,31.15607],[75.22057,31.15371],[75.22768,31.15339],[75.24146,31.15428],[75.25159,31.15031],[75.25738,31.14917],[75.25959,31.15051],[75.26282,31.15624],[75.2635,31.1605],[75.25996,31.16196],[75.25971,31.16575],[75.2626,31.16941],[75.25972,31.17426],[75.25988,31.17944],[75.26383,31.18811],[75.2737,31.18575],[75.27834,31.18793],[75.28133,31.19428],[75.28635,31.1948],[75.28966,31.20743],[75.2935,31.20735],[75.29576,31.2091],[75.30635,31.20824],[75.3108,31.20995],[75.3123,31.21324],[75.31589,31.2173],[75.32274,31.21807],[75.32593,31.2223],[75.32695,31.22611],[75.32967,31.22701],[75.32951,31.22902],[75.33337,31.2332],[75.35341,31.22707],[75.35349,31.23075],[75.35147,31.23338],[75.35049,31.23739],[75.3553,31.24078],[75.35971,31.23914],[75.3607,31.23542],[75.37075,31.23448],[75.37202,31.23938],[75.37907,31.24676],[75.38618,31.24728],[75.39202,31.24877],[75.39528,31.2472],[75.40095,31.2476],[75.40516,31.24976],[75.41016,31.25003],[75.41199,31.24695],[75.40836,31.24295],[75.40962,31.23887],[75.41252,31.23643],[75.41222,31.23217],[75.41304,31.22987],[75.42175,31.231],[75.42217,31.23508],[75.4249,31.24022],[75.42899,31.24365],[75.43371,31.24386],[75.44054,31.23943],[75.44196,31.23744],[75.44907,31.23918],[75.47804,31.27227],[75.45969,31.2798],[75.4424,31.28597],[75.44693,31.29866],[75.44735,31.30379],[75.43764,31.31599],[75.45716,31.32261],[75.47624,31.32408],[75.48019,31.32901],[75.48636,31.34674],[75.48929,31.36854],[75.48714,31.37124],[75.47849,31.36658],[75.46902,31.36713],[75.46255,31.37527],[75.49722,31.37844],[75.50061,31.39117],[75.47779,31.40282],[75.47465,31.39267],[75.46242,31.38821],[75.43878,31.38958],[75.43349,31.39764],[75.44278,31.41003],[75.428,31.41863],[75.43015,31.43014],[75.43913,31.43867],[75.44718,31.43561],[75.44976,31.43804],[75.44138,31.45218],[75.4535,31.45044],[75.45972,31.45119],[75.45711,31.45693],[75.43956,31.4814],[75.43219,31.49186],[75.43298,31.50186],[75.44765,31.50548],[75.46799,31.50318],[75.46883,31.5009],[75.47264,31.49734],[75.48286,31.49674],[75.48913,31.48521],[75.5067,31.47412],[75.51336,31.48045],[75.50386,31.48993],[75.51249,31.49501],[75.50932,31.50636],[75.51018,31.51747],[75.50829,31.53209],[75.52269,31.53235],[75.52642,31.52768],[75.53598,31.53158],[75.53635,31.53602],[75.52803,31.5477],[75.52123,31.55256],[75.52467,31.55682],[75.53294,31.55744],[75.54391,31.55346],[75.54764,31.54876],[75.55505,31.55168],[75.56862,31.55425],[75.56684,31.55769],[75.56877,31.56873],[75.57219,31.573],[75.58615,31.56771],[75.58846,31.57092],[75.59005,31.57755],[75.59106,31.57746],[75.5836,31.58684],[75.58525,31.59455],[75.58109,31.60571],[75.58524,31.61216],[75.58949,31.61341],[75.59544,31.61185],[75.60419,31.60644],[75.60967,31.60563],[75.61504,31.60917],[75.61987,31.61518],[75.62296,31.61337],[75.6265,31.61276],[75.62481,31.61735],[75.62693,31.61794],[75.63008,31.61698],[75.63196,31.61545]]]}},{"type":"Feature","properties":{"ID_0":105,"ISO":"IND","NAME_0":"India","ID_1":28,"NAME_1":"Punjab","ID_2":414,"NAME_2":"Kapurthala","NL_NAME_2":null,"VARNAME_2":null,"TYPE_2":"District","ENGTYPE_2":"District","STATE":"Punjab","DISTRICT":"Kapurthala"},"geometry":{"type":"MultiPolygon","coordinates":[[[[75.79077,31.37564],[75.79398,31.37193],[75.79799,31.3723],[75.80333,31.36312],[75.80949,31.3607],[75.81759,31.36316],[75.81973,31.36809],[75.81882,31.37362],[75.82494,31.37334],[75.83218,31.37414],[75.83804,31.37069],[75.84157,31.36663],[75.8434,31.3558],[75.84463,31.35303],[75.85732,31.35699],[75.86131,31.3565],[75.8649,31.35786],[75.87585,31.34922],[75.87768,31.3433],[75.88286,31.34205],[75.89053,31.34642],[75.89462,31.34759],[75.89256,31.33946],[75.88041,31.33964],[75.87548,31.33868],[75.87244,31.33694],[75.87158,31.33308],[75.86887,31.33043],[75.86726,31.32392],[75.86541,31.32385],[75.86372,31.32579],[75.8643,31.32851],[75.86314,31.32987],[75.85326,31.32033],[75.85471,31.31413],[75.84962,31.30737],[75.84308,31.30135],[75.84069,31.29749],[75.84237,31.29393],[75.84641,31.29205],[75.85216,31.29192],[75.85334,31.28427],[75.86404,31.28818],[75.86658,31.29395],[75.87129,31.29316],[75.87154,31.28868],[75.87364,31.28616],[75.875,31.27834],[75.87845,31.27762],[75.88304,31.27166],[75.88454,31.26832],[75.89398,31.26756],[75.89722,31.26437],[75.89214,31.25979],[75.88855,31.25782],[75.87816,31.25708],[75.87505,31.25171],[75.86903,31.24979],[75.8619,31.2456],[75.85659,31.24731],[75.85813,31.25173],[75.8578,31.26111],[75.8617,31.26331],[75.8623,31.26918],[75.85835,31.27567],[75.85351,31.27801],[75.84829,31.27826],[75.84207,31.28115],[75.84055,31.28506],[75.82861,31.28546],[75.82645,31.27882],[75.83256,31.26472],[75.8383,31.26124],[75.83921,31.2548],[75.8419,31.24981],[75.84491,31.24695],[75.84425,31.23681],[75.84067,31.23537],[75.83707,31.23672],[75.83065,31.23353],[75.81567,31.2293],[75.81036,31.22461],[75.79874,31.22384],[75.79166,31.22092],[75.78409,31.21623],[75.78118,31.21201],[75.77166,31.20637],[75.77457,31.2003],[75.76733,31.19767],[75.76413,31.19103],[75.76325,31.1847],[75.76501,31.17907],[75.76575,31.1674],[75.75841,31.16263],[75.75229,31.16307],[75.74808,31.16563],[75.74104,31.16426],[75.73086,31.1658],[75.7249,31.16496],[75.71329,31.16844],[75.70859,31.16629],[75.69363,31.16792],[75.68969,31.17043],[75.68885,31.17393],[75.68338,31.17803],[75.68453,31.18426],[75.68441,31.19012],[75.67417,31.19866],[75.677,31.20319],[75.6789,31.21377],[75.68729,31.21429],[75.69198,31.21795],[75.69644,31.21752],[75.6991,31.22414],[75.69225,31.24182],[75.68649,31.24879],[75.68343,31.2478],[75.67957,31.23868],[75.67023,31.23378],[75.66231,31.2354],[75.65881,31.23975],[75.65813,31.2421],[75.65927,31.24735],[75.66561,31.24711],[75.6599,31.25201],[75.66071,31.25363],[75.66606,31.25584],[75.66415,31.26004],[75.66724,31.26764],[75.66061,31.2726],[75.66263,31.28659],[75.66214,31.28912],[75.66564,31.29196],[75.66541,31.2957],[75.67127,31.2935],[75.67999,31.28856],[75.68431,31.28732],[75.68635,31.28981],[75.68928,31.29012],[75.68361,31.30088],[75.67779,31.30414],[75.67263,31.30864],[75.67032,31.31415],[75.67279,31.32084],[75.70231,31.31845],[75.70671,31.3175],[75.70953,31.32396],[75.70469,31.32979],[75.69832,31.33522],[75.69112,31.34507],[75.68729,31.34878],[75.6984,31.35047],[75.70316,31.34859],[75.70961,31.34811],[75.71517,31.34522],[75.71805,31.34203],[75.71954,31.33806],[75.7231,31.33447],[75.72519,31.33108],[75.72602,31.327],[75.73174,31.32893],[75.73518,31.3312],[75.74278,31.3301],[75.74596,31.33191],[75.74698,31.33944],[75.74948,31.34315],[75.74931,31.34833],[75.7522,31.35391],[75.75537,31.35648],[75.76092,31.35627],[75.77405,31.3648],[75.77473,31.3716],[75.78088,31.37222],[75.7868,31.37563],[75.79077,31.37564]]],[[[75.47443,31.64928],[75.48431,31.64269],[75.48826,31.64387],[75.49727,31.64447],[75.50097,31.64196],[75.50852,31.64214],[75.51094,31.64004],[75.51217,31.63763],[75.5116,31.63544],[75.51685,31.63618],[75.51819,31.63711],[75.51688,31.6402],[75.51799,31.64412],[75.51762,31.64791],[75.51914,31.65063],[75.52787,31.65174],[75.53117,31.64941],[75.5344,31.64155],[75.53423,31.63741],[75.53757,31.63548],[75.54231,31.6388],[75.54273,31.64134],[75.54929,31.64081],[75.55672,31.63898],[75.55901,31.6371],[75.55602,31.62861],[75.55623,31.62143],[75.55445,31.61714],[75.55476,31.61215],[75.55753,31.61125],[75.55879,31.61776],[75.5608,31.61836],[75.5624,31.61038],[75.58109,31.60571],[75.58525,31.59455],[75.5836,31.58684],[75.59106,31.57746],[75.59005,31.57755],[75.58846,31.57092],[75.58615,31.56771],[75.57219,31.573],[75.56877,31.56873],[75.56684,31.55769],[75.56862,31.55425],[75.55505,31.55168],[75.54764,31.54876],[75.54391,31.55346],[75.53294,31.55744],[75.52467,31.55682],[75.52123,31.55256],[75.52803,31.5477],[75.53635,31.53602],[75.53598,31.53158],[75.52642,31.52768],[75.52269,31.53235],[75.50829,31.53209],[75.51018,31.51747],[75.50932,31.50636],[75.51249,31.49501],[75.50386,31.48993],[75.51336,31.48045],[75.5067,31.47412],[75.48913,31.48521],[75.48286,31.49674],[75.47264,31.49734],[75.46883,31.5009],[75.46799,31.50318],[75.44765,31.50548],[75.43298,31.50186],[75.43219,31.49186],[75.43956,31.4814],[75.45711,31.45693],[75.45972,31.45119],[75.4535,31.45044],[75.44138,31.45218],[75.44976,31.43804],[75.44718,31.43561],[75.43913,31.43867],[75.43015,31.43014],[75.428,31.41863],[75.44278,31.41003],[75.43349,31.39764],[75.43878,31.38958],[75.46242,31.38821],[75.47465,31.39267],[75.47779,31.40282],[75.50061,31.39117],[75.49722,31.37844],[75.46255,31.37527],[75.46902,31.36713],[75.47849,31.36658],[75.48714,31.37124],[75.48929,31.36854],[75.48636,31.34674],[75.48019,31.32901],[75.47624,31.32408],[75.45716,31.32261],[75.43764,31.31599],[75.44735,31.30379],[75.44693,31.29866],[75.4424,31.28597],[75.45969,31.2798],[75.47804,31.27227],[75.44907,31.23918],[75.44196,31.23744],[75.44054,31.23943],[75.43371,31.24386],[75.42899,31.24365],[75.4249,31.24022],[75.42217,31.23508],[75.42175,31.231],[75.41304,31.22987],[75.41222,31.23217],[75.41252,31.23643],[75.40962,31.23887],[75.40836,31.24295],[75.41199,31.24695],[75.41016,31.25003],[75.40516,31.24976],[75.40095,31.2476],[75.39528,31.2472],[75.39202,31.24877],[75.38618,31.24728],[75.37907,31.24676],[75.37202,31.23938],[75.37075,31.23448],[75.3607,31.23542],[75.35971,31.23914],[75.3553,31.24078],[75.35049,31.23739],[75.35147,31.23338],[75.35349,31.23075],[75.35341,31.22707],[75.33337,31.2332],[75.32951,31.22902],[75.32967,31.22701],[75.32695,31.22611],[75.32593,31.2223],[75.32274,31.21807],[75.31589,31.2173],[75.3123,31.21324],[75.3108,31.20995],[75.30635,31.20824],[75.29576,31.2091],[75.2935,31.20735],[75.28966,31.20743],[75.28635,31.1948],[75.28133,31.19428],[75.27834,31.18793],[75.2737,31.18575],[75.26383,31.18811],[75.25988,31.17944],[75.25972,31.17426],[75.2626,31.16941],[75.25971,31.16575],[75.25996,31.16196],[75.2635,31.1605],[75.26282,31.15624],[75.25959,31.15051],[75.25738,31.14917],[75.25159,31.15031],[75.24146,31.15428],[75.22768,31.15339],[75.22057,31.15371],[75.21656,31.15607],[75.21618,31.16861],[75.21297,31.17495],[75.20747,31.18065],[75.19987,31.18609],[75.19057,31.18574],[75.18256,31.18249],[75.17838,31.17743],[75.17584,31.17292],[75.17525,31.1675],[75.1651,31.16527],[75.15359,31.1656],[75.14552,31.16737],[75.13418,31.1661],[75.13126,31.16888],[75.11764,31.1697],[75.11209,31.16737],[75.10725,31.15773],[75.10201,31.15772],[75.09222,31.15119],[75.07883,31.15049],[75.0761,31.15169],[75.07275,31.15154],[75.0686,31.15305],[75.06148,31.14468],[75.05467,31.14687],[75.04645,31.15302],[75.04093,31.1525],[75.03723,31.15327],[75.03849,31.1576],[75.03793,31.15957],[75.03197,31.1614],[75.0265,31.16202],[75.02421,31.15969],[75.02332,31.15727],[75.01168,31.15667],[75.01056,31.1482],[75.00424,31.14995],[75.00317,31.14612],[74.99583,31.14595],[74.99491,31.14491],[75.0014,31.13451],[75.00212,31.12841],[74.99942,31.1227],[74.99582,31.12001],[74.99274,31.12149],[74.9883,31.12611],[74.98599,31.12449],[74.97178,31.13602],[74.93668,31.14985],[74.95745,31.154],[74.97655,31.15914],[74.9842,31.16642],[74.9859,31.17118],[74.99435,31.17313],[74.99968,31.17306],[75.00958,31.18029],[75.02263,31.18786],[75.03812,31.19209],[75.04144,31.1978],[75.03954,31.19959],[75.0399,31.20252],[75.04416,31.20777],[75.04897,31.2112],[75.05054,31.21714],[75.05036,31.22491],[75.04566,31.22472],[75.0575,31.23837],[75.06853,31.24818],[75.06875,31.2559],[75.06799,31.26118],[75.07093,31.26657],[75.06911,31.26765],[75.07132,31.27256],[75.07685,31.27499],[75.08504,31.2763],[75.09098,31.27845],[75.08086,31.28384],[75.08643,31.29479],[75.09785,31.31029],[75.0951,31.31646],[75.10273,31.31886],[75.10744,31.31955],[75.12074,31.31138],[75.13332,31.32223],[75.13118,31.33135],[75.13301,31.33447],[75.15397,31.35637],[75.15958,31.36344],[75.15055,31.36115],[75.14725,31.36404],[75.15041,31.38186],[75.15299,31.3816],[75.15738,31.37878],[75.17039,31.3965],[75.16856,31.39906],[75.16859,31.40091],[75.1709,31.40351],[75.1765,31.40796],[75.1796,31.40557],[75.18162,31.40858],[75.17925,31.41201],[75.17574,31.41439],[75.17429,31.41817],[75.17876,31.43207],[75.18193,31.43587],[75.19003,31.43847],[75.19737,31.43815],[75.20337,31.4235],[75.21416,31.4243],[75.21732,31.44309],[75.22401,31.46082],[75.22933,31.45731],[75.23299,31.45631],[75.23686,31.4632],[75.24902,31.4765],[75.25907,31.48236],[75.26627,31.48341],[75.27042,31.48282],[75.27222,31.48347],[75.28484,31.50351],[75.30587,31.52932],[75.30503,31.53282],[75.30668,31.53513],[75.3055,31.53978],[75.32243,31.55232],[75.32811,31.55767],[75.33144,31.55712],[75.36195,31.58014],[75.3671,31.5818],[75.37475,31.58263],[75.38091,31.58182],[75.38497,31.58243],[75.38724,31.58925],[75.39112,31.59492],[75.39436,31.59627],[75.39965,31.59994],[75.40161,31.606],[75.40259,31.6128],[75.40573,31.61271],[75.40455,31.61793],[75.40743,31.62354],[75.41158,31.62761],[75.4159,31.63039],[75.41959,31.62791],[75.45407,31.63518],[75.45647,31.64665],[75.46174,31.65199],[75.46932,31.65165],[75.47443,31.64928]]]]}},{"type":"Feature","properties":{"ID_0":105,"ISO":"IND","NAME_0":"India","ID_1":28,"NAME_1":"Punjab","ID_2":415,"NAME_2":"Ludhiana","NL_NAME_2":null,"VARNAME_2":null,"TYPE_2":"District","ENGTYPE_2":"District","STATE":"Punjab","DISTRICT":"Ludhiana"},"geometry":{"type":"Polygon","coordinates":[[[75.92072,31.01279],[75.92899,31.01036],[75.93944,31.0119],[75.9441,31.02137],[75.94536,31.02102],[75.95707,31.0179],[75.96962,31.01367],[75.97839,31.01246],[75.97975,31.00707],[75.97778,31.00257],[75.98213,30.9972],[75.98695,30.99131],[75.99411,30.99815],[76.00259,30.99713],[76.02449,30.99854],[76.0349,30.99816],[76.04325,30.99972],[76.06396,30.99791],[76.07389,30.99614],[76.08234,30.99316],[76.08601,30.99057],[76.08959,30.98964],[76.10101,30.99021],[76.12163,30.98896],[76.12791,30.98986],[76.13663,30.99326],[76.15265,30.99586],[76.16239,30.99944],[76.16711,30.99632],[76.17236,30.99536],[76.1743,30.99905],[76.17057,31.00322],[76.18021,31.00523],[76.19394,31.00869],[76.20039,31.00915],[76.2049,31.00337],[76.20506,31.00164],[76.21759,31.00076],[76.22845,31.00098],[76.23727,30.99727],[76.24432,30.99829],[76.24905,30.99402],[76.25482,30.98489],[76.25865,30.98264],[76.26163,30.98195],[76.27684,30.98275],[76.27888,30.98398],[76.27909,30.99008],[76.29665,30.99257],[76.2973,30.99267],[76.30054,30.99151],[76.30273,30.98595],[76.30529,30.95427],[76.30952,30.94284],[76.31107,30.93378],[76.30868,30.93116],[76.30274,30.92815],[76.30386,30.92277],[76.30754,30.91815],[76.30836,30.8812],[76.31059,30.88148],[76.31019,30.87418],[76.30769,30.87168],[76.2983,30.87605],[76.28143,30.87605],[76.27579,30.86918],[76.27016,30.85855],[76.26892,30.84542],[76.26517,30.82541],[76.25891,30.80728],[76.24766,30.79102],[76.23981,30.78087],[76.24056,30.78052],[76.23698,30.77505],[76.23668,30.77314],[76.24536,30.75918],[76.25188,30.75256],[76.25185,30.74345],[76.25372,30.74105],[76.25661,30.73969],[76.25842,30.73574],[76.26202,30.73113],[76.26945,30.72341],[76.27828,30.71606],[76.28444,30.71832],[76.28899,30.72251],[76.30058,30.72866],[76.30544,30.72397],[76.31432,30.71172],[76.31793,30.71534],[76.3207,30.71662],[76.32722,30.71749],[76.33151,30.71684],[76.33438,30.71461],[76.33735,30.70856],[76.33572,30.70509],[76.33721,30.69641],[76.33652,30.69557],[76.33285,30.68804],[76.33214,30.68268],[76.32772,30.67901],[76.3241,30.67758],[76.31726,30.66951],[76.31119,30.6658],[76.30482,30.66556],[76.29359,30.67031],[76.2897,30.67766],[76.29016,30.68024],[76.28577,30.68244],[76.26903,30.68392],[76.2655,30.6807],[76.26001,30.6783],[76.25282,30.67779],[76.24663,30.67961],[76.24194,30.68291],[76.23469,30.68194],[76.22862,30.68325],[76.22474,30.6867],[76.22305,30.69094],[76.22194,30.69182],[76.21292,30.69162],[76.20657,30.68723],[76.20383,30.68076],[76.20166,30.67941],[76.19566,30.67753],[76.18855,30.67678],[76.18549,30.67713],[76.1729,30.66925],[76.16916,30.67391],[76.16964,30.68014],[76.16678,30.68226],[76.16124,30.6809],[76.15855,30.67708],[76.15903,30.67217],[76.15848,30.66826],[76.15469,30.66308],[76.14931,30.65965],[76.14102,30.65694],[76.13995,30.65598],[76.1394,30.64238],[76.13871,30.64089],[76.12355,30.63588],[76.11705,30.63293],[76.11282,30.62752],[76.11353,30.62475],[76.10255,30.61647],[76.10966,30.60664],[76.10743,30.60254],[76.11147,30.59937],[76.10754,30.5956],[76.10065,30.59255],[76.09914,30.58745],[76.10059,30.58193],[76.09889,30.57992],[76.09522,30.57816],[76.0948,30.56519],[76.08865,30.56293],[76.08341,30.56478],[76.07949,30.56959],[76.0764,30.57007],[76.07124,30.56471],[76.06435,30.56714],[76.05917,30.56669],[76.05642,30.56881],[76.05352,30.57243],[76.05549,30.5828],[76.05273,30.58492],[76.05012,30.58301],[76.04684,30.58186],[76.0333,30.58924],[76.02544,30.58999],[76.02317,30.59207],[76.01994,30.60252],[76.02055,30.60697],[76.0197,30.61025],[76.0179,30.61184],[76.01785,30.61616],[76.01563,30.61764],[75.99855,30.61508],[75.99469,30.61368],[75.99127,30.60498],[75.98769,30.60324],[75.97979,30.60076],[75.97496,30.60087],[75.97132,30.59961],[75.96266,30.59451],[75.95042,30.59034],[75.9481,30.58792],[75.94524,30.57882],[75.93829,30.57454],[75.93021,30.57211],[75.92544,30.57165],[75.91648,30.57855],[75.91476,30.58895],[75.91125,30.59126],[75.91289,30.59402],[75.91866,30.59834],[75.91352,30.60812],[75.90643,30.61168],[75.89976,30.61115],[75.8932,30.60694],[75.88352,30.60814],[75.87804,30.61263],[75.87785,30.62287],[75.8684,30.6278],[75.86357,30.63252],[75.86408,30.64075],[75.88428,30.64895],[75.88519,30.65655],[75.88257,30.66253],[75.87395,30.66627],[75.87184,30.67041],[75.8717,30.6742],[75.8684,30.67747],[75.85998,30.67896],[75.84695,30.6726],[75.84119,30.67299],[75.83065,30.68868],[75.82383,30.69017],[75.82204,30.68763],[75.81331,30.68128],[75.81087,30.67172],[75.80517,30.66664],[75.79532,30.66714],[75.78551,30.66493],[75.77896,30.66198],[75.77339,30.66157],[75.77479,30.6664],[75.77247,30.67359],[75.76545,30.67438],[75.75803,30.67447],[75.7534,30.66784],[75.75342,30.65835],[75.7634,30.65998],[75.76694,30.64854],[75.76891,30.64544],[75.78792,30.63381],[75.78461,30.63132],[75.77727,30.62556],[75.77377,30.62595],[75.76926,30.63157],[75.75391,30.63723],[75.75053,30.64005],[75.74796,30.63693],[75.73989,30.63289],[75.72823,30.63106],[75.72632,30.62894],[75.72183,30.62029],[75.71913,30.61804],[75.71523,30.62038],[75.71023,30.62894],[75.69871,30.64266],[75.69075,30.63925],[75.68415,30.63911],[75.68256,30.6402],[75.67764,30.64829],[75.6753,30.65209],[75.65812,30.65195],[75.64366,30.6374],[75.64293,30.63656],[75.63479,30.63635],[75.63314,30.63526],[75.63181,30.63317],[75.63203,30.63071],[75.63097,30.62702],[75.62914,30.62489],[75.62291,30.62222],[75.62087,30.61824],[75.61433,30.61574],[75.60909,30.62188],[75.60749,30.6228],[75.60114,30.62399],[75.59691,30.62317],[75.58912,30.61945],[75.58322,30.61834],[75.57294,30.62635],[75.56608,30.62437],[75.56078,30.62739],[75.55725,30.63078],[75.54852,30.63338],[75.54559,30.63509],[75.53891,30.63518],[75.53579,30.63079],[75.53364,30.62425],[75.53361,30.6186],[75.53922,30.6193],[75.54437,30.62095],[75.54638,30.61462],[75.54198,30.60487],[75.53501,30.59766],[75.52799,30.59584],[75.52269,30.60198],[75.52167,30.60802],[75.51967,30.61302],[75.5167,30.61432],[75.50831,30.60848],[75.50622,30.60041],[75.49934,30.60009],[75.48975,30.60264],[75.48334,30.60008],[75.47498,30.60148],[75.46677,30.60414],[75.45811,30.60525],[75.45578,30.60702],[75.45327,30.60568],[75.45203,30.60234],[75.4502,30.60094],[75.44402,30.60265],[75.44093,30.60044],[75.43825,30.59635],[75.43575,30.59427],[75.43163,30.59464],[75.42963,30.59572],[75.4268,30.59319],[75.41943,30.59072],[75.41903,30.58654],[75.41574,30.58519],[75.41267,30.58632],[75.40747,30.58654],[75.39617,30.58407],[75.3876,30.59268],[75.38921,30.60052],[75.39259,30.60796],[75.3925,30.61445],[75.38978,30.61846],[75.38452,30.62282],[75.38311,30.62775],[75.36943,30.62393],[75.366,30.62432],[75.36543,30.62834],[75.36732,30.63629],[75.36161,30.65046],[75.36753,30.65884],[75.36955,30.66512],[75.3677,30.67638],[75.36522,30.67952],[75.36064,30.68341],[75.35934,30.69036],[75.36108,30.69883],[75.35912,30.70733],[75.36057,30.71057],[75.36863,30.71049],[75.37122,30.71171],[75.37358,30.7146],[75.37457,30.71737],[75.37512,30.72341],[75.37022,30.72459],[75.36514,30.73171],[75.36493,30.73642],[75.36855,30.73982],[75.36579,30.74977],[75.369,30.75393],[75.37181,30.76107],[75.3719,30.77022],[75.37656,30.7772],[75.3801,30.78465],[75.38098,30.79356],[75.3849,30.80527],[75.38448,30.81034],[75.38028,30.81284],[75.37382,30.8151],[75.36559,30.82219],[75.35911,30.8409],[75.36033,30.84798],[75.36216,30.85207],[75.36168,30.85788],[75.37392,30.86207],[75.37605,30.86461],[75.38594,30.8722],[75.38805,30.88084],[75.39017,30.88547],[75.39461,30.89018],[75.39473,30.89519],[75.38799,30.89947],[75.38213,30.90957],[75.38092,30.91037],[75.36569,30.91311],[75.36919,30.92205],[75.36892,30.92654],[75.36724,30.93068],[75.36347,30.93079],[75.36158,30.92892],[75.35879,30.93035],[75.35773,30.94114],[75.35336,30.94192],[75.35272,30.95391],[75.35008,30.95806],[75.35083,30.96237],[75.35422,30.96847],[75.35323,30.97434],[75.34286,30.99002],[75.35919,30.98995],[75.37821,30.987],[75.39713,30.98071],[75.40857,30.98786],[75.41566,30.98277],[75.42876,30.98362],[75.44027,30.98136],[75.45252,30.98044],[75.46268,30.97826],[75.48177,30.97199],[75.49763,30.97546],[75.50603,30.97364],[75.52645,30.97428],[75.53647,30.97639],[75.54959,30.97777],[75.55096,30.98001],[75.56181,30.97935],[75.56863,30.9754],[75.57117,30.97291],[75.57859,30.9738],[75.5835,30.9708],[75.58988,30.97057],[75.59804,30.97263],[75.60165,30.97558],[75.6194,30.97798],[75.6311,30.98305],[75.64016,30.98396],[75.64534,30.98445],[75.6506,30.98627],[75.66123,30.98746],[75.66786,30.99207],[75.67844,30.99519],[75.68716,30.99689],[75.68948,30.99677],[75.69423,31.00078],[75.7057,31.00271],[75.70544,31.00688],[75.71783,31.00613],[75.72311,31.00765],[75.72513,31.01313],[75.74694,31.01689],[75.74895,31.01259],[75.75839,31.0123],[75.75816,31.00581],[75.76422,31.00645],[75.7658,31.00482],[75.76911,31.00274],[75.77244,30.99923],[75.77971,30.99702],[75.7863,30.99596],[75.79361,30.99659],[75.81273,31.00273],[75.81454,31.00646],[75.83278,31.01243],[75.84664,31.00798],[75.8544,31.00889],[75.85813,31.01259],[75.87042,31.01167],[75.87383,31.00956],[75.88007,31.0101],[75.88283,31.00794],[75.88548,31.00904],[75.88503,31.0144],[75.88757,31.01792],[75.8959,31.02079],[75.90428,31.02139],[75.92072,31.01279]]]}},{"type":"Feature","properties":{"ID_0":105,"ISO":"IND","NAME_0":"India","ID_1":28,"NAME_1":"Punjab","ID_2":416,"NAME_2":"Mansa","NL_NAME_2":null,"VARNAME_2":null,"TYPE_2":"District","ENGTYPE_2":"District","STATE":"Punjab","DISTRICT":"Mansa"},"geometry":{"type":"Polygon","coordinates":[[[75.56784,30.14582],[75.5684,30.14413],[75.58322,30.14057],[75.58941,30.14065],[75.59474,30.1371],[75.61282,30.14533],[75.61539,30.14489],[75.61861,30.1403],[75.6164,30.13454],[75.62752,30.1185],[75.63454,30.11415],[75.64021,30.11481],[75.64244,30.11671],[75.64535,30.1131],[75.64095,30.10715],[75.63419,30.10522],[75.62532,30.09366],[75.62026,30.09179],[75.61816,30.08361],[75.62832,30.07639],[75.62642,30.07331],[75.62683,30.07003],[75.63063,30.06907],[75.63162,30.06769],[75.63042,30.05369],[75.62846,30.05087],[75.62852,30.04788],[75.63169,30.04485],[75.6334,30.04182],[75.63164,30.03693],[75.63131,30.03291],[75.63621,30.0282],[75.64009,30.02603],[75.64233,30.0277],[75.6431,30.03144],[75.64526,30.03524],[75.64775,30.03761],[75.65018,30.03854],[75.65841,30.03752],[75.66083,30.03793],[75.66286,30.04058],[75.66661,30.04226],[75.6714,30.04141],[75.67108,30.039],[75.66793,30.03473],[75.66782,30.03289],[75.6725,30.02731],[75.67426,30.02639],[75.67906,30.02606],[75.67941,30.0203],[75.68092,30.01696],[75.68054,30.01022],[75.67865,30.01055],[75.67552,30.00928],[75.67249,30.00318],[75.67146,30.00171],[75.6691,29.99831],[75.66679,30.00153],[75.65628,29.99348],[75.64478,29.98745],[75.64213,29.98486],[75.64834,29.97962],[75.64312,29.96843],[75.63573,29.95465],[75.63007,29.93784],[75.63416,29.93891],[75.63948,29.94029],[75.64427,29.93156],[75.64823,29.93379],[75.65659,29.92958],[75.65802,29.92737],[75.65814,29.92266],[75.66061,29.91985],[75.66007,29.91545],[75.66271,29.91144],[75.67713,29.91286],[75.69404,29.92108],[75.69672,29.92903],[75.69791,29.93653],[75.70824,29.934],[75.72188,29.93598],[75.72364,29.93312],[75.7269,29.92776],[75.73598,29.92097],[75.74637,29.91653],[75.75568,29.9212],[75.75519,29.91077],[75.75986,29.89993],[75.74924,29.89483],[75.7509,29.88554],[75.75233,29.88148],[75.75418,29.87623],[75.7532,29.8745],[75.74694,29.86343],[75.76354,29.85745],[75.76584,29.85533],[75.76055,29.85001],[75.76195,29.84647],[75.76279,29.84431],[75.76396,29.8376],[75.75662,29.83148],[75.75269,29.8308],[75.74545,29.82957],[75.74043,29.82772],[75.73518,29.82257],[75.72599,29.81152],[75.70988,29.81226],[75.70593,29.80862],[75.69745,29.75521],[75.68743,29.75178],[75.67831,29.75706],[75.66617,29.7727],[75.65639,29.77606],[75.64966,29.77456],[75.64088,29.77111],[75.62536,29.77323],[75.62352,29.76689],[75.62262,29.75362],[75.61323,29.74646],[75.60049,29.7474],[75.59274,29.74915],[75.56879,29.74262],[75.56309,29.74424],[75.5564,29.76583],[75.54418,29.77176],[75.5302,29.77271],[75.52398,29.76724],[75.51171,29.76005],[75.50633,29.77407],[75.49839,29.77775],[75.44427,29.80785],[75.43547,29.79885],[75.44315,29.79417],[75.44379,29.78618],[75.43464,29.78028],[75.42721,29.77794],[75.41977,29.77438],[75.41,29.77532],[75.39723,29.76102],[75.3968,29.74867],[75.39088,29.7386],[75.38372,29.73401],[75.38219,29.72706],[75.38359,29.7203],[75.37878,29.7113],[75.37003,29.71306],[75.36195,29.71289],[75.35856,29.70576],[75.35269,29.70449],[75.34122,29.69524],[75.33535,29.69385],[75.33385,29.68805],[75.34604,29.67142],[75.34933,29.66564],[75.35045,29.65928],[75.3485,29.65907],[75.34681,29.65889],[75.34149,29.66213],[75.33015,29.67228],[75.32261,29.67241],[75.31773,29.6707],[75.31623,29.66082],[75.3117,29.64876],[75.30753,29.63256],[75.30106,29.62709],[75.28786,29.61977],[75.28056,29.61011],[75.28035,29.60325],[75.29362,29.59767],[75.30203,29.59199],[75.30451,29.58848],[75.30486,29.58361],[75.30305,29.57905],[75.29607,29.56808],[75.29065,29.56176],[75.27503,29.56111],[75.26749,29.55929],[75.25454,29.55418],[75.23807,29.55154],[75.22348,29.54617],[75.22433,29.55003],[75.22817,29.55856],[75.22179,29.57028],[75.21789,29.57846],[75.21119,29.5824],[75.21937,29.5925],[75.22321,29.59889],[75.22124,29.60655],[75.19937,29.62269],[75.18473,29.62254],[75.17334,29.63008],[75.17245,29.63863],[75.1733,29.64948],[75.16855,29.65423],[75.16276,29.65803],[75.15784,29.66271],[75.15892,29.66936],[75.16784,29.67327],[75.17532,29.67805],[75.17986,29.6783],[75.18889,29.68083],[75.19528,29.68776],[75.19767,29.69647],[75.19244,29.69953],[75.18841,29.70374],[75.18725,29.71192],[75.19369,29.7252],[75.1981,29.7308],[75.20616,29.73525],[75.21067,29.73089],[75.21661,29.72999],[75.22137,29.73307],[75.23098,29.75207],[75.22733,29.75612],[75.22328,29.76354],[75.21674,29.7715],[75.21618,29.7799],[75.21239,29.78652],[75.20536,29.79],[75.19796,29.79622],[75.19646,29.80511],[75.19778,29.81344],[75.20251,29.82135],[75.20091,29.83],[75.18861,29.83458],[75.18234,29.8387],[75.17856,29.83691],[75.17643,29.84348],[75.17681,29.84735],[75.1851,29.85256],[75.20542,29.85929],[75.20552,29.86546],[75.20271,29.8808],[75.18926,29.88902],[75.1747,29.88517],[75.17077,29.91234],[75.15918,29.92597],[75.16886,29.93849],[75.16753,29.94426],[75.17215,29.94781],[75.17062,29.95035],[75.1737,29.97025],[75.18142,29.97925],[75.18429,29.97484],[75.1869,29.97814],[75.1946,29.97781],[75.19502,29.97212],[75.19894,29.97068],[75.20208,29.96524],[75.21149,29.96789],[75.22416,29.95872],[75.23766,29.97102],[75.24067,29.98053],[75.24287,29.9818],[75.25014,29.97678],[75.26386,29.97195],[75.27003,29.97914],[75.27074,29.98421],[75.26612,29.99142],[75.26877,30.00217],[75.28096,30.00894],[75.2833,30.01183],[75.28796,30.01532],[75.29254,30.01644],[75.2923,30.02341],[75.28418,30.02065],[75.27973,30.02425],[75.27708,30.0187],[75.27374,30.01655],[75.26973,30.01594],[75.26427,30.01683],[75.25363,30.0167],[75.25005,30.01835],[75.24783,30.02979],[75.24324,30.03794],[75.2438,30.04198],[75.24909,30.04581],[75.2619,30.0509],[75.26529,30.05323],[75.26729,30.05956],[75.2653,30.06202],[75.26143,30.0609],[75.25752,30.05627],[75.25443,30.05654],[75.25192,30.0579],[75.25079,30.06095],[75.25256,30.08051],[75.25121,30.08602],[75.25005,30.10072],[75.25349,30.10793],[75.26025,30.11113],[75.26572,30.10868],[75.27137,30.10877],[75.2753,30.11224],[75.28261,30.11679],[75.28213,30.11576],[75.28735,30.1147],[75.29059,30.11013],[75.29295,30.11027],[75.30141,30.11366],[75.30609,30.11467],[75.31518,30.12388],[75.31828,30.12311],[75.32385,30.12585],[75.3279,30.13083],[75.33296,30.13288],[75.335,30.13168],[75.34654,30.14246],[75.33861,30.14511],[75.33768,30.15869],[75.3399,30.16233],[75.34987,30.1695],[75.35549,30.17542],[75.35422,30.17875],[75.35058,30.18188],[75.34806,30.18566],[75.34865,30.18913],[75.35323,30.19215],[75.36127,30.20245],[75.36116,30.20062],[75.36358,30.20045],[75.37933,30.21199],[75.38429,30.2107],[75.38635,30.20668],[75.38473,30.20287],[75.39152,30.19802],[75.39818,30.19547],[75.40664,30.19006],[75.41652,30.18884],[75.43703,30.19602],[75.45316,30.19857],[75.46709,30.1888],[75.47085,30.1844],[75.47968,30.17179],[75.48188,30.16253],[75.48413,30.15926],[75.48943,30.15228],[75.4965,30.14776],[75.50058,30.14594],[75.51659,30.1421],[75.52119,30.14465],[75.52374,30.14852],[75.52748,30.15067],[75.53562,30.14132],[75.53899,30.13984],[75.54214,30.14043],[75.54613,30.14504],[75.55074,30.14839],[75.55508,30.15037],[75.56784,30.14582]]]}},{"type":"Feature","properties":{"ID_0":105,"ISO":"IND","NAME_0":"India","ID_1":28,"NAME_1":"Punjab","ID_2":417,"NAME_2":"Moga","NL_NAME_2":null,"VARNAME_2":null,"TYPE_2":"District","ENGTYPE_2":"District","STATE":"Punjab","DISTRICT":"Moga"},"geometry":{"type":"Polygon","coordinates":[[[75.34286,30.99002],[75.35323,30.97434],[75.35422,30.96847],[75.35083,30.96237],[75.35008,30.95806],[75.35272,30.95391],[75.35336,30.94192],[75.35773,30.94114],[75.35879,30.93035],[75.36158,30.92892],[75.36347,30.93079],[75.36724,30.93068],[75.36892,30.92654],[75.36919,30.92205],[75.36569,30.91311],[75.38092,30.91037],[75.38213,30.90957],[75.38799,30.89947],[75.39473,30.89519],[75.39461,30.89018],[75.39017,30.88547],[75.38805,30.88084],[75.38594,30.8722],[75.37605,30.86461],[75.37392,30.86207],[75.36168,30.85788],[75.36216,30.85207],[75.36033,30.84798],[75.35911,30.8409],[75.36559,30.82219],[75.37382,30.8151],[75.38028,30.81284],[75.38448,30.81034],[75.3849,30.80527],[75.38098,30.79356],[75.3801,30.78465],[75.37656,30.7772],[75.3719,30.77022],[75.37181,30.76107],[75.369,30.75393],[75.36579,30.74977],[75.36855,30.73982],[75.36493,30.73642],[75.36514,30.73171],[75.37022,30.72459],[75.37512,30.72341],[75.37457,30.71737],[75.37358,30.7146],[75.37122,30.71171],[75.36863,30.71049],[75.36057,30.71057],[75.35912,30.70733],[75.36108,30.69883],[75.35934,30.69036],[75.36064,30.68341],[75.36522,30.67952],[75.3677,30.67638],[75.36955,30.66512],[75.36753,30.65884],[75.36161,30.65046],[75.36732,30.63629],[75.36543,30.62834],[75.366,30.62432],[75.36943,30.62393],[75.38311,30.62775],[75.38452,30.62282],[75.38978,30.61846],[75.3925,30.61445],[75.39259,30.60796],[75.38921,30.60052],[75.3876,30.59268],[75.39617,30.58407],[75.39584,30.57036],[75.39832,30.5653],[75.39827,30.56179],[75.40356,30.55821],[75.40821,30.55621],[75.40967,30.55265],[75.40687,30.54679],[75.40345,30.54267],[75.39306,30.53341],[75.38876,30.53086],[75.38018,30.52868],[75.36747,30.522],[75.35257,30.51611],[75.34007,30.51712],[75.33703,30.51647],[75.3281,30.51785],[75.32257,30.5249],[75.32008,30.53265],[75.31709,30.53683],[75.3092,30.53701],[75.30307,30.53611],[75.29876,30.52924],[75.29412,30.52719],[75.28343,30.51793],[75.2826,30.51267],[75.2826,30.51107],[75.28121,30.51119],[75.27406,30.50884],[75.27076,30.50899],[75.25862,30.51679],[75.25529,30.52058],[75.24893,30.52179],[75.24698,30.5189],[75.23938,30.51633],[75.23476,30.51605],[75.22269,30.51201],[75.21021,30.50986],[75.19855,30.51685],[75.19353,30.50796],[75.18543,30.51175],[75.18155,30.50867],[75.17581,30.50772],[75.17255,30.50993],[75.17097,30.51901],[75.17096,30.53867],[75.16724,30.55499],[75.16309,30.56381],[75.15661,30.57285],[75.15121,30.57816],[75.13802,30.58215],[75.13419,30.58194],[75.12865,30.58],[75.11146,30.56302],[75.10988,30.55381],[75.11746,30.54046],[75.12041,30.5322],[75.11847,30.52349],[75.10973,30.52337],[75.09811,30.52133],[75.08212,30.52724],[75.07321,30.52941],[75.06849,30.52539],[75.05989,30.514],[75.04958,30.50354],[75.04254,30.50006],[75.03402,30.50007],[75.03142,30.50305],[75.02401,30.50481],[75.0191,30.49837],[75.00935,30.49102],[74.99688,30.48907],[74.98853,30.48887],[74.9831,30.49293],[74.98042,30.49763],[74.98149,30.51448],[74.97971,30.51982],[74.98056,30.52562],[74.98577,30.53489],[74.98277,30.53907],[74.98046,30.54404],[74.96796,30.54354],[74.95284,30.55503],[74.95245,30.55992],[74.94985,30.56214],[74.94624,30.56127],[74.93449,30.57046],[74.9193,30.55461],[74.91603,30.54924],[74.92125,30.54549],[74.91592,30.53993],[74.90269,30.5461],[74.89226,30.54974],[74.894,30.56503],[74.90034,30.58093],[74.90519,30.58547],[74.92645,30.58897],[74.94258,30.59028],[74.94396,30.59353],[74.94116,30.59638],[74.93806,30.60139],[74.93714,30.60515],[74.93705,30.61383],[74.93768,30.61953],[74.94003,30.62504],[74.94254,30.63496],[74.93994,30.64411],[74.94501,30.65295],[74.94634,30.65751],[74.94385,30.67488],[74.94004,30.67443],[74.93709,30.676],[74.93283,30.67647],[74.9268,30.67591],[74.91237,30.67784],[74.91226,30.68355],[74.9111,30.68655],[74.90609,30.68048],[74.90345,30.6805],[74.89777,30.69644],[74.89438,30.70216],[74.89465,30.7071],[74.90147,30.72541],[74.89951,30.73619],[74.90178,30.74023],[74.90249,30.74348],[74.90115,30.74731],[74.90392,30.74762],[74.90012,30.75218],[74.89812,30.75604],[74.89963,30.76143],[74.90292,30.76708],[74.90086,30.77187],[74.90485,30.77363],[74.90543,30.77933],[74.91193,30.78459],[74.9144,30.7835],[74.91837,30.78804],[74.91673,30.79246],[74.91814,30.803],[74.92856,30.81648],[74.93568,30.82393],[74.93773,30.8298],[74.93414,30.83612],[74.93579,30.84672],[74.93884,30.85568],[74.93597,30.86147],[74.93417,30.86797],[74.93333,30.87736],[74.94014,30.88467],[74.94316,30.89159],[74.94762,30.89091],[74.95222,30.89292],[74.96468,30.89381],[74.98194,30.89785],[74.98755,30.90292],[74.98824,30.90276],[74.99547,30.9145],[75.01334,30.9279],[75.03949,30.93492],[75.04971,30.94321],[75.05608,30.95533],[75.05608,30.98405],[75.05417,30.99936],[75.04396,31.00574],[75.03248,31.00893],[75.02737,31.01531],[75.02737,31.0236],[75.0312,31.03126],[75.04205,31.02998],[75.05417,31.02169],[75.06119,31.02233],[75.06693,31.03254],[75.07331,31.037],[75.0816,31.03828],[75.08735,31.0453],[75.09692,31.05742],[75.10968,31.0721],[75.11542,31.08422],[75.11632,31.09718],[75.12008,31.0975],[75.11983,31.09238],[75.12343,31.08947],[75.12985,31.08982],[75.13602,31.08839],[75.14142,31.08253],[75.15202,31.08955],[75.15482,31.09459],[75.15833,31.09434],[75.15915,31.08785],[75.1659,31.08511],[75.16506,31.0824],[75.16063,31.08235],[75.16218,31.07967],[75.16747,31.08122],[75.17148,31.07896],[75.17648,31.0789],[75.18198,31.07999],[75.18582,31.07631],[75.18627,31.07217],[75.18939,31.0721],[75.19865,31.06949],[75.2007,31.06763],[75.20306,31.06823],[75.20443,31.06537],[75.2169,31.06642],[75.22006,31.05893],[75.22368,31.05794],[75.22575,31.05467],[75.22649,31.04964],[75.22859,31.04695],[75.23645,31.04416],[75.23685,31.04608],[75.2448,31.04609],[75.25659,31.04438],[75.26023,31.04022],[75.26488,31.03987],[75.27043,31.04308],[75.28255,31.03499],[75.28185,31.02482],[75.28474,31.01558],[75.29204,31.01703],[75.29663,31.01634],[75.29359,31.00458],[75.29439,31.00172],[75.34286,30.99002]]]}},{"type":"Feature","properties":{"ID_0":105,"ISO":"IND","NAME_0":"India","ID_1":28,"NAME_1":"Punjab","ID_2":418,"NAME_2":"Muktsar","NL_NAME_2":null,"VARNAME_2":null,"TYPE_2":"District","ENGTYPE_2":"District","STATE":"Punjab","DISTRICT":"Muktsar"},"geometry":{"type":"Polygon","coordinates":[[[74.49146,30.66726],[74.49858,30.66631],[74.50981,30.66485],[74.5216,30.66493],[74.52757,30.66348],[74.53495,30.6632],[74.53924,30.66436],[74.54982,30.66281],[74.56642,30.65837],[74.57217,30.65583],[74.57935,30.65388],[74.58792,30.64659],[74.58904,30.64473],[74.59355,30.64336],[74.59814,30.64091],[74.60175,30.63648],[74.60765,30.63736],[74.60941,30.63509],[74.61459,30.61852],[74.61684,30.61383],[74.6242,30.6124],[74.62363,30.60657],[74.63622,30.59378],[74.64143,30.59183],[74.64783,30.59059],[74.65501,30.58309],[74.65722,30.57857],[74.66875,30.57336],[74.67395,30.56912],[74.67907,30.56664],[74.68462,30.56548],[74.68971,30.56342],[74.69361,30.55994],[74.69938,30.55769],[74.69634,30.54607],[74.69313,30.54396],[74.68958,30.53884],[74.68471,30.53425],[74.67625,30.52901],[74.67545,30.52537],[74.67658,30.5211],[74.67918,30.51956],[74.68803,30.51676],[74.6963,30.51519],[74.70839,30.50928],[74.70923,30.50381],[74.71303,30.50292],[74.71696,30.5006],[74.72603,30.49338],[74.7366,30.49335],[74.73966,30.49076],[74.74848,30.49661],[74.75105,30.4914],[74.75201,30.48581],[74.74722,30.48026],[74.7372,30.47415],[74.73185,30.47388],[74.72322,30.46452],[74.72138,30.45975],[74.72166,30.45344],[74.7255,30.44693],[74.74474,30.43363],[74.74231,30.42755],[74.74672,30.42396],[74.74713,30.41953],[74.7438,30.40403],[74.74419,30.39886],[74.74261,30.39426],[74.74694,30.39198],[74.76219,30.39717],[74.77701,30.3972],[74.78494,30.39947],[74.78992,30.39997],[74.79772,30.39892],[74.80064,30.4012],[74.80509,30.39696],[74.81135,30.39371],[74.80608,30.38754],[74.79687,30.37006],[74.77567,30.33977],[74.77198,30.34001],[74.76999,30.33945],[74.75242,30.34704],[74.74399,30.35154],[74.72899,30.35712],[74.7133,30.36569],[74.70537,30.35993],[74.70133,30.35791],[74.69151,30.35608],[74.69151,30.3542],[74.69829,30.35403],[74.70515,30.35253],[74.71341,30.35011],[74.72337,30.34831],[74.73811,30.34361],[74.76958,30.33648],[74.77335,30.33655],[74.77449,30.33578],[74.75972,30.32389],[74.7508,30.31993],[74.73599,30.3216],[74.73182,30.3166],[74.7151,30.30836],[74.71813,30.30509],[74.72393,30.3039],[74.73014,30.29762],[74.73357,30.29296],[74.74162,30.28635],[74.73773,30.28169],[74.73509,30.27975],[74.72739,30.27971],[74.72672,30.278],[74.72707,30.27525],[74.72259,30.26906],[74.71243,30.2583],[74.71027,30.25239],[74.71133,30.23897],[74.71296,30.23434],[74.71637,30.23173],[74.71663,30.23046],[74.71098,30.22665],[74.71149,30.22172],[74.70801,30.2183],[74.7044,30.19736],[74.71009,30.19665],[74.71487,30.19763],[74.71999,30.19716],[74.72697,30.18925],[74.72761,30.18546],[74.72653,30.18142],[74.72361,30.17869],[74.71577,30.17148],[74.70956,30.16774],[74.6946,30.1609],[74.68968,30.15976],[74.68294,30.16043],[74.67776,30.16673],[74.66467,30.16637],[74.66267,30.16442],[74.65903,30.16535],[74.64801,30.16373],[74.63906,30.15678],[74.63192,30.1482],[74.63074,30.1414],[74.62682,30.13865],[74.62204,30.13016],[74.62186,30.12771],[74.63604,30.11409],[74.63969,30.11183],[74.64722,30.10953],[74.66112,30.10759],[74.6653,30.10922],[74.66869,30.11188],[74.67354,30.11194],[74.67476,30.10772],[74.67329,30.10243],[74.6662,30.0884],[74.6739,30.07302],[74.68191,30.07271],[74.69005,30.069],[74.6953,30.06572],[74.68421,30.04572],[74.68812,30.03829],[74.68616,30.034],[74.69663,30.02634],[74.69971,30.02217],[74.70721,30.01501],[74.70354,30.00341],[74.70272,30.00215],[74.69907,29.99317],[74.6945,29.988],[74.69605,29.98283],[74.6993,29.97624],[74.69737,29.97115],[74.6955,29.97153],[74.69079,29.96927],[74.6832,29.96107],[74.68096,29.94919],[74.6657,29.94169],[74.64893,29.93093],[74.63986,29.92249],[74.63886,29.91445],[74.64697,29.90467],[74.63963,29.90395],[74.63264,29.90566],[74.62639,29.90601],[74.62202,29.90778],[74.5858,29.91476],[74.58085,29.9183],[74.57295,29.92589],[74.56184,29.92931],[74.552,29.92923],[74.54902,29.93316],[74.53024,29.94497],[74.52464,29.95156],[74.51907,29.94335],[74.46661,29.94468],[74.44404,29.94672],[74.44198,29.94709],[74.41678,29.9971],[74.44576,30.001],[74.45477,30.00306],[74.44936,30.00984],[74.44675,30.01507],[74.44517,30.02145],[74.44051,30.02734],[74.41693,30.02309],[74.40765,30.02331],[74.39867,30.0264],[74.40089,30.03732],[74.3932,30.04321],[74.38184,30.05689],[74.3789,30.06212],[74.3784,30.0674],[74.37919,30.07282],[74.35716,30.0848],[74.35913,30.09157],[74.3615,30.09566],[74.36308,30.10163],[74.36354,30.10729],[74.36755,30.10876],[74.37401,30.10988],[74.38509,30.1054],[74.39613,30.09738],[74.3997,30.09318],[74.4052,30.09524],[74.39563,30.1042],[74.39249,30.10868],[74.39087,30.11273],[74.38607,30.11524],[74.37199,30.12761],[74.37118,30.13232],[74.36749,30.13824],[74.36564,30.14344],[74.36442,30.15033],[74.34578,30.15301],[74.33669,30.15578],[74.32687,30.16119],[74.33614,30.18263],[74.33723,30.18942],[74.33531,30.19633],[74.34144,30.21196],[74.34692,30.23922],[74.31503,30.24154],[74.30579,30.24081],[74.29357,30.23746],[74.28413,30.23261],[74.27697,30.23087],[74.25158,30.24562],[74.25864,30.2578],[74.26615,30.26538],[74.26729,30.26575],[74.27284,30.27234],[74.28833,30.26281],[74.28886,30.26892],[74.28827,30.27444],[74.29063,30.27856],[74.29247,30.28913],[74.29546,30.29937],[74.29417,30.30508],[74.30137,30.3154],[74.30725,30.32136],[74.31126,30.32826],[74.31134,30.34394],[74.30865,30.35369],[74.30161,30.35721],[74.29865,30.36804],[74.30145,30.37647],[74.30656,30.38679],[74.32695,30.38379],[74.34456,30.38033],[74.34801,30.3901],[74.34713,30.39711],[74.34386,30.40153],[74.334,30.40392],[74.29987,30.40875],[74.28082,30.41252],[74.27451,30.41609],[74.26532,30.41891],[74.25172,30.41918],[74.24145,30.42282],[74.24551,30.42451],[74.25951,30.42664],[74.26514,30.42928],[74.26911,30.42903],[74.27411,30.43122],[74.29148,30.44117],[74.29884,30.44423],[74.30598,30.44472],[74.31066,30.44421],[74.31821,30.44538],[74.32664,30.45042],[74.33566,30.46478],[74.33758,30.47419],[74.33622,30.4823],[74.34393,30.48018],[74.34873,30.47973],[74.35474,30.48002],[74.36521,30.48295],[74.37031,30.49767],[74.3653,30.50723],[74.3629,30.51388],[74.3692,30.52016],[74.37797,30.52673],[74.3882,30.52692],[74.3895,30.52993],[74.38998,30.5357],[74.3911,30.53957],[74.39287,30.55649],[74.40208,30.55984],[74.40913,30.55213],[74.41784,30.54862],[74.42496,30.56944],[74.43242,30.57094],[74.43246,30.59345],[74.43862,30.59578],[74.44202,30.59829],[74.44766,30.6044],[74.44948,30.60849],[74.45066,30.61425],[74.45002,30.6232],[74.45238,30.62664],[74.45976,30.63124],[74.4754,30.63554],[74.48183,30.63815],[74.47903,30.64095],[74.46973,30.64632],[74.46767,30.65279],[74.46828,30.65762],[74.47738,30.66539],[74.48292,30.66471],[74.48847,30.6651],[74.49146,30.66726]]]}},{"type":"Feature","properties":{"ID_0":105,"ISO":"IND","NAME_0":"India","ID_1":28,"NAME_1":"Punjab","ID_2":419,"NAME_2":"Nawan Shehar","NL_NAME_2":null,"VARNAME_2":null,"TYPE_2":"District","ENGTYPE_2":"District","STATE":"Punjab","DISTRICT":"Nawan Shehar"},"geometry":{"type":"Polygon","coordinates":[[[75.85659,31.24731],[75.8619,31.2456],[75.86903,31.24979],[75.87505,31.25171],[75.87816,31.25708],[75.88855,31.25782],[75.89214,31.25979],[75.89722,31.26437],[75.89398,31.26756],[75.88454,31.26832],[75.88304,31.27166],[75.87845,31.27762],[75.88782,31.28284],[75.89939,31.28002],[75.90643,31.2804],[75.9118,31.27726],[75.91396,31.27342],[75.91765,31.2709],[75.92085,31.27355],[75.92524,31.27582],[75.93132,31.27503],[75.93554,31.2679],[75.94048,31.26613],[75.94141,31.26135],[75.94055,31.25794],[75.94899,31.25772],[75.95546,31.25933],[75.95856,31.25592],[75.98147,31.26184],[75.98051,31.25784],[75.98644,31.25019],[75.99027,31.24661],[75.99615,31.24654],[76.00755,31.25886],[76.01204,31.2611],[76.01534,31.25598],[76.01492,31.24859],[76.01746,31.2431],[76.03453,31.23451],[76.03982,31.22962],[76.04025,31.22676],[76.03719,31.22524],[76.03279,31.21976],[76.03621,31.21667],[76.03995,31.21893],[76.04804,31.21855],[76.05314,31.22059],[76.05209,31.22775],[76.06398,31.23112],[76.06904,31.22827],[76.07573,31.22682],[76.07597,31.22005],[76.07726,31.21627],[76.07786,31.20881],[76.07508,31.2015],[76.08161,31.19883],[76.08597,31.18639],[76.08958,31.18065],[76.09441,31.17866],[76.0986,31.17483],[76.10634,31.1702],[76.11231,31.16953],[76.11989,31.1702],[76.12541,31.15418],[76.1283,31.15103],[76.13528,31.15646],[76.14196,31.15645],[76.14472,31.15322],[76.14413,31.14673],[76.15669,31.14304],[76.15961,31.13817],[76.16906,31.13799],[76.17331,31.13627],[76.18127,31.13568],[76.1933,31.14031],[76.19512,31.14378],[76.19402,31.14922],[76.18642,31.15741],[76.18955,31.16356],[76.19421,31.16834],[76.19321,31.17264],[76.1842,31.18681],[76.18398,31.19031],[76.18545,31.19279],[76.19714,31.19764],[76.20743,31.20078],[76.21161,31.20815],[76.21668,31.22385],[76.22825,31.24731],[76.23306,31.24805],[76.24783,31.23803],[76.26039,31.24128],[76.26446,31.24026],[76.26944,31.23601],[76.27825,31.22464],[76.29499,31.21467],[76.30127,31.21646],[76.30962,31.22038],[76.313,31.22454],[76.31761,31.22765],[76.32171,31.22941],[76.32504,31.22841],[76.32684,31.22589],[76.32846,31.21852],[76.33316,31.21329],[76.33938,31.20928],[76.34332,31.20843],[76.34774,31.19859],[76.35626,31.1871],[76.36217,31.17571],[76.36921,31.15796],[76.37382,31.15163],[76.40411,31.13021],[76.40834,31.12308],[76.41592,31.11808],[76.4189,31.10968],[76.41528,31.10019],[76.42054,31.09346],[76.42295,31.0834],[76.44095,31.05948],[76.44778,31.05656],[76.45273,31.04321],[76.46712,31.02801],[76.4852,31.0134],[76.49541,31.00744],[76.50201,31.00413],[76.50656,30.99822],[76.50093,30.9852],[76.49847,30.983],[76.49516,30.98139],[76.48119,30.98159],[76.47883,30.98013],[76.46723,30.98184],[76.46145,30.98172],[76.45049,30.97787],[76.42837,30.97452],[76.409,30.97659],[76.40434,30.97621],[76.4021,30.97706],[76.39528,30.97602],[76.39336,30.97628],[76.39234,30.97855],[76.38885,30.97919],[76.37228,30.97929],[76.36259,30.97768],[76.35909,30.97837],[76.35706,30.9776],[76.35508,30.97544],[76.34911,30.97359],[76.34348,30.9746],[76.33624,30.97766],[76.33187,30.98096],[76.33073,30.98323],[76.32928,30.98382],[76.31529,30.98291],[76.31252,30.984],[76.31386,30.98663],[76.31419,30.99117],[76.31403,30.99612],[76.31245,30.99824],[76.30724,30.99786],[76.30326,30.99867],[76.29885,30.99771],[76.29504,30.9945],[76.29665,30.99257],[76.27909,30.99008],[76.27888,30.98398],[76.27684,30.98275],[76.26163,30.98195],[76.25865,30.98264],[76.25482,30.98489],[76.24905,30.99402],[76.24432,30.99829],[76.23727,30.99727],[76.22845,31.00098],[76.21759,31.00076],[76.20506,31.00164],[76.2049,31.00337],[76.20039,31.00915],[76.19394,31.00869],[76.18021,31.00523],[76.17057,31.00322],[76.1743,30.99905],[76.17236,30.99536],[76.16711,30.99632],[76.16239,30.99944],[76.15265,30.99586],[76.13663,30.99326],[76.12791,30.98986],[76.12163,30.98896],[76.10101,30.99021],[76.08959,30.98964],[76.08601,30.99057],[76.08234,30.99316],[76.07389,30.99614],[76.06396,30.99791],[76.04325,30.99972],[76.0349,30.99816],[76.02449,30.99854],[76.00259,30.99713],[75.99411,30.99815],[75.98695,30.99131],[75.98213,30.9972],[75.97778,31.00257],[75.97975,31.00707],[75.97839,31.01246],[75.96962,31.01367],[75.95707,31.0179],[75.94536,31.02102],[75.9441,31.02137],[75.93995,31.02346],[75.93503,31.0345],[75.92928,31.05592],[75.93128,31.0607],[75.92793,31.06316],[75.91941,31.06542],[75.91803,31.07013],[75.91949,31.07813],[75.91709,31.08019],[75.91439,31.09577],[75.8991,31.10001],[75.90068,31.1041],[75.90417,31.10901],[75.8991,31.11238],[75.88716,31.13418],[75.8868,31.14206],[75.88538,31.14942],[75.88635,31.1573],[75.88004,31.15813],[75.87767,31.15029],[75.8709,31.1536],[75.8737,31.16851],[75.8689,31.16763],[75.86234,31.16414],[75.85755,31.16659],[75.85377,31.17105],[75.84702,31.17578],[75.84005,31.17748],[75.83969,31.18357],[75.83449,31.18573],[75.82851,31.18643],[75.82215,31.1857],[75.81443,31.18723],[75.80684,31.19231],[75.79834,31.19104],[75.79408,31.1946],[75.77457,31.2003],[75.77166,31.20637],[75.78118,31.21201],[75.78409,31.21623],[75.79166,31.22092],[75.79874,31.22384],[75.81036,31.22461],[75.81567,31.2293],[75.83065,31.23353],[75.83707,31.23672],[75.84067,31.23537],[75.84425,31.23681],[75.84491,31.24695],[75.8419,31.24981],[75.83921,31.2548],[75.8383,31.26124],[75.83256,31.26472],[75.82645,31.27882],[75.82861,31.28546],[75.84055,31.28506],[75.84207,31.28115],[75.84829,31.27826],[75.85351,31.27801],[75.85835,31.27567],[75.8623,31.26918],[75.8617,31.26331],[75.8578,31.26111],[75.85813,31.25173],[75.85659,31.24731]]]}},{"type":"Feature","properties":{"ID_0":105,"ISO":"IND","NAME_0":"India","ID_1":28,"NAME_1":"Punjab","ID_2":420,"NAME_2":"Patiala","NL_NAME_2":null,"VARNAME_2":null,"TYPE_2":"District","ENGTYPE_2":"District","STATE":"Punjab","DISTRICT":"Patiala"},"geometry":{"type":"Polygon","coordinates":[[[76.81882,30.66059],[76.8241,30.66007],[76.82694,30.66333],[76.83006,30.66493],[76.835,30.66411],[76.83479,30.65582],[76.83986,30.65678],[76.84984,30.66486],[76.85541,30.6732],[76.86223,30.67927],[76.86311,30.67151],[76.86186,30.65972],[76.85897,30.65156],[76.85858,30.64063],[76.86195,30.64027],[76.86796,30.64164],[76.87267,30.64002],[76.87709,30.63702],[76.88063,30.63307],[76.88361,30.62709],[76.89454,30.62333],[76.8996,30.62003],[76.90154,30.60841],[76.91061,30.60583],[76.91343,30.5997],[76.90721,30.59141],[76.89856,30.58843],[76.90453,30.58057],[76.90391,30.57518],[76.89889,30.56672],[76.89889,30.56403],[76.90385,30.56172],[76.90593,30.55839],[76.90224,30.55104],[76.89219,30.54444],[76.88504,30.54042],[76.88776,30.53815],[76.89822,30.5347],[76.90725,30.5299],[76.9143,30.52655],[76.92007,30.52469],[76.92033,30.51802],[76.91829,30.50723],[76.91591,30.49942],[76.91237,30.49366],[76.90781,30.49079],[76.90115,30.48885],[76.89386,30.48964],[76.88892,30.48459],[76.88985,30.47933],[76.89664,30.47538],[76.89805,30.46778],[76.89519,30.45557],[76.89072,30.45106],[76.88885,30.44111],[76.88993,30.43669],[76.90168,30.42833],[76.90371,30.42488],[76.9037,30.41823],[76.90524,30.41319],[76.90392,30.40995],[76.90385,30.40671],[76.90518,30.40469],[76.90926,30.40327],[76.91947,30.40303],[76.9258,30.40159],[76.92905,30.39989],[76.9314,30.39707],[76.93027,30.39259],[76.9273,30.38864],[76.92078,30.38478],[76.91699,30.38276],[76.90349,30.36751],[76.89777,30.3626],[76.89227,30.35968],[76.88722,30.35838],[76.88023,30.3597],[76.87644,30.36334],[76.87572,30.36954],[76.88043,30.38299],[76.88023,30.38622],[76.87441,30.39128],[76.86624,30.39483],[76.86756,30.40152],[76.86473,30.40879],[76.84727,30.4149],[76.83973,30.42075],[76.83246,30.43388],[76.8279,30.43033],[76.82314,30.42255],[76.80846,30.41186],[76.79729,30.41512],[76.78069,30.41502],[76.77082,30.4183],[76.76433,30.42501],[76.76675,30.436],[76.76333,30.43973],[76.75787,30.43889],[76.75439,30.43281],[76.74887,30.42663],[76.73786,30.42487],[76.72517,30.42042],[76.72655,30.405],[76.71289,30.39824],[76.70015,30.39361],[76.70168,30.38483],[76.70488,30.38083],[76.71572,30.38026],[76.71809,30.37711],[76.70894,30.36817],[76.71136,30.36513],[76.73039,30.36744],[76.73502,30.36491],[76.73853,30.35965],[76.73463,30.35394],[76.72901,30.34843],[76.72392,30.34437],[76.71516,30.3399],[76.71516,30.33291],[76.71096,30.32987],[76.70475,30.33169],[76.70026,30.32985],[76.69768,30.32486],[76.68847,30.32598],[76.6795,30.32137],[76.67463,30.32595],[76.67088,30.31917],[76.67307,30.31277],[76.66243,30.29955],[76.65128,30.29934],[76.6263,30.28393],[76.62283,30.29139],[76.6197,30.28785],[76.61438,30.27527],[76.60982,30.27061],[76.6045,30.27226],[76.58094,30.26987],[76.55793,30.26426],[76.54764,30.26492],[76.54582,30.25863],[76.54693,30.24953],[76.54597,30.24354],[76.5422,30.23638],[76.53292,30.23208],[76.53253,30.22713],[76.54438,30.23086],[76.54767,30.23444],[76.56905,30.25135],[76.57589,30.25586],[76.584,30.25653],[76.59032,30.25412],[76.59591,30.24394],[76.59943,30.24033],[76.60931,30.23488],[76.612,30.23097],[76.61187,30.22563],[76.60628,30.22001],[76.60428,30.21517],[76.60941,30.21277],[76.61675,30.21106],[76.63282,30.21001],[76.63892,30.20594],[76.63717,30.19695],[76.64198,30.19367],[76.64172,30.18925],[76.63925,30.18521],[76.62274,30.1703],[76.62764,30.15511],[76.62327,30.1494],[76.62309,30.14466],[76.6294,30.13477],[76.62872,30.1302],[76.62521,30.12103],[76.62475,30.11689],[76.62663,30.11396],[76.62756,30.11048],[76.62667,30.10565],[76.62515,30.10184],[76.61948,30.09536],[76.6177,30.09406],[76.61589,30.09278],[76.61411,30.0915],[76.61235,30.09021],[76.61061,30.08887],[76.60896,30.08746],[76.60742,30.0859],[76.60596,30.08429],[76.60447,30.08272],[76.60287,30.08132],[76.60105,30.08023],[76.59878,30.0797],[76.59642,30.07947],[76.59406,30.07955],[76.59168,30.07974],[76.58953,30.0793],[76.58764,30.07814],[76.58583,30.07674],[76.584,30.07544],[76.58195,30.07467],[76.57917,30.07459],[76.57677,30.0751],[76.57638,30.07611],[76.57787,30.07771],[76.57977,30.07953],[76.58105,30.08128],[76.58195,30.08313],[76.58194,30.08521],[76.5808,30.08685],[76.5788,30.08784],[76.57664,30.08876],[76.57478,30.08996],[76.57301,30.09124],[76.57124,30.09256],[76.56948,30.09388],[76.56767,30.09512],[76.56575,30.09626],[76.56364,30.09711],[76.56144,30.09764],[76.55917,30.09805],[76.55487,30.09876],[76.53364,30.08278],[76.52554,30.08085],[76.50894,30.07953],[76.50112,30.07663],[76.49714,30.08157],[76.49501,30.08708],[76.49517,30.09239],[76.49083,30.09715],[76.48349,30.09956],[76.46157,30.099],[76.45209,30.10071],[76.4491,30.1048],[76.44664,30.11123],[76.44448,30.12288],[76.44619,30.12896],[76.44646,30.13712],[76.44104,30.13596],[76.43632,30.13703],[76.43135,30.14071],[76.42604,30.14756],[76.42489,30.15462],[76.42227,30.1587],[76.42243,30.16358],[76.42643,30.16758],[76.42901,30.17299],[76.42858,30.17979],[76.42001,30.19788],[76.4102,30.20229],[76.39884,30.199],[76.39101,30.19225],[76.38674,30.18699],[76.381,30.18324],[76.38304,30.17903],[76.38862,30.1741],[76.40164,30.15773],[76.39951,30.15517],[76.39252,30.15026],[76.38616,30.14824],[76.38457,30.14581],[76.38833,30.13833],[76.38845,30.13397],[76.39001,30.12754],[76.38437,30.12383],[76.37472,30.12373],[76.36375,30.12754],[76.35816,30.1333],[76.34834,30.15052],[76.34306,30.15345],[76.32588,30.14924],[76.3287,30.14477],[76.33571,30.13926],[76.3483,30.13166],[76.34892,30.12766],[76.33791,30.11585],[76.32838,30.10951],[76.3229,30.10822],[76.31275,30.10851],[76.29308,30.11863],[76.28636,30.11682],[76.27985,30.11365],[76.27203,30.11434],[76.26551,30.11769],[76.25116,30.119],[76.24458,30.12186],[76.243,30.12747],[76.24096,30.12866],[76.23817,30.13091],[76.2368,30.13255],[76.2354,30.13415],[76.23376,30.13557],[76.23192,30.13678],[76.22997,30.1379],[76.22804,30.13904],[76.22629,30.14031],[76.22475,30.14181],[76.22337,30.14344],[76.22202,30.1451],[76.22057,30.14668],[76.21898,30.14817],[76.21732,30.14976],[76.21565,30.15139],[76.21395,30.15303],[76.21225,30.15461],[76.21053,30.15608],[76.20885,30.15739],[76.20721,30.15851],[76.20559,30.15935],[76.20387,30.1589],[76.20236,30.15671],[76.20195,30.15457],[76.2026,30.15281],[76.20376,30.15104],[76.20512,30.14924],[76.20632,30.14741],[76.20706,30.1455],[76.20744,30.14349],[76.20852,30.14172],[76.21003,30.14008],[76.21156,30.13847],[76.21266,30.13683],[76.21193,30.13506],[76.21008,30.13361],[76.20795,30.13315],[76.2058,30.13376],[76.20365,30.13473],[76.20163,30.13583],[76.19969,30.13721],[76.19778,30.1387],[76.19591,30.13999],[76.19411,30.14078],[76.19231,30.14046],[76.19055,30.13863],[76.18962,30.13669],[76.19061,30.13496],[76.1925,30.13351],[76.19435,30.13235],[76.19633,30.13127],[76.19837,30.13025],[76.20039,30.1293],[76.20263,30.12866],[76.20471,30.12786],[76.2064,30.12649],[76.20792,30.12496],[76.20929,30.1233],[76.21059,30.12161],[76.21194,30.11996],[76.21344,30.11845],[76.21519,30.11718],[76.21714,30.11611],[76.2192,30.11512],[76.22124,30.11412],[76.22317,30.11302],[76.22488,30.11165],[76.22668,30.1104],[76.22869,30.10933],[76.23083,30.10852],[76.23308,30.10822],[76.2354,30.10818],[76.23772,30.10823],[76.24007,30.10828],[76.24239,30.10819],[76.2447,30.10793],[76.24709,30.10762],[76.24948,30.10722],[76.25174,30.1067],[76.25378,30.10603],[76.255,30.10458],[76.25459,30.1024],[76.25359,30.10053],[76.25237,30.09868],[76.25093,30.09706],[76.24922,30.09603],[76.24673,30.09639],[76.24455,30.09615],[76.24284,30.09491],[76.2412,30.09353],[76.23963,30.09204],[76.23808,30.09046],[76.2366,30.08885],[76.23515,30.0872],[76.23381,30.08558],[76.23246,30.08394],[76.23116,30.08226],[76.22992,30.08057],[76.2287,30.07886],[76.22749,30.07713],[76.22633,30.0754],[76.2251,30.07367],[76.22395,30.07194],[76.22273,30.07021],[76.22153,30.06849],[76.22035,30.06675],[76.21916,30.06503],[76.21799,30.0633],[76.21682,30.06155],[76.21567,30.05981],[76.21449,30.05808],[76.2133,30.05633],[76.21216,30.05459],[76.21103,30.05282],[76.20988,30.05107],[76.20864,30.04939],[76.20724,30.04779],[76.20564,30.04629],[76.20404,30.04484],[76.20253,30.04331],[76.20111,30.04164],[76.19962,30.03978],[76.19839,30.03793],[76.19794,30.03625],[76.19891,30.03483],[76.20112,30.03367],[76.20345,30.03274],[76.2058,30.03203],[76.20839,30.03145],[76.21098,30.03093],[76.21333,30.03035],[76.21515,30.02964],[76.21613,30.02868],[76.21544,30.02713],[76.21355,30.02531],[76.2114,30.02373],[76.20947,30.02273],[76.20721,30.02212],[76.2049,30.02167],[76.20264,30.0212],[76.20035,30.02085],[76.19804,30.02052],[76.19582,30.02006],[76.19347,30.01938],[76.19157,30.01823],[76.19092,30.01641],[76.19051,30.01449],[76.19021,30.01249],[76.18999,30.01045],[76.18981,30.00838],[76.18963,30.00632],[76.18938,30.00419],[76.19303,29.99662],[76.19578,29.9905],[76.19714,29.98511],[76.19749,29.97981],[76.19901,29.97317],[76.19473,29.96568],[76.20345,29.95207],[76.20507,29.9475],[76.20387,29.94412],[76.19087,29.94446],[76.18481,29.94628],[76.17891,29.94627],[76.16962,29.93656],[76.16629,29.92866],[76.17149,29.92323],[76.18199,29.92324],[76.18359,29.91572],[76.18271,29.89388],[76.18464,29.88858],[76.1974,29.88402],[76.20813,29.88651],[76.21695,29.88386],[76.2253,29.88506],[76.23245,29.88132],[76.23869,29.8759],[76.24201,29.86903],[76.23795,29.86546],[76.23523,29.85981],[76.23186,29.85637],[76.22852,29.85453],[76.2229,29.85559],[76.21583,29.85471],[76.21176,29.85315],[76.20966,29.85016],[76.21111,29.84323],[76.20965,29.84274],[76.20222,29.8453],[76.19418,29.84497],[76.18936,29.84047],[76.18582,29.83123],[76.16666,29.81832],[76.15313,29.81627],[76.13927,29.81676],[76.1321,29.81205],[76.12718,29.80543],[76.12141,29.79947],[76.11639,29.7964],[76.11027,29.80332],[76.10321,29.80841],[76.09438,29.81156],[76.09056,29.81083],[76.09199,29.81451],[76.09362,29.81589],[76.09611,29.81796],[76.09779,29.82003],[76.09927,29.82187],[76.10068,29.82487],[76.10196,29.82761],[76.10745,29.8336],[76.11121,29.83945],[76.11288,29.84416],[76.11284,29.84909],[76.11469,29.85373],[76.11475,29.85613],[76.11478,29.8579],[76.11185,29.86],[76.10749,29.86052],[76.10304,29.85899],[76.09949,29.85476],[76.09449,29.85069],[76.08981,29.84944],[76.07891,29.8492],[76.06862,29.84465],[76.05695,29.84623],[76.04839,29.85844],[76.04763,29.86238],[76.04913,29.87188],[76.04575,29.87319],[76.04446,29.87272],[76.04325,29.87225],[76.0395,29.8775],[76.03561,29.87622],[76.03254,29.87732],[76.03002,29.8794],[76.02754,29.87792],[76.01637,29.87122],[76.01344,29.8744],[76.01222,29.87766],[76.01074,29.88358],[76.01075,29.89147],[76.00868,29.89442],[75.99634,29.89819],[75.98901,29.90043],[75.98512,29.90023],[75.9716,29.91021],[75.97266,29.91235],[75.97476,29.91662],[75.97678,29.92427],[75.97433,29.93821],[75.98013,29.95074],[75.98892,29.95052],[75.99612,29.94847],[76.00491,29.94742],[76.01388,29.95463],[76.01778,29.96036],[76.02031,29.96782],[76.01788,29.9744],[76.01154,29.97846],[76.01054,29.98438],[75.99931,29.9985],[75.99764,30.00328],[75.99708,30.00382],[75.99657,30.00426],[75.99606,30.00467],[75.99553,30.00506],[75.99504,30.00546],[75.99456,30.0059],[75.99415,30.00638],[75.99387,30.00694],[75.99408,30.00754],[75.99458,30.00801],[75.99515,30.0084],[75.99577,30.00872],[75.99641,30.00902],[75.99678,30.00916],[75.99708,30.00928],[75.99741,30.0094],[75.99773,30.00952],[75.99802,30.00962],[75.99841,30.00976],[75.99908,30.01],[75.99976,30.01024],[76.00042,30.01048],[76.00108,30.01074],[76.00173,30.01102],[76.00237,30.01133],[76.00296,30.01166],[76.00355,30.01204],[76.00413,30.01242],[76.00468,30.01284],[76.00521,30.01328],[76.00571,30.0137],[76.00616,30.0142],[76.00658,30.01471],[76.00677,30.01503],[76.00691,30.01527],[76.00686,30.0159],[76.00661,30.01649],[76.00638,30.01708],[76.00603,30.01762],[76.00564,30.01815],[76.00525,30.01867],[76.00487,30.0192],[76.00428,30.01955],[76.00362,30.01983],[76.00294,30.02008],[76.00229,30.02034],[76.00166,30.02066],[76.00117,30.02109],[76.00111,30.02132],[76.00105,30.02169],[76.0014,30.02226],[76.00185,30.02275],[76.00232,30.02323],[76.00278,30.02372],[76.00317,30.02426],[76.00289,30.02478],[76.0024,30.02518],[76.00275,30.02571],[76.00321,30.02621],[76.00369,30.02666],[76.00421,30.02711],[76.00481,30.02748],[76.00545,30.02775],[76.00616,30.02782],[76.00687,30.02768],[76.00719,30.02759],[76.00754,30.02747],[76.00787,30.02735],[76.00822,30.02722],[76.00889,30.02697],[76.00956,30.02677],[76.01028,30.02668],[76.011,30.02675],[76.01169,30.02694],[76.01234,30.02721],[76.01295,30.02755],[76.01351,30.02794],[76.01405,30.02836],[76.01455,30.0288],[76.01511,30.02923],[76.01562,30.02966],[76.01614,30.0301],[76.01665,30.03053],[76.01717,30.03098],[76.01768,30.03142],[76.01817,30.03187],[76.01867,30.03232],[76.01918,30.03277],[76.01968,30.03324],[76.01991,30.03345],[76.02016,30.0337],[76.02064,30.03417],[76.02113,30.03463],[76.02161,30.0351],[76.02187,30.03537],[76.02208,30.03558],[76.02255,30.03605],[76.023,30.03653],[76.02325,30.03677],[76.02348,30.037],[76.02393,30.03749],[76.02438,30.03798],[76.02483,30.03847],[76.02528,30.03897],[76.02569,30.03949],[76.02607,30.04002],[76.0264,30.04058],[76.02649,30.04081],[76.02666,30.04116],[76.0268,30.04178],[76.02673,30.0424],[76.0266,30.04266],[76.02646,30.04297],[76.02601,30.04349],[76.02553,30.04395],[76.025,30.04438],[76.02445,30.0448],[76.02391,30.04522],[76.02339,30.04565],[76.02293,30.04613],[76.02249,30.04663],[76.02225,30.04721],[76.02222,30.04784],[76.02243,30.04845],[76.02274,30.04901],[76.02321,30.0495],[76.0238,30.04984],[76.02447,30.05009],[76.02515,30.05028],[76.02586,30.05044],[76.02654,30.05063],[76.02722,30.05088],[76.02782,30.05122],[76.02828,30.05172],[76.02838,30.05232],[76.02808,30.05289],[76.02779,30.05345],[76.02814,30.05409],[76.02844,30.05466],[76.02875,30.05523],[76.02907,30.05578],[76.02942,30.05635],[76.02975,30.0569],[76.03016,30.05742],[76.0306,30.05791],[76.03111,30.05837],[76.03168,30.05875],[76.03233,30.05903],[76.03303,30.0592],[76.03375,30.05929],[76.03447,30.05933],[76.0352,30.05934],[76.03593,30.05932],[76.03664,30.05931],[76.03738,30.05929],[76.03812,30.05929],[76.03849,30.05931],[76.03883,30.05933],[76.03954,30.0594],[76.04023,30.05959],[76.0407,30.06007],[76.04094,30.06065],[76.04095,30.06129],[76.04046,30.06174],[76.03978,30.06196],[76.03907,30.0621],[76.03836,30.06224],[76.03767,30.06242],[76.037,30.06269],[76.03645,30.06308],[76.03616,30.06332],[76.03591,30.06352],[76.03571,30.06376],[76.03548,30.06402],[76.03526,30.06463],[76.03552,30.06508],[76.03558,30.06517],[76.03604,30.06566],[76.03653,30.06612],[76.03706,30.06657],[76.03762,30.06697],[76.03816,30.06739],[76.03857,30.06767],[76.03872,30.06778],[76.03929,30.06818],[76.03986,30.06857],[76.04041,30.06896],[76.04099,30.06936],[76.04153,30.06976],[76.04209,30.07018],[76.04263,30.07061],[76.04284,30.07081],[76.04313,30.07107],[76.04359,30.07154],[76.04403,30.07205],[76.04432,30.07262],[76.04449,30.07324],[76.04459,30.07386],[76.04467,30.07449],[76.04476,30.07512],[76.04492,30.07573],[76.04522,30.0763],[76.04571,30.07677],[76.04629,30.07714],[76.04694,30.07744],[76.04762,30.07762],[76.04835,30.07764],[76.04861,30.07757],[76.04904,30.07746],[76.04973,30.07726],[76.05041,30.07702],[76.05108,30.07677],[76.05172,30.07649],[76.05235,30.07618],[76.05296,30.07585],[76.05355,30.07549],[76.05413,30.07509],[76.05466,30.07465],[76.05511,30.07416],[76.0555,30.07363],[76.05573,30.07303],[76.05586,30.07242],[76.05589,30.07213],[76.05592,30.07179],[76.0559,30.07116],[76.05585,30.07053],[76.05576,30.0699],[76.05569,30.06928],[76.05563,30.06865],[76.05555,30.06803],[76.05552,30.06738],[76.05574,30.06685],[76.05632,30.06645],[76.05697,30.06623],[76.05758,30.06659],[76.05813,30.06703],[76.05861,30.06749],[76.05907,30.06798],[76.05952,30.06845],[76.05998,30.06894],[76.0605,30.0694],[76.06106,30.06981],[76.06168,30.07015],[76.06238,30.07034],[76.06307,30.07038],[76.0638,30.0703],[76.06452,30.07015],[76.06487,30.07005],[76.06519,30.06995],[76.06587,30.06975],[76.06656,30.06953],[76.06724,30.06931],[76.06792,30.06909],[76.06859,30.06882],[76.06922,30.06854],[76.06986,30.06824],[76.07015,30.06811],[76.07051,30.06796],[76.07118,30.06769],[76.07185,30.06748],[76.07256,30.06734],[76.07272,30.06734],[76.0733,30.06734],[76.07372,30.0674],[76.07402,30.06743],[76.07471,30.06755],[76.07544,30.06763],[76.07617,30.06762],[76.07689,30.06746],[76.07755,30.06724],[76.07822,30.06702],[76.0789,30.06681],[76.07934,30.06714],[76.07909,30.06776],[76.0788,30.06835],[76.07849,30.06892],[76.07814,30.06947],[76.07778,30.07002],[76.07742,30.07057],[76.07705,30.07111],[76.07668,30.07167],[76.07632,30.0722],[76.07596,30.07274],[76.07561,30.07331],[76.07529,30.07388],[76.075,30.07445],[76.07471,30.07503],[76.07449,30.07563],[76.07434,30.07624],[76.07436,30.07686],[76.07483,30.07736],[76.07543,30.07769],[76.07609,30.07796],[76.07677,30.0782],[76.07742,30.07847],[76.07806,30.07877],[76.07851,30.0791],[76.07861,30.07917],[76.07913,30.07962],[76.07962,30.08008],[76.08006,30.08058],[76.08053,30.08109],[76.08093,30.0816],[76.08131,30.08213],[76.0817,30.08268],[76.082,30.08323],[76.08231,30.08381],[76.08259,30.0844],[76.08282,30.085],[76.08303,30.0856],[76.08321,30.08621],[76.08335,30.08682],[76.08348,30.08745],[76.08357,30.08808],[76.08363,30.08871],[76.08365,30.08933],[76.08365,30.08997],[76.08363,30.0906],[76.08361,30.09104],[76.0836,30.09123],[76.08357,30.09187],[76.08356,30.0925],[76.08352,30.09313],[76.08384,30.09369],[76.08423,30.09422],[76.08463,30.09475],[76.08504,30.09528],[76.08543,30.09581],[76.0858,30.09633],[76.08623,30.09686],[76.08663,30.09739],[76.08702,30.09792],[76.08743,30.09843],[76.08756,30.09861],[76.08782,30.09897],[76.08821,30.0995],[76.08861,30.10004],[76.08899,30.10058],[76.08938,30.10111],[76.08974,30.10165],[76.09009,30.10221],[76.09027,30.1025],[76.09045,30.10276],[76.09076,30.10332],[76.0911,30.10389],[76.09141,30.10445],[76.09171,30.10503],[76.09194,30.10562],[76.09213,30.10624],[76.0923,30.10685],[76.09247,30.10747],[76.09257,30.1081],[76.09264,30.10843],[76.09269,30.10871],[76.09281,30.10934],[76.09289,30.10995],[76.09307,30.11058],[76.09322,30.11119],[76.0934,30.11181],[76.09361,30.11241],[76.09393,30.11297],[76.09437,30.11348],[76.09484,30.11396],[76.09531,30.11444],[76.09572,30.11498],[76.09596,30.11556],[76.09588,30.11619],[76.09562,30.11678],[76.09525,30.11731],[76.0948,30.11781],[76.0943,30.11828],[76.0938,30.11875],[76.09334,30.11921],[76.09283,30.11967],[76.09234,30.12014],[76.09185,30.1206],[76.09134,30.12104],[76.09081,30.1215],[76.09029,30.12194],[76.08977,30.12238],[76.08925,30.12281],[76.08869,30.12322],[76.08816,30.12365],[76.0876,30.12406],[76.08703,30.12444],[76.08645,30.12483],[76.08583,30.12516],[76.08514,30.12531],[76.0844,30.12533],[76.08369,30.12525],[76.08299,30.12507],[76.0823,30.12487],[76.08163,30.12464],[76.08095,30.12441],[76.08029,30.12418],[76.0796,30.12394],[76.07893,30.12367],[76.07829,30.12342],[76.07808,30.12334],[76.0776,30.12316],[76.07731,30.12304],[76.07695,30.1229],[76.07629,30.12264],[76.07563,30.12237],[76.07497,30.12211],[76.07431,30.12185],[76.07365,30.12158],[76.07298,30.12134],[76.07231,30.12108],[76.07165,30.12085],[76.07098,30.12061],[76.0703,30.12039],[76.06959,30.12022],[76.0693,30.12023],[76.06888,30.12023],[76.06773,30.12046],[76.06828,30.12094],[76.06879,30.12139],[76.06932,30.12182],[76.06986,30.12225],[76.07038,30.12268],[76.07092,30.12312],[76.07142,30.12358],[76.07192,30.12403],[76.0724,30.12451],[76.07281,30.12502],[76.07323,30.12556],[76.07343,30.12594],[76.07352,30.12613],[76.07359,30.12646],[76.07364,30.12675],[76.0736,30.12704],[76.07356,30.12738],[76.07338,30.12799],[76.0731,30.12856],[76.07288,30.1288],[76.07264,30.12905],[76.07195,30.12924],[76.07121,30.12926],[76.0705,30.12923],[76.06978,30.12914],[76.06905,30.12902],[76.06834,30.12889],[76.06763,30.12873],[76.06693,30.12858],[76.06624,30.12844],[76.06553,30.12831],[76.0648,30.1282],[76.06409,30.12813],[76.06335,30.12809],[76.06264,30.12815],[76.06195,30.12837],[76.06133,30.1287],[76.06077,30.12911],[76.06039,30.12964],[76.06029,30.13026],[76.06034,30.13089],[76.06049,30.1315],[76.0607,30.13211],[76.06096,30.1327],[76.06126,30.13328],[76.06157,30.13384],[76.06175,30.13415],[76.0619,30.13441],[76.06207,30.13466],[76.06226,30.13495],[76.06266,30.13548],[76.06312,30.13596],[76.06366,30.1364],[76.06427,30.13674],[76.06498,30.1369],[76.0657,30.13695],[76.06643,30.13696],[76.06715,30.13696],[76.06787,30.137],[76.06857,30.13716],[76.06903,30.13765],[76.06915,30.13827],[76.06917,30.13859],[76.06918,30.13891],[76.06915,30.13924],[76.06911,30.13953],[76.069,30.14015],[76.06879,30.14076],[76.06853,30.14135],[76.06815,30.14188],[76.06765,30.14233],[76.06702,30.14264],[76.06635,30.14287],[76.06574,30.143],[76.06564,30.14302],[76.06493,30.14314],[76.0642,30.14322],[76.06347,30.14331],[76.06275,30.14339],[76.06204,30.14348],[76.06133,30.1436],[76.06063,30.14376],[76.05997,30.144],[76.05932,30.14431],[76.05876,30.14471],[76.05826,30.14515],[76.05775,30.14564],[76.0573,30.14612],[76.05682,30.14659],[76.05627,30.14701],[76.05569,30.14737],[76.05499,30.14754],[76.05466,30.14751],[76.05426,30.14748],[76.05357,30.14726],[76.05293,30.147],[76.05228,30.14669],[76.05164,30.14639],[76.05098,30.14613],[76.05008,30.14908],[76.0513,30.1518],[76.0547,30.15144],[76.0582,30.15105],[76.05997,30.15303],[76.06059,30.15431],[76.06117,30.15528],[76.0611,30.15648],[76.06104,30.15743],[76.05617,30.15963],[76.04471,30.17142],[76.0448,30.17856],[76.04395,30.18152],[76.03874,30.19169],[76.04215,30.19378],[76.0434,30.19631],[76.04999,30.20134],[76.05203,30.20592],[76.05468,30.20856],[76.05177,30.21616],[76.05754,30.2237],[76.06074,30.22465],[76.06541,30.2323],[76.06812,30.23376],[76.06981,30.23294],[76.07183,30.22862],[76.07607,30.23062],[76.08437,30.23005],[76.08879,30.22886],[76.10387,30.23335],[76.10459,30.24191],[76.10823,30.24158],[76.11384,30.24684],[76.11668,30.24583],[76.11939,30.24615],[76.12514,30.25025],[76.12746,30.24491],[76.12892,30.24414],[76.13028,30.24635],[76.13472,30.24915],[76.13384,30.25214],[76.13625,30.25398],[76.14347,30.25735],[76.15424,30.2545],[76.15633,30.24875],[76.15546,30.24325],[76.16114,30.24892],[76.16306,30.25431],[76.16655,30.25639],[76.16819,30.25901],[76.16584,30.26691],[76.16576,30.26716],[76.17101,30.27677],[76.17408,30.27816],[76.17698,30.27765],[76.17792,30.27625],[76.18604,30.27808],[76.19019,30.28309],[76.19148,30.28746],[76.19103,30.2885],[76.19048,30.28983],[76.18759,30.29343],[76.18591,30.298],[76.18177,30.29911],[76.17615,30.30062],[76.17101,30.30922],[76.16824,30.3096],[76.16239,30.30807],[76.15524,30.30481],[76.15443,30.30643],[76.15411,30.31232],[76.15453,30.31387],[76.15779,30.31688],[76.15802,30.31856],[76.15528,30.32239],[76.15183,30.31974],[76.14845,30.3192],[76.14451,30.31702],[76.13945,30.3206],[76.13931,30.3207],[76.13609,30.32155],[76.13493,30.32085],[76.13355,30.32002],[76.1313,30.31723],[76.12518,30.31603],[76.11826,30.31584],[76.10465,30.32116],[76.09726,30.32144],[76.08803,30.31977],[76.07961,30.31609],[76.0755,30.31217],[76.07069,30.313],[76.06566,30.31598],[76.05491,30.31945],[76.05006,30.32341],[76.04569,30.33161],[76.03653,30.33984],[76.03094,30.33776],[76.02076,30.33971],[76.01617,30.33558],[76.01167,30.33482],[76.00868,30.33109],[76.00382,30.33338],[76.00112,30.3332],[75.99772,30.3342],[75.99583,30.33845],[75.99197,30.33852],[75.98817,30.33859],[75.97852,30.34081],[75.97878,30.34615],[75.97313,30.36371],[75.97665,30.36578],[75.98074,30.37349],[75.98811,30.36866],[75.99347,30.36704],[75.99695,30.36706],[75.99818,30.36863],[75.99638,30.37124],[75.99744,30.37457],[76.00301,30.38114],[76.00346,30.38484],[76.01123,30.38189],[76.01273,30.38812],[76.01268,30.39233],[76.01874,30.39606],[76.02383,30.40307],[76.01945,30.41076],[76.02765,30.41424],[76.03162,30.41467],[76.03337,30.41607],[76.03379,30.41956],[76.03574,30.42171],[76.03905,30.42262],[76.04095,30.42408],[76.04075,30.42679],[76.03661,30.43663],[76.04081,30.4387],[76.04888,30.44434],[76.05495,30.45181],[76.05696,30.45317],[76.06284,30.44991],[76.06664,30.45067],[76.06977,30.45223],[76.07741,30.45876],[76.06867,30.46183],[76.06773,30.46386],[76.06818,30.47471],[76.06598,30.47648],[76.05253,30.4817],[76.05103,30.48536],[76.05109,30.49091],[76.0534,30.4958],[76.06594,30.50256],[76.06757,30.50486],[76.0661,30.50975],[76.06693,30.51155],[76.08697,30.51253],[76.11698,30.52191],[76.1545,30.52754],[76.20202,30.54754],[76.23953,30.55317],[76.25642,30.55755],[76.262,30.55958],[76.26263,30.55717],[76.26723,30.55808],[76.26756,30.56056],[76.26565,30.56336],[76.26845,30.56947],[76.27197,30.57443],[76.28038,30.57746],[76.28468,30.57208],[76.286,30.56141],[76.28835,30.55963],[76.29339,30.56059],[76.29982,30.55829],[76.30087,30.54981],[76.31018,30.54654],[76.31221,30.54323],[76.31245,30.53941],[76.31026,30.53167],[76.31561,30.52362],[76.31892,30.51654],[76.32042,30.50816],[76.3223,30.50588],[76.32336,30.50166],[76.30708,30.48441],[76.32338,30.48229],[76.3206,30.47958],[76.31632,30.47309],[76.31644,30.47008],[76.32291,30.46478],[76.32297,30.45886],[76.32686,30.45849],[76.32667,30.454],[76.32379,30.45289],[76.32185,30.44971],[76.31824,30.4504],[76.31631,30.44703],[76.31332,30.44708],[76.31326,30.44271],[76.31136,30.43767],[76.30792,30.43432],[76.31403,30.43377],[76.31921,30.4395],[76.32236,30.43881],[76.32578,30.43996],[76.32728,30.4344],[76.33065,30.43186],[76.34004,30.43684],[76.34421,30.44028],[76.34623,30.44071],[76.35663,30.4361],[76.35999,30.43598],[76.36848,30.43007],[76.37164,30.42592],[76.37429,30.41463],[76.3858,30.42486],[76.39243,30.42705],[76.40361,30.42771],[76.40317,30.43286],[76.39743,30.43867],[76.39629,30.44266],[76.39861,30.44514],[76.40108,30.44333],[76.40303,30.44502],[76.40655,30.44328],[76.4101,30.44732],[76.42355,30.44541],[76.43457,30.45183],[76.44021,30.44724],[76.44966,30.43762],[76.45557,30.44069],[76.46657,30.4342],[76.47054,30.43983],[76.47719,30.44496],[76.48003,30.44958],[76.47924,30.45264],[76.48292,30.45373],[76.48516,30.45617],[76.4837,30.45804],[76.4863,30.46093],[76.48413,30.4635],[76.48629,30.46519],[76.48697,30.46869],[76.48943,30.47084],[76.48905,30.47402],[76.49132,30.47704],[76.48979,30.48138],[76.48315,30.48796],[76.48317,30.49089],[76.48483,30.49346],[76.48501,30.49558],[76.48414,30.49773],[76.47649,30.50277],[76.47977,30.50437],[76.48345,30.51025],[76.48235,30.51367],[76.47957,30.51809],[76.48149,30.52279],[76.48988,30.53352],[76.4893,30.53716],[76.48721,30.53975],[76.48757,30.5512],[76.49004,30.55571],[76.49284,30.5571],[76.48946,30.56113],[76.48843,30.56473],[76.49173,30.56669],[76.49351,30.56925],[76.49742,30.56872],[76.49993,30.57109],[76.50539,30.56764],[76.51473,30.56477],[76.51876,30.56492],[76.52005,30.56138],[76.52353,30.56195],[76.52792,30.56071],[76.53426,30.56423],[76.5373,30.564],[76.54765,30.56956],[76.55364,30.57107],[76.55646,30.56945],[76.55752,30.56701],[76.56575,30.57234],[76.56657,30.57555],[76.56888,30.57481],[76.57001,30.57918],[76.56852,30.58329],[76.56393,30.58735],[76.54663,30.59846],[76.54458,30.60081],[76.54694,30.60894],[76.55112,30.6099],[76.55664,30.61233],[76.55585,30.61505],[76.55817,30.61495],[76.56736,30.60993],[76.57543,30.60718],[76.57944,30.6078],[76.58119,30.6159],[76.57644,30.62106],[76.57403,30.63586],[76.5796,30.63824],[76.57218,30.645],[76.56771,30.65102],[76.57452,30.65498],[76.57503,30.65647],[76.5705,30.66036],[76.56555,30.663],[76.56419,30.66515],[76.56459,30.6675],[76.56624,30.66908],[76.57441,30.66952],[76.57974,30.66578],[76.58204,30.66498],[76.58692,30.66702],[76.58939,30.66928],[76.59365,30.66955],[76.59978,30.67323],[76.60285,30.67352],[76.61839,30.68117],[76.62177,30.68145],[76.62375,30.67864],[76.62677,30.67099],[76.62746,30.66762],[76.6262,30.66529],[76.62635,30.66096],[76.61678,30.64962],[76.61323,30.64802],[76.61346,30.64657],[76.61565,30.64446],[76.61784,30.64027],[76.61622,30.63234],[76.61681,30.62979],[76.619,30.62796],[76.62047,30.62396],[76.62313,30.62426],[76.62379,30.62592],[76.62705,30.62902],[76.63201,30.63082],[76.63761,30.62962],[76.64119,30.62494],[76.64565,30.61546],[76.6475,30.61467],[76.64989,30.6152],[76.65156,30.61472],[76.65121,30.60348],[76.65495,30.59804],[76.6547,30.5962],[76.64983,30.59065],[76.65038,30.58684],[76.65504,30.58738],[76.67519,30.59683],[76.67574,30.59324],[76.67187,30.58531],[76.67141,30.58141],[76.67319,30.57843],[76.67904,30.5729],[76.68568,30.57362],[76.68828,30.5764],[76.69137,30.57726],[76.69289,30.57953],[76.69277,30.58201],[76.69055,30.58794],[76.69064,30.59059],[76.69884,30.59002],[76.70223,30.59052],[76.70349,30.59246],[76.70548,30.59271],[76.70869,30.58889],[76.70847,30.5843],[76.71547,30.57919],[76.71754,30.57575],[76.71899,30.57492],[76.72529,30.57956],[76.72638,30.58272],[76.73145,30.59011],[76.7386,30.59872],[76.74433,30.60004],[76.74619,30.60214],[76.75175,30.61234],[76.74738,30.61681],[76.74565,30.62094],[76.74957,30.6254],[76.75465,30.62842],[76.7617,30.63415],[76.76474,30.6353],[76.76743,30.63864],[76.76572,30.64156],[76.76678,30.64339],[76.76656,30.64506],[76.76437,30.64909],[76.77257,30.65279],[76.78659,30.65156],[76.79509,30.64982],[76.80154,30.65908],[76.80531,30.65895],[76.80721,30.6603],[76.80977,30.66358],[76.80882,30.66671],[76.80653,30.66722],[76.80293,30.67548],[76.80592,30.68026],[76.81051,30.68495],[76.81981,30.68583],[76.81837,30.67296],[76.81882,30.66059]]]}},{"type":"Feature","properties":{"ID_0":105,"ISO":"IND","NAME_0":"India","ID_1":28,"NAME_1":"Punjab","ID_2":421,"NAME_2":"Rupnagar","NL_NAME_2":null,"VARNAME_2":"Ropar, Roop Nagar, Rupar","TYPE_2":"District","ENGTYPE_2":"District","STATE":"Punjab","DISTRICT":"Rupnagar"},"geometry":{"type":"Polygon","coordinates":[[[76.38163,31.41062],[76.3904,31.39733],[76.37925,31.39117],[76.39105,31.37863],[76.39925,31.36547],[76.40884,31.35375],[76.41285,31.34766],[76.41817,31.33731],[76.42802,31.32518],[76.43745,31.31742],[76.44827,31.30599],[76.44559,31.30041],[76.43581,31.29464],[76.4285,31.28923],[76.43114,31.28284],[76.44578,31.28971],[76.45101,31.29621],[76.46209,31.30681],[76.46671,31.31021],[76.47245,31.3067],[76.47506,31.299],[76.47565,31.2922],[76.47973,31.2891],[76.48321,31.28427],[76.48859,31.2734],[76.49824,31.27329],[76.5034,31.27789],[76.51091,31.28262],[76.51427,31.28308],[76.51659,31.27739],[76.51428,31.2645],[76.51811,31.26231],[76.52789,31.26996],[76.53123,31.28354],[76.53717,31.28395],[76.53481,31.27233],[76.53265,31.26651],[76.53495,31.25535],[76.54592,31.25588],[76.55225,31.26485],[76.5705,31.28015],[76.60162,31.25091],[76.59268,31.24615],[76.58471,31.23964],[76.58253,31.23095],[76.57597,31.22579],[76.57935,31.22049],[76.58061,31.21635],[76.58677,31.21606],[76.61626,31.22944],[76.62595,31.22709],[76.62453,31.22104],[76.63415,31.21534],[76.63542,31.21298],[76.62012,31.20666],[76.6187,31.2039],[76.61221,31.20264],[76.60577,31.19712],[76.60066,31.19103],[76.59831,31.18648],[76.59039,31.18286],[76.59247,31.17229],[76.58944,31.16476],[76.59149,31.16032],[76.59007,31.15727],[76.59467,31.15134],[76.59875,31.15117],[76.59396,31.1365],[76.58932,31.1277],[76.59744,31.1262],[76.60728,31.11964],[76.61559,31.12158],[76.62371,31.11801],[76.62573,31.11024],[76.61185,31.09639],[76.60783,31.0835],[76.6049,31.07838],[76.60953,31.06067],[76.59897,31.05355],[76.60152,31.04356],[76.60519,31.03352],[76.6136,31.02199],[76.61007,31.00423],[76.61242,31.00205],[76.62095,30.9983],[76.62592,30.9925],[76.63335,30.99072],[76.65306,30.98181],[76.66264,30.97113],[76.66819,30.96988],[76.69424,30.97249],[76.69616,30.97179],[76.69838,30.96889],[76.70508,30.9633],[76.7126,30.96342],[76.72414,30.95058],[76.72548,30.94251],[76.72602,30.93933],[76.73837,30.93006],[76.74382,30.92904],[76.74863,30.92916],[76.74869,30.9238],[76.75412,30.92295],[76.75384,30.91782],[76.76986,30.90639],[76.76254,30.89341],[76.76904,30.87653],[76.77334,30.87115],[76.78494,30.86127],[76.80122,30.84252],[76.80656,30.84025],[76.81895,30.8371],[76.82775,30.83257],[76.8321,30.82542],[76.83336,30.81589],[76.83351,30.80457],[76.84135,30.79909],[76.84679,30.79252],[76.83082,30.76793],[76.82819,30.76379],[76.81199,30.76664],[76.80145,30.76277],[76.79314,30.76652],[76.79137,30.7695],[76.80345,30.7776],[76.80388,30.77902],[76.80217,30.78183],[76.79777,30.78527],[76.79613,30.78577],[76.78873,30.78097],[76.78094,30.77387],[76.77557,30.77605],[76.7693,30.77698],[76.77267,30.78308],[76.77629,30.78404],[76.77733,30.78546],[76.77335,30.7879],[76.7676,30.79512],[76.75934,30.79904],[76.75092,30.79685],[76.74575,30.79464],[76.74299,30.79148],[76.73999,30.79108],[76.73822,30.78985],[76.73923,30.78608],[76.73515,30.783],[76.73051,30.78101],[76.73123,30.77702],[76.72924,30.77625],[76.72275,30.77072],[76.71832,30.76909],[76.70786,30.77011],[76.69063,30.76008],[76.69293,30.75739],[76.69332,30.75266],[76.69068,30.74666],[76.69267,30.74471],[76.69546,30.74409],[76.70127,30.74529],[76.70992,30.73548],[76.71116,30.73229],[76.71614,30.72863],[76.71796,30.72063],[76.7176,30.71747],[76.71534,30.71498],[76.7152,30.7133],[76.72155,30.71209],[76.72546,30.70999],[76.72691,30.70755],[76.7261,30.70492],[76.72459,30.70379],[76.7263,30.69591],[76.72749,30.69566],[76.73045,30.6975],[76.73289,30.69716],[76.73848,30.68915],[76.74503,30.69046],[76.77069,30.67794],[76.78931,30.67058],[76.79437,30.66932],[76.80293,30.67548],[76.80653,30.66722],[76.80882,30.66671],[76.80977,30.66358],[76.80721,30.6603],[76.80531,30.65895],[76.80154,30.65908],[76.79509,30.64982],[76.78659,30.65156],[76.77257,30.65279],[76.76437,30.64909],[76.76656,30.64506],[76.76678,30.64339],[76.76572,30.64156],[76.76743,30.63864],[76.76474,30.6353],[76.7617,30.63415],[76.75465,30.62842],[76.74957,30.6254],[76.74565,30.62094],[76.74738,30.61681],[76.75175,30.61234],[76.74619,30.60214],[76.74433,30.60004],[76.7386,30.59872],[76.73145,30.59011],[76.72638,30.58272],[76.72529,30.57956],[76.71899,30.57492],[76.71754,30.57575],[76.71547,30.57919],[76.70847,30.5843],[76.70869,30.58889],[76.70548,30.59271],[76.70349,30.59246],[76.70223,30.59052],[76.69884,30.59002],[76.69064,30.59059],[76.69055,30.58794],[76.69277,30.58201],[76.69289,30.57953],[76.69137,30.57726],[76.68828,30.5764],[76.68568,30.57362],[76.67904,30.5729],[76.67319,30.57843],[76.67141,30.58141],[76.67187,30.58531],[76.67574,30.59324],[76.67519,30.59683],[76.65504,30.58738],[76.65038,30.58684],[76.64983,30.59065],[76.6547,30.5962],[76.65495,30.59804],[76.65121,30.60348],[76.65156,30.61472],[76.64989,30.6152],[76.6475,30.61467],[76.64565,30.61546],[76.64119,30.62494],[76.63761,30.62962],[76.63201,30.63082],[76.62705,30.62902],[76.62379,30.62592],[76.62313,30.62426],[76.62047,30.62396],[76.619,30.62796],[76.61681,30.62979],[76.61622,30.63234],[76.61784,30.64027],[76.61565,30.64446],[76.61346,30.64657],[76.61323,30.64802],[76.61678,30.64962],[76.62635,30.66096],[76.6262,30.66529],[76.62746,30.66762],[76.62677,30.67099],[76.62375,30.67864],[76.62177,30.68145],[76.61839,30.68117],[76.60285,30.67352],[76.59978,30.67323],[76.59365,30.66955],[76.58939,30.66928],[76.58692,30.66702],[76.58204,30.66498],[76.57974,30.66578],[76.57441,30.66952],[76.56624,30.66908],[76.56459,30.6675],[76.56419,30.66515],[76.56555,30.663],[76.5705,30.66036],[76.57503,30.65647],[76.57452,30.65498],[76.56771,30.65102],[76.55838,30.64705],[76.5491,30.64791],[76.54271,30.6444],[76.54296,30.64175],[76.54565,30.63599],[76.54623,30.63281],[76.54386,30.63159],[76.5312,30.63852],[76.52382,30.64413],[76.52143,30.6437],[76.5181,30.63876],[76.51643,30.64051],[76.5155,30.64306],[76.51765,30.64879],[76.52112,30.65143],[76.53493,30.65763],[76.53885,30.66212],[76.54,30.66474],[76.5444,30.66801],[76.54908,30.67488],[76.55537,30.67598],[76.55795,30.67765],[76.55696,30.6824],[76.55125,30.69184],[76.54866,30.69391],[76.54164,30.69479],[76.54047,30.69995],[76.5415,30.70563],[76.53714,30.71164],[76.53384,30.7139],[76.52969,30.71249],[76.51057,30.71226],[76.50428,30.71024],[76.5025,30.71512],[76.51413,30.72055],[76.51785,30.72348],[76.51815,30.72659],[76.52206,30.72628],[76.52692,30.72711],[76.53153,30.73094],[76.53024,30.73477],[76.52454,30.74105],[76.52517,30.74276],[76.53083,30.74762],[76.53151,30.75066],[76.52745,30.76162],[76.52028,30.7685],[76.51386,30.76418],[76.49453,30.7529],[76.48203,30.74902],[76.47833,30.74967],[76.46993,30.75368],[76.45806,30.74907],[76.45184,30.75702],[76.45041,30.75761],[76.44842,30.75563],[76.44695,30.75566],[76.43296,30.76283],[76.42965,30.76358],[76.41727,30.76119],[76.40881,30.76382],[76.40619,30.76399],[76.40052,30.7608],[76.39726,30.76172],[76.39517,30.77432],[76.3964,30.77638],[76.40391,30.7827],[76.40276,30.7939],[76.40504,30.79968],[76.40706,30.80126],[76.40526,30.80359],[76.39544,30.81126],[76.38207,30.81086],[76.37959,30.81165],[76.3779,30.81346],[76.37757,30.81542],[76.37936,30.82341],[76.37919,30.83384],[76.37695,30.83509],[76.36678,30.83665],[76.36359,30.83492],[76.36037,30.83007],[76.35906,30.82975],[76.35602,30.83216],[76.35313,30.83325],[76.34323,30.83342],[76.33756,30.83225],[76.33538,30.83315],[76.33389,30.83664],[76.32993,30.84016],[76.32227,30.84208],[76.32189,30.84323],[76.32295,30.84511],[76.32201,30.8471],[76.31546,30.85257],[76.31593,30.85386],[76.3175,30.85455],[76.31773,30.85662],[76.32033,30.85963],[76.32399,30.86175],[76.33086,30.86255],[76.33656,30.86759],[76.34413,30.86925],[76.3462,30.87215],[76.35699,30.87548],[76.36112,30.87835],[76.36172,30.88104],[76.35966,30.89307],[76.35618,30.90224],[76.35201,30.90796],[76.34756,30.91125],[76.33559,30.91533],[76.33028,30.91368],[76.32608,30.90984],[76.32324,30.90175],[76.31981,30.89986],[76.31459,30.88876],[76.31496,30.88202],[76.31059,30.88148],[76.30836,30.8812],[76.30754,30.91815],[76.30386,30.92277],[76.30274,30.92815],[76.30868,30.93116],[76.31107,30.93378],[76.30952,30.94284],[76.30529,30.95427],[76.30273,30.98595],[76.30054,30.99151],[76.2973,30.99267],[76.29665,30.99257],[76.29504,30.9945],[76.29885,30.99771],[76.30326,30.99867],[76.30724,30.99786],[76.31245,30.99824],[76.31403,30.99612],[76.31419,30.99117],[76.31386,30.98663],[76.31252,30.984],[76.31529,30.98291],[76.32928,30.98382],[76.33073,30.98323],[76.33187,30.98096],[76.33624,30.97766],[76.34348,30.9746],[76.34911,30.97359],[76.35508,30.97544],[76.35706,30.9776],[76.35909,30.97837],[76.36259,30.97768],[76.37228,30.97929],[76.38885,30.97919],[76.39234,30.97855],[76.39336,30.97628],[76.39528,30.97602],[76.4021,30.97706],[76.40434,30.97621],[76.409,30.97659],[76.42837,30.97452],[76.45049,30.97787],[76.46145,30.98172],[76.46723,30.98184],[76.47883,30.98013],[76.48119,30.98159],[76.49516,30.98139],[76.49847,30.983],[76.50093,30.9852],[76.50656,30.99822],[76.50201,31.00413],[76.49541,31.00744],[76.4852,31.0134],[76.46712,31.02801],[76.45273,31.04321],[76.44778,31.05656],[76.44095,31.05948],[76.42295,31.0834],[76.42054,31.09346],[76.41528,31.10019],[76.4189,31.10968],[76.41592,31.11808],[76.40834,31.12308],[76.40411,31.13021],[76.37382,31.15163],[76.36921,31.15796],[76.36217,31.17571],[76.35626,31.1871],[76.34774,31.19859],[76.34332,31.20843],[76.33938,31.20928],[76.33316,31.21329],[76.32846,31.21852],[76.32684,31.22589],[76.32504,31.22841],[76.32171,31.22941],[76.32526,31.23286],[76.33349,31.23512],[76.33791,31.24095],[76.32647,31.24983],[76.32313,31.25397],[76.31811,31.26593],[76.31302,31.2696],[76.30507,31.2731],[76.29923,31.27763],[76.2969,31.28124],[76.29603,31.29201],[76.29448,31.29539],[76.28524,31.29531],[76.28056,31.29811],[76.278,31.30237],[76.27736,31.30993],[76.28439,31.31356],[76.29039,31.31563],[76.2961,31.3192],[76.30227,31.32636],[76.29597,31.34223],[76.29992,31.34383],[76.3158,31.3475],[76.31783,31.35222],[76.32446,31.34711],[76.33008,31.34528],[76.33666,31.35302],[76.3313,31.35909],[76.33002,31.36771],[76.32958,31.37952],[76.31824,31.3811],[76.31877,31.38818],[76.31584,31.40238],[76.32952,31.40114],[76.3346,31.40374],[76.34689,31.40571],[76.35313,31.41246],[76.35915,31.41563],[76.35677,31.42961],[76.36314,31.44135],[76.36917,31.42814],[76.37527,31.42216],[76.37303,31.41365],[76.38163,31.41062]]]}},{"type":"Feature","properties":{"ID_0":105,"ISO":"IND","NAME_0":"India","ID_1":28,"NAME_1":"Punjab","ID_2":422,"NAME_2":"Sangrur","NL_NAME_2":null,"VARNAME_2":"Sangroor","TYPE_2":"District","ENGTYPE_2":"District","STATE":"Punjab","DISTRICT":"Sangrur"},"geometry":{"type":"Polygon","coordinates":[[[75.84119,30.67299],[75.84695,30.6726],[75.85998,30.67896],[75.8684,30.67747],[75.8717,30.6742],[75.87184,30.67041],[75.87395,30.66627],[75.88257,30.66253],[75.88519,30.65655],[75.88428,30.64895],[75.86408,30.64075],[75.86357,30.63252],[75.8684,30.6278],[75.87785,30.62287],[75.87804,30.61263],[75.88352,30.60814],[75.8932,30.60694],[75.89976,30.61115],[75.90643,30.61168],[75.91352,30.60812],[75.91866,30.59834],[75.91289,30.59402],[75.91125,30.59126],[75.91476,30.58895],[75.91648,30.57855],[75.92544,30.57165],[75.93021,30.57211],[75.93829,30.57454],[75.94524,30.57882],[75.9481,30.58792],[75.95042,30.59034],[75.96266,30.59451],[75.97132,30.59961],[75.97496,30.60087],[75.97979,30.60076],[75.98769,30.60324],[75.99127,30.60498],[75.99469,30.61368],[75.99855,30.61508],[76.01563,30.61764],[76.01785,30.61616],[76.0179,30.61184],[76.0197,30.61025],[76.02055,30.60697],[76.01994,30.60252],[76.02317,30.59207],[76.02544,30.58999],[76.0333,30.58924],[76.04684,30.58186],[76.05012,30.58301],[76.05273,30.58492],[76.05549,30.5828],[76.05352,30.57243],[76.05642,30.56881],[76.05917,30.56669],[76.06435,30.56714],[76.07124,30.56471],[76.06812,30.55931],[76.06836,30.55499],[76.06471,30.54961],[76.06459,30.54773],[76.07243,30.54078],[76.07294,30.53817],[76.07694,30.53363],[76.07553,30.5302],[76.07061,30.52354],[76.06848,30.5149],[76.06693,30.51155],[76.0661,30.50975],[76.06757,30.50486],[76.06594,30.50256],[76.0534,30.4958],[76.05109,30.49091],[76.05103,30.48536],[76.05253,30.4817],[76.06598,30.47648],[76.06818,30.47471],[76.06773,30.46386],[76.06867,30.46183],[76.07741,30.45876],[76.06977,30.45223],[76.06664,30.45067],[76.06284,30.44991],[76.05696,30.45317],[76.05495,30.45181],[76.04888,30.44434],[76.04081,30.4387],[76.03661,30.43663],[76.04075,30.42679],[76.04095,30.42408],[76.03905,30.42262],[76.03574,30.42171],[76.03379,30.41956],[76.03337,30.41607],[76.03162,30.41467],[76.02765,30.41424],[76.01945,30.41076],[76.02383,30.40307],[76.01874,30.39606],[76.01268,30.39233],[76.01273,30.38812],[76.01123,30.38189],[76.00346,30.38484],[76.00301,30.38114],[75.99744,30.37457],[75.99638,30.37124],[75.99818,30.36863],[75.99695,30.36706],[75.99347,30.36704],[75.98811,30.36866],[75.98074,30.37349],[75.97665,30.36578],[75.97313,30.36371],[75.97878,30.34615],[75.97852,30.34081],[75.98817,30.33859],[75.99197,30.33852],[75.99583,30.33845],[75.99772,30.3342],[76.00112,30.3332],[76.00382,30.33338],[76.00868,30.33109],[76.01167,30.33482],[76.01617,30.33558],[76.02076,30.33971],[76.03094,30.33776],[76.03653,30.33984],[76.04569,30.33161],[76.05006,30.32341],[76.05491,30.31945],[76.06566,30.31598],[76.07069,30.313],[76.0755,30.31217],[76.07961,30.31609],[76.08803,30.31977],[76.09726,30.32144],[76.10465,30.32116],[76.11826,30.31584],[76.12518,30.31603],[76.1313,30.31723],[76.13355,30.32002],[76.13493,30.32085],[76.13609,30.32155],[76.13931,30.3207],[76.13945,30.3206],[76.14451,30.31702],[76.14845,30.3192],[76.15183,30.31974],[76.15528,30.32239],[76.15802,30.31856],[76.15779,30.31688],[76.15453,30.31387],[76.15411,30.31232],[76.15443,30.30643],[76.15524,30.30481],[76.16239,30.30807],[76.16824,30.3096],[76.17101,30.30922],[76.17615,30.30062],[76.18177,30.29911],[76.18591,30.298],[76.18759,30.29343],[76.19048,30.28983],[76.19103,30.2885],[76.19148,30.28746],[76.19019,30.28309],[76.18604,30.27808],[76.17792,30.27625],[76.17698,30.27765],[76.17408,30.27816],[76.17101,30.27677],[76.16576,30.26716],[76.16584,30.26691],[76.16819,30.25901],[76.16655,30.25639],[76.16306,30.25431],[76.16114,30.24892],[76.15546,30.24325],[76.15633,30.24875],[76.15424,30.2545],[76.14347,30.25735],[76.13625,30.25398],[76.13384,30.25214],[76.13472,30.24915],[76.13028,30.24635],[76.12892,30.24414],[76.12746,30.24491],[76.12514,30.25025],[76.11939,30.24615],[76.11668,30.24583],[76.11384,30.24684],[76.10823,30.24158],[76.10459,30.24191],[76.10387,30.23335],[76.08879,30.22886],[76.08437,30.23005],[76.07607,30.23062],[76.07183,30.22862],[76.06981,30.23294],[76.06812,30.23376],[76.06541,30.2323],[76.06074,30.22465],[76.05754,30.2237],[76.05177,30.21616],[76.05468,30.20856],[76.05203,30.20592],[76.04999,30.20134],[76.0434,30.19631],[76.04215,30.19378],[76.03874,30.19169],[76.04395,30.18152],[76.0448,30.17856],[76.04471,30.17142],[76.05617,30.15963],[76.06104,30.15743],[76.0611,30.15648],[76.06117,30.15528],[76.06059,30.15431],[76.05997,30.15303],[76.0582,30.15105],[76.0547,30.15144],[76.0513,30.1518],[76.05008,30.14908],[76.05098,30.14613],[76.05164,30.14639],[76.05228,30.14669],[76.05293,30.147],[76.05357,30.14726],[76.05426,30.14748],[76.05466,30.14751],[76.05499,30.14754],[76.05569,30.14737],[76.05627,30.14701],[76.05682,30.14659],[76.0573,30.14612],[76.05775,30.14564],[76.05826,30.14515],[76.05876,30.14471],[76.05932,30.14431],[76.05997,30.144],[76.06063,30.14376],[76.06133,30.1436],[76.06204,30.14348],[76.06275,30.14339],[76.06347,30.14331],[76.0642,30.14322],[76.06493,30.14314],[76.06564,30.14302],[76.06574,30.143],[76.06635,30.14287],[76.06702,30.14264],[76.06765,30.14233],[76.06815,30.14188],[76.06853,30.14135],[76.06879,30.14076],[76.069,30.14015],[76.06911,30.13953],[76.06915,30.13924],[76.06918,30.13891],[76.06917,30.13859],[76.06915,30.13827],[76.06903,30.13765],[76.06857,30.13716],[76.06787,30.137],[76.06715,30.13696],[76.06643,30.13696],[76.0657,30.13695],[76.06498,30.1369],[76.06427,30.13674],[76.06366,30.1364],[76.06312,30.13596],[76.06266,30.13548],[76.06226,30.13495],[76.06207,30.13466],[76.0619,30.13441],[76.06175,30.13415],[76.06157,30.13384],[76.06126,30.13328],[76.06096,30.1327],[76.0607,30.13211],[76.06049,30.1315],[76.06034,30.13089],[76.06029,30.13026],[76.06039,30.12964],[76.06077,30.12911],[76.06133,30.1287],[76.06195,30.12837],[76.06264,30.12815],[76.06335,30.12809],[76.06409,30.12813],[76.0648,30.1282],[76.06553,30.12831],[76.06624,30.12844],[76.06693,30.12858],[76.06763,30.12873],[76.06834,30.12889],[76.06905,30.12902],[76.06978,30.12914],[76.0705,30.12923],[76.07121,30.12926],[76.07195,30.12924],[76.07264,30.12905],[76.07288,30.1288],[76.0731,30.12856],[76.07338,30.12799],[76.07356,30.12738],[76.0736,30.12704],[76.07364,30.12675],[76.07359,30.12646],[76.07352,30.12613],[76.07343,30.12594],[76.07323,30.12556],[76.07281,30.12502],[76.0724,30.12451],[76.07192,30.12403],[76.07142,30.12358],[76.07092,30.12312],[76.07038,30.12268],[76.06986,30.12225],[76.06932,30.12182],[76.06879,30.12139],[76.06828,30.12094],[76.06773,30.12046],[76.06888,30.12023],[76.0693,30.12023],[76.06959,30.12022],[76.0703,30.12039],[76.07098,30.12061],[76.07165,30.12085],[76.07231,30.12108],[76.07298,30.12134],[76.07365,30.12158],[76.07431,30.12185],[76.07497,30.12211],[76.07563,30.12237],[76.07629,30.12264],[76.07695,30.1229],[76.07731,30.12304],[76.0776,30.12316],[76.07808,30.12334],[76.07829,30.12342],[76.07893,30.12367],[76.0796,30.12394],[76.08029,30.12418],[76.08095,30.12441],[76.08163,30.12464],[76.0823,30.12487],[76.08299,30.12507],[76.08369,30.12525],[76.0844,30.12533],[76.08514,30.12531],[76.08583,30.12516],[76.08645,30.12483],[76.08703,30.12444],[76.0876,30.12406],[76.08816,30.12365],[76.08869,30.12322],[76.08925,30.12281],[76.08977,30.12238],[76.09029,30.12194],[76.09081,30.1215],[76.09134,30.12104],[76.09185,30.1206],[76.09234,30.12014],[76.09283,30.11967],[76.09334,30.11921],[76.0938,30.11875],[76.0943,30.11828],[76.0948,30.11781],[76.09525,30.11731],[76.09562,30.11678],[76.09588,30.11619],[76.09596,30.11556],[76.09572,30.11498],[76.09531,30.11444],[76.09484,30.11396],[76.09437,30.11348],[76.09393,30.11297],[76.09361,30.11241],[76.0934,30.11181],[76.09322,30.11119],[76.09307,30.11058],[76.09289,30.10995],[76.09281,30.10934],[76.09269,30.10871],[76.09264,30.10843],[76.09257,30.1081],[76.09247,30.10747],[76.0923,30.10685],[76.09213,30.10624],[76.09194,30.10562],[76.09171,30.10503],[76.09141,30.10445],[76.0911,30.10389],[76.09076,30.10332],[76.09045,30.10276],[76.09027,30.1025],[76.09009,30.10221],[76.08974,30.10165],[76.08938,30.10111],[76.08899,30.10058],[76.08861,30.10004],[76.08821,30.0995],[76.08782,30.09897],[76.08756,30.09861],[76.08743,30.09843],[76.08702,30.09792],[76.08663,30.09739],[76.08623,30.09686],[76.0858,30.09633],[76.08543,30.09581],[76.08504,30.09528],[76.08463,30.09475],[76.08423,30.09422],[76.08384,30.09369],[76.08352,30.09313],[76.08356,30.0925],[76.08357,30.09187],[76.0836,30.09123],[76.08361,30.09104],[76.08363,30.0906],[76.08365,30.08997],[76.08365,30.08933],[76.08363,30.08871],[76.08357,30.08808],[76.08348,30.08745],[76.08335,30.08682],[76.08321,30.08621],[76.08303,30.0856],[76.08282,30.085],[76.08259,30.0844],[76.08231,30.08381],[76.082,30.08323],[76.0817,30.08268],[76.08131,30.08213],[76.08093,30.0816],[76.08053,30.08109],[76.08006,30.08058],[76.07962,30.08008],[76.07913,30.07962],[76.07861,30.07917],[76.07851,30.0791],[76.07806,30.07877],[76.07742,30.07847],[76.07677,30.0782],[76.07609,30.07796],[76.07543,30.07769],[76.07483,30.07736],[76.07436,30.07686],[76.07434,30.07624],[76.07449,30.07563],[76.07471,30.07503],[76.075,30.07445],[76.07529,30.07388],[76.07561,30.07331],[76.07596,30.07274],[76.07632,30.0722],[76.07668,30.07167],[76.07705,30.07111],[76.07742,30.07057],[76.07778,30.07002],[76.07814,30.06947],[76.07849,30.06892],[76.0788,30.06835],[76.07909,30.06776],[76.07934,30.06714],[76.0789,30.06681],[76.07822,30.06702],[76.07755,30.06724],[76.07689,30.06746],[76.07617,30.06762],[76.07544,30.06763],[76.07471,30.06755],[76.07402,30.06743],[76.07372,30.0674],[76.0733,30.06734],[76.07272,30.06734],[76.07256,30.06734],[76.07185,30.06748],[76.07118,30.06769],[76.07051,30.06796],[76.07015,30.06811],[76.06986,30.06824],[76.06922,30.06854],[76.06859,30.06882],[76.06792,30.06909],[76.06724,30.06931],[76.06656,30.06953],[76.06587,30.06975],[76.06519,30.06995],[76.06487,30.07005],[76.06452,30.07015],[76.0638,30.0703],[76.06307,30.07038],[76.06238,30.07034],[76.06168,30.07015],[76.06106,30.06981],[76.0605,30.0694],[76.05998,30.06894],[76.05952,30.06845],[76.05907,30.06798],[76.05861,30.06749],[76.05813,30.06703],[76.05758,30.06659],[76.05697,30.06623],[76.05632,30.06645],[76.05574,30.06685],[76.05552,30.06738],[76.05555,30.06803],[76.05563,30.06865],[76.05569,30.06928],[76.05576,30.0699],[76.05585,30.07053],[76.0559,30.07116],[76.05592,30.07179],[76.05589,30.07213],[76.05586,30.07242],[76.05573,30.07303],[76.0555,30.07363],[76.05511,30.07416],[76.05466,30.07465],[76.05413,30.07509],[76.05355,30.07549],[76.05296,30.07585],[76.05235,30.07618],[76.05172,30.07649],[76.05108,30.07677],[76.05041,30.07702],[76.04973,30.07726],[76.04904,30.07746],[76.04861,30.07757],[76.04835,30.07764],[76.04762,30.07762],[76.04694,30.07744],[76.04629,30.07714],[76.04571,30.07677],[76.04522,30.0763],[76.04492,30.07573],[76.04476,30.07512],[76.04467,30.07449],[76.04459,30.07386],[76.04449,30.07324],[76.04432,30.07262],[76.04403,30.07205],[76.04359,30.07154],[76.04313,30.07107],[76.04284,30.07081],[76.04263,30.07061],[76.04209,30.07018],[76.04153,30.06976],[76.04099,30.06936],[76.04041,30.06896],[76.03986,30.06857],[76.03929,30.06818],[76.03872,30.06778],[76.03857,30.06767],[76.03816,30.06739],[76.03762,30.06697],[76.03706,30.06657],[76.03653,30.06612],[76.03604,30.06566],[76.03558,30.06517],[76.03552,30.06508],[76.03526,30.06463],[76.03548,30.06402],[76.03571,30.06376],[76.03591,30.06352],[76.03616,30.06332],[76.03645,30.06308],[76.037,30.06269],[76.03767,30.06242],[76.03836,30.06224],[76.03907,30.0621],[76.03978,30.06196],[76.04046,30.06174],[76.04095,30.06129],[76.04094,30.06065],[76.0407,30.06007],[76.04023,30.05959],[76.03954,30.0594],[76.03883,30.05933],[76.03849,30.05931],[76.03812,30.05929],[76.03738,30.05929],[76.03664,30.05931],[76.03593,30.05932],[76.0352,30.05934],[76.03447,30.05933],[76.03375,30.05929],[76.03303,30.0592],[76.03233,30.05903],[76.03168,30.05875],[76.03111,30.05837],[76.0306,30.05791],[76.03016,30.05742],[76.02975,30.0569],[76.02942,30.05635],[76.02907,30.05578],[76.02875,30.05523],[76.02844,30.05466],[76.02814,30.05409],[76.02779,30.05345],[76.02808,30.05289],[76.02838,30.05232],[76.02828,30.05172],[76.02782,30.05122],[76.02722,30.05088],[76.02654,30.05063],[76.02586,30.05044],[76.02515,30.05028],[76.02447,30.05009],[76.0238,30.04984],[76.02321,30.0495],[76.02274,30.04901],[76.02243,30.04845],[76.02222,30.04784],[76.02225,30.04721],[76.02249,30.04663],[76.02293,30.04613],[76.02339,30.04565],[76.02391,30.04522],[76.02445,30.0448],[76.025,30.04438],[76.02553,30.04395],[76.02601,30.04349],[76.02646,30.04297],[76.0266,30.04266],[76.02673,30.0424],[76.0268,30.04178],[76.02666,30.04116],[76.02649,30.04081],[76.0264,30.04058],[76.02607,30.04002],[76.02569,30.03949],[76.02528,30.03897],[76.02483,30.03847],[76.02438,30.03798],[76.02393,30.03749],[76.02348,30.037],[76.02325,30.03677],[76.023,30.03653],[76.02255,30.03605],[76.02208,30.03558],[76.02187,30.03537],[76.02161,30.0351],[76.02113,30.03463],[76.02064,30.03417],[76.02016,30.0337],[76.01991,30.03345],[76.01968,30.03324],[76.01918,30.03277],[76.01867,30.03232],[76.01817,30.03187],[76.01768,30.03142],[76.01717,30.03098],[76.01665,30.03053],[76.01614,30.0301],[76.01562,30.02966],[76.01511,30.02923],[76.01455,30.0288],[76.01405,30.02836],[76.01351,30.02794],[76.01295,30.02755],[76.01234,30.02721],[76.01169,30.02694],[76.011,30.02675],[76.01028,30.02668],[76.00956,30.02677],[76.00889,30.02697],[76.00822,30.02722],[76.00787,30.02735],[76.00754,30.02747],[76.00719,30.02759],[76.00687,30.02768],[76.00616,30.02782],[76.00545,30.02775],[76.00481,30.02748],[76.00421,30.02711],[76.00369,30.02666],[76.00321,30.02621],[76.00275,30.02571],[76.0024,30.02518],[76.00289,30.02478],[76.00317,30.02426],[76.00278,30.02372],[76.00232,30.02323],[76.00185,30.02275],[76.0014,30.02226],[76.00105,30.02169],[76.00111,30.02132],[76.00117,30.02109],[76.00166,30.02066],[76.00229,30.02034],[76.00294,30.02008],[76.00362,30.01983],[76.00428,30.01955],[76.00487,30.0192],[76.00525,30.01867],[76.00564,30.01815],[76.00603,30.01762],[76.00638,30.01708],[76.00661,30.01649],[76.00686,30.0159],[76.00691,30.01527],[76.00677,30.01503],[76.00658,30.01471],[76.00616,30.0142],[76.00571,30.0137],[76.00521,30.01328],[76.00468,30.01284],[76.00413,30.01242],[76.00355,30.01204],[76.00296,30.01166],[76.00237,30.01133],[76.00173,30.01102],[76.00108,30.01074],[76.00042,30.01048],[75.99976,30.01024],[75.99908,30.01],[75.99841,30.00976],[75.99802,30.00962],[75.99773,30.00952],[75.99741,30.0094],[75.99708,30.00928],[75.99678,30.00916],[75.99641,30.00902],[75.99577,30.00872],[75.99515,30.0084],[75.99458,30.00801],[75.99408,30.00754],[75.99387,30.00694],[75.99415,30.00638],[75.99456,30.0059],[75.99504,30.00546],[75.99553,30.00506],[75.99606,30.00467],[75.99657,30.00426],[75.99708,30.00382],[75.99764,30.00328],[75.99931,29.9985],[76.01054,29.98438],[76.01154,29.97846],[76.01788,29.9744],[76.02031,29.96782],[76.01778,29.96036],[76.01388,29.95463],[76.00491,29.94742],[75.99612,29.94847],[75.98892,29.95052],[75.98013,29.95074],[75.97433,29.93821],[75.97678,29.92427],[75.97476,29.91662],[75.97266,29.91235],[75.9716,29.91021],[75.98512,29.90023],[75.98901,29.90043],[75.99634,29.89819],[76.00868,29.89442],[76.01075,29.89147],[76.01074,29.88358],[76.01222,29.87766],[76.01344,29.8744],[76.01637,29.87122],[76.02754,29.87792],[76.03002,29.8794],[76.03254,29.87732],[76.03561,29.87622],[76.0395,29.8775],[76.04325,29.87225],[76.04446,29.87272],[76.04575,29.87319],[76.04913,29.87188],[76.04763,29.86238],[76.04839,29.85844],[76.05695,29.84623],[76.06862,29.84465],[76.07891,29.8492],[76.08981,29.84944],[76.09449,29.85069],[76.09949,29.85476],[76.10304,29.85899],[76.10749,29.86052],[76.11185,29.86],[76.11478,29.8579],[76.11475,29.85613],[76.11469,29.85373],[76.11284,29.84909],[76.11288,29.84416],[76.11121,29.83945],[76.10745,29.8336],[76.10196,29.82761],[76.10068,29.82487],[76.09927,29.82187],[76.09779,29.82003],[76.09611,29.81796],[76.09362,29.81589],[76.09199,29.81451],[76.09056,29.81083],[76.08606,29.8099],[76.07767,29.80577],[76.07558,29.79705],[76.07544,29.7879],[76.07434,29.78124],[76.0699,29.77602],[76.0632,29.77746],[76.05843,29.77315],[76.04148,29.74878],[76.03565,29.74668],[76.03292,29.7496],[76.03171,29.75088],[76.02425,29.7556],[76.01759,29.75607],[76.01128,29.75282],[76.00383,29.75093],[75.98927,29.74231],[75.98,29.73617],[75.97255,29.73237],[75.97046,29.73211],[75.96486,29.73138],[75.95749,29.73212],[75.95009,29.73391],[75.94235,29.73428],[75.93867,29.73351],[75.93662,29.73308],[75.93401,29.73253],[75.92891,29.73365],[75.92315,29.73491],[75.91395,29.73877],[75.90314,29.74628],[75.89723,29.75553],[75.89069,29.75321],[75.87928,29.74707],[75.87202,29.75012],[75.86378,29.75233],[75.85459,29.76966],[75.84363,29.77596],[75.84125,29.78084],[75.83339,29.79066],[75.82928,29.8007],[75.82902,29.81232],[75.81998,29.81538],[75.79605,29.80712],[75.7832,29.81532],[75.77244,29.82467],[75.77162,29.82539],[75.76698,29.82345],[75.76343,29.82196],[75.7606,29.81866],[75.7484,29.81212],[75.73273,29.81126],[75.72599,29.81152],[75.73518,29.82257],[75.74043,29.82772],[75.74545,29.82957],[75.75269,29.8308],[75.75662,29.83148],[75.76396,29.8376],[75.76279,29.84431],[75.76195,29.84647],[75.76055,29.85001],[75.76584,29.85533],[75.76354,29.85745],[75.74694,29.86343],[75.7532,29.8745],[75.75418,29.87623],[75.75233,29.88148],[75.7509,29.88554],[75.74924,29.89483],[75.75986,29.89993],[75.75519,29.91077],[75.75568,29.9212],[75.74637,29.91653],[75.73598,29.92097],[75.7269,29.92776],[75.72364,29.93312],[75.72188,29.93598],[75.70824,29.934],[75.69791,29.93653],[75.69672,29.92903],[75.69404,29.92108],[75.67713,29.91286],[75.66271,29.91144],[75.66007,29.91545],[75.66061,29.91985],[75.65814,29.92266],[75.65802,29.92737],[75.65659,29.92958],[75.64823,29.93379],[75.64427,29.93156],[75.63948,29.94029],[75.63416,29.93891],[75.63007,29.93784],[75.63573,29.95465],[75.64312,29.96843],[75.64834,29.97962],[75.64213,29.98486],[75.64478,29.98745],[75.65628,29.99348],[75.66679,30.00153],[75.6691,29.99831],[75.67146,30.00171],[75.67249,30.00318],[75.67552,30.00928],[75.67865,30.01055],[75.68054,30.01022],[75.68092,30.01696],[75.67941,30.0203],[75.67906,30.02606],[75.67426,30.02639],[75.6725,30.02731],[75.66782,30.03289],[75.66793,30.03473],[75.67108,30.039],[75.6714,30.04141],[75.66661,30.04226],[75.66286,30.04058],[75.66083,30.03793],[75.65841,30.03752],[75.65018,30.03854],[75.64775,30.03761],[75.64526,30.03524],[75.6431,30.03144],[75.64233,30.0277],[75.64009,30.02603],[75.63621,30.0282],[75.63131,30.03291],[75.63164,30.03693],[75.6334,30.04182],[75.63169,30.04485],[75.62852,30.04788],[75.62846,30.05087],[75.63042,30.05369],[75.63162,30.06769],[75.63063,30.06907],[75.62683,30.07003],[75.62642,30.07331],[75.62832,30.07639],[75.61816,30.08361],[75.62026,30.09179],[75.62532,30.09366],[75.63419,30.10522],[75.64095,30.10715],[75.64535,30.1131],[75.64244,30.11671],[75.64021,30.11481],[75.63454,30.11415],[75.62752,30.1185],[75.6164,30.13454],[75.61861,30.1403],[75.61539,30.14489],[75.61282,30.14533],[75.59474,30.1371],[75.58941,30.14065],[75.58322,30.14057],[75.5684,30.14413],[75.56784,30.14582],[75.55508,30.15037],[75.55074,30.14839],[75.54613,30.14504],[75.54214,30.14043],[75.53899,30.13984],[75.53562,30.14132],[75.52748,30.15067],[75.52374,30.14852],[75.52119,30.14465],[75.51659,30.1421],[75.50058,30.14594],[75.4965,30.14776],[75.48943,30.15228],[75.48413,30.15926],[75.48188,30.16253],[75.47968,30.17179],[75.47085,30.1844],[75.46709,30.1888],[75.45316,30.19857],[75.43703,30.19602],[75.41652,30.18884],[75.40664,30.19006],[75.39818,30.19547],[75.39152,30.19802],[75.38473,30.20287],[75.38635,30.20668],[75.38429,30.2107],[75.37933,30.21199],[75.36358,30.20045],[75.36116,30.20062],[75.36127,30.20245],[75.35927,30.20641],[75.3548,30.20437],[75.35152,30.20592],[75.35123,30.20913],[75.35298,30.21127],[75.36036,30.21269],[75.36192,30.21482],[75.3615,30.21799],[75.36667,30.22705],[75.36714,30.2366],[75.36457,30.23935],[75.36106,30.23944],[75.35524,30.24234],[75.35419,30.24509],[75.35562,30.24781],[75.35792,30.24897],[75.35944,30.24892],[75.35955,30.25329],[75.35841,30.25472],[75.35773,30.26104],[75.36094,30.26267],[75.36246,30.26441],[75.3625,30.26579],[75.35313,30.27074],[75.35211,30.27395],[75.35372,30.28052],[75.35318,30.28542],[75.34643,30.28916],[75.34426,30.28921],[75.33887,30.28607],[75.33344,30.29122],[75.33756,30.29624],[75.33638,30.30493],[75.33545,30.30561],[75.3202,30.30839],[75.31639,30.30762],[75.31165,30.3046],[75.3102,30.30579],[75.31083,30.31063],[75.31318,30.31548],[75.31122,30.32392],[75.30879,30.33001],[75.30958,30.33328],[75.31063,30.33456],[75.32051,30.3364],[75.32989,30.33439],[75.33265,30.33538],[75.33488,30.33878],[75.33565,30.34263],[75.33352,30.34516],[75.32665,30.34616],[75.32474,30.34724],[75.31621,30.34903],[75.31377,30.35155],[75.32241,30.37185],[75.32448,30.37951],[75.32076,30.37976],[75.31708,30.3817],[75.31182,30.37816],[75.29828,30.38056],[75.29684,30.38607],[75.29662,30.39113],[75.29153,30.40362],[75.2943,30.41325],[75.28994,30.4253],[75.28278,30.43003],[75.27547,30.43803],[75.26884,30.44145],[75.262,30.43898],[75.25586,30.43791],[75.25462,30.44584],[75.25824,30.44787],[75.25836,30.44977],[75.24699,30.46195],[75.24629,30.46649],[75.25022,30.47226],[75.25559,30.47822],[75.26243,30.4839],[75.2699,30.49425],[75.27073,30.50001],[75.28121,30.51119],[75.2826,30.51107],[75.2826,30.51267],[75.28343,30.51793],[75.29412,30.52719],[75.29876,30.52924],[75.30307,30.53611],[75.3092,30.53701],[75.31709,30.53683],[75.32008,30.53265],[75.32257,30.5249],[75.3281,30.51785],[75.33703,30.51647],[75.34007,30.51712],[75.35257,30.51611],[75.36747,30.522],[75.38018,30.52868],[75.38876,30.53086],[75.39306,30.53341],[75.40345,30.54267],[75.40687,30.54679],[75.40967,30.55265],[75.40821,30.55621],[75.40356,30.55821],[75.39827,30.56179],[75.39832,30.5653],[75.39584,30.57036],[75.39617,30.58407],[75.40747,30.58654],[75.41267,30.58632],[75.41574,30.58519],[75.41903,30.58654],[75.41943,30.59072],[75.4268,30.59319],[75.42963,30.59572],[75.43163,30.59464],[75.43575,30.59427],[75.43825,30.59635],[75.44093,30.60044],[75.44402,30.60265],[75.4502,30.60094],[75.45203,30.60234],[75.45327,30.60568],[75.45578,30.60702],[75.45811,30.60525],[75.46677,30.60414],[75.47498,30.60148],[75.48334,30.60008],[75.48975,30.60264],[75.49934,30.60009],[75.50622,30.60041],[75.50831,30.60848],[75.5167,30.61432],[75.51967,30.61302],[75.52167,30.60802],[75.52269,30.60198],[75.52799,30.59584],[75.53501,30.59766],[75.54198,30.60487],[75.54638,30.61462],[75.54437,30.62095],[75.53922,30.6193],[75.53361,30.6186],[75.53364,30.62425],[75.53579,30.63079],[75.53891,30.63518],[75.54559,30.63509],[75.54852,30.63338],[75.55725,30.63078],[75.56078,30.62739],[75.56608,30.62437],[75.57294,30.62635],[75.58322,30.61834],[75.58912,30.61945],[75.59691,30.62317],[75.60114,30.62399],[75.60749,30.6228],[75.60909,30.62188],[75.61433,30.61574],[75.62087,30.61824],[75.62291,30.62222],[75.62914,30.62489],[75.63097,30.62702],[75.63203,30.63071],[75.63181,30.63317],[75.63314,30.63526],[75.63479,30.63635],[75.64293,30.63656],[75.64366,30.6374],[75.65812,30.65195],[75.6753,30.65209],[75.67764,30.64829],[75.68256,30.6402],[75.68415,30.63911],[75.69075,30.63925],[75.69871,30.64266],[75.71023,30.62894],[75.71523,30.62038],[75.71913,30.61804],[75.72183,30.62029],[75.72632,30.62894],[75.72823,30.63106],[75.73989,30.63289],[75.74796,30.63693],[75.75053,30.64005],[75.75391,30.63723],[75.76926,30.63157],[75.77377,30.62595],[75.77727,30.62556],[75.78461,30.63132],[75.78792,30.63381],[75.76891,30.64544],[75.76694,30.64854],[75.7634,30.65998],[75.75342,30.65835],[75.7534,30.66784],[75.75803,30.67447],[75.76545,30.67438],[75.77247,30.67359],[75.77479,30.6664],[75.77339,30.66157],[75.77896,30.66198],[75.78551,30.66493],[75.79532,30.66714],[75.80517,30.66664],[75.81087,30.67172],[75.81331,30.68128],[75.82204,30.68763],[75.82383,30.69017],[75.83065,30.68868],[75.84119,30.67299]]]}}],"state":"Punjab","source":"geohacker/india (Datameet-derived), Census 2011 boundaries"}