{"type":"FeatureCollection","features":[{"type":"Feature","properties":{"ID_0":105,"ISO":"IND","NAME_0":"India","ID_1":34,"NAME_1":"Uttaranchal","ID_2":563,"NAME_2":"Almora","NL_NAME_2":null,"VARNAME_2":null,"TYPE_2":"District","ENGTYPE_2":"District","STATE":"Uttarakhand","DISTRICT":"Almora"},"geometry":{"type":"Polygon","coordinates":[[[79.49265,29.94677],[79.49868,29.93859],[79.49039,29.93886],[79.48943,29.9342],[79.49126,29.92826],[79.49205,29.91394],[79.48982,29.90656],[79.4818,29.89443],[79.49233,29.88739],[79.49543,29.88112],[79.49511,29.87757],[79.49682,29.87718],[79.50682,29.87273],[79.51679,29.8683],[79.53167,29.86922],[79.53719,29.86285],[79.5455,29.86207],[79.55748,29.84812],[79.57845,29.84729],[79.59761,29.84896],[79.60904,29.84787],[79.621,29.83389],[79.61968,29.83168],[79.63427,29.82212],[79.63799,29.82643],[79.64701,29.8314],[79.66199,29.83346],[79.66932,29.82459],[79.67761,29.83197],[79.69263,29.82586],[79.70126,29.8192],[79.70783,29.81274],[79.69585,29.80106],[79.6802,29.78509],[79.67592,29.77617],[79.68143,29.76982],[79.6974,29.75426],[79.70406,29.75713],[79.70511,29.74886],[79.69891,29.7413],[79.70175,29.73869],[79.70959,29.7426],[79.71809,29.73478],[79.72794,29.72101],[79.72636,29.70833],[79.73531,29.69581],[79.7417,29.69636],[79.74437,29.69259],[79.75311,29.69525],[79.77209,29.69575],[79.78186,29.69829],[79.79497,29.69353],[79.80339,29.70203],[79.81615,29.71127],[79.82495,29.70572],[79.83934,29.70192],[79.85121,29.69486],[79.85812,29.69066],[79.86334,29.69704],[79.88327,29.7075],[79.88403,29.70627],[79.88791,29.70387],[79.89967,29.70148],[79.90504,29.70106],[79.90952,29.70288],[79.92127,29.69667],[79.92928,29.68867],[79.93218,29.69095],[79.93774,29.68863],[79.94326,29.68497],[79.94603,29.67828],[79.94526,29.67391],[79.94905,29.6709],[79.94916,29.6666],[79.9464,29.66266],[79.94946,29.65833],[79.95425,29.65378],[79.96555,29.63357],[79.97068,29.62613],[79.97284,29.61731],[79.97769,29.60818],[79.98021,29.60012],[79.98116,29.5923],[79.98301,29.58555],[79.98702,29.5739],[79.9897,29.56614],[79.99246,29.56056],[79.99673,29.55444],[80.00243,29.55232],[80.00987,29.55297],[80.01693,29.55191],[80.03139,29.54894],[80.03962,29.54595],[80.04438,29.54259],[80.0489,29.54051],[80.05127,29.53707],[80.05187,29.53235],[80.05289,29.53038],[80.05745,29.52937],[80.05955,29.52559],[80.05968,29.52224],[80.05215,29.51749],[80.02912,29.51185],[80.01911,29.51155],[80.01685,29.5092],[80.01448,29.50317],[80.01093,29.50173],[80.0039,29.49678],[79.99805,29.49553],[79.99464,29.49276],[79.99113,29.4934],[79.98716,29.49182],[79.98155,29.49356],[79.97786,29.49388],[79.97392,29.49139],[79.96648,29.48977],[79.9632,29.48609],[79.94797,29.48127],[79.93198,29.48352],[79.91466,29.48019],[79.90891,29.48037],[79.90705,29.4849],[79.90255,29.49095],[79.89931,29.49361],[79.89523,29.49512],[79.88469,29.49224],[79.87407,29.48808],[79.86418,29.47912],[79.85855,29.46838],[79.85429,29.46221],[79.8548,29.4606],[79.84898,29.45484],[79.84542,29.4581],[79.84145,29.45997],[79.83853,29.45806],[79.83614,29.44954],[79.83676,29.44393],[79.83926,29.44039],[79.83601,29.43674],[79.83282,29.43447],[79.82457,29.43213],[79.81598,29.43286],[79.805,29.43991],[79.79691,29.44367],[79.78497,29.4443],[79.77441,29.45542],[79.76406,29.45582],[79.75703,29.45356],[79.75397,29.44248],[79.75107,29.44009],[79.73678,29.43832],[79.73158,29.43675],[79.72739,29.43774],[79.72151,29.44049],[79.71645,29.446],[79.71599,29.45335],[79.7194,29.46731],[79.70594,29.46358],[79.70046,29.46626],[79.69548,29.46735],[79.68239,29.47489],[79.67828,29.47938],[79.67015,29.49427],[79.66726,29.50258],[79.67004,29.51141],[79.67173,29.52218],[79.66998,29.52785],[79.66556,29.53308],[79.65958,29.53663],[79.65488,29.53823],[79.65447,29.54271],[79.65068,29.54617],[79.6397,29.54877],[79.63318,29.55214],[79.62274,29.54757],[79.61475,29.55529],[79.60958,29.55867],[79.60236,29.56029],[79.58424,29.5547],[79.57829,29.55416],[79.56483,29.54649],[79.5454,29.54416],[79.53623,29.54494],[79.53641,29.55542],[79.53252,29.55576],[79.52754,29.55141],[79.5246,29.5502],[79.5208,29.55153],[79.51727,29.5516],[79.51481,29.54633],[79.51442,29.53937],[79.51044,29.52581],[79.50555,29.52005],[79.50211,29.51454],[79.4887,29.50516],[79.48332,29.50542],[79.46645,29.50018],[79.46826,29.50761],[79.46567,29.51315],[79.46119,29.51441],[79.45622,29.51451],[79.45056,29.52242],[79.44194,29.52189],[79.43596,29.52588],[79.43216,29.53341],[79.42764,29.54012],[79.39616,29.56529],[79.39097,29.56739],[79.38208,29.57876],[79.37832,29.58002],[79.37409,29.58564],[79.36633,29.59346],[79.35635,29.59497],[79.35029,29.60034],[79.34529,29.60141],[79.34126,29.59968],[79.34124,29.60721],[79.33794,29.6102],[79.3283,29.61483],[79.32288,29.61491],[79.31497,29.61019],[79.29593,29.60505],[79.28765,29.59716],[79.27681,29.59107],[79.2728,29.58342],[79.26676,29.5809],[79.26057,29.57689],[79.25647,29.57016],[79.24612,29.56275],[79.24189,29.55859],[79.23508,29.54715],[79.2305,29.54225],[79.22607,29.5381],[79.22076,29.53554],[79.21526,29.53022],[79.21056,29.52726],[79.20189,29.52827],[79.19073,29.52762],[79.18433,29.52981],[79.16866,29.53696],[79.16164,29.5381],[79.15464,29.5381],[79.14244,29.54088],[79.13503,29.54373],[79.13309,29.55272],[79.1307,29.55658],[79.12552,29.55666],[79.12065,29.55377],[79.1064,29.55218],[79.09951,29.55356],[79.09827,29.56441],[79.09298,29.56424],[79.08756,29.56749],[79.07967,29.57282],[79.06785,29.58382],[79.05891,29.58468],[79.04842,29.5842],[79.0367,29.58594],[79.02818,29.5886],[79.02411,29.59147],[79.03279,29.59328],[79.04448,29.59247],[79.04913,29.59313],[79.05121,29.59868],[79.05009,29.60464],[79.05076,29.61011],[79.05445,29.61283],[79.05767,29.61846],[79.0582,29.62428],[79.06852,29.62194],[79.07515,29.62494],[79.07955,29.62995],[79.06983,29.63961],[79.06717,29.64416],[79.07378,29.66291],[79.0769,29.66762],[79.08607,29.67733],[79.08826,29.67725],[79.09201,29.66547],[79.09589,29.66727],[79.09906,29.67135],[79.09845,29.67755],[79.10484,29.68748],[79.10358,29.69586],[79.09917,29.69722],[79.09644,29.69902],[79.09503,29.70243],[79.10265,29.71107],[79.10885,29.71401],[79.11031,29.72397],[79.10858,29.72538],[79.10503,29.72585],[79.1059,29.73005],[79.09947,29.73557],[79.09843,29.74078],[79.09933,29.74724],[79.10195,29.75615],[79.10254,29.76512],[79.10181,29.77293],[79.10653,29.77284],[79.1106,29.77561],[79.1143,29.78004],[79.11663,29.78636],[79.1158,29.79099],[79.10883,29.80893],[79.11033,29.81417],[79.10024,29.83545],[79.09502,29.8403],[79.09103,29.84219],[79.09025,29.85119],[79.07352,29.86222],[79.06554,29.86536],[79.05705,29.86699],[79.06457,29.87845],[79.06996,29.89062],[79.07581,29.89417],[79.08067,29.89523],[79.09441,29.8957],[79.10069,29.89809],[79.10709,29.90092],[79.11131,29.90484],[79.11462,29.91042],[79.12761,29.91237],[79.1365,29.91511],[79.15112,29.92187],[79.15964,29.91333],[79.16685,29.9146],[79.17757,29.92451],[79.17896,29.92708],[79.18015,29.94691],[79.18301,29.95053],[79.19056,29.94519],[79.19396,29.94381],[79.2105,29.95145],[79.21608,29.95326],[79.22046,29.96425],[79.2211,29.97133],[79.21787,29.97732],[79.21502,29.98349],[79.22501,29.98186],[79.23122,29.97754],[79.2413,29.968],[79.24986,29.96866],[79.25843,29.96656],[79.26117,29.96552],[79.27401,29.95745],[79.27276,29.9327],[79.29891,29.93577],[79.3058,29.9322],[79.31312,29.93513],[79.31503,29.94327],[79.32167,29.94733],[79.32167,29.95038],[79.31507,29.96885],[79.31701,29.97591],[79.3212,29.97804],[79.32655,29.97674],[79.33107,29.97313],[79.33465,29.9683],[79.33721,29.9627],[79.34332,29.95562],[79.34644,29.94796],[79.35425,29.94417],[79.35728,29.93698],[79.36157,29.93296],[79.37592,29.93542],[79.39619,29.94723],[79.40042,29.94855],[79.40379,29.94763],[79.41003,29.94104],[79.41225,29.94052],[79.4168,29.94264],[79.41967,29.95004],[79.4244,29.95706],[79.43726,29.9629],[79.436,29.96978],[79.45162,29.97817],[79.45493,29.98243],[79.45651,29.9866],[79.45676,29.98853],[79.47466,29.97872],[79.47768,29.97536],[79.47726,29.97289],[79.47359,29.96524],[79.47451,29.96239],[79.48016,29.95499],[79.48377,29.95194],[79.4869,29.95158],[79.49265,29.94677]]]}},{"type":"Feature","properties":{"ID_0":105,"ISO":"IND","NAME_0":"India","ID_1":34,"NAME_1":"Uttaranchal","ID_2":564,"NAME_2":"Bageshwar","NL_NAME_2":null,"VARNAME_2":null,"TYPE_2":"District","ENGTYPE_2":"District","STATE":"Uttarakhand","DISTRICT":"Bageshwar"},"geometry":{"type":"Polygon","coordinates":[[[79.97934,30.32006],[79.98517,30.32013],[79.99363,30.32051],[80.00058,30.32079],[80.00891,30.31982],[80.01532,30.31812],[80.02291,30.31005],[80.0304,30.2994],[80.03707,30.29408],[80.05537,30.28449],[80.05341,30.28021],[80.05151,30.27212],[80.05536,30.26964],[80.05997,30.26974],[80.06162,30.2664],[80.0611,30.2636],[80.06212,30.2525],[80.06686,30.24199],[80.06977,30.23783],[80.07413,30.23421],[80.08995,30.23173],[80.10031,30.23313],[80.1032,30.23269],[80.10506,30.22989],[80.10524,30.22514],[80.10418,30.21975],[80.0981,30.20399],[80.09697,30.18383],[80.0928,30.16749],[80.09207,30.15042],[80.09036,30.14475],[80.0848,30.13474],[80.07783,30.12924],[80.07146,30.1188],[80.07059,30.10811],[80.07072,30.10323],[80.07191,30.09898],[80.06962,30.08806],[80.07255,30.07109],[80.07229,30.06633],[80.06842,30.05544],[80.06525,30.05046],[80.0639,30.04351],[80.05823,30.02994],[80.05826,30.02452],[80.06161,30.0109],[80.06508,30.00613],[80.07521,29.98271],[80.07935,29.97712],[80.08415,29.9721],[80.10494,29.96128],[80.11098,29.95689],[80.13036,29.94617],[80.13337,29.93876],[80.1359,29.93549],[80.14338,29.92176],[80.14697,29.91438],[80.14673,29.91093],[80.14385,29.90484],[80.13872,29.90221],[80.13705,29.90081],[80.13247,29.90313],[80.13145,29.90463],[80.11815,29.90395],[80.11304,29.90482],[80.10896,29.90691],[80.10008,29.90939],[80.0859,29.90316],[80.07762,29.89284],[80.07382,29.89352],[80.06947,29.89623],[80.06348,29.90416],[80.05913,29.90631],[80.05433,29.90758],[80.04389,29.90743],[80.0414,29.90457],[80.03823,29.90357],[80.02354,29.90291],[80.0088,29.89781],[80.00356,29.89478],[80.00011,29.89071],[79.99641,29.88116],[79.99586,29.87437],[79.99604,29.86961],[79.99958,29.86031],[79.99912,29.85826],[79.98659,29.85626],[79.96335,29.85565],[79.96674,29.84937],[79.96921,29.84715],[79.9795,29.84811],[79.98294,29.84324],[79.9866,29.84005],[79.99042,29.84001],[80.0044,29.83705],[80.00726,29.83517],[80.00789,29.83255],[80.00723,29.82235],[80.00863,29.81899],[80.0111,29.81545],[80.01878,29.81242],[80.02173,29.80525],[80.02468,29.80198],[80.02622,29.79776],[80.02404,29.79325],[80.02149,29.79034],[80.00858,29.78872],[80.00468,29.78272],[80.00134,29.78147],[79.99268,29.78214],[79.98671,29.77625],[79.98194,29.77186],[79.97592,29.768],[79.96709,29.76492],[79.9499,29.76919],[79.9314,29.76961],[79.92054,29.77297],[79.91903,29.77721],[79.9174,29.79509],[79.90791,29.797],[79.90042,29.79769],[79.89769,29.79611],[79.89617,29.80046],[79.89382,29.80388],[79.89085,29.8035],[79.88683,29.7984],[79.88087,29.79759],[79.87623,29.78827],[79.87428,29.78072],[79.86789,29.77852],[79.86218,29.77822],[79.85792,29.77438],[79.84298,29.77393],[79.82818,29.78434],[79.82,29.78751],[79.81187,29.78817],[79.80939,29.78393],[79.80875,29.7784],[79.81185,29.7742],[79.81512,29.76704],[79.817,29.76039],[79.8201,29.75589],[79.84958,29.74622],[79.8571,29.74489],[79.86547,29.73837],[79.87754,29.72648],[79.88095,29.72184],[79.88045,29.712],[79.88327,29.7075],[79.86334,29.69704],[79.85812,29.69066],[79.85121,29.69486],[79.83934,29.70192],[79.82495,29.70572],[79.81615,29.71127],[79.80339,29.70203],[79.79497,29.69353],[79.78186,29.69829],[79.77209,29.69575],[79.75311,29.69525],[79.74437,29.69259],[79.7417,29.69636],[79.73531,29.69581],[79.72636,29.70833],[79.72794,29.72101],[79.71809,29.73478],[79.70959,29.7426],[79.70175,29.73869],[79.69891,29.7413],[79.70511,29.74886],[79.70406,29.75713],[79.6974,29.75426],[79.68143,29.76982],[79.67592,29.77617],[79.6802,29.78509],[79.69585,29.80106],[79.70783,29.81274],[79.70126,29.8192],[79.69263,29.82586],[79.67761,29.83197],[79.66932,29.82459],[79.66199,29.83346],[79.64701,29.8314],[79.63799,29.82643],[79.63427,29.82212],[79.61968,29.83168],[79.621,29.83389],[79.60904,29.84787],[79.59761,29.84896],[79.57845,29.84729],[79.55748,29.84812],[79.5455,29.86207],[79.53719,29.86285],[79.53167,29.86922],[79.51679,29.8683],[79.50682,29.87273],[79.49682,29.87718],[79.49511,29.87757],[79.49543,29.88112],[79.49233,29.88739],[79.4818,29.89443],[79.48982,29.90656],[79.49205,29.91394],[79.49126,29.92826],[79.48943,29.9342],[79.49039,29.93886],[79.49868,29.93859],[79.49265,29.94677],[79.4869,29.95158],[79.48377,29.95194],[79.48016,29.95499],[79.47451,29.96239],[79.47359,29.96524],[79.47726,29.97289],[79.47768,29.97536],[79.47466,29.97872],[79.45676,29.98853],[79.4615,30.00687],[79.46899,30.01954],[79.47385,30.02954],[79.48058,30.02822],[79.48653,30.02355],[79.49197,30.02152],[79.50956,30.02043],[79.51393,30.01625],[79.51668,30.012],[79.52126,30.00691],[79.52133,30.00458],[79.53029,30.00096],[79.54028,30.00348],[79.54152,30.00691],[79.54348,30.00893],[79.54802,30.00991],[79.56346,30.01199],[79.57196,30.01186],[79.58125,30.01423],[79.58379,30.01586],[79.58672,30.02073],[79.59792,30.02464],[79.60399,30.02513],[79.62256,30.02302],[79.63579,30.01976],[79.6512,30.01008],[79.65363,30.00985],[79.66422,30.01229],[79.67333,30.01239],[79.67828,30.01095],[79.68209,30.00858],[79.68401,30.00817],[79.69199,30.00833],[79.72732,30.01035],[79.73397,30.0111],[79.73965,30.01085],[79.75347,30.01295],[79.75921,30.00914],[79.76277,30.00855],[79.77036,30.0121],[79.77761,30.01963],[79.78406,30.02],[79.78928,30.0212],[79.79334,30.02298],[79.80063,30.02761],[79.79912,30.03533],[79.80143,30.04679],[79.80462,30.05156],[79.80975,30.05431],[79.81557,30.06108],[79.81043,30.06629],[79.80418,30.07471],[79.7937,30.08058],[79.77959,30.08166],[79.77425,30.08277],[79.7693,30.09188],[79.7657,30.10117],[79.7655,30.10555],[79.76736,30.11373],[79.76684,30.11961],[79.76183,30.12498],[79.75854,30.13289],[79.75597,30.13572],[79.75095,30.13868],[79.75056,30.14161],[79.75176,30.14368],[79.75782,30.14972],[79.76694,30.1561],[79.76966,30.15989],[79.77191,30.16508],[79.77139,30.16992],[79.76966,30.17327],[79.76782,30.17719],[79.76804,30.18399],[79.77001,30.1867],[79.77872,30.19427],[79.78337,30.19978],[79.78504,30.20324],[79.78828,30.21551],[79.8007,30.22163],[79.80532,30.22577],[79.80645,30.22836],[79.80553,30.23517],[79.8018,30.24031],[79.80405,30.24555],[79.80029,30.24937],[79.79866,30.25577],[79.7934,30.26848],[79.78548,30.28395],[79.78477,30.2858],[79.78554,30.28846],[79.79445,30.2901],[79.80488,30.29069],[79.82682,30.29343],[79.83903,30.28969],[79.84341,30.28738],[79.85917,30.27379],[79.86426,30.27561],[79.87352,30.27661],[79.87637,30.27816],[79.88593,30.28078],[79.89149,30.28606],[79.9053,30.29142],[79.90926,30.29424],[79.9125,30.29797],[79.91656,30.30066],[79.9203,30.30175],[79.92771,30.30174],[79.93316,30.30035],[79.93619,30.2988],[79.94021,30.29434],[79.9427,30.29434],[79.95376,30.29662],[79.96133,30.2995],[79.97097,30.31421],[79.97934,30.32006]]]}},{"type":"Feature","properties":{"ID_0":105,"ISO":"IND","NAME_0":"India","ID_1":34,"NAME_1":"Uttaranchal","ID_2":565,"NAME_2":"Chamoli","NL_NAME_2":null,"VARNAME_2":"Chamoli cum Gopeshwar","TYPE_2":"District","ENGTYPE_2":"District","STATE":"Uttarakhand","DISTRICT":"Chamoli"},"geometry":{"type":"Polygon","coordinates":[[[79.40174,31.07989],[79.40624,31.07699],[79.40735,31.07339],[79.40788,31.07317],[79.40841,31.07295],[79.40842,31.07254],[79.40846,31.07134],[79.40888,31.05649],[79.40976,31.05236],[79.41136,31.04731],[79.41309,31.03755],[79.42175,31.03583],[79.42471,31.03631],[79.43323,31.03771],[79.4573,31.0395],[79.4611,31.04036],[79.4659,31.04137],[79.472,31.04026],[79.47981,31.03807],[79.48736,31.04106],[79.49367,31.04087],[79.49706,31.04136],[79.50126,31.03914],[79.50209,31.038],[79.50288,31.03757],[79.50279,31.03052],[79.50276,31.02764],[79.50404,31.02584],[79.50458,31.02561],[79.50459,31.02492],[79.50488,31.0238],[79.50539,31.02357],[79.5054,31.02312],[79.50776,31.0218],[79.50777,31.02135],[79.50831,31.02089],[79.50896,31.02081],[79.50941,31.02054],[79.51099,31.01958],[79.51463,31.01722],[79.51632,31.01623],[79.5171,31.01487],[79.51779,31.01443],[79.51861,31.01398],[79.51861,31.01351],[79.52034,31.01059],[79.52138,31.00993],[79.52193,31.00835],[79.52247,31.00812],[79.52267,31.00452],[79.52078,30.99902],[79.51949,30.99524],[79.51939,30.99344],[79.52307,30.99256],[79.52753,30.99215],[79.53134,30.99179],[79.53613,30.99219],[79.53771,30.9913],[79.53752,30.98704],[79.53546,30.98541],[79.5352,30.9852],[79.53326,30.98338],[79.53132,30.97789],[79.53096,30.97591],[79.53112,30.9741],[79.53298,30.97322],[79.53299,30.97276],[79.53431,30.97187],[79.53432,30.97141],[79.53536,30.96984],[79.5359,30.96985],[79.54063,30.96717],[79.54142,30.96652],[79.54143,30.96605],[79.54169,30.96536],[79.54339,30.96443],[79.54393,30.96444],[79.54739,30.9626],[79.54843,30.96203],[79.55017,30.96108],[79.55045,30.96042],[79.55123,30.96043],[79.55361,30.95886],[79.55958,30.95672],[79.57573,30.95439],[79.57689,30.95364],[79.58059,30.95029],[79.5806,30.94983],[79.5814,30.9494],[79.5814,30.94894],[79.58244,30.94828],[79.58286,30.94725],[79.58353,30.94556],[79.58482,30.94399],[79.58724,30.94309],[79.58958,30.94289],[79.59032,30.94324],[79.59243,30.94426],[79.59385,30.94631],[79.59432,30.9479],[79.59655,30.94919],[79.59895,30.95057],[79.60361,30.95268],[79.60592,30.95451],[79.60618,30.95543],[79.6068,30.95656],[79.60782,30.95679],[79.61575,30.9618],[79.62424,30.96533],[79.63033,30.96637],[79.64262,30.96761],[79.64941,30.97059],[79.65004,30.97172],[79.64983,30.97985],[79.65046,30.98054],[79.6516,30.98436],[79.65395,30.98575],[79.66257,30.98693],[79.67124,30.98425],[79.69324,30.98168],[79.69373,30.98191],[79.69638,30.98169],[79.69688,30.98181],[79.70477,30.98339],[79.71411,30.98565],[79.72479,30.99088],[79.7261,30.99204],[79.72646,30.99363],[79.72696,30.99521],[79.72775,30.99545],[79.72919,30.99634],[79.7293,30.99724],[79.73222,31.00157],[79.73251,31.00199],[79.73421,31.00291],[79.7346,31.00358],[79.73808,31.0061],[79.74215,31.00679],[79.74559,31.00615],[79.75057,31.00119],[79.7514,30.99893],[79.76032,30.99312],[79.77856,30.98826],[79.78452,30.98667],[79.78553,30.98641],[79.79236,30.98424],[79.80499,30.97777],[79.80942,30.97733],[79.81073,30.97756],[79.81606,30.97929],[79.81808,30.98017],[79.82161,30.98205],[79.82348,30.98304],[79.83031,30.98398],[79.84105,30.98087],[79.84679,30.98136],[79.85203,30.98024],[79.85493,30.97891],[79.85597,30.97735],[79.85626,30.97665],[79.85757,30.97576],[79.85864,30.97507],[79.85969,30.97125],[79.86076,30.97037],[79.86156,30.96991],[79.86157,30.96921],[79.86207,30.96899],[79.8638,30.96606],[79.86454,30.96439],[79.86533,30.96178],[79.86597,30.9612],[79.86689,30.95838],[79.86875,30.95275],[79.86929,30.95254],[79.87008,30.94983],[79.87066,30.94942],[79.8712,30.94919],[79.87359,30.94103],[79.87464,30.93879],[79.87471,30.93044],[79.87525,30.93021],[79.87656,30.9293],[79.87762,30.92639],[79.87999,30.92528],[79.881,30.92511],[79.88155,30.92509],[79.89253,30.92351],[79.89411,30.9233],[79.89754,30.92175],[79.89938,30.9181],[79.90203,30.91566],[79.90311,30.91181],[79.90604,30.90957],[79.90678,30.90728],[79.90813,30.90325],[79.91078,30.90056],[79.91132,30.89921],[79.91159,30.89874],[79.91505,30.89222],[79.92109,30.89087],[79.93436,30.89298],[79.93966,30.8919],[79.94164,30.892],[79.94348,30.89159],[79.94404,30.89142],[79.94643,30.8903],[79.95981,30.88558],[79.9675,30.88231],[79.96758,30.88228],[79.96764,30.88224],[79.98066,30.87395],[79.9809,30.87335],[79.98758,30.87],[79.99153,30.86878],[79.99471,30.86738],[79.9965,30.86632],[79.99916,30.86431],[80.00124,30.8625],[80.00153,30.86182],[80.00279,30.86118],[80.00333,30.86072],[80.00362,30.86004],[80.00836,30.85619],[80.00945,30.85395],[80.01782,30.84788],[80.01808,30.84652],[80.02491,30.84383],[80.02778,30.84339],[80.02907,30.84361],[80.02977,30.84381],[80.03825,30.84296],[80.04266,30.84389],[80.04411,30.844],[80.04661,30.84073],[80.04771,30.8394],[80.04823,30.83895],[80.04847,30.83839],[80.05033,30.83283],[80.06421,30.82454],[80.06421,30.82408],[80.06464,30.82369],[80.06466,30.82323],[80.06648,30.82211],[80.06949,30.81934],[80.06966,30.81792],[80.07038,30.81228],[80.07162,30.80904],[80.07405,30.79972],[80.08306,30.79529],[80.08331,30.7946],[80.08488,30.79332],[80.08659,30.79186],[80.08374,30.78947],[80.07526,30.77698],[80.07439,30.76864],[80.07578,30.76333],[80.08174,30.75217],[80.08266,30.74829],[80.08855,30.73946],[80.09007,30.73057],[80.08894,30.72795],[80.07993,30.72912],[80.07285,30.73144],[80.06583,30.7324],[80.05777,30.73264],[80.05016,30.73132],[80.02244,30.73834],[80.01682,30.73821],[80.01218,30.73704],[80.00887,30.73391],[80.00324,30.73113],[79.98488,30.72528],[79.97588,30.71775],[79.96664,30.71392],[79.96582,30.71087],[79.97064,30.69911],[79.97166,30.69398],[79.97322,30.69134],[79.98038,30.6855],[79.98497,30.68403],[79.98735,30.68303],[79.99052,30.67874],[79.99541,30.66984],[79.99932,30.66989],[80.00197,30.66731],[80.00205,30.66224],[80.00421,30.65076],[80.00718,30.64605],[80.00984,30.64392],[80.01989,30.64044],[80.02035,30.63803],[80.01705,30.63285],[80.02019,30.63018],[80.0206,30.62689],[80.01881,30.62236],[80.01542,30.61981],[80.0277,30.60703],[80.02769,30.60137],[80.0257,30.59711],[80.02132,30.59552],[80.01648,30.59526],[80.01192,30.59049],[80.00401,30.57964],[80.00101,30.57422],[79.99684,30.55973],[79.99393,30.55494],[79.98746,30.54962],[79.98505,30.54624],[79.98219,30.54368],[79.98184,30.54063],[79.98307,30.53478],[79.98507,30.5338],[79.9921,30.52612],[79.99553,30.51726],[79.99686,30.50719],[79.99841,30.50575],[79.99979,30.50227],[79.99973,30.49905],[79.99847,30.49593],[80.0027,30.494],[80.00489,30.48654],[80.00649,30.48383],[80.00668,30.48122],[80.00291,30.47937],[80.00021,30.47598],[79.99982,30.47084],[80.0095,30.46187],[80.01186,30.4528],[80.01423,30.44987],[80.02254,30.44607],[80.02337,30.43873],[80.02235,30.43454],[80.02246,30.42781],[80.01913,30.42233],[80.01965,30.41758],[80.02281,30.41455],[80.02371,30.40917],[80.01899,30.39914],[80.01586,30.39467],[80.01228,30.39199],[80.00375,30.38275],[79.99945,30.37518],[79.98513,30.36975],[79.98283,30.36727],[79.9826,30.36502],[79.98499,30.36271],[79.98907,30.36085],[79.98917,30.35814],[79.98499,30.35534],[79.98223,30.34115],[79.98034,30.33768],[79.97852,30.3311],[79.97855,30.32806],[79.97673,30.32372],[79.97934,30.32006],[79.97097,30.31421],[79.96133,30.2995],[79.95376,30.29662],[79.9427,30.29434],[79.94021,30.29434],[79.93619,30.2988],[79.93316,30.30035],[79.92771,30.30174],[79.9203,30.30175],[79.91656,30.30066],[79.9125,30.29797],[79.90926,30.29424],[79.9053,30.29142],[79.89149,30.28606],[79.88593,30.28078],[79.87637,30.27816],[79.87352,30.27661],[79.86426,30.27561],[79.85917,30.27379],[79.84341,30.28738],[79.83903,30.28969],[79.82682,30.29343],[79.80488,30.29069],[79.79445,30.2901],[79.78554,30.28846],[79.78477,30.2858],[79.78548,30.28395],[79.7934,30.26848],[79.79866,30.25577],[79.80029,30.24937],[79.80405,30.24555],[79.8018,30.24031],[79.80553,30.23517],[79.80645,30.22836],[79.80532,30.22577],[79.8007,30.22163],[79.78828,30.21551],[79.78504,30.20324],[79.78337,30.19978],[79.77872,30.19427],[79.77001,30.1867],[79.76804,30.18399],[79.76782,30.17719],[79.76966,30.17327],[79.77139,30.16992],[79.77191,30.16508],[79.76966,30.15989],[79.76694,30.1561],[79.75782,30.14972],[79.75176,30.14368],[79.75056,30.14161],[79.75095,30.13868],[79.75597,30.13572],[79.75854,30.13289],[79.76183,30.12498],[79.76684,30.11961],[79.76736,30.11373],[79.7655,30.10555],[79.7657,30.10117],[79.7693,30.09188],[79.77425,30.08277],[79.77959,30.08166],[79.7937,30.08058],[79.80418,30.07471],[79.81043,30.06629],[79.81557,30.06108],[79.80975,30.05431],[79.80462,30.05156],[79.80143,30.04679],[79.79912,30.03533],[79.80063,30.02761],[79.79334,30.02298],[79.78928,30.0212],[79.78406,30.02],[79.77761,30.01963],[79.77036,30.0121],[79.76277,30.00855],[79.75921,30.00914],[79.75347,30.01295],[79.73965,30.01085],[79.73397,30.0111],[79.72732,30.01035],[79.69199,30.00833],[79.68401,30.00817],[79.68209,30.00858],[79.67828,30.01095],[79.67333,30.01239],[79.66422,30.01229],[79.65363,30.00985],[79.6512,30.01008],[79.63579,30.01976],[79.62256,30.02302],[79.60399,30.02513],[79.59792,30.02464],[79.58672,30.02073],[79.58379,30.01586],[79.58125,30.01423],[79.57196,30.01186],[79.56346,30.01199],[79.54802,30.00991],[79.54348,30.00893],[79.54152,30.00691],[79.54028,30.00348],[79.53029,30.00096],[79.52133,30.00458],[79.52126,30.00691],[79.51668,30.012],[79.51393,30.01625],[79.50956,30.02043],[79.49197,30.02152],[79.48653,30.02355],[79.48058,30.02822],[79.47385,30.02954],[79.46899,30.01954],[79.4615,30.00687],[79.45676,29.98853],[79.45651,29.9866],[79.45493,29.98243],[79.45162,29.97817],[79.436,29.96978],[79.43726,29.9629],[79.4244,29.95706],[79.41967,29.95004],[79.4168,29.94264],[79.41225,29.94052],[79.41003,29.94104],[79.40379,29.94763],[79.40042,29.94855],[79.39619,29.94723],[79.37592,29.93542],[79.36157,29.93296],[79.35728,29.93698],[79.35425,29.94417],[79.34644,29.94796],[79.34332,29.95562],[79.33721,29.9627],[79.33465,29.9683],[79.33107,29.97313],[79.32655,29.97674],[79.3212,29.97804],[79.31701,29.97591],[79.31507,29.96885],[79.32167,29.95038],[79.32167,29.94733],[79.31503,29.94327],[79.31312,29.93513],[79.3058,29.9322],[79.29891,29.93577],[79.27276,29.9327],[79.27401,29.95745],[79.26117,29.96552],[79.25843,29.96656],[79.24986,29.96866],[79.2413,29.968],[79.23122,29.97754],[79.22501,29.98186],[79.21502,29.98349],[79.20889,29.98977],[79.20887,29.99321],[79.21233,29.9966],[79.21252,30.00072],[79.21136,30.00642],[79.21121,30.00772],[79.20516,30.01512],[79.20409,30.0287],[79.20282,30.03299],[79.20136,30.03321],[79.19582,30.03813],[79.19121,30.04082],[79.18629,30.04207],[79.17886,30.04217],[79.1762,30.04378],[79.17529,30.04642],[79.17547,30.05337],[79.17815,30.06199],[79.18089,30.06533],[79.18967,30.07159],[79.19018,30.07365],[79.18629,30.07947],[79.18266,30.0881],[79.17565,30.09609],[79.17392,30.09806],[79.16849,30.1015],[79.16243,30.10249],[79.15196,30.10198],[79.14436,30.1041],[79.14137,30.10767],[79.13823,30.1186],[79.12666,30.12377],[79.12295,30.1275],[79.1226,30.1545],[79.12442,30.15823],[79.13052,30.16364],[79.13136,30.16676],[79.13081,30.169],[79.12838,30.17146],[79.11627,30.17629],[79.11404,30.17749],[79.11196,30.18008],[79.10987,30.18762],[79.10662,30.19107],[79.09299,30.19922],[79.08359,30.20669],[79.08303,30.2103],[79.08661,30.21854],[79.08627,30.21958],[79.08303,30.22187],[79.07944,30.22331],[79.06041,30.22742],[79.05739,30.22718],[79.05389,30.22516],[79.04124,30.22271],[79.03333,30.22322],[79.03082,30.22401],[79.02882,30.22562],[79.02551,30.22941],[79.02274,30.23694],[79.02272,30.23897],[79.02471,30.24776],[79.02788,30.25617],[79.02853,30.25749],[79.03162,30.25963],[79.03364,30.26313],[79.03496,30.26591],[79.03909,30.26977],[79.04505,30.27382],[79.05403,30.28241],[79.06625,30.29164],[79.07263,30.29896],[79.07701,30.30271],[79.07813,30.30477],[79.0766,30.30546],[79.06094,30.30471],[79.05108,30.30699],[79.04395,30.30721],[79.04177,30.30812],[79.03876,30.31145],[79.03306,30.31575],[79.03008,30.31684],[79.02493,30.3162],[79.02139,30.31434],[79.01869,30.3194],[79.01678,30.32801],[79.01655,30.33239],[79.01766,30.33464],[79.02269,30.33397],[79.0254,30.33455],[79.02689,30.336],[79.02812,30.34175],[79.03279,30.34263],[79.04427,30.34674],[79.04912,30.3501],[79.05264,30.34694],[79.06093,30.34385],[79.06581,30.34381],[79.07089,30.34601],[79.07503,30.34947],[79.0789,30.35489],[79.08612,30.35946],[79.08678,30.36066],[79.0915,30.37742],[79.09173,30.3818],[79.09038,30.38622],[79.09031,30.38743],[79.10047,30.38982],[79.10892,30.38857],[79.11028,30.38442],[79.11228,30.38437],[79.13256,30.38544],[79.14603,30.38725],[79.15034,30.38893],[79.15191,30.39084],[79.15241,30.3932],[79.15326,30.40557],[79.15929,30.41651],[79.16077,30.42338],[79.16039,30.43103],[79.15815,30.4408],[79.15281,30.44885],[79.15371,30.45277],[79.15956,30.45836],[79.16342,30.46458],[79.17061,30.46914],[79.17374,30.47795],[79.17638,30.48014],[79.17742,30.48222],[79.18638,30.48856],[79.20519,30.49762],[79.21014,30.50138],[79.21172,30.50643],[79.2123,30.5164],[79.21528,30.5305],[79.21975,30.53643],[79.22581,30.54007],[79.22943,30.54461],[79.23058,30.55222],[79.23018,30.55722],[79.23312,30.56379],[79.23277,30.56506],[79.23892,30.56869],[79.24108,30.57249],[79.24254,30.57306],[79.25082,30.57307],[79.25998,30.57107],[79.26566,30.57096],[79.27786,30.5686],[79.28296,30.56867],[79.28581,30.57166],[79.28904,30.57741],[79.29332,30.59216],[79.29623,30.59664],[79.30033,30.59883],[79.3076,30.60056],[79.31144,30.60108],[79.3202,30.60005],[79.32408,30.60333],[79.32645,30.60678],[79.32816,30.61156],[79.33258,30.61461],[79.33447,30.62538],[79.33492,30.62958],[79.34179,30.6335],[79.34212,30.63568],[79.34164,30.63868],[79.34227,30.64334],[79.34106,30.65381],[79.33139,30.66234],[79.32497,30.66498],[79.31792,30.66682],[79.31364,30.67436],[79.3119,30.67574],[79.30549,30.67626],[79.30329,30.67752],[79.30281,30.67901],[79.30135,30.67977],[79.29843,30.67947],[79.29291,30.68281],[79.29171,30.68557],[79.29248,30.6904],[79.292,30.69535],[79.28726,30.70082],[79.28692,30.70233],[79.28703,30.70865],[79.28415,30.7262],[79.27126,30.73126],[79.26627,30.7323],[79.26503,30.73546],[79.26649,30.74231],[79.27403,30.7525],[79.27634,30.75619],[79.27605,30.75739],[79.26728,30.76361],[79.2597,30.76728],[79.25491,30.77074],[79.25003,30.77596],[79.24667,30.78505],[79.2438,30.78632],[79.24008,30.78643],[79.2384,30.79017],[79.23421,30.79304],[79.22619,30.80213],[79.2254,30.80364],[79.22515,30.80996],[79.21573,30.81363],[79.2113,30.81932],[79.2108,30.82519],[79.2135,30.82692],[79.22889,30.83333],[79.22926,30.83489],[79.22644,30.8434],[79.22675,30.84674],[79.23584,30.85187],[79.23743,30.85394],[79.24036,30.86046],[79.24345,30.86293],[79.24694,30.87519],[79.25867,30.88044],[79.26242,30.88413],[79.26191,30.88943],[79.2563,30.90628],[79.25573,30.91106],[79.25741,30.91722],[79.26327,30.91947],[79.26873,30.92275],[79.26694,30.93127],[79.26989,30.94066],[79.26369,30.94865],[79.26234,30.94992],[79.25047,30.95584],[79.24936,30.95768],[79.24942,30.95992],[79.25135,30.96234],[79.25549,30.96541],[79.26553,30.96978],[79.27043,30.97313],[79.27434,30.97473],[79.28131,30.97629],[79.28322,30.97612],[79.29995,30.96831],[79.3045,30.96774],[79.30787,30.96866],[79.31269,30.97349],[79.31438,30.97626],[79.31394,30.97832],[79.30972,30.98621],[79.30901,30.99058],[79.30956,30.99266],[79.31292,30.99606],[79.31548,31.00101],[79.31574,31.00256],[79.31343,31.00664],[79.30383,31.01019],[79.29639,31.01482],[79.29563,31.01633],[79.29614,31.01895],[79.29825,31.02309],[79.30598,31.02927],[79.3157,31.0337],[79.32508,31.03527],[79.33343,31.03525],[79.34589,31.04002],[79.34915,31.04383],[79.35859,31.05014],[79.36246,31.05436],[79.3743,31.07265],[79.39236,31.07981],[79.39469,31.07963],[79.39967,31.08033],[79.40042,31.0801],[79.40174,31.07989]]]}},{"type":"Feature","properties":{"ID_0":105,"ISO":"IND","NAME_0":"India","ID_1":34,"NAME_1":"Uttaranchal","ID_2":566,"NAME_2":"Champawat","NL_NAME_2":null,"VARNAME_2":null,"TYPE_2":"District","ENGTYPE_2":"District","STATE":"Uttarakhand","DISTRICT":"Champawat"},"geometry":{"type":"Polygon","coordinates":[[[80.12162,29.49289],[80.12988,29.48832],[80.13322,29.48117],[80.13766,29.47702],[80.14494,29.47731],[80.14766,29.47561],[80.14866,29.47333],[80.15305,29.47129],[80.16175,29.46939],[80.17027,29.4625],[80.1739,29.46194],[80.17907,29.46238],[80.18716,29.45913],[80.20303,29.45658],[80.21107,29.45379],[80.22237,29.45123],[80.22572,29.44987],[80.22699,29.44527],[80.23354,29.44699],[80.23351,29.4469],[80.23347,29.44677],[80.23346,29.4467],[80.23339,29.44571],[80.24746,29.43839],[80.24905,29.4368],[80.249,29.43242],[80.24569,29.4235],[80.2477,29.41604],[80.24335,29.41159],[80.24609,29.4089],[80.24768,29.40735],[80.24773,29.40733],[80.24779,29.40731],[80.25563,29.40399],[80.25687,29.40316],[80.26582,29.39716],[80.27054,29.39566],[80.27129,29.39542],[80.27402,29.39492],[80.27692,29.39222],[80.2769,29.39218],[80.27462,29.38622],[80.28061,29.37889],[80.27428,29.37504],[80.27282,29.37322],[80.27278,29.37317],[80.27336,29.37122],[80.27341,29.37106],[80.27341,29.37102],[80.2729,29.36373],[80.28081,29.3599],[80.28086,29.35987],[80.28104,29.35048],[80.28111,29.34762],[80.28113,29.34759],[80.28509,29.34186],[80.28513,29.34183],[80.29218,29.33661],[80.29293,29.33019],[80.29306,29.33004],[80.29863,29.32371],[80.30405,29.32302],[80.31131,29.3221],[80.31814,29.31564],[80.31864,29.3134],[80.31765,29.30821],[80.32013,29.30383],[80.31989,29.30277],[80.31989,29.30272],[80.31963,29.30159],[80.31302,29.29152],[80.30783,29.28891],[80.30596,29.28531],[80.30572,29.27295],[80.30572,29.27276],[80.3057,29.27272],[80.30333,29.26456],[80.3033,29.26454],[80.30112,29.26171],[80.30176,29.25557],[80.30186,29.25499],[80.30022,29.24965],[80.30199,29.24542],[80.30199,29.24204],[80.29242,29.23187],[80.29254,29.22976],[80.29729,29.22219],[80.29776,29.22143],[80.29679,29.21764],[80.29639,29.21609],[80.29581,29.21074],[80.2958,29.21071],[80.299,29.20503],[80.2953,29.19762],[80.29526,29.1976],[80.29132,29.19522],[80.2862,29.19683],[80.28337,29.20076],[80.2827,29.2017],[80.27663,29.20702],[80.27491,29.20697],[80.26252,29.20662],[80.26249,29.20666],[80.25951,29.21075],[80.25906,29.21416],[80.25861,29.21783],[80.25439,29.22143],[80.25037,29.2207],[80.24992,29.22062],[80.24882,29.21531],[80.24619,29.21236],[80.24436,29.20793],[80.24259,29.20372],[80.24242,29.20332],[80.24243,29.20328],[80.2436,29.20044],[80.24931,29.19705],[80.25182,29.19562],[80.25962,29.18742],[80.26231,29.17472],[80.26012,29.17052],[80.26001,29.16576],[80.26001,29.16571],[80.2673,29.15345],[80.26732,29.15342],[80.27441,29.14475],[80.27341,29.14202],[80.2708,29.14053],[80.26099,29.1399],[80.25574,29.1379],[80.25055,29.129],[80.24805,29.12699],[80.24694,29.12705],[80.2397,29.12122],[80.23932,29.12091],[80.23502,29.11842],[80.21139,29.12177],[80.20754,29.125],[80.20739,29.12527],[80.20518,29.1293],[80.19716,29.13141],[80.19598,29.13171],[80.18928,29.13548],[80.18602,29.13732],[80.1852,29.13671],[80.1832,29.13533],[80.17984,29.12851],[80.17662,29.12671],[80.16951,29.12574],[80.16553,29.11692],[80.15993,29.11292],[80.15126,29.12103],[80.15074,29.12039],[80.14318,29.13106],[80.13914,29.13329],[80.13564,29.13293],[80.12363,29.12604],[80.11512,29.12347],[80.10988,29.12287],[80.09216,29.12356],[80.08519,29.12203],[80.06927,29.12853],[80.06732,29.12634],[80.071,29.11701],[80.07233,29.10938],[80.06695,29.08981],[80.06196,29.08149],[80.05896,29.07925],[80.0563,29.07943],[80.05341,29.08299],[80.04985,29.08971],[80.04755,29.09139],[80.04453,29.09193],[80.04074,29.08961],[80.03714,29.08588],[80.02876,29.07959],[80.02015,29.07778],[80.01467,29.07899],[80.00962,29.0819],[79.99937,29.09353],[79.99508,29.09555],[79.99208,29.09488],[79.98935,29.09167],[79.98778,29.07477],[79.95957,29.05802],[79.95406,29.06202],[79.94959,29.06646],[79.94747,29.07074],[79.94682,29.07744],[79.94903,29.09581],[79.95276,29.10614],[79.95822,29.11289],[79.96793,29.11882],[79.9659,29.12278],[79.96326,29.12483],[79.95859,29.12663],[79.94704,29.12851],[79.93724,29.13191],[79.91128,29.13646],[79.90581,29.13167],[79.90401,29.13107],[79.88958,29.13917],[79.88374,29.15419],[79.87022,29.1588],[79.86772,29.16218],[79.86703,29.16398],[79.86764,29.17551],[79.8698,29.17797],[79.88071,29.17874],[79.88977,29.18454],[79.89056,29.19263],[79.89267,29.19993],[79.89769,29.20231],[79.9016,29.20552],[79.90695,29.21157],[79.91283,29.2148],[79.91301,29.22138],[79.91142,29.22619],[79.90247,29.23394],[79.90002,29.23921],[79.88975,29.25534],[79.88538,29.2588],[79.87902,29.257],[79.87685,29.25703],[79.86956,29.26018],[79.86266,29.26615],[79.85612,29.26608],[79.85392,29.27286],[79.84937,29.27521],[79.84729,29.27922],[79.84263,29.2806],[79.8348,29.27971],[79.81538,29.27278],[79.8123,29.27336],[79.80823,29.27643],[79.8034,29.28138],[79.8016,29.28676],[79.80451,29.29156],[79.80181,29.29581],[79.80354,29.30588],[79.80612,29.3112],[79.80561,29.31378],[79.79998,29.31838],[79.79517,29.32073],[79.79396,29.32245],[79.79275,29.33296],[79.78632,29.34087],[79.80828,29.34751],[79.81113,29.34507],[79.81481,29.34339],[79.82005,29.34287],[79.81922,29.33044],[79.82597,29.32834],[79.8408,29.32102],[79.84565,29.3196],[79.84935,29.32111],[79.85146,29.32385],[79.85199,29.33387],[79.85555,29.33816],[79.85654,29.34132],[79.85684,29.34685],[79.85863,29.35055],[79.86485,29.35355],[79.87446,29.35538],[79.88735,29.35415],[79.88902,29.35945],[79.88805,29.36346],[79.87924,29.37417],[79.87436,29.37309],[79.86099,29.37639],[79.8476,29.37479],[79.84534,29.37598],[79.84474,29.38578],[79.83784,29.38961],[79.82948,29.40176],[79.82705,29.40305],[79.82358,29.40352],[79.82165,29.4066],[79.82348,29.41112],[79.83958,29.42779],[79.84425,29.43581],[79.84441,29.4389],[79.84217,29.4406],[79.83926,29.44039],[79.83676,29.44393],[79.83614,29.44954],[79.83853,29.45806],[79.84145,29.45997],[79.84542,29.4581],[79.84898,29.45484],[79.8548,29.4606],[79.85429,29.46221],[79.85855,29.46838],[79.86418,29.47912],[79.87407,29.48808],[79.88469,29.49224],[79.89523,29.49512],[79.89931,29.49361],[79.90255,29.49095],[79.90705,29.4849],[79.90891,29.48037],[79.91466,29.48019],[79.93198,29.48352],[79.94797,29.48127],[79.9632,29.48609],[79.96648,29.48977],[79.97392,29.49139],[79.97786,29.49388],[79.98155,29.49356],[79.98716,29.49182],[79.99113,29.4934],[79.99464,29.49276],[79.99805,29.49553],[80.0039,29.49678],[80.01093,29.50173],[80.01448,29.50317],[80.01685,29.5092],[80.01911,29.51155],[80.02912,29.51185],[80.05215,29.51749],[80.05968,29.52224],[80.05955,29.52559],[80.07369,29.52603],[80.09024,29.52617],[80.09672,29.52314],[80.10217,29.51813],[80.10949,29.51401],[80.11369,29.51066],[80.11415,29.49929],[80.12162,29.49289]]]}},{"type":"Feature","properties":{"ID_0":105,"ISO":"IND","NAME_0":"India","ID_1":34,"NAME_1":"Uttaranchal","ID_2":567,"NAME_2":"Dehra Dun","NL_NAME_2":null,"VARNAME_2":null,"TYPE_2":"District","ENGTYPE_2":"District","STATE":"Uttarakhand","DISTRICT":"Dehra Dun"},"geometry":{"type":"Polygon","coordinates":[[[77.95831,30.97843],[77.96257,30.97444],[77.96288,30.9743],[77.96375,30.9739],[77.96716,30.9729],[77.96849,30.97219],[77.97065,30.96984],[77.97125,30.96961],[77.97203,30.9693],[77.97449,30.96868],[77.97598,30.96634],[77.97709,30.96189],[77.98009,30.96068],[77.98309,30.95978],[77.98565,30.95877],[77.99242,30.9492],[78.00438,30.9311],[78.00805,30.91686],[78.0007,30.91202],[77.99362,30.9093],[77.98573,30.90999],[77.98451,30.90937],[77.9838,30.90852],[77.98109,30.90707],[77.97968,30.90579],[77.97789,30.90485],[77.97633,30.90438],[77.97533,30.9043],[77.97373,30.90419],[77.97067,30.90353],[77.9692,30.9033],[77.96767,30.90307],[77.96661,30.90247],[77.9662,30.90203],[77.96538,30.90016],[77.96445,30.89712],[77.96339,30.89259],[77.9641,30.89133],[77.96566,30.88977],[77.96671,30.88833],[77.97013,30.88269],[77.97029,30.88094],[77.96999,30.87787],[77.97019,30.87622],[77.97038,30.87473],[77.9735,30.87125],[77.97514,30.86893],[77.9751,30.86594],[77.97411,30.85748],[77.97433,30.85378],[77.97509,30.85198],[77.97749,30.84868],[77.9811,30.84093],[77.98142,30.83901],[77.98215,30.83717],[77.98478,30.83218],[77.98586,30.83103],[77.9906,30.8273],[77.99938,30.82331],[78.00602,30.81853],[78.01387,30.80819],[78.01585,30.80125],[78.01466,30.79463],[78.01639,30.79124],[78.01916,30.78892],[78.02467,30.78613],[78.02582,30.78453],[78.02787,30.78168],[78.03152,30.78065],[78.03398,30.77996],[78.0379,30.77787],[78.04572,30.76634],[78.05177,30.76391],[78.05297,30.76248],[78.05534,30.75743],[78.05606,30.75658],[78.05787,30.75448],[78.058,30.75126],[78.05812,30.74815],[78.05918,30.74599],[78.06641,30.74395],[78.07013,30.74177],[78.06919,30.73941],[78.06614,30.73595],[78.06746,30.73259],[78.07091,30.72841],[78.07509,30.72363],[78.07489,30.72206],[78.06991,30.71461],[78.06783,30.71251],[78.06405,30.71082],[78.06219,30.70727],[78.06125,30.6962],[78.05714,30.68932],[78.05758,30.67738],[78.05455,30.67202],[78.05108,30.66899],[78.03826,30.66473],[78.03275,30.65836],[78.02938,30.65052],[78.02527,30.64791],[78.02168,30.64899],[78.01684,30.65161],[78.01366,30.65452],[78.00996,30.65605],[78.00625,30.65594],[78.00131,30.65343],[77.99972,30.65161],[77.99946,30.64758],[78.00391,30.63435],[78.00311,30.62946],[78.00018,30.62527],[78.00105,30.62153],[78.00269,30.61981],[78.00184,30.61774],[78.00243,30.6115],[78.00077,30.60479],[78.00343,30.59926],[78.00355,30.59524],[78.00143,30.59441],[77.99997,30.59224],[77.99883,30.58401],[77.99274,30.57739],[77.99326,30.57374],[77.9914,30.56953],[77.9903,30.56847],[77.98633,30.56735],[77.98536,30.56719],[77.9831,30.56642],[77.97955,30.565],[77.97807,30.56393],[77.97511,30.56239],[77.97148,30.55818],[77.97039,30.55649],[77.96971,30.55503],[77.96913,30.55214],[77.96882,30.54953],[77.96896,30.54668],[77.96957,30.54205],[77.97004,30.53909],[77.97156,30.53216],[77.97317,30.52755],[77.97384,30.52492],[77.97486,30.51884],[77.97444,30.51672],[77.97348,30.51576],[77.97163,30.51423],[77.96845,30.51335],[77.96687,30.51349],[77.96243,30.51559],[77.96143,30.5157],[77.96033,30.51548],[77.95855,30.51641],[77.95709,30.51621],[77.95636,30.51563],[77.95531,30.51559],[77.95157,30.51738],[77.94714,30.51929],[77.94318,30.52052],[77.94167,30.52128],[77.937,30.52316],[77.9359,30.52316],[77.933,30.52131],[77.92888,30.519],[77.92834,30.51836],[77.92715,30.51674],[77.92684,30.51605],[77.92632,30.51356],[77.92704,30.51126],[77.929,30.5089],[77.93044,30.50757],[77.93136,30.50649],[77.93562,30.50097],[77.9398,30.49798],[77.94199,30.49574],[77.94357,30.4947],[77.94514,30.49405],[77.95352,30.49183],[77.95522,30.49158],[77.95805,30.49056],[77.95889,30.48979],[77.95985,30.488],[77.95979,30.48427],[77.96012,30.48357],[77.96048,30.48236],[77.96118,30.48109],[77.96243,30.47985],[77.96431,30.47883],[77.96905,30.47466],[77.97374,30.47085],[77.97565,30.47053],[77.97804,30.47066],[77.98011,30.47091],[77.98341,30.4716],[77.9855,30.47174],[77.9865,30.47224],[77.99619,30.47713],[78.00432,30.48028],[78.00853,30.47837],[78.01353,30.47424],[78.01924,30.47531],[78.02658,30.48384],[78.0317,30.48759],[78.0337,30.48783],[78.03976,30.48547],[78.04221,30.48522],[78.05434,30.48628],[78.05804,30.48561],[78.06307,30.48114],[78.06572,30.4804],[78.07333,30.48348],[78.08324,30.48544],[78.08888,30.48566],[78.09253,30.48433],[78.09547,30.48202],[78.11462,30.47686],[78.12356,30.46889],[78.13731,30.46613],[78.1469,30.46147],[78.15231,30.45673],[78.15727,30.45639],[78.16761,30.45746],[78.17609,30.45742],[78.1935,30.45236],[78.20201,30.44855],[78.20706,30.44713],[78.21578,30.44244],[78.22092,30.43684],[78.22778,30.43283],[78.22946,30.43061],[78.22983,30.42624],[78.22734,30.42331],[78.21889,30.41807],[78.20928,30.41368],[78.20129,30.41119],[78.18908,30.40605],[78.1795,30.40315],[78.1643,30.39313],[78.15855,30.39169],[78.15491,30.39184],[78.15002,30.39028],[78.13613,30.38104],[78.13203,30.37638],[78.12895,30.37109],[78.12659,30.36224],[78.12612,30.35604],[78.12962,30.34169],[78.13354,30.33555],[78.13396,30.33304],[78.13658,30.32948],[78.14875,30.3228],[78.1545,30.31569],[78.16367,30.31155],[78.17474,30.30881],[78.17802,30.31043],[78.18003,30.31067],[78.18287,30.30987],[78.18489,30.31195],[78.19078,30.31289],[78.19399,30.31668],[78.1955,30.31698],[78.20312,30.31671],[78.21267,30.31336],[78.22015,30.31188],[78.22433,30.3123],[78.22736,30.31442],[78.22973,30.31484],[78.23442,30.30733],[78.23709,30.30493],[78.24139,30.30454],[78.24741,30.30645],[78.25018,30.30622],[78.25658,30.30906],[78.26335,30.30529],[78.26981,30.30043],[78.27074,30.29865],[78.26921,30.29429],[78.26685,30.28811],[78.26816,30.28179],[78.2655,30.27742],[78.26538,30.27558],[78.28588,30.24897],[78.28596,30.24708],[78.28172,30.23952],[78.27695,30.23469],[78.25763,30.22712],[78.24973,30.2222],[78.24305,30.21482],[78.2338,30.20925],[78.22502,30.1922],[78.22434,30.18577],[78.22632,30.18021],[78.22905,30.17717],[78.2339,30.17404],[78.23695,30.17307],[78.24329,30.17272],[78.24654,30.17078],[78.24645,30.16848],[78.24134,30.15266],[78.24284,30.1479],[78.27177,30.13],[78.28455,30.1257],[78.29903,30.11815],[78.29831,30.11509],[78.29686,30.11284],[78.29195,30.10925],[78.28015,30.10535],[78.27912,30.10156],[78.2802,30.09157],[78.27919,30.08617],[78.27497,30.07828],[78.26823,30.0694],[78.25695,30.06004],[78.24593,30.05389],[78.23866,30.04879],[78.23606,30.04281],[78.23452,30.02948],[78.23282,30.02787],[78.22488,30.02506],[78.22027,30.02464],[78.21626,30.0226],[78.21568,30.01933],[78.21687,30.01291],[78.22028,30.00623],[78.22166,29.99847],[78.21927,29.99287],[78.2034,29.98129],[78.18947,29.96301],[78.18111,29.95007],[78.17155,29.94791],[78.16748,29.94809],[78.16945,29.9586],[78.17276,29.9662],[78.178,29.97333],[78.17714,29.98299],[78.17519,29.98726],[78.1733,29.98846],[78.17138,29.98568],[78.1605,29.96336],[78.15578,29.9547],[78.14786,29.95895],[78.13999,29.96611],[78.13558,29.9748],[78.1313,29.98374],[78.12153,30.00592],[78.10857,30.01058],[78.10497,30.01482],[78.10124,30.0175],[78.09007,30.01817],[78.08237,30.02254],[78.08223,30.02582],[78.08562,30.02959],[78.08606,30.03109],[78.08617,30.03237],[78.08443,30.03569],[78.06693,30.04461],[78.06093,30.0485],[78.05859,30.0519],[78.05789,30.05724],[78.05972,30.07206],[78.05897,30.08026],[78.05491,30.08528],[78.04537,30.09309],[78.03744,30.10143],[78.0301,30.1078],[78.02348,30.11531],[78.02265,30.1172],[78.01535,30.13378],[78.01322,30.14303],[78.00241,30.1588],[77.99921,30.16767],[77.99428,30.17742],[77.98696,30.18792],[77.98562,30.18932],[77.98184,30.19463],[77.98093,30.19563],[77.97907,30.19839],[77.97771,30.19968],[77.97706,30.20054],[77.97636,30.20197],[77.97443,30.20435],[77.97284,30.20696],[77.97083,30.20934],[77.96961,30.21066],[77.96089,30.21732],[77.96031,30.21824],[77.95972,30.22174],[77.95915,30.22346],[77.95853,30.2247],[77.95806,30.2252],[77.95195,30.22929],[77.94765,30.23313],[77.94454,30.23529],[77.94384,30.23638],[77.9451,30.24151],[77.94608,30.24472],[77.94644,30.24677],[77.94408,30.24772],[77.9412,30.2497],[77.93808,30.2506],[77.93629,30.25074],[77.93412,30.25008],[77.93321,30.24957],[77.93268,30.24861],[77.93148,30.24696],[77.92824,30.24775],[77.9254,30.24871],[77.92387,30.24981],[77.92189,30.25174],[77.91997,30.25405],[77.91685,30.25617],[77.91363,30.25761],[77.9103,30.25931],[77.90795,30.26073],[77.90363,30.26268],[77.9003,30.26441],[77.89637,30.26601],[77.89165,30.26735],[77.89021,30.26824],[77.88221,30.27047],[77.87986,30.27193],[77.87397,30.27415],[77.87148,30.27442],[77.86893,30.2721],[77.86714,30.2711],[77.86555,30.27048],[77.86103,30.27135],[77.85789,30.27237],[77.85587,30.27394],[77.85189,30.27658],[77.84756,30.27877],[77.84247,30.28033],[77.8403,30.28121],[77.8363,30.28229],[77.83278,30.28378],[77.8287,30.28468],[77.82406,30.28636],[77.81863,30.28918],[77.81241,30.29075],[77.80905,30.29218],[77.80737,30.29362],[77.8018,30.29599],[77.79931,30.29763],[77.78893,30.30366],[77.78431,30.30549],[77.7832,30.30642],[77.77848,30.3093],[77.77725,30.30987],[77.77301,30.31307],[77.76496,30.31737],[77.76268,30.31849],[77.7607,30.31914],[77.75867,30.32008],[77.75706,30.32096],[77.7513,30.32465],[77.74828,30.32537],[77.74258,30.32761],[77.74017,30.32833],[77.73772,30.32819],[77.73582,30.32925],[77.73239,30.32991],[77.72973,30.33148],[77.72553,30.33291],[77.72266,30.33415],[77.72089,30.33543],[77.71767,30.3361],[77.71538,30.33688],[77.71309,30.33793],[77.71078,30.33876],[77.70994,30.33991],[77.70773,30.34132],[77.70492,30.34387],[77.70108,30.34747],[77.6977,30.35031],[77.69713,30.35164],[77.69425,30.35534],[77.69341,30.35569],[77.69278,30.35724],[77.69127,30.35824],[77.69064,30.35973],[77.68707,30.36458],[77.68597,30.36688],[77.68434,30.36816],[77.68391,30.3696],[77.68274,30.37139],[77.68026,30.37434],[77.67977,30.3756],[77.67751,30.37913],[77.677,30.3808],[77.67387,30.3846],[77.6733,30.38565],[77.67184,30.38394],[77.6688,30.38353],[77.66688,30.38366],[77.66582,30.38344],[77.66411,30.38398],[77.66321,30.38473],[77.66348,30.38558],[77.6637,30.38752],[77.66301,30.39057],[77.66244,30.39167],[77.66154,30.39265],[77.66126,30.39323],[77.66035,30.39374],[77.65969,30.39394],[77.65806,30.39401],[77.6553,30.39478],[77.65193,30.3955],[77.64762,30.39807],[77.64569,30.40199],[77.64451,30.40258],[77.64301,30.40454],[77.64138,30.40536],[77.63987,30.4064],[77.63941,30.4071],[77.63662,30.4092],[77.6357,30.41012],[77.63422,30.41088],[77.63288,30.41117],[77.63053,30.41087],[77.62553,30.40708],[77.62354,30.40516],[77.62207,30.40477],[77.61819,30.40533],[77.61694,30.40529],[77.61451,30.40582],[77.61123,30.40757],[77.60916,30.41041],[77.60822,30.41019],[77.60707,30.40963],[77.60597,30.40948],[77.60411,30.40875],[77.60274,30.40841],[77.59897,30.40891],[77.59779,30.40887],[77.59246,30.40949],[77.59107,30.40905],[77.58778,30.40846],[77.58699,30.40806],[77.58639,30.40801],[77.58468,30.40878],[77.58437,30.40998],[77.57971,30.41192],[77.57754,30.41246],[77.57496,30.41174],[77.57283,30.41033],[77.57112,30.40864],[77.56958,30.4079],[77.56859,30.40683],[77.56711,30.40484],[77.56306,30.40449],[77.56224,30.41006],[77.56288,30.41708],[77.5679,30.42172],[77.57463,30.42652],[77.58107,30.4303],[77.59042,30.43378],[77.60375,30.43744],[77.61201,30.4384],[77.61672,30.43623],[77.63055,30.43616],[77.63334,30.43977],[77.63568,30.44434],[77.63783,30.44949],[77.64024,30.45235],[77.64665,30.45246],[77.65321,30.44954],[77.66161,30.44878],[77.67907,30.45173],[77.6822,30.45769],[77.69009,30.46294],[77.69919,30.4687],[77.70467,30.4734],[77.71123,30.47727],[77.72144,30.47777],[77.72928,30.48234],[77.73659,30.48725],[77.74753,30.49405],[77.75504,30.49833],[77.76344,30.50025],[77.76762,30.50436],[77.78819,30.5061],[77.7939,30.5086],[77.79918,30.51139],[77.80056,30.51316],[77.80197,30.51538],[77.80412,30.52037],[77.80502,30.52478],[77.81065,30.53318],[77.8122,30.53805],[77.80996,30.54402],[77.80681,30.54934],[77.80688,30.55426],[77.80586,30.56074],[77.80324,30.56378],[77.79827,30.56413],[77.79519,30.56115],[77.79059,30.56025],[77.78638,30.5614],[77.77827,30.55736],[77.7746,30.5589],[77.77091,30.5624],[77.76653,30.5635],[77.76185,30.56299],[77.75727,30.56558],[77.75353,30.57023],[77.75188,30.57458],[77.74949,30.57997],[77.74619,30.58443],[77.74363,30.58976],[77.73864,30.59287],[77.73193,30.59619],[77.72952,30.59838],[77.73127,30.60152],[77.73159,30.60478],[77.73211,30.60713],[77.73479,30.60816],[77.73833,30.60809],[77.74247,30.60717],[77.74971,30.60137],[77.75444,30.60075],[77.75724,30.6048],[77.75563,30.6162],[77.75661,30.62032],[77.76133,30.61945],[77.76711,30.61818],[77.77222,30.61783],[77.77865,30.61788],[77.78199,30.61936],[77.77961,30.62268],[77.77646,30.62613],[77.77128,30.62848],[77.77232,30.63238],[77.77545,30.63747],[77.77498,30.64112],[77.77217,30.64497],[77.7683,30.65148],[77.77026,30.65515],[77.77492,30.65845],[77.77905,30.66377],[77.77706,30.66559],[77.77423,30.66566],[77.77221,30.66539],[77.7695,30.66419],[77.76591,30.66528],[77.76295,30.66843],[77.75881,30.67239],[77.7542,30.67606],[77.74789,30.67814],[77.74275,30.68056],[77.73658,30.68285],[77.73341,30.68583],[77.7334,30.6935],[77.73358,30.69745],[77.73574,30.70158],[77.7369,30.70501],[77.74039,30.70712],[77.7411,30.71066],[77.73728,30.71347],[77.73433,30.71669],[77.73228,30.7207],[77.73068,30.72448],[77.72521,30.72735],[77.72219,30.73062],[77.7225,30.73336],[77.72171,30.73635],[77.72034,30.73824],[77.71765,30.73886],[77.71534,30.73826],[77.71289,30.73945],[77.71163,30.74208],[77.70928,30.74415],[77.70724,30.74553],[77.70435,30.7457],[77.70074,30.74497],[77.69771,30.74497],[77.69395,30.74617],[77.69159,30.74831],[77.69041,30.75133],[77.69176,30.75505],[77.69301,30.75785],[77.69148,30.76026],[77.68829,30.76867],[77.69266,30.77142],[77.69843,30.77342],[77.70453,30.77902],[77.70865,30.78451],[77.71539,30.79422],[77.7171,30.7995],[77.71806,30.8051],[77.71942,30.80831],[77.72408,30.81104],[77.72656,30.81442],[77.73089,30.81939],[77.73403,30.82407],[77.73745,30.8263],[77.74039,30.82767],[77.74441,30.82985],[77.74407,30.83624],[77.7409,30.84015],[77.73338,30.84749],[77.73146,30.85077],[77.73337,30.8542],[77.73573,30.85705],[77.73959,30.86019],[77.74168,30.8642],[77.74101,30.86992],[77.74085,30.87433],[77.74178,30.87828],[77.74452,30.88119],[77.74775,30.88227],[77.75105,30.88272],[77.75455,30.88244],[77.75821,30.88048],[77.76027,30.87784],[77.76178,30.87509],[77.76279,30.86816],[77.76517,30.86518],[77.769,30.86295],[77.7736,30.86103],[77.77853,30.86],[77.78937,30.85855],[77.78893,30.86496],[77.78706,30.86812],[77.7835,30.87206],[77.78362,30.87865],[77.78413,30.88215],[77.78444,30.88837],[77.78544,30.89336],[77.7864,30.89605],[77.79089,30.90067],[77.79463,30.90348],[77.79895,30.90879],[77.80085,30.91274],[77.79742,30.91675],[77.79498,30.92043],[77.79562,30.9238],[77.79337,30.92598],[77.79102,30.92613],[77.79153,30.92735],[77.79267,30.92852],[77.79647,30.93349],[77.79736,30.93501],[77.80022,30.93709],[77.80145,30.93909],[77.80266,30.93993],[77.80407,30.94055],[77.80657,30.94069],[77.80784,30.94022],[77.81134,30.93989],[77.81814,30.93815],[77.81985,30.9379],[77.82176,30.93817],[77.82444,30.93854],[77.82637,30.93862],[77.82697,30.9385],[77.82739,30.94084],[77.82856,30.94318],[77.82984,30.94511],[77.8324,30.94697],[77.83475,30.94975],[77.83818,30.95314],[77.83977,30.95445],[77.84099,30.955],[77.84252,30.95543],[77.84512,30.95695],[77.8472,30.9579],[77.84813,30.95869],[77.85048,30.9598],[77.85152,30.95962],[77.85331,30.95903],[77.85395,30.95828],[77.85474,30.95621],[77.85477,30.95593],[77.85503,30.9542],[77.85488,30.94951],[77.85601,30.94909],[77.85959,30.94825],[77.86091,30.9484],[77.86245,30.94901],[77.86506,30.95189],[77.86865,30.95248],[77.87044,30.95224],[77.87311,30.95161],[77.87408,30.95138],[77.87569,30.95216],[77.87614,30.95316],[77.87778,30.95523],[77.88041,30.95731],[77.8812,30.95828],[77.88195,30.95878],[77.88412,30.95835],[77.88596,30.95781],[77.88748,30.95676],[77.8896,30.95679],[77.8912,30.95757],[77.89462,30.95872],[77.89959,30.963],[77.90282,30.96684],[77.90503,30.96836],[77.90884,30.97064],[77.91228,30.97306],[77.9144,30.97423],[77.91799,30.97515],[77.92226,30.97651],[77.92399,30.97682],[77.93013,30.97556],[77.93327,30.97624],[77.93541,30.9773],[77.93763,30.97886],[77.94054,30.9792],[77.9416,30.97918],[77.94708,30.97815],[77.94743,30.97884],[77.9532,30.97935],[77.95653,30.97991],[77.95831,30.97843]]]}},{"type":"Feature","properties":{"ID_0":105,"ISO":"IND","NAME_0":"India","ID_1":34,"NAME_1":"Uttaranchal","ID_2":568,"NAME_2":"Haridwar","NL_NAME_2":null,"VARNAME_2":"Hardwar","TYPE_2":"District","ENGTYPE_2":"District","STATE":"Uttarakhand","DISTRICT":"Haridwar"},"geometry":{"type":"Polygon","coordinates":[[[78.04537,30.09309],[78.05491,30.08528],[78.05897,30.08026],[78.05972,30.07206],[78.05789,30.05724],[78.05859,30.0519],[78.06093,30.0485],[78.06693,30.04461],[78.08443,30.03569],[78.08617,30.03237],[78.08606,30.03109],[78.08562,30.02959],[78.08223,30.02582],[78.08237,30.02254],[78.09007,30.01817],[78.10124,30.0175],[78.10497,30.01482],[78.10857,30.01058],[78.12153,30.00592],[78.1313,29.98374],[78.13558,29.9748],[78.13999,29.96611],[78.14786,29.95895],[78.15578,29.9547],[78.1605,29.96336],[78.17138,29.98568],[78.1733,29.98846],[78.17519,29.98726],[78.17714,29.98299],[78.178,29.97333],[78.17276,29.9662],[78.16945,29.9586],[78.16748,29.94809],[78.17155,29.94791],[78.18111,29.95007],[78.18808,29.94755],[78.21689,29.93607],[78.23525,29.92779],[78.2393,29.92457],[78.24416,29.92383],[78.26183,29.92301],[78.26344,29.92015],[78.25918,29.90811],[78.25818,29.89936],[78.2597,29.89621],[78.26692,29.89522],[78.27253,29.88561],[78.2946,29.87092],[78.30087,29.86526],[78.30568,29.86234],[78.30861,29.85814],[78.31169,29.83603],[78.31389,29.82613],[78.31762,29.81803],[78.32048,29.80762],[78.32275,29.80275],[78.32718,29.7988],[78.33174,29.79618],[78.30293,29.75759],[78.28194,29.74234],[78.26476,29.72679],[78.2314,29.70409],[78.22126,29.71762],[78.19353,29.71006],[78.1923,29.70659],[78.18222,29.69155],[78.16593,29.67953],[78.13912,29.6761],[78.134,29.65851],[78.11482,29.64516],[78.10914,29.6367],[78.10698,29.63318],[78.09751,29.63078],[78.09683,29.6306],[78.09424,29.62803],[78.09062,29.62477],[78.08868,29.6133],[78.08206,29.60181],[78.07851,29.59954],[78.07316,29.59991],[78.06826,29.60141],[78.05925,29.60161],[78.05069,29.59805],[78.04393,29.59307],[78.03976,29.58798],[78.03651,29.58086],[78.0373,29.57777],[78.04075,29.57532],[78.04264,29.57191],[78.03722,29.56525],[78.03826,29.56144],[78.03688,29.55263],[78.03256,29.5517],[78.01927,29.55405],[78.01662,29.55462],[78.00352,29.55609],[77.99416,29.5551],[77.98802,29.54586],[77.97886,29.55413],[77.97706,29.55811],[77.97675,29.56384],[77.97881,29.56816],[77.98077,29.56876],[77.98405,29.57986],[77.98457,29.58455],[77.98376,29.58805],[77.98232,29.58901],[77.98101,29.58781],[77.97881,29.58537],[77.97704,29.58333],[77.973,29.58334],[77.97269,29.58315],[77.96955,29.58519],[77.96736,29.58572],[77.96632,29.58451],[77.96337,29.58383],[77.96175,29.58604],[77.95988,29.58621],[77.95599,29.58445],[77.95321,29.58472],[77.95158,29.58694],[77.94983,29.58813],[77.94823,29.59035],[77.94729,29.59043],[77.94833,29.59137],[77.94855,29.59343],[77.94877,29.59549],[77.95093,29.59844],[77.95323,29.60241],[77.95241,29.60352],[77.95101,29.60779],[77.9504,29.61097],[77.9497,29.61311],[77.95187,29.61604],[77.95569,29.61679],[77.95822,29.61449],[77.95986,29.61228],[77.9624,29.60999],[77.96633,29.61175],[77.97025,29.61352],[77.97465,29.61109],[77.97684,29.61404],[77.97542,29.61831],[77.97494,29.6225],[77.97352,29.62676],[77.97313,29.63199],[77.97472,29.6381],[77.97702,29.64206],[77.97538,29.64427],[77.97446,29.64435],[77.97169,29.64457],[77.96751,29.64907],[77.96538,29.65548],[77.96674,29.65952],[77.96788,29.66151],[77.96892,29.66246],[77.96913,29.66451],[77.96936,29.66657],[77.97049,29.66857],[77.97163,29.67054],[77.97277,29.67253],[77.97208,29.67466],[77.97218,29.67569],[77.97126,29.67577],[77.96919,29.67385],[77.9632,29.6702],[77.96228,29.67027],[77.96156,29.67241],[77.95831,29.67683],[77.95669,29.67904],[77.95412,29.68133],[77.95177,29.68567],[77.94727,29.68707],[77.9454,29.68723],[77.9447,29.68936],[77.94378,29.68943],[77.94492,29.69143],[77.94307,29.69158],[77.94328,29.69364],[77.94628,29.69546],[77.9436,29.69673],[77.94115,29.70004],[77.94229,29.70203],[77.94622,29.70377],[77.95198,29.70537],[77.94943,29.70766],[77.94245,29.7124],[77.94082,29.7146],[77.93896,29.71476],[77.93665,29.71391],[77.9305,29.71305],[77.92722,29.71458],[77.92492,29.71266],[77.92016,29.71386],[77.91623,29.71165],[77.91073,29.70549],[77.90963,29.70637],[77.90804,29.70529],[77.90955,29.70384],[77.90838,29.70287],[77.90635,29.7041],[77.90484,29.70255],[77.91021,29.69894],[77.89994,29.69782],[77.88683,29.7007],[77.88219,29.7],[77.87723,29.70039],[77.87388,29.70197],[77.87003,29.69878],[77.86991,29.69401],[77.86623,29.69341],[77.85851,29.68806],[77.85406,29.68891],[77.84863,29.68418],[77.84707,29.68063],[77.84294,29.6813],[77.84066,29.67936],[77.83844,29.67552],[77.83427,29.67188],[77.82897,29.66933],[77.8213,29.66899],[77.81108,29.67249],[77.80449,29.6769],[77.79252,29.68192],[77.78917,29.68588],[77.79745,29.69783],[77.79492,29.70046],[77.78269,29.70832],[77.76981,29.70992],[77.76204,29.71179],[77.75891,29.71342],[77.75771,29.71592],[77.76376,29.7261],[77.76792,29.73057],[77.76926,29.73465],[77.76736,29.73781],[77.76187,29.74382],[77.76086,29.7527],[77.76165,29.75576],[77.76572,29.76371],[77.76353,29.77036],[77.7654,29.77573],[77.76072,29.77878],[77.76054,29.78128],[77.7647,29.78546],[77.75296,29.79744],[77.74933,29.80436],[77.74215,29.80952],[77.74129,29.81142],[77.74399,29.81628],[77.74234,29.82463],[77.73895,29.83027],[77.73203,29.83455],[77.72919,29.83756],[77.73093,29.8419],[77.73006,29.85308],[77.71335,29.85648],[77.70958,29.85948],[77.70603,29.86374],[77.70326,29.86767],[77.70202,29.87178],[77.70316,29.87845],[77.70251,29.8857],[77.70302,29.88976],[77.71105,29.88812],[77.71302,29.89157],[77.71752,29.89463],[77.72009,29.90279],[77.72483,29.9059],[77.72721,29.90904],[77.73112,29.91129],[77.73302,29.91348],[77.72956,29.9228],[77.7288,29.92856],[77.72417,29.93005],[77.71894,29.93284],[77.71768,29.93495],[77.72067,29.93903],[77.72542,29.94352],[77.72898,29.94562],[77.72946,29.95188],[77.73269,29.95498],[77.74014,29.9589],[77.74348,29.96378],[77.74496,29.9676],[77.74413,29.97186],[77.731,29.98433],[77.73008,29.98745],[77.73676,29.99072],[77.74081,29.99412],[77.74323,30.00596],[77.74462,30.0088],[77.74643,30.01134],[77.74912,30.0141],[77.75325,30.01736],[77.75756,30.01952],[77.75974,30.02043],[77.76289,30.02163],[77.7678,30.02294],[77.76945,30.02385],[77.77227,30.02629],[77.77354,30.02957],[77.77389,30.0321],[77.77326,30.03304],[77.77255,30.0337],[77.77009,30.03688],[77.7657,30.03966],[77.76389,30.04217],[77.76202,30.04318],[77.75983,30.04493],[77.75821,30.04654],[77.75758,30.04823],[77.75834,30.0505],[77.76149,30.05544],[77.76443,30.06088],[77.76532,30.06306],[77.76794,30.06694],[77.76905,30.0681],[77.76978,30.06838],[77.7719,30.07249],[77.77338,30.07386],[77.77523,30.07631],[77.77586,30.07765],[77.7773,30.0824],[77.77869,30.08544],[77.78005,30.08916],[77.78175,30.09086],[77.78276,30.09326],[77.78513,30.09678],[77.78596,30.09911],[77.78644,30.09997],[77.78957,30.10153],[77.79186,30.10185],[77.79392,30.10109],[77.79504,30.10061],[77.79771,30.09886],[77.79874,30.09786],[77.80102,30.09618],[77.80278,30.09456],[77.80413,30.09364],[77.80548,30.09196],[77.80807,30.09021],[77.81071,30.08955],[77.81308,30.08963],[77.81519,30.09017],[77.81791,30.09158],[77.81997,30.09364],[77.82186,30.09695],[77.82189,30.09888],[77.82395,30.10127],[77.82531,30.10473],[77.82656,30.10552],[77.82842,30.10612],[77.83058,30.10724],[77.83283,30.10801],[77.83607,30.10995],[77.83748,30.11143],[77.83853,30.11227],[77.84274,30.11678],[77.84361,30.11831],[77.84469,30.1195],[77.84724,30.12346],[77.8481,30.12453],[77.85052,30.12866],[77.85233,30.13093],[77.85527,30.13362],[77.85795,30.1381],[77.85909,30.14048],[77.8599,30.14156],[77.86132,30.14405],[77.86444,30.14994],[77.865,30.1521],[77.86549,30.15507],[77.86871,30.1588],[77.87205,30.16303],[77.87333,30.16393],[77.87664,30.16696],[77.87798,30.1686],[77.87939,30.16968],[77.88794,30.17875],[77.89012,30.18038],[77.89281,30.18343],[77.896,30.18629],[77.89707,30.18822],[77.89833,30.19226],[77.89896,30.19488],[77.89991,30.20401],[77.9004,30.20578],[77.9023,30.20976],[77.90313,30.21306],[77.9044,30.21521],[77.90762,30.21699],[77.91139,30.21877],[77.91454,30.22181],[77.91806,30.22479],[77.92182,30.2297],[77.92317,30.2318],[77.92713,30.23642],[77.92932,30.23999],[77.92977,30.24181],[77.93027,30.243],[77.93148,30.24696],[77.93268,30.24861],[77.93321,30.24957],[77.93412,30.25008],[77.93629,30.25074],[77.93808,30.2506],[77.9412,30.2497],[77.94408,30.24772],[77.94644,30.24677],[77.94608,30.24472],[77.9451,30.24151],[77.94384,30.23638],[77.94454,30.23529],[77.94765,30.23313],[77.95195,30.22929],[77.95806,30.2252],[77.95853,30.2247],[77.95915,30.22346],[77.95972,30.22174],[77.96031,30.21824],[77.96089,30.21732],[77.96961,30.21066],[77.97083,30.20934],[77.97284,30.20696],[77.97443,30.20435],[77.97636,30.20197],[77.97706,30.20054],[77.97771,30.19968],[77.97907,30.19839],[77.98093,30.19563],[77.98184,30.19463],[77.98562,30.18932],[77.98696,30.18792],[77.99428,30.17742],[77.99921,30.16767],[78.00241,30.1588],[78.01322,30.14303],[78.01535,30.13378],[78.02265,30.1172],[78.02348,30.11531],[78.0301,30.1078],[78.03744,30.10143],[78.04537,30.09309]]]}},{"type":"Feature","properties":{"ID_0":105,"ISO":"IND","NAME_0":"India","ID_1":34,"NAME_1":"Uttaranchal","ID_2":569,"NAME_2":"Naini Tal","NL_NAME_2":null,"VARNAME_2":null,"TYPE_2":"District","ENGTYPE_2":"District","STATE":"Uttarakhand","DISTRICT":"Naini Tal"},"geometry":{"type":"Polygon","coordinates":[[[79.34124,29.60721],[79.34126,29.59968],[79.34529,29.60141],[79.35029,29.60034],[79.35635,29.59497],[79.36633,29.59346],[79.37409,29.58564],[79.37832,29.58002],[79.38208,29.57876],[79.39097,29.56739],[79.39616,29.56529],[79.42764,29.54012],[79.43216,29.53341],[79.43596,29.52588],[79.44194,29.52189],[79.45056,29.52242],[79.45622,29.51451],[79.46119,29.51441],[79.46567,29.51315],[79.46826,29.50761],[79.46645,29.50018],[79.48332,29.50542],[79.4887,29.50516],[79.50211,29.51454],[79.50555,29.52005],[79.51044,29.52581],[79.51442,29.53937],[79.51481,29.54633],[79.51727,29.5516],[79.5208,29.55153],[79.5246,29.5502],[79.52754,29.55141],[79.53252,29.55576],[79.53641,29.55542],[79.53623,29.54494],[79.5454,29.54416],[79.56483,29.54649],[79.57829,29.55416],[79.58424,29.5547],[79.60236,29.56029],[79.60958,29.55867],[79.61475,29.55529],[79.62274,29.54757],[79.63318,29.55214],[79.6397,29.54877],[79.65068,29.54617],[79.65447,29.54271],[79.65488,29.53823],[79.65958,29.53663],[79.66556,29.53308],[79.66998,29.52785],[79.67173,29.52218],[79.67004,29.51141],[79.66726,29.50258],[79.67015,29.49427],[79.67828,29.47938],[79.68239,29.47489],[79.69548,29.46735],[79.70046,29.46626],[79.70594,29.46358],[79.7194,29.46731],[79.71599,29.45335],[79.71645,29.446],[79.72151,29.44049],[79.72739,29.43774],[79.73158,29.43675],[79.73678,29.43832],[79.75107,29.44009],[79.75397,29.44248],[79.75703,29.45356],[79.76406,29.45582],[79.77441,29.45542],[79.78497,29.4443],[79.79691,29.44367],[79.805,29.43991],[79.81598,29.43286],[79.82457,29.43213],[79.83282,29.43447],[79.83601,29.43674],[79.83926,29.44039],[79.84217,29.4406],[79.84441,29.4389],[79.84425,29.43581],[79.83958,29.42779],[79.82348,29.41112],[79.82165,29.4066],[79.82358,29.40352],[79.82705,29.40305],[79.82948,29.40176],[79.83784,29.38961],[79.84474,29.38578],[79.84534,29.37598],[79.8476,29.37479],[79.86099,29.37639],[79.87436,29.37309],[79.87924,29.37417],[79.88805,29.36346],[79.88902,29.35945],[79.88735,29.35415],[79.87446,29.35538],[79.86485,29.35355],[79.85863,29.35055],[79.85684,29.34685],[79.85654,29.34132],[79.85555,29.33816],[79.85199,29.33387],[79.85146,29.32385],[79.84935,29.32111],[79.84565,29.3196],[79.8408,29.32102],[79.82597,29.32834],[79.81922,29.33044],[79.82005,29.34287],[79.81481,29.34339],[79.81113,29.34507],[79.80828,29.34751],[79.78632,29.34087],[79.79275,29.33296],[79.79396,29.32245],[79.79517,29.32073],[79.79998,29.31838],[79.80561,29.31378],[79.80612,29.3112],[79.80354,29.30588],[79.80181,29.29581],[79.80451,29.29156],[79.8016,29.28676],[79.8034,29.28138],[79.80823,29.27643],[79.8123,29.27336],[79.81538,29.27278],[79.8348,29.27971],[79.84263,29.2806],[79.84729,29.27922],[79.84937,29.27521],[79.85392,29.27286],[79.85612,29.26608],[79.86266,29.26615],[79.86956,29.26018],[79.87685,29.25703],[79.87902,29.257],[79.88538,29.2588],[79.88975,29.25534],[79.90002,29.23921],[79.90247,29.23394],[79.91142,29.22619],[79.91301,29.22138],[79.91283,29.2148],[79.90695,29.21157],[79.9016,29.20552],[79.89769,29.20231],[79.89267,29.19993],[79.89056,29.19263],[79.88977,29.18454],[79.88071,29.17874],[79.8698,29.17797],[79.86764,29.17551],[79.86703,29.16398],[79.86772,29.16218],[79.87022,29.1588],[79.88374,29.15419],[79.88958,29.13917],[79.90401,29.13107],[79.90581,29.13167],[79.91128,29.13646],[79.93724,29.13191],[79.94704,29.12851],[79.95859,29.12663],[79.96326,29.12483],[79.9659,29.12278],[79.96793,29.11882],[79.95822,29.11289],[79.95276,29.10614],[79.94903,29.09581],[79.94682,29.07744],[79.94747,29.07074],[79.94959,29.06646],[79.95406,29.06202],[79.95957,29.05802],[79.95543,29.05233],[79.94993,29.04942],[79.93396,29.04589],[79.92473,29.04442],[79.91911,29.03913],[79.91309,29.03582],[79.90817,29.03205],[79.90482,29.03244],[79.90244,29.03099],[79.89845,29.02828],[79.89637,29.02317],[79.89326,29.02018],[79.89089,29.01586],[79.86106,29.00649],[79.8567,28.99977],[79.85315,28.99449],[79.85054,28.98808],[79.84592,28.9896],[79.84679,28.99624],[79.84314,29.00339],[79.84364,29.00655],[79.84488,29.01762],[79.842,29.02221],[79.83727,29.02227],[79.83323,29.01907],[79.82295,29.00661],[79.82185,29.00329],[79.81842,29.00236],[79.81044,29.00249],[79.80333,29.00388],[79.80074,29.00355],[79.79417,28.99644],[79.79123,28.99432],[79.78779,28.99402],[79.78905,28.99798],[79.78324,28.99891],[79.78239,29.00095],[79.78537,29.00672],[79.78778,29.01156],[79.79276,29.01137],[79.78815,29.01954],[79.77898,29.01858],[79.77744,29.02154],[79.76169,29.02033],[79.7613,29.02289],[79.7644,29.02472],[79.76161,29.02582],[79.75352,29.03135],[79.74503,29.0302],[79.73766,29.02547],[79.73783,29.02088],[79.72797,29.02215],[79.71394,29.02232],[79.70245,29.02606],[79.69901,29.02754],[79.68825,29.03488],[79.68273,29.0408],[79.68005,29.05057],[79.67708,29.05436],[79.66444,29.05947],[79.65525,29.06489],[79.64065,29.07038],[79.63386,29.07013],[79.63152,29.06313],[79.62185,29.05634],[79.62112,29.05599],[79.61617,29.05476],[79.56828,29.05383],[79.54503,29.05547],[79.50591,29.05329],[79.45046,29.05452],[79.40745,29.05401],[79.38386,29.07336],[79.37189,29.08469],[79.33762,29.10645],[79.31915,29.12402],[79.3027,29.13837],[79.29491,29.14267],[79.28391,29.15292],[79.26778,29.16353],[79.26115,29.16931],[79.25829,29.17381],[79.25225,29.18235],[79.23508,29.18936],[79.23628,29.20494],[79.23832,29.21578],[79.24225,29.21965],[79.25374,29.22685],[79.25782,29.23335],[79.26842,29.24368],[79.25064,29.24512],[79.22451,29.24928],[79.21278,29.25184],[79.18242,29.26109],[79.13725,29.27305],[79.1256,29.27904],[79.12162,29.27617],[79.11853,29.28598],[79.11967,29.29538],[79.11324,29.30429],[79.1171,29.30823],[79.10137,29.30939],[79.08565,29.31313],[79.06393,29.32286],[79.02874,29.3341],[78.99504,29.34458],[78.96959,29.35806],[78.96284,29.36854],[78.95087,29.37603],[78.94038,29.37378],[78.93365,29.36555],[78.92316,29.3618],[78.91343,29.35731],[78.9007,29.35731],[78.87374,29.36255],[78.84828,29.36779],[78.8358,29.37229],[78.83472,29.37435],[78.83186,29.37658],[78.83251,29.38135],[78.83631,29.38143],[78.84039,29.37993],[78.8568,29.38559],[78.85976,29.38767],[78.86003,29.38931],[78.85889,29.39148],[78.86021,29.39388],[78.86259,29.39461],[78.866,29.39312],[78.87019,29.39236],[78.87276,29.39857],[78.8828,29.4048],[78.88719,29.40899],[78.89062,29.41643],[78.89648,29.42358],[78.90041,29.44669],[78.90714,29.45183],[78.92293,29.45618],[78.91979,29.46015],[78.90034,29.45618],[78.89602,29.45618],[78.89788,29.46084],[78.89997,29.46324],[78.90484,29.46476],[78.90898,29.4677],[78.91414,29.46979],[78.92331,29.47629],[78.92659,29.47768],[78.92742,29.48173],[78.93118,29.48997],[78.93548,29.49943],[78.93969,29.50584],[78.9376,29.51324],[78.94184,29.53015],[78.94753,29.53672],[78.95118,29.54259],[78.95387,29.54508],[78.95907,29.54597],[78.9623,29.54782],[78.97424,29.55091],[78.97794,29.55328],[78.98304,29.55507],[78.98746,29.55487],[78.99178,29.56167],[78.989,29.56823],[78.98887,29.57126],[78.99532,29.57794],[78.99624,29.5802],[78.99628,29.58945],[79.00048,29.59087],[79.00848,29.59014],[79.01163,29.59169],[79.01548,29.59245],[79.02005,29.59145],[79.02411,29.59147],[79.02818,29.5886],[79.0367,29.58594],[79.04842,29.5842],[79.05891,29.58468],[79.06785,29.58382],[79.07967,29.57282],[79.08756,29.56749],[79.09298,29.56424],[79.09827,29.56441],[79.09951,29.55356],[79.1064,29.55218],[79.12065,29.55377],[79.12552,29.55666],[79.1307,29.55658],[79.13309,29.55272],[79.13503,29.54373],[79.14244,29.54088],[79.15464,29.5381],[79.16164,29.5381],[79.16866,29.53696],[79.18433,29.52981],[79.19073,29.52762],[79.20189,29.52827],[79.21056,29.52726],[79.21526,29.53022],[79.22076,29.53554],[79.22607,29.5381],[79.2305,29.54225],[79.23508,29.54715],[79.24189,29.55859],[79.24612,29.56275],[79.25647,29.57016],[79.26057,29.57689],[79.26676,29.5809],[79.2728,29.58342],[79.27681,29.59107],[79.28765,29.59716],[79.29593,29.60505],[79.31497,29.61019],[79.32288,29.61491],[79.3283,29.61483],[79.33794,29.6102],[79.34124,29.60721]]]}},{"type":"Feature","properties":{"ID_0":105,"ISO":"IND","NAME_0":"India","ID_1":34,"NAME_1":"Uttaranchal","ID_2":570,"NAME_2":"Pauri Garhwal","NL_NAME_2":null,"VARNAME_2":"Garhwal","TYPE_2":"District","ENGTYPE_2":"District","STATE":"Uttarakhand","DISTRICT":"Pauri Garhwal"},"geometry":{"type":"Polygon","coordinates":[[[79.05108,30.30699],[79.06094,30.30471],[79.0766,30.30546],[79.07813,30.30477],[79.07701,30.30271],[79.07263,30.29896],[79.06625,30.29164],[79.05403,30.28241],[79.04505,30.27382],[79.03909,30.26977],[79.03496,30.26591],[79.03364,30.26313],[79.03162,30.25963],[79.02853,30.25749],[79.02788,30.25617],[79.02471,30.24776],[79.02272,30.23897],[79.02274,30.23694],[79.02551,30.22941],[79.02882,30.22562],[79.03082,30.22401],[79.03333,30.22322],[79.04124,30.22271],[79.05389,30.22516],[79.05739,30.22718],[79.06041,30.22742],[79.07944,30.22331],[79.08303,30.22187],[79.08627,30.21958],[79.08661,30.21854],[79.08303,30.2103],[79.08359,30.20669],[79.09299,30.19922],[79.10662,30.19107],[79.10987,30.18762],[79.11196,30.18008],[79.11404,30.17749],[79.11627,30.17629],[79.12838,30.17146],[79.13081,30.169],[79.13136,30.16676],[79.13052,30.16364],[79.12442,30.15823],[79.1226,30.1545],[79.12295,30.1275],[79.12666,30.12377],[79.13823,30.1186],[79.14137,30.10767],[79.14436,30.1041],[79.15196,30.10198],[79.16243,30.10249],[79.16849,30.1015],[79.17392,30.09806],[79.17565,30.09609],[79.18266,30.0881],[79.18629,30.07947],[79.19018,30.07365],[79.18967,30.07159],[79.18089,30.06533],[79.17815,30.06199],[79.17547,30.05337],[79.17529,30.04642],[79.1762,30.04378],[79.17886,30.04217],[79.18629,30.04207],[79.19121,30.04082],[79.19582,30.03813],[79.20136,30.03321],[79.20282,30.03299],[79.20409,30.0287],[79.20516,30.01512],[79.21121,30.00772],[79.21136,30.00642],[79.21252,30.00072],[79.21233,29.9966],[79.20887,29.99321],[79.20889,29.98977],[79.21502,29.98349],[79.21787,29.97732],[79.2211,29.97133],[79.22046,29.96425],[79.21608,29.95326],[79.2105,29.95145],[79.19396,29.94381],[79.19056,29.94519],[79.18301,29.95053],[79.18015,29.94691],[79.17896,29.92708],[79.17757,29.92451],[79.16685,29.9146],[79.15964,29.91333],[79.15112,29.92187],[79.1365,29.91511],[79.12761,29.91237],[79.11462,29.91042],[79.11131,29.90484],[79.10709,29.90092],[79.10069,29.89809],[79.09441,29.8957],[79.08067,29.89523],[79.07581,29.89417],[79.06996,29.89062],[79.06457,29.87845],[79.05705,29.86699],[79.06554,29.86536],[79.07352,29.86222],[79.09025,29.85119],[79.09103,29.84219],[79.09502,29.8403],[79.10024,29.83545],[79.11033,29.81417],[79.10883,29.80893],[79.1158,29.79099],[79.11663,29.78636],[79.1143,29.78004],[79.1106,29.77561],[79.10653,29.77284],[79.10181,29.77293],[79.10254,29.76512],[79.10195,29.75615],[79.09933,29.74724],[79.09843,29.74078],[79.09947,29.73557],[79.1059,29.73005],[79.10503,29.72585],[79.10858,29.72538],[79.11031,29.72397],[79.10885,29.71401],[79.10265,29.71107],[79.09503,29.70243],[79.09644,29.69902],[79.09917,29.69722],[79.10358,29.69586],[79.10484,29.68748],[79.09845,29.67755],[79.09906,29.67135],[79.09589,29.66727],[79.09201,29.66547],[79.08826,29.67725],[79.08607,29.67733],[79.0769,29.66762],[79.07378,29.66291],[79.06717,29.64416],[79.06983,29.63961],[79.07955,29.62995],[79.07515,29.62494],[79.06852,29.62194],[79.0582,29.62428],[79.05767,29.61846],[79.05445,29.61283],[79.05076,29.61011],[79.05009,29.60464],[79.05121,29.59868],[79.04913,29.59313],[79.04448,29.59247],[79.03279,29.59328],[79.02411,29.59147],[79.02005,29.59145],[79.01548,29.59245],[79.01163,29.59169],[79.00848,29.59014],[79.00048,29.59087],[78.99628,29.58945],[78.99624,29.5802],[78.99532,29.57794],[78.98887,29.57126],[78.989,29.56823],[78.99178,29.56167],[78.98746,29.55487],[78.98304,29.55507],[78.97794,29.55328],[78.97424,29.55091],[78.9623,29.54782],[78.95907,29.54597],[78.95387,29.54508],[78.95118,29.54259],[78.94753,29.53672],[78.94184,29.53015],[78.9376,29.51324],[78.93969,29.50584],[78.93548,29.49943],[78.93118,29.48997],[78.92742,29.48173],[78.92659,29.47768],[78.92331,29.47629],[78.91414,29.46979],[78.90898,29.4677],[78.90484,29.46476],[78.89997,29.46324],[78.89788,29.46084],[78.89602,29.45618],[78.89011,29.45754],[78.88268,29.45784],[78.87543,29.45998],[78.86575,29.4596],[78.84612,29.46365],[78.83006,29.46851],[78.82377,29.46969],[78.8167,29.46857],[78.81139,29.46983],[78.79695,29.47595],[78.78551,29.47603],[78.77475,29.48094],[78.76578,29.48379],[78.74226,29.50122],[78.73906,29.50498],[78.73152,29.50574],[78.72661,29.50871],[78.70827,29.50942],[78.69336,29.50887],[78.68541,29.51355],[78.67656,29.52135],[78.65039,29.54069],[78.63957,29.54778],[78.6215,29.55289],[78.61516,29.55787],[78.60525,29.5618],[78.57648,29.58057],[78.56121,29.59373],[78.53054,29.62393],[78.52736,29.62436],[78.52547,29.62977],[78.51775,29.63915],[78.51151,29.65069],[78.50922,29.65965],[78.50961,29.66848],[78.50764,29.67291],[78.50725,29.67697],[78.50745,29.69083],[78.50602,29.69389],[78.50185,29.71171],[78.50026,29.71534],[78.49021,29.72492],[78.48758,29.74138],[78.47358,29.74847],[78.46474,29.75101],[78.45216,29.75214],[78.43213,29.75812],[78.42432,29.76165],[78.41257,29.77242],[78.40839,29.77344],[78.39842,29.77213],[78.38599,29.77386],[78.35126,29.78625],[78.33854,29.79254],[78.33193,29.79612],[78.33174,29.79618],[78.32718,29.7988],[78.32275,29.80275],[78.32048,29.80762],[78.31762,29.81803],[78.31389,29.82613],[78.31169,29.83603],[78.30861,29.85814],[78.30568,29.86234],[78.30087,29.86526],[78.2946,29.87092],[78.27253,29.88561],[78.26692,29.89522],[78.2597,29.89621],[78.25818,29.89936],[78.25918,29.90811],[78.26344,29.92015],[78.26183,29.92301],[78.24416,29.92383],[78.2393,29.92457],[78.23525,29.92779],[78.21689,29.93607],[78.18808,29.94755],[78.18111,29.95007],[78.18947,29.96301],[78.2034,29.98129],[78.21927,29.99287],[78.22166,29.99847],[78.22028,30.00623],[78.21687,30.01291],[78.21568,30.01933],[78.21626,30.0226],[78.22027,30.02464],[78.22488,30.02506],[78.23282,30.02787],[78.23452,30.02948],[78.23606,30.04281],[78.23866,30.04879],[78.24593,30.05389],[78.25695,30.06004],[78.26823,30.0694],[78.27497,30.07828],[78.27919,30.08617],[78.2802,30.09157],[78.27912,30.10156],[78.28015,30.10535],[78.29195,30.10925],[78.29686,30.11284],[78.29831,30.11509],[78.29903,30.11815],[78.30016,30.12279],[78.30277,30.12815],[78.30591,30.12946],[78.31982,30.13127],[78.32352,30.13898],[78.32664,30.13975],[78.33,30.13953],[78.34443,30.13287],[78.35566,30.12603],[78.35876,30.12484],[78.36892,30.12798],[78.37834,30.12866],[78.37918,30.13261],[78.37794,30.13973],[78.37918,30.14169],[78.38347,30.14344],[78.39316,30.14389],[78.40031,30.14114],[78.40484,30.13623],[78.40883,30.13027],[78.41147,30.12246],[78.41128,30.12074],[78.4204,30.11888],[78.42284,30.11798],[78.42471,30.11608],[78.42491,30.11407],[78.422,30.10464],[78.42171,30.10039],[78.42308,30.09224],[78.42636,30.08461],[78.43673,30.07683],[78.44234,30.07416],[78.45496,30.0715],[78.46313,30.07365],[78.46497,30.07228],[78.46599,30.06981],[78.46957,30.06247],[78.47124,30.06219],[78.4778,30.06803],[78.4842,30.08073],[78.48708,30.0831],[78.48875,30.08252],[78.48933,30.07179],[78.49054,30.06829],[78.49505,30.06279],[78.49764,30.06165],[78.50034,30.06291],[78.50385,30.07039],[78.50959,30.07184],[78.51096,30.07294],[78.51252,30.07805],[78.517,30.08055],[78.52003,30.08071],[78.53252,30.078],[78.54598,30.07648],[78.54923,30.07459],[78.55441,30.06811],[78.56497,30.06832],[78.5665,30.06797],[78.56826,30.06626],[78.57337,30.06041],[78.57511,30.0592],[78.57709,30.05909],[78.5784,30.06225],[78.5789,30.06737],[78.58073,30.07145],[78.58605,30.06886],[78.58745,30.06928],[78.591,30.07199],[78.59085,30.07504],[78.58872,30.07733],[78.58086,30.07908],[78.57492,30.079],[78.57393,30.07929],[78.57268,30.08124],[78.57294,30.08342],[78.57417,30.08526],[78.57784,30.08809],[78.57961,30.09286],[78.57841,30.09774],[78.57443,30.10203],[78.57036,30.10931],[78.57129,30.11074],[78.57449,30.1119],[78.57666,30.11519],[78.5747,30.12672],[78.57516,30.12868],[78.57596,30.12994],[78.58723,30.13245],[78.58788,30.134],[78.5833,30.13915],[78.58089,30.1454],[78.58171,30.15321],[78.58295,30.15666],[78.58394,30.15736],[78.58605,30.15673],[78.59098,30.15238],[78.5925,30.15232],[78.5946,30.15589],[78.6002,30.15649],[78.60249,30.15901],[78.60542,30.1701],[78.60749,30.18337],[78.60963,30.18866],[78.61412,30.19137],[78.62559,30.1961],[78.6314,30.20054],[78.63309,30.20468],[78.633,30.21157],[78.63417,30.21518],[78.63557,30.21582],[78.64667,30.21471],[78.6491,30.21545],[78.65168,30.21753],[78.65675,30.22024],[78.66283,30.22095],[78.66731,30.22463],[78.66897,30.22705],[78.66962,30.23032],[78.66734,30.23925],[78.66779,30.2415],[78.67074,30.24551],[78.6767,30.24767],[78.68383,30.24591],[78.69436,30.24157],[78.69672,30.24255],[78.69811,30.24514],[78.69983,30.24629],[78.70292,30.24732],[78.70724,30.24722],[78.714,30.24059],[78.73454,30.22686],[78.73844,30.22228],[78.74025,30.22143],[78.74316,30.22114],[78.74778,30.22191],[78.75201,30.22341],[78.75807,30.23243],[78.76295,30.23462],[78.77156,30.23625],[78.77465,30.23694],[78.77657,30.23638],[78.78988,30.22844],[78.79332,30.22776],[78.79571,30.22834],[78.80032,30.23495],[78.80865,30.23611],[78.8118,30.24409],[78.81637,30.24777],[78.82389,30.24744],[78.83149,30.24569],[78.83574,30.24884],[78.83685,30.25275],[78.83896,30.25557],[78.84308,30.25511],[78.8485,30.25247],[78.85267,30.25317],[78.86527,30.26057],[78.87103,30.26829],[78.87373,30.26759],[78.88448,30.26132],[78.88776,30.25782],[78.89022,30.25348],[78.89314,30.25243],[78.89662,30.25675],[78.90238,30.26695],[78.90575,30.26906],[78.9099,30.26995],[78.91534,30.26268],[78.91758,30.26309],[78.92011,30.26479],[78.92194,30.27572],[78.92271,30.27626],[78.92781,30.27735],[78.93409,30.27716],[78.94064,30.27876],[78.96201,30.28773],[78.96794,30.29323],[78.96797,30.29451],[78.97155,30.29577],[78.98043,30.30297],[78.98625,30.30737],[78.98807,30.30625],[78.99153,30.30539],[79.00464,30.30767],[79.01301,30.30994],[79.02139,30.31434],[79.02493,30.3162],[79.03008,30.31684],[79.03306,30.31575],[79.03876,30.31145],[79.04177,30.30812],[79.04395,30.30721],[79.05108,30.30699]]]}},{"type":"Feature","properties":{"ID_0":105,"ISO":"IND","NAME_0":"India","ID_1":34,"NAME_1":"Uttaranchal","ID_2":571,"NAME_2":"Pithoragarh","NL_NAME_2":null,"VARNAME_2":null,"TYPE_2":"District","ENGTYPE_2":"District","STATE":"Uttarakhand","DISTRICT":"Pithoragarh"},"geometry":{"type":"Polygon","coordinates":[[[80.14784,30.81342],[80.15674,30.81254],[80.15727,30.81275],[80.15937,30.81209],[80.16354,30.80997],[80.16749,30.80716],[80.1683,30.80555],[80.16856,30.80512],[80.16959,30.8033],[80.17091,30.80241],[80.1709,30.80196],[80.17221,30.80105],[80.17302,30.8006],[80.17406,30.79836],[80.17458,30.79812],[80.17618,30.79542],[80.177,30.79481],[80.17834,30.79353],[80.18115,30.78933],[80.18406,30.78709],[80.18485,30.78663],[80.18525,30.7855],[80.18541,30.78032],[80.18492,30.77465],[80.18596,30.77036],[80.18647,30.77015],[80.18861,30.76676],[80.18942,30.76631],[80.19012,30.76491],[80.19045,30.76381],[80.19543,30.76111],[80.19727,30.76],[80.20721,30.75753],[80.20798,30.75776],[80.21079,30.76408],[80.21275,30.76566],[80.21477,30.76645],[80.21726,30.76699],[80.21784,30.76705],[80.22098,30.76593],[80.22178,30.76501],[80.22282,30.76523],[80.22307,30.76455],[80.22384,30.7641],[80.22543,30.76095],[80.22617,30.76036],[80.227,30.75845],[80.22753,30.75823],[80.22807,30.75802],[80.22835,30.75664],[80.22953,30.75371],[80.23003,30.7535],[80.23224,30.74878],[80.23299,30.7482],[80.23426,30.74558],[80.235,30.74499],[80.23727,30.74066],[80.2373,30.7377],[80.23689,30.73656],[80.23264,30.72956],[80.23086,30.72257],[80.22539,30.71759],[80.22357,30.71465],[80.22127,30.70453],[80.2209,30.70114],[80.22007,30.70055],[80.21977,30.69725],[80.21718,30.69521],[80.20988,30.69136],[80.20909,30.69155],[80.19897,30.69013],[80.19715,30.68949],[80.19336,30.68772],[80.19334,30.68685],[80.19286,30.68638],[80.19272,30.68592],[80.18555,30.68231],[80.18285,30.6796],[80.18211,30.67811],[80.18121,30.67482],[80.1805,30.66986],[80.18317,30.66535],[80.18841,30.6622],[80.18841,30.6613],[80.19733,30.65675],[80.20042,30.65546],[80.20095,30.655],[80.20095,30.65388],[80.20316,30.65221],[80.20316,30.65177],[80.20644,30.64891],[80.20844,30.64531],[80.20896,30.64508],[80.20938,30.64145],[80.20782,30.63673],[80.20569,30.63455],[80.20293,30.63062],[80.19922,30.62754],[80.19869,30.62663],[80.19852,30.62314],[80.19906,30.61933],[80.19956,30.61887],[80.20586,30.6164],[80.20926,30.61571],[80.21068,30.61558],[80.21132,30.61549],[80.21132,30.61503],[80.2121,30.61457],[80.21253,30.61345],[80.21228,30.60894],[80.21189,30.60783],[80.20644,30.60238],[80.20594,30.60125],[80.20597,30.5974],[80.20923,30.58754],[80.21096,30.5823],[80.21477,30.57989],[80.21574,30.57904],[80.22124,30.57633],[80.22144,30.57578],[80.22437,30.57496],[80.22982,30.57261],[80.23215,30.57103],[80.23242,30.56945],[80.23399,30.56855],[80.23425,30.56787],[80.23709,30.56624],[80.23865,30.56566],[80.24023,30.5654],[80.24406,30.56677],[80.24606,30.56749],[80.2478,30.56858],[80.24977,30.57252],[80.25076,30.57345],[80.25112,30.57379],[80.25222,30.57492],[80.25318,30.57516],[80.25468,30.57518],[80.25537,30.57518],[80.25645,30.57482],[80.25701,30.57422],[80.25662,30.57106],[80.25664,30.57093],[80.2569,30.56836],[80.25784,30.56797],[80.25803,30.56741],[80.26055,30.56654],[80.26106,30.56745],[80.26209,30.56792],[80.26235,30.56881],[80.26242,30.56964],[80.26247,30.57017],[80.26356,30.57112],[80.26762,30.57376],[80.27222,30.57406],[80.278,30.57448],[80.2806,30.5739],[80.28125,30.57368],[80.28199,30.57334],[80.28357,30.57245],[80.28413,30.57202],[80.28592,30.57182],[80.28673,30.57173],[80.28932,30.571],[80.29243,30.56998],[80.29367,30.56948],[80.29456,30.56934],[80.29524,30.56963],[80.29676,30.56978],[80.29778,30.56971],[80.29885,30.56975],[80.29885,30.56885],[80.30145,30.5684],[80.30221,30.56808],[80.3056,30.5675],[80.30717,30.56682],[80.30762,30.56602],[80.30735,30.56488],[80.30895,30.56333],[80.30896,30.56287],[80.30919,30.56258],[80.31138,30.55982],[80.31191,30.55961],[80.31269,30.55735],[80.31348,30.55689],[80.31425,30.55645],[80.31558,30.55397],[80.31997,30.5512],[80.32834,30.54675],[80.33349,30.54477],[80.33775,30.54313],[80.34059,30.54135],[80.34141,30.54029],[80.34557,30.53786],[80.36517,30.52869],[80.36663,30.52784],[80.36829,30.52687],[80.38132,30.52351],[80.38195,30.52397],[80.38371,30.52523],[80.38754,30.52799],[80.39143,30.52982],[80.40055,30.53117],[80.40223,30.53046],[80.40273,30.52933],[80.4063,30.52645],[80.40806,30.52216],[80.40946,30.51874],[80.41257,30.51582],[80.41335,30.51513],[80.4156,30.51131],[80.41624,30.51063],[80.41676,30.51017],[80.42355,30.50566],[80.44806,30.49637],[80.45689,30.49389],[80.46507,30.49304],[80.47164,30.49235],[80.47355,30.49204],[80.47514,30.49186],[80.4853,30.49048],[80.48647,30.49013],[80.48971,30.48914],[80.49297,30.4868],[80.49416,30.48595],[80.49416,30.48483],[80.49495,30.4846],[80.49546,30.48347],[80.49702,30.48189],[80.49782,30.48143],[80.49833,30.47987],[80.49885,30.47964],[80.50433,30.47036],[80.50511,30.46992],[80.50565,30.46877],[80.50956,30.4654],[80.51168,30.46331],[80.51217,30.46292],[80.51359,30.46133],[80.51426,30.46064],[80.51971,30.45749],[80.51996,30.45658],[80.52399,30.45543],[80.52649,30.45431],[80.52804,30.45522],[80.5292,30.4593],[80.52982,30.46007],[80.53059,30.46109],[80.53317,30.46252],[80.53506,30.46356],[80.53506,30.46402],[80.5395,30.46468],[80.54236,30.46386],[80.54316,30.46363],[80.54415,30.46334],[80.55172,30.46465],[80.5556,30.46716],[80.55766,30.47033],[80.56006,30.47402],[80.56117,30.47573],[80.56419,30.48321],[80.56636,30.4886],[80.56873,30.48929],[80.5696,30.4894],[80.57666,30.48971],[80.57942,30.4888],[80.58419,30.48722],[80.59356,30.48223],[80.59518,30.4812],[80.62307,30.46343],[80.62873,30.45982],[80.63106,30.45757],[80.63368,30.45549],[80.63367,30.45463],[80.63683,30.45235],[80.63682,30.45189],[80.63744,30.45103],[80.63821,30.45041],[80.6435,30.44751],[80.64474,30.44707],[80.64664,30.44625],[80.64722,30.44601],[80.64904,30.44532],[80.6506,30.44578],[80.65345,30.44531],[80.66074,30.44576],[80.66595,30.44339],[80.66638,30.44312],[80.66723,30.44259],[80.66729,30.44243],[80.66777,30.4412],[80.66933,30.44053],[80.67013,30.43984],[80.67514,30.4363],[80.6769,30.43506],[80.6769,30.43463],[80.6769,30.4342],[80.6786,30.43302],[80.68,30.43205],[80.69981,30.41834],[80.70295,30.41669],[80.70718,30.41446],[80.71963,30.4079],[80.73129,30.40222],[80.73451,30.4001],[80.73749,30.39814],[80.74532,30.39157],[80.74557,30.39089],[80.7492,30.38794],[80.7492,30.38747],[80.75154,30.38546],[80.75232,30.38408],[80.75577,30.37996],[80.75672,30.37931],[80.75738,30.37701],[80.75847,30.37591],[80.75936,30.37527],[80.76404,30.36552],[80.76452,30.3653],[80.76636,30.36122],[80.76685,30.361],[80.76711,30.35987],[80.76817,30.35897],[80.7687,30.35875],[80.77244,30.34811],[80.77387,30.34562],[80.7744,30.34542],[80.776,30.34316],[80.78222,30.33839],[80.78247,30.33775],[80.79375,30.33028],[80.81129,30.31998],[80.81805,30.31679],[80.82074,30.31574],[80.82689,30.31348],[80.8458,30.30723],[80.85355,30.30597],[80.86499,30.30412],[80.86581,30.30398],[80.87049,30.30284],[80.88349,30.29962],[80.89647,30.29393],[80.90543,30.29112],[80.91673,30.28797],[80.92059,30.28731],[80.92995,30.28569],[80.93063,30.28562],[80.93425,30.28525],[80.93448,30.28524],[80.9364,30.28513],[80.9406,30.28447],[80.94225,30.28403],[80.94726,30.28256],[80.96735,30.27577],[80.97253,30.2744],[80.97608,30.2736],[80.97832,30.2731],[80.99406,30.27046],[80.99829,30.26854],[81.0079,30.26419],[81.01098,30.26279],[81.01207,30.26198],[81.01509,30.25962],[81.01586,30.25907],[81.01714,30.25747],[81.01907,30.25318],[81.01961,30.25295],[81.02,30.25068],[81.01994,30.25014],[81.01888,30.23684],[81.01421,30.23952],[81.00722,30.24062],[81.00003,30.24508],[80.99046,30.24682],[80.99043,30.2468],[80.98392,30.24392],[80.97888,30.23896],[80.97791,30.23799],[80.96126,30.23762],[80.96122,30.23761],[80.9374,30.23476],[80.92921,30.23592],[80.92298,30.23166],[80.92191,30.22928],[80.92134,30.22806],[80.9213,30.22803],[80.91743,30.22461],[80.91738,30.22459],[80.91192,30.22322],[80.90932,30.22112],[80.90598,30.21674],[80.90411,30.21422],[80.90121,30.21313],[80.89902,30.21226],[80.89591,30.20622],[80.89588,30.20618],[80.88573,30.19441],[80.88721,30.18831],[80.88182,30.18131],[80.87304,30.17583],[80.86992,30.17573],[80.86457,30.1689],[80.86531,30.16791],[80.86857,30.16667],[80.86867,30.16663],[80.8687,30.1666],[80.87312,30.16092],[80.87262,30.15324],[80.87523,30.14432],[80.87524,30.14428],[80.87788,30.14107],[80.87791,30.14102],[80.87791,30.13662],[80.88049,30.1325],[80.87922,30.12852],[80.87576,30.12627],[80.86972,30.12541],[80.86968,30.12538],[80.86432,30.12091],[80.85674,30.12031],[80.8564,30.11962],[80.856,30.11881],[80.84671,30.11606],[80.8436,30.11053],[80.84357,30.11049],[80.84659,30.10782],[80.84792,30.10662],[80.84705,30.10229],[80.83922,30.09772],[80.83176,30.09719],[80.83071,30.0975],[80.82965,30.09781],[80.82803,30.10005],[80.825,30.09988],[80.82344,30.0998],[80.82124,30.0971],[80.8212,30.0971],[80.81721,30.09632],[80.81574,30.09296],[80.81572,30.09291],[80.81175,30.09142],[80.80803,30.08998],[80.80341,30.08562],[80.80119,30.08091],[80.79671,30.07782],[80.79349,30.07358],[80.79259,30.07334],[80.79092,30.06931],[80.78226,30.05802],[80.78143,30.05693],[80.77783,30.05432],[80.76732,30.05192],[80.76468,30.05048],[80.76293,30.04949],[80.7606,30.04441],[80.76105,30.0435],[80.75742,30.03942],[80.75734,30.03109],[80.75992,30.02761],[80.7593,30.02389],[80.75612,30.02061],[80.75323,30.01256],[80.75321,30.01252],[80.7494,30.00663],[80.74937,30.00661],[80.73981,29.99952],[80.72129,30.00038],[80.71412,29.99022],[80.71408,29.99019],[80.70621,29.98572],[80.70226,29.98003],[80.69881,29.97952],[80.69185,29.97414],[80.69183,29.97411],[80.68537,29.96695],[80.68389,29.96252],[80.68386,29.9625],[80.67792,29.95811],[80.67312,29.95739],[80.67307,29.95738],[80.65816,29.95512],[80.65812,29.95513],[80.65032,29.95589],[80.64142,29.96122],[80.64138,29.96124],[80.63802,29.9636],[80.63332,29.96477],[80.63156,29.9652],[80.63152,29.96522],[80.62994,29.96499],[80.62311,29.96397],[80.61595,29.96061],[80.61305,29.95923],[80.61301,29.95923],[80.60534,29.95872],[80.59216,29.94844],[80.59213,29.94841],[80.58098,29.93253],[80.58102,29.93252],[80.57999,29.92822],[80.57997,29.92819],[80.57603,29.92344],[80.57281,29.91512],[80.57141,29.90904],[80.57314,29.90112],[80.57402,29.8945],[80.57432,29.89443],[80.56768,29.87922],[80.55861,29.87064],[80.55891,29.86962],[80.55923,29.86853],[80.56328,29.86644],[80.56332,29.86642],[80.56102,29.86471],[80.56097,29.86467],[80.5565,29.86206],[80.55631,29.86082],[80.55613,29.85958],[80.55314,29.85635],[80.55523,29.853],[80.55402,29.85001],[80.55451,29.84924],[80.55029,29.85013],[80.54542,29.84632],[80.54063,29.84715],[80.53761,29.8387],[80.53291,29.83821],[80.52991,29.83362],[80.52555,29.83213],[80.52572,29.82911],[80.52415,29.82769],[80.52345,29.82702],[80.50903,29.82304],[80.50679,29.81931],[80.50294,29.81743],[80.49921,29.81102],[80.50171,29.80889],[80.50195,29.80875],[80.50191,29.80872],[80.49724,29.80479],[80.4966,29.80216],[80.49562,29.80211],[80.4972,29.79747],[80.49722,29.79741],[80.49412,29.79531],[80.48452,29.79642],[80.48132,29.7957],[80.47822,29.79791],[80.46565,29.8023],[80.46561,29.80231],[80.45596,29.80242],[80.45592,29.8024],[80.44958,29.7991],[80.44922,29.79892],[80.44304,29.80042],[80.43959,29.80384],[80.43771,29.80572],[80.43659,29.80449],[80.43062,29.79802],[80.41948,29.79603],[80.41769,29.7957],[80.41483,29.79185],[80.41376,29.79185],[80.41372,29.79181],[80.41365,29.79185],[80.41259,29.79185],[80.40864,29.79445],[80.40936,29.7916],[80.40849,29.78977],[80.40789,29.7885],[80.40886,29.78402],[80.40882,29.784],[80.40542,29.78181],[80.40642,29.77842],[80.40163,29.77381],[80.39793,29.76314],[80.39929,29.75929],[80.39812,29.75862],[80.39755,29.7583],[80.39272,29.76042],[80.39127,29.75995],[80.38687,29.75853],[80.38725,29.75359],[80.38749,29.75051],[80.38749,29.75047],[80.37407,29.74912],[80.37402,29.74912],[80.36972,29.75062],[80.36934,29.75002],[80.36701,29.74642],[80.367,29.74636],[80.36586,29.74015],[80.37133,29.73444],[80.36785,29.72996],[80.36785,29.72992],[80.36773,29.72491],[80.36775,29.72488],[80.37022,29.72161],[80.37481,29.72164],[80.37704,29.72027],[80.37704,29.71922],[80.37704,29.71815],[80.37373,29.71532],[80.37383,29.71517],[80.37617,29.71281],[80.37606,29.7116],[80.37611,29.71152],[80.37881,29.70251],[80.38161,29.70102],[80.38216,29.6886],[80.38622,29.68582],[80.38587,29.68162],[80.38591,29.6816],[80.385,29.67901],[80.38602,29.67501],[80.39184,29.67106],[80.39183,29.67101],[80.39119,29.66792],[80.39112,29.66745],[80.39222,29.6645],[80.40041,29.66261],[80.4007,29.6622],[80.40103,29.66174],[80.4004,29.66096],[80.3999,29.6592],[80.40041,29.65863],[80.40824,29.65962],[80.41171,29.65365],[80.41595,29.65416],[80.41698,29.65277],[80.41819,29.65117],[80.41632,29.64832],[80.41572,29.64432],[80.41757,29.64161],[80.42192,29.63911],[80.42117,29.63402],[80.42196,29.63213],[80.42281,29.63021],[80.42278,29.63017],[80.41991,29.62642],[80.41271,29.62532],[80.41024,29.6215],[80.41022,29.62147],[80.40983,29.61514],[80.40742,29.61282],[80.40737,29.61277],[80.40971,29.60982],[80.41061,29.60492],[80.40949,29.59492],[80.40947,29.59489],[80.40937,29.59477],[80.40488,29.58953],[80.39323,29.58157],[80.39191,29.57462],[80.38999,29.57203],[80.38081,29.57151],[80.3806,29.56421],[80.38052,29.56132],[80.36536,29.56406],[80.36469,29.56283],[80.364,29.56157],[80.3657,29.55671],[80.36572,29.55662],[80.35892,29.55511],[80.35058,29.55536],[80.3476,29.55416],[80.34435,29.55286],[80.34734,29.54865],[80.34732,29.54861],[80.34341,29.54161],[80.34776,29.54098],[80.34834,29.54107],[80.34914,29.54077],[80.34966,29.54058],[80.3507,29.5402],[80.35392,29.53632],[80.35903,29.53373],[80.3594,29.53281],[80.35977,29.53187],[80.35841,29.52953],[80.35013,29.52353],[80.35008,29.52354],[80.35099,29.5202],[80.35133,29.51895],[80.34424,29.51099],[80.34212,29.50987],[80.33842,29.51189],[80.33666,29.51286],[80.33529,29.5128],[80.33522,29.51279],[80.33258,29.50822],[80.33253,29.50814],[80.33044,29.50528],[80.32967,29.50495],[80.31503,29.49782],[80.31454,29.49658],[80.31609,29.49277],[80.31615,29.49263],[80.31516,29.48477],[80.31143,29.48527],[80.30584,29.48614],[80.30282,29.48925],[80.30157,29.49056],[80.30141,29.49055],[80.29794,29.48817],[80.29776,29.488],[80.29778,29.48763],[80.29801,29.4834],[80.29478,29.47893],[80.28844,29.47722],[80.28968,29.47197],[80.29535,29.46433],[80.29824,29.46043],[80.30286,29.45706],[80.30447,29.45445],[80.30437,29.45391],[80.30435,29.45377],[80.30422,29.45308],[80.29977,29.45103],[80.29942,29.45082],[80.29939,29.45085],[80.29752,29.45362],[80.29452,29.45321],[80.29005,29.4501],[80.2889,29.45089],[80.28249,29.451],[80.28223,29.45097],[80.2822,29.45101],[80.28063,29.45394],[80.28168,29.45634],[80.28221,29.45752],[80.27713,29.45842],[80.27097,29.45509],[80.27572,29.45261],[80.27576,29.45258],[80.27663,29.45097],[80.27602,29.44948],[80.27142,29.45072],[80.26855,29.44848],[80.26851,29.4485],[80.26599,29.44947],[80.25983,29.4518],[80.25868,29.45002],[80.2574,29.44803],[80.25737,29.44798],[80.25225,29.44733],[80.24771,29.44675],[80.24482,29.44451],[80.24474,29.44113],[80.24746,29.43839],[80.23339,29.44571],[80.23346,29.4467],[80.23347,29.44677],[80.23351,29.4469],[80.23354,29.44699],[80.22699,29.44527],[80.22572,29.44987],[80.22237,29.45123],[80.21107,29.45379],[80.20303,29.45658],[80.18716,29.45913],[80.17907,29.46238],[80.1739,29.46194],[80.17027,29.4625],[80.16175,29.46939],[80.15305,29.47129],[80.14866,29.47333],[80.14766,29.47561],[80.14494,29.47731],[80.13766,29.47702],[80.13322,29.48117],[80.12988,29.48832],[80.12162,29.49289],[80.11415,29.49929],[80.11369,29.51066],[80.10949,29.51401],[80.10217,29.51813],[80.09672,29.52314],[80.09024,29.52617],[80.07369,29.52603],[80.05955,29.52559],[80.05745,29.52937],[80.05289,29.53038],[80.05187,29.53235],[80.05127,29.53707],[80.0489,29.54051],[80.04438,29.54259],[80.03962,29.54595],[80.03139,29.54894],[80.01693,29.55191],[80.00987,29.55297],[80.00243,29.55232],[79.99673,29.55444],[79.99246,29.56056],[79.9897,29.56614],[79.98702,29.5739],[79.98301,29.58555],[79.98116,29.5923],[79.98021,29.60012],[79.97769,29.60818],[79.97284,29.61731],[79.97068,29.62613],[79.96555,29.63357],[79.95425,29.65378],[79.94946,29.65833],[79.9464,29.66266],[79.94916,29.6666],[79.94905,29.6709],[79.94526,29.67391],[79.94603,29.67828],[79.94326,29.68497],[79.93774,29.68863],[79.93218,29.69095],[79.92928,29.68867],[79.92127,29.69667],[79.90952,29.70288],[79.90504,29.70106],[79.89967,29.70148],[79.88791,29.70387],[79.88403,29.70627],[79.88327,29.7075],[79.88045,29.712],[79.88095,29.72184],[79.87754,29.72648],[79.86547,29.73837],[79.8571,29.74489],[79.84958,29.74622],[79.8201,29.75589],[79.817,29.76039],[79.81512,29.76704],[79.81185,29.7742],[79.80875,29.7784],[79.80939,29.78393],[79.81187,29.78817],[79.82,29.78751],[79.82818,29.78434],[79.84298,29.77393],[79.85792,29.77438],[79.86218,29.77822],[79.86789,29.77852],[79.87428,29.78072],[79.87623,29.78827],[79.88087,29.79759],[79.88683,29.7984],[79.89085,29.8035],[79.89382,29.80388],[79.89617,29.80046],[79.89769,29.79611],[79.90042,29.79769],[79.90791,29.797],[79.9174,29.79509],[79.91903,29.77721],[79.92054,29.77297],[79.9314,29.76961],[79.9499,29.76919],[79.96709,29.76492],[79.97592,29.768],[79.98194,29.77186],[79.98671,29.77625],[79.99268,29.78214],[80.00134,29.78147],[80.00468,29.78272],[80.00858,29.78872],[80.02149,29.79034],[80.02404,29.79325],[80.02622,29.79776],[80.02468,29.80198],[80.02173,29.80525],[80.01878,29.81242],[80.0111,29.81545],[80.00863,29.81899],[80.00723,29.82235],[80.00789,29.83255],[80.00726,29.83517],[80.0044,29.83705],[79.99042,29.84001],[79.9866,29.84005],[79.98294,29.84324],[79.9795,29.84811],[79.96921,29.84715],[79.96674,29.84937],[79.96335,29.85565],[79.98659,29.85626],[79.99912,29.85826],[79.99958,29.86031],[79.99604,29.86961],[79.99586,29.87437],[79.99641,29.88116],[80.00011,29.89071],[80.00356,29.89478],[80.0088,29.89781],[80.02354,29.90291],[80.03823,29.90357],[80.0414,29.90457],[80.04389,29.90743],[80.05433,29.90758],[80.05913,29.90631],[80.06348,29.90416],[80.06947,29.89623],[80.07382,29.89352],[80.07762,29.89284],[80.0859,29.90316],[80.10008,29.90939],[80.10896,29.90691],[80.11304,29.90482],[80.11815,29.90395],[80.13145,29.90463],[80.13247,29.90313],[80.13705,29.90081],[80.13872,29.90221],[80.14385,29.90484],[80.14673,29.91093],[80.14697,29.91438],[80.14338,29.92176],[80.1359,29.93549],[80.13337,29.93876],[80.13036,29.94617],[80.11098,29.95689],[80.10494,29.96128],[80.08415,29.9721],[80.07935,29.97712],[80.07521,29.98271],[80.06508,30.00613],[80.06161,30.0109],[80.05826,30.02452],[80.05823,30.02994],[80.0639,30.04351],[80.06525,30.05046],[80.06842,30.05544],[80.07229,30.06633],[80.07255,30.07109],[80.06962,30.08806],[80.07191,30.09898],[80.07072,30.10323],[80.07059,30.10811],[80.07146,30.1188],[80.07783,30.12924],[80.0848,30.13474],[80.09036,30.14475],[80.09207,30.15042],[80.0928,30.16749],[80.09697,30.18383],[80.0981,30.20399],[80.10418,30.21975],[80.10524,30.22514],[80.10506,30.22989],[80.1032,30.23269],[80.10031,30.23313],[80.08995,30.23173],[80.07413,30.23421],[80.06977,30.23783],[80.06686,30.24199],[80.06212,30.2525],[80.0611,30.2636],[80.06162,30.2664],[80.05997,30.26974],[80.05536,30.26964],[80.05151,30.27212],[80.05341,30.28021],[80.05537,30.28449],[80.03707,30.29408],[80.0304,30.2994],[80.02291,30.31005],[80.01532,30.31812],[80.00891,30.31982],[80.00058,30.32079],[79.99363,30.32051],[79.98517,30.32013],[79.97934,30.32006],[79.97673,30.32372],[79.97855,30.32806],[79.97852,30.3311],[79.98034,30.33768],[79.98223,30.34115],[79.98499,30.35534],[79.98917,30.35814],[79.98907,30.36085],[79.98499,30.36271],[79.9826,30.36502],[79.98283,30.36727],[79.98513,30.36975],[79.99945,30.37518],[80.00375,30.38275],[80.01228,30.39199],[80.01586,30.39467],[80.01899,30.39914],[80.02371,30.40917],[80.02281,30.41455],[80.01965,30.41758],[80.01913,30.42233],[80.02246,30.42781],[80.02235,30.43454],[80.02337,30.43873],[80.02254,30.44607],[80.01423,30.44987],[80.01186,30.4528],[80.0095,30.46187],[79.99982,30.47084],[80.00021,30.47598],[80.00291,30.47937],[80.00668,30.48122],[80.00649,30.48383],[80.00489,30.48654],[80.0027,30.494],[79.99847,30.49593],[79.99973,30.49905],[79.99979,30.50227],[79.99841,30.50575],[79.99686,30.50719],[79.99553,30.51726],[79.9921,30.52612],[79.98507,30.5338],[79.98307,30.53478],[79.98184,30.54063],[79.98219,30.54368],[79.98505,30.54624],[79.98746,30.54962],[79.99393,30.55494],[79.99684,30.55973],[80.00101,30.57422],[80.00401,30.57964],[80.01192,30.59049],[80.01648,30.59526],[80.02132,30.59552],[80.0257,30.59711],[80.02769,30.60137],[80.0277,30.60703],[80.01542,30.61981],[80.01881,30.62236],[80.0206,30.62689],[80.02019,30.63018],[80.01705,30.63285],[80.02035,30.63803],[80.01989,30.64044],[80.00984,30.64392],[80.00718,30.64605],[80.00421,30.65076],[80.00205,30.66224],[80.00197,30.66731],[79.99932,30.66989],[79.99541,30.66984],[79.99052,30.67874],[79.98735,30.68303],[79.98497,30.68403],[79.98038,30.6855],[79.97322,30.69134],[79.97166,30.69398],[79.97064,30.69911],[79.96582,30.71087],[79.96664,30.71392],[79.97588,30.71775],[79.98488,30.72528],[80.00324,30.73113],[80.00887,30.73391],[80.01218,30.73704],[80.01682,30.73821],[80.02244,30.73834],[80.05016,30.73132],[80.05777,30.73264],[80.06583,30.7324],[80.07285,30.73144],[80.07993,30.72912],[80.08894,30.72795],[80.09007,30.73057],[80.08855,30.73946],[80.08266,30.74829],[80.08174,30.75217],[80.07578,30.76333],[80.07439,30.76864],[80.07526,30.77698],[80.08374,30.78947],[80.08659,30.79186],[80.08794,30.79071],[80.08796,30.79026],[80.10108,30.78151],[80.10136,30.78089],[80.10315,30.77967],[80.10787,30.77901],[80.11308,30.78085],[80.1187,30.78633],[80.12036,30.78742],[80.12244,30.79102],[80.12527,30.79351],[80.12604,30.79395],[80.13752,30.79604],[80.13831,30.79671],[80.1387,30.79805],[80.13772,30.80552],[80.13863,30.81003],[80.13951,30.81116],[80.14472,30.81319],[80.14784,30.81342]]]}},{"type":"Feature","properties":{"ID_0":105,"ISO":"IND","NAME_0":"India","ID_1":34,"NAME_1":"Uttaranchal","ID_2":572,"NAME_2":"Rudra Prayag","NL_NAME_2":null,"VARNAME_2":null,"TYPE_2":"District","ENGTYPE_2":"District","STATE":"Uttarakhand","DISTRICT":"Rudra Prayag"},"geometry":{"type":"Polygon","coordinates":[[[79.26627,30.7323],[79.27126,30.73126],[79.28415,30.7262],[79.28703,30.70865],[79.28692,30.70233],[79.28726,30.70082],[79.292,30.69535],[79.29248,30.6904],[79.29171,30.68557],[79.29291,30.68281],[79.29843,30.67947],[79.30135,30.67977],[79.30281,30.67901],[79.30329,30.67752],[79.30549,30.67626],[79.3119,30.67574],[79.31364,30.67436],[79.31792,30.66682],[79.32497,30.66498],[79.33139,30.66234],[79.34106,30.65381],[79.34227,30.64334],[79.34164,30.63868],[79.34212,30.63568],[79.34179,30.6335],[79.33492,30.62958],[79.33447,30.62538],[79.33258,30.61461],[79.32816,30.61156],[79.32645,30.60678],[79.32408,30.60333],[79.3202,30.60005],[79.31144,30.60108],[79.3076,30.60056],[79.30033,30.59883],[79.29623,30.59664],[79.29332,30.59216],[79.28904,30.57741],[79.28581,30.57166],[79.28296,30.56867],[79.27786,30.5686],[79.26566,30.57096],[79.25998,30.57107],[79.25082,30.57307],[79.24254,30.57306],[79.24108,30.57249],[79.23892,30.56869],[79.23277,30.56506],[79.23312,30.56379],[79.23018,30.55722],[79.23058,30.55222],[79.22943,30.54461],[79.22581,30.54007],[79.21975,30.53643],[79.21528,30.5305],[79.2123,30.5164],[79.21172,30.50643],[79.21014,30.50138],[79.20519,30.49762],[79.18638,30.48856],[79.17742,30.48222],[79.17638,30.48014],[79.17374,30.47795],[79.17061,30.46914],[79.16342,30.46458],[79.15956,30.45836],[79.15371,30.45277],[79.15281,30.44885],[79.15815,30.4408],[79.16039,30.43103],[79.16077,30.42338],[79.15929,30.41651],[79.15326,30.40557],[79.15241,30.3932],[79.15191,30.39084],[79.15034,30.38893],[79.14603,30.38725],[79.13256,30.38544],[79.11228,30.38437],[79.11028,30.38442],[79.10892,30.38857],[79.10047,30.38982],[79.09031,30.38743],[79.09038,30.38622],[79.09173,30.3818],[79.0915,30.37742],[79.08678,30.36066],[79.08612,30.35946],[79.0789,30.35489],[79.07503,30.34947],[79.07089,30.34601],[79.06581,30.34381],[79.06093,30.34385],[79.05264,30.34694],[79.04912,30.3501],[79.04427,30.34674],[79.03279,30.34263],[79.02812,30.34175],[79.02689,30.336],[79.0254,30.33455],[79.02269,30.33397],[79.01766,30.33464],[79.01655,30.33239],[79.01678,30.32801],[79.01869,30.3194],[79.02139,30.31434],[79.01301,30.30994],[79.00464,30.30767],[78.99153,30.30539],[78.98807,30.30625],[78.98625,30.30737],[78.98043,30.30297],[78.97155,30.29577],[78.96797,30.29451],[78.96809,30.29874],[78.97048,30.31168],[78.96941,30.31515],[78.96114,30.32401],[78.95794,30.33042],[78.95775,30.33689],[78.95866,30.34285],[78.95641,30.34705],[78.95693,30.35028],[78.96187,30.35701],[78.96547,30.36694],[78.96676,30.37457],[78.96794,30.37599],[78.97092,30.37771],[78.98614,30.38169],[78.98808,30.38291],[78.99513,30.38544],[79.00413,30.39187],[78.99832,30.40071],[78.99754,30.40555],[78.99567,30.40784],[78.99573,30.40876],[78.99998,30.41741],[79.01437,30.42954],[79.01917,30.43231],[79.0228,30.43094],[79.02149,30.42289],[79.02231,30.42002],[79.02569,30.41807],[79.03026,30.41767],[79.03402,30.41831],[79.03824,30.41953],[79.04265,30.42244],[79.0467,30.42854],[79.04682,30.43302],[79.0428,30.43872],[79.03731,30.43842],[79.03424,30.44048],[79.0297,30.44662],[79.0233,30.45311],[79.01373,30.45958],[79.00664,30.46112],[79.00224,30.46462],[79.00227,30.46853],[79.00333,30.47153],[79.00298,30.474],[79.00534,30.48333],[79.00487,30.48488],[79.00008,30.48896],[79.00117,30.4938],[79.00061,30.49741],[78.99679,30.50241],[78.9985,30.50558],[78.99532,30.54173],[78.99383,30.54361],[78.9892,30.55153],[78.98585,30.55328],[78.97572,30.55512],[78.97296,30.55642],[78.97149,30.55804],[78.96928,30.57487],[78.9659,30.58578],[78.96002,30.58773],[78.9556,30.59063],[78.94324,30.59125],[78.93889,30.59397],[78.9336,30.60232],[78.92906,30.61299],[78.92659,30.61583],[78.91123,30.62911],[78.9032,30.63433],[78.89941,30.63846],[78.89748,30.64438],[78.89598,30.66677],[78.89864,30.68272],[78.89751,30.68508],[78.90115,30.69113],[78.90007,30.69436],[78.90034,30.69678],[78.90232,30.69908],[78.91184,30.71988],[78.91654,30.72525],[78.93192,30.72845],[78.9336,30.72961],[78.93833,30.73711],[78.94096,30.74001],[78.94288,30.74091],[78.94965,30.74163],[78.96221,30.74564],[78.97737,30.74774],[78.98242,30.74913],[78.9855,30.75134],[78.98841,30.75496],[78.99455,30.75536],[79.00369,30.75863],[79.00553,30.76025],[79.00693,30.76865],[79.01193,30.77287],[79.01226,30.77436],[79.00877,30.78759],[79.00982,30.79002],[79.01434,30.79531],[79.01386,30.80027],[79.01217,30.80395],[79.01853,30.81213],[79.03099,30.81097],[79.03736,30.80845],[79.0472,30.80594],[79.05246,30.80561],[79.05321,30.80337],[79.05834,30.79959],[79.06512,30.79125],[79.0768,30.78189],[79.07966,30.78104],[79.08649,30.78118],[79.09482,30.77918],[79.10436,30.77925],[79.11241,30.77651],[79.11443,30.77485],[79.11532,30.77185],[79.11528,30.7668],[79.11646,30.76173],[79.12011,30.75741],[79.12531,30.7553],[79.12849,30.7553],[79.13359,30.75778],[79.14122,30.7597],[79.14651,30.76201],[79.15255,30.76249],[79.17443,30.75458],[79.18224,30.74871],[79.18546,30.74072],[79.19436,30.744],[79.20255,30.74517],[79.21506,30.74203],[79.23453,30.73859],[79.24472,30.7294],[79.24684,30.72905],[79.26037,30.7304],[79.26627,30.7323]]]}},{"type":"Feature","properties":{"ID_0":105,"ISO":"IND","NAME_0":"India","ID_1":34,"NAME_1":"Uttaranchal","ID_2":573,"NAME_2":"Tehri Garhwal","NL_NAME_2":null,"VARNAME_2":"Tehri|Narendranagar|Tehri Garwal","TYPE_2":"District","ENGTYPE_2":"District","STATE":"Uttarakhand","DISTRICT":"Tehri Garhwal"},"geometry":{"type":"Polygon","coordinates":[[[78.92128,30.87807],[78.92413,30.87611],[78.92849,30.87128],[78.93188,30.86232],[78.93796,30.86061],[78.96127,30.86113],[78.97706,30.868],[78.98528,30.86775],[78.99067,30.86422],[78.99585,30.8595],[78.99773,30.85676],[79.00108,30.85428],[79.00332,30.84842],[79.00344,30.82557],[79.01853,30.81213],[79.01217,30.80395],[79.01386,30.80027],[79.01434,30.79531],[79.00982,30.79002],[79.00877,30.78759],[79.01226,30.77436],[79.01193,30.77287],[79.00693,30.76865],[79.00553,30.76025],[79.00369,30.75863],[78.99455,30.75536],[78.98841,30.75496],[78.9855,30.75134],[78.98242,30.74913],[78.97737,30.74774],[78.96221,30.74564],[78.94965,30.74163],[78.94288,30.74091],[78.94096,30.74001],[78.93833,30.73711],[78.9336,30.72961],[78.93192,30.72845],[78.91654,30.72525],[78.91184,30.71988],[78.90232,30.69908],[78.90034,30.69678],[78.90007,30.69436],[78.90115,30.69113],[78.89751,30.68508],[78.89864,30.68272],[78.89598,30.66677],[78.89748,30.64438],[78.89941,30.63846],[78.9032,30.63433],[78.91123,30.62911],[78.92659,30.61583],[78.92906,30.61299],[78.9336,30.60232],[78.93889,30.59397],[78.94324,30.59125],[78.9556,30.59063],[78.96002,30.58773],[78.9659,30.58578],[78.96928,30.57487],[78.97149,30.55804],[78.97296,30.55642],[78.97572,30.55512],[78.98585,30.55328],[78.9892,30.55153],[78.99383,30.54361],[78.99532,30.54173],[78.9985,30.50558],[78.99679,30.50241],[79.00061,30.49741],[79.00117,30.4938],[79.00008,30.48896],[79.00487,30.48488],[79.00534,30.48333],[79.00298,30.474],[79.00333,30.47153],[79.00227,30.46853],[79.00224,30.46462],[79.00664,30.46112],[79.01373,30.45958],[79.0233,30.45311],[79.0297,30.44662],[79.03424,30.44048],[79.03731,30.43842],[79.0428,30.43872],[79.04682,30.43302],[79.0467,30.42854],[79.04265,30.42244],[79.03824,30.41953],[79.03402,30.41831],[79.03026,30.41767],[79.02569,30.41807],[79.02231,30.42002],[79.02149,30.42289],[79.0228,30.43094],[79.01917,30.43231],[79.01437,30.42954],[78.99998,30.41741],[78.99573,30.40876],[78.99567,30.40784],[78.99754,30.40555],[78.99832,30.40071],[79.00413,30.39187],[78.99513,30.38544],[78.98808,30.38291],[78.98614,30.38169],[78.97092,30.37771],[78.96794,30.37599],[78.96676,30.37457],[78.96547,30.36694],[78.96187,30.35701],[78.95693,30.35028],[78.95641,30.34705],[78.95866,30.34285],[78.95775,30.33689],[78.95794,30.33042],[78.96114,30.32401],[78.96941,30.31515],[78.97048,30.31168],[78.96809,30.29874],[78.96797,30.29451],[78.96794,30.29323],[78.96201,30.28773],[78.94064,30.27876],[78.93409,30.27716],[78.92781,30.27735],[78.92271,30.27626],[78.92194,30.27572],[78.92011,30.26479],[78.91758,30.26309],[78.91534,30.26268],[78.9099,30.26995],[78.90575,30.26906],[78.90238,30.26695],[78.89662,30.25675],[78.89314,30.25243],[78.89022,30.25348],[78.88776,30.25782],[78.88448,30.26132],[78.87373,30.26759],[78.87103,30.26829],[78.86527,30.26057],[78.85267,30.25317],[78.8485,30.25247],[78.84308,30.25511],[78.83896,30.25557],[78.83685,30.25275],[78.83574,30.24884],[78.83149,30.24569],[78.82389,30.24744],[78.81637,30.24777],[78.8118,30.24409],[78.80865,30.23611],[78.80032,30.23495],[78.79571,30.22834],[78.79332,30.22776],[78.78988,30.22844],[78.77657,30.23638],[78.77465,30.23694],[78.77156,30.23625],[78.76295,30.23462],[78.75807,30.23243],[78.75201,30.22341],[78.74778,30.22191],[78.74316,30.22114],[78.74025,30.22143],[78.73844,30.22228],[78.73454,30.22686],[78.714,30.24059],[78.70724,30.24722],[78.70292,30.24732],[78.69983,30.24629],[78.69811,30.24514],[78.69672,30.24255],[78.69436,30.24157],[78.68383,30.24591],[78.6767,30.24767],[78.67074,30.24551],[78.66779,30.2415],[78.66734,30.23925],[78.66962,30.23032],[78.66897,30.22705],[78.66731,30.22463],[78.66283,30.22095],[78.65675,30.22024],[78.65168,30.21753],[78.6491,30.21545],[78.64667,30.21471],[78.63557,30.21582],[78.63417,30.21518],[78.633,30.21157],[78.63309,30.20468],[78.6314,30.20054],[78.62559,30.1961],[78.61412,30.19137],[78.60963,30.18866],[78.60749,30.18337],[78.60542,30.1701],[78.60249,30.15901],[78.6002,30.15649],[78.5946,30.15589],[78.5925,30.15232],[78.59098,30.15238],[78.58605,30.15673],[78.58394,30.15736],[78.58295,30.15666],[78.58171,30.15321],[78.58089,30.1454],[78.5833,30.13915],[78.58788,30.134],[78.58723,30.13245],[78.57596,30.12994],[78.57516,30.12868],[78.5747,30.12672],[78.57666,30.11519],[78.57449,30.1119],[78.57129,30.11074],[78.57036,30.10931],[78.57443,30.10203],[78.57841,30.09774],[78.57961,30.09286],[78.57784,30.08809],[78.57417,30.08526],[78.57294,30.08342],[78.57268,30.08124],[78.57393,30.07929],[78.57492,30.079],[78.58086,30.07908],[78.58872,30.07733],[78.59085,30.07504],[78.591,30.07199],[78.58745,30.06928],[78.58605,30.06886],[78.58073,30.07145],[78.5789,30.06737],[78.5784,30.06225],[78.57709,30.05909],[78.57511,30.0592],[78.57337,30.06041],[78.56826,30.06626],[78.5665,30.06797],[78.56497,30.06832],[78.55441,30.06811],[78.54923,30.07459],[78.54598,30.07648],[78.53252,30.078],[78.52003,30.08071],[78.517,30.08055],[78.51252,30.07805],[78.51096,30.07294],[78.50959,30.07184],[78.50385,30.07039],[78.50034,30.06291],[78.49764,30.06165],[78.49505,30.06279],[78.49054,30.06829],[78.48933,30.07179],[78.48875,30.08252],[78.48708,30.0831],[78.4842,30.08073],[78.4778,30.06803],[78.47124,30.06219],[78.46957,30.06247],[78.46599,30.06981],[78.46497,30.07228],[78.46313,30.07365],[78.45496,30.0715],[78.44234,30.07416],[78.43673,30.07683],[78.42636,30.08461],[78.42308,30.09224],[78.42171,30.10039],[78.422,30.10464],[78.42491,30.11407],[78.42471,30.11608],[78.42284,30.11798],[78.4204,30.11888],[78.41128,30.12074],[78.41147,30.12246],[78.40883,30.13027],[78.40484,30.13623],[78.40031,30.14114],[78.39316,30.14389],[78.38347,30.14344],[78.37918,30.14169],[78.37794,30.13973],[78.37918,30.13261],[78.37834,30.12866],[78.36892,30.12798],[78.35876,30.12484],[78.35566,30.12603],[78.34443,30.13287],[78.33,30.13953],[78.32664,30.13975],[78.32352,30.13898],[78.31982,30.13127],[78.30591,30.12946],[78.30277,30.12815],[78.30016,30.12279],[78.29903,30.11815],[78.28455,30.1257],[78.27177,30.13],[78.24284,30.1479],[78.24134,30.15266],[78.24645,30.16848],[78.24654,30.17078],[78.24329,30.17272],[78.23695,30.17307],[78.2339,30.17404],[78.22905,30.17717],[78.22632,30.18021],[78.22434,30.18577],[78.22502,30.1922],[78.2338,30.20925],[78.24305,30.21482],[78.24973,30.2222],[78.25763,30.22712],[78.27695,30.23469],[78.28172,30.23952],[78.28596,30.24708],[78.28588,30.24897],[78.26538,30.27558],[78.2655,30.27742],[78.26816,30.28179],[78.26685,30.28811],[78.26921,30.29429],[78.27074,30.29865],[78.26981,30.30043],[78.26335,30.30529],[78.25658,30.30906],[78.25018,30.30622],[78.24741,30.30645],[78.24139,30.30454],[78.23709,30.30493],[78.23442,30.30733],[78.22973,30.31484],[78.22736,30.31442],[78.22433,30.3123],[78.22015,30.31188],[78.21267,30.31336],[78.20312,30.31671],[78.1955,30.31698],[78.19399,30.31668],[78.19078,30.31289],[78.18489,30.31195],[78.18287,30.30987],[78.18003,30.31067],[78.17802,30.31043],[78.17474,30.30881],[78.16367,30.31155],[78.1545,30.31569],[78.14875,30.3228],[78.13658,30.32948],[78.13396,30.33304],[78.13354,30.33555],[78.12962,30.34169],[78.12612,30.35604],[78.12659,30.36224],[78.12895,30.37109],[78.13203,30.37638],[78.13613,30.38104],[78.15002,30.39028],[78.15491,30.39184],[78.15855,30.39169],[78.1643,30.39313],[78.1795,30.40315],[78.18908,30.40605],[78.20129,30.41119],[78.20928,30.41368],[78.21889,30.41807],[78.22734,30.42331],[78.22983,30.42624],[78.22946,30.43061],[78.22778,30.43283],[78.22092,30.43684],[78.21578,30.44244],[78.20706,30.44713],[78.20201,30.44855],[78.1935,30.45236],[78.17609,30.45742],[78.16761,30.45746],[78.15727,30.45639],[78.15231,30.45673],[78.1469,30.46147],[78.13731,30.46613],[78.12356,30.46889],[78.11462,30.47686],[78.09547,30.48202],[78.09253,30.48433],[78.08888,30.48566],[78.08324,30.48544],[78.07333,30.48348],[78.06572,30.4804],[78.06307,30.48114],[78.05804,30.48561],[78.05434,30.48628],[78.04221,30.48522],[78.03976,30.48547],[78.0337,30.48783],[78.0317,30.48759],[78.02658,30.48384],[78.01924,30.47531],[78.01353,30.47424],[78.00853,30.47837],[78.00432,30.48028],[77.99619,30.47713],[77.9865,30.47224],[77.9855,30.47174],[77.98341,30.4716],[77.98011,30.47091],[77.97804,30.47066],[77.97565,30.47053],[77.97374,30.47085],[77.96905,30.47466],[77.96431,30.47883],[77.96243,30.47985],[77.96118,30.48109],[77.96048,30.48236],[77.96012,30.48357],[77.95979,30.48427],[77.95985,30.488],[77.95889,30.48979],[77.95805,30.49056],[77.95522,30.49158],[77.95352,30.49183],[77.94514,30.49405],[77.94357,30.4947],[77.94199,30.49574],[77.9398,30.49798],[77.93562,30.50097],[77.93136,30.50649],[77.93044,30.50757],[77.929,30.5089],[77.92704,30.51126],[77.92632,30.51356],[77.92684,30.51605],[77.92715,30.51674],[77.92834,30.51836],[77.92888,30.519],[77.933,30.52131],[77.9359,30.52316],[77.937,30.52316],[77.94167,30.52128],[77.94318,30.52052],[77.94714,30.51929],[77.95157,30.51738],[77.95531,30.51559],[77.95636,30.51563],[77.95709,30.51621],[77.95855,30.51641],[77.96033,30.51548],[77.96143,30.5157],[77.96243,30.51559],[77.96687,30.51349],[77.96845,30.51335],[77.97163,30.51423],[77.97348,30.51576],[77.97444,30.51672],[77.97486,30.51884],[77.97384,30.52492],[77.97317,30.52755],[77.97156,30.53216],[77.97004,30.53909],[77.96957,30.54205],[77.96896,30.54668],[77.96882,30.54953],[77.96913,30.55214],[77.96971,30.55503],[77.97039,30.55649],[77.97148,30.55818],[77.97511,30.56239],[77.97807,30.56393],[77.97955,30.565],[77.9831,30.56642],[77.98536,30.56719],[77.98633,30.56735],[77.9903,30.56847],[77.9914,30.56953],[77.99326,30.57374],[77.99274,30.57739],[77.99883,30.58401],[77.99997,30.59224],[78.00143,30.59441],[78.00355,30.59524],[78.00343,30.59926],[78.00077,30.60479],[78.00243,30.6115],[78.00184,30.61774],[78.00734,30.61747],[78.01489,30.61557],[78.02914,30.6056],[78.03465,30.6026],[78.04028,30.60614],[78.05387,30.60956],[78.06019,30.61197],[78.05998,30.61646],[78.05733,30.6204],[78.05647,30.62261],[78.05696,30.62375],[78.06386,30.63142],[78.07374,30.63534],[78.08427,30.63676],[78.08979,30.63888],[78.10019,30.63986],[78.10982,30.64286],[78.11327,30.64236],[78.11968,30.63769],[78.12467,30.63645],[78.12938,30.63617],[78.14001,30.63917],[78.14165,30.63853],[78.14158,30.6398],[78.14608,30.63417],[78.14934,30.63164],[78.15236,30.62278],[78.15554,30.61703],[78.15616,30.61321],[78.15996,30.60862],[78.15763,30.60805],[78.15406,30.60891],[78.15332,30.60748],[78.15305,30.60485],[78.15415,30.60027],[78.15337,30.5973],[78.15383,30.59599],[78.15647,30.59398],[78.15946,30.593],[78.16418,30.59295],[78.16734,30.59111],[78.17557,30.59029],[78.19463,30.58301],[78.20901,30.58779],[78.21764,30.59184],[78.22317,30.59286],[78.22873,30.59988],[78.2303,30.60978],[78.23142,30.61144],[78.23602,30.61474],[78.23726,30.6152],[78.24581,30.61262],[78.2559,30.61799],[78.2597,30.61821],[78.26394,30.61728],[78.2685,30.61516],[78.27325,30.60931],[78.27954,30.6041],[78.28574,30.59722],[78.28779,30.59309],[78.28937,30.59211],[78.28871,30.5908],[78.28306,30.58777],[78.28035,30.58503],[78.27667,30.57862],[78.28288,30.57409],[78.28526,30.57082],[78.28725,30.57007],[78.27419,30.56667],[78.27344,30.56278],[78.27654,30.55607],[78.28509,30.55989],[78.28807,30.5596],[78.2941,30.56062],[78.29968,30.56397],[78.30016,30.56701],[78.29503,30.57601],[78.29497,30.57698],[78.29589,30.57739],[78.30502,30.57662],[78.30788,30.5722],[78.31441,30.56497],[78.31544,30.56509],[78.31971,30.56903],[78.32176,30.56921],[78.32561,30.5677],[78.32766,30.56586],[78.32776,30.55961],[78.32843,30.55784],[78.33154,30.5556],[78.33231,30.55083],[78.33396,30.54721],[78.33923,30.54022],[78.34239,30.54056],[78.34525,30.53969],[78.3457,30.537],[78.34468,30.53126],[78.34547,30.5304],[78.35275,30.52637],[78.36438,30.52394],[78.37066,30.51973],[78.37943,30.50974],[78.38191,30.50205],[78.39065,30.49755],[78.39188,30.49503],[78.3919,30.48671],[78.39334,30.48304],[78.39366,30.47599],[78.39488,30.47483],[78.39755,30.4742],[78.39953,30.47396],[78.40118,30.47471],[78.39944,30.48051],[78.39931,30.48793],[78.40211,30.49073],[78.40378,30.49405],[78.41136,30.4999],[78.41563,30.50515],[78.4148,30.51245],[78.41559,30.51916],[78.42308,30.52563],[78.43232,30.53152],[78.43293,30.53576],[78.44193,30.5459],[78.44247,30.54779],[78.44088,30.55049],[78.44113,30.55526],[78.43919,30.5683],[78.43073,30.57176],[78.42755,30.57389],[78.42621,30.58319],[78.42707,30.59484],[78.43051,30.60867],[78.43157,30.61096],[78.43539,30.61406],[78.43767,30.62053],[78.44164,30.62035],[78.44965,30.61838],[78.45541,30.61841],[78.45888,30.62047],[78.47034,30.63215],[78.47315,30.63328],[78.47438,30.62823],[78.48231,30.6219],[78.48621,30.61975],[78.48983,30.61476],[78.49303,30.60838],[78.49962,30.59992],[78.49426,30.59173],[78.491,30.58875],[78.4864,30.58601],[78.48521,30.5836],[78.48736,30.57843],[78.48735,30.57655],[78.4854,30.57104],[78.48557,30.56564],[78.48456,30.56135],[78.48333,30.54424],[78.4843,30.53947],[78.48561,30.53757],[78.49288,30.5352],[78.50313,30.53345],[78.50772,30.5336],[78.51675,30.53718],[78.52541,30.53395],[78.53063,30.5349],[78.53318,30.53674],[78.53378,30.53856],[78.53091,30.55695],[78.53192,30.55931],[78.53405,30.5614],[78.5366,30.56599],[78.5342,30.57208],[78.535,30.57638],[78.53608,30.57805],[78.54041,30.58057],[78.54267,30.58302],[78.54322,30.58658],[78.54684,30.59172],[78.56215,30.60493],[78.56264,30.60699],[78.56041,30.61102],[78.56075,30.61194],[78.56184,30.61383],[78.56683,30.6172],[78.56937,30.62173],[78.572,30.62711],[78.57481,30.62946],[78.58204,30.63328],[78.58326,30.63562],[78.58233,30.63712],[78.58183,30.64206],[78.58311,30.64522],[78.58263,30.65192],[78.58427,30.66799],[78.5854,30.67068],[78.584,30.67935],[78.57933,30.68391],[78.57285,30.68623],[78.57761,30.69294],[78.58818,30.6965],[78.59123,30.69567],[78.59453,30.69159],[78.59791,30.69204],[78.60558,30.69601],[78.60973,30.69323],[78.61637,30.69435],[78.6229,30.69007],[78.6382,30.69458],[78.64919,30.69692],[78.64986,30.69962],[78.64875,30.70335],[78.64944,30.70524],[78.65721,30.71202],[78.66748,30.71838],[78.67039,30.71762],[78.67345,30.71778],[78.68907,30.72249],[78.70222,30.73084],[78.70672,30.73728],[78.70859,30.73801],[78.71138,30.73725],[78.71954,30.73066],[78.7275,30.72286],[78.73278,30.71948],[78.73965,30.71744],[78.7444,30.72095],[78.74696,30.72402],[78.7606,30.72759],[78.7663,30.72823],[78.78546,30.72829],[78.79033,30.72992],[78.79421,30.7273],[78.79723,30.72779],[78.79779,30.73106],[78.80132,30.73417],[78.80293,30.73503],[78.81301,30.73642],[78.81891,30.74084],[78.82206,30.7446],[78.82609,30.7433],[78.83231,30.74273],[78.83512,30.74442],[78.83544,30.74987],[78.83669,30.75399],[78.84066,30.76083],[78.83971,30.77345],[78.83624,30.78567],[78.8369,30.79112],[78.84164,30.80037],[78.84182,30.80496],[78.84,30.80796],[78.84114,30.80926],[78.8417,30.8138],[78.84602,30.81956],[78.8465,30.82364],[78.84311,30.82918],[78.83746,30.8432],[78.83655,30.85068],[78.83746,30.85463],[78.84041,30.85868],[78.84639,30.86438],[78.8541,30.86851],[78.85578,30.87023],[78.8566,30.87682],[78.86449,30.8828],[78.87006,30.88247],[78.87695,30.88041],[78.88005,30.87786],[78.88696,30.87886],[78.89454,30.87888],[78.90676,30.88421],[78.90942,30.88365],[78.91325,30.88056],[78.92128,30.87807]]]}},{"type":"Feature","properties":{"ID_0":105,"ISO":"IND","NAME_0":"India","ID_1":34,"NAME_1":"Uttaranchal","ID_2":574,"NAME_2":"Udham Singh Nagar","NL_NAME_2":null,"VARNAME_2":null,"TYPE_2":"District","ENGTYPE_2":"District","STATE":"Uttarakhand","DISTRICT":"Udham Singh Nagar"},"geometry":{"type":"Polygon","coordinates":[[[78.82392,29.36844],[78.82882,29.36818],[78.83437,29.36967],[78.83626,29.37141],[78.8358,29.37229],[78.84828,29.36779],[78.87374,29.36255],[78.9007,29.35731],[78.91343,29.35731],[78.92316,29.3618],[78.93365,29.36555],[78.94038,29.37378],[78.95087,29.37603],[78.96284,29.36854],[78.96959,29.35806],[78.99504,29.34458],[79.02874,29.3341],[79.06393,29.32286],[79.08565,29.31313],[79.10137,29.30939],[79.1171,29.30823],[79.11324,29.30429],[79.11967,29.29538],[79.11853,29.28598],[79.12162,29.27617],[79.1256,29.27904],[79.13725,29.27305],[79.18242,29.26109],[79.21278,29.25184],[79.22451,29.24928],[79.25064,29.24512],[79.26842,29.24368],[79.25782,29.23335],[79.25374,29.22685],[79.24225,29.21965],[79.23832,29.21578],[79.23628,29.20494],[79.23508,29.18936],[79.25225,29.18235],[79.25829,29.17381],[79.26115,29.16931],[79.26778,29.16353],[79.28391,29.15292],[79.29491,29.14267],[79.3027,29.13837],[79.31915,29.12402],[79.33762,29.10645],[79.37189,29.08469],[79.38386,29.07336],[79.40745,29.05401],[79.45046,29.05452],[79.50591,29.05329],[79.54503,29.05547],[79.56828,29.05383],[79.61617,29.05476],[79.62112,29.05599],[79.62185,29.05634],[79.63152,29.06313],[79.63386,29.07013],[79.64065,29.07038],[79.65525,29.06489],[79.66444,29.05947],[79.67708,29.05436],[79.68005,29.05057],[79.68273,29.0408],[79.68825,29.03488],[79.69901,29.02754],[79.70245,29.02606],[79.71394,29.02232],[79.72797,29.02215],[79.73783,29.02088],[79.73766,29.02547],[79.74503,29.0302],[79.75352,29.03135],[79.76161,29.02582],[79.7644,29.02472],[79.7613,29.02289],[79.76169,29.02033],[79.77744,29.02154],[79.77898,29.01858],[79.78815,29.01954],[79.79276,29.01137],[79.78778,29.01156],[79.78537,29.00672],[79.78239,29.00095],[79.78324,28.99891],[79.78905,28.99798],[79.78779,28.99402],[79.79123,28.99432],[79.79417,28.99644],[79.80074,29.00355],[79.80333,29.00388],[79.81044,29.00249],[79.81842,29.00236],[79.82185,29.00329],[79.82295,29.00661],[79.83323,29.01907],[79.83727,29.02227],[79.842,29.02221],[79.84488,29.01762],[79.84364,29.00655],[79.84314,29.00339],[79.84679,28.99624],[79.84592,28.9896],[79.85054,28.98808],[79.85315,28.99449],[79.8567,28.99977],[79.86106,29.00649],[79.89089,29.01586],[79.89326,29.02018],[79.89637,29.02317],[79.89845,29.02828],[79.90244,29.03099],[79.90482,29.03244],[79.90817,29.03205],[79.91309,29.03582],[79.91911,29.03913],[79.92473,29.04442],[79.93396,29.04589],[79.94993,29.04942],[79.95543,29.05233],[79.95957,29.05802],[79.98778,29.07477],[79.98935,29.09167],[79.99208,29.09488],[79.99508,29.09555],[79.99937,29.09353],[80.00962,29.0819],[80.01467,29.07899],[80.02015,29.07778],[80.02876,29.07959],[80.03714,29.08588],[80.04074,29.08961],[80.04453,29.09193],[80.04755,29.09139],[80.04985,29.08971],[80.05341,29.08299],[80.0563,29.07943],[80.05896,29.07925],[80.06196,29.08149],[80.06695,29.08981],[80.07233,29.10938],[80.071,29.11701],[80.06732,29.12634],[80.06927,29.12853],[80.08519,29.12203],[80.09216,29.12356],[80.10988,29.12287],[80.11512,29.12347],[80.12363,29.12604],[80.13564,29.13293],[80.13914,29.13329],[80.14318,29.13106],[80.15074,29.12039],[80.15126,29.12103],[80.15993,29.11292],[80.14603,29.103],[80.13143,29.06446],[80.13012,29.061],[80.1304,29.06092],[80.13821,29.05892],[80.1382,29.05888],[80.12814,29.03171],[80.13297,29.03043],[80.13302,29.03041],[80.12936,29.02107],[80.12778,29.01696],[80.12626,29.013],[80.13795,29.00955],[80.13763,29.00841],[80.13732,29.00731],[80.12878,29.00599],[80.12852,29.00591],[80.11955,28.98171],[80.11951,28.98172],[80.10973,28.98432],[80.10191,28.98643],[80.09772,28.97522],[80.06714,28.92732],[80.06014,28.91632],[80.06291,28.88316],[80.06291,28.88312],[80.06634,28.83729],[80.07238,28.82974],[80.07025,28.82964],[80.07014,28.82968],[80.06961,28.82989],[80.06381,28.8319],[80.05843,28.83526],[80.03409,28.80983],[80.03361,28.80547],[80.03198,28.80349],[80.02569,28.79985],[80.02737,28.79738],[80.03268,28.79418],[80.03624,28.79072],[80.04046,28.78311],[80.03816,28.77512],[80.03455,28.76904],[80.03398,28.76638],[80.03477,28.76323],[80.03345,28.76138],[80.03124,28.76056],[80.02907,28.75806],[80.02297,28.74867],[80.01363,28.73737],[80.00565,28.7295],[80.00287,28.72695],[79.99958,28.72564],[79.98826,28.71702],[79.97483,28.71675],[79.96783,28.71562],[79.95289,28.71752],[79.94087,28.72146],[79.92952,28.72651],[79.92238,28.73271],[79.92233,28.73829],[79.92151,28.745],[79.91808,28.7522],[79.91173,28.75928],[79.91014,28.76333],[79.91205,28.76496],[79.90572,28.7721],[79.89927,28.77386],[79.89451,28.779],[79.8921,28.78126],[79.88894,28.78577],[79.8934,28.79186],[79.89813,28.79489],[79.90057,28.7994],[79.90129,28.80212],[79.89481,28.80145],[79.88605,28.79881],[79.88013,28.79682],[79.87308,28.79646],[79.86729,28.79645],[79.85966,28.79845],[79.85336,28.8008],[79.84649,28.80496],[79.84053,28.80866],[79.84332,28.81504],[79.84621,28.8213],[79.84972,28.82174],[79.85423,28.82083],[79.86042,28.81791],[79.87124,28.81641],[79.87563,28.81834],[79.87547,28.82129],[79.87532,28.83024],[79.87102,28.83065],[79.86061,28.83413],[79.85561,28.83906],[79.85468,28.84141],[79.85405,28.84429],[79.84949,28.84538],[79.84414,28.84354],[79.84171,28.84261],[79.83384,28.84439],[79.82965,28.84668],[79.82446,28.84479],[79.82235,28.84175],[79.8138,28.83171],[79.81283,28.83018],[79.81572,28.82468],[79.81621,28.82174],[79.81465,28.81912],[79.81503,28.81458],[79.81591,28.81226],[79.81407,28.81061],[79.81129,28.81138],[79.80905,28.81075],[79.80504,28.80873],[79.8042,28.80706],[79.80304,28.80559],[79.80126,28.80454],[79.79475,28.8038],[79.79203,28.80304],[79.78545,28.80621],[79.78336,28.80542],[79.78214,28.81319],[79.78617,28.82093],[79.78941,28.8197],[79.79189,28.81517],[79.79479,28.81473],[79.79704,28.81649],[79.79782,28.82081],[79.79988,28.82469],[79.80119,28.82964],[79.80146,28.83329],[79.7992,28.83623],[79.79367,28.83926],[79.79431,28.84303],[79.79817,28.84604],[79.79816,28.84804],[79.7967,28.84955],[79.79462,28.85286],[79.79992,28.85427],[79.80812,28.85629],[79.80901,28.85891],[79.80863,28.86283],[79.80694,28.86631],[79.80574,28.86905],[79.8028,28.87182],[79.79697,28.87045],[79.79485,28.86987],[79.79162,28.8704],[79.79125,28.87381],[79.79064,28.87743],[79.77447,28.89183],[79.76197,28.88969],[79.75977,28.88953],[79.74997,28.89335],[79.7487,28.89154],[79.74487,28.88978],[79.74129,28.88535],[79.74044,28.88318],[79.73727,28.88259],[79.73283,28.88309],[79.72836,28.88507],[79.71813,28.88276],[79.71555,28.88178],[79.71219,28.88068],[79.70962,28.87921],[79.70673,28.87524],[79.70564,28.87235],[79.70518,28.87022],[79.7019,28.8699],[79.69706,28.87028],[79.69234,28.86832],[79.68814,28.86819],[79.68644,28.867],[79.68434,28.85735],[79.67286,28.85761],[79.66709,28.8541],[79.66728,28.85003],[79.6662,28.84833],[79.65947,28.84773],[79.65405,28.84874],[79.64394,28.85291],[79.64327,28.85323],[79.6411,28.85646],[79.63455,28.85844],[79.63075,28.85886],[79.62399,28.86269],[79.61904,28.86758],[79.61355,28.86873],[79.60868,28.86671],[79.60361,28.8647],[79.59805,28.86492],[79.59226,28.86655],[79.58197,28.85584],[79.57879,28.85238],[79.57655,28.85028],[79.57428,28.8493],[79.5719,28.84902],[79.56579,28.84947],[79.56348,28.84876],[79.56234,28.84791],[79.55941,28.8467],[79.55717,28.84569],[79.5536,28.84505],[79.55093,28.84589],[79.54822,28.85005],[79.54768,28.8543],[79.54992,28.86016],[79.5512,28.8632],[79.55126,28.86611],[79.55167,28.86825],[79.55374,28.87481],[79.55397,28.87852],[79.55254,28.88153],[79.5505,28.88418],[79.54333,28.89066],[79.53867,28.89241],[79.53645,28.89254],[79.53309,28.89031],[79.52989,28.88689],[79.52592,28.882],[79.5226,28.87633],[79.51997,28.87329],[79.51733,28.87058],[79.51406,28.86759],[79.51013,28.8647],[79.50724,28.8633],[79.50249,28.86276],[79.49692,28.86239],[79.49137,28.8626],[79.48655,28.8646],[79.48263,28.86622],[79.47663,28.86717],[79.46777,28.86491],[79.46471,28.86275],[79.46339,28.86053],[79.45972,28.85916],[79.45511,28.86006],[79.44778,28.86006],[79.43977,28.86105],[79.43346,28.86164],[79.43031,28.85979],[79.42753,28.85725],[79.42389,28.85524],[79.41963,28.8553],[79.41712,28.85584],[79.41122,28.85588],[79.40877,28.85801],[79.40622,28.86225],[79.40494,28.86745],[79.40482,28.87113],[79.4043,28.8749],[79.40188,28.87728],[79.39792,28.88104],[79.39565,28.88544],[79.40038,28.89559],[79.40115,28.89977],[79.40124,28.90186],[79.40008,28.91101],[79.399,28.91697],[79.4014,28.92137],[79.40262,28.92904],[79.40144,28.93226],[79.39831,28.93516],[79.39556,28.93675],[79.38943,28.9383],[79.38498,28.93731],[79.37934,28.93629],[79.37703,28.93705],[79.3749,28.93939],[79.37337,28.94186],[79.37252,28.94763],[79.37225,28.95118],[79.37074,28.95458],[79.36897,28.95768],[79.36743,28.95995],[79.36507,28.96199],[79.36339,28.96666],[79.35967,28.97048],[79.35712,28.96798],[79.35508,28.96528],[79.35285,28.96123],[79.35275,28.95882],[79.3539,28.95682],[79.35477,28.95341],[79.35189,28.95243],[79.34962,28.9521],[79.3439,28.95313],[79.33764,28.95453],[79.33369,28.95498],[79.32881,28.9554],[79.32095,28.95676],[79.31659,28.95679],[79.31216,28.95806],[79.30719,28.95847],[79.30468,28.95394],[79.30151,28.95285],[79.29893,28.95311],[79.29548,28.9543],[79.286,28.9605],[79.27888,28.96484],[79.27365,28.97287],[79.27052,28.97543],[79.26846,28.9774],[79.26434,28.98214],[79.25802,28.98695],[79.24997,28.99218],[79.2439,28.99648],[79.23937,28.9999],[79.23775,29.00684],[79.22154,29.01729],[79.21117,29.0237],[79.20403,29.0291],[79.19911,29.02528],[79.19759,29.02209],[79.18296,29.02421],[79.18494,29.01801],[79.1776,29.01962],[79.16859,29.01586],[79.16563,29.0173],[79.1641,29.02059],[79.15828,29.02288],[79.15452,29.02741],[79.15421,29.03292],[79.15867,29.03421],[79.16016,29.04332],[79.16541,29.05126],[79.15346,29.05477],[79.1437,29.06009],[79.13699,29.06934],[79.13472,29.08191],[79.13702,29.09091],[79.1432,29.09895],[79.14398,29.10662],[79.14222,29.11973],[79.13384,29.12416],[79.13081,29.12936],[79.11779,29.13388],[79.11362,29.13066],[79.10854,29.13044],[79.10075,29.13168],[79.09224,29.13674],[79.07286,29.15199],[79.05948,29.15627],[79.05438,29.15518],[79.04613,29.15473],[79.03823,29.16629],[79.03378,29.1711],[79.02696,29.17227],[79.02615,29.17196],[79.02307,29.17079],[79.02176,29.1673],[79.02388,29.16339],[79.02751,29.16075],[79.02742,29.15588],[79.02868,29.1524],[79.0264,29.14986],[79.02148,29.1508],[79.01697,29.15397],[79.01335,29.15769],[79.01096,29.15722],[79.01048,29.15303],[79.01279,29.14913],[79.01204,29.14487],[79.0086,29.13936],[79.00876,29.13622],[79.01187,29.13471],[79.019,29.13509],[79.02352,29.13313],[79.02769,29.13296],[79.03097,29.13023],[79.0297,29.12543],[79.02607,29.12155],[79.02185,29.11892],[79.01701,29.11786],[79.00658,29.12052],[79.00057,29.11655],[78.99838,29.12294],[78.99466,29.12537],[78.99541,29.12927],[78.99262,29.13363],[78.9881,29.13512],[78.98354,29.13735],[78.98263,29.14696],[78.97901,29.15475],[78.9732,29.16082],[78.96663,29.16555],[78.96233,29.16681],[78.96058,29.16587],[78.96035,29.1646],[78.96127,29.16318],[78.96081,29.1616],[78.95611,29.16037],[78.95147,29.15971],[78.94888,29.15278],[78.94439,29.14959],[78.93372,29.15421],[78.92364,29.15713],[78.92078,29.15286],[78.91445,29.14898],[78.90041,29.15062],[78.89835,29.15489],[78.8959,29.15579],[78.89504,29.15681],[78.89961,29.16142],[78.90479,29.16317],[78.90572,29.16521],[78.90332,29.16768],[78.90451,29.17057],[78.9024,29.1745],[78.90573,29.17749],[78.9057,29.18034],[78.90131,29.18274],[78.89912,29.19063],[78.89435,29.1959],[78.89721,29.19869],[78.89916,29.20259],[78.89356,29.20484],[78.88775,29.21033],[78.89226,29.21285],[78.89214,29.21487],[78.89104,29.21647],[78.88688,29.21783],[78.88445,29.21951],[78.88287,29.22532],[78.87015,29.22853],[78.86958,29.22954],[78.87304,29.23226],[78.8736,29.23525],[78.87098,29.24073],[78.86407,29.24949],[78.85787,29.2522],[78.85438,29.25542],[78.85384,29.25921],[78.85262,29.26131],[78.8506,29.26223],[78.84669,29.25825],[78.84519,29.25814],[78.84233,29.25428],[78.83405,29.25619],[78.83319,29.25942],[78.83125,29.26074],[78.82756,29.25793],[78.8229,29.25579],[78.81612,29.25383],[78.81378,29.25229],[78.79988,29.25785],[78.79287,29.26261],[78.78995,29.26299],[78.78737,29.26533],[78.786,29.27302],[78.78154,29.27123],[78.75864,29.28667],[78.76683,29.28591],[78.76553,29.28992],[78.76108,29.29333],[78.74676,29.30271],[78.7389,29.30631],[78.73139,29.31101],[78.72756,29.31279],[78.7208,29.31228],[78.71386,29.31735],[78.71413,29.31933],[78.71976,29.31842],[78.72111,29.31946],[78.72734,29.31749],[78.72861,29.31896],[78.72592,29.32512],[78.72571,29.32998],[78.72773,29.33138],[78.72835,29.33416],[78.7316,29.33431],[78.73479,29.33176],[78.7415,29.33262],[78.74165,29.33588],[78.74609,29.34092],[78.74705,29.34334],[78.75741,29.34976],[78.76353,29.34739],[78.76533,29.34573],[78.76385,29.3432],[78.76593,29.34105],[78.76962,29.34065],[78.77905,29.34227],[78.78089,29.34352],[78.78246,29.34644],[78.78445,29.34293],[78.78133,29.33196],[78.78884,29.32928],[78.79134,29.335],[78.79739,29.33697],[78.79791,29.33832],[78.7927,29.34343],[78.79167,29.34788],[78.79012,29.3504],[78.79015,29.35212],[78.7972,29.35563],[78.80685,29.37315],[78.80777,29.38027],[78.80898,29.38288],[78.81161,29.3847],[78.815,29.38534],[78.81096,29.38028],[78.81177,29.37231],[78.81418,29.37004],[78.82392,29.36844]]]}},{"type":"Feature","properties":{"ID_0":105,"ISO":"IND","NAME_0":"India","ID_1":34,"NAME_1":"Uttaranchal","ID_2":575,"NAME_2":"Uttarkashi","NL_NAME_2":null,"VARNAME_2":null,"TYPE_2":"District","ENGTYPE_2":"District","STATE":"Uttarakhand","DISTRICT":"Uttarkashi"},"geometry":{"type":"Polygon","coordinates":[[[79.19478,31.35362],[79.19817,31.35196],[79.20738,31.34632],[79.21056,31.34501],[79.21128,31.34482],[79.21214,31.34456],[79.21505,31.34268],[79.22164,31.3373],[79.22266,31.33484],[79.22272,31.33158],[79.22143,31.32989],[79.22099,31.32925],[79.22089,31.32844],[79.22054,31.32794],[79.22115,31.32586],[79.22063,31.3245],[79.22083,31.32286],[79.22105,31.32028],[79.22147,31.31939],[79.22307,31.31736],[79.22359,31.31692],[79.22599,31.31512],[79.22601,31.31423],[79.23848,31.30421],[79.24009,31.30299],[79.24064,31.30185],[79.24809,31.29662],[79.24845,31.295],[79.24902,31.29454],[79.24952,31.28962],[79.24773,31.28534],[79.24643,31.28374],[79.24578,31.28321],[79.23711,31.27575],[79.2338,31.26918],[79.23342,31.26619],[79.23287,31.26194],[79.23389,31.25404],[79.23734,31.25068],[79.24334,31.24693],[79.24564,31.24665],[79.24744,31.2469],[79.25147,31.24655],[79.25281,31.2461],[79.25465,31.24635],[79.25519,31.24658],[79.26278,31.24529],[79.26445,31.24394],[79.26518,31.2426],[79.26629,31.23946],[79.26683,31.23924],[79.26738,31.23743],[79.26788,31.23721],[79.26863,31.23661],[79.27111,31.23182],[79.27217,31.2316],[79.27229,31.23094],[79.27282,31.23074],[79.27665,31.22283],[79.27719,31.22261],[79.27878,31.21749],[79.28629,31.1999],[79.28844,31.19563],[79.28815,31.18953],[79.28778,31.1884],[79.28494,31.18567],[79.28304,31.18158],[79.28212,31.18091],[79.28213,31.17931],[79.28271,31.17549],[79.28318,31.17436],[79.2849,31.1701],[79.28569,31.16966],[79.28677,31.16876],[79.28943,31.16426],[79.29184,31.16249],[79.29375,31.1591],[79.29611,31.1571],[79.29729,31.15418],[79.29781,31.15396],[79.29962,31.14924],[79.30762,31.1421],[79.30869,31.14052],[79.30869,31.14006],[79.31156,31.13918],[79.31275,31.13915],[79.31432,31.13894],[79.3179,31.13879],[79.31892,31.13902],[79.32133,31.13747],[79.32185,31.13589],[79.32264,31.13544],[79.32317,31.13521],[79.3251,31.12981],[79.32615,31.12939],[79.3306,31.12873],[79.33794,31.12927],[79.34082,31.12883],[79.34187,31.12861],[79.34479,31.1275],[79.34636,31.1264],[79.34997,31.12405],[79.35039,31.12378],[79.3539,31.12177],[79.3556,31.12129],[79.36062,31.12018],[79.36192,31.12066],[79.36995,31.12041],[79.3771,31.12079],[79.37889,31.12041],[79.37919,31.12035],[79.38185,31.11835],[79.38409,31.11231],[79.38512,31.11],[79.38589,31.10958],[79.3864,31.10935],[79.38709,31.10754],[79.38968,31.09876],[79.39124,31.08244],[79.39169,31.08118],[79.39236,31.07981],[79.3743,31.07265],[79.36246,31.05436],[79.35859,31.05014],[79.34915,31.04383],[79.34589,31.04002],[79.33343,31.03525],[79.32508,31.03527],[79.3157,31.0337],[79.30598,31.02927],[79.29825,31.02309],[79.29614,31.01895],[79.29563,31.01633],[79.29639,31.01482],[79.30383,31.01019],[79.31343,31.00664],[79.31574,31.00256],[79.31548,31.00101],[79.31292,30.99606],[79.30956,30.99266],[79.30901,30.99058],[79.30972,30.98621],[79.31394,30.97832],[79.31438,30.97626],[79.31269,30.97349],[79.30787,30.96866],[79.3045,30.96774],[79.29995,30.96831],[79.28322,30.97612],[79.28131,30.97629],[79.27434,30.97473],[79.27043,30.97313],[79.26553,30.96978],[79.25549,30.96541],[79.25135,30.96234],[79.24942,30.95992],[79.24936,30.95768],[79.25047,30.95584],[79.26234,30.94992],[79.26369,30.94865],[79.26989,30.94066],[79.26694,30.93127],[79.26873,30.92275],[79.26327,30.91947],[79.25741,30.91722],[79.25573,30.91106],[79.2563,30.90628],[79.26191,30.88943],[79.26242,30.88413],[79.25867,30.88044],[79.24694,30.87519],[79.24345,30.86293],[79.24036,30.86046],[79.23743,30.85394],[79.23584,30.85187],[79.22675,30.84674],[79.22644,30.8434],[79.22926,30.83489],[79.22889,30.83333],[79.2135,30.82692],[79.2108,30.82519],[79.2113,30.81932],[79.21573,30.81363],[79.22515,30.80996],[79.2254,30.80364],[79.22619,30.80213],[79.23421,30.79304],[79.2384,30.79017],[79.24008,30.78643],[79.2438,30.78632],[79.24667,30.78505],[79.25003,30.77596],[79.25491,30.77074],[79.2597,30.76728],[79.26728,30.76361],[79.27605,30.75739],[79.27634,30.75619],[79.27403,30.7525],[79.26649,30.74231],[79.26503,30.73546],[79.26627,30.7323],[79.26037,30.7304],[79.24684,30.72905],[79.24472,30.7294],[79.23453,30.73859],[79.21506,30.74203],[79.20255,30.74517],[79.19436,30.744],[79.18546,30.74072],[79.18224,30.74871],[79.17443,30.75458],[79.15255,30.76249],[79.14651,30.76201],[79.14122,30.7597],[79.13359,30.75778],[79.12849,30.7553],[79.12531,30.7553],[79.12011,30.75741],[79.11646,30.76173],[79.11528,30.7668],[79.11532,30.77185],[79.11443,30.77485],[79.11241,30.77651],[79.10436,30.77925],[79.09482,30.77918],[79.08649,30.78118],[79.07966,30.78104],[79.0768,30.78189],[79.06512,30.79125],[79.05834,30.79959],[79.05321,30.80337],[79.05246,30.80561],[79.0472,30.80594],[79.03736,30.80845],[79.03099,30.81097],[79.01853,30.81213],[79.00344,30.82557],[79.00332,30.84842],[79.00108,30.85428],[78.99773,30.85676],[78.99585,30.8595],[78.99067,30.86422],[78.98528,30.86775],[78.97706,30.868],[78.96127,30.86113],[78.93796,30.86061],[78.93188,30.86232],[78.92849,30.87128],[78.92413,30.87611],[78.92128,30.87807],[78.91325,30.88056],[78.90942,30.88365],[78.90676,30.88421],[78.89454,30.87888],[78.88696,30.87886],[78.88005,30.87786],[78.87695,30.88041],[78.87006,30.88247],[78.86449,30.8828],[78.8566,30.87682],[78.85578,30.87023],[78.8541,30.86851],[78.84639,30.86438],[78.84041,30.85868],[78.83746,30.85463],[78.83655,30.85068],[78.83746,30.8432],[78.84311,30.82918],[78.8465,30.82364],[78.84602,30.81956],[78.8417,30.8138],[78.84114,30.80926],[78.84,30.80796],[78.84182,30.80496],[78.84164,30.80037],[78.8369,30.79112],[78.83624,30.78567],[78.83971,30.77345],[78.84066,30.76083],[78.83669,30.75399],[78.83544,30.74987],[78.83512,30.74442],[78.83231,30.74273],[78.82609,30.7433],[78.82206,30.7446],[78.81891,30.74084],[78.81301,30.73642],[78.80293,30.73503],[78.80132,30.73417],[78.79779,30.73106],[78.79723,30.72779],[78.79421,30.7273],[78.79033,30.72992],[78.78546,30.72829],[78.7663,30.72823],[78.7606,30.72759],[78.74696,30.72402],[78.7444,30.72095],[78.73965,30.71744],[78.73278,30.71948],[78.7275,30.72286],[78.71954,30.73066],[78.71138,30.73725],[78.70859,30.73801],[78.70672,30.73728],[78.70222,30.73084],[78.68907,30.72249],[78.67345,30.71778],[78.67039,30.71762],[78.66748,30.71838],[78.65721,30.71202],[78.64944,30.70524],[78.64875,30.70335],[78.64986,30.69962],[78.64919,30.69692],[78.6382,30.69458],[78.6229,30.69007],[78.61637,30.69435],[78.60973,30.69323],[78.60558,30.69601],[78.59791,30.69204],[78.59453,30.69159],[78.59123,30.69567],[78.58818,30.6965],[78.57761,30.69294],[78.57285,30.68623],[78.57933,30.68391],[78.584,30.67935],[78.5854,30.67068],[78.58427,30.66799],[78.58263,30.65192],[78.58311,30.64522],[78.58183,30.64206],[78.58233,30.63712],[78.58326,30.63562],[78.58204,30.63328],[78.57481,30.62946],[78.572,30.62711],[78.56937,30.62173],[78.56683,30.6172],[78.56184,30.61383],[78.56075,30.61194],[78.56041,30.61102],[78.56264,30.60699],[78.56215,30.60493],[78.54684,30.59172],[78.54322,30.58658],[78.54267,30.58302],[78.54041,30.58057],[78.53608,30.57805],[78.535,30.57638],[78.5342,30.57208],[78.5366,30.56599],[78.53405,30.5614],[78.53192,30.55931],[78.53091,30.55695],[78.53378,30.53856],[78.53318,30.53674],[78.53063,30.5349],[78.52541,30.53395],[78.51675,30.53718],[78.50772,30.5336],[78.50313,30.53345],[78.49288,30.5352],[78.48561,30.53757],[78.4843,30.53947],[78.48333,30.54424],[78.48456,30.56135],[78.48557,30.56564],[78.4854,30.57104],[78.48735,30.57655],[78.48736,30.57843],[78.48521,30.5836],[78.4864,30.58601],[78.491,30.58875],[78.49426,30.59173],[78.49962,30.59992],[78.49303,30.60838],[78.48983,30.61476],[78.48621,30.61975],[78.48231,30.6219],[78.47438,30.62823],[78.47315,30.63328],[78.47034,30.63215],[78.45888,30.62047],[78.45541,30.61841],[78.44965,30.61838],[78.44164,30.62035],[78.43767,30.62053],[78.43539,30.61406],[78.43157,30.61096],[78.43051,30.60867],[78.42707,30.59484],[78.42621,30.58319],[78.42755,30.57389],[78.43073,30.57176],[78.43919,30.5683],[78.44113,30.55526],[78.44088,30.55049],[78.44247,30.54779],[78.44193,30.5459],[78.43293,30.53576],[78.43232,30.53152],[78.42308,30.52563],[78.41559,30.51916],[78.4148,30.51245],[78.41563,30.50515],[78.41136,30.4999],[78.40378,30.49405],[78.40211,30.49073],[78.39931,30.48793],[78.39944,30.48051],[78.40118,30.47471],[78.39953,30.47396],[78.39755,30.4742],[78.39488,30.47483],[78.39366,30.47599],[78.39334,30.48304],[78.3919,30.48671],[78.39188,30.49503],[78.39065,30.49755],[78.38191,30.50205],[78.37943,30.50974],[78.37066,30.51973],[78.36438,30.52394],[78.35275,30.52637],[78.34547,30.5304],[78.34468,30.53126],[78.3457,30.537],[78.34525,30.53969],[78.34239,30.54056],[78.33923,30.54022],[78.33396,30.54721],[78.33231,30.55083],[78.33154,30.5556],[78.32843,30.55784],[78.32776,30.55961],[78.32766,30.56586],[78.32561,30.5677],[78.32176,30.56921],[78.31971,30.56903],[78.31544,30.56509],[78.31441,30.56497],[78.30788,30.5722],[78.30502,30.57662],[78.29589,30.57739],[78.29497,30.57698],[78.29503,30.57601],[78.30016,30.56701],[78.29968,30.56397],[78.2941,30.56062],[78.28807,30.5596],[78.28509,30.55989],[78.27654,30.55607],[78.27344,30.56278],[78.27419,30.56667],[78.28725,30.57007],[78.28526,30.57082],[78.28288,30.57409],[78.27667,30.57862],[78.28035,30.58503],[78.28306,30.58777],[78.28871,30.5908],[78.28937,30.59211],[78.28779,30.59309],[78.28574,30.59722],[78.27954,30.6041],[78.27325,30.60931],[78.2685,30.61516],[78.26394,30.61728],[78.2597,30.61821],[78.2559,30.61799],[78.24581,30.61262],[78.23726,30.6152],[78.23602,30.61474],[78.23142,30.61144],[78.2303,30.60978],[78.22873,30.59988],[78.22317,30.59286],[78.21764,30.59184],[78.20901,30.58779],[78.19463,30.58301],[78.17557,30.59029],[78.16734,30.59111],[78.16418,30.59295],[78.15946,30.593],[78.15647,30.59398],[78.15383,30.59599],[78.15337,30.5973],[78.15415,30.60027],[78.15305,30.60485],[78.15332,30.60748],[78.15406,30.60891],[78.15763,30.60805],[78.15996,30.60862],[78.15616,30.61321],[78.15554,30.61703],[78.15236,30.62278],[78.14934,30.63164],[78.14608,30.63417],[78.14158,30.6398],[78.14165,30.63853],[78.14001,30.63917],[78.12938,30.63617],[78.12467,30.63645],[78.11968,30.63769],[78.11327,30.64236],[78.10982,30.64286],[78.10019,30.63986],[78.08979,30.63888],[78.08427,30.63676],[78.07374,30.63534],[78.06386,30.63142],[78.05696,30.62375],[78.05647,30.62261],[78.05733,30.6204],[78.05998,30.61646],[78.06019,30.61197],[78.05387,30.60956],[78.04028,30.60614],[78.03465,30.6026],[78.02914,30.6056],[78.01489,30.61557],[78.00734,30.61747],[78.00184,30.61774],[78.00269,30.61981],[78.00105,30.62153],[78.00018,30.62527],[78.00311,30.62946],[78.00391,30.63435],[77.99946,30.64758],[77.99972,30.65161],[78.00131,30.65343],[78.00625,30.65594],[78.00996,30.65605],[78.01366,30.65452],[78.01684,30.65161],[78.02168,30.64899],[78.02527,30.64791],[78.02938,30.65052],[78.03275,30.65836],[78.03826,30.66473],[78.05108,30.66899],[78.05455,30.67202],[78.05758,30.67738],[78.05714,30.68932],[78.06125,30.6962],[78.06219,30.70727],[78.06405,30.71082],[78.06783,30.71251],[78.06991,30.71461],[78.07489,30.72206],[78.07509,30.72363],[78.07091,30.72841],[78.06746,30.73259],[78.06614,30.73595],[78.06919,30.73941],[78.07013,30.74177],[78.06641,30.74395],[78.05918,30.74599],[78.05812,30.74815],[78.058,30.75126],[78.05787,30.75448],[78.05606,30.75658],[78.05534,30.75743],[78.05297,30.76248],[78.05177,30.76391],[78.04572,30.76634],[78.0379,30.77787],[78.03398,30.77996],[78.03152,30.78065],[78.02787,30.78168],[78.02582,30.78453],[78.02467,30.78613],[78.01916,30.78892],[78.01639,30.79124],[78.01466,30.79463],[78.01585,30.80125],[78.01387,30.80819],[78.00602,30.81853],[77.99938,30.82331],[77.9906,30.8273],[77.98586,30.83103],[77.98478,30.83218],[77.98215,30.83717],[77.98142,30.83901],[77.9811,30.84093],[77.97749,30.84868],[77.97509,30.85198],[77.97433,30.85378],[77.97411,30.85748],[77.9751,30.86594],[77.97514,30.86893],[77.9735,30.87125],[77.97038,30.87473],[77.97019,30.87622],[77.96999,30.87787],[77.97029,30.88094],[77.97013,30.88269],[77.96671,30.88833],[77.96566,30.88977],[77.9641,30.89133],[77.96339,30.89259],[77.96445,30.89712],[77.96538,30.90016],[77.9662,30.90203],[77.96661,30.90247],[77.96767,30.90307],[77.9692,30.9033],[77.97067,30.90353],[77.97373,30.90419],[77.97533,30.9043],[77.97633,30.90438],[77.97789,30.90485],[77.97968,30.90579],[77.98109,30.90707],[77.9838,30.90852],[77.98451,30.90937],[77.98573,30.90999],[77.99362,30.9093],[78.0007,30.91202],[78.00805,30.91686],[78.00438,30.9311],[77.99242,30.9492],[77.98565,30.95877],[77.98309,30.95978],[77.98009,30.96068],[77.97709,30.96189],[77.97598,30.96634],[77.97449,30.96868],[77.97203,30.9693],[77.97125,30.96961],[77.97065,30.96984],[77.96849,30.97219],[77.96716,30.9729],[77.96375,30.9739],[77.96288,30.9743],[77.96257,30.97444],[77.95831,30.97843],[77.95653,30.97991],[77.9532,30.97935],[77.94743,30.97884],[77.94708,30.97815],[77.9416,30.97918],[77.94054,30.9792],[77.93763,30.97886],[77.93541,30.9773],[77.93327,30.97624],[77.93013,30.97556],[77.92399,30.97682],[77.92226,30.97651],[77.91799,30.97515],[77.9144,30.97423],[77.91228,30.97306],[77.90884,30.97064],[77.90503,30.96836],[77.90282,30.96684],[77.89959,30.963],[77.89462,30.95872],[77.8912,30.95757],[77.8896,30.95679],[77.88748,30.95676],[77.88596,30.95781],[77.88412,30.95835],[77.88195,30.95878],[77.8812,30.95828],[77.88041,30.95731],[77.87778,30.95523],[77.87614,30.95316],[77.87569,30.95216],[77.87408,30.95138],[77.87311,30.95161],[77.87044,30.95224],[77.86865,30.95248],[77.86506,30.95189],[77.86245,30.94901],[77.86091,30.9484],[77.85959,30.94825],[77.85601,30.94909],[77.85488,30.94951],[77.85503,30.9542],[77.85477,30.95593],[77.85474,30.95621],[77.85395,30.95828],[77.85331,30.95903],[77.85152,30.95962],[77.85048,30.9598],[77.84813,30.95869],[77.8472,30.9579],[77.84512,30.95695],[77.84252,30.95543],[77.84099,30.955],[77.83977,30.95445],[77.83818,30.95314],[77.83475,30.94975],[77.8324,30.94697],[77.82984,30.94511],[77.82856,30.94318],[77.82739,30.94084],[77.82697,30.9385],[77.82637,30.93862],[77.82444,30.93854],[77.82176,30.93817],[77.81985,30.9379],[77.81814,30.93815],[77.81134,30.93989],[77.80784,30.94022],[77.80657,30.94069],[77.80407,30.94055],[77.80266,30.93993],[77.80145,30.93909],[77.80022,30.93709],[77.79736,30.93501],[77.79647,30.93349],[77.79267,30.92852],[77.79153,30.92735],[77.79102,30.92613],[77.78874,30.92628],[77.78185,30.92622],[77.77449,30.92533],[77.77162,30.92419],[77.76726,30.92048],[77.76318,30.92015],[77.75825,30.92038],[77.7522,30.92096],[77.7456,30.92231],[77.74737,30.92872],[77.7465,30.93397],[77.74358,30.93523],[77.73924,30.93668],[77.73666,30.9396],[77.73569,30.94202],[77.73488,30.94401],[77.73328,30.9495],[77.73457,30.95957],[77.73634,30.96359],[77.74197,30.96764],[77.75392,30.97684],[77.76388,30.97699],[77.77094,30.97566],[77.77838,30.97232],[77.78761,30.96572],[77.79659,30.95843],[77.80228,30.9551],[77.80754,30.95371],[77.81261,30.95279],[77.81715,30.95357],[77.81932,30.95684],[77.81892,30.96009],[77.81639,30.96198],[77.81325,30.96245],[77.80463,30.96099],[77.80158,30.96357],[77.7974,30.96776],[77.79642,30.96982],[77.79729,30.97296],[77.79872,30.97612],[77.80319,30.97971],[77.80524,30.98164],[77.80621,30.98348],[77.80648,30.98503],[77.80621,30.98806],[77.80754,30.99384],[77.81091,30.99538],[77.81361,30.99892],[77.81029,31.00213],[77.81005,31.00521],[77.82471,31.00519],[77.82533,31.00813],[77.82271,31.0118],[77.81885,31.01579],[77.82106,31.02108],[77.8216,31.02992],[77.81881,31.0323],[77.81512,31.03393],[77.81068,31.04359],[77.80502,31.05407],[77.80492,31.05877],[77.80061,31.06208],[77.80689,31.06233],[77.80961,31.06137],[77.80948,31.05973],[77.8147,31.0609],[77.81955,31.06491],[77.82473,31.07443],[77.83103,31.07704],[77.83746,31.07751],[77.84283,31.08129],[77.85038,31.09517],[77.85014,31.1042],[77.85153,31.11097],[77.85787,31.11624],[77.87276,31.12321],[77.87872,31.12467],[77.87906,31.13159],[77.8804,31.13743],[77.88576,31.14307],[77.88971,31.14897],[77.88749,31.1547],[77.89279,31.15727],[77.90218,31.15882],[77.90942,31.1555],[77.91469,31.15658],[77.93443,31.16729],[77.93922,31.1673],[77.94124,31.17116],[77.94602,31.17617],[77.95476,31.17878],[77.96938,31.16515],[77.97897,31.16644],[77.98523,31.16802],[77.99258,31.16703],[78.00772,31.15708],[78.01424,31.15494],[78.01655,31.1585],[78.01528,31.16615],[78.01622,31.17151],[78.02689,31.18019],[78.02995,31.18531],[78.03875,31.18715],[78.03967,31.18751],[78.05383,31.19293],[78.05916,31.19237],[78.07111,31.19276],[78.07549,31.19291],[78.08008,31.19071],[78.08774,31.1908],[78.09238,31.19283],[78.10079,31.19979],[78.10688,31.20249],[78.10985,31.20567],[78.1138,31.20623],[78.11916,31.21404],[78.1349,31.21612],[78.13715,31.22242],[78.14361,31.22408],[78.14584,31.22688],[78.14783,31.23157],[78.15314,31.23068],[78.15543,31.23029],[78.16045,31.23192],[78.16309,31.2315],[78.16582,31.23106],[78.17142,31.23181],[78.17648,31.23003],[78.18492,31.22333],[78.18756,31.22222],[78.19284,31.22291],[78.20027,31.22572],[78.20399,31.23409],[78.20682,31.23723],[78.2121,31.23855],[78.21844,31.23872],[78.23259,31.23502],[78.23765,31.2398],[78.23751,31.24394],[78.24263,31.24336],[78.24821,31.24666],[78.24974,31.25055],[78.25324,31.25287],[78.25496,31.2566],[78.25814,31.26036],[78.26902,31.27136],[78.27815,31.26666],[78.28846,31.2642],[78.29342,31.26604],[78.29552,31.27286],[78.29681,31.28447],[78.29836,31.28821],[78.30633,31.28624],[78.31693,31.28508],[78.32664,31.28824],[78.33609,31.28748],[78.34248,31.28897],[78.34749,31.29012],[78.35632,31.29087],[78.36336,31.2901],[78.36926,31.2879],[78.37347,31.27921],[78.38136,31.28147],[78.38327,31.27432],[78.38619,31.26963],[78.39308,31.26228],[78.39135,31.25299],[78.39753,31.24779],[78.40508,31.24867],[78.41438,31.25091],[78.41946,31.25988],[78.42706,31.25598],[78.43169,31.2496],[78.44414,31.2442],[78.45722,31.22781],[78.46657,31.22094],[78.46722,31.21185],[78.47011,31.20375],[78.47698,31.2051],[78.48657,31.20417],[78.51414,31.20392],[78.53712,31.20671],[78.55025,31.21849],[78.55633,31.22738],[78.5619,31.2296],[78.56658,31.23374],[78.5794,31.235],[78.58392,31.2343],[78.59537,31.23639],[78.6006,31.23585],[78.61005,31.23105],[78.6133,31.22744],[78.61711,31.22525],[78.62832,31.22192],[78.63445,31.22189],[78.636,31.21958],[78.63801,31.20839],[78.64549,31.20252],[78.6477,31.19467],[78.65067,31.19785],[78.65984,31.20325],[78.66576,31.20247],[78.67609,31.20319],[78.69557,31.19629],[78.7007,31.19639],[78.70747,31.19497],[78.71303,31.19666],[78.72038,31.19702],[78.74945,31.19435],[78.75759,31.19469],[78.7646,31.19591],[78.77089,31.1973],[78.78881,31.20445],[78.79504,31.20504],[78.80017,31.20238],[78.80317,31.19923],[78.80112,31.19391],[78.79804,31.18895],[78.79758,31.1825],[78.80051,31.17826],[78.81171,31.16941],[78.81022,31.16386],[78.81587,31.15393],[78.81873,31.14721],[78.82472,31.14355],[78.82898,31.13634],[78.83778,31.13069],[78.84433,31.12804],[78.85202,31.12621],[78.86225,31.11241],[78.8714,31.10732],[78.88004,31.10384],[78.88418,31.10423],[78.89075,31.10608],[78.8968,31.10563],[78.89943,31.1076],[78.90058,31.11206],[78.90379,31.11547],[78.90779,31.11632],[78.91266,31.11618],[78.92047,31.10759],[78.93257,31.10698],[78.93752,31.10534],[78.94212,31.10503],[78.95243,31.10841],[78.95583,31.11088],[78.96565,31.11537],[78.98486,31.11647],[78.9908,31.11709],[78.99658,31.11534],[78.9967,31.11618],[78.9967,31.11759],[78.99078,31.13088],[78.9892,31.13736],[78.98706,31.14061],[78.98481,31.14094],[78.97809,31.14566],[78.9758,31.15071],[78.97768,31.15483],[78.97748,31.17016],[78.97466,31.1781],[78.97187,31.18237],[78.96845,31.18347],[78.96616,31.18599],[78.96092,31.18643],[78.95284,31.18981],[78.94621,31.19356],[78.94486,31.19694],[78.94168,31.2008],[78.93585,31.20568],[78.93324,31.21455],[78.93507,31.21919],[78.93513,31.22236],[78.91962,31.22309],[78.91565,31.22516],[78.90991,31.23389],[78.90585,31.25018],[78.90688,31.25919],[78.90891,31.25886],[78.91309,31.26072],[78.91409,31.26163],[78.9146,31.26232],[78.91665,31.26663],[78.91686,31.26797],[78.91673,31.275],[78.9162,31.27656],[78.91599,31.28717],[78.92355,31.30145],[78.9248,31.30668],[78.92519,31.31437],[78.9231,31.32539],[78.92538,31.33176],[78.92627,31.33243],[78.93021,31.33788],[78.93697,31.34248],[78.95224,31.34823],[78.95367,31.3488],[78.96124,31.35203],[78.96331,31.35239],[78.96828,31.35324],[78.9688,31.35302],[78.98056,31.35698],[78.98968,31.36184],[78.99161,31.36403],[78.99337,31.36751],[78.9931,31.37428],[78.99457,31.37927],[79.00683,31.40062],[79.01183,31.40655],[79.01375,31.4086],[79.01479,31.40905],[79.01544,31.41019],[79.01581,31.41109],[79.02151,31.41455],[79.02721,31.42029],[79.02824,31.42073],[79.02898,31.42274],[79.02965,31.42298],[79.03055,31.424],[79.03221,31.427],[79.03314,31.42736],[79.03417,31.42801],[79.03397,31.44458],[79.03551,31.45318],[79.03699,31.45737],[79.03824,31.45876],[79.04054,31.46215],[79.0452,31.46812],[79.04786,31.47038],[79.0521,31.47162],[79.05337,31.47202],[79.05678,31.47226],[79.06029,31.46865],[79.06212,31.4676],[79.06215,31.4667],[79.06346,31.46604],[79.06452,31.46514],[79.06558,31.46424],[79.06612,31.46379],[79.07621,31.45825],[79.08917,31.45524],[79.08967,31.45481],[79.09075,31.45438],[79.09127,31.45347],[79.09395,31.45238],[79.09423,31.45171],[79.10009,31.44793],[79.12256,31.44151],[79.12649,31.43978],[79.12666,31.43925],[79.12886,31.43873],[79.12965,31.43808],[79.13289,31.43472],[79.13345,31.4336],[79.13585,31.43025],[79.13641,31.43003],[79.14189,31.42002],[79.14267,31.41945],[79.14371,31.41722],[79.14475,31.4161],[79.14594,31.41474],[79.14693,31.41342],[79.14862,31.41115],[79.15788,31.40407],[79.15825,31.40336],[79.16345,31.39892],[79.17005,31.38646],[79.17093,31.38481],[79.1716,31.38418],[79.17229,31.38214],[79.17419,31.37737],[79.17496,31.37693],[79.17512,31.37647],[79.17566,31.37581],[79.17619,31.37513],[79.17672,31.37493],[79.17757,31.37221],[79.17888,31.37133],[79.17993,31.37088],[79.18184,31.3675],[79.18608,31.36374],[79.18819,31.36001],[79.18968,31.35894],[79.19107,31.35797],[79.19193,31.35653],[79.19312,31.35571],[79.19422,31.35496],[79.19478,31.35362]]]}}],"state":"Uttarakhand","source":"geohacker/india (Datameet-derived), Census 2011 boundaries"}