{"type":"FeatureCollection","features":[{"type":"Feature","properties":{"ID_0":105,"ISO":"IND","NAME_0":"India","ID_1":33,"NAME_1":"Uttar Pradesh","ID_2":493,"NAME_2":"Agra","NL_NAME_2":null,"VARNAME_2":null,"TYPE_2":"District","ENGTYPE_2":"District","STATE":"Uttar Pradesh","DISTRICT":"Agra"},"geometry":{"type":"Polygon","coordinates":[[[77.9004,27.26083],[77.90006,27.25176],[77.90083,27.24727],[77.903,27.24413],[77.91388,27.23952],[77.91896,27.23906],[77.92615,27.24006],[77.93092,27.24294],[77.93345,27.24822],[77.93317,27.25402],[77.92384,27.26859],[77.92468,27.27282],[77.92731,27.27678],[77.93301,27.28113],[77.9388,27.28415],[77.94904,27.29904],[77.95109,27.29955],[77.95284,27.29998],[77.95309,27.298],[77.95468,27.28517],[77.95428,27.26976],[77.9526,27.2625],[77.95203,27.25192],[77.95247,27.24955],[77.95465,27.24573],[77.98086,27.24544],[77.98504,27.24878],[77.98531,27.2517],[77.98399,27.25442],[77.97375,27.26226],[77.9725,27.26567],[77.97889,27.27173],[77.99136,27.27266],[78.00282,27.26895],[78.00697,27.26646],[78.01608,27.25947],[78.02007,27.25493],[78.02147,27.25172],[78.02384,27.238],[78.02862,27.22136],[78.02948,27.21548],[78.0237,27.2024],[78.0216,27.19576],[78.02315,27.18391],[78.0267,27.18277],[78.03169,27.1829],[78.03714,27.18453],[78.0414,27.18675],[78.04881,27.19387],[78.07331,27.20571],[78.07851,27.20688],[78.08655,27.20629],[78.09226,27.2034],[78.09702,27.19918],[78.10145,27.18895],[78.10464,27.18579],[78.11053,27.18499],[78.12165,27.18519],[78.13072,27.18604],[78.13624,27.18732],[78.14147,27.19736],[78.14748,27.19678],[78.15902,27.19898],[78.15866,27.18156],[78.1712,27.18197],[78.18884,27.18928],[78.19268,27.18854],[78.19722,27.18659],[78.20546,27.17748],[78.20878,27.17241],[78.21082,27.16666],[78.21095,27.16249],[78.20906,27.15707],[78.20581,27.15148],[78.19389,27.13568],[78.19185,27.13072],[78.19176,27.12516],[78.19382,27.12134],[78.19996,27.1109],[78.21717,27.10272],[78.22015,27.09909],[78.22062,27.0955],[78.21817,27.08157],[78.22047,27.07848],[78.22531,27.07773],[78.23335,27.0778],[78.24805,27.08275],[78.2515,27.08706],[78.25128,27.09336],[78.24934,27.09906],[78.24413,27.10236],[78.23466,27.10623],[78.23364,27.1093],[78.23399,27.11208],[78.2361,27.1149],[78.24105,27.11582],[78.24587,27.11513],[78.2497,27.1133],[78.2543,27.10972],[78.259,27.10411],[78.26048,27.09934],[78.26585,27.08985],[78.26991,27.08616],[78.27549,27.0854],[78.28404,27.08768],[78.28733,27.09308],[78.28829,27.09869],[78.28712,27.10831],[78.28757,27.11341],[78.28903,27.123],[78.2904,27.12572],[78.29649,27.12797],[78.30206,27.12887],[78.3067,27.12824],[78.30954,27.12665],[78.31179,27.11643],[78.31424,27.11235],[78.31936,27.11368],[78.32364,27.11803],[78.32958,27.12699],[78.33515,27.13103],[78.34869,27.12972],[78.36076,27.1276],[78.36413,27.12549],[78.3646,27.12271],[78.36237,27.11752],[78.35811,27.11422],[78.35091,27.11325],[78.34374,27.11519],[78.33683,27.1144],[78.33302,27.11109],[78.32948,27.10598],[78.32699,27.10369],[78.32,27.10239],[78.31347,27.10245],[78.30723,27.09993],[78.3045,27.09643],[78.3032,27.08978],[78.30511,27.07639],[78.30466,27.06823],[78.30329,27.06135],[78.30437,27.0574],[78.30895,27.05724],[78.31254,27.05968],[78.32333,27.07676],[78.32652,27.0787],[78.34224,27.07724],[78.35131,27.08384],[78.35194,27.08384],[78.35538,27.08514],[78.35698,27.0838],[78.36955,27.07338],[78.3764,27.06676],[78.38322,27.06176],[78.38893,27.05937],[78.40506,27.05773],[78.4128,27.05596],[78.41976,27.05245],[78.4246,27.04718],[78.42673,27.03128],[78.42999,27.0254],[78.4409,27.01323],[78.44307,27.00673],[78.44124,26.99404],[78.44315,26.98985],[78.44939,26.98944],[78.45492,26.99069],[78.46856,26.99807],[78.4739,26.9997],[78.47868,26.99139],[78.47919,26.98646],[78.47766,26.97672],[78.47844,26.97191],[78.48125,26.9692],[78.48698,26.96721],[78.49965,26.96707],[78.5042,26.96617],[78.50754,26.96312],[78.50957,26.95503],[78.50984,26.94323],[78.51196,26.93428],[78.51517,26.92695],[78.52087,26.92318],[78.52634,26.92299],[78.53191,26.92452],[78.53552,26.92866],[78.53625,26.93386],[78.53272,26.94066],[78.52796,26.94253],[78.52228,26.94291],[78.52007,26.94471],[78.5194,26.96066],[78.51726,26.96529],[78.50808,26.97199],[78.51093,26.98165],[78.51814,26.98154],[78.52489,26.9774],[78.53678,26.96768],[78.54166,26.96649],[78.56448,26.96905],[78.56732,26.96748],[78.56528,26.95552],[78.56744,26.94951],[78.58426,26.93082],[78.59238,26.92564],[78.59563,26.92488],[78.59866,26.92621],[78.60057,26.93049],[78.60009,26.93481],[78.59143,26.94775],[78.59058,26.95154],[78.593,26.95469],[78.60287,26.95473],[78.61082,26.95174],[78.61447,26.94788],[78.61553,26.94513],[78.61303,26.94026],[78.6102,26.92886],[78.61072,26.92489],[78.61285,26.92032],[78.62413,26.91312],[78.62526,26.91031],[78.62806,26.89082],[78.62991,26.88751],[78.63625,26.88508],[78.64178,26.88522],[78.64793,26.88687],[78.65392,26.88598],[78.6599,26.88314],[78.66477,26.88413],[78.66702,26.88952],[78.66729,26.89569],[78.66581,26.90396],[78.66453,26.91004],[78.66525,26.91887],[78.66759,26.9226],[78.67388,26.92355],[78.68616,26.91624],[78.69334,26.91969],[78.69863,26.92132],[78.70086,26.91731],[78.70315,26.91049],[78.7063,26.90586],[78.7102,26.90408],[78.71484,26.90437],[78.71835,26.90562],[78.72023,26.9083],[78.72607,26.92593],[78.72868,26.92591],[78.73301,26.92418],[78.73994,26.92014],[78.73838,26.91648],[78.73381,26.90492],[78.73341,26.89877],[78.7345,26.89562],[78.73891,26.89258],[78.74396,26.89346],[78.74546,26.89493],[78.74657,26.89856],[78.7477,26.90685],[78.7492,26.91119],[78.7547,26.91334],[78.75912,26.90997],[78.76679,26.89018],[78.77163,26.88732],[78.7775,26.88631],[78.77808,26.88258],[78.77352,26.87532],[78.77425,26.87071],[78.77731,26.86943],[78.78552,26.86945],[78.79944,26.87488],[78.8018,26.87434],[78.80489,26.86856],[78.80957,26.85544],[78.8131,26.85135],[78.82151,26.84541],[78.827,26.84042],[78.83546,26.82994],[78.83912,26.82402],[78.84276,26.81523],[78.8425,26.81208],[78.83827,26.80439],[78.83369,26.80024],[78.82851,26.79763],[78.82365,26.79659],[78.81913,26.79716],[78.81182,26.80079],[78.80814,26.80362],[78.80335,26.80506],[78.79338,26.80537],[78.78507,26.8033],[78.77961,26.79353],[78.77873,26.78833],[78.77071,26.76419],[78.76638,26.76454],[78.76215,26.76683],[78.75448,26.77571],[78.74905,26.7844],[78.7448,26.78941],[78.74108,26.79252],[78.73597,26.78898],[78.73145,26.78311],[78.72587,26.77962],[78.72294,26.77934],[78.71838,26.7817],[78.71784,26.78718],[78.72034,26.79274],[78.72143,26.79771],[78.71535,26.80021],[78.69007,26.79603],[78.68343,26.79461],[78.67736,26.79238],[78.67283,26.78775],[78.6675,26.77424],[78.65902,26.76923],[78.65037,26.76973],[78.62857,26.77539],[78.62044,26.7752],[78.61569,26.7719],[78.61179,26.76711],[78.60938,26.76102],[78.60646,26.75752],[78.60197,26.75606],[78.57521,26.75599],[78.56585,26.75769],[78.5601,26.76221],[78.5549,26.76483],[78.53505,26.77166],[78.53427,26.772],[78.52633,26.77854],[78.51557,26.78511],[78.492,26.78795],[78.47633,26.79225],[78.46632,26.79341],[78.45814,26.79523],[78.45078,26.79805],[78.44558,26.80343],[78.43427,26.82411],[78.43034,26.82887],[78.42587,26.83232],[78.41338,26.83043],[78.40032,26.82601],[78.38974,26.8249],[78.3856,26.82794],[78.38065,26.83609],[78.37481,26.84683],[78.37011,26.85759],[78.36688,26.86259],[78.36465,26.86884],[78.3625,26.87133],[78.35136,26.87437],[78.3412,26.87395],[78.32375,26.86864],[78.31598,26.86936],[78.30201,26.86912],[78.2947,26.86829],[78.28207,26.86409],[78.27624,26.86048],[78.27075,26.85559],[78.26779,26.84966],[78.26646,26.841],[78.26678,26.83282],[78.26531,26.82467],[78.26089,26.82095],[78.25561,26.82029],[78.24754,26.82388],[78.2368,26.8317],[78.22299,26.83721],[78.217,26.83767],[78.20979,26.83609],[78.21165,26.83846],[78.21395,26.84852],[78.20756,26.85233],[78.20448,26.85555],[78.20075,26.8624],[78.19689,26.87212],[78.19018,26.88346],[78.19114,26.88861],[78.19353,26.88952],[78.20054,26.87858],[78.20486,26.87739],[78.22657,26.88263],[78.22979,26.8939],[78.2325,26.89546],[78.24818,26.90063],[78.25267,26.90461],[78.25433,26.90975],[78.25954,26.91622],[78.26224,26.92351],[78.26176,26.93017],[78.26122,26.93178],[78.25832,26.93402],[78.2522,26.93498],[78.24734,26.93075],[78.24025,26.93364],[78.23274,26.93369],[78.23061,26.93678],[78.2294,26.94131],[78.22732,26.94358],[78.2234,26.94508],[78.22053,26.94768],[78.2159,26.95395],[78.2122,26.94962],[78.20827,26.93975],[78.20525,26.93889],[78.20126,26.94032],[78.1905,26.94677],[78.17374,26.94869],[78.16315,26.95269],[78.15266,26.95214],[78.14608,26.95305],[78.13947,26.95713],[78.13407,26.95701],[78.12707,26.95549],[78.1149,26.95486],[78.11134,26.95323],[78.10805,26.95001],[78.10795,26.94831],[78.10944,26.94488],[78.11305,26.94195],[78.11523,26.93819],[78.11431,26.93058],[78.11271,26.92749],[78.10631,26.93001],[78.10214,26.93085],[78.09866,26.93061],[78.09535,26.92905],[78.09663,26.92304],[78.09908,26.92061],[78.10276,26.90993],[78.10147,26.90499],[78.09862,26.90397],[78.09346,26.91009],[78.09105,26.91165],[78.0883,26.90993],[78.08992,26.90575],[78.08942,26.90286],[78.08682,26.90201],[78.07281,26.90755],[78.06789,26.91028],[78.06292,26.91485],[78.06054,26.9159],[78.05712,26.9133],[78.05248,26.91488],[78.04863,26.91377],[78.04224,26.91542],[78.04523,26.90286],[78.0443,26.88453],[78.04482,26.88212],[78.04773,26.87775],[78.04781,26.87481],[78.04589,26.87488],[78.03966,26.87735],[78.03756,26.87696],[78.0354,26.87456],[78.03114,26.86548],[78.02722,26.86218],[78.02203,26.86087],[78.01762,26.86164],[78.01636,26.86382],[78.02731,26.87348],[78.02793,26.87615],[78.0201,26.87961],[78.01756,26.88203],[78.02207,26.89019],[78.02171,26.89479],[78.01912,26.89744],[78.0163,26.90498],[78.01406,26.90839],[78.00666,26.91066],[77.99838,26.90985],[77.99189,26.9109],[77.98502,26.90138],[77.98028,26.8977],[77.97514,26.89753],[77.97063,26.8997],[77.96676,26.90302],[77.96481,26.90725],[77.9658,26.91098],[77.96296,26.91257],[77.94197,26.89979],[77.9377,26.90205],[77.93475,26.90516],[77.93213,26.91],[77.92884,26.91284],[77.92189,26.91455],[77.90957,26.91427],[77.90825,26.91683],[77.90926,26.92083],[77.90662,26.92396],[77.89994,26.92455],[77.89693,26.92],[77.89858,26.91542],[77.9009,26.91171],[77.90285,26.90114],[77.90083,26.89514],[77.89613,26.88972],[77.89011,26.88946],[77.8848,26.89232],[77.88214,26.89604],[77.87678,26.89921],[77.87147,26.9055],[77.8494,26.91242],[77.84104,26.91644],[77.83637,26.91959],[77.82633,26.92104],[77.82133,26.9262],[77.81463,26.92279],[77.80861,26.92566],[77.80526,26.92852],[77.79923,26.92825],[77.79588,26.9234],[77.78886,26.92228],[77.78149,26.92771],[77.77314,26.93257],[77.77348,26.93627],[77.7651,26.93799],[77.75338,26.93774],[77.7487,26.92691],[77.74433,26.92321],[77.74065,26.92692],[77.72896,26.9258],[77.72392,26.92295],[77.71891,26.91641],[77.71084,26.90302],[77.71788,26.89959],[77.71988,26.89673],[77.72054,26.89301],[77.71984,26.88674],[77.71584,26.88133],[77.70541,26.88028],[77.69773,26.88001],[77.69637,26.87659],[77.69372,26.87289],[77.68938,26.87347],[77.68636,26.87832],[77.68235,26.87917],[77.67835,26.87832],[77.67468,26.87463],[77.67167,26.87407],[77.66698,26.86238],[77.66463,26.85984],[77.6573,26.85641],[77.62488,26.84675],[77.6162,26.84847],[77.6132,26.84447],[77.61186,26.83964],[77.60854,26.83451],[77.60451,26.8328],[77.60084,26.83423],[77.60017,26.8425],[77.59615,26.84165],[77.58814,26.83338],[77.57747,26.8331],[77.57211,26.83196],[77.56876,26.82741],[77.56477,26.82456],[77.55642,26.82199],[77.54741,26.82172],[77.53571,26.82543],[77.52838,26.82457],[77.52069,26.82201],[77.51436,26.82457],[77.51202,26.82799],[77.51234,26.83826],[77.51535,26.8414],[77.51367,26.8451],[77.50667,26.84738],[77.50198,26.84653],[77.49798,26.84795],[77.49699,26.83797],[77.48933,26.80861],[77.48665,26.8012],[77.48232,26.79407],[77.48099,26.7878],[77.48432,26.78239],[77.48933,26.77725],[77.49669,26.77411],[77.49335,26.76699],[77.48636,26.76101],[77.48036,26.75388],[77.44831,26.74675],[77.45731,26.76214],[77.46167,26.76585],[77.46432,26.76955],[77.45597,26.78038],[77.45095,26.78067],[77.44528,26.77753],[77.43894,26.77581],[77.43429,26.77239],[77.4286,26.77011],[77.42727,26.77609],[77.42859,26.78579],[77.43192,26.79235],[77.43824,26.80888],[77.43922,26.81915],[77.43421,26.82541],[77.42719,26.83168],[77.42585,26.83567],[77.42284,26.83681],[77.41749,26.84279],[77.42149,26.84878],[77.42616,26.85306],[77.42348,26.85762],[77.42247,26.86702],[77.42648,26.86703],[77.43182,26.86589],[77.43651,26.86789],[77.44183,26.87759],[77.45052,26.87501],[77.45418,26.87674],[77.45551,26.88044],[77.45518,26.88956],[77.46478,26.89266],[77.47378,26.89979],[77.48247,26.90378],[77.49584,26.90578],[77.51857,26.91548],[77.54532,26.92204],[77.55736,26.92603],[77.57975,26.93087],[77.58477,26.94227],[77.58745,26.94455],[77.59177,26.94398],[77.5938,26.93771],[77.59813,26.94027],[77.60483,26.94596],[77.64227,26.9673],[77.64894,26.97381],[77.6526,26.97494],[77.65661,26.97406],[77.65961,26.96808],[77.6653,26.96692],[77.66862,26.96918],[77.67028,26.97711],[77.69192,26.97899],[77.70123,26.98432],[77.70992,26.9877],[77.71459,26.99166],[77.72328,26.98824],[77.73634,26.98822],[77.73901,26.99106],[77.73969,26.99795],[77.74336,26.99766],[77.74771,26.9985],[77.74608,27.00294],[77.74246,27.0057],[77.74255,27.00635],[77.74546,27.00869],[77.74616,27.01086],[77.74529,27.01336],[77.74768,27.01763],[77.75501,27.02276],[77.75311,27.02363],[77.7439,27.02374],[77.74085,27.02552],[77.73936,27.02759],[77.7384,27.03268],[77.73554,27.03374],[77.72649,27.03154],[77.72216,27.02614],[77.72018,27.01405],[77.72105,27.0057],[77.72337,27.00391],[77.72231,27.00034],[77.71761,27.00002],[77.71392,26.99796],[77.70858,27.0011],[77.70358,27.00031],[77.69897,27.00571],[77.69662,27.00695],[77.69567,27.01605],[77.69374,27.01952],[77.68202,27.03294],[77.68486,27.03984],[77.6843,27.04492],[77.67817,27.05053],[77.67332,27.05156],[77.67077,27.0489],[77.6633,27.03031],[77.65986,27.02504],[77.65703,27.02273],[77.65197,27.02258],[77.64334,27.02719],[77.63426,27.02701],[77.63092,27.02341],[77.6274,27.0155],[77.62425,27.0169],[77.62202,27.02187],[77.6195,27.02491],[77.61559,27.0274],[77.60343,27.02909],[77.59882,27.02883],[77.59432,27.03119],[77.59059,27.03166],[77.58875,27.03706],[77.58392,27.03932],[77.5751,27.04157],[77.56821,27.03933],[77.56068,27.03565],[77.5574,27.0369],[77.55894,27.04879],[77.56113,27.05157],[77.56524,27.05398],[77.5668,27.06026],[77.56694,27.06632],[77.56573,27.06903],[77.56844,27.07248],[77.56568,27.07801],[77.56324,27.07862],[77.55423,27.07722],[77.54632,27.08073],[77.5414,27.07739],[77.53366,27.06981],[77.52916,27.06711],[77.52654,27.06651],[77.52137,27.06722],[77.5143,27.07042],[77.51469,27.07406],[77.51774,27.07976],[77.51823,27.08809],[77.51739,27.08949],[77.51378,27.09138],[77.51475,27.0919],[77.511,27.09392],[77.49939,27.09398],[77.49841,27.09519],[77.49903,27.09584],[77.50232,27.09922],[77.50822,27.10286],[77.51384,27.10809],[77.52082,27.10582],[77.52937,27.10414],[77.5321,27.10969],[77.53948,27.11126],[77.54445,27.1156],[77.54577,27.11513],[77.55612,27.11582],[77.57467,27.12212],[77.58343,27.12068],[77.58588,27.12424],[77.59078,27.12308],[77.59567,27.12616],[77.59727,27.12905],[77.59455,27.13368],[77.59592,27.13721],[77.59239,27.14012],[77.59211,27.14477],[77.59366,27.14795],[77.59808,27.148],[77.60654,27.15414],[77.60595,27.1589],[77.60407,27.16432],[77.60512,27.16848],[77.61481,27.17479],[77.62252,27.17499],[77.62544,27.17436],[77.6283,27.17312],[77.6308,27.17021],[77.63592,27.17013],[77.64334,27.1744],[77.65462,27.17558],[77.66125,27.18278],[77.66541,27.18615],[77.672,27.19506],[77.673,27.20036],[77.66719,27.2071],[77.65665,27.21302],[77.65501,27.21178],[77.64778,27.21455],[77.64203,27.21477],[77.63952,27.21727],[77.63946,27.22323],[77.64318,27.23181],[77.6442,27.23888],[77.6384,27.24065],[77.63801,27.24254],[77.63914,27.24713],[77.64664,27.24659],[77.65379,27.24456],[77.66727,27.24458],[77.67319,27.24365],[77.67854,27.24643],[77.68442,27.25245],[77.69306,27.25755],[77.69391,27.25593],[77.69763,27.25374],[77.70307,27.25185],[77.70621,27.25184],[77.70837,27.25375],[77.7121,27.25415],[77.72948,27.24754],[77.73586,27.24724],[77.7542,27.24894],[77.75911,27.24688],[77.76417,27.24255],[77.77213,27.23923],[77.77508,27.23957],[77.77986,27.24136],[77.78427,27.24821],[77.78217,27.25565],[77.78458,27.26145],[77.79397,27.26303],[77.79542,27.26484],[77.79704,27.26549],[77.80187,27.26507],[77.80619,27.26691],[77.81104,27.27765],[77.81408,27.28033],[77.8297,27.28769],[77.83875,27.29388],[77.83975,27.29517],[77.83923,27.29604],[77.84382,27.2943],[77.84712,27.29199],[77.84517,27.26947],[77.84822,27.26233],[77.85146,27.25748],[77.85596,27.25412],[77.86376,27.2543],[77.8716,27.25804],[77.87528,27.26318],[77.87711,27.26843],[77.87663,27.2732],[77.86581,27.27567],[77.86052,27.27827],[77.85827,27.284],[77.85912,27.29144],[77.86101,27.29646],[77.86464,27.29993],[77.87421,27.30128],[77.88505,27.2999],[77.89373,27.29746],[77.90176,27.29292],[77.90415,27.28729],[77.9004,27.26083]]]}},{"type":"Feature","properties":{"ID_0":105,"ISO":"IND","NAME_0":"India","ID_1":33,"NAME_1":"Uttar Pradesh","ID_2":494,"NAME_2":"Aligarh","NL_NAME_2":null,"VARNAME_2":null,"TYPE_2":"District","ENGTYPE_2":"District","STATE":"Uttar Pradesh","DISTRICT":"Aligarh"},"geometry":{"type":"Polygon","coordinates":[[[77.83832,28.14633],[77.83477,28.13895],[77.84109,28.13305],[77.85102,28.13709],[77.85672,28.13779],[77.8603,28.13606],[77.86535,28.1294],[77.88691,28.11467],[77.89665,28.1129],[77.90458,28.10665],[77.90974,28.09942],[77.91837,28.10211],[77.92972,28.0941],[77.92754,28.08565],[77.92947,28.08253],[77.93543,28.08352],[77.94107,28.08627],[77.94885,28.08499],[77.95409,28.08861],[77.95796,28.08726],[77.961,28.08438],[77.96381,28.08333],[77.96669,28.08468],[77.97217,28.08584],[77.97737,28.08609],[77.98452,28.08085],[77.99029,28.0792],[77.995,28.08355],[77.99468,28.0952],[78.0137,28.10839],[78.02376,28.11609],[78.02604,28.12687],[78.04011,28.13544],[78.05716,28.13153],[78.06425,28.13232],[78.07003,28.12832],[78.07243,28.12401],[78.07807,28.12485],[78.08447,28.12303],[78.09318,28.12896],[78.09473,28.12668],[78.08994,28.11673],[78.09202,28.11343],[78.09798,28.11377],[78.10821,28.11979],[78.11392,28.12027],[78.11913,28.11302],[78.12762,28.10982],[78.13342,28.10019],[78.1345,28.09411],[78.12823,28.08368],[78.12971,28.08039],[78.13388,28.07705],[78.1416,28.07477],[78.15002,28.07505],[78.15915,28.08206],[78.16702,28.09131],[78.17033,28.09196],[78.17481,28.08998],[78.18149,28.08983],[78.18844,28.09198],[78.19678,28.09916],[78.21083,28.11447],[78.21373,28.11456],[78.22178,28.10554],[78.22406,28.10444],[78.22836,28.10572],[78.22992,28.10807],[78.23901,28.11203],[78.24158,28.11431],[78.24306,28.12005],[78.25027,28.12166],[78.26366,28.12004],[78.26979,28.12322],[78.2723,28.12556],[78.28011,28.12785],[78.28597,28.12757],[78.28955,28.12308],[78.29667,28.12412],[78.31179,28.13015],[78.31792,28.13433],[78.32176,28.13313],[78.32601,28.13552],[78.32971,28.14192],[78.33462,28.14214],[78.33703,28.14508],[78.34197,28.15459],[78.34915,28.1578],[78.35385,28.15552],[78.35875,28.15782],[78.36152,28.15418],[78.36501,28.15124],[78.37071,28.14899],[78.37584,28.14572],[78.37779,28.14083],[78.37637,28.1339],[78.38253,28.12977],[78.38236,28.12676],[78.37602,28.11247],[78.37923,28.10935],[78.38471,28.11184],[78.39286,28.1205],[78.40382,28.11338],[78.40394,28.10914],[78.40819,28.10443],[78.41376,28.10497],[78.41867,28.09985],[78.42502,28.10381],[78.43018,28.10824],[78.44151,28.10357],[78.45156,28.10354],[78.46367,28.11652],[78.47582,28.13006],[78.48297,28.12798],[78.4901,28.12243],[78.49367,28.1163],[78.49404,28.0993],[78.49792,28.09748],[78.49964,28.09375],[78.51691,28.08705],[78.52556,28.08117],[78.5399,28.06917],[78.54854,28.07232],[78.55502,28.07746],[78.5593,28.07771],[78.56191,28.08082],[78.56677,28.0841],[78.57306,28.08656],[78.57904,28.08794],[78.58348,28.08597],[78.5795,28.07412],[78.5916,28.07041],[78.59641,28.06685],[78.60621,28.06188],[78.59573,28.05823],[78.60128,28.0549],[78.60442,28.05122],[78.60518,28.04823],[78.6104,28.0449],[78.60423,28.04148],[78.59864,28.03581],[78.58977,28.00702],[78.58434,28.00042],[78.59024,27.98628],[78.58901,27.98213],[78.58553,27.97884],[78.57997,27.97595],[78.57519,27.96803],[78.57703,27.96251],[78.5705,27.9571],[78.56004,27.94654],[78.56577,27.94293],[78.55862,27.93239],[78.54583,27.92017],[78.54227,27.91517],[78.53674,27.91432],[78.5304,27.91209],[78.52293,27.91508],[78.52069,27.91007],[78.52477,27.9058],[78.52477,27.90285],[78.5122,27.89942],[78.50741,27.89277],[78.50447,27.88692],[78.5042,27.88333],[78.50189,27.88213],[78.50078,27.87984],[78.49789,27.87692],[78.49947,27.87296],[78.49014,27.86383],[78.48778,27.86414],[78.48496,27.86349],[78.48399,27.86067],[78.49583,27.85335],[78.50444,27.84641],[78.50058,27.83904],[78.50085,27.83592],[78.5056,27.83442],[78.5061,27.83059],[78.50476,27.8255],[78.50804,27.82345],[78.50846,27.82061],[78.50745,27.81749],[78.49953,27.80626],[78.49409,27.80448],[78.48614,27.80689],[78.48369,27.80906],[78.47961,27.80882],[78.47712,27.81174],[78.46577,27.81437],[78.46254,27.81476],[78.45619,27.81513],[78.45354,27.81713],[78.45187,27.82004],[78.44947,27.82112],[78.44804,27.82785],[78.44362,27.82993],[78.44114,27.832],[78.42828,27.79665],[78.39902,27.75942],[78.38573,27.72485],[78.3618,27.69028],[78.32191,27.66901],[78.26606,27.66635],[78.22351,27.69826],[78.20983,27.69204],[78.20903,27.69304],[78.20708,27.70035],[78.19995,27.69864],[78.19295,27.70259],[78.18815,27.70941],[78.18058,27.71395],[78.16504,27.72139],[78.16438,27.72424],[78.1737,27.72959],[78.16496,27.74205],[78.16692,27.74521],[78.17257,27.75111],[78.17279,27.7544],[78.16946,27.76232],[78.16058,27.76906],[78.15636,27.76778],[78.15218,27.76818],[78.14458,27.7658],[78.14225,27.7664],[78.13784,27.77109],[78.12965,27.77635],[78.12575,27.77442],[78.11836,27.77678],[78.11497,27.77566],[78.111,27.77154],[78.09358,27.77189],[78.0891,27.77042],[78.07751,27.77712],[78.07343,27.77696],[78.06178,27.77443],[78.05921,27.77782],[78.06247,27.78409],[78.06159,27.78686],[78.05472,27.79774],[78.04746,27.79633],[78.03856,27.78991],[78.03374,27.78847],[78.03361,27.77832],[78.02922,27.77695],[78.02602,27.77453],[78.0183,27.77203],[78.01096,27.76727],[78.00996,27.76331],[78.01118,27.75929],[78.01504,27.75706],[78.02486,27.75432],[78.03355,27.75366],[78.02821,27.74676],[78.02109,27.7393],[78.01394,27.74282],[78.01095,27.74191],[78.00484,27.7472],[77.99675,27.73414],[77.99806,27.7304],[78.00327,27.73036],[78.00599,27.72783],[78.00586,27.72241],[78.00199,27.71731],[77.99422,27.7134],[77.99227,27.7093],[77.99077,27.70359],[77.99645,27.68921],[78.01337,27.67363],[78.01135,27.66823],[78.00622,27.66088],[78.01317,27.65389],[78.0141,27.65068],[78.01111,27.64857],[77.99769,27.65041],[77.99086,27.64692],[77.98806,27.64448],[77.98392,27.64293],[77.97974,27.63793],[77.97684,27.62861],[77.98125,27.61973],[77.99091,27.60767],[77.99037,27.60656],[77.97433,27.60641],[77.96671,27.60446],[77.96526,27.60077],[77.96078,27.60264],[77.9579,27.61222],[77.95022,27.61812],[77.94103,27.60915],[77.93153,27.61003],[77.92723,27.60973],[77.92033,27.60798],[77.91557,27.60308],[77.90553,27.59481],[77.90044,27.59164],[77.89034,27.58754],[77.88811,27.59027],[77.88243,27.59281],[77.87952,27.59213],[77.87521,27.58884],[77.87122,27.58366],[77.86777,27.58183],[77.86308,27.58119],[77.86081,27.58227],[77.85914,27.5846],[77.85641,27.59222],[77.84834,27.6033],[77.84586,27.60799],[77.84606,27.61303],[77.85344,27.62262],[77.85389,27.6284],[77.85258,27.63251],[77.8465,27.64387],[77.84179,27.65911],[77.83621,27.66266],[77.8329,27.66594],[77.8309,27.66288],[77.82425,27.66778],[77.82224,27.67533],[77.81944,27.67698],[77.81385,27.6778],[77.81149,27.67429],[77.80903,27.67337],[77.80492,27.67557],[77.78503,27.68996],[77.78394,27.69434],[77.78761,27.69719],[77.79099,27.70331],[77.79139,27.70842],[77.78873,27.71225],[77.78931,27.71917],[77.79076,27.72315],[77.79067,27.72837],[77.78751,27.73263],[77.78738,27.73487],[77.7877,27.73915],[77.79259,27.74897],[77.79652,27.75359],[77.80087,27.75608],[77.80647,27.7574],[77.81271,27.75801],[77.81944,27.75759],[77.82497,27.75862],[77.82556,27.76095],[77.82213,27.76688],[77.81778,27.77116],[77.8129,27.78053],[77.8084,27.78447],[77.80645,27.79036],[77.80463,27.79647],[77.80466,27.80226],[77.80512,27.8073],[77.80698,27.81316],[77.80675,27.81896],[77.79766,27.82917],[77.79425,27.82866],[77.78812,27.82983],[77.77447,27.84552],[77.77505,27.8509],[77.79624,27.8625],[77.7997,27.86648],[77.79562,27.8676],[77.78822,27.86729],[77.76864,27.87107],[77.76514,27.87223],[77.76225,27.87493],[77.75971,27.87784],[77.75546,27.88824],[77.75442,27.8928],[77.75667,27.90233],[77.75588,27.90652],[77.75214,27.90986],[77.74483,27.91242],[77.73925,27.91729],[77.73476,27.92941],[77.73191,27.93279],[77.72787,27.93574],[77.7228,27.93808],[77.70519,27.9487],[77.6978,27.95072],[77.69292,27.9511],[77.67816,27.94675],[77.66931,27.94737],[77.664,27.95041],[77.65895,27.95582],[77.65407,27.96481],[77.65155,27.96721],[77.64655,27.96971],[77.63493,27.97051],[77.63168,27.96617],[77.62917,27.96093],[77.62056,27.94923],[77.61688,27.94155],[77.61323,27.93872],[77.60736,27.93854],[77.59927,27.94288],[77.5953,27.94089],[77.58547,27.94108],[77.58044,27.94014],[77.57874,27.93891],[77.5764,27.93535],[77.57339,27.9338],[77.56557,27.934],[77.562,27.93229],[77.56035,27.93038],[77.56081,27.92343],[77.559,27.92054],[77.55508,27.91827],[77.5507,27.91766],[77.54753,27.91806],[77.54114,27.92007],[77.53647,27.92267],[77.52625,27.92505],[77.52365,27.92647],[77.51921,27.93188],[77.53137,27.94182],[77.53613,27.9493],[77.53734,27.95777],[77.53592,27.96555],[77.52901,27.96625],[77.51503,27.96548],[77.5106,27.96821],[77.50958,27.97333],[77.51344,27.97744],[77.52668,27.98402],[77.53215,27.98885],[77.53522,27.99333],[77.52011,28.00655],[77.51189,28.01025],[77.50938,28.01772],[77.50652,28.02234],[77.50177,28.02738],[77.49744,28.03064],[77.49517,28.0343],[77.48971,28.03932],[77.47911,28.04416],[77.47764,28.0491],[77.48285,28.05765],[77.4829,28.06071],[77.47684,28.07331],[77.47173,28.07875],[77.47002,28.08373],[77.4817,28.08401],[77.48719,28.08334],[77.49153,28.08141],[77.49795,28.0818],[77.50883,28.08557],[77.51643,28.08238],[77.52943,28.08646],[77.53976,28.08445],[77.54507,28.08517],[77.56307,28.08508],[77.56687,28.08691],[77.57426,28.09672],[77.58253,28.10178],[77.58624,28.10233],[77.58813,28.10423],[77.59293,28.10694],[77.59911,28.11411],[77.60509,28.10706],[77.60571,28.10778],[77.60976,28.10022],[77.61386,28.10298],[77.62278,28.10382],[77.62531,28.1033],[77.63209,28.09946],[77.63464,28.09952],[77.63732,28.10272],[77.63894,28.1075],[77.6439,28.10958],[77.6487,28.1177],[77.65264,28.11669],[77.65572,28.11502],[77.66426,28.11423],[77.66602,28.10911],[77.67453,28.10057],[77.6806,28.09188],[77.68759,28.08468],[77.69102,28.08378],[77.69635,28.08696],[77.70297,28.08642],[77.70464,28.08477],[77.70789,28.0853],[77.71227,28.08784],[77.71714,28.08819],[77.72726,28.09427],[77.72161,28.10909],[77.72307,28.11214],[77.72784,28.11636],[77.72965,28.1215],[77.72663,28.12908],[77.73318,28.13195],[77.73757,28.13605],[77.74001,28.1408],[77.73746,28.14828],[77.75176,28.15723],[77.75311,28.1571],[77.7562,28.1568],[77.75562,28.15006],[77.7606,28.14275],[77.76196,28.13803],[77.76437,28.13444],[77.7672,28.13276],[77.77576,28.14291],[77.78056,28.14458],[77.78533,28.14364],[77.7905,28.1434],[77.7977,28.14565],[77.80425,28.14566],[77.80311,28.15353],[77.8,28.15881],[77.80776,28.15983],[77.81088,28.16169],[77.8158,28.16295],[77.81929,28.16737],[77.82352,28.1677],[77.82681,28.16998],[77.82785,28.17202],[77.83265,28.17618],[77.83562,28.17746],[77.84116,28.17004],[77.84225,28.16495],[77.8381,28.16382],[77.84404,28.15474],[77.84266,28.1507],[77.83832,28.14633]]]}},{"type":"Feature","properties":{"ID_0":105,"ISO":"IND","NAME_0":"India","ID_1":33,"NAME_1":"Uttar Pradesh","ID_2":495,"NAME_2":"Allahabad","NL_NAME_2":null,"VARNAME_2":null,"TYPE_2":"District","ENGTYPE_2":"District","STATE":"Uttar Pradesh","DISTRICT":"Allahabad"},"geometry":{"type":"Polygon","coordinates":[[[81.9371,25.74369],[81.94847,25.74222],[81.9575,25.74366],[81.96142,25.74203],[81.96386,25.73983],[81.96873,25.73873],[81.97294,25.73922],[81.97666,25.74217],[81.97651,25.74456],[81.98005,25.7512],[81.98869,25.74832],[81.99111,25.74885],[81.99596,25.74955],[81.99846,25.74945],[82.00157,25.74943],[82.00352,25.7493],[82.00454,25.74917],[82.00579,25.7483],[82.00899,25.74778],[82.01064,25.7472],[82.01228,25.7467],[82.01396,25.74557],[82.01505,25.74427],[82.01691,25.7429],[82.01744,25.74263],[82.01904,25.74117],[82.02076,25.74004],[82.02344,25.73735],[82.02508,25.7358],[82.02704,25.73344],[82.02869,25.73178],[82.03099,25.72873],[82.03112,25.72689],[82.03031,25.72609],[82.02647,25.72188],[82.02349,25.71957],[82.01958,25.71513],[82.01789,25.71271],[82.01764,25.71219],[82.01632,25.71179],[82.01492,25.71166],[82.01385,25.71143],[82.01252,25.71099],[82.00797,25.70918],[82.00626,25.7082],[82.0048,25.70716],[82.00406,25.70623],[82.00323,25.70503],[82.00231,25.70168],[82.00352,25.70037],[82.0044,25.70008],[82.00668,25.70008],[82.01009,25.70032],[82.01199,25.70015],[82.01408,25.7008],[82.01598,25.70057],[82.01833,25.69982],[82.01922,25.69965],[82.021,25.69885],[82.02227,25.69805],[82.02548,25.69626],[82.02725,25.69512],[82.02848,25.6946],[82.03031,25.69427],[82.0331,25.6934],[82.03436,25.69318],[82.03822,25.6918],[82.03994,25.6913],[82.04279,25.68951],[82.04494,25.68883],[82.04864,25.68739],[82.05045,25.68706],[82.05211,25.68695],[82.05567,25.68441],[82.0565,25.68373],[82.05853,25.68252],[82.05871,25.68195],[82.05841,25.67942],[82.05766,25.67746],[82.05533,25.67239],[82.0549,25.67142],[82.05219,25.66641],[82.05176,25.66387],[82.05271,25.66273],[82.05422,25.66238],[82.05695,25.66227],[82.05923,25.66205],[82.06152,25.66193],[82.06316,25.66147],[82.06561,25.6612],[82.06904,25.6604],[82.07102,25.66016],[82.07272,25.66006],[82.07455,25.65961],[82.07658,25.65943],[82.07709,25.66003],[82.07809,25.66157],[82.07841,25.6629],[82.07947,25.66342],[82.08055,25.66353],[82.08131,25.66388],[82.08207,25.66399],[82.08339,25.66434],[82.08537,25.66401],[82.08592,25.66354],[82.08778,25.66367],[82.08916,25.66355],[82.09188,25.66298],[82.09505,25.66143],[82.09638,25.66063],[82.09715,25.65994],[82.09835,25.65925],[82.09968,25.65804],[82.10184,25.65753],[82.10354,25.65856],[82.10474,25.65914],[82.10897,25.66197],[82.11005,25.6626],[82.11157,25.66307],[82.11432,25.66561],[82.1151,25.66618],[82.11574,25.66681],[82.11599,25.66744],[82.11559,25.66825],[82.11546,25.6694],[82.11516,25.67044],[82.11477,25.67119],[82.11437,25.67343],[82.11425,25.67544],[82.11411,25.67596],[82.11309,25.67809],[82.11327,25.68074],[82.1132,25.68119],[82.11416,25.68321],[82.11541,25.68454],[82.11731,25.68523],[82.11927,25.68552],[82.12274,25.68541],[82.12466,25.68558],[82.12706,25.68541],[82.12882,25.68559],[82.13211,25.68669],[82.13344,25.68733],[82.13522,25.68785],[82.13629,25.68756],[82.13814,25.68733],[82.13927,25.68693],[82.14065,25.68658],[82.14179,25.68613],[82.14306,25.6858],[82.1473,25.68585],[82.14706,25.68435],[82.14724,25.68258],[82.14681,25.68034],[82.14637,25.67902],[82.14561,25.67752],[82.14359,25.67441],[82.14322,25.67395],[82.14191,25.67338],[82.14081,25.6732],[82.1374,25.6721],[82.13632,25.67193],[82.13488,25.67159],[82.13425,25.67134],[82.1338,25.67083],[82.13285,25.66904],[82.13122,25.66519],[82.13047,25.66288],[82.12984,25.66099],[82.13036,25.66041],[82.13199,25.65938],[82.13245,25.65897],[82.13378,25.65817],[82.13459,25.65737],[82.13524,25.65651],[82.13606,25.65571],[82.13538,25.65495],[82.13403,25.65489],[82.13322,25.65502],[82.13227,25.65524],[82.13169,25.65547],[82.13062,25.65508],[82.1286,25.6546],[82.12702,25.65362],[82.12512,25.65287],[82.124,25.65155],[82.12273,25.65062],[82.12179,25.65044],[82.12014,25.65073],[82.11753,25.65078],[82.11652,25.65072],[82.11526,25.65038],[82.11401,25.64992],[82.11337,25.64928],[82.11285,25.64842],[82.11218,25.64687],[82.11459,25.64325],[82.11783,25.63991],[82.11947,25.63836],[82.12201,25.63642],[82.12373,25.63555],[82.12469,25.63497],[82.12627,25.63309],[82.12806,25.63033],[82.12855,25.62849],[82.12945,25.62635],[82.13079,25.62405],[82.13206,25.62251],[82.13307,25.62165],[82.13403,25.62062],[82.13613,25.61763],[82.13754,25.61625],[82.13931,25.61424],[82.13995,25.61333],[82.14128,25.61188],[82.14247,25.61016],[82.14483,25.6051],[82.14559,25.60424],[82.14662,25.60361],[82.14857,25.60355],[82.15041,25.60327],[82.15301,25.6031],[82.15421,25.60322],[82.15762,25.60322],[82.15919,25.60295],[82.1599,25.603],[82.16142,25.60254],[82.16275,25.60139],[82.16319,25.60007],[82.16377,25.59783],[82.16428,25.59512],[82.16486,25.59283],[82.16531,25.59167],[82.16659,25.58966],[82.1681,25.58834],[82.17095,25.58633],[82.17387,25.58467],[82.17524,25.58432],[82.1769,25.58456],[82.17754,25.58479],[82.17861,25.58548],[82.18157,25.58652],[82.18321,25.58692],[82.18506,25.58704],[82.1877,25.58779],[82.18954,25.58802],[82.19156,25.58814],[82.1922,25.58803],[82.19302,25.58515],[82.19308,25.58382],[82.19335,25.58216],[82.19331,25.57923],[82.19406,25.57785],[82.19576,25.57773],[82.19697,25.57831],[82.19874,25.57975],[82.19937,25.58044],[82.20007,25.58166],[82.20139,25.58344],[82.20329,25.58661],[82.20352,25.58735],[82.20435,25.58902],[82.20523,25.59029],[82.20609,25.59138],[82.20761,25.59201],[82.20824,25.59213],[82.21071,25.59247],[82.21191,25.59232],[82.21318,25.59207],[82.21496,25.59197],[82.21994,25.59117],[82.22437,25.58962],[82.22659,25.58899],[82.22836,25.58823],[82.23045,25.58749],[82.23242,25.58664],[82.23408,25.58641],[82.23565,25.58543],[82.2371,25.58469],[82.23976,25.58415],[82.24211,25.58268],[82.24357,25.5828],[82.24212,25.57928],[82.24117,25.57802],[82.24047,25.57687],[82.23827,25.57359],[82.23776,25.57265],[82.23732,25.57145],[82.23676,25.57048],[82.23828,25.56926],[82.24052,25.56812],[82.24227,25.56761],[82.24409,25.56732],[82.24576,25.56726],[82.24702,25.56703],[82.25011,25.56709],[82.25417,25.56808],[82.25593,25.56762],[82.25734,25.56692],[82.25949,25.56497],[82.2617,25.56256],[82.26284,25.56141],[82.26327,25.56107],[82.2648,25.56049],[82.26657,25.55969],[82.26898,25.55883],[82.27239,25.55785],[82.27373,25.55739],[82.27498,25.55676],[82.276,25.55647],[82.27725,25.55555],[82.27809,25.55423],[82.27855,25.55308],[82.27937,25.55158],[82.27962,25.55015],[82.28024,25.54888],[82.28089,25.54716],[82.28323,25.5471],[82.2847,25.54733],[82.28696,25.54871],[82.28816,25.54911],[82.29149,25.55079],[82.29282,25.55155],[82.29485,25.55234],[82.29618,25.55263],[82.29738,25.55286],[82.29821,25.55286],[82.30035,25.55258],[82.30157,25.55252],[82.30408,25.55212],[82.30952,25.5501],[82.31288,25.54838],[82.3161,25.54706],[82.31729,25.54648],[82.31819,25.54556],[82.32156,25.54119],[82.32256,25.54005],[82.32168,25.53923],[82.31985,25.53705],[82.31864,25.53579],[82.31847,25.5351],[82.31858,25.53343],[82.31979,25.52917],[82.32043,25.52785],[82.32107,25.52721],[82.32272,25.52502],[82.32359,25.52428],[82.32583,25.521],[82.32728,25.51962],[82.32798,25.51853],[82.32892,25.51738],[82.33018,25.51634],[82.33076,25.51554],[82.33002,25.51336],[82.32749,25.50777],[82.32554,25.50559],[82.32376,25.50381],[82.32277,25.50144],[82.32049,25.5015],[82.31928,25.50282],[82.31871,25.50386],[82.3172,25.50593],[82.31606,25.50829],[82.3153,25.50967],[82.31458,25.51174],[82.31352,25.51428],[82.31217,25.51772],[82.31065,25.52077],[82.30894,25.52457],[82.30766,25.52561],[82.30666,25.52595],[82.30451,25.52566],[82.30267,25.5256],[82.3004,25.52531],[82.29895,25.52502],[82.29705,25.52489],[82.29554,25.5246],[82.29389,25.52444],[82.29061,25.52317],[82.28954,25.52243],[82.2889,25.52174],[82.28796,25.52023],[82.28728,25.51892],[82.28726,25.51748],[82.2879,25.51673],[82.2893,25.51575],[82.29132,25.51483],[82.29398,25.51426],[82.29525,25.51392],[82.2972,25.51363],[82.2994,25.51306],[82.30017,25.51277],[82.30194,25.51184],[82.30289,25.51151],[82.30383,25.51087],[82.30454,25.51064],[82.30543,25.50989],[82.30663,25.50858],[82.30765,25.50731],[82.30846,25.50592],[82.30859,25.50461],[82.30828,25.50409],[82.30671,25.50236],[82.30373,25.50052],[82.30235,25.49954],[82.30084,25.49902],[82.29881,25.49867],[82.29742,25.49861],[82.29673,25.4985],[82.29509,25.49873],[82.29211,25.49941],[82.29102,25.49982],[82.28958,25.50057],[82.28825,25.50137],[82.28458,25.5031],[82.28162,25.50333],[82.28029,25.50326],[82.27953,25.50298],[82.27814,25.50125],[82.27599,25.49722],[82.27531,25.49452],[82.27538,25.49331],[82.27518,25.49158],[82.27526,25.49072],[82.27628,25.48895],[82.27684,25.48825],[82.27778,25.48756],[82.27945,25.48595],[82.28114,25.48538],[82.28324,25.4855],[82.28418,25.48543],[82.28569,25.48578],[82.28803,25.48613],[82.29049,25.48659],[82.29353,25.4874],[82.29536,25.48775],[82.29662,25.48769],[82.29852,25.48792],[82.29984,25.48769],[82.30123,25.487],[82.30308,25.48493],[82.30363,25.48389],[82.30383,25.48234],[82.30389,25.48068],[82.30421,25.47906],[82.30424,25.47653],[82.30405,25.47475],[82.30352,25.47147],[82.3021,25.46543],[82.30197,25.46428],[82.30279,25.46308],[82.30418,25.46255],[82.3064,25.46198],[82.3121,25.45992],[82.31316,25.45997],[82.31456,25.45928],[82.31538,25.45779],[82.31563,25.45692],[82.31627,25.45571],[82.31741,25.45244],[82.31899,25.45221],[82.32006,25.45255],[82.32315,25.45261],[82.32555,25.45284],[82.32651,25.45273],[82.32727,25.45273],[82.32834,25.45204],[82.32891,25.4514],[82.32954,25.45032],[82.33182,25.44663],[82.33327,25.44479],[82.3346,25.44203],[82.33544,25.44],[82.3362,25.43806],[82.33701,25.43652],[82.33797,25.4349],[82.33981,25.43243],[82.34106,25.43042],[82.34196,25.42846],[82.34348,25.42604],[82.34406,25.42282],[82.34469,25.42184],[82.34279,25.41747],[82.34216,25.41626],[82.3404,25.41333],[82.33952,25.41162],[82.33801,25.4093],[82.33688,25.40775],[82.33441,25.40562],[82.33297,25.40396],[82.33206,25.40383],[82.32803,25.40435],[82.3264,25.4044],[82.32405,25.40458],[82.32204,25.40491],[82.32166,25.40423],[82.31934,25.39866],[82.3187,25.39687],[82.31857,25.3959],[82.31731,25.39653],[82.31638,25.39669],[82.31264,25.39894],[82.31138,25.39945],[82.3103,25.40008],[82.30916,25.40037],[82.3063,25.3948],[82.30558,25.39301],[82.30476,25.39128],[82.30395,25.38931],[82.30572,25.3891],[82.30654,25.38916],[82.30835,25.38905],[82.31107,25.38737],[82.31146,25.38658],[82.31135,25.38565],[82.30995,25.38161],[82.30856,25.37926],[82.30712,25.37755],[82.30601,25.37662],[82.30504,25.37622],[82.30244,25.37409],[82.3007,25.37322],[82.30025,25.37253],[82.29982,25.37219],[82.29981,25.37121],[82.30033,25.37],[82.30139,25.36881],[82.30259,25.36696],[82.30418,25.36511],[82.30519,25.36345],[82.30747,25.36005],[82.30803,25.35827],[82.30787,25.35592],[82.308,25.35487],[82.30888,25.35097],[82.30952,25.34867],[82.31033,25.34734],[82.31072,25.34602],[82.31072,25.34338],[82.31015,25.3413],[82.30801,25.33681],[82.3062,25.33463],[82.30593,25.33406],[82.30537,25.33319],[82.30375,25.33163],[82.30253,25.33106],[82.30016,25.33089],[82.29819,25.33094],[82.29711,25.33111],[82.29567,25.32939],[82.29478,25.32795],[82.29371,25.32507],[82.29371,25.32444],[82.2934,25.32375],[82.29328,25.32162],[82.2943,25.31765],[82.29462,25.31708],[82.29518,25.31564],[82.29482,25.31437],[82.29475,25.31386],[82.29363,25.31121],[82.29286,25.3104],[82.29186,25.30955],[82.29109,25.30895],[82.28883,25.3077],[82.28819,25.30724],[82.28613,25.30643],[82.28504,25.30557],[82.2831,25.30361],[82.28184,25.30286],[82.28063,25.30269],[82.27818,25.30258],[82.27653,25.30257],[82.2749,25.30228],[82.272,25.30107],[82.26866,25.29912],[82.26684,25.29825],[82.26505,25.29756],[82.264,25.29698],[82.26304,25.29688],[82.26083,25.29635],[82.25857,25.29618],[82.25616,25.29548],[82.25549,25.29548],[82.25503,25.29485],[82.25453,25.2937],[82.2536,25.29249],[82.2524,25.29059],[82.25046,25.28794],[82.25001,25.28674],[82.24731,25.28248],[82.24657,25.27965],[82.24599,25.27827],[82.24404,25.27689],[82.24247,25.27712],[82.24043,25.27729],[82.23357,25.27729],[82.23149,25.27705],[82.22946,25.27721],[82.22644,25.27773],[82.22379,25.27785],[82.22197,25.27767],[82.21722,25.27796],[82.21389,25.27858],[82.21308,25.2764],[82.21157,25.27088],[82.21088,25.26858],[82.21024,25.26691],[82.20926,25.26454],[82.2085,25.26236],[82.20612,25.25689],[82.20394,25.25281],[82.20229,25.25108],[82.20142,25.24935],[82.20049,25.24797],[82.19935,25.24653],[82.19797,25.2444],[82.19695,25.24302],[82.19444,25.24008],[82.19312,25.23835],[82.19098,25.23576],[82.18816,25.22898],[82.18747,25.22661],[82.18697,25.22402],[82.18623,25.21919],[82.18784,25.20966],[82.18841,25.20717],[82.18956,25.20458],[82.19077,25.20148],[82.19337,25.19722],[82.19482,25.19551],[82.19639,25.19338],[82.19989,25.19039],[82.20271,25.18878],[82.20763,25.1866],[82.21217,25.18568],[82.2179,25.18489],[82.22037,25.18466],[82.22433,25.1838],[82.22718,25.18351],[82.22945,25.1834],[82.23523,25.18369],[82.24036,25.18375],[82.24577,25.18399],[82.24918,25.18399],[82.25195,25.18451],[82.2544,25.18543],[82.2578,25.18579],[82.26051,25.18504],[82.261,25.18363],[82.261,25.18242],[82.26045,25.17863],[82.26056,25.17731],[82.26044,25.17472],[82.26103,25.17208],[82.26109,25.17064],[82.26103,25.16908],[82.26122,25.16748],[82.26148,25.16627],[82.26179,25.16529],[82.26224,25.16449],[82.26304,25.16397],[82.26489,25.16311],[82.26747,25.16282],[82.27087,25.16218],[82.27189,25.16218],[82.27347,25.16184],[82.27587,25.16081],[82.27763,25.15949],[82.27869,25.15839],[82.27972,25.15713],[82.28065,25.15621],[82.28172,25.15461],[82.28266,25.1534],[82.284,25.15277],[82.28709,25.15375],[82.28841,25.15529],[82.28987,25.15673],[82.29062,25.15765],[82.29156,25.15926],[82.29237,25.15989],[82.29331,25.15932],[82.29384,25.15644],[82.29359,25.15385],[82.29264,25.15109],[82.29101,25.14851],[82.28999,25.14742],[82.28906,25.14552],[82.28912,25.14241],[82.28907,25.14023],[82.28839,25.13821],[82.28832,25.13757],[82.28959,25.13568],[82.29243,25.1338],[82.29393,25.13286],[82.29538,25.13177],[82.2964,25.13073],[82.29682,25.12867],[82.29729,25.12585],[82.29711,25.12199],[82.29673,25.12004],[82.29549,25.11452],[82.29599,25.11222],[82.29663,25.11089],[82.29789,25.10934],[82.29946,25.10797],[82.30129,25.10647],[82.30369,25.10486],[82.30482,25.10377],[82.30861,25.09957],[82.30956,25.09715],[82.31258,25.09399],[82.31554,25.09127],[82.31727,25.08962],[82.31815,25.08829],[82.31866,25.08645],[82.31966,25.08363],[82.31991,25.08185],[82.3196,25.07965],[82.31903,25.07845],[82.31728,25.07655],[82.31456,25.07419],[82.31351,25.07275],[82.31049,25.0694],[82.30783,25.06531],[82.30689,25.06409],[82.3054,25.06334],[82.30325,25.06282],[82.30086,25.06247],[82.2991,25.06177],[82.29846,25.06068],[82.29796,25.05918],[82.29715,25.05814],[82.29601,25.05733],[82.29103,25.05698],[82.28971,25.05656],[82.28877,25.0557],[82.28839,25.05494],[82.28827,25.05436],[82.28839,25.05333],[82.28876,25.05234],[82.29034,25.0502],[82.29256,25.04766],[82.29382,25.0465],[82.29493,25.04499],[82.29777,25.03925],[82.29832,25.03722],[82.29873,25.03415],[82.29948,25.03031],[82.29944,25.02723],[82.29838,25.02445],[82.29685,25.02221],[82.29461,25.02004],[82.2898,25.01589],[82.28665,25.01275],[82.28336,25.01019],[82.28187,25.00852],[82.2813,25.00667],[82.281,25.00466],[82.28092,25.0034],[82.2672,24.98607],[82.26258,24.97943],[82.25981,24.97203],[82.25624,24.96928],[82.24353,24.96839],[82.23348,24.96617],[82.22289,24.95102],[82.22363,24.9431],[82.22202,24.93834],[82.21749,24.93588],[82.20295,24.94106],[82.19559,24.93301],[82.1909,24.91838],[82.18491,24.91584],[82.18035,24.91693],[82.17299,24.91057],[82.17345,24.90528],[82.16074,24.89322],[82.15794,24.89218],[82.1522,24.89246],[82.14985,24.89569],[82.14199,24.89941],[82.13958,24.9039],[82.13628,24.90769],[82.12718,24.90479],[82.12672,24.8984],[82.13006,24.88642],[82.12689,24.88285],[82.12567,24.87761],[82.12278,24.87454],[82.11533,24.86946],[82.1104,24.87464],[82.10362,24.8782],[82.10447,24.87083],[82.10393,24.86679],[82.09517,24.86747],[82.09428,24.8639],[82.09538,24.86154],[82.09357,24.8559],[82.09913,24.85382],[82.1084,24.85683],[82.11184,24.84964],[82.09728,24.84449],[82.09035,24.84322],[82.09024,24.83849],[82.07601,24.83539],[82.08487,24.82998],[82.09348,24.82169],[82.09743,24.81478],[82.10001,24.80995],[82.09466,24.81037],[82.08973,24.8159],[82.08187,24.82211],[82.07085,24.82494],[82.0652,24.82344],[82.05649,24.82808],[82.04233,24.83424],[82.0372,24.83296],[82.02428,24.84463],[82.00489,24.85069],[81.99793,24.84744],[81.99155,24.8465],[81.97545,24.84246],[81.96806,24.84386],[81.96498,24.84142],[81.96156,24.83173],[81.95915,24.83061],[81.95718,24.83213],[81.95489,24.83924],[81.94772,24.84259],[81.94615,24.84671],[81.93719,24.85006],[81.93467,24.85145],[81.93177,24.85649],[81.92673,24.86079],[81.92838,24.87306],[81.92367,24.87627],[81.91513,24.87779],[81.91339,24.88041],[81.9101,24.88044],[81.90629,24.88354],[81.90266,24.88413],[81.89645,24.89251],[81.8988,24.89932],[81.89846,24.90518],[81.90242,24.9115],[81.91031,24.9205],[81.91204,24.93092],[81.90962,24.93715],[81.90411,24.94227],[81.90096,24.97305],[81.89835,24.97532],[81.89845,24.97687],[81.90164,24.98282],[81.90052,24.98483],[81.8945,24.9874],[81.89484,24.99109],[81.89922,24.99924],[81.89995,25.00344],[81.89997,25.00724],[81.89847,25.00962],[81.89143,25.01347],[81.88933,25.01311],[81.88823,25.01098],[81.88861,25.00955],[81.89161,25.00505],[81.89402,25.00346],[81.8931,24.99982],[81.89059,24.99637],[81.88773,24.9934],[81.88613,24.99282],[81.88332,24.99365],[81.88139,24.99949],[81.87352,25.00214],[81.86837,25.00223],[81.86684,25.00015],[81.86455,25.00039],[81.86372,25.00357],[81.84938,25.00601],[81.8463,25.00712],[81.84003,25.01497],[81.83498,25.01828],[81.82937,25.01933],[81.79166,25.01001],[81.78922,25.01014],[81.78011,25.01519],[81.77872,25.01762],[81.77139,25.02324],[81.74977,25.03162],[81.74741,25.03362],[81.74647,25.03574],[81.7415,25.03697],[81.73821,25.03907],[81.73724,25.04194],[81.73447,25.04314],[81.73508,25.04452],[81.73239,25.04871],[81.71641,25.05297],[81.71382,25.04725],[81.71339,25.04006],[81.71012,25.03913],[81.70536,25.0379],[81.68554,25.04218],[81.68189,25.04377],[81.68372,25.05079],[81.68307,25.05676],[81.6778,25.06468],[81.67583,25.06598],[81.67138,25.06625],[81.66399,25.06395],[81.66222,25.06514],[81.66041,25.07146],[81.6599,25.07818],[81.65869,25.07973],[81.6565,25.07862],[81.65308,25.07503],[81.64684,25.07504],[81.64598,25.07055],[81.64419,25.06836],[81.6356,25.06179],[81.63201,25.06148],[81.62525,25.06246],[81.6219,25.05692],[81.61726,25.05712],[81.60852,25.05888],[81.60435,25.06075],[81.60272,25.06304],[81.60325,25.06436],[81.60558,25.06455],[81.60855,25.06331],[81.60971,25.0647],[81.60812,25.06682],[81.60395,25.06954],[81.60281,25.07183],[81.59447,25.07693],[81.5938,25.0798],[81.59592,25.08183],[81.60444,25.08299],[81.6095,25.08515],[81.61487,25.09405],[81.62089,25.09508],[81.62154,25.09836],[81.62584,25.09989],[81.6293,25.09973],[81.63166,25.10148],[81.63195,25.10327],[81.62265,25.11124],[81.62534,25.11781],[81.62506,25.12045],[81.62329,25.12193],[81.61675,25.12262],[81.61483,25.11986],[81.61303,25.11323],[81.61008,25.11171],[81.60639,25.10594],[81.60426,25.09966],[81.60123,25.10021],[81.60281,25.11245],[81.60181,25.11602],[81.6023,25.11751],[81.59103,25.12299],[81.59147,25.12736],[81.59415,25.12951],[81.59212,25.13638],[81.59418,25.13801],[81.59918,25.13983],[81.6043,25.14281],[81.61002,25.14717],[81.61224,25.1466],[81.61507,25.14393],[81.61764,25.14625],[81.61893,25.14909],[81.61966,25.15564],[81.61899,25.15965],[81.61737,25.1639],[81.61442,25.16507],[81.61347,25.17052],[81.61,25.17365],[81.60811,25.17277],[81.60676,25.17057],[81.60703,25.16805],[81.60549,25.16563],[81.60291,25.16589],[81.60114,25.16737],[81.59982,25.16603],[81.59657,25.16553],[81.58178,25.16827],[81.58195,25.17033],[81.588,25.18379],[81.58561,25.18662],[81.57719,25.1913],[81.57166,25.19295],[81.5664,25.19575],[81.55844,25.18919],[81.54903,25.18658],[81.54877,25.18865],[81.53992,25.18766],[81.53401,25.18826],[81.53804,25.19278],[81.51833,25.1976],[81.51254,25.19736],[81.51166,25.20889],[81.51347,25.22523],[81.51274,25.2303],[81.51778,25.23006],[81.51755,25.23812],[81.53358,25.23814],[81.53654,25.23736],[81.54825,25.2392],[81.55032,25.24054],[81.55595,25.24228],[81.55555,25.24456],[81.54985,25.25378],[81.54756,25.26123],[81.54573,25.27455],[81.54433,25.27679],[81.5409,25.29008],[81.54162,25.29364],[81.54364,25.29636],[81.56705,25.31265],[81.58435,25.32384],[81.59011,25.32652],[81.60596,25.34286],[81.61546,25.34949],[81.62772,25.35419],[81.64877,25.35758],[81.68343,25.35872],[81.70982,25.35605],[81.73517,25.35159],[81.74804,25.34807],[81.7525,25.34615],[81.77234,25.3309],[81.77649,25.32587],[81.78042,25.32269],[81.78665,25.32222],[81.79472,25.32612],[81.79758,25.32866],[81.80269,25.33496],[81.80789,25.34534],[81.80637,25.35125],[81.80452,25.35451],[81.7953,25.36501],[81.78682,25.37695],[81.78686,25.38035],[81.7913,25.38912],[81.81046,25.41246],[81.81422,25.41468],[81.82311,25.41945],[81.83473,25.42246],[81.8545,25.42994],[81.86549,25.43197],[81.86893,25.43423],[81.88414,25.43721],[81.88836,25.43953],[81.89142,25.44231],[81.89541,25.44739],[81.8998,25.45689],[81.90241,25.45961],[81.90467,25.46877],[81.90401,25.47313],[81.8692,25.50508],[81.87045,25.50652],[81.86422,25.51148],[81.86124,25.51622],[81.85438,25.51452],[81.84673,25.51182],[81.84474,25.50796],[81.84331,25.4976],[81.83945,25.49402],[81.82917,25.48751],[81.82353,25.48489],[81.78931,25.47327],[81.77332,25.47367],[81.76348,25.47561],[81.75146,25.48052],[81.74155,25.48752],[81.73108,25.49657],[81.72002,25.51263],[81.71546,25.51501],[81.68286,25.51108],[81.67335,25.51123],[81.66451,25.51323],[81.65823,25.5172],[81.65508,25.52303],[81.64651,25.53445],[81.64491,25.53783],[81.64314,25.5565],[81.64391,25.57339],[81.64021,25.58232],[81.62429,25.5919],[81.61552,25.59631],[81.60562,25.59649],[81.60465,25.61242],[81.59854,25.61661],[81.59975,25.62041],[81.60262,25.62291],[81.61073,25.62683],[81.61273,25.62856],[81.61348,25.64605],[81.6118,25.64832],[81.60185,25.65312],[81.60252,25.65008],[81.60159,25.64824],[81.59704,25.6505],[81.5955,25.65244],[81.59666,25.65681],[81.59418,25.6588],[81.59515,25.66197],[81.59746,25.66313],[81.59938,25.6662],[81.60062,25.66874],[81.60027,25.67115],[81.60267,25.67122],[81.61237,25.66814],[81.62416,25.66698],[81.62945,25.6676],[81.63408,25.6658],[81.63423,25.66316],[81.62899,25.65726],[81.62932,25.65588],[81.63245,25.6524],[81.63718,25.64842],[81.63593,25.64566],[81.62864,25.64416],[81.62675,25.64287],[81.6264,25.64086],[81.62725,25.63822],[81.62982,25.63371],[81.6367,25.62625],[81.63905,25.62488],[81.64256,25.6207],[81.64691,25.62087],[81.64777,25.61725],[81.65095,25.61573],[81.65498,25.61697],[81.65784,25.61923],[81.65833,25.62113],[81.6686,25.62827],[81.6732,25.63366],[81.67636,25.63478],[81.67805,25.63507],[81.68113,25.63418],[81.68945,25.637],[81.69499,25.63733],[81.6991,25.63633],[81.70473,25.63201],[81.71312,25.62851],[81.71841,25.62861],[81.72498,25.63446],[81.7265,25.63924],[81.72628,25.64166],[81.71842,25.64596],[81.71484,25.64772],[81.71321,25.65087],[81.71272,25.65499],[81.71391,25.66368],[81.70879,25.66272],[81.6903,25.66425],[81.68782,25.66588],[81.6884,25.67083],[81.69164,25.67431],[81.69447,25.67524],[81.70259,25.67703],[81.7083,25.6745],[81.71026,25.67434],[81.71526,25.67799],[81.71854,25.67813],[81.72588,25.67578],[81.73442,25.67412],[81.73879,25.67237],[81.74207,25.67228],[81.74405,25.67493],[81.74721,25.68278],[81.74865,25.68957],[81.74846,25.69571],[81.74794,25.69687],[81.73958,25.69938],[81.73642,25.70188],[81.74871,25.72019],[81.74642,25.72287],[81.74403,25.72957],[81.74444,25.73383],[81.7459,25.73733],[81.74904,25.73955],[81.75703,25.74202],[81.76263,25.74557],[81.76884,25.74825],[81.78439,25.75256],[81.79139,25.75307],[81.79709,25.75253],[81.80126,25.75061],[81.81867,25.74556],[81.81567,25.73474],[81.81631,25.72907],[81.81839,25.72879],[81.82419,25.73084],[81.83442,25.72918],[81.83783,25.73489],[81.84692,25.72823],[81.85223,25.72609],[81.85273,25.72144],[81.85633,25.71934],[81.85741,25.71957],[81.86182,25.7265],[81.86959,25.7257],[81.87251,25.72421],[81.87312,25.72151],[81.87262,25.72025],[81.87776,25.71574],[81.88111,25.71456],[81.88271,25.71526],[81.8858,25.72211],[81.89334,25.71716],[81.89898,25.71577],[81.90874,25.71755],[81.90831,25.72301],[81.90969,25.7248],[81.91396,25.72678],[81.91612,25.73075],[81.91674,25.73317],[81.91544,25.73885],[81.91838,25.74742],[81.923,25.75509],[81.92527,25.75434],[81.93355,25.74579],[81.9371,25.74369]]]}},{"type":"Feature","properties":{"ID_0":105,"ISO":"IND","NAME_0":"India","ID_1":33,"NAME_1":"Uttar Pradesh","ID_2":496,"NAME_2":"Ambedkar Nagar","NL_NAME_2":null,"VARNAME_2":null,"TYPE_2":"District","ENGTYPE_2":"District","STATE":"Uttar Pradesh","DISTRICT":"Ambedkar Nagar"},"geometry":{"type":"Polygon","coordinates":[[[82.57671,26.60777],[82.58559,26.60561],[82.59033,26.60657],[82.60214,26.60459],[82.61326,26.60446],[82.62302,26.60453],[82.63221,26.60545],[82.64095,26.61098],[82.65536,26.60844],[82.65836,26.60057],[82.66209,26.59702],[82.67532,26.5894],[82.67773,26.58623],[82.67798,26.57802],[82.68368,26.57337],[82.68998,26.57078],[82.69745,26.57006],[82.70078,26.56116],[82.70403,26.55882],[82.71892,26.55725],[82.72941,26.56101],[82.74051,26.56392],[82.74615,26.56424],[82.7558,26.562],[82.76387,26.56438],[82.77241,26.56791],[82.77767,26.57259],[82.78735,26.57602],[82.80038,26.57834],[82.80484,26.57795],[82.82924,26.56703],[82.83132,26.5602],[82.83939,26.55465],[82.84581,26.55252],[82.85956,26.54326],[82.86398,26.54117],[82.86822,26.54183],[82.87694,26.54565],[82.88528,26.5446],[82.89679,26.54106],[82.89374,26.54433],[82.90769,26.53584],[82.91818,26.52381],[82.92565,26.51968],[82.93481,26.51051],[82.94162,26.51062],[82.94656,26.50936],[82.95016,26.50556],[82.96527,26.49715],[82.9739,26.49417],[82.99055,26.48854],[83.0093,26.48187],[83.01521,26.47743],[83.01877,26.47176],[83.01936,26.4659],[83.02231,26.45921],[83.02928,26.44748],[83.03961,26.43555],[83.04796,26.42412],[83.06141,26.41118],[83.06802,26.40336],[83.0722,26.39965],[83.07427,26.39639],[83.07767,26.39378],[83.08138,26.39248],[83.08465,26.39487],[83.08895,26.39569],[83.10414,26.39484],[83.1125,26.39363],[83.11819,26.39035],[83.12565,26.3881],[83.11799,26.37518],[83.1057,26.35916],[83.10513,26.34984],[83.10214,26.33986],[83.10187,26.33108],[83.10366,26.32581],[83.10432,26.31954],[83.10715,26.31531],[83.10327,26.31161],[83.10526,26.30541],[83.10171,26.29555],[83.10188,26.28757],[83.09638,26.28545],[83.09097,26.28684],[83.08912,26.28217],[83.08369,26.28518],[83.07588,26.2854],[83.07276,26.29079],[83.07014,26.29244],[83.0684,26.28513],[83.06461,26.28406],[83.06052,26.28444],[83.05777,26.28607],[83.05539,26.2902],[83.05206,26.29178],[83.03948,26.29386],[83.0379,26.29638],[83.03071,26.30265],[83.02785,26.30738],[83.02842,26.31164],[83.03028,26.31505],[83.03021,26.32029],[83.02805,26.32584],[83.02203,26.33321],[83.02041,26.33636],[83.0168,26.33989],[83.01286,26.34055],[83.0024,26.33995],[82.99154,26.34714],[82.99073,26.34743],[82.98856,26.34534],[82.98553,26.34492],[82.98266,26.34561],[82.97751,26.34912],[82.97382,26.34626],[82.96853,26.34408],[82.96452,26.34816],[82.96172,26.35235],[82.9593,26.35864],[82.96289,26.36479],[82.96991,26.37282],[82.96525,26.38229],[82.96246,26.38351],[82.95676,26.3842],[82.94858,26.39065],[82.94191,26.38634],[82.93877,26.38289],[82.93665,26.38343],[82.93664,26.38697],[82.9342,26.38909],[82.93044,26.38533],[82.92599,26.38677],[82.92356,26.39106],[82.92307,26.39621],[82.92654,26.40179],[82.93198,26.40496],[82.93918,26.40629],[82.94721,26.4066],[82.94952,26.40848],[82.95167,26.41367],[82.95158,26.42157],[82.95522,26.42838],[82.95042,26.43324],[82.9577,26.44586],[82.94725,26.45214],[82.94034,26.45354],[82.93471,26.44632],[82.93154,26.44455],[82.92912,26.44151],[82.93147,26.43899],[82.93727,26.43583],[82.93358,26.43059],[82.92828,26.43118],[82.91888,26.43433],[82.90066,26.44551],[82.89856,26.43811],[82.9098,26.42882],[82.91167,26.42488],[82.91034,26.41809],[82.90342,26.40571],[82.90543,26.40429],[82.90919,26.4033],[82.90794,26.39941],[82.91067,26.39757],[82.90905,26.39527],[82.90266,26.39218],[82.87542,26.38651],[82.87423,26.37885],[82.87155,26.37765],[82.86628,26.36929],[82.86405,26.36215],[82.86571,26.35911],[82.87314,26.35764],[82.88265,26.35464],[82.88777,26.35002],[82.8853,26.34522],[82.8772,26.33041],[82.87294,26.32675],[82.86868,26.32486],[82.8619,26.32716],[82.85518,26.32827],[82.85573,26.31725],[82.86498,26.31448],[82.86594,26.30508],[82.86871,26.29754],[82.87221,26.29433],[82.87253,26.29136],[82.86646,26.2793],[82.86931,26.27474],[82.86813,26.26937],[82.8687,26.26429],[82.87736,26.25509],[82.87279,26.24625],[82.87584,26.23844],[82.86977,26.23762],[82.8652,26.22812],[82.85731,26.22502],[82.85842,26.21813],[82.86317,26.21376],[82.85971,26.21282],[82.85658,26.21391],[82.8522,26.21169],[82.85038,26.20929],[82.85187,26.20748],[82.8588,26.20665],[82.86447,26.19815],[82.86535,26.19138],[82.86886,26.19042],[82.87914,26.19253],[82.88171,26.18781],[82.88154,26.18424],[82.87433,26.17207],[82.86717,26.17692],[82.86411,26.17594],[82.86201,26.17257],[82.86267,26.16522],[82.85661,26.16388],[82.85297,26.16576],[82.85128,26.17032],[82.84637,26.17103],[82.84282,26.16905],[82.83908,26.16977],[82.83436,26.17266],[82.83282,26.17573],[82.82931,26.17963],[82.82829,26.18415],[82.81824,26.1837],[82.81598,26.19009],[82.81138,26.19182],[82.80043,26.19361],[82.79516,26.19234],[82.78862,26.19496],[82.78215,26.19279],[82.78053,26.19414],[82.78091,26.20133],[82.77918,26.20245],[82.77113,26.19773],[82.76595,26.20848],[82.75993,26.21618],[82.75143,26.21656],[82.74032,26.23213],[82.74361,26.23652],[82.7438,26.24296],[82.74345,26.24778],[82.74094,26.25657],[82.74699,26.26642],[82.7441,26.2678],[82.73877,26.26383],[82.72607,26.25097],[82.7191,26.25542],[82.71641,26.25874],[82.70499,26.26395],[82.69909,26.26859],[82.69431,26.26711],[82.6927,26.26816],[82.69102,26.27204],[82.68372,26.27268],[82.68201,26.26776],[82.68168,26.26372],[82.67111,26.25896],[82.66529,26.25596],[82.66003,26.25592],[82.65861,26.25992],[82.65809,26.26566],[82.65311,26.26343],[82.64838,26.25878],[82.64175,26.24863],[82.634,26.25624],[82.62982,26.25178],[82.62901,26.24917],[82.62375,26.25154],[82.61692,26.25347],[82.61485,26.25693],[82.61046,26.25811],[82.60564,26.2583],[82.59834,26.26798],[82.59383,26.26822],[82.59269,26.26637],[82.59415,26.26392],[82.58818,26.26207],[82.58257,26.2611],[82.57674,26.26142],[82.57515,26.25972],[82.57227,26.26047],[82.56953,26.26329],[82.56928,26.26956],[82.56673,26.27094],[82.56249,26.27044],[82.55853,26.27399],[82.55223,26.278],[82.54352,26.28754],[82.53696,26.28222],[82.53366,26.28192],[82.52754,26.2854],[82.52078,26.28307],[82.51104,26.29184],[82.50619,26.29491],[82.50246,26.29454],[82.49402,26.29056],[82.48387,26.28441],[82.4745,26.28875],[82.47131,26.28304],[82.46751,26.28134],[82.46075,26.28695],[82.45345,26.28684],[82.44769,26.2877],[82.44473,26.28942],[82.43912,26.29004],[82.43793,26.29238],[82.44257,26.29363],[82.44536,26.29588],[82.44303,26.30792],[82.44037,26.304],[82.43651,26.30575],[82.43216,26.30933],[82.43092,26.31289],[82.42787,26.31281],[82.42825,26.3024],[82.42413,26.3026],[82.42426,26.30647],[82.42252,26.30993],[82.42219,26.31245],[82.41072,26.32319],[82.39916,26.32651],[82.39336,26.33041],[82.39222,26.33401],[82.3941,26.33934],[82.393,26.34645],[82.39302,26.35625],[82.3911,26.36138],[82.38757,26.36245],[82.38457,26.36594],[82.37744,26.36856],[82.37783,26.37927],[82.37286,26.3822],[82.36078,26.38509],[82.35481,26.38577],[82.34641,26.38494],[82.32838,26.38575],[82.32256,26.3878],[82.31703,26.38826],[82.31489,26.38669],[82.31374,26.38581],[82.31277,26.38411],[82.30958,26.38278],[82.30791,26.38372],[82.31234,26.39477],[82.3072,26.39849],[82.30399,26.39808],[82.2979,26.40425],[82.29276,26.40662],[82.2886,26.40325],[82.28252,26.40121],[82.27818,26.3981],[82.27747,26.39625],[82.27396,26.39502],[82.27271,26.3924],[82.2709,26.39271],[82.26878,26.40065],[82.26472,26.40257],[82.26093,26.4064],[82.24947,26.40573],[82.2482,26.39787],[82.24442,26.39514],[82.24009,26.39572],[82.23804,26.39815],[82.23453,26.39899],[82.23295,26.40079],[82.21576,26.40717],[82.21156,26.41139],[82.22138,26.41594],[82.22903,26.42084],[82.2326,26.4223],[82.2365,26.42533],[82.24256,26.42444],[82.24654,26.42477],[82.25185,26.44589],[82.25394,26.44807],[82.26122,26.4506],[82.26967,26.45829],[82.27441,26.46749],[82.27303,26.47102],[82.27331,26.4742],[82.27928,26.47623],[82.28051,26.47989],[82.27927,26.4828],[82.28106,26.4867],[82.2865,26.48728],[82.2905,26.4887],[82.29579,26.49901],[82.30004,26.50376],[82.30119,26.5069],[82.30744,26.51061],[82.30861,26.51352],[82.30614,26.51546],[82.30183,26.51692],[82.30459,26.53104],[82.3108,26.54792],[82.31316,26.55241],[82.31917,26.55681],[82.32098,26.55956],[82.32278,26.56944],[82.32605,26.57533],[82.32949,26.58069],[82.33357,26.58223],[82.33828,26.58004],[82.3418,26.5811],[82.34524,26.58325],[82.3497,26.58237],[82.36082,26.57749],[82.3697,26.57661],[82.3709,26.57416],[82.37164,26.56866],[82.36918,26.56226],[82.36169,26.55887],[82.36617,26.55166],[82.37164,26.5534],[82.37937,26.54984],[82.38142,26.54729],[82.38708,26.5469],[82.39365,26.54814],[82.39634,26.55148],[82.39651,26.55401],[82.40274,26.55617],[82.408,26.56078],[82.41283,26.55219],[82.41735,26.54902],[82.42113,26.5502],[82.42214,26.55505],[82.42422,26.55929],[82.4276,26.55887],[82.43354,26.56647],[82.43806,26.56432],[82.44306,26.571],[82.44679,26.57188],[82.45021,26.5738],[82.45166,26.57907],[82.45855,26.58623],[82.4506,26.58917],[82.44954,26.59098],[82.45071,26.59401],[82.44309,26.59637],[82.44226,26.59889],[82.44545,26.60673],[82.44926,26.60687],[82.45628,26.6057],[82.45993,26.60934],[82.46774,26.61159],[82.47001,26.61676],[82.46984,26.61975],[82.45936,26.63304],[82.46371,26.6412],[82.46886,26.65623],[82.47834,26.64849],[82.48701,26.6436],[82.49852,26.63856],[82.53444,26.62886],[82.55852,26.6158],[82.56272,26.61478],[82.56989,26.60794],[82.57671,26.60777]]]}},{"type":"Feature","properties":{"ID_0":105,"ISO":"IND","NAME_0":"India","ID_1":33,"NAME_1":"Uttar Pradesh","ID_2":497,"NAME_2":"Auraiya","NL_NAME_2":null,"VARNAME_2":null,"TYPE_2":"District","ENGTYPE_2":"District","STATE":"Uttar Pradesh","DISTRICT":"Auraiya"},"geometry":{"type":"Polygon","coordinates":[[[79.38261,26.93586],[79.38467,26.93216],[79.39208,26.93524],[79.39372,26.93681],[79.39465,26.94119],[79.39857,26.93981],[79.40848,26.93983],[79.41687,26.94219],[79.42039,26.94459],[79.42546,26.94661],[79.42937,26.94678],[79.43032,26.94621],[79.4297,26.94512],[79.43005,26.94059],[79.43282,26.93891],[79.43263,26.93839],[79.42982,26.93881],[79.42699,26.93665],[79.42667,26.93365],[79.43296,26.93472],[79.43527,26.93401],[79.44025,26.93472],[79.44241,26.93434],[79.4437,26.93109],[79.44369,26.92781],[79.44737,26.91817],[79.45092,26.92011],[79.45168,26.91663],[79.45036,26.91143],[79.45085,26.90886],[79.45361,26.90855],[79.45867,26.91098],[79.46194,26.90971],[79.47135,26.90088],[79.47315,26.90429],[79.47461,26.90522],[79.47634,26.90394],[79.47617,26.89922],[79.48225,26.89471],[79.48265,26.89248],[79.49064,26.88858],[79.49286,26.88609],[79.49559,26.88727],[79.4985,26.88501],[79.50874,26.88027],[79.51473,26.8838],[79.51834,26.8816],[79.52098,26.87699],[79.52978,26.8806],[79.53288,26.87967],[79.54231,26.87595],[79.54632,26.87262],[79.55128,26.86637],[79.56195,26.86513],[79.56979,26.86626],[79.57613,26.86829],[79.57346,26.87159],[79.57275,26.87571],[79.57652,26.87915],[79.58221,26.88215],[79.58478,26.88574],[79.59335,26.89181],[79.59324,26.89503],[79.60149,26.89783],[79.60585,26.89633],[79.60778,26.89521],[79.61246,26.88896],[79.615,26.88703],[79.62034,26.88877],[79.62417,26.89237],[79.62495,26.89617],[79.63223,26.89872],[79.64315,26.89893],[79.65192,26.89409],[79.65508,26.88793],[79.65321,26.88429],[79.65677,26.88102],[79.65591,26.87893],[79.65599,26.87085],[79.66165,26.86753],[79.66594,26.86661],[79.67722,26.85579],[79.68327,26.85155],[79.68927,26.84406],[79.69844,26.84091],[79.69438,26.83516],[79.69218,26.82963],[79.70786,26.81811],[79.70698,26.81214],[79.71221,26.80835],[79.71688,26.80778],[79.72069,26.8088],[79.72727,26.81232],[79.73072,26.81632],[79.73413,26.8155],[79.73959,26.80293],[79.74412,26.80316],[79.74731,26.80199],[79.74882,26.80058],[79.74582,26.79605],[79.74542,26.79286],[79.74805,26.7915],[79.74989,26.78894],[79.74841,26.7853],[79.73999,26.77626],[79.73825,26.77348],[79.73415,26.77016],[79.72771,26.77003],[79.72402,26.77079],[79.71812,26.76004],[79.71217,26.75659],[79.70744,26.75469],[79.69757,26.75326],[79.69542,26.75214],[79.68982,26.75104],[79.68506,26.75018],[79.68142,26.7506],[79.66749,26.74848],[79.66717,26.74497],[79.66945,26.74132],[79.67827,26.73638],[79.68308,26.73449],[79.68585,26.73217],[79.68899,26.7236],[79.69129,26.72249],[79.69461,26.72258],[79.69705,26.71756],[79.70467,26.71444],[79.70754,26.71068],[79.71277,26.69726],[79.71281,26.69525],[79.70692,26.68066],[79.7083,26.67757],[79.71408,26.67111],[79.71216,26.66666],[79.70798,26.66059],[79.70297,26.65663],[79.70248,26.65415],[79.69565,26.65097],[79.67503,26.63391],[79.6655,26.62001],[79.66131,26.6191],[79.65295,26.6209],[79.6466,26.61101],[79.64455,26.60943],[79.63989,26.61298],[79.63619,26.61318],[79.63337,26.61176],[79.629,26.60579],[79.6273,26.60032],[79.6273,26.59613],[79.62711,26.58483],[79.63003,26.58101],[79.63574,26.57781],[79.6404,26.57724],[79.64081,26.57593],[79.63784,26.57038],[79.63541,26.56782],[79.63113,26.55589],[79.62194,26.54981],[79.62934,26.54479],[79.63133,26.54062],[79.63239,26.53329],[79.63218,26.52657],[79.62961,26.52287],[79.6293,26.51954],[79.63165,26.5167],[79.63048,26.51353],[79.62019,26.51575],[79.61575,26.51908],[79.60918,26.5132],[79.6043,26.50763],[79.60509,26.50574],[79.61463,26.49783],[79.61321,26.49534],[79.60999,26.49364],[79.60074,26.49083],[79.59528,26.48771],[79.5919,26.48721],[79.59023,26.48593],[79.58854,26.48281],[79.59335,26.47312],[79.59068,26.46906],[79.58713,26.4685],[79.58381,26.46955],[79.57442,26.45685],[79.57103,26.45371],[79.56666,26.45349],[79.56384,26.45465],[79.56171,26.4517],[79.56326,26.44759],[79.56664,26.44218],[79.56924,26.43991],[79.56932,26.43832],[79.56647,26.43472],[79.56238,26.42697],[79.55389,26.41498],[79.54963,26.41084],[79.54545,26.40953],[79.53866,26.40875],[79.52614,26.3939],[79.50407,26.37283],[79.50069,26.37025],[79.49499,26.36926],[79.49394,26.37079],[79.49402,26.37327],[79.48508,26.38658],[79.48209,26.39445],[79.48163,26.40174],[79.48247,26.41208],[79.47966,26.42048],[79.4775,26.42522],[79.47333,26.43044],[79.46764,26.43559],[79.46553,26.43665],[79.4497,26.43964],[79.44526,26.43964],[79.42756,26.43704],[79.41337,26.43099],[79.38609,26.42366],[79.36385,26.41376],[79.35625,26.41123],[79.33302,26.40694],[79.32308,26.41144],[79.31911,26.41247],[79.30329,26.42222],[79.29805,26.43127],[79.29394,26.44172],[79.29105,26.44483],[79.284,26.448],[79.27867,26.44729],[79.26791,26.44127],[79.26072,26.43818],[79.24288,26.43338],[79.23775,26.43307],[79.21751,26.43333],[79.21031,26.43758],[79.20588,26.4437],[79.20161,26.43807],[79.19909,26.43643],[79.18745,26.43074],[79.18375,26.43063],[79.1788,26.43634],[79.17501,26.43514],[79.17191,26.43538],[79.16342,26.43971],[79.14915,26.44408],[79.14456,26.44493],[79.12676,26.44481],[79.12401,26.44552],[79.12099,26.44789],[79.11031,26.45301],[79.10516,26.4536],[79.09989,26.45603],[79.09492,26.4571],[79.09287,26.4573],[79.09119,26.45527],[79.09113,26.4524],[79.08943,26.45093],[79.0833,26.45302],[79.08275,26.45231],[79.08305,26.44974],[79.08094,26.4439],[79.0777,26.44723],[79.07417,26.44557],[79.07279,26.44779],[79.06907,26.44652],[79.0671,26.44701],[79.06685,26.44941],[79.06355,26.44896],[79.0613,26.44943],[79.06062,26.45183],[79.05803,26.45128],[79.05749,26.45614],[79.05323,26.45561],[79.04846,26.45605],[79.04676,26.45786],[79.04707,26.46142],[79.06346,26.48476],[79.06434,26.48684],[79.06693,26.49119],[79.07149,26.49408],[79.07499,26.49781],[79.07853,26.50498],[79.08338,26.50438],[79.08634,26.50213],[79.09642,26.50442],[79.10409,26.5026],[79.11183,26.50301],[79.1141,26.50805],[79.11495,26.51247],[79.12918,26.51316],[79.1335,26.51133],[79.14473,26.5001],[79.14745,26.50002],[79.14869,26.50165],[79.1532,26.5019],[79.16073,26.50419],[79.16551,26.51311],[79.16573,26.51793],[79.16399,26.52623],[79.16463,26.53186],[79.16789,26.53335],[79.17401,26.53356],[79.17941,26.53462],[79.18326,26.53847],[79.18495,26.54371],[79.18631,26.54489],[79.19922,26.54612],[79.20247,26.55208],[79.21179,26.55355],[79.21367,26.55547],[79.21406,26.56415],[79.21268,26.56699],[79.21375,26.57355],[79.21783,26.58032],[79.22434,26.58846],[79.24924,26.61404],[79.24836,26.61712],[79.25066,26.6241],[79.25334,26.62633],[79.2561,26.6251],[79.26314,26.62682],[79.27066,26.62676],[79.27509,26.62419],[79.27724,26.62806],[79.28625,26.63748],[79.29028,26.63997],[79.29836,26.64312],[79.3027,26.64601],[79.30617,26.65088],[79.3053,26.6535],[79.3054,26.65707],[79.30742,26.65967],[79.31136,26.66278],[79.31054,26.66592],[79.30759,26.67064],[79.30395,26.67167],[79.29968,26.67414],[79.29936,26.67706],[79.302,26.67996],[79.31037,26.68439],[79.30034,26.6905],[79.297,26.69435],[79.29958,26.69668],[79.29847,26.69861],[79.30719,26.70546],[79.30894,26.71346],[79.31119,26.71332],[79.31365,26.71072],[79.31947,26.71333],[79.32171,26.71566],[79.32385,26.72665],[79.32811,26.72785],[79.33353,26.73086],[79.33437,26.73409],[79.3348,26.73805],[79.33259,26.74084],[79.3296,26.7541],[79.32868,26.76516],[79.32536,26.76586],[79.3202,26.76935],[79.31738,26.77372],[79.31814,26.78648],[79.31915,26.79102],[79.32105,26.79483],[79.32825,26.79862],[79.33014,26.80702],[79.32941,26.81154],[79.3245,26.81847],[79.32308,26.82293],[79.32709,26.82598],[79.33968,26.83906],[79.33815,26.8425],[79.33157,26.84893],[79.32999,26.85207],[79.32938,26.85722],[79.33218,26.86133],[79.33561,26.8696],[79.33549,26.88187],[79.33829,26.89287],[79.33442,26.8943],[79.33144,26.89724],[79.33636,26.9003],[79.33531,26.90603],[79.33144,26.90747],[79.33471,26.90969],[79.33468,26.91847],[79.33578,26.92078],[79.33917,26.92416],[79.34049,26.9286],[79.3409,26.94001],[79.34428,26.94121],[79.35014,26.95231],[79.35468,26.95209],[79.35835,26.95071],[79.36012,26.94815],[79.36325,26.94745],[79.36649,26.94457],[79.37335,26.94323],[79.38261,26.93586]]]}},{"type":"Feature","properties":{"ID_0":105,"ISO":"IND","NAME_0":"India","ID_1":33,"NAME_1":"Uttar Pradesh","ID_2":498,"NAME_2":"Azamgarh","NL_NAME_2":null,"VARNAME_2":null,"TYPE_2":"District","ENGTYPE_2":"District","STATE":"Uttar Pradesh","DISTRICT":"Azamgarh"},"geometry":{"type":"Polygon","coordinates":[[[82.95042,26.43324],[82.95522,26.42838],[82.95158,26.42157],[82.95167,26.41367],[82.94952,26.40848],[82.94721,26.4066],[82.93918,26.40629],[82.93198,26.40496],[82.92654,26.40179],[82.92307,26.39621],[82.92356,26.39106],[82.92599,26.38677],[82.93044,26.38533],[82.9342,26.38909],[82.93664,26.38697],[82.93665,26.38343],[82.93877,26.38289],[82.94191,26.38634],[82.94858,26.39065],[82.95676,26.3842],[82.96246,26.38351],[82.96525,26.38229],[82.96991,26.37282],[82.96289,26.36479],[82.9593,26.35864],[82.96172,26.35235],[82.96452,26.34816],[82.96853,26.34408],[82.97382,26.34626],[82.97751,26.34912],[82.98266,26.34561],[82.98553,26.34492],[82.98856,26.34534],[82.99073,26.34743],[82.99154,26.34714],[83.0024,26.33995],[83.01286,26.34055],[83.0168,26.33989],[83.02041,26.33636],[83.02203,26.33321],[83.02805,26.32584],[83.03021,26.32029],[83.03028,26.31505],[83.02842,26.31164],[83.02785,26.30738],[83.03071,26.30265],[83.0379,26.29638],[83.03948,26.29386],[83.05206,26.29178],[83.05539,26.2902],[83.05777,26.28607],[83.06052,26.28444],[83.06461,26.28406],[83.0684,26.28513],[83.07014,26.29244],[83.07276,26.29079],[83.07588,26.2854],[83.08369,26.28518],[83.08912,26.28217],[83.09097,26.28684],[83.09638,26.28545],[83.10188,26.28757],[83.10171,26.29555],[83.10526,26.30541],[83.10327,26.31161],[83.10715,26.31531],[83.10432,26.31954],[83.10366,26.32581],[83.10187,26.33108],[83.10214,26.33986],[83.10513,26.34984],[83.1057,26.35916],[83.11799,26.37518],[83.12565,26.3881],[83.13853,26.39475],[83.15408,26.39985],[83.16006,26.39899],[83.17554,26.40082],[83.18681,26.3982],[83.21369,26.39804],[83.22184,26.39631],[83.24301,26.38543],[83.27899,26.3614],[83.28698,26.35674],[83.29547,26.35322],[83.30207,26.35229],[83.30983,26.35308],[83.31794,26.34813],[83.3223,26.34879],[83.32804,26.35308],[83.33054,26.3516],[83.33465,26.3465],[83.34422,26.33719],[83.35412,26.33203],[83.38085,26.30804],[83.39211,26.29919],[83.39188,26.28712],[83.40924,26.27698],[83.42007,26.27451],[83.43167,26.27365],[83.43926,26.27571],[83.44938,26.28105],[83.46864,26.28373],[83.47739,26.28355],[83.49888,26.28004],[83.48919,26.26504],[83.48411,26.26339],[83.47011,26.26275],[83.46207,26.2611],[83.45728,26.25637],[83.44525,26.23612],[83.44297,26.23019],[83.43055,26.21737],[83.42484,26.20986],[83.42183,26.20243],[83.42077,26.19415],[83.41133,26.18743],[83.40965,26.18415],[83.40866,26.17804],[83.40466,26.17647],[83.40086,26.17053],[83.40784,26.16476],[83.40703,26.16297],[83.40763,26.15723],[83.41287,26.14207],[83.41308,26.13372],[83.41149,26.12893],[83.40874,26.12546],[83.40621,26.12585],[83.40521,26.12372],[83.40762,26.11855],[83.41375,26.1125],[83.40477,26.11342],[83.4007,26.11266],[83.39895,26.10541],[83.39938,26.10081],[83.39749,26.09771],[83.39101,26.10048],[83.38628,26.09634],[83.38469,26.09156],[83.38024,26.09189],[83.36956,26.08108],[83.35862,26.07913],[83.35538,26.07945],[83.35305,26.08242],[83.34962,26.08333],[83.3456,26.09002],[83.33897,26.09292],[83.31698,26.10635],[83.31449,26.10916],[83.3166,26.11256],[83.31892,26.11465],[83.31921,26.11695],[83.31567,26.11601],[83.31283,26.11431],[83.30908,26.12108],[83.30709,26.12244],[83.30526,26.12059],[83.30439,26.11605],[83.30213,26.11322],[83.29572,26.11404],[83.28979,26.1167],[83.29069,26.12062],[83.29417,26.12599],[83.28508,26.1295],[83.2802,26.12871],[83.27309,26.12981],[83.26547,26.12837],[83.25512,26.12864],[83.25356,26.12625],[83.25267,26.12212],[83.25311,26.11798],[83.25598,26.10892],[83.25365,26.10741],[83.25024,26.10792],[83.246,26.10965],[83.24256,26.11313],[83.2329,26.11628],[83.24067,26.10595],[83.24447,26.10299],[83.25063,26.10115],[83.25285,26.09823],[83.24792,26.09147],[83.24438,26.09002],[83.24129,26.08954],[83.23598,26.09581],[83.23378,26.09431],[83.23158,26.08465],[83.22836,26.08129],[83.22554,26.08058],[83.22407,26.07689],[83.22387,26.07276],[83.22114,26.06781],[83.21781,26.06462],[83.2139,26.06333],[83.2058,26.06322],[83.20039,26.05847],[83.19759,26.05725],[83.19978,26.05536],[83.2025,26.05428],[83.20131,26.03943],[83.19788,26.03025],[83.19486,26.02597],[83.19729,26.02115],[83.19603,26.01648],[83.19193,26.00932],[83.20595,26.00439],[83.2069,26.00344],[83.20612,25.99451],[83.19975,25.98724],[83.19966,25.98293],[83.20249,25.97766],[83.20001,25.97258],[83.20334,25.96845],[83.20347,25.9566],[83.20585,25.95116],[83.20265,25.94564],[83.19569,25.94298],[83.18616,25.93759],[83.17471,25.93327],[83.17088,25.93023],[83.17247,25.92336],[83.175,25.91879],[83.17836,25.91725],[83.17899,25.91229],[83.16949,25.90731],[83.17035,25.89793],[83.1741,25.89937],[83.17488,25.89671],[83.17733,25.8961],[83.17981,25.89337],[83.18102,25.88927],[83.18574,25.88127],[83.19065,25.87573],[83.19405,25.87615],[83.19865,25.87832],[83.20341,25.87693],[83.20474,25.87967],[83.20876,25.87807],[83.21251,25.87996],[83.2151,25.87906],[83.21783,25.87661],[83.21898,25.87022],[83.22368,25.86854],[83.22403,25.86261],[83.22561,25.85897],[83.23347,25.85689],[83.24306,25.8559],[83.24444,25.85967],[83.25028,25.86078],[83.25523,25.86278],[83.259,25.86864],[83.25751,25.87477],[83.26045,25.87598],[83.26277,25.87452],[83.26575,25.86786],[83.26883,25.86724],[83.27088,25.8694],[83.27489,25.87089],[83.28234,25.86624],[83.28468,25.86309],[83.2897,25.86204],[83.29911,25.86167],[83.29858,25.85656],[83.30653,25.85633],[83.31022,25.85398],[83.31174,25.85021],[83.31576,25.84998],[83.31391,25.84714],[83.30944,25.84467],[83.30878,25.84129],[83.32063,25.84226],[83.3266,25.84073],[83.32903,25.83799],[83.3322,25.83196],[83.33854,25.82991],[83.34414,25.82966],[83.34714,25.82759],[83.34663,25.82307],[83.3436,25.82403],[83.34093,25.8224],[83.33694,25.82229],[83.33735,25.81676],[83.3316,25.8122],[83.3262,25.81331],[83.32135,25.81575],[83.31664,25.81559],[83.31357,25.81034],[83.30879,25.80438],[83.31413,25.79844],[83.30909,25.7968],[83.30713,25.78877],[83.29688,25.7865],[83.29804,25.78184],[83.29754,25.77822],[83.29178,25.77003],[83.29548,25.76549],[83.2972,25.75828],[83.27739,25.75811],[83.27728,25.76242],[83.27345,25.76461],[83.27112,25.76873],[83.26763,25.7705],[83.26665,25.7769],[83.26266,25.77484],[83.25995,25.77889],[83.25492,25.77747],[83.25175,25.77523],[83.2418,25.77331],[83.23829,25.76689],[83.23129,25.76742],[83.22952,25.77043],[83.22656,25.76836],[83.2241,25.7688],[83.2223,25.76587],[83.2198,25.7639],[83.21599,25.76229],[83.21271,25.76211],[83.21072,25.76421],[83.20982,25.76768],[83.2108,25.77225],[83.20224,25.77451],[83.19763,25.77366],[83.19405,25.7749],[83.18945,25.77952],[83.187,25.78008],[83.18449,25.77728],[83.18286,25.77312],[83.18258,25.76829],[83.18814,25.76487],[83.19969,25.76069],[83.20264,25.76427],[83.20898,25.76229],[83.21006,25.75537],[83.21228,25.7516],[83.20625,25.738],[83.20625,25.73456],[83.21506,25.72845],[83.22058,25.72647],[83.22369,25.7243],[83.22538,25.71967],[83.23243,25.71198],[83.23335,25.70857],[83.2287,25.70761],[83.2257,25.70461],[83.22224,25.70489],[83.21884,25.70195],[83.21313,25.70387],[83.20975,25.70581],[83.20808,25.70383],[83.2041,25.70348],[83.19163,25.7044],[83.18576,25.70288],[83.18266,25.69959],[83.17835,25.68999],[83.17653,25.67542],[83.17092,25.67578],[83.16479,25.67449],[83.16628,25.66936],[83.1637,25.66674],[83.16251,25.66268],[83.16017,25.66232],[83.15669,25.66478],[83.1516,25.66623],[83.14599,25.66349],[83.14241,25.65992],[83.1395,25.65587],[83.14333,25.64898],[83.143,25.64099],[83.13989,25.63897],[83.13183,25.63989],[83.1272,25.64253],[83.12229,25.64623],[83.11612,25.65453],[83.11241,25.65619],[83.09818,25.65788],[83.09074,25.65718],[83.08674,25.65902],[83.08069,25.65974],[83.07931,25.65159],[83.07398,25.65292],[83.06432,25.65231],[83.05849,25.65417],[83.05633,25.65765],[83.05592,25.66098],[83.05674,25.66402],[83.06941,25.67328],[83.07118,25.68033],[83.06941,25.68415],[83.06607,25.68551],[83.05687,25.68552],[83.0496,25.68452],[83.04678,25.68548],[83.04388,25.68984],[83.03434,25.69197],[83.03191,25.69516],[83.03248,25.7035],[83.02361,25.70017],[83.02087,25.70744],[83.0155,25.70688],[83.01218,25.70808],[83.00863,25.7068],[83.00733,25.7094],[83.00447,25.7107],[83.00369,25.71307],[83.00117,25.71379],[82.99979,25.71536],[82.99557,25.71105],[82.99267,25.70142],[82.99294,25.69802],[82.99124,25.69236],[82.99027,25.68928],[82.98939,25.68891],[82.98843,25.68835],[82.9866,25.68786],[82.98482,25.68722],[82.98197,25.6858],[82.98057,25.68459],[82.97707,25.68214],[82.97665,25.68249],[82.97399,25.68541],[82.97337,25.68621],[82.97097,25.68979],[82.96861,25.6916],[82.9658,25.69445],[82.96199,25.69765],[82.95744,25.70288],[82.95586,25.7049],[82.95401,25.70645],[82.95149,25.70709],[82.94793,25.70704],[82.94715,25.70709],[82.94261,25.70652],[82.93942,25.70661],[82.93713,25.70703],[82.93543,25.7085],[82.93365,25.71183],[82.93283,25.71518],[82.93171,25.7179],[82.92892,25.72093],[82.92729,25.72426],[82.925,25.72772],[82.9254,25.7326],[82.92477,25.73372],[82.92217,25.73304],[82.92014,25.73298],[82.91673,25.73313],[82.91578,25.73703],[82.91553,25.73889],[82.91492,25.74191],[82.91596,25.7442],[82.91702,25.74604],[82.92058,25.75061],[82.92217,25.7533],[82.9223,25.75556],[82.922,25.75886],[82.92023,25.75941],[82.91807,25.75996],[82.91549,25.76091],[82.9139,25.76163],[82.91163,25.76309],[82.90817,25.76566],[82.90578,25.76679],[82.90284,25.76757],[82.90009,25.7695],[82.89713,25.7712],[82.8948,25.77307],[82.89214,25.77477],[82.89082,25.77554],[82.89032,25.77566],[82.88816,25.77386],[82.8871,25.77342],[82.88561,25.77263],[82.8814,25.77075],[82.87875,25.77089],[82.87616,25.77133],[82.87211,25.77173],[82.86723,25.77293],[82.86471,25.77277],[82.86218,25.77273],[82.85966,25.77343],[82.85667,25.77234],[82.85559,25.77228],[82.85445,25.77211],[82.8504,25.77096],[82.84874,25.7702],[82.84722,25.76962],[82.84537,25.76858],[82.84415,25.76775],[82.83932,25.76718],[82.83501,25.76796],[82.83139,25.76826],[82.82922,25.76851],[82.82663,25.76913],[82.82187,25.77137],[82.82034,25.77221],[82.81742,25.77368],[82.81618,25.77441],[82.81452,25.77577],[82.81192,25.77993],[82.81091,25.78176],[82.80921,25.78359],[82.80793,25.78449],[82.8056,25.78586],[82.80362,25.78682],[82.8011,25.7879],[82.79938,25.7891],[82.79792,25.7903],[82.79723,25.79133],[82.79729,25.79412],[82.79768,25.79671],[82.79807,25.79821],[82.79929,25.80094],[82.79946,25.80198],[82.79941,25.80318],[82.80044,25.8052],[82.79885,25.8051],[82.7965,25.80687],[82.79462,25.80855],[82.78992,25.81317],[82.78777,25.81513],[82.78671,25.81599],[82.78474,25.81819],[82.78335,25.81842],[82.78169,25.81905],[82.77949,25.82189],[82.7786,25.82396],[82.77836,25.82488],[82.77779,25.82821],[82.77654,25.82897],[82.7743,25.82903],[82.77158,25.82962],[82.76663,25.83049],[82.76309,25.83096],[82.75967,25.83166],[82.75745,25.83259],[82.75453,25.83444],[82.75264,25.83605],[82.74916,25.84003],[82.74962,25.84152],[82.75112,25.84353],[82.75201,25.84462],[82.75539,25.84945],[82.75665,25.85082],[82.75864,25.85272],[82.75934,25.85409],[82.75827,25.85536],[82.75718,25.8591],[82.75698,25.86037],[82.75677,25.86089],[82.75623,25.86225],[82.75567,25.86449],[82.75555,25.86719],[82.75581,25.86915],[82.75688,25.87162],[82.75796,25.87333],[82.76171,25.87718],[82.76324,25.87966],[82.76657,25.88425],[82.76515,25.88517],[82.76173,25.88523],[82.76065,25.88518],[82.75864,25.88582],[82.75845,25.88789],[82.75839,25.89077],[82.75793,25.89283],[82.75839,25.89641],[82.76101,25.89657],[82.76283,25.89656],[82.76353,25.89674],[82.76468,25.89753],[82.76285,25.90185],[82.76189,25.90501],[82.76082,25.90704],[82.75938,25.90929],[82.75779,25.91216],[82.75653,25.91487],[82.75584,25.9166],[82.75571,25.91786],[82.75597,25.92091],[82.75629,25.92321],[82.75489,25.92626],[82.7533,25.92713],[82.74926,25.92714],[82.74857,25.92835],[82.74945,25.9307],[82.75085,25.93294],[82.75213,25.9345],[82.75079,25.93582],[82.74612,25.93715],[82.74464,25.93768],[82.74422,25.9398],[82.74541,25.94199],[82.74573,25.94417],[82.74535,25.94572],[82.74245,25.94895],[82.74194,25.94988],[82.74149,25.95189],[82.74062,25.95391],[82.73968,25.9573],[82.73701,25.96432],[82.7362,25.968],[82.73563,25.96869],[82.73226,25.97014],[82.7289,25.97141],[82.72733,25.97285],[82.72663,25.97664],[82.72592,25.97935],[82.72588,25.9809],[82.72556,25.98268],[82.72555,25.98377],[82.72613,25.98527],[82.72411,25.98631],[82.72296,25.98728],[82.72087,25.98947],[82.71954,25.9912],[82.71872,25.99258],[82.71821,25.99523],[82.71815,25.99632],[82.7174,25.9985],[82.71721,26.00063],[82.71874,26.00339],[82.71966,26.00399],[82.71987,26.01411],[82.72396,26.02815],[82.71555,26.02977],[82.6999,26.02722],[82.69782,26.02973],[82.70598,26.03437],[82.7068,26.0363],[82.71295,26.03788],[82.71252,26.04535],[82.70986,26.04565],[82.69746,26.04281],[82.69257,26.04358],[82.69286,26.0478],[82.69441,26.05071],[82.70174,26.05276],[82.70598,26.05532],[82.7003,26.06597],[82.69228,26.07088],[82.69202,26.07463],[82.69817,26.08781],[82.69897,26.09308],[82.69813,26.09725],[82.69093,26.10137],[82.68264,26.10109],[82.67485,26.1064],[82.67168,26.11001],[82.6733,26.11523],[82.6731,26.1196],[82.67003,26.12345],[82.66647,26.12435],[82.66351,26.12694],[82.66545,26.13303],[82.66174,26.13831],[82.65956,26.14407],[82.66098,26.14738],[82.67109,26.14696],[82.6731,26.15466],[82.68166,26.15644],[82.68499,26.15859],[82.68527,26.16186],[82.67707,26.16618],[82.67649,26.16872],[82.67995,26.17885],[82.67656,26.19425],[82.67993,26.20843],[82.68043,26.21529],[82.67809,26.22157],[82.67545,26.2257],[82.67204,26.22536],[82.66831,26.22695],[82.66568,26.23058],[82.66505,26.23489],[82.67001,26.24132],[82.67187,26.24578],[82.67077,26.24814],[82.67111,26.25896],[82.68168,26.26372],[82.68201,26.26776],[82.68372,26.27268],[82.69102,26.27204],[82.6927,26.26816],[82.69431,26.26711],[82.69909,26.26859],[82.70499,26.26395],[82.71641,26.25874],[82.7191,26.25542],[82.72607,26.25097],[82.73877,26.26383],[82.7441,26.2678],[82.74699,26.26642],[82.74094,26.25657],[82.74345,26.24778],[82.7438,26.24296],[82.74361,26.23652],[82.74032,26.23213],[82.75143,26.21656],[82.75993,26.21618],[82.76595,26.20848],[82.77113,26.19773],[82.77918,26.20245],[82.78091,26.20133],[82.78053,26.19414],[82.78215,26.19279],[82.78862,26.19496],[82.79516,26.19234],[82.80043,26.19361],[82.81138,26.19182],[82.81598,26.19009],[82.81824,26.1837],[82.82829,26.18415],[82.82931,26.17963],[82.83282,26.17573],[82.83436,26.17266],[82.83908,26.16977],[82.84282,26.16905],[82.84637,26.17103],[82.85128,26.17032],[82.85297,26.16576],[82.85661,26.16388],[82.86267,26.16522],[82.86201,26.17257],[82.86411,26.17594],[82.86717,26.17692],[82.87433,26.17207],[82.88154,26.18424],[82.88171,26.18781],[82.87914,26.19253],[82.86886,26.19042],[82.86535,26.19138],[82.86447,26.19815],[82.8588,26.20665],[82.85187,26.20748],[82.85038,26.20929],[82.8522,26.21169],[82.85658,26.21391],[82.85971,26.21282],[82.86317,26.21376],[82.85842,26.21813],[82.85731,26.22502],[82.8652,26.22812],[82.86977,26.23762],[82.87584,26.23844],[82.87279,26.24625],[82.87736,26.25509],[82.8687,26.26429],[82.86813,26.26937],[82.86931,26.27474],[82.86646,26.2793],[82.87253,26.29136],[82.87221,26.29433],[82.86871,26.29754],[82.86594,26.30508],[82.86498,26.31448],[82.85573,26.31725],[82.85518,26.32827],[82.8619,26.32716],[82.86868,26.32486],[82.87294,26.32675],[82.8772,26.33041],[82.8853,26.34522],[82.88777,26.35002],[82.88265,26.35464],[82.87314,26.35764],[82.86571,26.35911],[82.86405,26.36215],[82.86628,26.36929],[82.87155,26.37765],[82.87423,26.37885],[82.87542,26.38651],[82.90266,26.39218],[82.90905,26.39527],[82.91067,26.39757],[82.90794,26.39941],[82.90919,26.4033],[82.90543,26.40429],[82.90342,26.40571],[82.91034,26.41809],[82.91167,26.42488],[82.9098,26.42882],[82.89856,26.43811],[82.90066,26.44551],[82.91888,26.43433],[82.92828,26.43118],[82.93358,26.43059],[82.93727,26.43583],[82.93147,26.43899],[82.92912,26.44151],[82.93154,26.44455],[82.93471,26.44632],[82.94034,26.45354],[82.94725,26.45214],[82.9577,26.44586],[82.95042,26.43324]]]}},{"type":"Feature","properties":{"ID_0":105,"ISO":"IND","NAME_0":"India","ID_1":33,"NAME_1":"Uttar Pradesh","ID_2":499,"NAME_2":"Badaun","NL_NAME_2":null,"VARNAME_2":null,"TYPE_2":"District","ENGTYPE_2":"District","STATE":"Uttar Pradesh","DISTRICT":"Badaun"},"geometry":{"type":"Polygon","coordinates":[[[78.88545,28.48654],[78.8886,28.48295],[78.89272,28.4848],[78.89961,28.48042],[78.90943,28.48554],[78.91507,28.48375],[78.91835,28.46578],[78.92214,28.45889],[78.92663,28.45531],[78.92587,28.44404],[78.93503,28.44019],[78.93671,28.44362],[78.94382,28.44344],[78.95743,28.43309],[78.9667,28.42651],[78.97002,28.41112],[78.98927,28.39088],[78.99359,28.39049],[78.99513,28.39215],[78.99732,28.39239],[79.00575,28.38866],[79.00988,28.38882],[79.0229,28.38611],[79.03463,28.38284],[79.04007,28.38058],[79.04606,28.37502],[79.04868,28.37459],[79.05608,28.37071],[79.0568,28.36726],[79.05946,28.36396],[79.06573,28.35971],[79.05889,28.33636],[79.05961,28.33265],[79.06171,28.32978],[79.06242,28.32485],[79.06632,28.31762],[79.0704,28.31596],[79.07504,28.31876],[79.08286,28.31672],[79.08386,28.3131],[79.08168,28.30416],[79.0835,28.30076],[79.08639,28.29848],[79.08949,28.29205],[79.09111,28.285],[79.09073,28.28268],[79.0859,28.2785],[79.082,28.27283],[79.08429,28.26881],[79.08435,28.26444],[79.08239,28.26285],[79.08453,28.25307],[79.09651,28.24523],[79.10446,28.24201],[79.11181,28.23684],[79.11426,28.23413],[79.1153,28.2299],[79.11435,28.22688],[79.1161,28.22251],[79.11176,28.21655],[79.1089,28.21646],[79.10635,28.21226],[79.10703,28.20998],[79.11324,28.20408],[79.11401,28.19993],[79.11855,28.19516],[79.1231,28.19665],[79.13676,28.19671],[79.14005,28.1929],[79.14568,28.18351],[79.14716,28.18247],[79.15012,28.18036],[79.16144,28.18637],[79.16692,28.18528],[79.17301,28.18033],[79.17725,28.17876],[79.1812,28.17886],[79.18526,28.18103],[79.19247,28.1929],[79.19842,28.19467],[79.2038,28.19424],[79.21964,28.1906],[79.22461,28.1905],[79.23121,28.18786],[79.24383,28.17874],[79.25182,28.17732],[79.25352,28.17449],[79.26106,28.1703],[79.26042,28.16755],[79.26558,28.1721],[79.2788,28.17787],[79.28761,28.18038],[79.29633,28.17918],[79.30371,28.18286],[79.30898,28.18186],[79.3114,28.18046],[79.31604,28.1758],[79.31676,28.17195],[79.31645,28.16535],[79.31731,28.16308],[79.32418,28.15893],[79.32481,28.16052],[79.33449,28.16911],[79.34006,28.17154],[79.34296,28.16931],[79.3457,28.16831],[79.34839,28.1686],[79.35497,28.17436],[79.35938,28.17627],[79.36343,28.17474],[79.3647,28.17617],[79.36618,28.1807],[79.37679,28.18157],[79.37935,28.18084],[79.38023,28.17952],[79.38611,28.17707],[79.38979,28.17469],[79.3961,28.17225],[79.40154,28.17469],[79.40974,28.17415],[79.41316,28.17709],[79.4128,28.17484],[79.41417,28.17106],[79.41797,28.16587],[79.42212,28.16333],[79.43162,28.15934],[79.43559,28.15663],[79.44819,28.14108],[79.45454,28.13612],[79.46047,28.13295],[79.47202,28.12861],[79.48268,28.12038],[79.4882,28.11377],[79.48787,28.10652],[79.48881,28.09902],[79.49088,28.092],[79.49111,28.08342],[79.49009,28.07587],[79.48882,28.07214],[79.48519,28.06763],[79.47366,28.05939],[79.47273,28.056],[79.47061,28.05388],[79.47056,28.05085],[79.47569,28.04109],[79.48225,28.03383],[79.4869,28.02653],[79.48953,28.0273],[79.49071,28.02278],[79.48546,28.00566],[79.46614,27.9905],[79.46499,27.98436],[79.4619,27.97684],[79.45889,27.97316],[79.46147,27.96769],[79.4643,27.96846],[79.4685,27.9654],[79.4726,27.95746],[79.47987,27.94851],[79.47697,27.94779],[79.47558,27.94465],[79.47725,27.93838],[79.4753,27.93498],[79.45929,27.9329],[79.45722,27.92944],[79.45564,27.91932],[79.45021,27.90204],[79.45185,27.89508],[79.45479,27.88835],[79.4559,27.88199],[79.45697,27.87935],[79.45952,27.87694],[79.46442,27.8645],[79.46557,27.86161],[79.46687,27.86288],[79.47476,27.85476],[79.47591,27.85331],[79.47613,27.84862],[79.46738,27.84806],[79.46335,27.84942],[79.45865,27.85388],[79.44947,27.85468],[79.4473,27.85271],[79.44581,27.84952],[79.44594,27.84619],[79.4389,27.84177],[79.4315,27.84758],[79.43035,27.84987],[79.42287,27.84565],[79.41557,27.84039],[79.41281,27.83927],[79.41059,27.84309],[79.40319,27.84775],[79.40032,27.84818],[79.39693,27.84754],[79.3938,27.84266],[79.39488,27.83922],[79.39377,27.83778],[79.39481,27.83596],[79.3953,27.83238],[79.3921,27.82943],[79.38515,27.82444],[79.38206,27.82327],[79.37798,27.8241],[79.37775,27.82663],[79.37625,27.82768],[79.37052,27.82646],[79.3647,27.82304],[79.36301,27.81307],[79.36446,27.81026],[79.36,27.80892],[79.35676,27.8089],[79.35351,27.80615],[79.35082,27.80111],[79.34646,27.7961],[79.34498,27.79194],[79.34337,27.77762],[79.34002,27.76902],[79.33936,27.76028],[79.34716,27.75813],[79.34837,27.75354],[79.34887,27.74348],[79.34345,27.74106],[79.33539,27.74213],[79.32777,27.74002],[79.3213,27.73397],[79.32146,27.72921],[79.32731,27.72211],[79.33009,27.71571],[79.32995,27.71155],[79.32806,27.70561],[79.33168,27.70252],[79.33289,27.69988],[79.33398,27.68463],[79.33554,27.6829],[79.34262,27.67855],[79.34424,27.67549],[79.34562,27.6682],[79.34315,27.66167],[79.34228,27.65758],[79.34008,27.65833],[79.32449,27.66365],[79.30619,27.67313],[79.3016,27.67627],[79.29942,27.68005],[79.29988,27.6822],[79.29317,27.68637],[79.28771,27.68853],[79.28349,27.68924],[79.2815,27.68618],[79.28379,27.68125],[79.29127,27.67442],[79.29127,27.67379],[79.28806,27.67372],[79.27963,27.67641],[79.26771,27.68163],[79.26469,27.68602],[79.2499,27.68981],[79.24937,27.6908],[79.25089,27.69899],[79.24898,27.7004],[79.24283,27.70104],[79.23506,27.7037],[79.22681,27.71343],[79.22447,27.71194],[79.2223,27.709],[79.22105,27.70533],[79.21796,27.70193],[79.21442,27.70325],[79.21176,27.7052],[79.20905,27.70945],[79.20355,27.71235],[79.1992,27.71301],[79.20052,27.71581],[79.20015,27.73022],[79.20094,27.73488],[79.20322,27.74074],[79.20168,27.74534],[79.19169,27.75206],[79.1865,27.75689],[79.1819,27.76553],[79.17802,27.76996],[79.17271,27.77157],[79.16595,27.77516],[79.16293,27.77846],[79.16515,27.78231],[79.16129,27.78352],[79.15925,27.78527],[79.1571,27.8036],[79.15547,27.80895],[79.15524,27.81493],[79.15267,27.82502],[79.15008,27.82839],[79.14606,27.82876],[79.14312,27.82741],[79.13997,27.82509],[79.13795,27.82232],[79.13277,27.82234],[79.12975,27.82465],[79.13707,27.83532],[79.13385,27.83884],[79.13074,27.84124],[79.12194,27.84791],[79.11719,27.85135],[79.11295,27.85321],[79.09873,27.84366],[79.09156,27.83792],[79.08916,27.83723],[79.08621,27.8377],[79.08217,27.84276],[79.07475,27.84494],[79.07349,27.84414],[79.06783,27.84451],[79.06604,27.84597],[79.06428,27.84909],[79.06238,27.84946],[79.04416,27.8443],[79.03645,27.84291],[79.0228,27.84399],[79.02013,27.84606],[79.01194,27.84827],[79.00647,27.8461],[79.00203,27.8474],[78.99605,27.84555],[78.9928,27.84603],[78.99555,27.85136],[79.00275,27.85911],[79.00625,27.86399],[79.00423,27.86575],[78.99137,27.87191],[78.98983,27.8718],[78.97709,27.87916],[78.96526,27.87266],[78.96236,27.86415],[78.95502,27.85675],[78.95222,27.85587],[78.94794,27.85601],[78.94076,27.85823],[78.93719,27.85793],[78.93061,27.85411],[78.92647,27.85258],[78.92154,27.85514],[78.91084,27.85711],[78.90999,27.8589],[78.91072,27.86136],[78.90935,27.86655],[78.91354,27.8762],[78.91306,27.8815],[78.90304,27.89037],[78.89912,27.8953],[78.89569,27.90152],[78.87925,27.92286],[78.8699,27.91896],[78.86121,27.91652],[78.8556,27.91987],[78.84945,27.92141],[78.84438,27.92531],[78.84142,27.93132],[78.82951,27.93833],[78.81832,27.94237],[78.81253,27.94922],[78.80764,27.95825],[78.79818,27.96074],[78.79649,27.96124],[78.79391,27.95832],[78.79056,27.95671],[78.7853,27.95794],[78.78206,27.9574],[78.77761,27.9581],[78.76263,27.96793],[78.75829,27.96788],[78.7514,27.95564],[78.73811,27.96365],[78.73135,27.96264],[78.72671,27.9674],[78.7225,27.96619],[78.71761,27.96713],[78.71138,27.97067],[78.70821,27.97622],[78.70174,27.9817],[78.69544,27.9889],[78.69408,27.99511],[78.69245,27.99831],[78.67007,28.00674],[78.66627,28.03199],[78.65948,28.0349],[78.65797,28.03796],[78.66135,28.04102],[78.65322,28.0436],[78.64027,28.04489],[78.63451,28.0477],[78.62869,28.05163],[78.62065,28.04405],[78.6104,28.0449],[78.60518,28.04823],[78.60442,28.05122],[78.60128,28.0549],[78.59573,28.05823],[78.60621,28.06188],[78.59641,28.06685],[78.5916,28.07041],[78.5795,28.07412],[78.58348,28.08597],[78.57904,28.08794],[78.57306,28.08656],[78.56677,28.0841],[78.56191,28.08082],[78.5593,28.07771],[78.55502,28.07746],[78.54854,28.07232],[78.5399,28.06917],[78.52556,28.08117],[78.51691,28.08705],[78.49964,28.09375],[78.49792,28.09748],[78.49404,28.0993],[78.49367,28.1163],[78.4901,28.12243],[78.48297,28.12798],[78.47582,28.13006],[78.4558,28.14659],[78.45074,28.15456],[78.44592,28.16476],[78.43822,28.1739],[78.42702,28.17937],[78.41408,28.19447],[78.40965,28.19604],[78.4049,28.20072],[78.40062,28.20264],[78.39162,28.22162],[78.38527,28.23243],[78.3775,28.24219],[78.37211,28.24534],[78.36949,28.26104],[78.36433,28.26843],[78.35693,28.27179],[78.34717,28.27323],[78.32608,28.28177],[78.31181,28.29513],[78.30127,28.31416],[78.2999,28.32076],[78.29984,28.32773],[78.29468,28.33541],[78.29395,28.34162],[78.2887,28.34998],[78.28167,28.36534],[78.27381,28.37787],[78.28345,28.38918],[78.28685,28.39561],[78.28754,28.40082],[78.28502,28.40548],[78.28055,28.40904],[78.28142,28.41438],[78.28362,28.42083],[78.28632,28.42355],[78.29575,28.42752],[78.2979,28.4362],[78.29971,28.44034],[78.30646,28.44042],[78.31589,28.43613],[78.33655,28.44063],[78.34277,28.448],[78.34684,28.45446],[78.35692,28.46231],[78.36901,28.47396],[78.3729,28.47511],[78.37922,28.47456],[78.38201,28.47784],[78.38953,28.47711],[78.39633,28.4754],[78.40092,28.473],[78.40504,28.46729],[78.40868,28.46435],[78.43312,28.47265],[78.43831,28.46659],[78.4456,28.4612],[78.44761,28.45687],[78.44353,28.45037],[78.44707,28.44234],[78.46546,28.43463],[78.47401,28.42662],[78.47841,28.42561],[78.48386,28.42099],[78.48579,28.40371],[78.4838,28.39819],[78.48429,28.39267],[78.48308,28.38637],[78.49698,28.38234],[78.50214,28.37606],[78.51495,28.36388],[78.52442,28.36294],[78.53482,28.36012],[78.55026,28.36278],[78.56829,28.34957],[78.57903,28.35262],[78.58368,28.35634],[78.58711,28.35725],[78.60127,28.35026],[78.60178,28.34554],[78.60983,28.34286],[78.61653,28.34627],[78.62818,28.33925],[78.63503,28.34438],[78.64,28.34316],[78.64964,28.35292],[78.6544,28.35062],[78.65874,28.35285],[78.66045,28.35374],[78.66971,28.35209],[78.67606,28.3594],[78.68092,28.3624],[78.68548,28.3745],[78.68984,28.37877],[78.69636,28.38289],[78.70789,28.38339],[78.71861,28.38821],[78.72087,28.3908],[78.72932,28.38324],[78.73932,28.38171],[78.74436,28.38251],[78.74727,28.38625],[78.74729,28.39004],[78.75604,28.39987],[78.74593,28.40746],[78.75193,28.41641],[78.76691,28.41218],[78.77148,28.40717],[78.77672,28.41026],[78.78089,28.41459],[78.77717,28.42212],[78.78699,28.43296],[78.78428,28.43986],[78.78358,28.44473],[78.79456,28.45592],[78.80709,28.4513],[78.81385,28.45936],[78.8224,28.45967],[78.83013,28.46542],[78.83494,28.46147],[78.83701,28.46364],[78.83842,28.46951],[78.84246,28.47101],[78.84306,28.47567],[78.84657,28.47767],[78.84734,28.48094],[78.85439,28.48077],[78.85987,28.48698],[78.87498,28.48022],[78.88043,28.48847],[78.88545,28.48654]]]}},{"type":"Feature","properties":{"ID_0":105,"ISO":"IND","NAME_0":"India","ID_1":33,"NAME_1":"Uttar Pradesh","ID_2":500,"NAME_2":"Baghpat","NL_NAME_2":null,"VARNAME_2":null,"TYPE_2":"District","ENGTYPE_2":"District","STATE":"Uttar Pradesh","DISTRICT":"Baghpat"},"geometry":{"type":"Polygon","coordinates":[[[77.47809,29.2023],[77.47211,29.18669],[77.45821,29.16073],[77.45265,29.1459],[77.44338,29.13107],[77.43967,29.11902],[77.43967,29.10697],[77.43967,29.0977],[77.43967,29.09214],[77.4406,29.08658],[77.44153,29.07916],[77.44582,29.07057],[77.44508,29.06797],[77.44733,29.0556],[77.4438,29.04189],[77.44343,29.03509],[77.45421,29.03113],[77.4538,29.02498],[77.45347,29.02256],[77.46268,29.0086],[77.46337,29.00626],[77.46909,28.99637],[77.47244,28.99435],[77.46812,28.97803],[77.47057,28.97268],[77.46885,28.96616],[77.45898,28.95508],[77.45405,28.93352],[77.44921,28.93123],[77.44416,28.93173],[77.43629,28.93052],[77.43345,28.92723],[77.43427,28.92256],[77.43066,28.91982],[77.42951,28.91408],[77.42427,28.90906],[77.42461,28.90457],[77.42105,28.89707],[77.41621,28.89157],[77.41345,28.88553],[77.39848,28.8805],[77.39916,28.85421],[77.40909,28.84915],[77.40704,28.84123],[77.3996,28.83944],[77.38766,28.83375],[77.3994,28.82337],[77.39954,28.81756],[77.39472,28.81524],[77.39481,28.80919],[77.40241,28.79656],[77.4022,28.78726],[77.39744,28.78197],[77.37389,28.78682],[77.35941,28.79088],[77.35485,28.79659],[77.35309,28.80702],[77.34347,28.8097],[77.33925,28.80261],[77.33536,28.8003],[77.32225,28.80586],[77.31756,28.80407],[77.31459,28.8002],[77.30769,28.79782],[77.29726,28.79656],[77.29452,28.80227],[77.29422,28.80658],[77.29527,28.81329],[77.29094,28.81546],[77.28853,28.83014],[77.28568,28.83362],[77.2813,28.83712],[77.27699,28.83887],[77.26591,28.83835],[77.25902,28.83685],[77.25232,28.83667],[77.25078,28.83284],[77.24792,28.8294],[77.24407,28.82772],[77.23431,28.82649],[77.22759,28.82864],[77.22543,28.83017],[77.22499,28.83324],[77.21732,28.83528],[77.21062,28.84529],[77.21147,28.85493],[77.20783,28.86022],[77.2048,28.86291],[77.19965,28.86494],[77.19349,28.86535],[77.18687,28.86682],[77.18319,28.87177],[77.17829,28.88004],[77.17804,28.88556],[77.18177,28.8898],[77.1991,28.89268],[77.20531,28.89461],[77.21687,28.90034],[77.22119,28.90413],[77.2215,28.90813],[77.21603,28.91143],[77.20205,28.91556],[77.19677,28.92093],[77.20537,28.93646],[77.20442,28.93998],[77.19079,28.94686],[77.19014,28.95566],[77.19096,28.96165],[77.20375,28.9823],[77.20791,28.99106],[77.21419,29.00596],[77.21404,29.00669],[77.21114,29.01138],[77.2038,29.01672],[77.1916,29.02129],[77.17652,29.03647],[77.16264,29.04857],[77.16164,29.05244],[77.16232,29.06537],[77.15719,29.07753],[77.1493,29.08324],[77.1416,29.08681],[77.13177,29.09465],[77.12438,29.10149],[77.12205,29.10577],[77.12441,29.11346],[77.13621,29.12784],[77.13858,29.13477],[77.12662,29.15402],[77.12734,29.16291],[77.13241,29.17181],[77.13999,29.18208],[77.13814,29.20106],[77.13616,29.20745],[77.13263,29.21312],[77.1277,29.21842],[77.12522,29.22487],[77.12722,29.22814],[77.1428,29.23779],[77.14402,29.24333],[77.14248,29.2516],[77.13499,29.26649],[77.12949,29.27279],[77.13762,29.28747],[77.14437,29.2962],[77.14231,29.30151],[77.14944,29.29909],[77.17136,29.2956],[77.17558,29.29252],[77.1766,29.28878],[77.17619,29.28517],[77.1883,29.28067],[77.19595,29.27937],[77.21312,29.28185],[77.22872,29.28528],[77.23531,29.28518],[77.2431,29.28375],[77.24426,29.28161],[77.24429,29.27642],[77.24525,29.27371],[77.24848,29.27208],[77.25466,29.27155],[77.25929,29.26984],[77.27125,29.27192],[77.27502,29.27025],[77.28158,29.26521],[77.2874,29.26262],[77.29524,29.26574],[77.2984,29.26625],[77.30452,29.26451],[77.31177,29.26108],[77.3137,29.25913],[77.32121,29.25348],[77.34417,29.24455],[77.35336,29.24499],[77.36041,29.24411],[77.37139,29.24122],[77.37289,29.24246],[77.37503,29.24763],[77.378,29.25213],[77.38036,29.25337],[77.3852,29.25344],[77.39227,29.25123],[77.39955,29.25039],[77.41218,29.24262],[77.41783,29.23681],[77.42527,29.23619],[77.43204,29.23158],[77.43892,29.23054],[77.44575,29.23117],[77.44933,29.23268],[77.45092,29.23098],[77.45041,29.2291],[77.45232,29.22501],[77.46245,29.21708],[77.46414,29.21271],[77.47164,29.20841],[77.47453,29.20523],[77.47639,29.20155],[77.47809,29.2023]]]}},{"type":"Feature","properties":{"ID_0":105,"ISO":"IND","NAME_0":"India","ID_1":33,"NAME_1":"Uttar Pradesh","ID_2":501,"NAME_2":"Bahraich","NL_NAME_2":null,"VARNAME_2":null,"TYPE_2":"District","ENGTYPE_2":"District","STATE":"Uttar Pradesh","DISTRICT":"Bahraich"},"geometry":{"type":"MultiPolygon","coordinates":[[[[81.70021,27.9881],[81.70354,27.98541],[81.704,27.98652],[81.75706,27.94296],[81.75882,27.94151],[81.76402,27.93742],[81.80397,27.90545],[81.80261,27.90482],[81.79578,27.90717],[81.79578,27.90764],[81.79248,27.91],[81.79039,27.91141],[81.785,27.91508],[81.77035,27.92551],[81.77035,27.92642],[81.76813,27.9279],[81.76786,27.92857],[81.76069,27.93499],[81.75704,27.9376],[81.75565,27.93863],[81.75145,27.9413],[81.75146,27.94221],[81.74993,27.94344],[81.74916,27.94414],[81.74739,27.94608],[81.74389,27.94908],[81.73572,27.95496],[81.73119,27.95771],[81.73093,27.95833],[81.72956,27.95945],[81.72901,27.95985],[81.72749,27.96101],[81.72775,27.96144],[81.72724,27.96189],[81.71667,27.97125],[81.7159,27.97149],[81.71579,27.97178],[81.71564,27.97216],[81.70995,27.97649],[81.70973,27.97707],[81.70671,27.97951],[81.70564,27.97994],[81.70564,27.9804],[81.69725,27.98663],[81.69675,27.98756],[81.69485,27.9889],[81.69476,27.98937],[81.69463,27.98942],[81.69509,27.98942],[81.70018,27.98812],[81.70021,27.9881]]],[[[81.32302,28.16871],[81.31606,28.16762],[81.31602,28.16763],[81.30624,28.16845],[81.30621,28.16845],[81.30401,28.16772],[81.30384,28.16693],[81.3041,28.1659],[81.30492,28.16292],[81.30601,28.16253],[81.30894,28.16149],[81.31048,28.16097],[81.31142,28.16063],[81.31245,28.15553],[81.31635,28.15744],[81.3219,28.16014],[81.32973,28.14821],[81.32014,28.1451],[81.31945,28.14318],[81.31718,28.13692],[81.31979,28.13342],[81.33619,28.14013],[81.34389,28.13951],[81.37312,28.14222],[81.37504,28.1449],[81.37842,28.14962],[81.38019,28.15541],[81.37967,28.15676],[81.37894,28.15865],[81.37847,28.15876],[81.37049,28.16076],[81.36964,28.16173],[81.3696,28.16178],[81.36875,28.16275],[81.36874,28.16582],[81.36874,28.16586],[81.37112,28.16995],[81.37581,28.17306],[81.37521,28.17542],[81.37694,28.17689],[81.37972,28.17631],[81.39171,28.17369],[81.4125,28.17455],[81.42828,28.17058],[81.44571,28.16214],[81.44877,28.16024],[81.44881,28.16022],[81.44779,28.15591],[81.45229,28.15144],[81.45189,28.15057],[81.45178,28.14199],[81.45177,28.14075],[81.46398,28.13129],[81.46941,28.12708],[81.47451,28.12547],[81.48582,28.11813],[81.48161,28.11005],[81.48022,28.08252],[81.50752,28.06981],[81.53952,28.05351],[81.54907,28.04904],[81.54912,28.04901],[81.58121,28.02942],[81.58842,28.02501],[81.58871,28.02488],[81.58884,28.02443],[81.59888,28.02041],[81.60002,28.01996],[81.61891,28.01026],[81.61977,28.00917],[81.62592,28.00145],[81.62861,28.00156],[81.63793,27.99734],[81.64111,27.99698],[81.64117,27.99697],[81.64523,27.99373],[81.64526,27.99371],[81.65005,27.99328],[81.64871,27.98892],[81.62478,27.95701],[81.61414,27.94371],[81.57691,27.94371],[81.55298,27.94371],[81.5184,27.94903],[81.48383,27.94105],[81.48117,27.91712],[81.48117,27.90382],[81.4865,27.88521],[81.50511,27.86393],[81.52106,27.84266],[81.52372,27.82138],[81.52905,27.80543],[81.56893,27.78416],[81.5902,27.76288],[81.55298,27.73894],[81.55563,27.71767],[81.58488,27.69108],[81.58904,27.68692],[81.58566,27.68402],[81.5821,27.67985],[81.57494,27.66871],[81.5637,27.65865],[81.55706,27.65719],[81.55228,27.66227],[81.55083,27.6691],[81.54616,27.68129],[81.54276,27.68435],[81.5341,27.68739],[81.5323,27.69027],[81.53241,27.69353],[81.53578,27.6978],[81.53822,27.69836],[81.54349,27.69696],[81.54676,27.6974],[81.55046,27.70311],[81.54984,27.70558],[81.54346,27.71107],[81.54237,27.7132],[81.54355,27.71852],[81.54312,27.72105],[81.54087,27.72257],[81.53385,27.71762],[81.52921,27.72057],[81.5209,27.72801],[81.51698,27.7294],[81.50906,27.71731],[81.50636,27.71526],[81.50333,27.715],[81.49094,27.72161],[81.48509,27.7225],[81.48315,27.72066],[81.48442,27.71826],[81.49014,27.71427],[81.48935,27.71129],[81.49065,27.7072],[81.49053,27.70417],[81.48942,27.70182],[81.48557,27.70208],[81.4835,27.70323],[81.48161,27.7079],[81.47661,27.70351],[81.47426,27.70536],[81.47709,27.71641],[81.47724,27.72088],[81.47512,27.72135],[81.46723,27.71331],[81.46509,27.70966],[81.46475,27.70788],[81.46667,27.705],[81.46724,27.70275],[81.46549,27.70019],[81.46239,27.69945],[81.45763,27.6996],[81.45261,27.69745],[81.45214,27.69361],[81.45346,27.69114],[81.44925,27.68268],[81.44315,27.6838],[81.43663,27.68023],[81.43673,27.67402],[81.43819,27.67121],[81.43842,27.66794],[81.44062,27.66753],[81.44942,27.6688],[81.45852,27.67117],[81.46371,27.67152],[81.46643,27.67094],[81.46951,27.66931],[81.47461,27.66475],[81.47775,27.66088],[81.48181,27.65359],[81.48758,27.66101],[81.49023,27.66105],[81.49293,27.6596],[81.49645,27.6614],[81.49972,27.65932],[81.50175,27.6541],[81.50528,27.65006],[81.51057,27.64698],[81.51988,27.64372],[81.51498,27.6395],[81.52382,27.63325],[81.52706,27.62974],[81.53155,27.62747],[81.53426,27.62693],[81.5392,27.63075],[81.54354,27.63284],[81.54644,27.63323],[81.5499,27.63063],[81.55064,27.62747],[81.547,27.62095],[81.54475,27.61885],[81.54247,27.61398],[81.5456,27.61172],[81.54926,27.61045],[81.5527,27.60761],[81.54968,27.59725],[81.54748,27.58235],[81.55508,27.57897],[81.56042,27.58651],[81.56899,27.58313],[81.56986,27.57778],[81.5712,27.57509],[81.57427,27.57265],[81.57234,27.57065],[81.5718,27.5686],[81.57314,27.56583],[81.57576,27.56387],[81.57891,27.56326],[81.58117,27.55827],[81.59045,27.56131],[81.59597,27.5592],[81.59812,27.55626],[81.59882,27.55385],[81.60189,27.55371],[81.60751,27.55512],[81.61592,27.54713],[81.61801,27.53984],[81.6212,27.53804],[81.62766,27.53679],[81.63091,27.54118],[81.63503,27.5419],[81.63821,27.53872],[81.63765,27.53494],[81.63586,27.53185],[81.63369,27.5251],[81.63574,27.52394],[81.64682,27.52163],[81.65088,27.5197],[81.65208,27.51035],[81.65453,27.50305],[81.6576,27.50239],[81.66051,27.50381],[81.66354,27.50711],[81.66626,27.50864],[81.66856,27.50856],[81.67126,27.50736],[81.6834,27.49819],[81.68547,27.49376],[81.68559,27.49141],[81.68385,27.48958],[81.68682,27.486],[81.67941,27.48009],[81.69051,27.47307],[81.69666,27.46752],[81.694,27.45733],[81.6866,27.44465],[81.68769,27.43603],[81.68921,27.4335],[81.68544,27.42521],[81.68945,27.41377],[81.68774,27.40947],[81.68277,27.40337],[81.68074,27.39845],[81.68121,27.39197],[81.68331,27.39063],[81.69242,27.39022],[81.6957,27.3906],[81.70233,27.39427],[81.70535,27.39495],[81.71222,27.39387],[81.71617,27.3928],[81.72026,27.39065],[81.72701,27.38531],[81.73956,27.3784],[81.76131,27.37323],[81.76367,27.37138],[81.76455,27.36936],[81.76279,27.36622],[81.75372,27.36211],[81.74605,27.36475],[81.73145,27.36779],[81.72606,27.36817],[81.72151,27.36729],[81.71879,27.36535],[81.71589,27.36458],[81.70686,27.36562],[81.69812,27.36253],[81.69059,27.35788],[81.68818,27.35503],[81.68752,27.35251],[81.68866,27.34946],[81.6917,27.34692],[81.70756,27.33933],[81.71056,27.33725],[81.71272,27.33454],[81.71346,27.33213],[81.71241,27.33014],[81.7092,27.32637],[81.70721,27.32564],[81.68822,27.32548],[81.68528,27.32631],[81.67711,27.32546],[81.67431,27.32462],[81.67023,27.31919],[81.66862,27.31306],[81.66887,27.30932],[81.67443,27.30654],[81.69541,27.30019],[81.69737,27.29857],[81.6974,27.28502],[81.69489,27.27553],[81.69217,27.27117],[81.68876,27.26805],[81.67815,27.26418],[81.67506,27.26265],[81.67332,27.26048],[81.67227,27.25762],[81.67475,27.24624],[81.67378,27.24315],[81.66858,27.24238],[81.65987,27.24359],[81.65587,27.23961],[81.65527,27.23662],[81.65126,27.23046],[81.65086,27.22719],[81.65249,27.22461],[81.65612,27.22183],[81.65297,27.21852],[81.65435,27.21621],[81.6535,27.21232],[81.65684,27.20518],[81.65612,27.20448],[81.65229,27.20538],[81.64617,27.20972],[81.64397,27.20389],[81.64164,27.20252],[81.64047,27.20053],[81.64042,27.19617],[81.63875,27.1936],[81.63241,27.19256],[81.63228,27.18957],[81.62917,27.18701],[81.6284,27.18518],[81.62914,27.18266],[81.6306,27.1823],[81.63368,27.18405],[81.63676,27.18363],[81.63457,27.17315],[81.63257,27.16614],[81.6344,27.16224],[81.63461,27.15885],[81.63383,27.1585],[81.63027,27.16023],[81.62484,27.16136],[81.62253,27.16033],[81.6216,27.15842],[81.62137,27.15296],[81.62272,27.14582],[81.62234,27.1425],[81.61966,27.14248],[81.61495,27.14391],[81.60643,27.14412],[81.59784,27.14623],[81.59681,27.14261],[81.59402,27.13937],[81.58824,27.13764],[81.58823,27.13309],[81.58477,27.12999],[81.58028,27.12118],[81.57993,27.11803],[81.57896,27.11745],[81.57182,27.12239],[81.56624,27.12473],[81.56671,27.12756],[81.55986,27.12836],[81.55788,27.12176],[81.55496,27.11855],[81.54879,27.11365],[81.54745,27.11139],[81.53828,27.10499],[81.53371,27.1003],[81.53542,27.095],[81.54095,27.08768],[81.53818,27.0871],[81.53509,27.08774],[81.53293,27.08612],[81.53363,27.08083],[81.53503,27.07838],[81.53411,27.07744],[81.53168,27.07837],[81.52982,27.08013],[81.52412,27.08757],[81.52118,27.08859],[81.5179,27.08872],[81.50907,27.08866],[81.50633,27.08774],[81.50078,27.07722],[81.49928,27.06812],[81.49732,27.06393],[81.49387,27.06488],[81.49217,27.06617],[81.48727,27.06687],[81.48525,27.06933],[81.48278,27.06987],[81.48183,27.07272],[81.47066,27.07498],[81.47146,27.08453],[81.46935,27.10667],[81.4648,27.10998],[81.4496,27.11701],[81.44214,27.12676],[81.4403,27.132],[81.4381,27.13877],[81.43466,27.15835],[81.43219,27.17576],[81.43253,27.1801],[81.43332,27.18113],[81.44669,27.18619],[81.45097,27.18895],[81.45174,27.1949],[81.44849,27.20207],[81.44039,27.21201],[81.43641,27.21549],[81.43289,27.22242],[81.43137,27.22364],[81.42925,27.24216],[81.42928,27.25444],[81.42708,27.25974],[81.42658,27.26891],[81.43052,27.28306],[81.43111,27.29492],[81.43346,27.30739],[81.43371,27.31396],[81.4301,27.32128],[81.4177,27.33006],[81.40195,27.34166],[81.40353,27.34457],[81.40615,27.35701],[81.40758,27.36032],[81.40734,27.36526],[81.40551,27.37032],[81.40097,27.37636],[81.39421,27.38052],[81.38358,27.38472],[81.37745,27.39003],[81.37369,27.39532],[81.36805,27.40069],[81.36547,27.40868],[81.36573,27.41108],[81.36294,27.4166],[81.35214,27.42595],[81.35377,27.4287],[81.35088,27.43049],[81.34734,27.43086],[81.34434,27.43236],[81.34061,27.43254],[81.34244,27.43914],[81.3426,27.44665],[81.33815,27.45396],[81.33234,27.45989],[81.32978,27.46094],[81.32805,27.46186],[81.32389,27.46814],[81.32301,27.47078],[81.32618,27.47971],[81.32417,27.48414],[81.3242,27.49182],[81.32316,27.49384],[81.32323,27.49665],[81.31646,27.50041],[81.31037,27.50697],[81.31013,27.50922],[81.31165,27.51666],[81.31352,27.5205],[81.31277,27.52268],[81.30872,27.52328],[81.30913,27.52637],[81.31079,27.52951],[81.31582,27.53213],[81.31639,27.53454],[81.31487,27.53569],[81.30877,27.53766],[81.30758,27.54478],[81.29531,27.54245],[81.29305,27.54256],[81.29503,27.55367],[81.29968,27.55876],[81.30879,27.55603],[81.31134,27.55394],[81.31443,27.55703],[81.31102,27.56818],[81.3102,27.57403],[81.30987,27.60018],[81.30776,27.6026],[81.29487,27.60857],[81.29372,27.61109],[81.29916,27.62219],[81.30003,27.62954],[81.30165,27.63463],[81.30559,27.63834],[81.30895,27.64343],[81.30978,27.6553],[81.30892,27.6658],[81.30536,27.67567],[81.30281,27.68005],[81.29909,27.68351],[81.29272,27.68646],[81.28973,27.69147],[81.28437,27.70353],[81.28418,27.70628],[81.29028,27.71647],[81.29532,27.72322],[81.29333,27.72499],[81.29039,27.72759],[81.29143,27.73131],[81.2906,27.73401],[81.29107,27.73722],[81.28858,27.7409],[81.28614,27.74658],[81.28662,27.74934],[81.286,27.75468],[81.28544,27.75846],[81.27357,27.77022],[81.28445,27.78886],[81.28492,27.79174],[81.28378,27.79627],[81.27973,27.80161],[81.27061,27.80727],[81.26992,27.811],[81.27134,27.81341],[81.2941,27.81904],[81.29693,27.82144],[81.29741,27.82584],[81.29607,27.83199],[81.28784,27.83295],[81.28469,27.83394],[81.2832,27.83549],[81.28331,27.84363],[81.28495,27.85354],[81.2787,27.85431],[81.27492,27.85605],[81.27237,27.86151],[81.27015,27.87012],[81.27101,27.87717],[81.26816,27.8894],[81.27036,27.89162],[81.28597,27.90147],[81.29517,27.91003],[81.29575,27.91272],[81.28944,27.91425],[81.28714,27.91644],[81.28986,27.92043],[81.29072,27.92422],[81.28789,27.93031],[81.28103,27.93739],[81.26896,27.94844],[81.26207,27.95158],[81.24726,27.95468],[81.23916,27.95889],[81.23571,27.97273],[81.2331,27.97991],[81.22536,27.98069],[81.22161,27.98195],[81.2181,27.98622],[81.21662,27.98973],[81.21342,27.99392],[81.20319,28.00072],[81.19897,28.006],[81.18211,28.02178],[81.17522,28.02873],[81.16332,28.04385],[81.15585,28.05017],[81.15515,28.0546],[81.15579,28.05901],[81.15458,28.06263],[81.14921,28.06894],[81.14752,28.07336],[81.15365,28.08501],[81.16829,28.10179],[81.17621,28.11462],[81.17677,28.11775],[81.17533,28.12183],[81.166,28.13281],[81.15279,28.14445],[81.14685,28.14728],[81.13316,28.1571],[81.12122,28.16884],[81.11669,28.17427],[81.1153,28.18018],[81.10467,28.20046],[81.0906,28.22035],[81.08473,28.22504],[81.06771,28.23245],[81.06361,28.23504],[81.05746,28.24094],[81.0525,28.24807],[81.04958,28.25446],[81.05066,28.264],[81.05063,28.27618],[81.04595,28.28171],[81.02822,28.29148],[81.02464,28.29496],[81.02609,28.30007],[81.03658,28.323],[81.04062,28.33031],[81.04731,28.33966],[81.05001,28.34838],[81.04721,28.35834],[81.04402,28.36373],[81.04085,28.36555],[81.02607,28.37128],[81.02537,28.37806],[81.02848,28.38486],[81.03555,28.39326],[81.04662,28.40947],[81.05514,28.40368],[81.05549,28.40345],[81.05762,28.402],[81.06068,28.39992],[81.06397,28.39768],[81.06457,28.39727],[81.07268,28.39166],[81.07465,28.39015],[81.07508,28.38981],[81.08154,28.38484],[81.09112,28.38202],[81.15041,28.37132],[81.19492,28.36382],[81.20446,28.36199],[81.21242,28.36052],[81.21394,28.35922],[81.21512,28.35822],[81.22137,28.34481],[81.23203,28.33031],[81.23629,28.32456],[81.23629,28.32452],[81.2359,28.31573],[81.23454,28.28889],[81.23521,28.28821],[81.23566,28.28777],[81.28222,28.23471],[81.29165,28.22495],[81.29372,28.22281],[81.2938,28.22278],[81.30141,28.21982],[81.32241,28.19717],[81.32016,28.18226],[81.32602,28.17548],[81.3265,28.17492],[81.32302,28.16871]]]]}},{"type":"Feature","properties":{"ID_0":105,"ISO":"IND","NAME_0":"India","ID_1":33,"NAME_1":"Uttar Pradesh","ID_2":502,"NAME_2":"Ballia","NL_NAME_2":null,"VARNAME_2":"Balia","TYPE_2":"District","ENGTYPE_2":"District","STATE":"Uttar Pradesh","DISTRICT":"Ballia"},"geometry":{"type":"Polygon","coordinates":[[[83.84225,26.19218],[83.85464,26.18755],[83.85784,26.18295],[83.85871,26.17652],[83.85828,26.16755],[83.87307,26.1454],[83.88161,26.13806],[83.88975,26.12947],[83.89911,26.12535],[83.90863,26.12365],[83.91619,26.12332],[83.92495,26.12501],[83.9326,26.12812],[83.94125,26.13164],[83.94877,26.13396],[83.95528,26.13411],[83.96264,26.13018],[83.9677,26.12481],[83.97141,26.11849],[83.98366,26.11886],[83.99104,26.11826],[83.99879,26.11346],[84.00948,26.11557],[84.0299,26.09862],[84.03828,26.09564],[84.0409,26.09636],[84.04713,26.09309],[84.04906,26.0997],[84.06924,26.09912],[84.08114,26.09977],[84.09104,26.09654],[84.10717,26.08171],[84.11605,26.07488],[84.12792,26.05553],[84.13667,26.04701],[84.15903,26.03224],[84.16727,26.02547],[84.16601,26.0027],[84.16623,25.9915],[84.17024,25.99166],[84.17244,25.99879],[84.17641,25.99775],[84.19228,25.98954],[84.19475,25.9913],[84.20181,26.00056],[84.21413,25.9962],[84.22344,25.99117],[84.23523,25.986],[84.24049,25.98276],[84.24455,25.97682],[84.25467,25.97109],[84.26459,25.96726],[84.27537,25.96129],[84.28366,25.9556],[84.29156,25.94828],[84.29633,25.94699],[84.30311,25.94639],[84.30927,25.94689],[84.31385,25.94797],[84.34371,25.95873],[84.3488,25.95998],[84.35139,25.95934],[84.36501,25.95053],[84.38629,25.93818],[84.4083,25.93135],[84.40929,25.92438],[84.41754,25.91144],[84.42152,25.90221],[84.42417,25.89834],[84.42332,25.89242],[84.42769,25.89119],[84.43118,25.89267],[84.44372,25.88967],[84.45066,25.89022],[84.46105,25.88873],[84.46655,25.88369],[84.47868,25.88836],[84.48528,25.88925],[84.50652,25.87238],[84.52864,25.87774],[84.53165,25.87272],[84.54055,25.86212],[84.53991,25.86036],[84.52826,25.86473],[84.52,25.86115],[84.52625,25.85541],[84.52698,25.83433],[84.53292,25.83223],[84.54425,25.82998],[84.54685,25.84132],[84.55655,25.83751],[84.57142,25.82984],[84.58716,25.8196],[84.5982,25.80965],[84.61089,25.80066],[84.61683,25.79555],[84.62022,25.79409],[84.62112,25.79236],[84.61906,25.78897],[84.62075,25.77238],[84.61467,25.77242],[84.61014,25.77728],[84.60289,25.77244],[84.60053,25.76063],[84.60319,25.75757],[84.61488,25.75284],[84.62233,25.74732],[84.62628,25.7416],[84.6299,25.73311],[84.6306,25.72834],[84.62419,25.72791],[84.61306,25.73074],[84.59552,25.73911],[84.55563,25.73641],[84.55897,25.72165],[84.55861,25.70098],[84.5564,25.68857],[84.55233,25.68403],[84.53139,25.69283],[84.53587,25.72649],[84.53047,25.72462],[84.52795,25.71537],[84.52459,25.68435],[84.51638,25.67771],[84.50577,25.68226],[84.49903,25.67739],[84.48839,25.67785],[84.48934,25.69109],[84.46651,25.68551],[84.46032,25.69071],[84.46276,25.69588],[84.4632,25.69864],[84.45878,25.69843],[84.45866,25.70321],[84.45517,25.71031],[84.44901,25.71138],[84.44878,25.71449],[84.43855,25.71068],[84.43247,25.71208],[84.42417,25.71172],[84.42361,25.69508],[84.4109,25.69847],[84.40188,25.6995],[84.39711,25.70907],[84.40044,25.71689],[84.39547,25.7244],[84.39312,25.72602],[84.39365,25.7289],[84.38117,25.73425],[84.38448,25.73768],[84.38853,25.74428],[84.38001,25.74869],[84.37296,25.74227],[84.36954,25.74373],[84.36758,25.7417],[84.37169,25.7383],[84.36951,25.73601],[84.36617,25.73844],[84.35441,25.74362],[84.33749,25.74513],[84.33129,25.74457],[84.32562,25.7371],[84.32443,25.73327],[84.32319,25.72313],[84.32356,25.704],[84.32072,25.68208],[84.31859,25.67194],[84.31339,25.66891],[84.31213,25.67243],[84.29877,25.67179],[84.29478,25.67416],[84.29213,25.67705],[84.28777,25.67632],[84.28358,25.67714],[84.28219,25.67461],[84.2928,25.66853],[84.29013,25.66283],[84.28558,25.66153],[84.27292,25.66169],[84.26843,25.66326],[84.2476,25.66281],[84.23322,25.66396],[84.21708,25.66406],[84.20291,25.66964],[84.19951,25.67235],[84.1972,25.69223],[84.19431,25.70342],[84.17398,25.71574],[84.1675,25.72175],[84.15551,25.72594],[84.14823,25.73096],[84.14525,25.72861],[84.14835,25.72601],[84.14453,25.72061],[84.13573,25.71688],[84.1293,25.71736],[84.12655,25.71852],[84.1315,25.72393],[84.13676,25.72375],[84.1367,25.72754],[84.13512,25.73163],[84.12309,25.72395],[84.10787,25.72364],[84.09439,25.72038],[84.08289,25.71269],[84.06965,25.69561],[84.07356,25.68357],[84.07403,25.6725],[84.0797,25.65273],[84.07651,25.63753],[84.05683,25.63222],[84.02822,25.62274],[84.01424,25.61613],[84.00005,25.60772],[83.99157,25.60102],[83.95588,25.57543],[83.94432,25.56734],[83.93967,25.56543],[83.9253,25.56315],[83.92098,25.56173],[83.92237,25.56805],[83.92508,25.57038],[83.92572,25.57952],[83.92529,25.58835],[83.92711,25.58908],[83.93013,25.58376],[83.93195,25.58226],[83.93501,25.58197],[83.93682,25.58328],[83.93455,25.58989],[83.93755,25.59211],[83.9332,25.60568],[83.92941,25.61463],[83.92736,25.61859],[83.92093,25.62188],[83.9144,25.6352],[83.91508,25.63813],[83.91901,25.63923],[83.92445,25.64244],[83.92774,25.64988],[83.92876,25.65789],[83.93382,25.66141],[83.93573,25.66534],[83.93621,25.67035],[83.93952,25.67748],[83.94602,25.67786],[83.95035,25.68019],[83.95264,25.68291],[83.95539,25.69027],[83.95486,25.69171],[83.95286,25.69227],[83.94745,25.69008],[83.94481,25.68813],[83.94548,25.69218],[83.94476,25.70474],[83.93155,25.70932],[83.92802,25.71138],[83.93378,25.72494],[83.94119,25.72464],[83.94483,25.72352],[83.94783,25.72847],[83.95101,25.72724],[83.95299,25.72818],[83.95425,25.73123],[83.95172,25.73311],[83.9446,25.73635],[83.94236,25.73863],[83.9411,25.74128],[83.94184,25.7437],[83.94569,25.74594],[83.94697,25.74795],[83.94643,25.7496],[83.94073,25.75247],[83.94258,25.75661],[83.94215,25.75849],[83.93726,25.75939],[83.93141,25.76363],[83.92164,25.76881],[83.91824,25.76834],[83.91662,25.75776],[83.91055,25.75165],[83.90677,25.74996],[83.90402,25.75085],[83.90154,25.75413],[83.90259,25.75677],[83.90848,25.76108],[83.90031,25.76638],[83.89483,25.76015],[83.89454,25.75856],[83.88743,25.76223],[83.87509,25.76513],[83.87213,25.77412],[83.86967,25.77746],[83.86127,25.78001],[83.85446,25.79504],[83.85225,25.79732],[83.84923,25.79853],[83.84657,25.79732],[83.84725,25.79449],[83.84593,25.79113],[83.84309,25.78831],[83.84038,25.78847],[83.83479,25.79283],[83.83185,25.79339],[83.83127,25.79071],[83.83436,25.78468],[83.83379,25.78193],[83.82964,25.78196],[83.82584,25.79036],[83.81281,25.77893],[83.80725,25.77535],[83.80442,25.77512],[83.80319,25.77715],[83.80401,25.77966],[83.81081,25.78517],[83.81141,25.7874],[83.80816,25.78907],[83.80401,25.79494],[83.79826,25.79919],[83.79488,25.80062],[83.79079,25.80409],[83.79417,25.80862],[83.79442,25.81201],[83.7922,25.81412],[83.78277,25.80946],[83.77899,25.80987],[83.77094,25.81628],[83.75753,25.82536],[83.75518,25.8281],[83.75076,25.83066],[83.74525,25.8358],[83.73868,25.84367],[83.73867,25.84626],[83.74102,25.85289],[83.74094,25.85588],[83.73936,25.85821],[83.73664,25.85791],[83.73508,25.85558],[83.7346,25.84835],[83.72618,25.84878],[83.72343,25.84974],[83.7215,25.8511],[83.72081,25.85445],[83.7239,25.85862],[83.7304,25.86334],[83.73703,25.86945],[83.73829,25.87176],[83.73801,25.87982],[83.73883,25.88459],[83.74229,25.88812],[83.74773,25.89106],[83.75459,25.90004],[83.75908,25.90178],[83.76129,25.90448],[83.77122,25.90771],[83.77438,25.90767],[83.77684,25.91043],[83.77998,25.91659],[83.78439,25.92016],[83.7868,25.92345],[83.78977,25.925],[83.79018,25.93006],[83.78961,25.93323],[83.78667,25.93415],[83.77995,25.9346],[83.77787,25.93529],[83.77653,25.93713],[83.77872,25.94701],[83.77493,25.95053],[83.78191,25.97584],[83.78561,25.98213],[83.78626,25.98478],[83.78897,25.98622],[83.78877,25.98892],[83.78676,25.99158],[83.78497,25.9918],[83.78283,25.98771],[83.77847,25.98909],[83.77612,25.98833],[83.77594,25.98615],[83.77183,25.98229],[83.76875,25.98022],[83.76672,25.98107],[83.76588,25.98337],[83.76633,25.98515],[83.7693,25.98671],[83.77032,25.9889],[83.77125,25.99529],[83.76954,25.99673],[83.76774,26.00303],[83.76562,26.00399],[83.76372,26.00425],[83.76118,26.00374],[83.75878,26.00306],[83.75688,26.00149],[83.75174,26.00017],[83.74677,26.00194],[83.74603,26.00308],[83.74229,26.00506],[83.73508,26.0068],[83.7319,26.00903],[83.72912,26.00953],[83.72372,26.00873],[83.71973,26.00946],[83.71684,26.00894],[83.70371,26.01355],[83.70004,26.01359],[83.69854,26.01204],[83.69717,26.00789],[83.69537,26.00719],[83.69137,26.00925],[83.68713,26.00825],[83.68458,26.00916],[83.6805,26.01202],[83.66856,26.02599],[83.67101,26.03135],[83.67188,26.04832],[83.67437,26.05674],[83.68092,26.06028],[83.67953,26.0647],[83.67344,26.07347],[83.67373,26.07791],[83.68488,26.07863],[83.69204,26.08844],[83.6965,26.09271],[83.70146,26.09611],[83.70568,26.09763],[83.70982,26.09551],[83.71219,26.09167],[83.71764,26.09094],[83.72176,26.0924],[83.72385,26.0909],[83.72438,26.08705],[83.72863,26.08568],[83.73252,26.08754],[83.7356,26.09122],[83.73815,26.09134],[83.74379,26.08895],[83.74822,26.08896],[83.74858,26.09195],[83.74506,26.09752],[83.74606,26.09919],[83.74981,26.09879],[83.75515,26.09674],[83.75889,26.0964],[83.75562,26.10279],[83.75892,26.10222],[83.78152,26.10826],[83.78653,26.11028],[83.78668,26.11212],[83.79058,26.11834],[83.79404,26.13083],[83.79713,26.13342],[83.79913,26.1374],[83.79877,26.14176],[83.79442,26.146],[83.78086,26.15391],[83.77362,26.16038],[83.77236,26.16302],[83.77557,26.16694],[83.79591,26.17758],[83.80132,26.18126],[83.80328,26.18385],[83.80375,26.18776],[83.80219,26.19323],[83.80952,26.19136],[83.81808,26.19075],[83.82543,26.19169],[83.8317,26.19429],[83.84225,26.19218]]]}},{"type":"Feature","properties":{"ID_0":105,"ISO":"IND","NAME_0":"India","ID_1":33,"NAME_1":"Uttar Pradesh","ID_2":503,"NAME_2":"Balrampur","NL_NAME_2":null,"VARNAME_2":null,"TYPE_2":"District","ENGTYPE_2":"District","STATE":"Uttar Pradesh","DISTRICT":"Balrampur"},"geometry":{"type":"Polygon","coordinates":[[[82.2547,27.80993],[82.30499,27.77298],[82.30579,27.77243],[82.31712,27.76632],[82.33842,27.75462],[82.35304,27.74881],[82.36902,27.74241],[82.38408,27.72047],[82.38412,27.72042],[82.40332,27.70291],[82.40369,27.70255],[82.40372,27.70253],[82.40472,27.70213],[82.41472,27.69811],[82.41476,27.69808],[82.42573,27.69052],[82.42918,27.68814],[82.42922,27.68813],[82.439,27.68491],[82.45071,27.67862],[82.46733,27.67684],[82.47512,27.67634],[82.47516,27.67634],[82.48382,27.68271],[82.48386,27.68268],[82.48597,27.68056],[82.49192,27.68105],[82.49442,27.68402],[82.50224,27.68482],[82.51811,27.69024],[82.51815,27.69023],[82.53248,27.68653],[82.53294,27.68641],[82.54065,27.68752],[82.54314,27.68554],[82.55141,27.68862],[82.55147,27.68864],[82.5535,27.68849],[82.55643,27.68827],[82.56389,27.69163],[82.58688,27.69846],[82.5956,27.69674],[82.60205,27.70403],[82.60527,27.70518],[82.60592,27.70542],[82.60702,27.70579],[82.62081,27.70206],[82.62124,27.70241],[82.62951,27.70902],[82.62962,27.71021],[82.62975,27.71139],[82.64044,27.7089],[82.65722,27.71313],[82.66617,27.72195],[82.66618,27.7219],[82.66656,27.72079],[82.6684,27.71549],[82.68272,27.71362],[82.69112,27.71502],[82.70088,27.72159],[82.70122,27.72182],[82.70395,27.71611],[82.70704,27.71636],[82.70975,27.72138],[82.70992,27.7217],[82.70752,27.71102],[82.70782,27.70271],[82.71191,27.69522],[82.71762,27.69163],[82.72021,27.68731],[82.72023,27.68727],[82.71857,27.68432],[82.71692,27.68131],[82.71722,27.67622],[82.71724,27.67611],[82.71812,27.67547],[82.71799,27.67245],[82.718,27.67237],[82.71802,27.67232],[82.71513,27.67075],[82.71786,27.66789],[82.71739,27.66706],[82.71741,27.66702],[82.71735,27.66698],[82.71687,27.66615],[82.71375,27.66494],[82.71622,27.66241],[82.72234,27.66155],[82.72233,27.66151],[82.72097,27.65882],[82.72234,27.6572],[82.72459,27.65837],[82.72569,27.65894],[82.72654,27.65861],[82.72668,27.65855],[82.72756,27.6582],[82.73225,27.65279],[82.73241,27.65261],[82.7334,27.64887],[82.73309,27.64833],[82.73278,27.64776],[82.73217,27.64776],[82.73038,27.64665],[82.73005,27.6454],[82.73551,27.64602],[82.73527,27.64252],[82.73812,27.64303],[82.73962,27.64055],[82.73949,27.63682],[82.73701,27.63545],[82.73703,27.63543],[82.74011,27.63185],[82.73564,27.62837],[82.73862,27.62576],[82.73771,27.62503],[82.73676,27.62427],[82.73281,27.62388],[82.73862,27.62152],[82.73503,27.61853],[82.73713,27.61607],[82.73683,27.61534],[82.73715,27.61334],[82.73825,27.61122],[82.73762,27.61042],[82.73688,27.60948],[82.74052,27.60652],[82.74422,27.60452],[82.7473,27.60014],[82.74682,27.59519],[82.7517,27.5937],[82.75198,27.59344],[82.75739,27.58835],[82.75758,27.58764],[82.75764,27.58744],[82.75788,27.58661],[82.75416,27.58388],[82.75291,27.57681],[82.7508,27.57605],[82.751,27.57501],[82.75117,27.57406],[82.74979,27.57198],[82.74972,27.57182],[82.75341,27.56549],[82.74992,27.56261],[82.74598,27.56124],[82.74595,27.56119],[82.74886,27.55525],[82.74906,27.55492],[82.74902,27.55491],[82.74371,27.55393],[82.74197,27.55145],[82.74011,27.55194],[82.74049,27.55033],[82.74162,27.5501],[82.74297,27.54983],[82.73962,27.54673],[82.74171,27.54532],[82.74397,27.54598],[82.74272,27.54461],[82.74458,27.54324],[82.74345,27.54283],[82.74322,27.54275],[82.74371,27.54125],[82.74393,27.54122],[82.74508,27.54101],[82.74377,27.53999],[82.74347,27.53976],[82.74358,27.53856],[82.74371,27.53703],[82.74336,27.53696],[82.74332,27.53662],[82.74445,27.53559],[82.74583,27.53566],[82.74657,27.53392],[82.74522,27.53373],[82.74483,27.53367],[82.74404,27.53209],[82.74394,27.53195],[82.74707,27.53206],[82.747,27.53177],[82.74821,27.53172],[82.74737,27.5302],[82.74918,27.53144],[82.74712,27.52889],[82.74707,27.52883],[82.74734,27.52866],[82.74893,27.52771],[82.74879,27.52715],[82.74844,27.52572],[82.74947,27.52617],[82.75043,27.52659],[82.7513,27.52448],[82.75053,27.52382],[82.75072,27.52341],[82.75034,27.52283],[82.75142,27.52261],[82.74906,27.51938],[82.74862,27.52022],[82.74819,27.52087],[82.74424,27.52099],[82.74412,27.52102],[82.74512,27.51653],[82.73972,27.51822],[82.73911,27.50901],[82.73962,27.50857],[82.73711,27.50821],[82.73704,27.50454],[82.7357,27.50448],[82.73518,27.50403],[82.73116,27.50503],[82.73004,27.50591],[82.72997,27.50581],[82.72542,27.49484],[82.72195,27.4887],[82.71714,27.48402],[82.71097,27.47525],[82.71055,27.47064],[82.71241,27.4663],[82.7141,27.46536],[82.71978,27.46439],[82.72384,27.4646],[82.72646,27.4638],[82.72766,27.45905],[82.73091,27.45522],[82.73608,27.45403],[82.73845,27.4492],[82.74674,27.44097],[82.75024,27.43599],[82.75118,27.43092],[82.75623,27.41931],[82.7502,27.41368],[82.7431,27.4127],[82.73998,27.41339],[82.73463,27.42099],[82.72945,27.42294],[82.72796,27.42229],[82.72578,27.41768],[82.72559,27.41546],[82.72245,27.41114],[82.72099,27.41241],[82.72148,27.41526],[82.71996,27.41829],[82.71763,27.41653],[82.71273,27.40881],[82.71066,27.40682],[82.70745,27.4086],[82.70593,27.4115],[82.71064,27.4173],[82.71134,27.41981],[82.70787,27.41972],[82.70449,27.41872],[82.70033,27.42644],[82.69778,27.42776],[82.69614,27.42729],[82.69936,27.41648],[82.69905,27.41525],[82.69688,27.41669],[82.69337,27.4222],[82.68887,27.42485],[82.68794,27.42433],[82.68797,27.42206],[82.69023,27.41532],[82.68993,27.41356],[82.68587,27.41301],[82.68552,27.41674],[82.68256,27.41865],[82.68082,27.41695],[82.67822,27.41634],[82.67658,27.41919],[82.67116,27.41875],[82.65882,27.41087],[82.65544,27.41097],[82.65004,27.40924],[82.64539,27.40903],[82.64326,27.41357],[82.64404,27.41456],[82.6481,27.41372],[82.65572,27.41441],[82.6582,27.41495],[82.66262,27.41812],[82.66212,27.42149],[82.66016,27.42218],[82.65671,27.42099],[82.65107,27.41583],[82.64957,27.41576],[82.64734,27.41849],[82.64071,27.41588],[82.63655,27.41528],[82.63023,27.41308],[82.62865,27.41301],[82.62693,27.41765],[82.62562,27.418],[82.61989,27.41021],[82.61739,27.40915],[82.61472,27.40943],[82.61803,27.4127],[82.61837,27.41691],[82.61721,27.41655],[82.61483,27.41303],[82.61275,27.4125],[82.61115,27.41633],[82.61103,27.4225],[82.60977,27.42367],[82.60703,27.4244],[82.6041,27.42373],[82.60096,27.42192],[82.59698,27.42387],[82.59242,27.41796],[82.58952,27.4177],[82.58833,27.41968],[82.5896,27.42452],[82.5888,27.42579],[82.57794,27.42333],[82.5767,27.43044],[82.57395,27.43111],[82.56808,27.43054],[82.56791,27.4267],[82.56885,27.42379],[82.56696,27.42256],[82.56326,27.42336],[82.56097,27.42269],[82.56438,27.4145],[82.56393,27.41322],[82.55791,27.4073],[82.5554,27.4035],[82.54668,27.40325],[82.54558,27.40098],[82.54444,27.39131],[82.53934,27.3915],[82.53371,27.37929],[82.53265,27.37655],[82.52691,27.37394],[82.52448,27.37078],[82.52141,27.37081],[82.51816,27.37609],[82.51667,27.37597],[82.51211,27.36877],[82.5043,27.37349],[82.50003,27.37479],[82.49355,27.37289],[82.49023,27.37065],[82.48307,27.36389],[82.47883,27.35501],[82.47922,27.35123],[82.4839,27.34339],[82.4818,27.34035],[82.47324,27.33499],[82.4663,27.33345],[82.46223,27.33346],[82.46128,27.33159],[82.46243,27.32845],[82.46651,27.32568],[82.47109,27.32519],[82.48198,27.32678],[82.4908,27.33181],[82.4929,27.33187],[82.49983,27.32912],[82.50144,27.32728],[82.50425,27.32233],[82.5036,27.31761],[82.50229,27.31702],[82.49483,27.32198],[82.48915,27.32328],[82.48537,27.32162],[82.47955,27.31663],[82.47681,27.31293],[82.47604,27.31059],[82.47611,27.30576],[82.47762,27.30041],[82.47952,27.29978],[82.48433,27.30214],[82.49125,27.30716],[82.50294,27.31138],[82.50628,27.3111],[82.50536,27.30689],[82.49919,27.30429],[82.4855,27.29652],[82.48183,27.29321],[82.48093,27.29128],[82.48141,27.28586],[82.49488,27.2852],[82.50185,27.2846],[82.50312,27.28094],[82.49627,27.2736],[82.49523,27.26457],[82.49744,27.26452],[82.50285,27.2662],[82.51328,27.2669],[82.51534,27.26522],[82.51693,27.25929],[82.51462,27.25729],[82.50964,27.25784],[82.49841,27.25654],[82.49574,27.25168],[82.48888,27.24721],[82.48873,27.24469],[82.49424,27.24281],[82.51002,27.24046],[82.51344,27.23932],[82.5144,27.23722],[82.50726,27.22878],[82.50357,27.22188],[82.50291,27.21906],[82.50338,27.2182],[82.50586,27.21828],[82.51012,27.22104],[82.51292,27.2217],[82.51566,27.22172],[82.51858,27.22017],[82.52232,27.21931],[82.54301,27.22336],[82.54552,27.22267],[82.54691,27.22041],[82.54661,27.21271],[82.54517,27.21182],[82.53792,27.21247],[82.53644,27.21072],[82.53706,27.2085],[82.54699,27.20541],[82.54839,27.20386],[82.55238,27.20277],[82.55847,27.19557],[82.55975,27.1933],[82.55946,27.19079],[82.55792,27.18915],[82.55161,27.18806],[82.54804,27.1867],[82.54543,27.18698],[82.53989,27.18944],[82.52307,27.18987],[82.51469,27.18689],[82.5097,27.18033],[82.50481,27.1831],[82.50209,27.19311],[82.5004,27.19601],[82.49525,27.19844],[82.48667,27.20035],[82.48006,27.20352],[82.4759,27.20688],[82.47365,27.20855],[82.46772,27.20659],[82.45596,27.1977],[82.45105,27.1972],[82.44652,27.19408],[82.44318,27.19068],[82.43953,27.18995],[82.43222,27.1832],[82.4306,27.18144],[82.42947,27.17775],[82.43154,27.17217],[82.43495,27.16607],[82.44395,27.15732],[82.44652,27.1571],[82.45138,27.15929],[82.45585,27.16265],[82.45833,27.16325],[82.46761,27.16052],[82.47069,27.16024],[82.47285,27.16136],[82.47227,27.16387],[82.46178,27.16805],[82.46229,27.16981],[82.46404,27.17075],[82.47231,27.16999],[82.47159,27.17284],[82.47554,27.17089],[82.4758,27.16879],[82.47842,27.16939],[82.4804,27.17092],[82.4791,27.1663],[82.48035,27.16539],[82.48276,27.16626],[82.48456,27.16534],[82.48642,27.16104],[82.47192,27.15576],[82.46159,27.12273],[82.4492,27.10002],[82.43063,27.07112],[82.38934,27.05047],[82.37075,27.06905],[82.33978,27.10002],[82.30675,27.12067],[82.2572,27.14751],[82.22906,27.1539],[82.23242,27.15865],[82.23311,27.16193],[82.23138,27.16366],[82.22603,27.16141],[82.22562,27.16371],[82.22378,27.16418],[82.22436,27.16575],[82.22274,27.16936],[82.22238,27.17262],[82.22068,27.17313],[82.21748,27.17776],[82.21906,27.18979],[82.22015,27.19258],[82.22677,27.20212],[82.22662,27.21074],[82.22845,27.21635],[82.23123,27.21993],[82.23491,27.22153],[82.23435,27.22549],[82.23622,27.22865],[82.25555,27.23707],[82.26189,27.24296],[82.26471,27.24251],[82.27023,27.23923],[82.27645,27.23322],[82.28085,27.22656],[82.28549,27.22217],[82.29203,27.22233],[82.29344,27.22282],[82.29434,27.22474],[82.29703,27.2292],[82.29758,27.2324],[82.29706,27.23793],[82.29398,27.23826],[82.29247,27.23924],[82.29074,27.24155],[82.28673,27.24391],[82.28514,27.246],[82.28464,27.24809],[82.28619,27.25404],[82.28158,27.25284],[82.27825,27.25346],[82.27652,27.25484],[82.2786,27.25714],[82.27705,27.26091],[82.27592,27.26037],[82.26978,27.26044],[82.26979,27.25974],[82.26681,27.25849],[82.26485,27.25866],[82.26398,27.25992],[82.26615,27.26285],[82.265,27.2668],[82.26376,27.26773],[82.26048,27.26712],[82.25754,27.26855],[82.25672,27.27029],[82.25195,27.27188],[82.25019,27.27076],[82.24758,27.27044],[82.24447,27.27304],[82.24508,27.28237],[82.24364,27.28311],[82.23904,27.28302],[82.23718,27.2872],[82.22984,27.28918],[82.22746,27.29055],[82.21442,27.3037],[82.20968,27.30422],[82.20685,27.30601],[82.19395,27.31031],[82.19488,27.31335],[82.1969,27.31524],[82.19668,27.31635],[82.19556,27.31698],[82.19133,27.31682],[82.18432,27.31954],[82.18262,27.32448],[82.18032,27.32545],[82.17463,27.32283],[82.17338,27.32387],[82.17137,27.32792],[82.16763,27.33074],[82.16473,27.33194],[82.16254,27.32906],[82.16099,27.32917],[82.1566,27.33139],[82.15079,27.3318],[82.14944,27.32941],[82.14698,27.3281],[82.14474,27.32901],[82.1426,27.33451],[82.13361,27.34259],[82.1338,27.34416],[82.13668,27.34774],[82.13766,27.35107],[82.13718,27.35369],[82.13374,27.35867],[82.13345,27.36047],[82.12939,27.36753],[82.12571,27.36884],[82.12256,27.37096],[82.12219,27.37353],[82.12078,27.37561],[82.11752,27.37633],[82.11477,27.37833],[82.10724,27.37926],[82.1024,27.38031],[82.10143,27.38112],[82.10065,27.38437],[82.10167,27.38659],[82.11133,27.39572],[82.1109,27.39874],[82.10904,27.40165],[82.10826,27.41031],[82.10291,27.41037],[82.09859,27.41231],[82.09588,27.40937],[82.09322,27.40374],[82.09131,27.40152],[82.09013,27.40144],[82.0865,27.40386],[82.08477,27.40658],[82.08131,27.40625],[82.07948,27.40797],[82.07544,27.4024],[82.07305,27.40028],[82.07109,27.40032],[82.06812,27.40327],[82.0654,27.4118],[82.06964,27.42129],[82.07508,27.42799],[82.06046,27.43158],[82.06393,27.43948],[82.06375,27.44542],[82.06015,27.44786],[82.05608,27.44615],[82.04555,27.45522],[82.05039,27.50272],[82.04319,27.50628],[82.04338,27.52575],[82.03918,27.53047],[82.03494,27.5389],[82.04541,27.54014],[82.04526,27.5434],[82.03518,27.54625],[82.03409,27.5478],[82.03318,27.54907],[82.04221,27.55457],[82.04533,27.55844],[82.04286,27.56382],[82.03918,27.56789],[82.03222,27.55479],[82.0288,27.55349],[82.02336,27.55728],[82.02615,27.56594],[82.0237,27.56917],[82.02522,27.57503],[82.01727,27.58088],[82.0139,27.58775],[82.0156,27.5935],[82.0201,27.60168],[82.02502,27.60337],[82.03443,27.61848],[82.04575,27.62302],[82.05022,27.62938],[82.05882,27.62724],[82.06232,27.6304],[82.06751,27.63227],[82.07695,27.64347],[82.0741,27.65504],[82.08675,27.66614],[82.08671,27.6697],[82.08389,27.67516],[82.09457,27.68779],[82.1005,27.68662],[82.11107,27.6984],[82.11428,27.6987],[82.11903,27.70663],[82.1173,27.71196],[82.12302,27.71439],[82.12403,27.71694],[82.12022,27.72014],[82.12336,27.72621],[82.12492,27.73318],[82.11378,27.74201],[82.12003,27.74403],[82.12551,27.74747],[82.1307,27.75357],[82.13301,27.7592],[82.13217,27.76429],[82.13419,27.77166],[82.13741,27.77395],[82.14181,27.7746],[82.14406,27.77679],[82.14384,27.78041],[82.1509,27.78802],[82.1558,27.79594],[82.15812,27.79754],[82.17208,27.79469],[82.1744,27.80055],[82.17875,27.79945],[82.18674,27.8088],[82.19046,27.81149],[82.19034,27.81586],[82.19231,27.82202],[82.19532,27.82647],[82.19646,27.84061],[82.19798,27.84752],[82.20195,27.84605],[82.21021,27.84299],[82.23105,27.82191],[82.23233,27.82062],[82.25345,27.81053],[82.2547,27.80993]]]}},{"type":"Feature","properties":{"ID_0":105,"ISO":"IND","NAME_0":"India","ID_1":33,"NAME_1":"Uttar Pradesh","ID_2":504,"NAME_2":"Banda","NL_NAME_2":null,"VARNAME_2":null,"TYPE_2":"District","ENGTYPE_2":"District","STATE":"Uttar Pradesh","DISTRICT":"Banda"},"geometry":{"type":"Polygon","coordinates":[[[80.54012,25.84865],[80.52706,25.83992],[80.52101,25.83857],[80.50527,25.83778],[80.49568,25.83908],[80.47306,25.83816],[80.46269,25.83541],[80.45564,25.82706],[80.45666,25.82295],[80.4606,25.81481],[80.46366,25.81082],[80.47229,25.80516],[80.48531,25.79446],[80.4904,25.79119],[80.5147,25.78142],[80.52296,25.78043],[80.53579,25.7818],[80.56774,25.78761],[80.57151,25.78471],[80.57111,25.7777],[80.56605,25.76614],[80.54877,25.74272],[80.54712,25.73926],[80.55163,25.73087],[80.56905,25.72178],[80.57677,25.71861],[80.58266,25.71485],[80.59116,25.71206],[80.59853,25.71108],[80.6048,25.71191],[80.61256,25.71161],[80.62074,25.70894],[80.64553,25.70634],[80.66245,25.69984],[80.66853,25.69831],[80.66956,25.69802],[80.68581,25.69585],[80.70343,25.68752],[80.71132,25.68522],[80.72372,25.68592],[80.73438,25.68513],[80.74868,25.68651],[80.75876,25.68859],[80.77583,25.6947],[80.78778,25.70022],[80.79609,25.70535],[80.80582,25.71322],[80.81336,25.72288],[80.8194,25.72819],[80.82716,25.73188],[80.83653,25.72805],[80.83913,25.7241],[80.84295,25.70485],[80.84901,25.69308],[80.85054,25.68505],[80.85419,25.68023],[80.86114,25.67807],[80.87112,25.67863],[80.87723,25.67992],[80.89374,25.68133],[80.91133,25.68558],[80.92315,25.69036],[80.92799,25.69151],[80.93454,25.68959],[80.93835,25.68529],[80.93891,25.68464],[80.94096,25.67901],[80.94186,25.6732],[80.9416,25.66707],[80.9386,25.65188],[80.93667,25.64644],[80.93622,25.63839],[80.93697,25.63122],[80.93925,25.62509],[80.95015,25.61227],[80.9571,25.61159],[80.96267,25.61277],[80.96505,25.61499],[80.97189,25.6189],[80.99131,25.6256],[81.01097,25.63709],[81.01682,25.63832],[81.02187,25.637],[81.0263,25.63315],[81.02869,25.63029],[81.0303,25.62652],[81.03083,25.62191],[81.03028,25.61644],[81.02519,25.59644],[81.01738,25.58794],[80.99785,25.58048],[80.99406,25.57798],[80.99142,25.5753],[80.99277,25.56767],[81.00454,25.55869],[81.01257,25.5496],[81.01366,25.54832],[81.01133,25.54236],[81.00835,25.54009],[80.99969,25.53862],[81.00449,25.53042],[81.01037,25.52481],[81.01429,25.51981],[81.0158,25.51254],[81.01777,25.51113],[81.01826,25.50798],[81.0164,25.50572],[81.00867,25.50114],[81.00243,25.50159],[81.00336,25.49567],[80.99923,25.49293],[80.99142,25.49048],[80.99026,25.47998],[80.98569,25.47896],[80.98354,25.4807],[80.98019,25.48174],[80.97935,25.48135],[80.97715,25.47812],[80.97475,25.46703],[80.97216,25.46705],[80.9697,25.46943],[80.9669,25.47001],[80.95692,25.46827],[80.95384,25.46897],[80.94967,25.47214],[80.94347,25.47162],[80.93989,25.47385],[80.93514,25.47342],[80.93082,25.47017],[80.92908,25.46706],[80.92936,25.46137],[80.92685,25.45414],[80.92392,25.45082],[80.92227,25.44626],[80.91855,25.44443],[80.90723,25.44299],[80.90135,25.44584],[80.89868,25.44528],[80.89802,25.44427],[80.90064,25.43997],[80.89971,25.4361],[80.89292,25.43056],[80.87918,25.42409],[80.87718,25.41068],[80.87751,25.40854],[80.87493,25.4066],[80.867,25.40497],[80.86562,25.39657],[80.85841,25.38591],[80.8559,25.37829],[80.8536,25.37646],[80.84596,25.37412],[80.84509,25.37454],[80.84275,25.36961],[80.83665,25.36345],[80.83255,25.36172],[80.82523,25.35255],[80.82279,25.35112],[80.81471,25.35212],[80.80954,25.35105],[80.8084,25.34677],[80.80672,25.34607],[80.80283,25.34616],[80.79446,25.34028],[80.79253,25.34286],[80.79221,25.34699],[80.7879,25.34555],[80.78473,25.33869],[80.78018,25.33978],[80.77814,25.33512],[80.77163,25.33401],[80.76179,25.33512],[80.76244,25.32827],[80.75809,25.32722],[80.7545,25.32938],[80.75062,25.32832],[80.75101,25.32579],[80.75423,25.32216],[80.75415,25.31935],[80.74958,25.30886],[80.75184,25.3098],[80.75778,25.30413],[80.7687,25.30069],[80.77038,25.29846],[80.77426,25.28727],[80.7791,25.27828],[80.79797,25.27027],[80.80354,25.2668],[80.80283,25.26238],[80.79897,25.25304],[80.7954,25.24951],[80.79166,25.25035],[80.7849,25.25617],[80.78223,25.25979],[80.77463,25.26614],[80.76814,25.26331],[80.76007,25.25845],[80.75324,25.25689],[80.74825,25.25685],[80.74312,25.25542],[80.7402,25.25031],[80.73937,25.24326],[80.7403,25.24013],[80.73962,25.23698],[80.74353,25.23298],[80.74632,25.23354],[80.7482,25.23314],[80.75006,25.23276],[80.75528,25.22987],[80.76156,25.22775],[80.76441,25.22929],[80.76924,25.23055],[80.77588,25.22716],[80.77913,25.22697],[80.78175,25.22581],[80.78503,25.22435],[80.78561,25.22048],[80.78957,25.22044],[80.78418,25.21488],[80.77308,25.20969],[80.76802,25.21057],[80.76129,25.21056],[80.75905,25.2094],[80.75569,25.20464],[80.74863,25.19465],[80.74514,25.19135],[80.73887,25.18966],[80.73073,25.18894],[80.72751,25.1919],[80.7231,25.19442],[80.71201,25.19348],[80.70615,25.18891],[80.70391,25.18316],[80.7066,25.17838],[80.70773,25.16799],[80.70016,25.16225],[80.69415,25.16107],[80.68922,25.1601],[80.68527,25.15835],[80.68571,25.1538],[80.68205,25.14911],[80.68077,25.14575],[80.68044,25.13466],[80.68587,25.13125],[80.68563,25.12544],[80.69012,25.10704],[80.6909,25.10567],[80.69198,25.10377],[80.69376,25.10227],[80.69534,25.10093],[80.69861,25.10068],[80.70182,25.0991],[80.70369,25.0967],[80.70395,25.0926],[80.70026,25.08935],[80.6965,25.0868],[80.69338,25.08785],[80.69395,25.0864],[80.69491,25.0839],[80.69884,25.08149],[80.70956,25.07777],[80.7138,25.07209],[80.71442,25.06775],[80.71096,25.06726],[80.70949,25.06632],[80.70831,25.06493],[80.70534,25.06142],[80.69801,25.06155],[80.68689,25.05879],[80.6783,25.05457],[80.67357,25.05417],[80.67466,25.0602],[80.67508,25.06253],[80.67192,25.06457],[80.67181,25.06733],[80.67422,25.06808],[80.67789,25.0731],[80.67896,25.07578],[80.67926,25.08182],[80.66829,25.08675],[80.6667,25.08426],[80.66611,25.08053],[80.66581,25.08019],[80.66422,25.07839],[80.6563,25.07444],[80.65374,25.07646],[80.65053,25.08753],[80.64555,25.09061],[80.64146,25.09315],[80.63645,25.09396],[80.63575,25.09605],[80.63524,25.09756],[80.63435,25.09718],[80.63392,25.0938],[80.62862,25.09329],[80.62517,25.09556],[80.62354,25.0952],[80.62196,25.09339],[80.62231,25.08929],[80.62004,25.08958],[80.61784,25.09366],[80.60847,25.0986],[80.60655,25.10158],[80.60136,25.10441],[80.60683,25.10652],[80.6133,25.10654],[80.61507,25.11121],[80.61477,25.11386],[80.61823,25.1158],[80.61875,25.11808],[80.61923,25.12021],[80.6223,25.12202],[80.63123,25.1198],[80.63239,25.12328],[80.62802,25.13029],[80.62496,25.13767],[80.62245,25.13606],[80.61597,25.13812],[80.60834,25.13295],[80.60548,25.13635],[80.60564,25.14279],[80.60579,25.14928],[80.6027,25.15238],[80.59961,25.15547],[80.59459,25.15524],[80.59106,25.14129],[80.59011,25.13482],[80.59076,25.13158],[80.59757,25.12814],[80.60038,25.12531],[80.60145,25.12281],[80.59642,25.12202],[80.59138,25.11799],[80.58778,25.1091],[80.59189,25.096],[80.59334,25.09421],[80.59435,25.09295],[80.60002,25.09075],[80.60676,25.0762],[80.60731,25.07308],[80.6071,25.07273],[80.60678,25.07218],[80.60452,25.07263],[80.59595,25.07818],[80.59323,25.08153],[80.58872,25.08434],[80.58758,25.08587],[80.58012,25.08696],[80.57867,25.08826],[80.57264,25.0858],[80.56805,25.08528],[80.56563,25.08718],[80.56244,25.09144],[80.5611,25.08877],[80.56117,25.07928],[80.56,25.07499],[80.55766,25.07292],[80.55537,25.0709],[80.55245,25.06928],[80.54862,25.06931],[80.54677,25.06797],[80.54342,25.06766],[80.53883,25.06966],[80.53204,25.07591],[80.52813,25.07705],[80.519,25.08193],[80.51732,25.08479],[80.51516,25.08846],[80.51426,25.09578],[80.51289,25.09824],[80.50951,25.10102],[80.50191,25.10414],[80.49471,25.10494],[80.49213,25.10223],[80.48392,25.10282],[80.48031,25.10158],[80.47613,25.10225],[80.47448,25.10183],[80.47472,25.09906],[80.47759,25.09641],[80.4873,25.0918],[80.49433,25.09205],[80.49777,25.09139],[80.49998,25.08956],[80.49843,25.08257],[80.49454,25.07956],[80.49059,25.07821],[80.50008,25.07097],[80.50213,25.06735],[80.50232,25.06286],[80.5002,25.05877],[80.49725,25.05601],[80.49317,25.05432],[80.49421,25.04532],[80.48583,25.04731],[80.48315,25.04725],[80.47901,25.04435],[80.47694,25.04389],[80.47331,25.04358],[80.47018,25.04469],[80.46143,25.05799],[80.45997,25.0697],[80.45593,25.07382],[80.45297,25.06878],[80.44596,25.06583],[80.44421,25.06817],[80.44464,25.07081],[80.44225,25.07328],[80.44164,25.076],[80.44342,25.07734],[80.44514,25.08017],[80.44428,25.08129],[80.44176,25.08101],[80.44071,25.08207],[80.4351,25.08098],[80.43292,25.07839],[80.43117,25.07394],[80.42951,25.07254],[80.42451,25.0715],[80.42273,25.07132],[80.40992,25.07672],[80.40678,25.06345],[80.40525,25.06085],[80.40269,25.06095],[80.39747,25.06562],[80.39808,25.06928],[80.39413,25.07202],[80.38944,25.06821],[80.38641,25.0673],[80.38415,25.06534],[80.38348,25.06167],[80.37926,25.05595],[80.36725,25.05886],[80.36576,25.05776],[80.36627,25.05308],[80.36407,25.04772],[80.36751,25.04609],[80.37521,25.04563],[80.37907,25.0444],[80.3802,25.0416],[80.38043,25.0389],[80.37831,25.03681],[80.37474,25.0366],[80.37288,25.0347],[80.37177,25.03276],[80.37235,25.02918],[80.37613,25.028],[80.38088,25.02766],[80.38304,25.01869],[80.38915,25.01491],[80.38739,25.01242],[80.38219,25.00974],[80.37283,25.00833],[80.36922,25.01888],[80.36886,25.02384],[80.36782,25.02543],[80.35885,25.02608],[80.35507,25.02449],[80.35258,25.01988],[80.34794,25.01647],[80.34457,25.01947],[80.33798,25.02094],[80.32896,25.00543],[80.32739,25.00434],[80.32594,25.00311],[80.32491,25.00307],[80.32439,25.00303],[80.32388,25.00298],[80.32335,25.00296],[80.32285,25.00294],[80.32232,25.00291],[80.32179,25.00291],[80.32128,25.0029],[80.32079,25.00291],[80.32026,25.00291],[80.31973,25.00292],[80.31923,25.00294],[80.31871,25.00297],[80.3182,25.00301],[80.31768,25.00303],[80.31717,25.00309],[80.31665,25.00314],[80.31615,25.0032],[80.31564,25.00327],[80.31512,25.00335],[80.31462,25.00342],[80.3141,25.00351],[80.31278,25.00432],[80.31236,25.0063],[80.29897,25.01603],[80.2892,25.02114],[80.2785,25.02165],[80.26694,25.03024],[80.26727,25.03161],[80.26877,25.0327],[80.27078,25.03418],[80.27328,25.03714],[80.27488,25.03904],[80.27718,25.04294],[80.2778,25.04398],[80.27941,25.05268],[80.28116,25.05674],[80.28157,25.06005],[80.28196,25.06322],[80.28764,25.06689],[80.29475,25.0691],[80.30479,25.07551],[80.31052,25.08195],[80.3132,25.08926],[80.31472,25.09406],[80.31327,25.10117],[80.32284,25.10665],[80.33836,25.12125],[80.34412,25.12492],[80.34753,25.13002],[80.34862,25.14069],[80.35129,25.1449],[80.35615,25.14842],[80.36246,25.14973],[80.37344,25.15518],[80.38067,25.16078],[80.38676,25.16288],[80.40359,25.16505],[80.41548,25.16529],[80.42257,25.17221],[80.4237,25.17414],[80.42238,25.18136],[80.41813,25.19192],[80.41163,25.19943],[80.40955,25.20586],[80.40424,25.21404],[80.40166,25.22095],[80.39906,25.24297],[80.3907,25.24569],[80.38294,25.24195],[80.38133,25.2383],[80.37803,25.23751],[80.36289,25.24683],[80.35771,25.25113],[80.35359,25.25639],[80.35174,25.26024],[80.35041,25.26526],[80.34927,25.26955],[80.34097,25.2786],[80.33766,25.27941],[80.31984,25.28049],[80.31201,25.28215],[80.30405,25.28889],[80.30307,25.29114],[80.30267,25.29696],[80.30912,25.30585],[80.31069,25.31065],[80.31174,25.33421],[80.30981,25.34127],[80.30359,25.35251],[80.30263,25.35828],[80.30537,25.36208],[80.30862,25.36373],[80.31325,25.37226],[80.31121,25.3811],[80.31075,25.38732],[80.30905,25.39184],[80.30858,25.39233],[80.29533,25.40776],[80.28964,25.41272],[80.28432,25.41589],[80.27373,25.42504],[80.26123,25.42618],[80.25587,25.42871],[80.25348,25.42347],[80.25241,25.41877],[80.24731,25.41146],[80.2474,25.40738],[80.24519,25.40489],[80.22956,25.41092],[80.22658,25.41064],[80.21403,25.40423],[80.21137,25.40395],[80.20245,25.40673],[80.19787,25.41056],[80.19833,25.41269],[80.19724,25.41497],[80.19392,25.41623],[80.19144,25.41271],[80.19093,25.40904],[80.18883,25.40643],[80.18916,25.38922],[80.1879,25.38365],[80.18262,25.38152],[80.17201,25.38069],[80.16669,25.37895],[80.15918,25.37765],[80.15829,25.37266],[80.15913,25.3662],[80.15315,25.3628],[80.14497,25.36011],[80.13712,25.35573],[80.13274,25.35032],[80.12708,25.34062],[80.1233,25.33843],[80.11913,25.3427],[80.10699,25.34418],[80.09609,25.35158],[80.10406,25.36132],[80.10889,25.36597],[80.11619,25.37957],[80.12003,25.38256],[80.13053,25.3844],[80.1334,25.3883],[80.12241,25.39141],[80.12249,25.39425],[80.12444,25.40008],[80.12626,25.40262],[80.12993,25.40127],[80.13541,25.40078],[80.14198,25.40222],[80.13957,25.41193],[80.13281,25.41537],[80.12946,25.41481],[80.12219,25.41091],[80.11545,25.41095],[80.11295,25.41206],[80.11269,25.4156],[80.11365,25.41923],[80.1164,25.42401],[80.12224,25.43157],[80.13039,25.45624],[80.13119,25.46098],[80.13652,25.46283],[80.14135,25.46216],[80.18246,25.44664],[80.18699,25.45403],[80.1856,25.47161],[80.19213,25.48338],[80.19761,25.48822],[80.20293,25.47464],[80.216,25.47516],[80.21375,25.47946],[80.21074,25.48189],[80.21181,25.48693],[80.20426,25.49239],[80.20289,25.49759],[80.20582,25.4992],[80.21011,25.49911],[80.21484,25.50516],[80.21399,25.50874],[80.21602,25.51203],[80.21024,25.5174],[80.21182,25.52984],[80.20593,25.53181],[80.19812,25.53152],[80.19998,25.53562],[80.20074,25.54044],[80.20619,25.55885],[80.2085,25.56145],[80.21664,25.56178],[80.22472,25.56425],[80.23113,25.57165],[80.23354,25.5797],[80.24427,25.59201],[80.25244,25.5916],[80.25353,25.59003],[80.25616,25.58881],[80.25993,25.58839],[80.26273,25.58666],[80.26911,25.58554],[80.27134,25.58854],[80.27515,25.60122],[80.28223,25.61177],[80.28008,25.61435],[80.27623,25.61628],[80.26786,25.62468],[80.27484,25.63143],[80.28007,25.63321],[80.28912,25.63474],[80.29324,25.63563],[80.29735,25.63795],[80.30521,25.64509],[80.30886,25.64966],[80.30669,25.66576],[80.30115,25.6779],[80.29753,25.6819],[80.29587,25.6863],[80.2956,25.69792],[80.30573,25.70903],[80.31241,25.71338],[80.31741,25.71384],[80.32721,25.71219],[80.34084,25.70515],[80.34261,25.70977],[80.33894,25.72136],[80.33599,25.72488],[80.32907,25.73072],[80.32553,25.73229],[80.32101,25.73644],[80.32038,25.73709],[80.32072,25.74064],[80.31999,25.74435],[80.31736,25.74756],[80.31046,25.75386],[80.30611,25.75661],[80.29651,25.7659],[80.28297,25.77033],[80.26769,25.77262],[80.26215,25.77612],[80.25967,25.7821],[80.25918,25.78556],[80.25443,25.78768],[80.25507,25.78968],[80.25328,25.7919],[80.23567,25.79698],[80.2271,25.79779],[80.22506,25.79898],[80.22292,25.80237],[80.22548,25.80587],[80.2303,25.80929],[80.23698,25.81128],[80.24427,25.81486],[80.24809,25.8138],[80.25369,25.81046],[80.26176,25.81771],[80.26942,25.82302],[80.27323,25.81936],[80.27844,25.81765],[80.28602,25.82226],[80.28936,25.82477],[80.28237,25.84005],[80.28647,25.84474],[80.293,25.84811],[80.29859,25.84978],[80.30441,25.85016],[80.31834,25.84848],[80.323,25.8504],[80.32462,25.8545],[80.33667,25.87069],[80.3414,25.8707],[80.34394,25.87457],[80.341,25.9001],[80.34151,25.90359],[80.34256,25.90438],[80.35681,25.91016],[80.38071,25.91545],[80.39318,25.91357],[80.39965,25.91182],[80.41202,25.91131],[80.42995,25.90792],[80.44815,25.90338],[80.46238,25.89679],[80.4977,25.8827],[80.50463,25.88133],[80.52341,25.87935],[80.53193,25.87668],[80.53805,25.8739],[80.54441,25.87333],[80.54771,25.87142],[80.54797,25.86687],[80.54493,25.85993],[80.54329,25.85364],[80.54012,25.84865]]]}},{"type":"Feature","properties":{"ID_0":105,"ISO":"IND","NAME_0":"India","ID_1":33,"NAME_1":"Uttar Pradesh","ID_2":505,"NAME_2":"Bara Banki","NL_NAME_2":null,"VARNAME_2":null,"TYPE_2":"District","ENGTYPE_2":"District","STATE":"Uttar Pradesh","DISTRICT":"Bara Banki"},"geometry":{"type":"Polygon","coordinates":[[[81.29205,27.33842],[81.30204,27.33252],[81.30752,27.3263],[81.30685,27.32074],[81.29904,27.30959],[81.29984,27.30414],[81.3017,27.30183],[81.30421,27.30107],[81.30747,27.30256],[81.31306,27.30322],[81.31109,27.29468],[81.30756,27.28942],[81.3085,27.28309],[81.31052,27.27856],[81.32724,27.27905],[81.33205,27.26153],[81.33344,27.25968],[81.33697,27.25932],[81.34325,27.26286],[81.35053,27.26466],[81.35335,27.2679],[81.35374,27.26974],[81.3565,27.27207],[81.36093,27.27325],[81.36721,27.27197],[81.36766,27.27259],[81.36678,27.2746],[81.37397,27.28123],[81.3747,27.28413],[81.36433,27.28741],[81.36247,27.29006],[81.36456,27.29699],[81.37247,27.30165],[81.37472,27.31484],[81.37708,27.31397],[81.38471,27.31501],[81.38174,27.32105],[81.37167,27.32208],[81.37201,27.32546],[81.37733,27.32618],[81.37938,27.32462],[81.38177,27.32581],[81.381,27.32857],[81.38165,27.33006],[81.38876,27.3303],[81.39146,27.33081],[81.39185,27.33166],[81.39142,27.33574],[81.38529,27.34065],[81.38288,27.3445],[81.38379,27.34776],[81.38462,27.34828],[81.39433,27.3433],[81.40195,27.34166],[81.4177,27.33006],[81.4301,27.32128],[81.43371,27.31396],[81.43346,27.30739],[81.43111,27.29492],[81.43052,27.28306],[81.42658,27.26891],[81.42708,27.25974],[81.42928,27.25444],[81.42925,27.24216],[81.43137,27.22364],[81.43289,27.22242],[81.43641,27.21549],[81.44039,27.21201],[81.44849,27.20207],[81.45174,27.1949],[81.45097,27.18895],[81.44669,27.18619],[81.43332,27.18113],[81.43253,27.1801],[81.43219,27.17576],[81.43466,27.15835],[81.4381,27.13877],[81.4403,27.132],[81.44214,27.12676],[81.4496,27.11701],[81.4648,27.10998],[81.46935,27.10667],[81.47146,27.08453],[81.47066,27.07498],[81.48183,27.07272],[81.48278,27.06987],[81.48525,27.06933],[81.48727,27.06687],[81.49217,27.06617],[81.49387,27.06488],[81.49732,27.06393],[81.49896,27.06053],[81.50225,27.0603],[81.50675,27.05827],[81.51261,27.05669],[81.51561,27.05471],[81.52023,27.05312],[81.52777,27.05159],[81.53472,27.05142],[81.54972,27.05486],[81.55544,27.05351],[81.5589,27.05178],[81.56342,27.05135],[81.56765,27.04639],[81.56676,27.04385],[81.55653,27.03645],[81.55264,27.03405],[81.55566,27.02791],[81.56829,27.01692],[81.57187,27.01582],[81.58052,27.01982],[81.58669,27.02403],[81.59203,27.02581],[81.60459,27.02569],[81.61808,27.02317],[81.62386,27.02155],[81.63039,27.01861],[81.63078,27.01519],[81.63165,27.01392],[81.63506,27.01187],[81.63998,27.01014],[81.64461,27.00922],[81.6432,27.00552],[81.64429,26.99596],[81.6437,26.99206],[81.64693,26.98503],[81.64786,26.98027],[81.64446,26.97677],[81.64812,26.96695],[81.6543,26.9687],[81.66408,26.96881],[81.69029,26.96173],[81.69693,26.96203],[81.71616,26.96129],[81.71909,26.96065],[81.72176,26.95805],[81.72275,26.95391],[81.72177,26.95024],[81.71203,26.94284],[81.70997,26.94037],[81.70795,26.93603],[81.70722,26.92755],[81.70779,26.92501],[81.71517,26.92383],[81.71861,26.92116],[81.72518,26.90918],[81.74155,26.89256],[81.74555,26.88978],[81.7513,26.8886],[81.75704,26.8884],[81.7701,26.87603],[81.77525,26.8733],[81.79491,26.86836],[81.79862,26.86603],[81.81252,26.85378],[81.8218,26.84758],[81.83388,26.84222],[81.83916,26.84063],[81.84778,26.83943],[81.84669,26.83077],[81.84808,26.82009],[81.85069,26.8176],[81.85329,26.81638],[81.85154,26.81048],[81.84866,26.80917],[81.84034,26.80791],[81.83171,26.81227],[81.82915,26.81234],[81.82442,26.8091],[81.81826,26.81248],[81.81544,26.81191],[81.81573,26.80652],[81.81184,26.80706],[81.80981,26.8057],[81.8043,26.8051],[81.80053,26.80162],[81.79813,26.79625],[81.7968,26.78862],[81.79772,26.78148],[81.79917,26.77837],[81.80125,26.77619],[81.82441,26.76944],[81.82835,26.76764],[81.83233,26.76313],[81.8322,26.75716],[81.82862,26.74784],[81.83104,26.74621],[81.83184,26.74476],[81.83029,26.74064],[81.82914,26.73979],[81.82271,26.73983],[81.82216,26.73364],[81.81844,26.73309],[81.81804,26.72758],[81.81605,26.72495],[81.81525,26.72169],[81.81664,26.7184],[81.82452,26.71261],[81.82505,26.70922],[81.82689,26.70645],[81.83224,26.70044],[81.83167,26.69706],[81.83045,26.69557],[81.81111,26.70138],[81.80873,26.69974],[81.80054,26.68102],[81.79748,26.67828],[81.79383,26.67733],[81.79144,26.67825],[81.79074,26.68223],[81.7944,26.68537],[81.7943,26.6907],[81.79721,26.6982],[81.78185,26.70749],[81.77763,26.6962],[81.7771,26.69271],[81.77446,26.68703],[81.77288,26.68722],[81.76475,26.69152],[81.76106,26.692],[81.75439,26.70816],[81.75108,26.71083],[81.74067,26.69424],[81.74327,26.68929],[81.74383,26.68619],[81.74648,26.68486],[81.74895,26.68145],[81.74435,26.67763],[81.73841,26.67429],[81.73773,26.66946],[81.7319,26.66256],[81.72883,26.65688],[81.73141,26.6525],[81.73774,26.64748],[81.73927,26.64465],[81.74019,26.64109],[81.73621,26.63434],[81.73689,26.63066],[81.73917,26.62876],[81.73833,26.62589],[81.74341,26.62425],[81.73629,26.61569],[81.72691,26.61263],[81.72359,26.61088],[81.71955,26.60585],[81.71696,26.59863],[81.71085,26.597],[81.71033,26.59368],[81.70581,26.59226],[81.70438,26.59096],[81.70159,26.59327],[81.69511,26.59135],[81.69403,26.59284],[81.69048,26.595],[81.688,26.5954],[81.67648,26.59243],[81.6727,26.59084],[81.66836,26.58726],[81.66415,26.58618],[81.66039,26.58764],[81.6561,26.59266],[81.64493,26.58657],[81.64136,26.58607],[81.6396,26.58735],[81.63914,26.58936],[81.64166,26.59423],[81.64204,26.5976],[81.64051,26.60784],[81.64103,26.6111],[81.64366,26.61247],[81.64652,26.61273],[81.65696,26.60534],[81.66537,26.603],[81.66734,26.60373],[81.66877,26.60568],[81.66884,26.60832],[81.66777,26.61028],[81.66034,26.6156],[81.65865,26.61802],[81.65754,26.62364],[81.65632,26.62532],[81.65208,26.62838],[81.64463,26.62946],[81.6421,26.63061],[81.6364,26.63886],[81.6336,26.64123],[81.61845,26.63947],[81.61932,26.63648],[81.61887,26.63424],[81.60937,26.63056],[81.60329,26.63856],[81.60046,26.64575],[81.59792,26.64864],[81.59079,26.65228],[81.57751,26.65396],[81.57426,26.65501],[81.57198,26.65646],[81.56833,26.66595],[81.56069,26.66874],[81.55654,26.6687],[81.55267,26.66659],[81.55257,26.66407],[81.55665,26.66037],[81.56017,26.65313],[81.55864,26.65066],[81.55099,26.64639],[81.55399,26.63295],[81.55323,26.63111],[81.54704,26.62821],[81.54858,26.61707],[81.55048,26.61661],[81.55902,26.61868],[81.56189,26.61833],[81.56404,26.61733],[81.56555,26.61401],[81.56448,26.61074],[81.55927,26.60181],[81.55868,26.59618],[81.55917,26.5936],[81.55815,26.592],[81.55623,26.59068],[81.55101,26.58991],[81.54761,26.59125],[81.54419,26.58982],[81.54163,26.58588],[81.53794,26.58278],[81.53555,26.57707],[81.53651,26.57597],[81.54439,26.5741],[81.5454,26.57306],[81.54304,26.56801],[81.5429,26.56423],[81.53479,26.55629],[81.53578,26.55307],[81.5345,26.55095],[81.52654,26.54558],[81.53056,26.53897],[81.53905,26.5314],[81.54015,26.52922],[81.5365,26.52798],[81.53262,26.52553],[81.52705,26.53038],[81.52131,26.53206],[81.51147,26.53245],[81.50313,26.53174],[81.50193,26.53289],[81.50077,26.53549],[81.50175,26.53701],[81.50774,26.537],[81.50824,26.53849],[81.50788,26.54808],[81.5065,26.55147],[81.49423,26.55163],[81.48672,26.55018],[81.48482,26.54892],[81.48351,26.54571],[81.48059,26.54331],[81.47861,26.54435],[81.4771,26.54684],[81.47103,26.55978],[81.46656,26.55543],[81.46626,26.55756],[81.46156,26.56297],[81.45791,26.57004],[81.45238,26.57541],[81.4494,26.57553],[81.44106,26.57344],[81.43874,26.5715],[81.43907,26.56919],[81.44083,26.56592],[81.43817,26.56495],[81.43295,26.56727],[81.42972,26.56768],[81.42892,26.56615],[81.42564,26.56535],[81.41686,26.56819],[81.40699,26.56909],[81.40445,26.57128],[81.39804,26.5744],[81.39479,26.57321],[81.39086,26.57413],[81.38939,26.57776],[81.38589,26.57795],[81.38438,26.5795],[81.383,26.58978],[81.3737,26.59164],[81.3704,26.58919],[81.36305,26.57935],[81.35883,26.56564],[81.34766,26.55057],[81.343,26.54841],[81.33454,26.54872],[81.33054,26.54988],[81.32813,26.55201],[81.32286,26.55473],[81.31796,26.55572],[81.31561,26.55407],[81.31389,26.54999],[81.30782,26.54393],[81.30654,26.54375],[81.29288,26.54706],[81.29231,26.55332],[81.29112,26.55705],[81.28711,26.56258],[81.28045,26.56955],[81.27307,26.57456],[81.26163,26.57665],[81.24394,26.58198],[81.23993,26.58808],[81.23466,26.59118],[81.22309,26.59482],[81.21603,26.60002],[81.21019,26.60296],[81.20502,26.59862],[81.20139,26.59735],[81.1965,26.59977],[81.19357,26.60258],[81.18084,26.60933],[81.17561,26.60957],[81.17281,26.6086],[81.17403,26.60328],[81.17339,26.60252],[81.16957,26.60143],[81.16424,26.60144],[81.15646,26.59738],[81.15518,26.60095],[81.15622,26.60284],[81.15499,26.60577],[81.15533,26.60737],[81.1692,26.61688],[81.16959,26.62004],[81.17431,26.62353],[81.17245,26.62502],[81.1694,26.62589],[81.16795,26.6279],[81.1626,26.63187],[81.1663,26.63887],[81.16629,26.64042],[81.15757,26.64582],[81.1577,26.64807],[81.16077,26.653],[81.16847,26.66027],[81.17873,26.67225],[81.17849,26.67586],[81.17944,26.67937],[81.18646,26.68469],[81.18906,26.68796],[81.1894,26.69146],[81.19569,26.6954],[81.19741,26.69948],[81.19768,26.7043],[81.19852,26.70585],[81.20024,26.70774],[81.20245,26.70802],[81.20686,26.70686],[81.2082,26.7083],[81.20934,26.71093],[81.20917,26.71282],[81.20718,26.71479],[81.20446,26.72283],[81.20598,26.72598],[81.20087,26.72789],[81.19406,26.73341],[81.19361,26.73737],[81.19495,26.7465],[81.19395,26.74914],[81.19051,26.75209],[81.17892,26.7664],[81.17968,26.76864],[81.18407,26.77225],[81.2009,26.78204],[81.20684,26.7872],[81.1973,26.79319],[81.18397,26.79654],[81.18224,26.79029],[81.18231,26.7873],[81.18015,26.78467],[81.17734,26.78484],[81.17127,26.7883],[81.17007,26.78991],[81.16706,26.79107],[81.16473,26.79066],[81.16299,26.78935],[81.15731,26.77954],[81.15437,26.77811],[81.14937,26.78047],[81.15012,26.79672],[81.14916,26.80206],[81.15906,26.80917],[81.16109,26.81232],[81.15192,26.81285],[81.14943,26.81779],[81.14721,26.81866],[81.14198,26.81591],[81.13911,26.81556],[81.13617,26.81643],[81.13134,26.81942],[81.12917,26.82281],[81.12752,26.83107],[81.12318,26.83761],[81.12077,26.83933],[81.11656,26.84087],[81.09502,26.84164],[81.08859,26.84254],[81.08421,26.84282],[81.08238,26.85146],[81.08506,26.85683],[81.08229,26.8632],[81.0872,26.86729],[81.09251,26.87547],[81.08894,26.88736],[81.08594,26.89074],[81.08276,26.89119],[81.08093,26.89417],[81.08189,26.89651],[81.09019,26.90472],[81.09069,26.90781],[81.08942,26.91239],[81.08656,26.91433],[81.08593,26.91961],[81.08028,26.92033],[81.07759,26.91721],[81.07232,26.91397],[81.06561,26.91357],[81.06364,26.91954],[81.0596,26.92354],[81.05682,26.92933],[81.05413,26.93282],[81.05074,26.9353],[81.04089,26.93741],[81.04082,26.94213],[81.03745,26.94236],[81.03348,26.9438],[81.03232,26.94908],[81.03277,26.95327],[81.03468,26.95609],[81.03566,26.96078],[81.04234,26.96611],[81.0454,26.96337],[81.04905,26.9633],[81.0537,26.96721],[81.05556,26.97025],[81.05556,26.97277],[81.05359,26.97488],[81.049,26.97779],[81.04659,26.97806],[81.04045,26.97136],[81.03338,26.9732],[81.02623,26.97016],[81.01565,26.97752],[81.01482,26.98084],[81.01788,26.98293],[81.02059,26.99047],[81.01582,26.99401],[81.01376,26.99533],[81.01237,26.9954],[80.99945,27.00226],[80.99434,27.00184],[80.9901,27.00516],[80.98641,27.01346],[80.98449,27.02302],[80.98526,27.02875],[80.99004,27.03563],[80.99229,27.04015],[80.99105,27.04314],[80.99003,27.04343],[80.98594,27.04445],[80.97906,27.04361],[80.96852,27.04055],[80.9659,27.05396],[80.96281,27.06078],[80.96452,27.06418],[80.96659,27.06609],[80.97256,27.06852],[80.97411,27.07465],[80.97947,27.07162],[80.98302,27.07871],[80.99001,27.08017],[81.00414,27.07096],[81.00744,27.07008],[81.01915,27.07726],[81.02367,27.07448],[81.02926,27.07534],[81.04308,27.08493],[81.04606,27.09046],[81.04189,27.09508],[81.02441,27.10173],[81.01453,27.10651],[81.01299,27.10825],[81.01322,27.10902],[81.01838,27.11846],[81.01801,27.12258],[81.01641,27.12655],[81.01377,27.12976],[81.00726,27.13404],[81.0053,27.14244],[81.00207,27.14578],[80.98991,27.15193],[80.9819,27.1425],[80.97956,27.14244],[80.97124,27.14766],[80.9697,27.14685],[80.96875,27.14308],[80.95909,27.14905],[80.95488,27.14969],[80.94965,27.1474],[80.94691,27.14429],[80.93926,27.14781],[80.93852,27.1534],[80.93278,27.15641],[80.92511,27.16201],[80.91924,27.16426],[80.92204,27.16685],[80.92415,27.17112],[80.9254,27.17713],[80.92384,27.18461],[80.91712,27.19515],[80.92079,27.20151],[80.92131,27.2051],[80.92233,27.20543],[80.92647,27.20126],[80.92812,27.20124],[80.93009,27.20573],[80.93238,27.20344],[80.93235,27.2061],[80.9332,27.20753],[80.93436,27.20751],[80.93649,27.20362],[80.93774,27.20521],[80.94173,27.21576],[80.94821,27.22253],[80.94894,27.22561],[80.94971,27.22591],[80.95237,27.22472],[80.95351,27.22315],[80.95593,27.22203],[80.95573,27.22639],[80.9576,27.23018],[80.95949,27.23804],[80.95908,27.24015],[80.96031,27.24531],[80.97042,27.24022],[80.98982,27.2338],[80.99516,27.23192],[81.00567,27.23292],[81.00932,27.23423],[81.01688,27.23191],[81.01917,27.23219],[81.02528,27.23574],[81.03187,27.23331],[81.03584,27.23491],[81.03764,27.23426],[81.04353,27.23471],[81.04781,27.22747],[81.05179,27.22826],[81.05505,27.22802],[81.05695,27.22676],[81.06422,27.23011],[81.06709,27.23321],[81.07281,27.23273],[81.07613,27.23329],[81.07792,27.2342],[81.07729,27.23541],[81.0716,27.23991],[81.07039,27.24324],[81.07123,27.24466],[81.07597,27.2478],[81.07501,27.25102],[81.07546,27.25556],[81.07874,27.25748],[81.0817,27.25754],[81.08265,27.25932],[81.08068,27.26633],[81.08152,27.27096],[81.08589,27.27399],[81.09006,27.27427],[81.0914,27.27363],[81.09545,27.27672],[81.10744,27.27983],[81.11508,27.27935],[81.1184,27.27865],[81.12025,27.27749],[81.12344,27.27732],[81.13145,27.27246],[81.13759,27.26487],[81.13937,27.26377],[81.14393,27.26451],[81.15369,27.27135],[81.15979,27.27379],[81.16408,27.27188],[81.16656,27.26586],[81.17127,27.26377],[81.17429,27.26038],[81.17342,27.25138],[81.17803,27.24699],[81.18941,27.24259],[81.19794,27.24233],[81.20122,27.24317],[81.20347,27.24787],[81.20353,27.25034],[81.19954,27.26102],[81.20917,27.26845],[81.2142,27.27737],[81.21728,27.27925],[81.22073,27.27506],[81.22207,27.27035],[81.22346,27.26891],[81.22623,27.26883],[81.22956,27.27049],[81.2318,27.27379],[81.23168,27.2757],[81.22702,27.28179],[81.22689,27.2838],[81.23383,27.28911],[81.23193,27.29325],[81.2276,27.29722],[81.2228,27.30022],[81.22192,27.30459],[81.22762,27.30995],[81.23033,27.31414],[81.22631,27.31495],[81.21707,27.31528],[81.21499,27.32131],[81.21635,27.32624],[81.22218,27.32552],[81.22929,27.32727],[81.23148,27.3271],[81.23621,27.32312],[81.23966,27.32207],[81.24435,27.32349],[81.2448,27.32739],[81.24716,27.33357],[81.24498,27.33748],[81.2455,27.3408],[81.24648,27.34189],[81.24912,27.34188],[81.25632,27.33887],[81.25909,27.33684],[81.26427,27.33602],[81.26575,27.3364],[81.26794,27.33927],[81.26886,27.34564],[81.27105,27.34838],[81.27356,27.34923],[81.27763,27.35874],[81.27957,27.36056],[81.28349,27.36209],[81.28604,27.36144],[81.28821,27.35564],[81.28641,27.35295],[81.2874,27.34836],[81.28675,27.34222],[81.29205,27.33842]]]}},{"type":"Feature","properties":{"ID_0":105,"ISO":"IND","NAME_0":"India","ID_1":33,"NAME_1":"Uttar Pradesh","ID_2":506,"NAME_2":"Bareilly","NL_NAME_2":null,"VARNAME_2":"Bareilley","TYPE_2":"District","ENGTYPE_2":"District","STATE":"Uttar Pradesh","DISTRICT":"Bareilly"},"geometry":{"type":"Polygon","coordinates":[[[79.5512,28.8632],[79.54992,28.86016],[79.54768,28.8543],[79.54822,28.85005],[79.55093,28.84589],[79.5536,28.84505],[79.55717,28.84569],[79.55941,28.8467],[79.56234,28.84791],[79.56348,28.84876],[79.56579,28.84947],[79.5719,28.84902],[79.57428,28.8493],[79.57655,28.85028],[79.57879,28.85238],[79.58197,28.85584],[79.59226,28.86655],[79.59805,28.86492],[79.60361,28.8647],[79.60868,28.86671],[79.61355,28.86873],[79.61904,28.86758],[79.62399,28.86269],[79.63075,28.85886],[79.63931,28.85051],[79.63427,28.84816],[79.63145,28.84432],[79.6362,28.83528],[79.63799,28.83112],[79.64037,28.82792],[79.64233,28.82395],[79.64471,28.81475],[79.64579,28.80879],[79.64581,28.80279],[79.64515,28.79719],[79.64413,28.79365],[79.6432,28.78879],[79.64311,28.77679],[79.64543,28.77457],[79.6489,28.77159],[79.65231,28.77001],[79.65815,28.76584],[79.65929,28.76357],[79.6579,28.7593],[79.65757,28.7545],[79.66011,28.7518],[79.66098,28.74956],[79.65806,28.74456],[79.65681,28.74312],[79.65533,28.74149],[79.64729,28.73507],[79.64648,28.73244],[79.6442,28.73076],[79.64198,28.73114],[79.63916,28.72977],[79.63656,28.73115],[79.63384,28.72888],[79.631,28.72802],[79.62494,28.723],[79.62184,28.71935],[79.61947,28.71709],[79.61782,28.71512],[79.61716,28.71194],[79.61667,28.70774],[79.61353,28.70145],[79.61051,28.69866],[79.60847,28.69623],[79.60627,28.69358],[79.60609,28.68868],[79.60864,28.68439],[79.61068,28.68101],[79.61018,28.67676],[79.60835,28.67265],[79.60648,28.66995],[79.60493,28.66704],[79.60323,28.66485],[79.6014,28.66147],[79.60125,28.65943],[79.60165,28.65646],[79.60226,28.65372],[79.58685,28.64101],[79.58982,28.63876],[79.59616,28.63604],[79.59435,28.63066],[79.59097,28.62677],[79.58828,28.62205],[79.59505,28.60878],[79.59648,28.60252],[79.60111,28.59887],[79.61129,28.60268],[79.61684,28.60352],[79.62499,28.60712],[79.6342,28.60912],[79.63861,28.60686],[79.64143,28.60118],[79.64098,28.5968],[79.64205,28.59087],[79.64947,28.58873],[79.65602,28.58853],[79.66139,28.58926],[79.6641,28.58881],[79.66399,28.58336],[79.66213,28.57833],[79.65552,28.57308],[79.65151,28.56064],[79.65411,28.55536],[79.65832,28.5545],[79.66727,28.55912],[79.67393,28.56134],[79.68116,28.56194],[79.6809,28.55812],[79.67538,28.54784],[79.67558,28.54262],[79.67385,28.53461],[79.67516,28.5324],[79.679,28.52917],[79.69057,28.52474],[79.69337,28.5257],[79.69064,28.53104],[79.69229,28.5341],[79.70008,28.53842],[79.70612,28.53714],[79.70936,28.52255],[79.73592,28.51345],[79.73724,28.51067],[79.73724,28.50814],[79.73785,28.50565],[79.73862,28.50239],[79.73676,28.49371],[79.73215,28.48192],[79.73309,28.472],[79.73595,28.46842],[79.74479,28.46091],[79.74614,28.45639],[79.74243,28.45295],[79.73402,28.44761],[79.72912,28.44852],[79.72652,28.45307],[79.72726,28.45898],[79.72412,28.46431],[79.71654,28.46628],[79.70967,28.4607],[79.70999,28.45633],[79.71314,28.44914],[79.71413,28.43636],[79.71454,28.42468],[79.71183,28.41909],[79.70113,28.41623],[79.69701,28.4222],[79.69373,28.42415],[79.68699,28.42109],[79.67896,28.40734],[79.67419,28.40375],[79.66071,28.39736],[79.66269,28.39471],[79.66916,28.39366],[79.6764,28.3905],[79.67509,28.38425],[79.67668,28.38249],[79.67818,28.38083],[79.68168,28.38124],[79.6862,28.38151],[79.68974,28.38208],[79.69173,28.37858],[79.69132,28.3715],[79.68961,28.36754],[79.6862,28.36539],[79.68633,28.35703],[79.68177,28.35177],[79.67997,28.34685],[79.67891,28.34502],[79.67097,28.33606],[79.66882,28.33292],[79.66289,28.32589],[79.6622,28.32301],[79.66449,28.31911],[79.6656,28.31523],[79.66727,28.31227],[79.66977,28.3106],[79.67411,28.30879],[79.67991,28.302],[79.68452,28.29884],[79.69018,28.29659],[79.69611,28.29425],[79.69962,28.29258],[79.70071,28.28739],[79.69993,28.28198],[79.70189,28.27568],[79.70263,28.27379],[79.70077,28.27045],[79.69125,28.26958],[79.68394,28.26946],[79.68113,28.27738],[79.67733,28.27585],[79.67697,28.27168],[79.67415,28.26913],[79.67079,28.26863],[79.66791,28.26936],[79.66585,28.26746],[79.66943,28.25895],[79.67251,28.25453],[79.67135,28.25237],[79.66535,28.25028],[79.6633,28.25046],[79.65685,28.24286],[79.65948,28.23728],[79.66096,28.23576],[79.66108,28.22712],[79.65879,28.22382],[79.65487,28.21958],[79.64271,28.22123],[79.63456,28.21806],[79.63149,28.21493],[79.63031,28.21282],[79.63177,28.20814],[79.62981,28.20647],[79.63557,28.19846],[79.62807,28.19257],[79.62651,28.18923],[79.62337,28.18551],[79.62127,28.17609],[79.61812,28.16928],[79.6175,28.16243],[79.61163,28.15983],[79.61051,28.15515],[79.61322,28.1533],[79.61271,28.14874],[79.61547,28.14016],[79.61825,28.14027],[79.61893,28.1367],[79.6272,28.128],[79.62115,28.12254],[79.62414,28.11397],[79.6242,28.10856],[79.62136,28.10426],[79.6207,28.09211],[79.61933,28.09035],[79.60818,28.08847],[79.60342,28.09046],[79.5912,28.08766],[79.58442,28.09027],[79.57545,28.09681],[79.57018,28.09085],[79.56542,28.083],[79.55093,28.07376],[79.5385,28.07533],[79.53405,28.07131],[79.52834,28.06439],[79.52245,28.06218],[79.51801,28.06528],[79.51243,28.06128],[79.50665,28.05425],[79.49622,28.05053],[79.49622,28.04728],[79.49827,28.0416],[79.4869,28.02653],[79.48225,28.03383],[79.47569,28.04109],[79.47056,28.05085],[79.47061,28.05388],[79.47273,28.056],[79.47366,28.05939],[79.48519,28.06763],[79.48882,28.07214],[79.49009,28.07587],[79.49111,28.08342],[79.49088,28.092],[79.48881,28.09902],[79.48787,28.10652],[79.4882,28.11377],[79.48268,28.12038],[79.47202,28.12861],[79.46047,28.13295],[79.45454,28.13612],[79.44819,28.14108],[79.43559,28.15663],[79.43162,28.15934],[79.42212,28.16333],[79.41797,28.16587],[79.41417,28.17106],[79.4128,28.17484],[79.41316,28.17709],[79.40974,28.17415],[79.40154,28.17469],[79.3961,28.17225],[79.38979,28.17469],[79.38611,28.17707],[79.38023,28.17952],[79.37935,28.18084],[79.37679,28.18157],[79.36618,28.1807],[79.3647,28.17617],[79.36343,28.17474],[79.35938,28.17627],[79.35497,28.17436],[79.34839,28.1686],[79.3457,28.16831],[79.34296,28.16931],[79.34006,28.17154],[79.33449,28.16911],[79.32481,28.16052],[79.32418,28.15893],[79.31731,28.16308],[79.31645,28.16535],[79.31676,28.17195],[79.31604,28.1758],[79.3114,28.18046],[79.30898,28.18186],[79.30371,28.18286],[79.29633,28.17918],[79.28761,28.18038],[79.2788,28.17787],[79.26558,28.1721],[79.26042,28.16755],[79.26106,28.1703],[79.25352,28.17449],[79.25182,28.17732],[79.24383,28.17874],[79.23121,28.18786],[79.22461,28.1905],[79.21964,28.1906],[79.2038,28.19424],[79.19842,28.19467],[79.19247,28.1929],[79.18526,28.18103],[79.1812,28.17886],[79.17725,28.17876],[79.17301,28.18033],[79.16692,28.18528],[79.16144,28.18637],[79.15012,28.18036],[79.14716,28.18247],[79.14568,28.18351],[79.14005,28.1929],[79.13676,28.19671],[79.1231,28.19665],[79.11855,28.19516],[79.11401,28.19993],[79.11324,28.20408],[79.10703,28.20998],[79.10635,28.21226],[79.1089,28.21646],[79.11176,28.21655],[79.1161,28.22251],[79.11435,28.22688],[79.1153,28.2299],[79.11426,28.23413],[79.11181,28.23684],[79.10446,28.24201],[79.09651,28.24523],[79.08453,28.25307],[79.08239,28.26285],[79.08435,28.26444],[79.08429,28.26881],[79.082,28.27283],[79.0859,28.2785],[79.09073,28.28268],[79.09111,28.285],[79.08949,28.29205],[79.08639,28.29848],[79.0835,28.30076],[79.08168,28.30416],[79.08386,28.3131],[79.08286,28.31672],[79.07504,28.31876],[79.0704,28.31596],[79.06632,28.31762],[79.06242,28.32485],[79.06171,28.32978],[79.05961,28.33265],[79.05889,28.33636],[79.06573,28.35971],[79.05946,28.36396],[79.0568,28.36726],[79.05608,28.37071],[79.04868,28.37459],[79.04606,28.37502],[79.04007,28.38058],[79.03463,28.38284],[79.0229,28.38611],[79.00988,28.38882],[79.00575,28.38866],[78.99732,28.39239],[78.99513,28.39215],[78.99359,28.39049],[78.98927,28.39088],[78.9892,28.4376],[78.99637,28.44098],[78.99815,28.44082],[79.00599,28.43765],[79.01256,28.43902],[79.01527,28.44119],[79.02193,28.4402],[79.02735,28.44426],[79.02505,28.44721],[79.02393,28.4508],[79.03099,28.45387],[79.03598,28.45441],[79.04032,28.45355],[79.04501,28.45491],[79.04869,28.46172],[79.04012,28.46867],[79.04021,28.4713],[79.04578,28.47106],[79.04946,28.46986],[79.05569,28.47034],[79.06058,28.46815],[79.06149,28.46938],[79.06728,28.47031],[79.07017,28.47271],[79.07224,28.47589],[79.07212,28.47796],[79.06745,28.48912],[79.07369,28.48928],[79.08723,28.49221],[79.09635,28.49112],[79.10624,28.48801],[79.11422,28.49092],[79.11642,28.49324],[79.12936,28.496],[79.13073,28.49849],[79.13792,28.50438],[79.14154,28.50822],[79.14286,28.50896],[79.14392,28.50958],[79.14662,28.51583],[79.15281,28.52327],[79.1548,28.52804],[79.15423,28.53324],[79.15214,28.53757],[79.15153,28.54226],[79.15595,28.5464],[79.15726,28.54599],[79.16074,28.54805],[79.166,28.55479],[79.17211,28.5631],[79.173,28.56331],[79.17908,28.56074],[79.18402,28.56266],[79.18986,28.56828],[79.1944,28.57624],[79.1975,28.58553],[79.21069,28.57858],[79.21246,28.58328],[79.21419,28.58978],[79.21695,28.59653],[79.21871,28.59876],[79.22328,28.60061],[79.22735,28.60358],[79.23071,28.60951],[79.23102,28.61334],[79.22699,28.61643],[79.22476,28.62037],[79.22509,28.62543],[79.22756,28.63301],[79.226,28.64067],[79.22599,28.64331],[79.22763,28.64469],[79.23881,28.64661],[79.24375,28.65008],[79.24732,28.6541],[79.25013,28.65739],[79.25367,28.65989],[79.25692,28.66333],[79.26032,28.66768],[79.26315,28.67151],[79.2654,28.67314],[79.26817,28.6768],[79.27145,28.68153],[79.27449,28.68639],[79.27638,28.69048],[79.27949,28.69629],[79.28179,28.70101],[79.28378,28.70499],[79.28533,28.71024],[79.28698,28.71449],[79.2886,28.71914],[79.29012,28.72203],[79.29303,28.72494],[79.31223,28.73137],[79.31748,28.72941],[79.32284,28.73275],[79.32426,28.73413],[79.32874,28.73292],[79.33173,28.73157],[79.33531,28.73252],[79.33887,28.73909],[79.34197,28.74114],[79.34844,28.74262],[79.35345,28.74597],[79.3566,28.74947],[79.35692,28.75655],[79.35143,28.76033],[79.34633,28.76429],[79.34708,28.77161],[79.34945,28.77319],[79.35552,28.76938],[79.35986,28.76606],[79.36565,28.76531],[79.36986,28.76539],[79.37327,28.76434],[79.3765,28.76344],[79.38018,28.76673],[79.38047,28.77248],[79.37784,28.77657],[79.37416,28.77839],[79.37244,28.78391],[79.37285,28.78708],[79.37283,28.79041],[79.37402,28.79212],[79.37477,28.79408],[79.37407,28.79689],[79.37364,28.80009],[79.37103,28.80388],[79.36827,28.80595],[79.36631,28.80876],[79.36538,28.81242],[79.36584,28.81491],[79.36179,28.82008],[79.36089,28.82295],[79.3625,28.82602],[79.36631,28.82799],[79.36842,28.82833],[79.37099,28.82677],[79.37595,28.82227],[79.38163,28.82326],[79.38767,28.82552],[79.39312,28.8257],[79.39365,28.83016],[79.39665,28.83289],[79.39655,28.83795],[79.39592,28.84093],[79.39535,28.84317],[79.38792,28.84371],[79.38167,28.84317],[79.37553,28.84785],[79.37732,28.8522],[79.37962,28.85298],[79.38274,28.85211],[79.38736,28.85057],[79.38892,28.85201],[79.39537,28.85355],[79.39793,28.85531],[79.39758,28.85733],[79.39246,28.85958],[79.38536,28.8626],[79.38235,28.86336],[79.38068,28.86366],[79.37507,28.86765],[79.37271,28.86954],[79.37133,28.87234],[79.37086,28.87687],[79.37253,28.88067],[79.37637,28.87984],[79.37813,28.88116],[79.37981,28.88053],[79.38424,28.87901],[79.3887,28.87726],[79.39059,28.87729],[79.3929,28.87888],[79.39328,28.88267],[79.39565,28.88544],[79.39792,28.88104],[79.40188,28.87728],[79.4043,28.8749],[79.40482,28.87113],[79.40494,28.86745],[79.40622,28.86225],[79.40877,28.85801],[79.41122,28.85588],[79.41712,28.85584],[79.41963,28.8553],[79.42389,28.85524],[79.42753,28.85725],[79.43031,28.85979],[79.43346,28.86164],[79.43977,28.86105],[79.44778,28.86006],[79.45511,28.86006],[79.45972,28.85916],[79.46339,28.86053],[79.46471,28.86275],[79.46777,28.86491],[79.47663,28.86717],[79.48263,28.86622],[79.48655,28.8646],[79.49137,28.8626],[79.49692,28.86239],[79.50249,28.86276],[79.50724,28.8633],[79.51013,28.8647],[79.51406,28.86759],[79.51733,28.87058],[79.51997,28.87329],[79.5226,28.87633],[79.52592,28.882],[79.52989,28.88689],[79.53309,28.89031],[79.53645,28.89254],[79.53867,28.89241],[79.54333,28.89066],[79.5505,28.88418],[79.55254,28.88153],[79.55397,28.87852],[79.55374,28.87481],[79.55167,28.86825],[79.55126,28.86611],[79.5512,28.8632]]]}},{"type":"Feature","properties":{"ID_0":105,"ISO":"IND","NAME_0":"India","ID_1":33,"NAME_1":"Uttar Pradesh","ID_2":507,"NAME_2":"Basti","NL_NAME_2":null,"VARNAME_2":null,"TYPE_2":"District","ENGTYPE_2":"District","STATE":"Uttar Pradesh","DISTRICT":"Basti"},"geometry":{"type":"Polygon","coordinates":[[[82.70203,27.02132],[82.71222,27.02055],[82.71931,27.02317],[82.71581,27.01765],[82.71426,27.01167],[82.71597,27.00857],[82.71355,27.00019],[82.71478,26.99745],[82.72071,26.99915],[82.7254,26.99713],[82.73312,26.99608],[82.7326,26.98755],[82.73326,26.98361],[82.73698,26.98222],[82.7501,26.98262],[82.75356,26.98487],[82.75359,26.98654],[82.75131,26.99122],[82.75733,26.99405],[82.76508,26.99595],[82.76499,26.99432],[82.76002,26.99027],[82.7607,26.98414],[82.76351,26.98279],[82.76648,26.98363],[82.76983,26.98617],[82.77838,26.98301],[82.79128,26.97379],[82.79483,26.96971],[82.79735,26.96812],[82.79913,26.96855],[82.79984,26.97001],[82.79919,26.97583],[82.80037,26.97932],[82.80213,26.97987],[82.80501,26.97931],[82.80576,26.97309],[82.80495,26.96204],[82.80357,26.95665],[82.79927,26.95052],[82.7964,26.9484],[82.79121,26.94677],[82.79224,26.94428],[82.80009,26.94165],[82.802,26.94375],[82.80476,26.94997],[82.80668,26.94925],[82.80635,26.94036],[82.80693,26.9379],[82.81128,26.93705],[82.81288,26.93863],[82.81998,26.93782],[82.82564,26.94287],[82.83389,26.95338],[82.84696,26.96548],[82.84995,26.96512],[82.85595,26.96759],[82.85776,26.96685],[82.8604,26.9684],[82.86431,26.96712],[82.86971,26.97311],[82.87465,26.97405],[82.86956,26.98088],[82.86952,26.9906],[82.87286,26.99216],[82.88572,26.99486],[82.88917,26.99728],[82.89224,26.99658],[82.89514,26.9936],[82.89543,26.99002],[82.89111,26.98641],[82.89591,26.98533],[82.89893,26.98223],[82.90337,26.97521],[82.90429,26.96687],[82.90402,26.96264],[82.89925,26.95877],[82.89758,26.95422],[82.89702,26.94311],[82.90101,26.94005],[82.90759,26.9366],[82.92183,26.93071],[82.92017,26.9251],[82.9077,26.92256],[82.90205,26.92275],[82.90159,26.92556],[82.8991,26.92771],[82.88942,26.93258],[82.88352,26.93492],[82.87653,26.93592],[82.87381,26.93504],[82.87643,26.94513],[82.87238,26.94628],[82.86944,26.94939],[82.86437,26.94552],[82.86008,26.94421],[82.85725,26.93835],[82.85487,26.92945],[82.84403,26.92984],[82.8417,26.92404],[82.84188,26.92147],[82.84542,26.91795],[82.84734,26.91751],[82.85195,26.92154],[82.85599,26.92043],[82.86274,26.92015],[82.86095,26.91501],[82.86165,26.90833],[82.85657,26.90305],[82.84859,26.90341],[82.84765,26.90092],[82.84928,26.89905],[82.85237,26.89772],[82.85584,26.8917],[82.86223,26.8863],[82.86309,26.88265],[82.84784,26.88377],[82.84326,26.88112],[82.83894,26.88116],[82.8343,26.87568],[82.8289,26.871],[82.83167,26.86708],[82.83234,26.86319],[82.83033,26.86218],[82.82642,26.86309],[82.82208,26.86106],[82.81853,26.86078],[82.81851,26.85154],[82.81868,26.84539],[82.82384,26.8449],[82.83021,26.84944],[82.83375,26.84869],[82.83714,26.84525],[82.84223,26.84499],[82.84445,26.83866],[82.85088,26.83556],[82.85466,26.83499],[82.86054,26.83865],[82.86436,26.83866],[82.86822,26.8365],[82.87302,26.83515],[82.87299,26.82762],[82.87694,26.82528],[82.87867,26.82197],[82.87762,26.81736],[82.8753,26.81399],[82.87617,26.81084],[82.87286,26.80568],[82.87187,26.80158],[82.87328,26.79896],[82.87669,26.79741],[82.87463,26.79331],[82.87388,26.78801],[82.87692,26.78881],[82.87838,26.78848],[82.87832,26.78585],[82.8869,26.78633],[82.88922,26.78741],[82.88848,26.78918],[82.88973,26.78995],[82.89185,26.78906],[82.89534,26.79228],[82.89926,26.78787],[82.90301,26.79012],[82.9241,26.79896],[82.92392,26.7943],[82.92153,26.78983],[82.92002,26.78697],[82.91705,26.78675],[82.91193,26.76776],[82.91229,26.76576],[82.91645,26.76715],[82.92194,26.77166],[82.92741,26.76677],[82.93036,26.76797],[82.93137,26.76539],[82.93369,26.76481],[82.93276,26.75927],[82.93414,26.75741],[82.9398,26.75763],[82.9439,26.75603],[82.9423,26.75342],[82.94502,26.75158],[82.94724,26.75202],[82.95287,26.74603],[82.95165,26.74108],[82.94969,26.73782],[82.95337,26.73577],[82.9578,26.72649],[82.96262,26.72204],[82.96869,26.71395],[82.96585,26.71035],[82.96617,26.69995],[82.96557,26.69599],[82.96365,26.69366],[82.95911,26.69473],[82.95557,26.6868],[82.9579,26.68541],[82.96218,26.67675],[82.95696,26.67436],[82.9496,26.67435],[82.94272,26.67738],[82.94355,26.68211],[82.93544,26.68139],[82.92818,26.67668],[82.92214,26.67141],[82.91678,26.6657],[82.91492,26.66055],[82.90836,26.65917],[82.90572,26.6508],[82.91067,26.64853],[82.91142,26.64182],[82.91772,26.64088],[82.91753,26.63645],[82.92376,26.62851],[82.92452,26.62535],[82.92228,26.62422],[82.91567,26.62687],[82.90366,26.63719],[82.89967,26.63868],[82.89702,26.63571],[82.8978,26.6325],[82.89928,26.6316],[82.89758,26.62905],[82.89214,26.62826],[82.88868,26.62107],[82.88749,26.61643],[82.88327,26.61723],[82.87921,26.61388],[82.87873,26.60833],[82.88029,26.60013],[82.88519,26.59487],[82.88597,26.58392],[82.89403,26.58621],[82.89232,26.58091],[82.8941,26.57883],[82.90187,26.5797],[82.90255,26.56767],[82.90448,26.56467],[82.90924,26.56183],[82.90931,26.55402],[82.89801,26.55934],[82.893,26.55894],[82.89125,26.55523],[82.89338,26.55172],[82.89374,26.54433],[82.89679,26.54106],[82.88528,26.5446],[82.87694,26.54565],[82.86822,26.54183],[82.86398,26.54117],[82.85956,26.54326],[82.84581,26.55252],[82.83939,26.55465],[82.83132,26.5602],[82.82924,26.56703],[82.80484,26.57795],[82.80038,26.57834],[82.78735,26.57602],[82.77767,26.57259],[82.77241,26.56791],[82.76387,26.56438],[82.7558,26.562],[82.74615,26.56424],[82.74051,26.56392],[82.72941,26.56101],[82.71892,26.55725],[82.70403,26.55882],[82.70078,26.56116],[82.69745,26.57006],[82.68998,26.57078],[82.68368,26.57337],[82.67798,26.57802],[82.67773,26.58623],[82.67532,26.5894],[82.66209,26.59702],[82.65836,26.60057],[82.65536,26.60844],[82.64095,26.61098],[82.63221,26.60545],[82.62302,26.60453],[82.61326,26.60446],[82.60214,26.60459],[82.59033,26.60657],[82.58559,26.60561],[82.57671,26.60777],[82.56989,26.60794],[82.56272,26.61478],[82.55852,26.6158],[82.53444,26.62886],[82.49852,26.63856],[82.48701,26.6436],[82.47834,26.64849],[82.46886,26.65623],[82.46197,26.66165],[82.45418,26.66291],[82.43628,26.66183],[82.4175,26.65664],[82.40425,26.64944],[82.39449,26.65203],[82.38364,26.65634],[82.37268,26.66179],[82.35735,26.67461],[82.34318,26.68938],[82.31705,26.71324],[82.30836,26.72697],[82.30499,26.72907],[82.27587,26.74008],[82.26673,26.74919],[82.26191,26.75155],[82.25733,26.75162],[82.25306,26.74922],[82.24815,26.74778],[82.2402,26.75191],[82.23141,26.7521],[82.22639,26.75642],[82.22321,26.76659],[82.21866,26.77195],[82.21365,26.78202],[82.21669,26.80234],[82.21515,26.81158],[82.22814,26.82264],[82.23909,26.81645],[82.24338,26.81574],[82.24647,26.81897],[82.24515,26.82222],[82.24146,26.8223],[82.23904,26.82668],[82.23658,26.83979],[82.23262,26.84683],[82.23019,26.85546],[82.23241,26.85914],[82.22375,26.86775],[82.22285,26.87249],[82.22992,26.88008],[82.23456,26.8866],[82.2403,26.89874],[82.2413,26.90491],[82.2383,26.90937],[82.22637,26.91834],[82.22991,26.93182],[82.23371,26.93881],[82.24059,26.93793],[82.25182,26.94615],[82.26262,26.94193],[82.26626,26.94151],[82.2683,26.94473],[82.26803,26.94745],[82.27403,26.95105],[82.27699,26.95023],[82.28148,26.95078],[82.28092,26.95446],[82.28542,26.96144],[82.29043,26.96791],[82.30164,26.97319],[82.30677,26.98126],[82.31113,26.98005],[82.3169,26.97442],[82.31914,26.97051],[82.31926,26.95991],[82.32274,26.95582],[82.32958,26.95121],[82.33577,26.94502],[82.34581,26.93747],[82.34988,26.93554],[82.3541,26.93525],[82.35706,26.93669],[82.35954,26.93641],[82.36405,26.94117],[82.36902,26.94151],[82.3717,26.94484],[82.37712,26.94541],[82.37933,26.9473],[82.38126,26.95188],[82.38879,26.95095],[82.42752,26.93139],[82.43012,26.93156],[82.43282,26.93276],[82.4362,26.93719],[82.4379,26.93516],[82.44486,26.93254],[82.44504,26.92892],[82.44926,26.92538],[82.4584,26.92046],[82.46354,26.91649],[82.47079,26.90846],[82.47732,26.90923],[82.48824,26.91926],[82.49239,26.92503],[82.49381,26.93115],[82.49392,26.94259],[82.50169,26.947],[82.50444,26.95322],[82.51021,26.95635],[82.52418,26.95602],[82.52906,26.95674],[82.53869,26.96173],[82.54144,26.96679],[82.54726,26.96743],[82.55349,26.96918],[82.5541,26.97784],[82.55586,26.98071],[82.55578,26.98464],[82.55433,26.9883],[82.55447,26.99257],[82.55812,26.99264],[82.56218,26.99167],[82.56799,26.99664],[82.57533,27.00017],[82.57643,27.00447],[82.58067,27.00578],[82.58742,27.00458],[82.59579,27.00437],[82.60474,27.00531],[82.60661,27.00836],[82.61643,27.0025],[82.61828,27.00283],[82.61879,27.00485],[82.62345,27.00572],[82.62464,27.00551],[82.62457,27.00839],[82.62476,27.01113],[82.62623,27.01394],[82.63019,27.01611],[82.64111,27.01341],[82.64522,27.01381],[82.65471,27.01714],[82.65902,27.01699],[82.66141,27.01595],[82.66521,27.01145],[82.66875,27.01085],[82.67396,27.01162],[82.68098,27.01467],[82.68555,27.01841],[82.68929,27.02103],[82.69054,27.02271],[82.69051,27.02283],[82.6904,27.02316],[82.69286,27.02331],[82.70203,27.02132]]]}},{"type":"Feature","properties":{"ID_0":105,"ISO":"IND","NAME_0":"India","ID_1":33,"NAME_1":"Uttar Pradesh","ID_2":508,"NAME_2":"Bijnor","NL_NAME_2":null,"VARNAME_2":"Bijnar|Bijnore","TYPE_2":"District","ENGTYPE_2":"District","STATE":"Uttar Pradesh","DISTRICT":"Bijnor"},"geometry":{"type":"Polygon","coordinates":[[[78.38599,29.77386],[78.39842,29.77213],[78.40839,29.77344],[78.41257,29.77242],[78.42432,29.76165],[78.43213,29.75812],[78.45216,29.75214],[78.46474,29.75101],[78.47358,29.74847],[78.48758,29.74138],[78.49021,29.72492],[78.50026,29.71534],[78.50185,29.71171],[78.50602,29.69389],[78.50745,29.69083],[78.50725,29.67697],[78.50764,29.67291],[78.50961,29.66848],[78.50922,29.65965],[78.51151,29.65069],[78.51775,29.63915],[78.52547,29.62977],[78.52736,29.62436],[78.53054,29.62393],[78.56121,29.59373],[78.57648,29.58057],[78.60525,29.5618],[78.61516,29.55787],[78.6215,29.55289],[78.63957,29.54778],[78.65039,29.54069],[78.67656,29.52135],[78.68541,29.51355],[78.69336,29.50887],[78.70827,29.50942],[78.72661,29.50871],[78.73152,29.50574],[78.73906,29.50498],[78.74226,29.50122],[78.76578,29.48379],[78.77475,29.48094],[78.78551,29.47603],[78.79695,29.47595],[78.81139,29.46983],[78.8167,29.46857],[78.82377,29.46969],[78.83006,29.46851],[78.84612,29.46365],[78.86575,29.4596],[78.87543,29.45998],[78.88268,29.45784],[78.89011,29.45754],[78.89602,29.45618],[78.90034,29.45618],[78.91979,29.46015],[78.92293,29.45618],[78.90714,29.45183],[78.90041,29.44669],[78.89648,29.42358],[78.89062,29.41643],[78.88719,29.40899],[78.8828,29.4048],[78.87276,29.39857],[78.87019,29.39236],[78.866,29.39312],[78.86259,29.39461],[78.86021,29.39388],[78.85889,29.39148],[78.86003,29.38931],[78.85976,29.38767],[78.8568,29.38559],[78.84039,29.37993],[78.83631,29.38143],[78.83251,29.38135],[78.83186,29.37658],[78.83472,29.37435],[78.8358,29.37229],[78.83626,29.37141],[78.83437,29.36967],[78.82882,29.36818],[78.82392,29.36844],[78.81418,29.37004],[78.81177,29.37231],[78.81096,29.38028],[78.815,29.38534],[78.81161,29.3847],[78.80898,29.38288],[78.80777,29.38027],[78.80685,29.37315],[78.7972,29.35563],[78.79015,29.35212],[78.79012,29.3504],[78.79167,29.34788],[78.7927,29.34343],[78.79791,29.33832],[78.79739,29.33697],[78.79134,29.335],[78.78884,29.32928],[78.78133,29.33196],[78.78445,29.34293],[78.78246,29.34644],[78.78089,29.34352],[78.77905,29.34227],[78.76962,29.34065],[78.76593,29.34105],[78.76385,29.3432],[78.76533,29.34573],[78.76353,29.34739],[78.75741,29.34976],[78.74705,29.34334],[78.74609,29.34092],[78.74165,29.33588],[78.7415,29.33262],[78.73479,29.33176],[78.7316,29.33431],[78.72835,29.33416],[78.72773,29.33138],[78.72571,29.32998],[78.72592,29.32512],[78.72861,29.31896],[78.72734,29.31749],[78.72111,29.31946],[78.71976,29.31842],[78.71413,29.31933],[78.71386,29.31735],[78.7208,29.31228],[78.72756,29.31279],[78.73139,29.31101],[78.7389,29.30631],[78.74676,29.30271],[78.76108,29.29333],[78.76553,29.28992],[78.76683,29.28591],[78.75864,29.28667],[78.75523,29.28626],[78.75302,29.28467],[78.75005,29.2848],[78.74187,29.28864],[78.73932,29.2853],[78.73489,29.28248],[78.72733,29.28308],[78.7223,29.28197],[78.71995,29.28247],[78.71955,29.28088],[78.71697,29.28012],[78.71564,29.27763],[78.71286,29.27592],[78.71114,29.27347],[78.70468,29.27434],[78.69981,29.27319],[78.69667,29.27397],[78.69503,29.27322],[78.69379,29.26714],[78.68819,29.265],[78.68473,29.26239],[78.68275,29.25908],[78.68606,29.25561],[78.68673,29.25323],[78.6802,29.24322],[78.67041,29.23602],[78.66818,29.23226],[78.67096,29.22971],[78.67445,29.22629],[78.67306,29.2229],[78.66728,29.2148],[78.66962,29.21262],[78.6772,29.21471],[78.68285,29.21828],[78.68794,29.22377],[78.69141,29.2225],[78.68973,29.22128],[78.69219,29.21828],[78.69067,29.21314],[78.68564,29.20944],[78.67962,29.20654],[78.67853,29.20911],[78.67327,29.20981],[78.66967,29.20459],[78.66193,29.20339],[78.65844,29.19921],[78.65367,29.19745],[78.64921,29.19047],[78.64872,29.18713],[78.64989,29.18472],[78.6521,29.18568],[78.6581,29.18399],[78.65787,29.17932],[78.65332,29.17492],[78.65005,29.17272],[78.64107,29.17951],[78.63866,29.17945],[78.63402,29.17581],[78.62685,29.16723],[78.63107,29.1626],[78.64242,29.15842],[78.64926,29.15775],[78.65341,29.1598],[78.65259,29.14978],[78.64792,29.14546],[78.64348,29.13915],[78.63543,29.1325],[78.6293,29.13095],[78.62568,29.13247],[78.62434,29.13175],[78.62266,29.12913],[78.60956,29.12127],[78.60786,29.11801],[78.61073,29.1134],[78.61572,29.10743],[78.60941,29.10308],[78.60487,29.09774],[78.5987,29.09886],[78.59521,29.09664],[78.59039,29.0904],[78.57894,29.09321],[78.5759,29.09238],[78.56852,29.09514],[78.56476,29.09524],[78.56577,29.089],[78.56145,29.08884],[78.55989,29.08694],[78.55473,29.08688],[78.54825,29.08113],[78.54241,29.08299],[78.53871,29.08281],[78.53765,29.0849],[78.53221,29.08577],[78.52369,29.08595],[78.521,29.08485],[78.50484,29.06503],[78.50326,29.06642],[78.50089,29.06709],[78.49698,29.06471],[78.49413,29.06026],[78.48758,29.06678],[78.48186,29.07022],[78.47695,29.06665],[78.46604,29.07015],[78.4621,29.07099],[78.46037,29.0703],[78.45723,29.0722],[78.45565,29.07029],[78.44851,29.06514],[78.44424,29.06294],[78.43958,29.06315],[78.43732,29.06015],[78.43616,29.0563],[78.43323,29.05646],[78.43214,29.05422],[78.42444,29.05035],[78.42054,29.05085],[78.41396,29.04746],[78.41007,29.04349],[78.40585,29.04476],[78.40398,29.04448],[78.39801,29.03764],[78.39229,29.03677],[78.38422,29.04317],[78.3822,29.04133],[78.38004,29.03997],[78.37777,29.04095],[78.37369,29.04083],[78.3694,29.03972],[78.36551,29.03695],[78.35551,29.03528],[78.3417,29.04883],[78.3297,29.05475],[78.32564,29.04849],[78.32373,29.04753],[78.3196,29.04819],[78.3162,29.04616],[78.31218,29.04494],[78.30669,29.0451],[78.30235,29.04611],[78.29814,29.04548],[78.29591,29.04955],[78.30018,29.05385],[78.29369,29.05707],[78.28687,29.04748],[78.28313,29.04565],[78.2816,29.04683],[78.27796,29.04593],[78.27596,29.04815],[78.27077,29.05004],[78.26912,29.05204],[78.26559,29.05427],[78.25768,29.05243],[78.2544,29.05314],[78.24753,29.04915],[78.24263,29.05045],[78.23772,29.04994],[78.23244,29.05129],[78.22884,29.04644],[78.22283,29.04673],[78.21609,29.05104],[78.21404,29.05465],[78.20445,29.05698],[78.20371,29.0596],[78.19955,29.06155],[78.19537,29.05627],[78.18175,29.06585],[78.17232,29.06812],[78.16959,29.06665],[78.16525,29.06239],[78.16171,29.06284],[78.15907,29.06632],[78.15339,29.06433],[78.15163,29.06169],[78.14904,29.05982],[78.14708,29.06425],[78.14875,29.07621],[78.13642,29.08331],[78.13163,29.08476],[78.12313,29.08338],[78.10729,29.08501],[78.09896,29.08668],[78.09458,29.08926],[78.10472,29.103],[78.10664,29.11269],[78.10638,29.11672],[78.1001,29.1237],[78.09908,29.12701],[78.09787,29.14595],[78.10034,29.15387],[78.1078,29.16524],[78.11368,29.16764],[78.12165,29.16877],[78.12443,29.17108],[78.12643,29.17612],[78.12974,29.18107],[78.13116,29.1858],[78.13076,29.19106],[78.12874,29.1972],[78.11552,29.21116],[78.11581,29.21806],[78.11446,29.22338],[78.11666,29.22732],[78.11601,29.22906],[78.11864,29.23574],[78.11806,29.24147],[78.11996,29.2439],[78.12075,29.24772],[78.12555,29.25918],[78.12538,29.26613],[78.12319,29.27159],[78.11599,29.28725],[78.1098,29.2942],[78.1073,29.30467],[78.10141,29.31644],[78.10029,29.3241],[78.09813,29.32946],[78.09352,29.33249],[78.08878,29.33734],[78.08321,29.34156],[78.07984,29.34303],[78.07656,29.34669],[78.07342,29.36148],[78.07168,29.36349],[78.06821,29.36474],[78.05647,29.36486],[78.05364,29.36703],[78.04996,29.37614],[78.0393,29.38297],[78.03909,29.38854],[78.03716,29.3946],[78.03987,29.39824],[78.05353,29.40764],[78.05385,29.40964],[78.05241,29.41407],[78.05074,29.41681],[78.04485,29.41685],[78.04216,29.41775],[78.03765,29.42485],[78.03264,29.43068],[78.02596,29.43561],[78.0224,29.44066],[78.02048,29.45358],[78.01747,29.45842],[78.00509,29.4678],[78.00888,29.47036],[78.00893,29.47267],[78.00722,29.47514],[78.00576,29.47591],[77.99717,29.4739],[77.99577,29.47457],[77.9921,29.47958],[77.98815,29.48121],[77.98447,29.48746],[77.9833,29.49102],[77.98163,29.4989],[77.98201,29.51353],[77.98241,29.52929],[77.98396,29.54345],[77.98527,29.54499],[77.98802,29.54586],[77.99416,29.5551],[78.00352,29.55609],[78.01662,29.55462],[78.01927,29.55405],[78.03256,29.5517],[78.03688,29.55263],[78.03826,29.56144],[78.03722,29.56525],[78.04264,29.57191],[78.04075,29.57532],[78.0373,29.57777],[78.03651,29.58086],[78.03976,29.58798],[78.04393,29.59307],[78.05069,29.59805],[78.05925,29.60161],[78.06826,29.60141],[78.07316,29.59991],[78.07851,29.59954],[78.08206,29.60181],[78.08868,29.6133],[78.09062,29.62477],[78.09424,29.62803],[78.09683,29.6306],[78.09751,29.63078],[78.10698,29.63318],[78.10914,29.6367],[78.11482,29.64516],[78.134,29.65851],[78.13912,29.6761],[78.16593,29.67953],[78.18222,29.69155],[78.1923,29.70659],[78.19353,29.71006],[78.22126,29.71762],[78.2314,29.70409],[78.26476,29.72679],[78.28194,29.74234],[78.30293,29.75759],[78.33174,29.79618],[78.33193,29.79612],[78.33854,29.79254],[78.35126,29.78625],[78.38599,29.77386]]]}},{"type":"Feature","properties":{"ID_0":105,"ISO":"IND","NAME_0":"India","ID_1":33,"NAME_1":"Uttar Pradesh","ID_2":509,"NAME_2":"Bulandshahr","NL_NAME_2":null,"VARNAME_2":"Bulandshahar, Buland Sahar","TYPE_2":"District","ENGTYPE_2":"District","STATE":"Uttar Pradesh","DISTRICT":"Bulandshahr"},"geometry":{"type":"Polygon","coordinates":[[[77.96809,28.71389],[77.97637,28.70463],[77.97942,28.70438],[77.98929,28.70596],[77.99906,28.70324],[78.00081,28.69979],[78.00266,28.68906],[78.00912,28.68428],[78.01652,28.67651],[78.02502,28.67151],[78.04338,28.661],[78.05522,28.65694],[78.06,28.66198],[78.06319,28.6634],[78.0711,28.65898],[78.07487,28.65578],[78.07569,28.64539],[78.07761,28.64292],[78.08189,28.63976],[78.1099,28.63241],[78.11759,28.62837],[78.12637,28.63637],[78.13292,28.63446],[78.13816,28.63577],[78.15823,28.62333],[78.16555,28.62308],[78.17075,28.62165],[78.19871,28.62119],[78.20523,28.60564],[78.21919,28.5791],[78.20548,28.55563],[78.20673,28.54731],[78.20903,28.54003],[78.21059,28.53736],[78.20518,28.53129],[78.20515,28.52906],[78.20699,28.52493],[78.20809,28.51064],[78.20937,28.50589],[78.21479,28.50129],[78.22153,28.5001],[78.24333,28.50007],[78.26141,28.49606],[78.26505,28.49413],[78.26665,28.49067],[78.26684,28.47595],[78.27046,28.47307],[78.29441,28.4647],[78.29543,28.46139],[78.29577,28.45554],[78.29285,28.45236],[78.2779,28.44338],[78.27397,28.43927],[78.272,28.43312],[78.27088,28.42654],[78.27228,28.41895],[78.27478,28.41358],[78.28055,28.40904],[78.28502,28.40548],[78.28754,28.40082],[78.28685,28.39561],[78.28345,28.38918],[78.27381,28.37787],[78.28167,28.36534],[78.2887,28.34998],[78.29395,28.34162],[78.29468,28.33541],[78.29984,28.32773],[78.2999,28.32076],[78.30127,28.31416],[78.31181,28.29513],[78.32608,28.28177],[78.34717,28.27323],[78.35693,28.27179],[78.36433,28.26843],[78.36949,28.26104],[78.37211,28.24534],[78.3775,28.24219],[78.38527,28.23243],[78.39162,28.22162],[78.40062,28.20264],[78.4049,28.20072],[78.40965,28.19604],[78.41408,28.19447],[78.42702,28.17937],[78.43822,28.1739],[78.44592,28.16476],[78.45074,28.15456],[78.4558,28.14659],[78.47582,28.13006],[78.46367,28.11652],[78.45156,28.10354],[78.44151,28.10357],[78.43018,28.10824],[78.42502,28.10381],[78.41867,28.09985],[78.41376,28.10497],[78.40819,28.10443],[78.40394,28.10914],[78.40382,28.11338],[78.39286,28.1205],[78.38471,28.11184],[78.37923,28.10935],[78.37602,28.11247],[78.38236,28.12676],[78.38253,28.12977],[78.37637,28.1339],[78.37779,28.14083],[78.37584,28.14572],[78.37071,28.14899],[78.36501,28.15124],[78.36152,28.15418],[78.35875,28.15782],[78.35385,28.15552],[78.34915,28.1578],[78.34197,28.15459],[78.33703,28.14508],[78.33462,28.14214],[78.32971,28.14192],[78.32601,28.13552],[78.32176,28.13313],[78.31792,28.13433],[78.31179,28.13015],[78.29667,28.12412],[78.28955,28.12308],[78.28597,28.12757],[78.28011,28.12785],[78.2723,28.12556],[78.26979,28.12322],[78.26366,28.12004],[78.25027,28.12166],[78.24306,28.12005],[78.24158,28.11431],[78.23901,28.11203],[78.22992,28.10807],[78.22836,28.10572],[78.22406,28.10444],[78.22178,28.10554],[78.21373,28.11456],[78.21083,28.11447],[78.19678,28.09916],[78.18844,28.09198],[78.18149,28.08983],[78.17481,28.08998],[78.17033,28.09196],[78.16702,28.09131],[78.15915,28.08206],[78.15002,28.07505],[78.1416,28.07477],[78.13388,28.07705],[78.12971,28.08039],[78.12823,28.08368],[78.1345,28.09411],[78.13342,28.10019],[78.12762,28.10982],[78.11913,28.11302],[78.11392,28.12027],[78.10821,28.11979],[78.09798,28.11377],[78.09202,28.11343],[78.08994,28.11673],[78.09473,28.12668],[78.09318,28.12896],[78.08447,28.12303],[78.07807,28.12485],[78.07243,28.12401],[78.07003,28.12832],[78.06425,28.13232],[78.05716,28.13153],[78.04011,28.13544],[78.02604,28.12687],[78.02376,28.11609],[78.0137,28.10839],[77.99468,28.0952],[77.995,28.08355],[77.99029,28.0792],[77.98452,28.08085],[77.97737,28.08609],[77.97217,28.08584],[77.96669,28.08468],[77.96381,28.08333],[77.961,28.08438],[77.95796,28.08726],[77.95409,28.08861],[77.94885,28.08499],[77.94107,28.08627],[77.93543,28.08352],[77.92947,28.08253],[77.92754,28.08565],[77.92972,28.0941],[77.91837,28.10211],[77.90974,28.09942],[77.90458,28.10665],[77.89665,28.1129],[77.88691,28.11467],[77.86535,28.1294],[77.8603,28.13606],[77.85672,28.13779],[77.85102,28.13709],[77.84109,28.13305],[77.83477,28.13895],[77.83832,28.14633],[77.84266,28.1507],[77.84404,28.15474],[77.8381,28.16382],[77.84225,28.16495],[77.84116,28.17004],[77.83562,28.17746],[77.83265,28.17618],[77.82785,28.17202],[77.82681,28.16998],[77.82352,28.1677],[77.81929,28.16737],[77.8158,28.16295],[77.81088,28.16169],[77.80776,28.15983],[77.8,28.15881],[77.80311,28.15353],[77.80425,28.14566],[77.7977,28.14565],[77.7905,28.1434],[77.78533,28.14364],[77.78056,28.14458],[77.77576,28.14291],[77.7672,28.13276],[77.76437,28.13444],[77.76196,28.13803],[77.7606,28.14275],[77.75562,28.15006],[77.7562,28.1568],[77.75311,28.1571],[77.75256,28.16243],[77.74249,28.18368],[77.73242,28.1971],[77.71564,28.21835],[77.69999,28.23177],[77.68546,28.24519],[77.68012,28.25407],[77.68136,28.25508],[77.66532,28.26644],[77.66197,28.2765],[77.66421,28.29216],[77.66532,28.30223],[77.66532,28.31676],[77.65749,28.33018],[77.65638,28.35031],[77.65526,28.36709],[77.64407,28.38275],[77.62171,28.40064],[77.60046,28.40847],[77.59151,28.41741],[77.58592,28.4286],[77.58544,28.43574],[77.5898,28.43851],[77.59398,28.43892],[77.60129,28.43805],[77.61275,28.44308],[77.61406,28.44555],[77.61444,28.44793],[77.60989,28.45374],[77.60409,28.459],[77.6059,28.46559],[77.60789,28.46906],[77.60786,28.47208],[77.62057,28.47935],[77.62695,28.48188],[77.62872,28.48378],[77.63404,28.48646],[77.6386,28.49063],[77.64331,28.49027],[77.64743,28.49089],[77.65054,28.497],[77.65849,28.49917],[77.66237,28.50164],[77.66228,28.50488],[77.66362,28.50798],[77.67698,28.51299],[77.68013,28.51406],[77.67994,28.51841],[77.67805,28.52462],[77.67871,28.5309],[77.68102,28.53346],[77.68509,28.53569],[77.68224,28.54392],[77.68104,28.55247],[77.67827,28.55758],[77.68602,28.55979],[77.69388,28.55824],[77.70251,28.55902],[77.7062,28.55817],[77.71011,28.55235],[77.71186,28.55261],[77.71481,28.55179],[77.71969,28.55561],[77.72226,28.55863],[77.72666,28.56099],[77.73772,28.56263],[77.74213,28.56486],[77.74687,28.56944],[77.74569,28.57941],[77.74821,28.58481],[77.75288,28.58642],[77.75964,28.59016],[77.76851,28.58896],[77.77343,28.5911],[77.77684,28.59495],[77.78097,28.60502],[77.79046,28.6208],[77.80049,28.62729],[77.80634,28.62932],[77.81041,28.62953],[77.82138,28.63259],[77.82475,28.63499],[77.82984,28.63516],[77.83814,28.64236],[77.84324,28.65265],[77.84747,28.65675],[77.86111,28.64902],[77.86465,28.64932],[77.86884,28.64447],[77.8747,28.64268],[77.88307,28.63866],[77.89192,28.63665],[77.89226,28.64346],[77.8989,28.65027],[77.90159,28.65548],[77.89479,28.65909],[77.89234,28.6616],[77.89104,28.66484],[77.89277,28.6688],[77.89584,28.67184],[77.89996,28.67003],[77.90351,28.66972],[77.90692,28.67333],[77.9024,28.678],[77.90414,28.67929],[77.90539,28.68067],[77.90927,28.68504],[77.92182,28.70239],[77.92667,28.70764],[77.93439,28.70819],[77.93912,28.7077],[77.9424,28.70921],[77.94585,28.71344],[77.95022,28.71715],[77.95682,28.71947],[77.9633,28.71689],[77.96809,28.71389]]]}},{"type":"Feature","properties":{"ID_0":105,"ISO":"IND","NAME_0":"India","ID_1":33,"NAME_1":"Uttar Pradesh","ID_2":510,"NAME_2":"Chandauli","NL_NAME_2":null,"VARNAME_2":null,"TYPE_2":"District","ENGTYPE_2":"District","STATE":"Uttar Pradesh","DISTRICT":"Chandauli"},"geometry":{"type":"Polygon","coordinates":[[[83.21301,25.52887],[83.22176,25.52767],[83.22698,25.52815],[83.23333,25.52754],[83.23953,25.52601],[83.25092,25.52055],[83.25924,25.51761],[83.2756,25.50915],[83.28001,25.50598],[83.28634,25.49703],[83.29106,25.4858],[83.29823,25.47753],[83.30986,25.47006],[83.32103,25.46523],[83.32627,25.46463],[83.33177,25.46576],[83.34037,25.47207],[83.34347,25.47305],[83.35706,25.48261],[83.36232,25.48523],[83.36694,25.48637],[83.37218,25.49014],[83.38861,25.49127],[83.39983,25.48781],[83.40515,25.48916],[83.41091,25.48424],[83.41721,25.47707],[83.42512,25.46579],[83.43544,25.45539],[83.44739,25.44514],[83.49612,25.40846],[83.51241,25.3986],[83.52778,25.39299],[83.52303,25.38496],[83.52169,25.38005],[83.52328,25.3745],[83.52919,25.36428],[83.5321,25.36187],[83.53452,25.35764],[83.5409,25.34965],[83.53931,25.34732],[83.53016,25.34639],[83.52455,25.32992],[83.52483,25.32491],[83.52396,25.32193],[83.53363,25.31803],[83.53465,25.3152],[83.53315,25.31287],[83.54436,25.31314],[83.54665,25.31161],[83.54531,25.30985],[83.54258,25.30932],[83.53118,25.30451],[83.52879,25.30144],[83.52561,25.29954],[83.5231,25.30045],[83.52003,25.30332],[83.51807,25.30248],[83.51694,25.30061],[83.51691,25.29847],[83.51795,25.29324],[83.51118,25.28782],[83.50807,25.2862],[83.5026,25.28957],[83.49821,25.28297],[83.49689,25.283],[83.49573,25.2844],[83.49477,25.28729],[83.49128,25.28659],[83.48962,25.28117],[83.4862,25.2795],[83.48206,25.28289],[83.48026,25.28241],[83.47102,25.27215],[83.47005,25.26923],[83.47192,25.26546],[83.47044,25.26268],[83.46326,25.25641],[83.46028,25.25197],[83.45729,25.25041],[83.45355,25.25128],[83.44295,25.25926],[83.4398,25.2592],[83.43322,25.25356],[83.43115,25.25008],[83.43137,25.2445],[83.42873,25.24449],[83.42252,25.25224],[83.41934,25.25332],[83.41855,25.25207],[83.41934,25.24636],[83.41707,25.24611],[83.40927,25.24928],[83.40691,25.24725],[83.40417,25.24241],[83.40234,25.23755],[83.40151,25.23003],[83.39728,25.22521],[83.39597,25.22252],[83.39505,25.21691],[83.39114,25.21559],[83.3899,25.21412],[83.38999,25.21164],[83.38822,25.20701],[83.38535,25.20603],[83.38174,25.2108],[83.37958,25.21175],[83.37771,25.20966],[83.37456,25.20251],[83.3721,25.20111],[83.36662,25.20033],[83.36026,25.19635],[83.35597,25.19866],[83.34961,25.19894],[83.3474,25.19304],[83.34395,25.1874],[83.34122,25.18555],[83.33586,25.18357],[83.33536,25.18139],[83.33801,25.17991],[83.34225,25.17886],[83.34814,25.1786],[83.34673,25.1696],[83.34509,25.16669],[83.34321,25.15867],[83.35081,25.15339],[83.35247,25.15182],[83.35344,25.14916],[83.354,25.14017],[83.35213,25.13122],[83.35763,25.12792],[83.35736,25.12419],[83.35376,25.11037],[83.34784,25.1108],[83.34289,25.11248],[83.34013,25.1124],[83.34032,25.09865],[83.33803,25.08806],[83.33669,25.08635],[83.33351,25.08479],[83.33222,25.08246],[83.33121,25.07335],[83.32778,25.061],[83.33124,25.05983],[83.3336,25.05803],[83.33381,25.05099],[83.33211,25.0505],[83.33017,25.05098],[83.32712,25.05339],[83.32624,25.05539],[83.32495,25.05597],[83.32192,25.05583],[83.32146,25.05243],[83.32346,25.04805],[83.31784,25.04165],[83.3165,25.03838],[83.31607,25.02734],[83.31818,25.01732],[83.31966,25.01554],[83.32765,25.01632],[83.3391,25.01189],[83.34209,25.01146],[83.34387,25.01048],[83.34488,25.00262],[83.3462,24.99596],[83.34593,24.99209],[83.34041,24.97922],[83.34052,24.97482],[83.33846,24.96355],[83.34393,24.96388],[83.3463,24.96295],[83.34938,24.95953],[83.35702,24.95535],[83.3579,24.95163],[83.35761,24.94599],[83.35852,24.9374],[83.35735,24.91924],[83.35803,24.91399],[83.35731,24.9114],[83.35599,24.90984],[83.35203,24.90784],[83.35121,24.90623],[83.35139,24.90306],[83.36002,24.89185],[83.35963,24.89018],[83.35618,24.88922],[83.35506,24.88748],[83.3549,24.88554],[83.35623,24.88431],[83.3618,24.88234],[83.36387,24.88044],[83.36424,24.87858],[83.36317,24.87697],[83.35725,24.87353],[83.354,24.87061],[83.35575,24.86865],[83.36827,24.86318],[83.37865,24.84614],[83.38102,24.84446],[83.38076,24.84303],[83.38251,24.84026],[83.38528,24.84007],[83.38915,24.83607],[83.39039,24.83308],[83.38963,24.82715],[83.39131,24.82316],[83.39493,24.82021],[83.39567,24.8156],[83.3956,24.81099],[83.39006,24.80442],[83.3899,24.80185],[83.39255,24.79711],[83.3885,24.79154],[83.38634,24.78659],[83.3868,24.78422],[83.38306,24.77853],[83.37825,24.77631],[83.36776,24.77473],[83.35478,24.77486],[83.3449,24.77792],[83.33984,24.77588],[83.33141,24.7745],[83.32436,24.78031],[83.32035,24.78587],[83.31356,24.78736],[83.31197,24.78575],[83.31297,24.77796],[83.32238,24.77081],[83.32211,24.76776],[83.31591,24.75972],[83.31322,24.75416],[83.31125,24.74755],[83.30646,24.74631],[83.30469,24.74044],[83.29833,24.73299],[83.29843,24.72458],[83.30049,24.72088],[83.2914,24.71943],[83.28077,24.7308],[83.27926,24.73881],[83.27477,24.73567],[83.26476,24.7305],[83.25609,24.7291],[83.2514,24.73161],[83.24638,24.72628],[83.23888,24.72661],[83.23285,24.72947],[83.22056,24.73288],[83.20179,24.72464],[83.19689,24.7205],[83.18718,24.71987],[83.17896,24.71622],[83.17838,24.72406],[83.17246,24.71821],[83.16877,24.72163],[83.16217,24.72511],[83.15405,24.72625],[83.14837,24.73289],[83.14555,24.74262],[83.14243,24.74776],[83.1349,24.75439],[83.12446,24.76034],[83.11182,24.76382],[83.10546,24.76692],[83.09441,24.76976],[83.09236,24.77485],[83.08577,24.77996],[83.08181,24.7813],[83.08291,24.78642],[83.08791,24.79375],[83.08618,24.79541],[83.08785,24.79892],[83.08251,24.80046],[83.0888,24.80773],[83.09194,24.81267],[83.09962,24.81837],[83.10527,24.81738],[83.10786,24.81934],[83.11795,24.82313],[83.12102,24.82727],[83.11538,24.83824],[83.11048,24.84191],[83.10017,24.84001],[83.09315,24.83783],[83.08723,24.83866],[83.08098,24.84966],[83.07694,24.86202],[83.07852,24.86865],[83.07314,24.87977],[83.07029,24.8882],[83.07276,24.89608],[83.07305,24.90156],[83.06749,24.9174],[83.06298,24.92552],[83.05911,24.93063],[83.05373,24.95516],[83.05309,24.96934],[83.06815,24.97868],[83.06854,24.98094],[83.06743,24.98664],[83.06461,24.99298],[83.06186,24.99696],[83.06099,25.00228],[83.06081,25.00492],[83.06536,25.0085],[83.06679,25.01086],[83.06785,25.01646],[83.06606,25.02169],[83.06106,25.02472],[83.06028,25.02667],[83.05997,25.03009],[83.06136,25.03112],[83.06446,25.0313],[83.06413,25.03356],[83.06223,25.03592],[83.05708,25.03876],[83.05525,25.04163],[83.05444,25.04481],[83.05422,25.04587],[83.05969,25.04647],[83.06036,25.04936],[83.05984,25.05274],[83.05725,25.05717],[83.05241,25.05848],[83.05095,25.06014],[83.05686,25.06733],[83.05924,25.06883],[83.06213,25.06931],[83.06467,25.06893],[83.07395,25.06509],[83.08027,25.06493],[83.08951,25.06678],[83.09515,25.06578],[83.10522,25.06098],[83.10726,25.059],[83.11106,25.05819],[83.11426,25.05814],[83.12143,25.06016],[83.12314,25.06284],[83.12069,25.07949],[83.12245,25.09381],[83.11688,25.09498],[83.11507,25.09621],[83.11554,25.10346],[83.11916,25.10508],[83.12664,25.10539],[83.12839,25.1075],[83.12893,25.10963],[83.12814,25.11471],[83.12293,25.11708],[83.12348,25.11937],[83.12502,25.12114],[83.12287,25.12313],[83.12124,25.12644],[83.12303,25.12815],[83.12864,25.1294],[83.12999,25.13272],[83.1325,25.1338],[83.13409,25.13342],[83.13502,25.12978],[83.13651,25.12935],[83.14385,25.13118],[83.14657,25.13165],[83.14797,25.13607],[83.15534,25.13626],[83.15926,25.13741],[83.16063,25.14328],[83.16327,25.14828],[83.16263,25.16238],[83.16416,25.16834],[83.17003,25.16963],[83.17301,25.17172],[83.17537,25.17744],[83.17305,25.18115],[83.16679,25.18653],[83.16092,25.18886],[83.15588,25.18847],[83.15421,25.18924],[83.13986,25.18766],[83.11953,25.18954],[83.11366,25.20216],[83.10999,25.20266],[83.09863,25.20214],[83.09113,25.20334],[83.08587,25.20524],[83.08478,25.20761],[83.08504,25.2121],[83.08164,25.21289],[83.07247,25.21233],[83.06847,25.21313],[83.06374,25.22837],[83.06214,25.23069],[83.05722,25.23248],[83.04643,25.23389],[83.04167,25.23534],[83.03235,25.24196],[83.02747,25.24403],[83.02572,25.24383],[83.03439,25.24842],[83.04056,25.24956],[83.04685,25.24895],[83.05302,25.24674],[83.06259,25.24718],[83.06094,25.25014],[83.05815,25.25225],[83.04954,25.25668],[83.04559,25.26167],[83.04333,25.27016],[83.03789,25.2719],[83.04162,25.28186],[83.04059,25.2844],[83.02309,25.29008],[83.01394,25.29463],[83.00531,25.29503],[83.00404,25.29885],[83.00873,25.30557],[83.01234,25.30863],[83.02131,25.31495],[83.03213,25.31998],[83.04883,25.32493],[83.06027,25.32696],[83.06459,25.32898],[83.07178,25.32986],[83.08163,25.33248],[83.09102,25.33127],[83.10349,25.32845],[83.10847,25.32602],[83.12895,25.31952],[83.13171,25.31903],[83.13712,25.32044],[83.14877,25.32861],[83.15345,25.33333],[83.16057,25.34294],[83.16718,25.35406],[83.17056,25.36234],[83.1716,25.36854],[83.17888,25.38218],[83.18042,25.38836],[83.18521,25.40094],[83.18633,25.40771],[83.1824,25.42145],[83.1778,25.42462],[83.1638,25.42976],[83.15035,25.4383],[83.14617,25.44002],[83.13071,25.44276],[83.12221,25.44651],[83.12217,25.45191],[83.12717,25.4619],[83.1352,25.47168],[83.14366,25.47788],[83.15363,25.48343],[83.16161,25.4897],[83.16719,25.49911],[83.16818,25.50646],[83.17112,25.51279],[83.17792,25.52432],[83.18202,25.5288],[83.18636,25.53207],[83.19187,25.53435],[83.19864,25.53224],[83.20537,25.53144],[83.21301,25.52887]]]}},{"type":"Feature","properties":{"ID_0":105,"ISO":"IND","NAME_0":"India","ID_1":33,"NAME_1":"Uttar Pradesh","ID_2":511,"NAME_2":"Chitrakoot","NL_NAME_2":null,"VARNAME_2":null,"TYPE_2":"District","ENGTYPE_2":"District","STATE":"Uttar Pradesh","DISTRICT":"Chitrakoot"},"geometry":{"type":"Polygon","coordinates":[[[81.05946,25.52493],[81.07791,25.52057],[81.08572,25.52123],[81.09108,25.5209],[81.1078,25.51806],[81.11872,25.51381],[81.14203,25.50931],[81.14613,25.50809],[81.15153,25.5054],[81.15648,25.50184],[81.16561,25.49878],[81.17487,25.49377],[81.18277,25.49151],[81.18703,25.48156],[81.18771,25.46433],[81.18408,25.45635],[81.18295,25.45379],[81.17536,25.44732],[81.15224,25.43562],[81.14294,25.42948],[81.14083,25.42004],[81.14121,25.40619],[81.14294,25.40093],[81.1451,25.39918],[81.1499,25.39205],[81.1552,25.38728],[81.16789,25.38025],[81.17517,25.37768],[81.19392,25.36912],[81.20971,25.36452],[81.21607,25.36471],[81.22246,25.36352],[81.2412,25.35838],[81.2428,25.35662],[81.24915,25.33756],[81.2565,25.32931],[81.2605,25.32763],[81.26697,25.32776],[81.26935,25.32848],[81.27359,25.33547],[81.27663,25.33854],[81.28313,25.34173],[81.3073,25.34933],[81.31647,25.35109],[81.33448,25.35036],[81.35121,25.34663],[81.35595,25.34466],[81.3781,25.33845],[81.38886,25.33345],[81.39128,25.33106],[81.39309,25.32717],[81.39484,25.3184],[81.39479,25.31392],[81.39193,25.30562],[81.38951,25.30169],[81.37792,25.2883],[81.3772,25.28609],[81.3764,25.28029],[81.38074,25.27556],[81.38554,25.27423],[81.39969,25.27357],[81.41827,25.27123],[81.42847,25.26897],[81.44563,25.26339],[81.4515,25.26224],[81.45816,25.2634],[81.46062,25.2675],[81.46355,25.2685],[81.47896,25.26917],[81.48353,25.27007],[81.48727,25.27153],[81.4932,25.27095],[81.4991,25.27153],[81.51009,25.27422],[81.52345,25.28107],[81.53204,25.28734],[81.53713,25.28986],[81.54162,25.29364],[81.5409,25.29008],[81.54433,25.27679],[81.54573,25.27455],[81.54756,25.26123],[81.54985,25.25378],[81.55555,25.24456],[81.55595,25.24228],[81.55032,25.24054],[81.54825,25.2392],[81.53654,25.23736],[81.53358,25.23814],[81.51755,25.23812],[81.51778,25.23006],[81.51274,25.2303],[81.51347,25.22523],[81.51166,25.20889],[81.51254,25.19736],[81.51833,25.1976],[81.53804,25.19278],[81.53401,25.18826],[81.53333,25.18756],[81.53254,25.18542],[81.52322,25.18576],[81.52007,25.18724],[81.51285,25.1879],[81.50957,25.18703],[81.50779,25.18497],[81.50712,25.17854],[81.50781,25.17625],[81.51074,25.17368],[81.52728,25.16662],[81.53001,25.16334],[81.52885,25.16133],[81.51996,25.15366],[81.51874,25.15183],[81.52518,25.14753],[81.52465,25.14364],[81.51846,25.14255],[81.51566,25.14534],[81.51091,25.1484],[81.50497,25.15122],[81.50063,25.15285],[81.49541,25.15235],[81.492,25.14876],[81.48996,25.14192],[81.49055,25.13504],[81.48961,25.13422],[81.48453,25.13435],[81.48017,25.1377],[81.47743,25.13843],[81.47469,25.13812],[81.47288,25.13712],[81.47176,25.13499],[81.47205,25.13304],[81.47813,25.12792],[81.47772,25.12109],[81.48172,25.11732],[81.48563,25.11587],[81.49314,25.11065],[81.5032,25.11052],[81.50758,25.10681],[81.50702,25.10532],[81.50287,25.10172],[81.50055,25.10083],[81.49426,25.1017],[81.49741,25.09604],[81.49462,25.08211],[81.49224,25.08192],[81.48645,25.0841],[81.48515,25.07758],[81.48373,25.07494],[81.48119,25.0759],[81.4774,25.07925],[81.47305,25.08093],[81.46539,25.08184],[81.4583,25.08677],[81.45782,25.08935],[81.45886,25.09299],[81.43641,25.09616],[81.4248,25.09944],[81.42083,25.10159],[81.41315,25.10399],[81.40307,25.10641],[81.40085,25.10777],[81.40038,25.10915],[81.40301,25.11158],[81.40689,25.11202],[81.41148,25.1123],[81.42718,25.11062],[81.43546,25.11104],[81.43834,25.11044],[81.4391,25.11199],[81.43857,25.114],[81.43437,25.12194],[81.42914,25.12954],[81.43022,25.13363],[81.42778,25.13361],[81.4197,25.1356],[81.41784,25.13517],[81.41605,25.13228],[81.41327,25.13169],[81.40021,25.1338],[81.40182,25.13082],[81.40668,25.12513],[81.40624,25.1234],[81.40432,25.12217],[81.40057,25.12173],[81.39754,25.1217],[81.39122,25.12313],[81.38903,25.12426],[81.38723,25.12895],[81.385,25.13014],[81.38652,25.13393],[81.38437,25.13508],[81.37898,25.13445],[81.37428,25.13877],[81.36688,25.13744],[81.36451,25.13786],[81.36453,25.1393],[81.36644,25.14173],[81.36561,25.14425],[81.36251,25.14572],[81.35721,25.15232],[81.3555,25.15765],[81.35338,25.16148],[81.3509,25.16392],[81.34941,25.16735],[81.3446,25.16547],[81.33604,25.16635],[81.33104,25.16956],[81.32996,25.17249],[81.31964,25.16806],[81.31297,25.16355],[81.31074,25.15264],[81.31097,25.14896],[81.31226,25.14622],[81.3168,25.14066],[81.31599,25.13507],[81.31678,25.12808],[81.32027,25.12243],[81.32221,25.12073],[81.32301,25.11839],[81.31853,25.11869],[81.31831,25.11684],[81.31701,25.11602],[81.31467,25.11629],[81.31303,25.11741],[81.31195,25.12343],[81.31005,25.12403],[81.30839,25.12584],[81.30881,25.13159],[81.30697,25.13339],[81.30658,25.13517],[81.30802,25.13886],[81.3049,25.14307],[81.30429,25.14529],[81.307,25.15967],[81.30639,25.16599],[81.30487,25.16746],[81.29255,25.16798],[81.29134,25.1668],[81.28468,25.16531],[81.28148,25.16549],[81.27522,25.16899],[81.27143,25.16894],[81.26912,25.16774],[81.26865,25.16519],[81.2739,25.15837],[81.27477,25.15342],[81.27059,25.14844],[81.26559,25.14487],[81.26147,25.14435],[81.26122,25.14392],[81.25974,25.14118],[81.26215,25.13108],[81.25684,25.12863],[81.25818,25.12363],[81.25796,25.11685],[81.25618,25.11455],[81.24812,25.11174],[81.2457,25.10554],[81.24648,25.10327],[81.24879,25.10072],[81.25207,25.09858],[81.25443,25.0927],[81.25912,25.0873],[81.25303,25.07905],[81.25998,25.07562],[81.26222,25.07283],[81.26159,25.06846],[81.25527,25.06083],[81.25603,25.05572],[81.25339,25.05443],[81.2523,25.05258],[81.24757,25.04149],[81.24258,25.0363],[81.23921,25.03136],[81.23601,25.0293],[81.23069,25.01809],[81.2231,25.01133],[81.22024,25.00724],[81.21657,25.00445],[81.21133,25.00169],[81.2107,25.00166],[81.21017,25.00182],[81.20975,25.00218],[81.20901,25.00292],[81.20854,25.00312],[81.20736,25.00353],[81.20641,25.00374],[81.20581,25.00343],[81.20512,25.00311],[81.20483,25.00281],[81.20382,24.99755],[81.2017,24.99573],[81.20734,24.99128],[81.2113,24.9868],[81.21273,24.98166],[81.2123,24.97774],[81.20128,24.97026],[81.20001,24.96685],[81.20408,24.96284],[81.20601,24.95809],[81.20639,24.95408],[81.20438,24.95048],[81.206,24.93924],[81.2075,24.93725],[81.21149,24.93623],[81.21261,24.93452],[81.21098,24.93259],[81.2073,24.9311],[81.2025,24.9278],[81.19949,24.92694],[81.19579,24.92901],[81.18442,24.92922],[81.19304,24.93461],[81.19828,24.93405],[81.19896,24.93474],[81.18841,24.94505],[81.18063,24.94946],[81.17659,24.95497],[81.17213,24.9535],[81.16968,24.95675],[81.1642,24.95976],[81.16143,24.95851],[81.15956,24.95473],[81.1569,24.94571],[81.1578,24.94267],[81.15602,24.93982],[81.15549,24.93197],[81.15234,24.92937],[81.15116,24.92721],[81.1509,24.92374],[81.1525,24.91962],[81.15231,24.91628],[81.14814,24.91768],[81.14272,24.91737],[81.14008,24.91644],[81.13332,24.90557],[81.1329,24.9005],[81.13424,24.89384],[81.13245,24.89207],[81.12817,24.89362],[81.12265,24.8987],[81.11678,24.90182],[81.11292,24.90552],[81.11073,24.91068],[81.10748,24.91215],[81.10381,24.9127],[81.09872,24.91843],[81.09654,24.92253],[81.0945,24.92378],[81.0895,24.92448],[81.08488,24.93435],[81.08157,24.93575],[81.0805,24.93838],[81.08247,24.94769],[81.08121,24.95021],[81.07642,24.95226],[81.05742,24.95312],[81.05082,24.95527],[81.04716,24.9552],[81.04312,24.95264],[81.02667,24.95497],[81.0232,24.95235],[81.01991,24.95198],[81.02139,24.94839],[81.02079,24.94608],[81.01925,24.945],[81.01698,24.94644],[81.00953,24.95432],[81.00716,24.95263],[81.01258,24.94372],[81.01531,24.94006],[81.02114,24.93826],[81.02129,24.93712],[81.01799,24.93554],[81.01678,24.93246],[81.01467,24.9316],[81.01189,24.93324],[81.00872,24.93246],[81.00002,24.94021],[80.99673,24.93959],[80.99124,24.93712],[80.98449,24.93258],[80.98101,24.92966],[80.97793,24.93315],[80.97929,24.93808],[80.97226,24.9396],[80.96567,24.93862],[80.95839,24.93225],[80.95523,24.92571],[80.95111,24.92702],[80.95287,24.93944],[80.95222,24.94288],[80.94983,24.94638],[80.94482,24.94714],[80.94386,24.9507],[80.94669,24.95691],[80.94674,24.96114],[80.94485,24.96801],[80.9425,24.97114],[80.93682,24.9725],[80.93375,24.97011],[80.92847,24.9677],[80.92162,24.96658],[80.91596,24.96479],[80.91152,24.96228],[80.8973,24.95672],[80.89432,24.9539],[80.89332,24.95046],[80.9012,24.94335],[80.90279,24.94016],[80.90005,24.93958],[80.89796,24.94169],[80.89483,24.94244],[80.8887,24.94744],[80.88483,24.94889],[80.88123,24.9482],[80.87685,24.94506],[80.87501,24.94071],[80.85661,24.93595],[80.84092,24.93556],[80.83491,24.93453],[80.82901,24.93845],[80.82082,24.93659],[80.81543,24.93791],[80.8022,24.94446],[80.80291,24.95694],[80.79164,24.96391],[80.78995,24.96718],[80.78999,24.97178],[80.79361,24.97365],[80.7988,24.97489],[80.8065,24.97501],[80.81258,24.97367],[80.81864,24.97363],[80.8211,24.9825],[80.82471,24.98606],[80.8364,24.98609],[80.84505,24.9935],[80.84818,24.99814],[80.85025,25.00314],[80.84193,25.01251],[80.84006,25.02021],[80.82912,25.02998],[80.82668,25.03919],[80.83522,25.03968],[80.84113,25.05128],[80.84687,25.05328],[80.85577,25.06244],[80.87065,25.07105],[80.87508,25.07954],[80.86481,25.08434],[80.86425,25.08816],[80.86731,25.09402],[80.87122,25.09825],[80.87299,25.10257],[80.87225,25.1093],[80.86651,25.11943],[80.86498,25.12365],[80.86585,25.12552],[80.869,25.12791],[80.87276,25.13389],[80.87542,25.14443],[80.88527,25.14001],[80.88842,25.14124],[80.8903,25.14635],[80.90157,25.15798],[80.90492,25.16031],[80.90556,25.16448],[80.89597,25.17126],[80.88902,25.17469],[80.88616,25.17717],[80.87804,25.1956],[80.86954,25.18866],[80.86417,25.18786],[80.86315,25.18921],[80.86037,25.19059],[80.84859,25.19003],[80.84109,25.19348],[80.83628,25.19268],[80.83515,25.19047],[80.83589,25.18541],[80.84111,25.17525],[80.8423,25.1712],[80.84189,25.16794],[80.83744,25.16031],[80.83385,25.14561],[80.8321,25.14141],[80.83479,25.13252],[80.83775,25.12751],[80.83344,25.11327],[80.8277,25.11031],[80.82394,25.11465],[80.82316,25.11777],[80.82152,25.12004],[80.82169,25.12285],[80.8214,25.1256],[80.81864,25.13055],[80.80962,25.1307],[80.80772,25.1331],[80.80828,25.14082],[80.80321,25.14353],[80.79958,25.14642],[80.79787,25.14624],[80.79367,25.14232],[80.79067,25.14273],[80.78613,25.13796],[80.7837,25.13836],[80.78214,25.13708],[80.77666,25.14484],[80.77403,25.14662],[80.76606,25.14089],[80.75957,25.14059],[80.75086,25.1417],[80.74043,25.13741],[80.7381,25.1346],[80.73546,25.13522],[80.73206,25.14053],[80.73228,25.14236],[80.72865,25.1429],[80.72773,25.1474],[80.72305,25.14878],[80.71764,25.1466],[80.71531,25.14666],[80.71478,25.14328],[80.71062,25.13844],[80.70093,25.13808],[80.69964,25.13715],[80.69847,25.13137],[80.70087,25.12804],[80.70747,25.12743],[80.7173,25.12892],[80.72244,25.12599],[80.72537,25.12288],[80.71992,25.11726],[80.71901,25.10402],[80.7205,25.10139],[80.72524,25.09796],[80.72932,25.0973],[80.73344,25.10133],[80.74577,25.0994],[80.74931,25.09777],[80.75205,25.09541],[80.75101,25.09429],[80.75112,25.09112],[80.76704,25.08559],[80.77598,25.0843],[80.77962,25.07787],[80.78138,25.06956],[80.77826,25.06387],[80.77594,25.06169],[80.76595,25.06114],[80.75567,25.06257],[80.75143,25.064],[80.7441,25.06233],[80.7336,25.06244],[80.72922,25.06553],[80.7272,25.07182],[80.71442,25.06775],[80.7138,25.07209],[80.70956,25.07777],[80.69884,25.08149],[80.69491,25.0839],[80.69395,25.0864],[80.69338,25.08785],[80.6965,25.0868],[80.70026,25.08935],[80.70395,25.0926],[80.70369,25.0967],[80.70182,25.0991],[80.69861,25.10068],[80.69534,25.10093],[80.69376,25.10227],[80.69198,25.10377],[80.6909,25.10567],[80.69012,25.10704],[80.68563,25.12544],[80.68587,25.13125],[80.68044,25.13466],[80.68077,25.14575],[80.68205,25.14911],[80.68571,25.1538],[80.68527,25.15835],[80.68922,25.1601],[80.69415,25.16107],[80.70016,25.16225],[80.70773,25.16799],[80.7066,25.17838],[80.70391,25.18316],[80.70615,25.18891],[80.71201,25.19348],[80.7231,25.19442],[80.72751,25.1919],[80.73073,25.18894],[80.73887,25.18966],[80.74514,25.19135],[80.74863,25.19465],[80.75569,25.20464],[80.75905,25.2094],[80.76129,25.21056],[80.76802,25.21057],[80.77308,25.20969],[80.78418,25.21488],[80.78957,25.22044],[80.78561,25.22048],[80.78503,25.22435],[80.78175,25.22581],[80.77913,25.22697],[80.77588,25.22716],[80.76924,25.23055],[80.76441,25.22929],[80.76156,25.22775],[80.75528,25.22987],[80.75006,25.23276],[80.7482,25.23314],[80.74632,25.23354],[80.74353,25.23298],[80.73962,25.23698],[80.7403,25.24013],[80.73937,25.24326],[80.7402,25.25031],[80.74312,25.25542],[80.74825,25.25685],[80.75324,25.25689],[80.76007,25.25845],[80.76814,25.26331],[80.77463,25.26614],[80.78223,25.25979],[80.7849,25.25617],[80.79166,25.25035],[80.7954,25.24951],[80.79897,25.25304],[80.80283,25.26238],[80.80354,25.2668],[80.79797,25.27027],[80.7791,25.27828],[80.77426,25.28727],[80.77038,25.29846],[80.7687,25.30069],[80.75778,25.30413],[80.75184,25.3098],[80.74958,25.30886],[80.75415,25.31935],[80.75423,25.32216],[80.75101,25.32579],[80.75062,25.32832],[80.7545,25.32938],[80.75809,25.32722],[80.76244,25.32827],[80.76179,25.33512],[80.77163,25.33401],[80.77814,25.33512],[80.78018,25.33978],[80.78473,25.33869],[80.7879,25.34555],[80.79221,25.34699],[80.79253,25.34286],[80.79446,25.34028],[80.80283,25.34616],[80.80672,25.34607],[80.8084,25.34677],[80.80954,25.35105],[80.81471,25.35212],[80.82279,25.35112],[80.82523,25.35255],[80.83255,25.36172],[80.83665,25.36345],[80.84275,25.36961],[80.84509,25.37454],[80.84596,25.37412],[80.8536,25.37646],[80.8559,25.37829],[80.85841,25.38591],[80.86562,25.39657],[80.867,25.40497],[80.87493,25.4066],[80.87751,25.40854],[80.87718,25.41068],[80.87918,25.42409],[80.89292,25.43056],[80.89971,25.4361],[80.90064,25.43997],[80.89802,25.44427],[80.89868,25.44528],[80.90135,25.44584],[80.90723,25.44299],[80.91855,25.44443],[80.92227,25.44626],[80.92392,25.45082],[80.92685,25.45414],[80.92936,25.46137],[80.92908,25.46706],[80.93082,25.47017],[80.93514,25.47342],[80.93989,25.47385],[80.94347,25.47162],[80.94967,25.47214],[80.95384,25.46897],[80.95692,25.46827],[80.9669,25.47001],[80.9697,25.46943],[80.97216,25.46705],[80.97475,25.46703],[80.97715,25.47812],[80.97935,25.48135],[80.98019,25.48174],[80.98354,25.4807],[80.98569,25.47896],[80.99026,25.47998],[80.99142,25.49048],[80.99923,25.49293],[81.00336,25.49567],[81.00243,25.50159],[81.00867,25.50114],[81.0164,25.50572],[81.01826,25.50798],[81.01777,25.51113],[81.0158,25.51254],[81.01429,25.51981],[81.01037,25.52481],[81.00449,25.53042],[80.99969,25.53862],[81.00835,25.54009],[81.01133,25.54236],[81.01366,25.54832],[81.018,25.54332],[81.02668,25.53657],[81.03699,25.53102],[81.04269,25.52895],[81.0542,25.52544],[81.05946,25.52493]]]}},{"type":"Feature","properties":{"ID_0":105,"ISO":"IND","NAME_0":"India","ID_1":33,"NAME_1":"Uttar Pradesh","ID_2":512,"NAME_2":"Deoria","NL_NAME_2":null,"VARNAME_2":null,"TYPE_2":"District","ENGTYPE_2":"District","STATE":"Uttar Pradesh","DISTRICT":"Deoria"},"geometry":{"type":"Polygon","coordinates":[[[83.84585,26.74909],[83.85267,26.74898],[83.86507,26.75044],[83.87047,26.74454],[83.87714,26.74042],[83.88053,26.73653],[83.8823,26.7311],[83.88754,26.72228],[83.88808,26.71776],[83.88628,26.71132],[83.88815,26.7081],[83.89557,26.70462],[83.89504,26.699],[83.89749,26.69389],[83.90182,26.69316],[83.90464,26.69127],[83.90708,26.6884],[83.91187,26.68721],[83.91386,26.68417],[83.91724,26.68125],[83.9232,26.67902],[83.9277,26.67995],[83.93925,26.67727],[83.94498,26.67808],[83.948,26.67567],[83.95164,26.67414],[83.95064,26.66694],[83.95375,26.65838],[83.95837,26.65137],[83.95929,26.64399],[83.9571,26.63437],[83.95755,26.62991],[83.96054,26.62616],[83.97332,26.61872],[83.97868,26.61326],[83.98068,26.6063],[83.98564,26.59553],[83.9903,26.5952],[83.99296,26.59556],[83.99829,26.58972],[83.99831,26.58639],[84.00175,26.57895],[84.00921,26.57757],[84.02197,26.57183],[84.02778,26.56373],[84.03161,26.56128],[84.03349,26.55896],[84.03944,26.55816],[84.03895,26.55288],[84.04878,26.55033],[84.04776,26.54349],[84.04301,26.54096],[84.03082,26.53555],[84.02004,26.53208],[84.01448,26.53202],[84.00069,26.52501],[83.99865,26.52503],[83.99835,26.52738],[83.9903,26.53014],[83.9836,26.53146],[83.97419,26.53194],[83.97054,26.52944],[83.96811,26.52584],[83.96655,26.52095],[83.96542,26.51174],[83.96255,26.5086],[83.95617,26.5082],[83.94566,26.5102],[83.94272,26.51348],[83.94353,26.5159],[83.94585,26.51842],[83.93924,26.52128],[83.935,26.52444],[83.93049,26.52478],[83.91467,26.52024],[83.90221,26.51808],[83.90084,26.51371],[83.90176,26.51044],[83.90679,26.50676],[83.90746,26.50038],[83.90497,26.49435],[83.90324,26.47227],[83.90154,26.46731],[83.90302,26.46104],[83.90228,26.45025],[83.90812,26.4495],[83.91902,26.44553],[83.93607,26.44168],[83.94627,26.43811],[83.9613,26.43715],[83.98196,26.43462],[83.98347,26.4349],[83.99045,26.44763],[83.99263,26.44761],[84.0017,26.44359],[84.00903,26.44498],[84.01099,26.44846],[84.01611,26.44197],[84.01495,26.43947],[84.0164,26.43192],[84.02052,26.42884],[84.02178,26.42504],[84.03318,26.41378],[84.03056,26.41301],[84.03619,26.40784],[84.03826,26.4104],[84.04087,26.40849],[84.04127,26.40555],[84.04498,26.40529],[84.0451,26.40407],[84.05498,26.40205],[84.05508,26.40025],[84.06181,26.39428],[84.06152,26.39009],[84.07062,26.38689],[84.07201,26.38447],[84.07722,26.38396],[84.07884,26.38572],[84.08056,26.38622],[84.08117,26.38967],[84.08768,26.39012],[84.08971,26.38752],[84.0923,26.39043],[84.09654,26.38791],[84.1152,26.38757],[84.11675,26.38525],[84.12844,26.38421],[84.13078,26.38219],[84.15403,26.37616],[84.15634,26.37826],[84.17136,26.37398],[84.16962,26.36256],[84.16724,26.36023],[84.16721,26.33811],[84.17682,26.32249],[84.18174,26.31704],[84.17944,26.31178],[84.17151,26.30369],[84.16875,26.29287],[84.17097,26.28664],[84.16965,26.27723],[84.16816,26.27368],[84.171,26.2705],[84.17136,26.26773],[84.16762,26.26402],[84.16365,26.26137],[84.1574,26.26092],[84.15513,26.25772],[84.15571,26.25254],[84.15935,26.2459],[84.1573,26.24413],[84.15347,26.24527],[84.14534,26.26166],[84.1414,26.25775],[84.12595,26.26145],[84.12376,26.25882],[84.11295,26.26192],[84.11234,26.25657],[84.10995,26.2531],[84.1127,26.24968],[84.11046,26.24183],[84.10136,26.24307],[84.10036,26.23928],[84.09229,26.24022],[84.09138,26.23403],[84.08739,26.23654],[84.07952,26.23184],[84.0819,26.2271],[84.08015,26.22442],[84.07937,26.22121],[84.07368,26.22103],[84.07358,26.22488],[84.05836,26.22675],[84.05727,26.22521],[84.04944,26.22557],[84.04681,26.23019],[84.03363,26.23209],[84.03116,26.23567],[84.03133,26.23907],[84.024,26.23959],[84.0205,26.24163],[84.01839,26.23878],[84.01412,26.24059],[84.01152,26.24068],[84.01048,26.23879],[84.01091,26.23581],[84.00552,26.23407],[84.0082,26.22531],[84.00946,26.22392],[84.01677,26.22161],[84.02048,26.22365],[84.02427,26.21976],[84.02091,26.21422],[84.01902,26.20929],[84.0195,26.20601],[84.02324,26.20449],[84.02359,26.20092],[84.02045,26.19756],[84.015,26.19743],[84.00901,26.19956],[84.00211,26.19014],[84.00407,26.18069],[84.00302,26.17823],[84.01382,26.16698],[84.01971,26.16406],[84.0229,26.16535],[84.02785,26.16296],[84.02841,26.15962],[84.02731,26.15303],[84.02364,26.15414],[84.01814,26.14512],[84.03362,26.13748],[84.0424,26.13155],[84.04524,26.12042],[84.04188,26.1205],[84.04362,26.11717],[84.04224,26.11162],[84.04514,26.10632],[84.04825,26.10383],[84.04906,26.0997],[84.04713,26.09309],[84.0409,26.09636],[84.03828,26.09564],[84.0299,26.09862],[84.00948,26.11557],[83.99879,26.11346],[83.99104,26.11826],[83.98366,26.11886],[83.97141,26.11849],[83.9677,26.12481],[83.96264,26.13018],[83.95528,26.13411],[83.94877,26.13396],[83.94125,26.13164],[83.9326,26.12812],[83.92495,26.12501],[83.91619,26.12332],[83.90863,26.12365],[83.89911,26.12535],[83.88975,26.12947],[83.88161,26.13806],[83.87307,26.1454],[83.85828,26.16755],[83.85871,26.17652],[83.85784,26.18295],[83.85464,26.18755],[83.84225,26.19218],[83.8317,26.19429],[83.82543,26.19169],[83.81808,26.19075],[83.80952,26.19136],[83.80219,26.19323],[83.79212,26.19855],[83.7924,26.21194],[83.79021,26.21717],[83.78613,26.22148],[83.78139,26.23215],[83.77233,26.23384],[83.7597,26.24278],[83.74928,26.25235],[83.74755,26.25573],[83.74156,26.25962],[83.74191,26.26261],[83.73765,26.26461],[83.73275,26.26505],[83.72225,26.2626],[83.70647,26.26014],[83.70007,26.25678],[83.69377,26.25159],[83.68467,26.24592],[83.67696,26.24342],[83.66155,26.24084],[83.65707,26.23846],[83.64993,26.22866],[83.63263,26.22584],[83.62566,26.2257],[83.62551,26.23575],[83.62634,26.24226],[83.62857,26.24932],[83.63198,26.27263],[83.63466,26.27758],[83.65542,26.28518],[83.65973,26.28825],[83.66196,26.29142],[83.663,26.30292],[83.6609,26.31188],[83.65825,26.3167],[83.65405,26.32042],[83.64913,26.32183],[83.63971,26.31709],[83.62214,26.30271],[83.61459,26.30049],[83.61218,26.30226],[83.61596,26.31883],[83.61778,26.32103],[83.62298,26.32231],[83.62999,26.32556],[83.63071,26.32987],[83.62758,26.33123],[83.62362,26.33042],[83.61629,26.32521],[83.61451,26.32503],[83.61285,26.32664],[83.61083,26.33156],[83.60757,26.333],[83.60367,26.33625],[83.61127,26.34485],[83.60427,26.34689],[83.59748,26.34743],[83.59275,26.34937],[83.59375,26.3534],[83.59796,26.35847],[83.60249,26.36223],[83.60564,26.36638],[83.60516,26.36903],[83.6022,26.37165],[83.5811,26.36047],[83.57626,26.36235],[83.57195,26.36705],[83.57029,26.37584],[83.57183,26.38073],[83.57755,26.39242],[83.57733,26.39741],[83.57515,26.4004],[83.56918,26.39991],[83.55722,26.39555],[83.54394,26.39519],[83.53972,26.39155],[83.54119,26.38973],[83.55443,26.38749],[83.55743,26.38474],[83.55907,26.38089],[83.56253,26.37763],[83.56103,26.37418],[83.55176,26.37897],[83.54881,26.37826],[83.54291,26.36267],[83.53909,26.35696],[83.53446,26.35664],[83.53056,26.36042],[83.52808,26.36628],[83.52542,26.37741],[83.52656,26.38668],[83.5219,26.38762],[83.51215,26.38453],[83.50688,26.38417],[83.50464,26.38605],[83.507,26.38922],[83.5182,26.39732],[83.51865,26.40129],[83.51515,26.40317],[83.5022,26.40167],[83.49419,26.40174],[83.48886,26.39368],[83.48527,26.39205],[83.48074,26.39462],[83.47871,26.39914],[83.47874,26.40513],[83.48314,26.40911],[83.50144,26.41903],[83.48939,26.42535],[83.49,26.43408],[83.48933,26.43753],[83.48285,26.444],[83.47239,26.46015],[83.47038,26.46468],[83.47295,26.46568],[83.48145,26.46382],[83.48448,26.46492],[83.48468,26.46901],[83.48132,26.47502],[83.47988,26.47928],[83.48021,26.4833],[83.48304,26.48917],[83.48623,26.49304],[83.49115,26.49726],[83.49794,26.49775],[83.50623,26.49693],[83.50803,26.50171],[83.52148,26.49666],[83.52515,26.49794],[83.53219,26.50268],[83.53453,26.50051],[83.53699,26.49219],[83.54072,26.49192],[83.5442,26.49463],[83.54595,26.49884],[83.54648,26.50332],[83.54253,26.50985],[83.54549,26.5128],[83.54955,26.51317],[83.55588,26.51129],[83.56208,26.51264],[83.56545,26.51502],[83.57058,26.51579],[83.58237,26.51458],[83.58809,26.51557],[83.59264,26.5176],[83.5947,26.52204],[83.59484,26.53284],[83.6008,26.54166],[83.60149,26.54522],[83.59966,26.54955],[83.60187,26.55201],[83.60284,26.5545],[83.6068,26.55634],[83.6077,26.56181],[83.60642,26.56732],[83.60715,26.57112],[83.61165,26.57429],[83.61729,26.57058],[83.6209,26.57709],[83.6209,26.57917],[83.61776,26.58293],[83.6218,26.58439],[83.62138,26.58858],[83.62223,26.59324],[83.62074,26.59687],[83.61209,26.60355],[83.61059,26.60722],[83.61143,26.61315],[83.61025,26.61676],[83.61043,26.61906],[83.61404,26.61913],[83.61905,26.62139],[83.62481,26.62544],[83.62241,26.64491],[83.62359,26.64837],[83.6209,26.65088],[83.62086,26.65457],[83.62222,26.66021],[83.63196,26.66126],[83.63914,26.66067],[83.64552,26.66115],[83.64648,26.66644],[83.65498,26.68343],[83.65671,26.68441],[83.66123,26.6846],[83.66772,26.6921],[83.66984,26.69889],[83.67381,26.70304],[83.67936,26.70202],[83.68202,26.70313],[83.69009,26.70006],[83.68983,26.6935],[83.6877,26.68728],[83.68754,26.68419],[83.69759,26.68486],[83.70202,26.68809],[83.70648,26.68942],[83.71394,26.68939],[83.71255,26.69427],[83.71354,26.69801],[83.71589,26.69893],[83.72276,26.69891],[83.72992,26.69756],[83.73549,26.69452],[83.7398,26.69443],[83.74475,26.69652],[83.74918,26.70118],[83.75164,26.70498],[83.75787,26.70058],[83.76407,26.70416],[83.76781,26.70486],[83.77277,26.71039],[83.78219,26.71007],[83.78468,26.716],[83.79195,26.71689],[83.79471,26.72402],[83.79729,26.72655],[83.79817,26.72875],[83.79794,26.73351],[83.80278,26.7496],[83.8084,26.74916],[83.82658,26.74564],[83.82944,26.74764],[83.83015,26.75201],[83.82986,26.75736],[83.83341,26.76001],[83.84138,26.75081],[83.84585,26.74909]]]}},{"type":"Feature","properties":{"ID_0":105,"ISO":"IND","NAME_0":"India","ID_1":33,"NAME_1":"Uttar Pradesh","ID_2":513,"NAME_2":"Etah","NL_NAME_2":null,"VARNAME_2":null,"TYPE_2":"District","ENGTYPE_2":"District","STATE":"Uttar Pradesh","DISTRICT":"Etah"},"geometry":{"type":"Polygon","coordinates":[[[78.64027,28.04489],[78.65322,28.0436],[78.66135,28.04102],[78.65797,28.03796],[78.65948,28.0349],[78.66627,28.03199],[78.67007,28.00674],[78.69245,27.99831],[78.69408,27.99511],[78.69544,27.9889],[78.70174,27.9817],[78.70821,27.97622],[78.71138,27.97067],[78.71761,27.96713],[78.7225,27.96619],[78.72671,27.9674],[78.73135,27.96264],[78.73811,27.96365],[78.7514,27.95564],[78.75829,27.96788],[78.76263,27.96793],[78.77761,27.9581],[78.78206,27.9574],[78.7853,27.95794],[78.79056,27.95671],[78.79391,27.95832],[78.79649,27.96124],[78.79818,27.96074],[78.80764,27.95825],[78.81253,27.94922],[78.81832,27.94237],[78.82951,27.93833],[78.84142,27.93132],[78.84438,27.92531],[78.84945,27.92141],[78.8556,27.91987],[78.86121,27.91652],[78.8699,27.91896],[78.87925,27.92286],[78.89569,27.90152],[78.89912,27.8953],[78.90304,27.89037],[78.91306,27.8815],[78.91354,27.8762],[78.90935,27.86655],[78.91072,27.86136],[78.90999,27.8589],[78.91084,27.85711],[78.92154,27.85514],[78.92647,27.85258],[78.93061,27.85411],[78.93719,27.85793],[78.94076,27.85823],[78.94794,27.85601],[78.95222,27.85587],[78.95502,27.85675],[78.96236,27.86415],[78.96526,27.87266],[78.97709,27.87916],[78.98983,27.8718],[78.99137,27.87191],[79.00423,27.86575],[79.00625,27.86399],[79.00275,27.85911],[78.99555,27.85136],[78.9928,27.84603],[78.99605,27.84555],[79.00203,27.8474],[79.00647,27.8461],[79.01194,27.84827],[79.02013,27.84606],[79.0228,27.84399],[79.03645,27.84291],[79.04416,27.8443],[79.06238,27.84946],[79.06428,27.84909],[79.06604,27.84597],[79.06783,27.84451],[79.07349,27.84414],[79.07475,27.84494],[79.08217,27.84276],[79.08621,27.8377],[79.08916,27.83723],[79.09156,27.83792],[79.09873,27.84366],[79.11295,27.85321],[79.11719,27.85135],[79.12194,27.84791],[79.13074,27.84124],[79.13385,27.83884],[79.13707,27.83532],[79.12975,27.82465],[79.13277,27.82234],[79.13795,27.82232],[79.13997,27.82509],[79.14312,27.82741],[79.14606,27.82876],[79.15008,27.82839],[79.15267,27.82502],[79.15524,27.81493],[79.15547,27.80895],[79.1571,27.8036],[79.15925,27.78527],[79.16129,27.78352],[79.16515,27.78231],[79.16293,27.77846],[79.16595,27.77516],[79.17271,27.77157],[79.17802,27.76996],[79.1819,27.76553],[79.1865,27.75689],[79.19169,27.75206],[79.20168,27.74534],[79.20322,27.74074],[79.20094,27.73488],[79.20015,27.73022],[79.20052,27.71581],[79.1992,27.71301],[79.18494,27.71902],[79.17308,27.7202],[79.16508,27.71238],[79.16267,27.71165],[79.1554,27.71187],[79.15012,27.71067],[79.1441,27.70683],[79.13952,27.70757],[79.1352,27.70679],[79.13295,27.71005],[79.12562,27.70861],[79.12256,27.69838],[79.11578,27.69256],[79.11452,27.69079],[79.11423,27.68845],[79.12238,27.68428],[79.12649,27.67408],[79.12456,27.66951],[79.12452,27.66527],[79.12852,27.64847],[79.12602,27.64474],[79.12209,27.64223],[79.12253,27.63956],[79.12428,27.63781],[79.13608,27.63463],[79.14881,27.63014],[79.16019,27.6217],[79.17043,27.62099],[79.17419,27.61932],[79.17435,27.61421],[79.17555,27.61176],[79.17487,27.60772],[79.16664,27.5976],[79.16325,27.59479],[79.16301,27.59383],[79.16694,27.59169],[79.16505,27.59029],[79.17349,27.58806],[79.18015,27.58895],[79.19375,27.58784],[79.20659,27.5842],[79.21067,27.58241],[79.21368,27.5798],[79.21667,27.55959],[79.21732,27.55383],[79.21568,27.54915],[79.21616,27.54178],[79.22704,27.53324],[79.23519,27.53194],[79.24285,27.52744],[79.2607,27.52688],[79.26453,27.52304],[79.26525,27.51669],[79.26198,27.51255],[79.25902,27.50037],[79.24895,27.49804],[79.24368,27.49106],[79.2383,27.47928],[79.24289,27.47431],[79.24558,27.46965],[79.24349,27.46023],[79.25089,27.45065],[79.25043,27.44378],[79.25084,27.43591],[79.24703,27.42772],[79.24544,27.42648],[79.23895,27.42328],[79.22392,27.42245],[79.21868,27.41949],[79.2282,27.40855],[79.23418,27.40569],[79.24254,27.39716],[79.24762,27.37815],[79.25179,27.36918],[79.25786,27.35873],[79.25901,27.35295],[79.2548,27.34936],[79.24615,27.34537],[79.24384,27.34307],[79.2412,27.33656],[79.24053,27.33497],[79.23091,27.33027],[79.22395,27.33244],[79.22096,27.33384],[79.2197,27.33538],[79.21233,27.33356],[79.2067,27.33491],[79.20197,27.33847],[79.19781,27.34348],[79.18773,27.35095],[79.1871,27.36256],[79.18373,27.36697],[79.17421,27.37062],[79.16874,27.37581],[79.16366,27.38333],[79.16119,27.38534],[79.1578,27.3867],[79.14614,27.38387],[79.13728,27.38262],[79.13287,27.38662],[79.13231,27.39134],[79.12973,27.39707],[79.12585,27.40196],[79.11763,27.40883],[79.11326,27.41093],[79.10778,27.41181],[79.10716,27.41442],[79.10957,27.41958],[79.10485,27.41992],[79.10294,27.4281],[79.10309,27.43427],[79.09991,27.43826],[79.08865,27.43454],[79.07438,27.42781],[79.06934,27.42735],[79.05388,27.42309],[79.04794,27.4248],[79.01389,27.43525],[79.00578,27.43385],[78.99652,27.43574],[78.99197,27.43844],[78.9904,27.43859],[78.98692,27.43457],[78.98402,27.43519],[78.97903,27.43497],[78.96957,27.43134],[78.96669,27.42616],[78.95807,27.42661],[78.95532,27.42537],[78.94994,27.42516],[78.94975,27.43101],[78.94846,27.43346],[78.9417,27.43136],[78.93134,27.43618],[78.93036,27.43851],[78.9309,27.44128],[78.9269,27.44208],[78.92754,27.45104],[78.92981,27.4535],[78.92934,27.4554],[78.92651,27.45602],[78.91868,27.45127],[78.91413,27.45636],[78.89722,27.47036],[78.8968,27.47176],[78.88533,27.4753],[78.88114,27.47543],[78.87865,27.47438],[78.87344,27.46608],[78.87459,27.46282],[78.86968,27.45788],[78.86383,27.44856],[78.86393,27.44375],[78.86316,27.44232],[78.85379,27.43669],[78.85275,27.43208],[78.85102,27.42985],[78.84532,27.42623],[78.84054,27.42156],[78.83198,27.41706],[78.83024,27.41546],[78.8327,27.41155],[78.83051,27.40561],[78.83615,27.40571],[78.84028,27.40315],[78.84519,27.39763],[78.84579,27.39605],[78.84287,27.39193],[78.84179,27.38865],[78.83509,27.38186],[78.83567,27.37894],[78.82794,27.3709],[78.82706,27.36692],[78.82333,27.365],[78.8163,27.35955],[78.81074,27.35778],[78.7996,27.36149],[78.79509,27.3575],[78.79001,27.35491],[78.78321,27.35369],[78.77364,27.35314],[78.77135,27.34222],[78.76902,27.34231],[78.76563,27.3408],[78.76395,27.34204],[78.75381,27.34491],[78.74525,27.35188],[78.73911,27.34514],[78.73222,27.34072],[78.72694,27.33952],[78.72338,27.3427],[78.72102,27.34627],[78.71713,27.34841],[78.71161,27.34965],[78.71036,27.35483],[78.71062,27.37144],[78.70768,27.38179],[78.69519,27.38487],[78.68641,27.38609],[78.67716,27.3898],[78.67432,27.39402],[78.67039,27.39766],[78.66749,27.39857],[78.66626,27.40079],[78.66808,27.40342],[78.666,27.40871],[78.66365,27.41998],[78.66191,27.42278],[78.65461,27.4248],[78.63613,27.42563],[78.63508,27.42772],[78.63435,27.43358],[78.63202,27.43842],[78.63544,27.44271],[78.64039,27.45943],[78.64105,27.46579],[78.65137,27.47775],[78.6561,27.4797],[78.65623,27.48722],[78.65465,27.49222],[78.65205,27.49619],[78.64697,27.49603],[78.64213,27.49783],[78.63721,27.49501],[78.62666,27.49648],[78.6213,27.49534],[78.61635,27.50327],[78.61472,27.50834],[78.61104,27.50891],[78.61075,27.51019],[78.60896,27.51183],[78.59766,27.51568],[78.58868,27.51275],[78.5904,27.50612],[78.58499,27.49989],[78.58291,27.50014],[78.57987,27.49654],[78.57852,27.48764],[78.57878,27.483],[78.5771,27.48106],[78.57397,27.48006],[78.55997,27.47961],[78.55493,27.47672],[78.55141,27.47046],[78.54827,27.46871],[78.54623,27.46439],[78.54671,27.46231],[78.53579,27.4475],[78.53356,27.44755],[78.52949,27.44985],[78.52574,27.45453],[78.51493,27.45589],[78.513,27.46176],[78.51051,27.46504],[78.50669,27.46826],[78.50435,27.46853],[78.49918,27.46465],[78.49652,27.46135],[78.4999,27.44654],[78.4869,27.43523],[78.48303,27.43042],[78.47769,27.43008],[78.47157,27.43085],[78.46788,27.43461],[78.46326,27.43437],[78.45795,27.43143],[78.45679,27.42664],[78.45858,27.4217],[78.46368,27.41487],[78.46599,27.40841],[78.47604,27.40001],[78.47928,27.39898],[78.48231,27.3994],[78.48292,27.39205],[78.47575,27.38797],[78.47545,27.3845],[78.47744,27.37736],[78.48124,27.37129],[78.47876,27.36698],[78.47504,27.36373],[78.47507,27.36228],[78.48098,27.35932],[78.47795,27.35478],[78.46988,27.34776],[78.46637,27.35063],[78.46321,27.35503],[78.46132,27.36147],[78.44917,27.37852],[78.44173,27.3774],[78.43746,27.376],[78.4288,27.36656],[78.42413,27.36691],[78.40327,27.37486],[78.39852,27.37405],[78.3912,27.37681],[78.38857,27.37347],[78.38291,27.37273],[78.37881,27.36369],[78.37873,27.35282],[78.37606,27.34763],[78.37601,27.34365],[78.36638,27.33896],[78.3624,27.33796],[78.35793,27.34079],[78.35632,27.34706],[78.35646,27.34914],[78.35174,27.35121],[78.34441,27.35304],[78.33616,27.34567],[78.33036,27.33833],[78.32603,27.33636],[78.3148,27.34308],[78.31281,27.34189],[78.31107,27.33838],[78.31142,27.33108],[78.30619,27.32327],[78.30228,27.31903],[78.29598,27.31668],[78.29133,27.314],[78.27945,27.31634],[78.27703,27.31862],[78.2738,27.32444],[78.27193,27.3302],[78.2698,27.34318],[78.27647,27.35156],[78.27689,27.35724],[78.2805,27.36031],[78.27832,27.36756],[78.2803,27.37242],[78.27978,27.37786],[78.28489,27.38006],[78.28468,27.384],[78.28779,27.38819],[78.28444,27.39112],[78.27824,27.39032],[78.27778,27.39461],[78.27157,27.39926],[78.26277,27.39472],[78.25962,27.39591],[78.25689,27.39577],[78.25131,27.39936],[78.2416,27.39738],[78.23702,27.40125],[78.23371,27.40529],[78.23006,27.40759],[78.2233,27.40881],[78.21946,27.41007],[78.21694,27.41177],[78.20809,27.40666],[78.18898,27.40871],[78.18661,27.42182],[78.18956,27.42618],[78.19183,27.43536],[78.19151,27.4389],[78.18838,27.43891],[78.18404,27.43498],[78.18039,27.43294],[78.17546,27.4323],[78.17216,27.43291],[78.17101,27.43853],[78.17517,27.45122],[78.18072,27.46053],[78.18391,27.46218],[78.18873,27.46237],[78.19117,27.46575],[78.18773,27.46879],[78.18826,27.47227],[78.1932,27.48125],[78.19259,27.48332],[78.19406,27.48552],[78.19906,27.48888],[78.1999,27.49581],[78.1951,27.50298],[78.19685,27.50661],[78.1959,27.5109],[78.19756,27.51436],[78.20358,27.51243],[78.2067,27.51357],[78.21095,27.51873],[78.20874,27.52453],[78.20498,27.52938],[78.21375,27.53472],[78.22003,27.53084],[78.22314,27.53261],[78.22858,27.53168],[78.23152,27.53199],[78.23534,27.53403],[78.23715,27.53251],[78.2393,27.52763],[78.24276,27.52493],[78.24551,27.52397],[78.25492,27.5326],[78.258,27.5313],[78.26094,27.53289],[78.26398,27.53153],[78.26852,27.53448],[78.26859,27.53632],[78.27467,27.54199],[78.2696,27.54645],[78.2626,27.55445],[78.27099,27.56078],[78.27314,27.55949],[78.27687,27.56032],[78.28246,27.55001],[78.28744,27.5525],[78.28883,27.55231],[78.29498,27.55692],[78.30503,27.54923],[78.30936,27.553],[78.30386,27.56262],[78.30484,27.56492],[78.31055,27.57024],[78.30885,27.57599],[78.30901,27.57882],[78.31144,27.58029],[78.31893,27.58102],[78.32288,27.583],[78.324,27.58473],[78.32448,27.58859],[78.32841,27.58867],[78.32941,27.58594],[78.33509,27.58407],[78.33962,27.58078],[78.34289,27.57964],[78.35368,27.57975],[78.35672,27.5752],[78.35123,27.56746],[78.35413,27.56511],[78.35814,27.5668],[78.36279,27.57212],[78.37357,27.57298],[78.3775,27.57236],[78.38358,27.57755],[78.37956,27.58443],[78.38247,27.58862],[78.38781,27.594],[78.3899,27.59436],[78.39056,27.59182],[78.39772,27.586],[78.40463,27.58644],[78.40685,27.58648],[78.41299,27.59427],[78.4266,27.59717],[78.43689,27.60184],[78.44113,27.60527],[78.44277,27.61109],[78.44426,27.61241],[78.44833,27.6134],[78.45086,27.61637],[78.45651,27.61827],[78.45991,27.62372],[78.46157,27.62463],[78.47808,27.61829],[78.48186,27.61946],[78.48833,27.62401],[78.49104,27.62264],[78.49608,27.62877],[78.4961,27.63045],[78.49133,27.63751],[78.49196,27.64167],[78.48954,27.64621],[78.49118,27.64966],[78.49641,27.6525],[78.49594,27.65464],[78.4994,27.66003],[78.49712,27.66481],[78.50079,27.66979],[78.50041,27.67379],[78.50574,27.67436],[78.50584,27.67575],[78.50187,27.67736],[78.49847,27.68012],[78.49595,27.69075],[78.50368,27.69354],[78.50462,27.69689],[78.50905,27.6999],[78.49958,27.7083],[78.49809,27.7108],[78.50145,27.71493],[78.51862,27.72963],[78.51543,27.73425],[78.5093,27.73977],[78.50489,27.74595],[78.4979,27.74668],[78.48489,27.75147],[78.47771,27.7552],[78.46589,27.76432],[78.46434,27.76718],[78.46502,27.77035],[78.47174,27.77322],[78.47322,27.77482],[78.47261,27.77645],[78.47027,27.77792],[78.47,27.7803],[78.47107,27.78422],[78.47015,27.78724],[78.47351,27.79495],[78.47308,27.79599],[78.47103,27.79585],[78.46947,27.79737],[78.46591,27.80129],[78.46418,27.80502],[78.46432,27.8067],[78.46562,27.8083],[78.46577,27.81437],[78.47712,27.81174],[78.47961,27.80882],[78.48369,27.80906],[78.48614,27.80689],[78.49409,27.80448],[78.49953,27.80626],[78.50745,27.81749],[78.50846,27.82061],[78.50804,27.82345],[78.50476,27.8255],[78.5061,27.83059],[78.5056,27.83442],[78.50085,27.83592],[78.50058,27.83904],[78.50444,27.84641],[78.49583,27.85335],[78.48399,27.86067],[78.48496,27.86349],[78.48778,27.86414],[78.49014,27.86383],[78.49947,27.87296],[78.49789,27.87692],[78.50078,27.87984],[78.50189,27.88213],[78.5042,27.88333],[78.50447,27.88692],[78.50741,27.89277],[78.5122,27.89942],[78.52477,27.90285],[78.52477,27.9058],[78.52069,27.91007],[78.52293,27.91508],[78.5304,27.91209],[78.53674,27.91432],[78.54227,27.91517],[78.54583,27.92017],[78.55862,27.93239],[78.56577,27.94293],[78.56004,27.94654],[78.5705,27.9571],[78.57703,27.96251],[78.57519,27.96803],[78.57997,27.97595],[78.58553,27.97884],[78.58901,27.98213],[78.59024,27.98628],[78.58434,28.00042],[78.58977,28.00702],[78.59864,28.03581],[78.60423,28.04148],[78.6104,28.0449],[78.62065,28.04405],[78.62869,28.05163],[78.63451,28.0477],[78.64027,28.04489]]]}},{"type":"Feature","properties":{"ID_0":105,"ISO":"IND","NAME_0":"India","ID_1":33,"NAME_1":"Uttar Pradesh","ID_2":514,"NAME_2":"Etawah","NL_NAME_2":null,"VARNAME_2":null,"TYPE_2":"District","ENGTYPE_2":"District","STATE":"Uttar Pradesh","DISTRICT":"Etawah"},"geometry":{"type":"Polygon","coordinates":[[[79.18356,27.00635],[79.18498,27.00118],[79.18426,26.98941],[79.18801,26.98097],[79.19073,26.97912],[79.19773,26.9774],[79.20705,26.9772],[79.21274,26.97733],[79.21571,26.97922],[79.2204,26.98085],[79.22638,26.98065],[79.22839,26.98372],[79.23266,26.98729],[79.23688,26.98718],[79.23877,26.98898],[79.24277,26.9894],[79.24857,26.98644],[79.25458,26.9906],[79.25843,26.98866],[79.26095,26.99065],[79.26242,26.99371],[79.26571,26.99606],[79.26731,26.99384],[79.26709,26.98747],[79.27024,26.98998],[79.27551,26.98765],[79.27763,26.99055],[79.28069,26.98698],[79.2867,26.98363],[79.28938,26.98327],[79.29237,26.98808],[79.29767,26.9877],[79.30137,26.98522],[79.30896,26.98247],[79.31095,26.98129],[79.31163,26.97924],[79.31284,26.97426],[79.31264,26.97001],[79.31789,26.96619],[79.31097,26.95737],[79.31005,26.95489],[79.30971,26.94931],[79.31057,26.94754],[79.31491,26.94812],[79.32368,26.94694],[79.33039,26.94267],[79.33415,26.93693],[79.3409,26.94001],[79.34049,26.9286],[79.33917,26.92416],[79.33578,26.92078],[79.33468,26.91847],[79.33471,26.90969],[79.33144,26.90747],[79.33531,26.90603],[79.33636,26.9003],[79.33144,26.89724],[79.33442,26.8943],[79.33829,26.89287],[79.33549,26.88187],[79.33561,26.8696],[79.33218,26.86133],[79.32938,26.85722],[79.32999,26.85207],[79.33157,26.84893],[79.33815,26.8425],[79.33968,26.83906],[79.32709,26.82598],[79.32308,26.82293],[79.3245,26.81847],[79.32941,26.81154],[79.33014,26.80702],[79.32825,26.79862],[79.32105,26.79483],[79.31915,26.79102],[79.31814,26.78648],[79.31738,26.77372],[79.3202,26.76935],[79.32536,26.76586],[79.32868,26.76516],[79.3296,26.7541],[79.33259,26.74084],[79.3348,26.73805],[79.33437,26.73409],[79.33353,26.73086],[79.32811,26.72785],[79.32385,26.72665],[79.32171,26.71566],[79.31947,26.71333],[79.31365,26.71072],[79.31119,26.71332],[79.30894,26.71346],[79.30719,26.70546],[79.29847,26.69861],[79.29958,26.69668],[79.297,26.69435],[79.30034,26.6905],[79.31037,26.68439],[79.302,26.67996],[79.29936,26.67706],[79.29968,26.67414],[79.30395,26.67167],[79.30759,26.67064],[79.31054,26.66592],[79.31136,26.66278],[79.30742,26.65967],[79.3054,26.65707],[79.3053,26.6535],[79.30617,26.65088],[79.3027,26.64601],[79.29836,26.64312],[79.29028,26.63997],[79.28625,26.63748],[79.27724,26.62806],[79.27509,26.62419],[79.27066,26.62676],[79.26314,26.62682],[79.2561,26.6251],[79.25334,26.62633],[79.25066,26.6241],[79.24836,26.61712],[79.24924,26.61404],[79.22434,26.58846],[79.21783,26.58032],[79.21375,26.57355],[79.21268,26.56699],[79.21406,26.56415],[79.21367,26.55547],[79.21179,26.55355],[79.20247,26.55208],[79.19922,26.54612],[79.18631,26.54489],[79.18495,26.54371],[79.18326,26.53847],[79.17941,26.53462],[79.17401,26.53356],[79.16789,26.53335],[79.16463,26.53186],[79.16399,26.52623],[79.16573,26.51793],[79.16551,26.51311],[79.16073,26.50419],[79.1532,26.5019],[79.14869,26.50165],[79.14745,26.50002],[79.14473,26.5001],[79.1335,26.51133],[79.12918,26.51316],[79.11495,26.51247],[79.1141,26.50805],[79.11183,26.50301],[79.10409,26.5026],[79.09642,26.50442],[79.08634,26.50213],[79.08338,26.50438],[79.07853,26.50498],[79.07499,26.49781],[79.07149,26.49408],[79.06693,26.49119],[79.06434,26.48684],[79.06231,26.48988],[79.06114,26.49096],[79.06094,26.5033],[79.05656,26.50316],[79.05336,26.50121],[79.05088,26.50077],[79.04971,26.50277],[79.04975,26.50666],[79.04375,26.51047],[79.03931,26.51573],[79.0396,26.5197],[79.04102,26.52276],[79.03947,26.52336],[79.03326,26.52262],[79.0313,26.52477],[79.03367,26.53341],[79.0331,26.53599],[79.01963,26.54144],[79.01863,26.54332],[79.02055,26.55166],[79.01724,26.55213],[79.01279,26.54872],[79.00804,26.54778],[79.00599,26.55142],[79.00285,26.54993],[78.99799,26.55094],[78.99575,26.55411],[78.99769,26.55586],[79.00519,26.55623],[79.00674,26.5578],[79.00438,26.55862],[78.99797,26.56401],[78.99912,26.56673],[78.99786,26.57215],[78.99821,26.57422],[78.99354,26.5788],[78.99134,26.58231],[78.97962,26.57408],[78.97952,26.58157],[78.981,26.58601],[78.97803,26.59243],[78.98212,26.59418],[78.99133,26.60464],[79.00372,26.60637],[79.00566,26.61047],[79.0052,26.61414],[79.00311,26.61923],[79.00309,26.62666],[79.00085,26.63041],[78.9953,26.63597],[78.9913,26.64144],[78.98722,26.64418],[78.98687,26.64737],[78.98899,26.65142],[78.99128,26.65457],[78.99573,26.66356],[78.99815,26.66662],[79.00117,26.6739],[79.00041,26.67671],[78.99732,26.68099],[78.99318,26.68457],[78.99125,26.68444],[78.98729,26.68604],[78.98389,26.68571],[78.97388,26.68254],[78.96966,26.68057],[78.96394,26.67652],[78.94789,26.66263],[78.9437,26.66105],[78.93791,26.66269],[78.93607,26.66488],[78.93579,26.66793],[78.93699,26.67228],[78.94991,26.69194],[78.95016,26.69404],[78.94814,26.69674],[78.93076,26.70427],[78.91279,26.71038],[78.90792,26.71294],[78.90395,26.71338],[78.88289,26.7044],[78.87708,26.70354],[78.87124,26.70361],[78.86493,26.70467],[78.85432,26.71232],[78.85114,26.71642],[78.84068,26.72607],[78.81139,26.76547],[78.80611,26.76879],[78.79868,26.76911],[78.77415,26.76607],[78.77071,26.76419],[78.77873,26.78833],[78.77961,26.79353],[78.78507,26.8033],[78.79338,26.80537],[78.80335,26.80506],[78.80814,26.80362],[78.81182,26.80079],[78.81913,26.79716],[78.82365,26.79659],[78.82851,26.79763],[78.83369,26.80024],[78.83827,26.80439],[78.8425,26.81208],[78.84276,26.81523],[78.83912,26.82402],[78.83546,26.82994],[78.827,26.84042],[78.82151,26.84541],[78.8131,26.85135],[78.80957,26.85544],[78.80489,26.86856],[78.8018,26.87434],[78.79944,26.87488],[78.78552,26.86945],[78.77731,26.86943],[78.77425,26.87071],[78.77352,26.87532],[78.77808,26.88258],[78.7775,26.88631],[78.77163,26.88732],[78.76679,26.89018],[78.75912,26.90997],[78.7547,26.91334],[78.7492,26.91119],[78.7477,26.90685],[78.74657,26.89856],[78.74546,26.89493],[78.74396,26.89346],[78.73891,26.89258],[78.7345,26.89562],[78.73341,26.89877],[78.73381,26.90492],[78.73838,26.91648],[78.73994,26.92014],[78.74596,26.92599],[78.76143,26.94853],[78.76608,26.95097],[78.77098,26.95052],[78.77693,26.95105],[78.7988,26.96443],[78.82079,26.95848],[78.82532,26.95919],[78.82974,26.9647],[78.83256,26.97041],[78.84061,26.97445],[78.84505,26.97944],[78.85317,26.97013],[78.85721,26.9667],[78.86379,26.96616],[78.87156,26.96725],[78.87901,26.97082],[78.88792,26.97383],[78.89539,26.97352],[78.90623,26.96928],[78.91116,26.97027],[78.91607,26.97327],[78.91698,26.975],[78.91576,26.97708],[78.91239,26.97974],[78.91341,26.98374],[78.91973,26.98927],[78.92316,26.99029],[78.92625,26.98836],[78.92701,26.98387],[78.93252,26.97932],[78.9471,26.97735],[78.95071,26.9745],[78.95319,26.96894],[78.95674,26.96498],[78.96245,26.96214],[78.97787,26.95195],[78.9802,26.94335],[78.98305,26.9401],[78.98786,26.93692],[78.99097,26.93633],[78.99305,26.93771],[78.99783,26.94366],[79.00208,26.94483],[79.00401,26.94735],[79.00391,26.95164],[79.01506,26.95866],[79.02089,26.96399],[79.02393,26.96742],[79.02643,26.97378],[79.03285,26.9748],[79.03453,26.97741],[79.04102,26.97833],[79.04578,26.98902],[79.04871,26.98975],[79.05537,26.99526],[79.06348,26.9954],[79.06876,26.99691],[79.07211,26.99449],[79.07462,26.99093],[79.07533,26.98812],[79.07744,26.98472],[79.08102,26.98484],[79.08899,26.98777],[79.09171,26.99016],[79.09132,26.99331],[79.08513,27.00188],[79.08478,27.00452],[79.08628,27.00539],[79.09045,27.00523],[79.09349,27.00367],[79.0979,27.00323],[79.10387,26.99885],[79.10648,27.00222],[79.10781,27.00621],[79.11452,26.99984],[79.11847,27.00019],[79.124,27.00492],[79.15401,27.00398],[79.15678,27.00241],[79.15821,27.00468],[79.15746,27.00633],[79.15864,27.00775],[79.15861,27.01107],[79.17489,27.01187],[79.18356,27.00635]]]}},{"type":"Feature","properties":{"ID_0":105,"ISO":"IND","NAME_0":"India","ID_1":33,"NAME_1":"Uttar Pradesh","ID_2":515,"NAME_2":"Faizabad","NL_NAME_2":null,"VARNAME_2":"Fyzabad","TYPE_2":"District","ENGTYPE_2":"District","STATE":"Uttar Pradesh","DISTRICT":"Faizabad"},"geometry":{"type":"Polygon","coordinates":[[[81.89556,26.81608],[81.90248,26.80076],[81.90563,26.79557],[81.90994,26.79342],[81.93216,26.78948],[81.93974,26.78735],[81.9675,26.78291],[81.97119,26.78264],[81.97828,26.78427],[81.98589,26.78845],[81.9902,26.78778],[81.99758,26.79119],[82.00353,26.79817],[82.02628,26.80982],[82.02982,26.81101],[82.04312,26.80898],[82.04749,26.80724],[82.05377,26.80826],[82.07014,26.81344],[82.08025,26.81351],[82.09911,26.82685],[82.10256,26.82826],[82.11852,26.82467],[82.12238,26.83127],[82.1319,26.83603],[82.13811,26.83504],[82.15168,26.83484],[82.16266,26.83126],[82.16611,26.8322],[82.1759,26.83738],[82.19547,26.83261],[82.19629,26.82377],[82.20401,26.8194],[82.21515,26.81158],[82.21669,26.80234],[82.21365,26.78202],[82.21866,26.77195],[82.22321,26.76659],[82.22639,26.75642],[82.23141,26.7521],[82.2402,26.75191],[82.24815,26.74778],[82.25306,26.74922],[82.25733,26.75162],[82.26191,26.75155],[82.26673,26.74919],[82.27587,26.74008],[82.30499,26.72907],[82.30836,26.72697],[82.31705,26.71324],[82.34318,26.68938],[82.35735,26.67461],[82.37268,26.66179],[82.38364,26.65634],[82.39449,26.65203],[82.40425,26.64944],[82.4175,26.65664],[82.43628,26.66183],[82.45418,26.66291],[82.46197,26.66165],[82.46886,26.65623],[82.46371,26.6412],[82.45936,26.63304],[82.46984,26.61975],[82.47001,26.61676],[82.46774,26.61159],[82.45993,26.60934],[82.45628,26.6057],[82.44926,26.60687],[82.44545,26.60673],[82.44226,26.59889],[82.44309,26.59637],[82.45071,26.59401],[82.44954,26.59098],[82.4506,26.58917],[82.45855,26.58623],[82.45166,26.57907],[82.45021,26.5738],[82.44679,26.57188],[82.44306,26.571],[82.43806,26.56432],[82.43354,26.56647],[82.4276,26.55887],[82.42422,26.55929],[82.42214,26.55505],[82.42113,26.5502],[82.41735,26.54902],[82.41283,26.55219],[82.408,26.56078],[82.40274,26.55617],[82.39651,26.55401],[82.39634,26.55148],[82.39365,26.54814],[82.38708,26.5469],[82.38142,26.54729],[82.37937,26.54984],[82.37164,26.5534],[82.36617,26.55166],[82.36169,26.55887],[82.36918,26.56226],[82.37164,26.56866],[82.3709,26.57416],[82.3697,26.57661],[82.36082,26.57749],[82.3497,26.58237],[82.34524,26.58325],[82.3418,26.5811],[82.33828,26.58004],[82.33357,26.58223],[82.32949,26.58069],[82.32605,26.57533],[82.32278,26.56944],[82.32098,26.55956],[82.31917,26.55681],[82.31316,26.55241],[82.3108,26.54792],[82.30459,26.53104],[82.30183,26.51692],[82.30614,26.51546],[82.30861,26.51352],[82.30744,26.51061],[82.30119,26.5069],[82.30004,26.50376],[82.29579,26.49901],[82.2905,26.4887],[82.2865,26.48728],[82.28106,26.4867],[82.27927,26.4828],[82.28051,26.47989],[82.27928,26.47623],[82.27331,26.4742],[82.27303,26.47102],[82.27441,26.46749],[82.26967,26.45829],[82.26122,26.4506],[82.25394,26.44807],[82.25185,26.44589],[82.24654,26.42477],[82.24256,26.42444],[82.2365,26.42533],[82.2326,26.4223],[82.22903,26.42084],[82.22138,26.41594],[82.21156,26.41139],[82.1864,26.40993],[82.17886,26.41142],[82.1778,26.41341],[82.17835,26.42367],[82.17353,26.42419],[82.16676,26.42344],[82.16126,26.42494],[82.15448,26.42725],[82.15068,26.43504],[82.14104,26.43493],[82.14029,26.43825],[82.14742,26.44585],[82.1443,26.44992],[82.1389,26.45054],[82.13347,26.4477],[82.12948,26.44755],[82.11738,26.45313],[82.11858,26.45709],[82.12907,26.45865],[82.12983,26.46518],[82.12794,26.46795],[82.12471,26.4699],[82.11971,26.47127],[82.11185,26.46163],[82.10677,26.46179],[82.10249,26.46458],[82.10191,26.47067],[82.10014,26.47476],[82.09548,26.47754],[82.08541,26.47937],[82.07859,26.47833],[82.07372,26.47398],[82.06564,26.47608],[82.0599,26.47922],[82.05481,26.47997],[82.04757,26.47381],[82.04361,26.47147],[82.04063,26.47157],[82.03317,26.47469],[82.0322,26.47697],[82.03414,26.48554],[82.02926,26.48786],[82.02601,26.48409],[82.02264,26.4861],[82.02189,26.4904],[82.01904,26.49368],[82.01501,26.49492],[82.01092,26.49397],[82.00994,26.48714],[82.00819,26.48451],[82.00449,26.4824],[82.00007,26.48194],[82.00254,26.49181],[82.0014,26.49451],[81.99689,26.49282],[81.99046,26.49632],[81.98301,26.49838],[81.98009,26.4999],[81.97466,26.50443],[81.97565,26.50809],[81.97523,26.5097],[81.96501,26.51494],[81.95406,26.51284],[81.94998,26.51115],[81.94001,26.51272],[81.93752,26.51251],[81.93502,26.51092],[81.93184,26.51013],[81.92732,26.51046],[81.92144,26.5132],[81.92079,26.51441],[81.92008,26.51402],[81.91454,26.51836],[81.9094,26.52092],[81.90761,26.51961],[81.90381,26.51275],[81.90189,26.51111],[81.89369,26.51277],[81.88593,26.51051],[81.88376,26.51783],[81.88304,26.51754],[81.88086,26.52336],[81.88207,26.52485],[81.88876,26.52497],[81.89017,26.52669],[81.88435,26.53177],[81.87986,26.53422],[81.87605,26.53517],[81.87123,26.53796],[81.86707,26.53855],[81.85854,26.53534],[81.85342,26.5371],[81.84964,26.5257],[81.84658,26.52503],[81.83972,26.52548],[81.83843,26.51608],[81.83109,26.51692],[81.82214,26.52261],[81.81704,26.52344],[81.81435,26.52708],[81.81,26.53285],[81.80982,26.53457],[81.80862,26.53602],[81.80362,26.53846],[81.79993,26.54158],[81.79655,26.54057],[81.79723,26.5358],[81.79207,26.53554],[81.79105,26.53487],[81.79072,26.53256],[81.78925,26.53177],[81.78371,26.53875],[81.78047,26.53929],[81.77722,26.54098],[81.77564,26.54329],[81.77158,26.54473],[81.76839,26.54315],[81.76374,26.54256],[81.75623,26.54444],[81.75143,26.54733],[81.74817,26.54804],[81.74551,26.54628],[81.74066,26.5446],[81.73368,26.546],[81.73227,26.54526],[81.72458,26.54756],[81.72157,26.54562],[81.72068,26.54333],[81.71494,26.54249],[81.71165,26.54114],[81.70619,26.53606],[81.70847,26.53369],[81.71426,26.5332],[81.71507,26.53188],[81.71315,26.52925],[81.71364,26.52568],[81.70416,26.52447],[81.70327,26.52241],[81.70552,26.51522],[81.70384,26.51317],[81.7011,26.51204],[81.69586,26.51603],[81.69326,26.51931],[81.6897,26.52169],[81.68533,26.52378],[81.68056,26.52415],[81.66888,26.53012],[81.66725,26.53341],[81.66811,26.53897],[81.66997,26.54189],[81.67265,26.5436],[81.6837,26.5421],[81.68969,26.54269],[81.69211,26.54464],[81.69073,26.55578],[81.69189,26.5606],[81.69453,26.56649],[81.69296,26.57241],[81.6933,26.57753],[81.69473,26.57976],[81.69553,26.58532],[81.69511,26.59135],[81.70159,26.59327],[81.70438,26.59096],[81.70581,26.59226],[81.71033,26.59368],[81.71085,26.597],[81.71696,26.59863],[81.71955,26.60585],[81.72359,26.61088],[81.72691,26.61263],[81.73629,26.61569],[81.74341,26.62425],[81.73833,26.62589],[81.73917,26.62876],[81.73689,26.63066],[81.73621,26.63434],[81.74019,26.64109],[81.73927,26.64465],[81.73774,26.64748],[81.73141,26.6525],[81.72883,26.65688],[81.7319,26.66256],[81.73773,26.66946],[81.73841,26.67429],[81.74435,26.67763],[81.74895,26.68145],[81.74648,26.68486],[81.74383,26.68619],[81.74327,26.68929],[81.74067,26.69424],[81.75108,26.71083],[81.75439,26.70816],[81.76106,26.692],[81.76475,26.69152],[81.77288,26.68722],[81.77446,26.68703],[81.7771,26.69271],[81.77763,26.6962],[81.78185,26.70749],[81.79721,26.6982],[81.7943,26.6907],[81.7944,26.68537],[81.79074,26.68223],[81.79144,26.67825],[81.79383,26.67733],[81.79748,26.67828],[81.80054,26.68102],[81.80873,26.69974],[81.81111,26.70138],[81.83045,26.69557],[81.83167,26.69706],[81.83224,26.70044],[81.82689,26.70645],[81.82505,26.70922],[81.82452,26.71261],[81.81664,26.7184],[81.81525,26.72169],[81.81605,26.72495],[81.81804,26.72758],[81.81844,26.73309],[81.82216,26.73364],[81.82271,26.73983],[81.82914,26.73979],[81.83029,26.74064],[81.83184,26.74476],[81.83104,26.74621],[81.82862,26.74784],[81.8322,26.75716],[81.83233,26.76313],[81.82835,26.76764],[81.82441,26.76944],[81.80125,26.77619],[81.79917,26.77837],[81.79772,26.78148],[81.7968,26.78862],[81.79813,26.79625],[81.80053,26.80162],[81.8043,26.8051],[81.80981,26.8057],[81.81184,26.80706],[81.81573,26.80652],[81.81544,26.81191],[81.81826,26.81248],[81.82442,26.8091],[81.82915,26.81234],[81.83171,26.81227],[81.84034,26.80791],[81.84866,26.80917],[81.85154,26.81048],[81.85329,26.81638],[81.85069,26.8176],[81.84808,26.82009],[81.84669,26.83077],[81.84778,26.83943],[81.8516,26.84027],[81.87141,26.83795],[81.87498,26.83718],[81.88121,26.83334],[81.89082,26.82261],[81.89556,26.81608]]]}},{"type":"Feature","properties":{"ID_0":105,"ISO":"IND","NAME_0":"India","ID_1":33,"NAME_1":"Uttar Pradesh","ID_2":516,"NAME_2":"Farrukhabad","NL_NAME_2":null,"VARNAME_2":"Farrukahabad, Ferrukhabad","TYPE_2":"District","ENGTYPE_2":"District","STATE":"Uttar Pradesh","DISTRICT":"Farrukhabad"},"geometry":{"type":"Polygon","coordinates":[[[79.20355,27.71235],[79.20905,27.70945],[79.21176,27.7052],[79.21442,27.70325],[79.21796,27.70193],[79.22105,27.70533],[79.2223,27.709],[79.22447,27.71194],[79.22681,27.71343],[79.23506,27.7037],[79.24283,27.70104],[79.24898,27.7004],[79.25089,27.69899],[79.24937,27.6908],[79.2499,27.68981],[79.26469,27.68602],[79.26771,27.68163],[79.27963,27.67641],[79.28806,27.67372],[79.29127,27.67379],[79.29127,27.67442],[79.28379,27.68125],[79.2815,27.68618],[79.28349,27.68924],[79.28771,27.68853],[79.29317,27.68637],[79.29988,27.6822],[79.29942,27.68005],[79.3016,27.67627],[79.30619,27.67313],[79.32449,27.66365],[79.34008,27.65833],[79.33652,27.65385],[79.34307,27.6525],[79.35131,27.65348],[79.36304,27.65343],[79.36576,27.64727],[79.37081,27.65012],[79.37506,27.65101],[79.38518,27.65115],[79.39554,27.64686],[79.4082,27.63765],[79.41722,27.63365],[79.42249,27.63667],[79.42904,27.64374],[79.43462,27.64565],[79.43996,27.64349],[79.44275,27.6406],[79.4455,27.63932],[79.44999,27.64094],[79.45414,27.6393],[79.46771,27.62951],[79.46977,27.62329],[79.47292,27.6199],[79.47511,27.61568],[79.46889,27.60448],[79.47031,27.60243],[79.49195,27.59507],[79.49938,27.5954],[79.50781,27.60398],[79.5106,27.60453],[79.5229,27.59704],[79.5248,27.59726],[79.52638,27.59744],[79.53382,27.60293],[79.5387,27.60383],[79.54382,27.60322],[79.54646,27.6001],[79.54622,27.59422],[79.55146,27.5946],[79.55545,27.5964],[79.55861,27.59682],[79.57301,27.59747],[79.57647,27.59662],[79.58018,27.59695],[79.58361,27.6013],[79.58441,27.60402],[79.59589,27.6],[79.60252,27.5991],[79.60046,27.60499],[79.59728,27.60607],[79.58923,27.61105],[79.58716,27.61535],[79.58806,27.62034],[79.59498,27.62276],[79.60294,27.62156],[79.60837,27.62403],[79.60849,27.6277],[79.61033,27.63058],[79.62045,27.64034],[79.64315,27.64683],[79.64014,27.64319],[79.63882,27.63856],[79.63958,27.63686],[79.64738,27.64042],[79.64662,27.63541],[79.64423,27.63313],[79.64253,27.62776],[79.64229,27.62382],[79.64291,27.62034],[79.64812,27.61819],[79.64892,27.61551],[79.63869,27.60411],[79.63266,27.58583],[79.63464,27.58241],[79.64606,27.58057],[79.64732,27.57397],[79.64648,27.56981],[79.65226,27.54362],[79.65019,27.53432],[79.65247,27.53059],[79.65138,27.52531],[79.64786,27.51637],[79.64788,27.51258],[79.6526,27.50874],[79.6558,27.50955],[79.65386,27.50133],[79.66611,27.50157],[79.6691,27.49787],[79.67289,27.49693],[79.6832,27.49915],[79.69332,27.49647],[79.68936,27.48353],[79.69056,27.48094],[79.68995,27.47725],[79.69463,27.47839],[79.69765,27.48144],[79.69945,27.48221],[79.703,27.48153],[79.70638,27.47912],[79.72268,27.47323],[79.7255,27.46781],[79.72523,27.4645],[79.72784,27.46219],[79.73695,27.45776],[79.73637,27.45408],[79.73627,27.45226],[79.72914,27.44515],[79.72381,27.44193],[79.71887,27.44022],[79.71507,27.44094],[79.71167,27.43789],[79.7095,27.42815],[79.71455,27.42341],[79.71532,27.41815],[79.7079,27.4117],[79.70268,27.404],[79.70027,27.40171],[79.6887,27.39428],[79.68533,27.39077],[79.68046,27.37869],[79.68029,27.37377],[79.69028,27.36111],[79.69778,27.35464],[79.70216,27.34965],[79.70729,27.34125],[79.70808,27.33731],[79.71213,27.33327],[79.7128,27.32348],[79.7174,27.31395],[79.71597,27.30045],[79.71822,27.29717],[79.72269,27.28558],[79.72228,27.2829],[79.71983,27.2808],[79.71547,27.27878],[79.69978,27.26594],[79.69264,27.26784],[79.6881,27.26497],[79.68642,27.26088],[79.68629,27.25761],[79.68787,27.25426],[79.69104,27.25244],[79.69344,27.24985],[79.68988,27.23793],[79.69047,27.23503],[79.69815,27.23091],[79.71758,27.22355],[79.7161,27.22219],[79.71499,27.2199],[79.71144,27.21744],[79.70936,27.21691],[79.70208,27.21975],[79.69458,27.22392],[79.69046,27.22258],[79.68728,27.21999],[79.68328,27.20521],[79.68195,27.20254],[79.68092,27.20217],[79.67584,27.19402],[79.67102,27.17725],[79.66658,27.17412],[79.66087,27.17174],[79.65334,27.1716],[79.64591,27.17604],[79.64049,27.18067],[79.63776,27.18076],[79.63198,27.18344],[79.62342,27.18945],[79.61859,27.19129],[79.60653,27.19334],[79.60076,27.1911],[79.59612,27.1817],[79.58944,27.17412],[79.57654,27.1676],[79.57351,27.16729],[79.5644,27.16832],[79.56061,27.16702],[79.55929,27.16549],[79.55589,27.16444],[79.55219,27.16457],[79.53962,27.1722],[79.53619,27.17724],[79.53152,27.18223],[79.52701,27.19261],[79.524,27.19465],[79.51805,27.19679],[79.51733,27.20754],[79.51559,27.21171],[79.51241,27.21524],[79.50121,27.21437],[79.49863,27.2176],[79.48935,27.21713],[79.47997,27.21874],[79.47353,27.2143],[79.46704,27.21399],[79.46037,27.21731],[79.43824,27.21627],[79.43211,27.21761],[79.42892,27.21908],[79.42335,27.22445],[79.42062,27.2293],[79.41737,27.2317],[79.40296,27.23148],[79.40181,27.22925],[79.40219,27.22377],[79.40356,27.22067],[79.4021,27.21678],[79.39819,27.21353],[79.39351,27.20734],[79.3892,27.20479],[79.38661,27.20435],[79.38521,27.2016],[79.38515,27.2027],[79.38247,27.205],[79.37514,27.20892],[79.3705,27.20972],[79.36549,27.21277],[79.36436,27.2165],[79.36246,27.21929],[79.35403,27.22738],[79.34792,27.22274],[79.34565,27.21702],[79.34032,27.21773],[79.32982,27.22139],[79.32924,27.22463],[79.33039,27.22766],[79.32993,27.22993],[79.33112,27.23268],[79.33051,27.23535],[79.32726,27.23665],[79.32676,27.24018],[79.3236,27.24245],[79.30897,27.24751],[79.30724,27.24868],[79.30598,27.2523],[79.3079,27.2533],[79.3067,27.25484],[79.30775,27.25651],[79.31102,27.25837],[79.31432,27.26319],[79.3129,27.26733],[79.31538,27.27146],[79.31575,27.27443],[79.31285,27.27726],[79.31337,27.28298],[79.31216,27.28429],[79.31097,27.29255],[79.3084,27.29238],[79.30409,27.29012],[79.29853,27.28838],[79.29552,27.28612],[79.29181,27.28515],[79.28661,27.28758],[79.28553,27.28689],[79.27988,27.28779],[79.27861,27.29559],[79.28027,27.31036],[79.26855,27.31104],[79.26318,27.3094],[79.25896,27.31092],[79.25655,27.31591],[79.25304,27.32916],[79.24523,27.33498],[79.2412,27.33656],[79.24384,27.34307],[79.24615,27.34537],[79.2548,27.34936],[79.25901,27.35295],[79.25786,27.35873],[79.25179,27.36918],[79.24762,27.37815],[79.24254,27.39716],[79.23418,27.40569],[79.2282,27.40855],[79.21868,27.41949],[79.22392,27.42245],[79.23895,27.42328],[79.24544,27.42648],[79.24703,27.42772],[79.25084,27.43591],[79.25043,27.44378],[79.25089,27.45065],[79.24349,27.46023],[79.24558,27.46965],[79.24289,27.47431],[79.2383,27.47928],[79.24368,27.49106],[79.24895,27.49804],[79.25902,27.50037],[79.26198,27.51255],[79.26525,27.51669],[79.26453,27.52304],[79.2607,27.52688],[79.24285,27.52744],[79.23519,27.53194],[79.22704,27.53324],[79.21616,27.54178],[79.21568,27.54915],[79.21732,27.55383],[79.21667,27.55959],[79.21368,27.5798],[79.21067,27.58241],[79.20659,27.5842],[79.19375,27.58784],[79.18015,27.58895],[79.17349,27.58806],[79.16505,27.59029],[79.16694,27.59169],[79.16301,27.59383],[79.16325,27.59479],[79.16664,27.5976],[79.17487,27.60772],[79.17555,27.61176],[79.17435,27.61421],[79.17419,27.61932],[79.17043,27.62099],[79.16019,27.6217],[79.14881,27.63014],[79.13608,27.63463],[79.12428,27.63781],[79.12253,27.63956],[79.12209,27.64223],[79.12602,27.64474],[79.12852,27.64847],[79.12452,27.66527],[79.12456,27.66951],[79.12649,27.67408],[79.12238,27.68428],[79.11423,27.68845],[79.11452,27.69079],[79.11578,27.69256],[79.12256,27.69838],[79.12562,27.70861],[79.13295,27.71005],[79.1352,27.70679],[79.13952,27.70757],[79.1441,27.70683],[79.15012,27.71067],[79.1554,27.71187],[79.16267,27.71165],[79.16508,27.71238],[79.17308,27.7202],[79.18494,27.71902],[79.1992,27.71301],[79.20355,27.71235]]]}},{"type":"Feature","properties":{"ID_0":105,"ISO":"IND","NAME_0":"India","ID_1":33,"NAME_1":"Uttar Pradesh","ID_2":517,"NAME_2":"Fatehpur","NL_NAME_2":null,"VARNAME_2":null,"TYPE_2":"District","ENGTYPE_2":"District","STATE":"Uttar Pradesh","DISTRICT":"Fatehpur"},"geometry":{"type":"Polygon","coordinates":[[[80.56095,26.22923],[80.56911,26.22677],[80.57646,26.22745],[80.58194,26.22716],[80.5873,26.22967],[80.5932,26.22938],[80.59893,26.22298],[80.60199,26.21209],[80.60184,26.20249],[80.60031,26.19529],[80.59502,26.18255],[80.59552,26.17675],[80.60547,26.15649],[80.60947,26.15438],[80.61897,26.15244],[80.62552,26.15165],[80.63412,26.15268],[80.64002,26.1533],[80.64518,26.15213],[80.6494,26.14969],[80.6534,26.14352],[80.65694,26.13872],[80.66289,26.13474],[80.66715,26.12609],[80.66753,26.11718],[80.66766,26.10954],[80.67496,26.10361],[80.68484,26.09898],[80.69933,26.09138],[80.72655,26.08537],[80.739,26.08126],[80.75201,26.07779],[80.75843,26.07335],[80.77229,26.06298],[80.78033,26.05668],[80.79258,26.04595],[80.80254,26.03756],[80.81746,26.03507],[80.83232,26.03932],[80.84263,26.04106],[80.85282,26.04658],[80.8573,26.04869],[80.86758,26.05043],[80.88034,26.05891],[80.88364,26.05956],[80.90008,26.05925],[80.90926,26.05865],[80.93116,26.07033],[80.94047,26.07042],[80.95763,26.07185],[80.96293,26.07301],[80.96803,26.07128],[80.9696,26.06875],[80.97992,26.0699],[80.99099,26.07206],[81.00454,26.06964],[81.01031,26.06796],[81.01398,26.0649],[81.02197,26.06087],[81.02868,26.05543],[81.03211,26.05188],[81.03963,26.03939],[81.05055,26.02571],[81.05677,26.02002],[81.05509,26.01561],[81.05462,26.01024],[81.05892,26.0047],[81.06297,26.00115],[81.08662,25.9889],[81.0901,25.98571],[81.09542,25.98525],[81.10911,25.97721],[81.10576,25.96255],[81.10741,25.95931],[81.12286,25.95372],[81.12772,25.95428],[81.13319,25.95393],[81.14195,25.95178],[81.1568,25.94959],[81.15931,25.94652],[81.15553,25.94135],[81.15872,25.93921],[81.1653,25.93894],[81.17184,25.93765],[81.19369,25.93945],[81.19426,25.93159],[81.20159,25.93188],[81.2077,25.93073],[81.20828,25.92493],[81.20679,25.91739],[81.20845,25.90164],[81.21095,25.88898],[81.21104,25.88123],[81.21208,25.87832],[81.21555,25.87399],[81.21941,25.87042],[81.22303,25.86867],[81.22459,25.86537],[81.23024,25.86171],[81.2485,25.8571],[81.26431,25.8509],[81.27355,25.8494],[81.27968,25.8497],[81.28792,25.84789],[81.30115,25.83873],[81.3194,25.82413],[81.32694,25.81454],[81.32791,25.81432],[81.32595,25.81012],[81.32547,25.80235],[81.32397,25.79774],[81.31826,25.79975],[81.31471,25.79666],[81.30768,25.78849],[81.30608,25.7856],[81.30766,25.78153],[81.30691,25.77637],[81.29774,25.7769],[81.29616,25.77262],[81.29346,25.77202],[81.28517,25.77251],[81.2841,25.76836],[81.27948,25.76864],[81.27747,25.76795],[81.27682,25.76438],[81.27198,25.76306],[81.26753,25.76451],[81.26031,25.75713],[81.25339,25.75613],[81.24933,25.75839],[81.24521,25.76305],[81.24249,25.76464],[81.23479,25.75421],[81.23704,25.75229],[81.23245,25.74988],[81.22859,25.74609],[81.22977,25.74341],[81.22989,25.74037],[81.22679,25.73511],[81.22325,25.72277],[81.22102,25.71953],[81.21732,25.71909],[81.20723,25.72599],[81.20004,25.72619],[81.1935,25.7248],[81.19245,25.72352],[81.19321,25.71945],[81.18951,25.70878],[81.18975,25.70481],[81.19577,25.69903],[81.19741,25.6945],[81.19724,25.6879],[81.20293,25.68779],[81.21309,25.69209],[81.21739,25.69146],[81.21866,25.69072],[81.2198,25.68614],[81.22095,25.68528],[81.22977,25.68493],[81.23167,25.68],[81.23026,25.67809],[81.22624,25.67707],[81.22248,25.67508],[81.21223,25.67646],[81.20792,25.67445],[81.20987,25.67052],[81.21029,25.66633],[81.20849,25.6577],[81.20734,25.65429],[81.20438,25.65259],[81.20199,25.64911],[81.20277,25.64613],[81.20691,25.64325],[81.21016,25.64202],[81.20784,25.63252],[81.20767,25.61689],[81.20438,25.61007],[81.20232,25.6035],[81.20231,25.60045],[81.21127,25.59941],[81.21727,25.59895],[81.2217,25.59705],[81.22546,25.59519],[81.2256,25.59227],[81.22742,25.58947],[81.23367,25.58857],[81.23108,25.58056],[81.23591,25.57751],[81.23988,25.57709],[81.23856,25.57356],[81.24609,25.56659],[81.24921,25.55921],[81.24814,25.5542],[81.24924,25.55306],[81.25146,25.55281],[81.25436,25.54818],[81.25159,25.53275],[81.24991,25.52762],[81.24569,25.52792],[81.24464,25.52612],[81.24415,25.52055],[81.24506,25.5179],[81.25156,25.51431],[81.26256,25.51138],[81.26198,25.50305],[81.2588,25.50048],[81.25764,25.49725],[81.2513,25.49196],[81.24831,25.49233],[81.24377,25.49457],[81.24113,25.49294],[81.23725,25.48635],[81.23125,25.4876],[81.22839,25.48601],[81.22718,25.48244],[81.22718,25.4786],[81.22034,25.47587],[81.21929,25.47438],[81.22124,25.47083],[81.21949,25.46483],[81.21062,25.45071],[81.21476,25.44737],[81.21348,25.44517],[81.21041,25.44382],[81.20471,25.44703],[81.19839,25.45184],[81.18408,25.45635],[81.18771,25.46433],[81.18703,25.48156],[81.18277,25.49151],[81.17487,25.49377],[81.16561,25.49878],[81.15648,25.50184],[81.15153,25.5054],[81.14613,25.50809],[81.14203,25.50931],[81.11872,25.51381],[81.1078,25.51806],[81.09108,25.5209],[81.08572,25.52123],[81.07791,25.52057],[81.05946,25.52493],[81.0542,25.52544],[81.04269,25.52895],[81.03699,25.53102],[81.02668,25.53657],[81.018,25.54332],[81.01366,25.54832],[81.01257,25.5496],[81.00454,25.55869],[80.99277,25.56767],[80.99142,25.5753],[80.99406,25.57798],[80.99785,25.58048],[81.01738,25.58794],[81.02519,25.59644],[81.03028,25.61644],[81.03083,25.62191],[81.0303,25.62652],[81.02869,25.63029],[81.0263,25.63315],[81.02187,25.637],[81.01682,25.63832],[81.01097,25.63709],[80.99131,25.6256],[80.97189,25.6189],[80.96505,25.61499],[80.96267,25.61277],[80.9571,25.61159],[80.95015,25.61227],[80.93925,25.62509],[80.93697,25.63122],[80.93622,25.63839],[80.93667,25.64644],[80.9386,25.65188],[80.9416,25.66707],[80.94186,25.6732],[80.94096,25.67901],[80.93891,25.68464],[80.93835,25.68529],[80.93454,25.68959],[80.92799,25.69151],[80.92315,25.69036],[80.91133,25.68558],[80.89374,25.68133],[80.87723,25.67992],[80.87112,25.67863],[80.86114,25.67807],[80.85419,25.68023],[80.85054,25.68505],[80.84901,25.69308],[80.84295,25.70485],[80.83913,25.7241],[80.83653,25.72805],[80.82716,25.73188],[80.8194,25.72819],[80.81336,25.72288],[80.80582,25.71322],[80.79609,25.70535],[80.78778,25.70022],[80.77583,25.6947],[80.75876,25.68859],[80.74868,25.68651],[80.73438,25.68513],[80.72372,25.68592],[80.71132,25.68522],[80.70343,25.68752],[80.68581,25.69585],[80.66956,25.69802],[80.66853,25.69831],[80.66245,25.69984],[80.64553,25.70634],[80.62074,25.70894],[80.61256,25.71161],[80.6048,25.71191],[80.59853,25.71108],[80.59116,25.71206],[80.58266,25.71485],[80.57677,25.71861],[80.56905,25.72178],[80.55163,25.73087],[80.54712,25.73926],[80.54877,25.74272],[80.56605,25.76614],[80.57111,25.7777],[80.57151,25.78471],[80.56774,25.78761],[80.53579,25.7818],[80.52296,25.78043],[80.5147,25.78142],[80.4904,25.79119],[80.48531,25.79446],[80.47229,25.80516],[80.46366,25.81082],[80.4606,25.81481],[80.45666,25.82295],[80.45564,25.82706],[80.46269,25.83541],[80.47306,25.83816],[80.49568,25.83908],[80.50527,25.83778],[80.52101,25.83857],[80.52706,25.83992],[80.54012,25.84865],[80.54329,25.85364],[80.54493,25.85993],[80.54797,25.86687],[80.54771,25.87142],[80.54441,25.87333],[80.53805,25.8739],[80.53193,25.87668],[80.52341,25.87935],[80.50463,25.88133],[80.4977,25.8827],[80.46238,25.89679],[80.44815,25.90338],[80.42995,25.90792],[80.41202,25.91131],[80.39965,25.91182],[80.39318,25.91357],[80.38071,25.91545],[80.35681,25.91016],[80.34256,25.90438],[80.34151,25.90359],[80.33817,25.90103],[80.31395,25.8928],[80.30582,25.89211],[80.29955,25.89397],[80.29266,25.89827],[80.28676,25.90471],[80.27612,25.92403],[80.27021,25.93032],[80.26294,25.93559],[80.25549,25.93581],[80.23775,25.9298],[80.22814,25.92738],[80.2259,25.93278],[80.2187,25.96255],[80.21624,25.96547],[80.2087,25.9677],[80.20686,25.97268],[80.20856,25.97667],[80.2145,25.97994],[80.22038,25.98097],[80.23594,25.99175],[80.23932,25.99525],[80.2408,26.0056],[80.24149,26.01238],[80.24418,26.01719],[80.24747,26.0235],[80.25163,26.02602],[80.24539,26.03038],[80.25146,26.03649],[80.24775,26.03984],[80.24859,26.04319],[80.25248,26.04512],[80.24719,26.05019],[80.25035,26.05247],[80.25436,26.05337],[80.25687,26.05971],[80.25961,26.06021],[80.26244,26.06559],[80.26521,26.06521],[80.27425,26.06134],[80.28239,26.07119],[80.28404,26.07075],[80.29356,26.0655],[80.30455,26.07762],[80.30527,26.08844],[80.30676,26.09075],[80.3128,26.09571],[80.31149,26.10828],[80.31553,26.11849],[80.31978,26.12031],[80.3239,26.12035],[80.33318,26.12958],[80.34642,26.13046],[80.35504,26.14226],[80.36338,26.14573],[80.37682,26.14765],[80.38049,26.14952],[80.39308,26.16177],[80.39919,26.16602],[80.40389,26.1664],[80.4222,26.15876],[80.42447,26.16005],[80.4231,26.16975],[80.43644,26.17413],[80.44119,26.18509],[80.46448,26.18679],[80.46577,26.18575],[80.47205,26.18215],[80.47375,26.18475],[80.47421,26.18855],[80.4835,26.19686],[80.48956,26.19903],[80.49345,26.19767],[80.50093,26.19315],[80.50629,26.19211],[80.5121,26.19301],[80.51563,26.19621],[80.5116,26.19789],[80.51472,26.20361],[80.52164,26.20327],[80.5299,26.20225],[80.53313,26.204],[80.53544,26.20683],[80.53192,26.20968],[80.53307,26.21946],[80.53679,26.22547],[80.54732,26.22837],[80.55801,26.23163],[80.56095,26.22923]]]}},{"type":"Feature","properties":{"ID_0":105,"ISO":"IND","NAME_0":"India","ID_1":33,"NAME_1":"Uttar Pradesh","ID_2":518,"NAME_2":"Firozabad","NL_NAME_2":null,"VARNAME_2":null,"TYPE_2":"District","ENGTYPE_2":"District","STATE":"Uttar Pradesh","DISTRICT":"Firozabad"},"geometry":{"type":"Polygon","coordinates":[[[78.61635,27.50327],[78.6213,27.49534],[78.62666,27.49648],[78.63721,27.49501],[78.64213,27.49783],[78.64697,27.49603],[78.65205,27.49619],[78.65465,27.49222],[78.65623,27.48722],[78.6561,27.4797],[78.65137,27.47775],[78.64105,27.46579],[78.64039,27.45943],[78.63544,27.44271],[78.63202,27.43842],[78.63435,27.43358],[78.63508,27.42772],[78.63613,27.42563],[78.65461,27.4248],[78.66191,27.42278],[78.66365,27.41998],[78.666,27.40871],[78.66808,27.40342],[78.66626,27.40079],[78.66749,27.39857],[78.67039,27.39766],[78.67432,27.39402],[78.67716,27.3898],[78.68641,27.38609],[78.69519,27.38487],[78.70768,27.38179],[78.71062,27.37144],[78.71036,27.35483],[78.71161,27.34965],[78.70702,27.34481],[78.70284,27.34169],[78.7056,27.33823],[78.70621,27.33673],[78.70718,27.33451],[78.70587,27.32086],[78.7036,27.31383],[78.70358,27.30792],[78.70473,27.30537],[78.71225,27.30091],[78.7122,27.29738],[78.70939,27.29198],[78.7084,27.28535],[78.70193,27.28451],[78.69568,27.28529],[78.68727,27.28124],[78.68012,27.27457],[78.68143,27.26922],[78.68655,27.27223],[78.69846,27.26847],[78.71101,27.26817],[78.71905,27.25931],[78.71921,27.25023],[78.72652,27.2496],[78.73378,27.24388],[78.73955,27.24073],[78.74722,27.2342],[78.75045,27.23049],[78.75095,27.22649],[78.74649,27.21712],[78.74427,27.21373],[78.74127,27.21147],[78.72311,27.21034],[78.71878,27.20809],[78.71748,27.20282],[78.73062,27.19738],[78.735,27.18723],[78.75095,27.18562],[78.77254,27.16816],[78.78168,27.16971],[78.78368,27.16922],[78.78916,27.16397],[78.79617,27.16028],[78.80601,27.15881],[78.80962,27.15945],[78.81336,27.14854],[78.81293,27.14438],[78.80744,27.14545],[78.79889,27.15044],[78.79024,27.14964],[78.78311,27.1469],[78.78154,27.13905],[78.7848,27.13779],[78.7851,27.12997],[78.79048,27.12712],[78.79205,27.12992],[78.79227,27.1323],[78.79596,27.1312],[78.79787,27.12839],[78.79698,27.12383],[78.79385,27.11641],[78.79139,27.11268],[78.79162,27.10695],[78.78753,27.10348],[78.76688,27.11774],[78.76499,27.11823],[78.75798,27.1133],[78.76409,27.10887],[78.76701,27.10177],[78.76802,27.09387],[78.76652,27.09134],[78.76126,27.08899],[78.76328,27.08555],[78.75885,27.07108],[78.76665,27.06632],[78.76522,27.06282],[78.76199,27.06038],[78.75565,27.05891],[78.76438,27.05039],[78.76962,27.05066],[78.77635,27.04986],[78.77968,27.04784],[78.76484,27.03817],[78.76322,27.0313],[78.76601,27.02739],[78.76917,27.02937],[78.7767,27.0285],[78.78594,27.02194],[78.78625,27.01967],[78.77946,27.01695],[78.77621,27.01271],[78.77766,27.00645],[78.78178,27.00153],[78.78239,26.99406],[78.78577,26.99006],[78.79147,26.98652],[78.79404,26.98568],[78.79781,26.9956],[78.80035,26.99899],[78.80355,26.99925],[78.80678,26.99672],[78.80875,26.99256],[78.80738,26.98693],[78.80323,26.98189],[78.79763,26.97677],[78.79643,26.97284],[78.7988,26.96443],[78.77693,26.95105],[78.77098,26.95052],[78.76608,26.95097],[78.76143,26.94853],[78.74596,26.92599],[78.73994,26.92014],[78.73301,26.92418],[78.72868,26.92591],[78.72607,26.92593],[78.72023,26.9083],[78.71835,26.90562],[78.71484,26.90437],[78.7102,26.90408],[78.7063,26.90586],[78.70315,26.91049],[78.70086,26.91731],[78.69863,26.92132],[78.69334,26.91969],[78.68616,26.91624],[78.67388,26.92355],[78.66759,26.9226],[78.66525,26.91887],[78.66453,26.91004],[78.66581,26.90396],[78.66729,26.89569],[78.66702,26.88952],[78.66477,26.88413],[78.6599,26.88314],[78.65392,26.88598],[78.64793,26.88687],[78.64178,26.88522],[78.63625,26.88508],[78.62991,26.88751],[78.62806,26.89082],[78.62526,26.91031],[78.62413,26.91312],[78.61285,26.92032],[78.61072,26.92489],[78.6102,26.92886],[78.61303,26.94026],[78.61553,26.94513],[78.61447,26.94788],[78.61082,26.95174],[78.60287,26.95473],[78.593,26.95469],[78.59058,26.95154],[78.59143,26.94775],[78.60009,26.93481],[78.60057,26.93049],[78.59866,26.92621],[78.59563,26.92488],[78.59238,26.92564],[78.58426,26.93082],[78.56744,26.94951],[78.56528,26.95552],[78.56732,26.96748],[78.56448,26.96905],[78.54166,26.96649],[78.53678,26.96768],[78.52489,26.9774],[78.51814,26.98154],[78.51093,26.98165],[78.50808,26.97199],[78.51726,26.96529],[78.5194,26.96066],[78.52007,26.94471],[78.52228,26.94291],[78.52796,26.94253],[78.53272,26.94066],[78.53625,26.93386],[78.53552,26.92866],[78.53191,26.92452],[78.52634,26.92299],[78.52087,26.92318],[78.51517,26.92695],[78.51196,26.93428],[78.50984,26.94323],[78.50957,26.95503],[78.50754,26.96312],[78.5042,26.96617],[78.49965,26.96707],[78.48698,26.96721],[78.48125,26.9692],[78.47844,26.97191],[78.47766,26.97672],[78.47919,26.98646],[78.47868,26.99139],[78.4739,26.9997],[78.46856,26.99807],[78.45492,26.99069],[78.44939,26.98944],[78.44315,26.98985],[78.44124,26.99404],[78.44307,27.00673],[78.4409,27.01323],[78.42999,27.0254],[78.42673,27.03128],[78.4246,27.04718],[78.41976,27.05245],[78.4128,27.05596],[78.40506,27.05773],[78.38893,27.05937],[78.38322,27.06176],[78.3764,27.06676],[78.36955,27.07338],[78.35698,27.0838],[78.35538,27.08514],[78.35194,27.08384],[78.35131,27.08384],[78.34224,27.07724],[78.32652,27.0787],[78.32333,27.07676],[78.31254,27.05968],[78.30895,27.05724],[78.30437,27.0574],[78.30329,27.06135],[78.30466,27.06823],[78.30511,27.07639],[78.3032,27.08978],[78.3045,27.09643],[78.30723,27.09993],[78.31347,27.10245],[78.32,27.10239],[78.32699,27.10369],[78.32948,27.10598],[78.33302,27.11109],[78.33683,27.1144],[78.34374,27.11519],[78.35091,27.11325],[78.35811,27.11422],[78.36237,27.11752],[78.3646,27.12271],[78.36413,27.12549],[78.36076,27.1276],[78.34869,27.12972],[78.33515,27.13103],[78.32958,27.12699],[78.32364,27.11803],[78.31936,27.11368],[78.31424,27.11235],[78.31179,27.11643],[78.30954,27.12665],[78.3067,27.12824],[78.30206,27.12887],[78.29649,27.12797],[78.2904,27.12572],[78.28903,27.123],[78.28757,27.11341],[78.28712,27.10831],[78.28829,27.09869],[78.28733,27.09308],[78.28404,27.08768],[78.27549,27.0854],[78.26991,27.08616],[78.26585,27.08985],[78.26048,27.09934],[78.259,27.10411],[78.2543,27.10972],[78.2497,27.1133],[78.24587,27.11513],[78.24105,27.11582],[78.2361,27.1149],[78.23399,27.11208],[78.23364,27.1093],[78.23466,27.10623],[78.24413,27.10236],[78.24934,27.09906],[78.25128,27.09336],[78.2515,27.08706],[78.24805,27.08275],[78.23335,27.0778],[78.22531,27.07773],[78.22047,27.07848],[78.21817,27.08157],[78.22062,27.0955],[78.22015,27.09909],[78.21717,27.10272],[78.19996,27.1109],[78.19382,27.12134],[78.19176,27.12516],[78.19185,27.13072],[78.19389,27.13568],[78.20581,27.15148],[78.20906,27.15707],[78.21095,27.16249],[78.21082,27.16666],[78.20878,27.17241],[78.20546,27.17748],[78.19722,27.18659],[78.19268,27.18854],[78.18884,27.18928],[78.1712,27.18197],[78.15866,27.18156],[78.15902,27.19898],[78.14748,27.19678],[78.14147,27.19736],[78.13624,27.18732],[78.13072,27.18604],[78.12165,27.18519],[78.11053,27.18499],[78.10464,27.18579],[78.10145,27.18895],[78.09702,27.19918],[78.09226,27.2034],[78.08655,27.20629],[78.07851,27.20688],[78.07331,27.20571],[78.04881,27.19387],[78.0414,27.18675],[78.03714,27.18453],[78.03169,27.1829],[78.0267,27.18277],[78.02315,27.18391],[78.0216,27.19576],[78.0237,27.2024],[78.02948,27.21548],[78.02862,27.22136],[78.02384,27.238],[78.02147,27.25172],[78.02007,27.25493],[78.01608,27.25947],[78.00697,27.26646],[78.00282,27.26895],[77.99136,27.27266],[77.97889,27.27173],[77.9725,27.26567],[77.97375,27.26226],[77.98399,27.25442],[77.98531,27.2517],[77.98504,27.24878],[77.98086,27.24544],[77.95465,27.24573],[77.95247,27.24955],[77.95203,27.25192],[77.9526,27.2625],[77.95428,27.26976],[77.96048,27.27281],[77.9633,27.27469],[77.96677,27.2775],[77.97151,27.28376],[77.97332,27.28614],[77.98166,27.28962],[77.98276,27.30196],[77.98235,27.30943],[77.98063,27.31137],[77.97565,27.31388],[77.97192,27.31902],[77.97211,27.32544],[77.97536,27.33116],[77.98072,27.33036],[77.98547,27.33057],[77.99127,27.33255],[77.99638,27.33208],[78.00462,27.32701],[78.00565,27.32831],[78.00394,27.33004],[78.00246,27.33343],[78.00576,27.33349],[78.01225,27.33016],[78.02053,27.33552],[78.0222,27.339],[78.03006,27.33956],[78.03194,27.34289],[78.03013,27.34576],[78.03149,27.34869],[78.03401,27.35205],[78.03818,27.35333],[78.04418,27.35119],[78.04941,27.34763],[78.0507,27.34552],[78.06355,27.34097],[78.06535,27.34211],[78.06643,27.34915],[78.06968,27.35508],[78.07197,27.35719],[78.07704,27.35714],[78.07901,27.35874],[78.07641,27.36328],[78.0707,27.36814],[78.06351,27.3713],[78.04304,27.37483],[78.04404,27.38089],[78.04784,27.38571],[78.05215,27.3874],[78.0617,27.38585],[78.06616,27.39426],[78.06927,27.39493],[78.07316,27.39784],[78.07498,27.39516],[78.08246,27.38971],[78.09031,27.37966],[78.09767,27.37478],[78.10135,27.37479],[78.11207,27.37719],[78.11757,27.37261],[78.12771,27.37072],[78.13223,27.37463],[78.14225,27.3864],[78.14474,27.38835],[78.14919,27.38953],[78.15328,27.39314],[78.16016,27.39198],[78.16492,27.39348],[78.16673,27.39643],[78.16334,27.40354],[78.16964,27.40498],[78.1703,27.40777],[78.16872,27.41362],[78.17043,27.41478],[78.17709,27.4099],[78.1824,27.40798],[78.18898,27.40871],[78.20809,27.40666],[78.21694,27.41177],[78.21946,27.41007],[78.2233,27.40881],[78.23006,27.40759],[78.23371,27.40529],[78.23702,27.40125],[78.2416,27.39738],[78.25131,27.39936],[78.25689,27.39577],[78.25962,27.39591],[78.26277,27.39472],[78.27157,27.39926],[78.27778,27.39461],[78.27824,27.39032],[78.28444,27.39112],[78.28779,27.38819],[78.28468,27.384],[78.28489,27.38006],[78.27978,27.37786],[78.2803,27.37242],[78.27832,27.36756],[78.2805,27.36031],[78.27689,27.35724],[78.27647,27.35156],[78.2698,27.34318],[78.27193,27.3302],[78.2738,27.32444],[78.27703,27.31862],[78.27945,27.31634],[78.29133,27.314],[78.29598,27.31668],[78.30228,27.31903],[78.30619,27.32327],[78.31142,27.33108],[78.31107,27.33838],[78.31281,27.34189],[78.3148,27.34308],[78.32603,27.33636],[78.33036,27.33833],[78.33616,27.34567],[78.34441,27.35304],[78.35174,27.35121],[78.35646,27.34914],[78.35632,27.34706],[78.35793,27.34079],[78.3624,27.33796],[78.36638,27.33896],[78.37601,27.34365],[78.37606,27.34763],[78.37873,27.35282],[78.37881,27.36369],[78.38291,27.37273],[78.38857,27.37347],[78.3912,27.37681],[78.39852,27.37405],[78.40327,27.37486],[78.42413,27.36691],[78.4288,27.36656],[78.43746,27.376],[78.44173,27.3774],[78.44917,27.37852],[78.46132,27.36147],[78.46321,27.35503],[78.46637,27.35063],[78.46988,27.34776],[78.47795,27.35478],[78.48098,27.35932],[78.47507,27.36228],[78.47504,27.36373],[78.47876,27.36698],[78.48124,27.37129],[78.47744,27.37736],[78.47545,27.3845],[78.47575,27.38797],[78.48292,27.39205],[78.48231,27.3994],[78.47928,27.39898],[78.47604,27.40001],[78.46599,27.40841],[78.46368,27.41487],[78.45858,27.4217],[78.45679,27.42664],[78.45795,27.43143],[78.46326,27.43437],[78.46788,27.43461],[78.47157,27.43085],[78.47769,27.43008],[78.48303,27.43042],[78.4869,27.43523],[78.4999,27.44654],[78.49652,27.46135],[78.49918,27.46465],[78.50435,27.46853],[78.50669,27.46826],[78.51051,27.46504],[78.513,27.46176],[78.51493,27.45589],[78.52574,27.45453],[78.52949,27.44985],[78.53356,27.44755],[78.53579,27.4475],[78.54671,27.46231],[78.54623,27.46439],[78.54827,27.46871],[78.55141,27.47046],[78.55493,27.47672],[78.55997,27.47961],[78.57397,27.48006],[78.5771,27.48106],[78.57878,27.483],[78.57852,27.48764],[78.57987,27.49654],[78.58291,27.50014],[78.58499,27.49989],[78.5904,27.50612],[78.58868,27.51275],[78.59766,27.51568],[78.60896,27.51183],[78.61075,27.51019],[78.61104,27.50891],[78.61472,27.50834],[78.61635,27.50327]]]}},{"type":"Feature","properties":{"ID_0":105,"ISO":"IND","NAME_0":"India","ID_1":33,"NAME_1":"Uttar Pradesh","ID_2":519,"NAME_2":"Gautam Buddha Nagar","NL_NAME_2":null,"VARNAME_2":null,"TYPE_2":"District","ENGTYPE_2":"District","STATE":"Uttar Pradesh","DISTRICT":"Gautam Buddha Nagar"},"geometry":{"type":"Polygon","coordinates":[[[77.36929,28.68691],[77.37321,28.68335],[77.37693,28.68223],[77.38536,28.68577],[77.39084,28.68625],[77.39673,28.68431],[77.40088,28.67938],[77.39822,28.67531],[77.39374,28.67084],[77.38941,28.66011],[77.39207,28.65512],[77.39047,28.64372],[77.39087,28.64095],[77.39441,28.63755],[77.39561,28.63421],[77.40894,28.63254],[77.41701,28.62903],[77.42595,28.62637],[77.43289,28.62724],[77.45365,28.63792],[77.45792,28.63581],[77.46099,28.63231],[77.46502,28.63102],[77.47229,28.63491],[77.47634,28.63827],[77.48934,28.64649],[77.49345,28.65007],[77.49609,28.65037],[77.50385,28.64575],[77.5075,28.64689],[77.50919,28.65092],[77.5116,28.65273],[77.51466,28.65252],[77.51819,28.65086],[77.51875,28.64873],[77.52278,28.64644],[77.52531,28.64588],[77.53048,28.64084],[77.53265,28.63707],[77.53545,28.63758],[77.53921,28.63828],[77.54186,28.63608],[77.54027,28.63279],[77.54646,28.62656],[77.55382,28.62193],[77.5564,28.62205],[77.56284,28.62981],[77.56589,28.63202],[77.56899,28.6317],[77.58696,28.62222],[77.5939,28.61611],[77.59795,28.60787],[77.59876,28.60144],[77.59991,28.5995],[77.61247,28.58645],[77.61492,28.58118],[77.62389,28.58448],[77.62898,28.58784],[77.63385,28.59324],[77.64522,28.60065],[77.64751,28.59982],[77.65317,28.59602],[77.66019,28.58888],[77.66575,28.58176],[77.66848,28.56882],[77.67074,28.56407],[77.67332,28.56113],[77.67827,28.55758],[77.68104,28.55247],[77.68224,28.54392],[77.68509,28.53569],[77.68102,28.53346],[77.67871,28.5309],[77.67805,28.52462],[77.67994,28.51841],[77.68013,28.51406],[77.67698,28.51299],[77.66362,28.50798],[77.66228,28.50488],[77.66237,28.50164],[77.65849,28.49917],[77.65054,28.497],[77.64743,28.49089],[77.64331,28.49027],[77.6386,28.49063],[77.63404,28.48646],[77.62872,28.48378],[77.62695,28.48188],[77.62057,28.47935],[77.60786,28.47208],[77.60789,28.46906],[77.6059,28.46559],[77.60409,28.459],[77.60989,28.45374],[77.61444,28.44793],[77.61406,28.44555],[77.61275,28.44308],[77.60129,28.43805],[77.59398,28.43892],[77.5898,28.43851],[77.58544,28.43574],[77.58592,28.4286],[77.59151,28.41741],[77.60046,28.40847],[77.62171,28.40064],[77.64407,28.38275],[77.65526,28.36709],[77.65638,28.35031],[77.65749,28.33018],[77.66532,28.31676],[77.66532,28.30223],[77.66421,28.29216],[77.66197,28.2765],[77.66532,28.26644],[77.68136,28.25508],[77.68012,28.25407],[77.68546,28.24519],[77.69999,28.23177],[77.71564,28.21835],[77.73242,28.1971],[77.74249,28.18368],[77.75256,28.16243],[77.75311,28.1571],[77.75176,28.15723],[77.73746,28.14828],[77.74001,28.1408],[77.73757,28.13605],[77.73318,28.13195],[77.72663,28.12908],[77.72965,28.1215],[77.72784,28.11636],[77.72307,28.11214],[77.72161,28.10909],[77.72726,28.09427],[77.71714,28.08819],[77.71227,28.08784],[77.70789,28.0853],[77.70464,28.08477],[77.70297,28.08642],[77.69635,28.08696],[77.69102,28.08378],[77.68759,28.08468],[77.6806,28.09188],[77.67453,28.10057],[77.66602,28.10911],[77.66426,28.11423],[77.65572,28.11502],[77.65264,28.11669],[77.6487,28.1177],[77.6439,28.10958],[77.63894,28.1075],[77.63732,28.10272],[77.63464,28.09952],[77.63209,28.09946],[77.62531,28.1033],[77.62278,28.10382],[77.61386,28.10298],[77.60976,28.10022],[77.60571,28.10778],[77.60509,28.10706],[77.59911,28.11411],[77.59293,28.10694],[77.58813,28.10423],[77.58624,28.10233],[77.58253,28.10178],[77.57426,28.09672],[77.56687,28.08691],[77.56307,28.08508],[77.54507,28.08517],[77.53976,28.08445],[77.52943,28.08646],[77.51643,28.08238],[77.50883,28.08557],[77.49795,28.0818],[77.49153,28.08141],[77.48719,28.08334],[77.4817,28.08401],[77.47002,28.08373],[77.46887,28.08601],[77.47307,28.10372],[77.47479,28.10428],[77.47823,28.10797],[77.48278,28.10785],[77.48602,28.09739],[77.49014,28.09529],[77.49231,28.09801],[77.49374,28.10227],[77.49324,28.10818],[77.49137,28.11271],[77.4994,28.12259],[77.49964,28.12736],[77.49847,28.13569],[77.48796,28.13878],[77.48725,28.14143],[77.48987,28.14438],[77.49529,28.14581],[77.49637,28.15987],[77.49891,28.16301],[77.5116,28.16489],[77.53177,28.17026],[77.54237,28.18166],[77.53795,28.19089],[77.53019,28.19295],[77.52082,28.19174],[77.50566,28.19547],[77.50152,28.18719],[77.49212,28.1851],[77.49062,28.19306],[77.48912,28.21199],[77.4976,28.21302],[77.51057,28.20633],[77.51282,28.20168],[77.51912,28.20178],[77.52328,28.20717],[77.52158,28.21739],[77.51704,28.22139],[77.51558,28.22976],[77.53562,28.24052],[77.54121,28.24774],[77.53878,28.25441],[77.52502,28.25343],[77.51225,28.25433],[77.5116,28.25455],[77.51062,28.25489],[77.50207,28.25784],[77.48708,28.26176],[77.4673,28.26972],[77.46481,28.27743],[77.47225,28.28121],[77.48808,28.27912],[77.49274,28.28063],[77.49477,28.29261],[77.49417,28.30026],[77.49579,28.30704],[77.48186,28.32362],[77.47356,28.32788],[77.46593,28.33394],[77.46375,28.33801],[77.46641,28.34121],[77.48518,28.35021],[77.49424,28.35826],[77.49206,28.36952],[77.48589,28.3797],[77.46954,28.3943],[77.46684,28.39968],[77.47386,28.40381],[77.47456,28.41351],[77.4687,28.41753],[77.4561,28.42099],[77.45148,28.42486],[77.44399,28.42897],[77.436,28.43161],[77.4283,28.44406],[77.42578,28.45454],[77.41814,28.45579],[77.40829,28.4556],[77.3978,28.45864],[77.39484,28.4628],[77.40003,28.4667],[77.3979,28.47117],[77.38817,28.47282],[77.37601,28.47616],[77.36936,28.48069],[77.36412,28.48565],[77.36396,28.4929],[77.36048,28.49786],[77.34319,28.50361],[77.33774,28.50897],[77.33682,28.51568],[77.33397,28.5207],[77.33051,28.5241],[77.32151,28.53585],[77.31489,28.54149],[77.3107,28.54369],[77.30306,28.55045],[77.29519,28.5612],[77.2938,28.56673],[77.29365,28.57972],[77.29491,28.58243],[77.30714,28.59691],[77.30992,28.59896],[77.31694,28.59996],[77.32784,28.60488],[77.33315,28.60671],[77.33618,28.60887],[77.33753,28.61749],[77.33708,28.6219],[77.33422,28.62699],[77.33046,28.63141],[77.32095,28.63602],[77.31358,28.6432],[77.31121,28.64464],[77.31308,28.64667],[77.31533,28.65137],[77.31543,28.66327],[77.31757,28.67162],[77.31792,28.67934],[77.32539,28.6825],[77.32713,28.68516],[77.33053,28.6834],[77.33243,28.68072],[77.34512,28.67995],[77.34811,28.68153],[77.35415,28.68239],[77.35588,28.68551],[77.35796,28.68505],[77.36385,28.68706],[77.36929,28.68691]]]}},{"type":"Feature","properties":{"ID_0":105,"ISO":"IND","NAME_0":"India","ID_1":33,"NAME_1":"Uttar Pradesh","ID_2":520,"NAME_2":"Ghaziabad","NL_NAME_2":null,"VARNAME_2":null,"TYPE_2":"District","ENGTYPE_2":"District","STATE":"Uttar Pradesh","DISTRICT":"Ghaziabad"},"geometry":{"type":"Polygon","coordinates":[[[77.48186,28.90513],[77.4875,28.90139],[77.49772,28.90627],[77.50797,28.89987],[77.52008,28.89679],[77.52506,28.89371],[77.5383,28.89557],[77.54213,28.8996],[77.54764,28.90139],[77.55299,28.89761],[77.56015,28.89415],[77.57043,28.8937],[77.57618,28.89834],[77.58031,28.89664],[77.58344,28.88413],[77.58656,28.88021],[77.60808,28.88428],[77.61335,28.88443],[77.64465,28.8844],[77.64883,28.8813],[77.64834,28.87799],[77.6496,28.87424],[77.65427,28.87393],[77.66454,28.87675],[77.67026,28.88105],[77.67622,28.88275],[77.68244,28.88061],[77.68586,28.87417],[77.6869,28.86903],[77.68944,28.86357],[77.69332,28.85977],[77.69637,28.8539],[77.69382,28.85137],[77.69696,28.84243],[77.69603,28.83772],[77.69227,28.82925],[77.70534,28.81912],[77.7075,28.81465],[77.70731,28.80553],[77.70604,28.79768],[77.70699,28.79626],[77.70659,28.79317],[77.69941,28.78822],[77.69128,28.78093],[77.68495,28.78093],[77.68275,28.77676],[77.68154,28.77048],[77.67918,28.7684],[77.68031,28.76355],[77.68468,28.75743],[77.68709,28.74902],[77.68902,28.74668],[77.69298,28.74456],[77.69818,28.74472],[77.70342,28.74598],[77.71771,28.74196],[77.72192,28.74212],[77.7269,28.7476],[77.73622,28.75381],[77.74122,28.75523],[77.74625,28.75375],[77.75115,28.75379],[77.75527,28.75926],[77.7575,28.76225],[77.7678,28.765],[77.77162,28.76704],[77.77514,28.77025],[77.77718,28.77307],[77.77675,28.77566],[77.77395,28.77938],[77.77305,28.78202],[77.7784,28.78886],[77.78185,28.79164],[77.7867,28.79266],[77.7932,28.78984],[77.79901,28.79141],[77.80131,28.7986],[77.81348,28.79951],[77.81807,28.803],[77.83267,28.80451],[77.83542,28.80821],[77.84347,28.80714],[77.85737,28.80031],[77.86078,28.80556],[77.85853,28.81452],[77.8593,28.82238],[77.8573,28.82814],[77.86047,28.83442],[77.85587,28.83618],[77.8504,28.83963],[77.85063,28.84272],[77.85313,28.84604],[77.85326,28.85333],[77.85135,28.85905],[77.85382,28.86351],[77.85768,28.86773],[77.86199,28.86938],[77.86799,28.86725],[77.87292,28.86242],[77.87834,28.86211],[77.87734,28.86672],[77.88004,28.87011],[77.88629,28.87197],[77.90001,28.86589],[77.91196,28.8624],[77.91627,28.86056],[77.91904,28.85526],[77.91812,28.85302],[77.92052,28.85178],[77.92123,28.84962],[77.91862,28.84852],[77.91869,28.84501],[77.92464,28.84226],[77.93545,28.85069],[77.94041,28.85207],[77.94701,28.85099],[77.95097,28.8475],[77.95796,28.84916],[77.96238,28.85813],[77.96619,28.86203],[77.97413,28.8617],[77.97688,28.863],[77.98437,28.85697],[77.98907,28.85516],[77.99442,28.85584],[77.99296,28.86065],[78.00116,28.86605],[78.00629,28.86489],[78.0109,28.86749],[78.01773,28.86605],[78.0237,28.86899],[78.03195,28.86687],[78.04717,28.85971],[78.05724,28.85995],[78.0673,28.85751],[78.07823,28.85699],[78.08156,28.86114],[78.08804,28.86218],[78.0974,28.86251],[78.10498,28.86217],[78.10814,28.84876],[78.10374,28.843],[78.10318,28.83895],[78.10135,28.83441],[78.10589,28.83167],[78.10534,28.82633],[78.10849,28.82424],[78.10783,28.81569],[78.11013,28.8034],[78.1079,28.79396],[78.10898,28.78796],[78.11331,28.78211],[78.12286,28.77713],[78.12263,28.77078],[78.12388,28.76299],[78.13002,28.74834],[78.12958,28.7436],[78.13053,28.73581],[78.13047,28.72696],[78.13592,28.71773],[78.14163,28.71258],[78.16367,28.69767],[78.17303,28.6835],[78.18225,28.67623],[78.18592,28.66374],[78.18562,28.65859],[78.19871,28.62119],[78.17075,28.62165],[78.16555,28.62308],[78.15823,28.62333],[78.13816,28.63577],[78.13292,28.63446],[78.12637,28.63637],[78.11759,28.62837],[78.1099,28.63241],[78.08189,28.63976],[78.07761,28.64292],[78.07569,28.64539],[78.07487,28.65578],[78.0711,28.65898],[78.06319,28.6634],[78.06,28.66198],[78.05522,28.65694],[78.04338,28.661],[78.02502,28.67151],[78.01652,28.67651],[78.00912,28.68428],[78.00266,28.68906],[78.00081,28.69979],[77.99906,28.70324],[77.98929,28.70596],[77.97942,28.70438],[77.97637,28.70463],[77.96809,28.71389],[77.9633,28.71689],[77.95682,28.71947],[77.95022,28.71715],[77.94585,28.71344],[77.9424,28.70921],[77.93912,28.7077],[77.93439,28.70819],[77.92667,28.70764],[77.92182,28.70239],[77.90927,28.68504],[77.90539,28.68067],[77.90414,28.67929],[77.9024,28.678],[77.90692,28.67333],[77.90351,28.66972],[77.89996,28.67003],[77.89584,28.67184],[77.89277,28.6688],[77.89104,28.66484],[77.89234,28.6616],[77.89479,28.65909],[77.90159,28.65548],[77.8989,28.65027],[77.89226,28.64346],[77.89192,28.63665],[77.88307,28.63866],[77.8747,28.64268],[77.86884,28.64447],[77.86465,28.64932],[77.86111,28.64902],[77.84747,28.65675],[77.84324,28.65265],[77.83814,28.64236],[77.82984,28.63516],[77.82475,28.63499],[77.82138,28.63259],[77.81041,28.62953],[77.80634,28.62932],[77.80049,28.62729],[77.79046,28.6208],[77.78097,28.60502],[77.77684,28.59495],[77.77343,28.5911],[77.76851,28.58896],[77.75964,28.59016],[77.75288,28.58642],[77.74821,28.58481],[77.74569,28.57941],[77.74687,28.56944],[77.74213,28.56486],[77.73772,28.56263],[77.72666,28.56099],[77.72226,28.55863],[77.71969,28.55561],[77.71481,28.55179],[77.71186,28.55261],[77.71011,28.55235],[77.7062,28.55817],[77.70251,28.55902],[77.69388,28.55824],[77.68602,28.55979],[77.67827,28.55758],[77.67332,28.56113],[77.67074,28.56407],[77.66848,28.56882],[77.66575,28.58176],[77.66019,28.58888],[77.65317,28.59602],[77.64751,28.59982],[77.64522,28.60065],[77.63385,28.59324],[77.62898,28.58784],[77.62389,28.58448],[77.61492,28.58118],[77.61247,28.58645],[77.59991,28.5995],[77.59876,28.60144],[77.59795,28.60787],[77.5939,28.61611],[77.58696,28.62222],[77.56899,28.6317],[77.56589,28.63202],[77.56284,28.62981],[77.5564,28.62205],[77.55382,28.62193],[77.54646,28.62656],[77.54027,28.63279],[77.54186,28.63608],[77.53921,28.63828],[77.53545,28.63758],[77.53265,28.63707],[77.53048,28.64084],[77.52531,28.64588],[77.52278,28.64644],[77.51875,28.64873],[77.51819,28.65086],[77.51466,28.65252],[77.5116,28.65273],[77.50919,28.65092],[77.5075,28.64689],[77.50385,28.64575],[77.49609,28.65037],[77.49345,28.65007],[77.48934,28.64649],[77.47634,28.63827],[77.47229,28.63491],[77.46502,28.63102],[77.46099,28.63231],[77.45792,28.63581],[77.45365,28.63792],[77.43289,28.62724],[77.42595,28.62637],[77.41701,28.62903],[77.40894,28.63254],[77.39561,28.63421],[77.39441,28.63755],[77.39087,28.64095],[77.39047,28.64372],[77.39207,28.65512],[77.38941,28.66011],[77.39374,28.67084],[77.39822,28.67531],[77.40088,28.67938],[77.39673,28.68431],[77.39084,28.68625],[77.38536,28.68577],[77.37693,28.68223],[77.37321,28.68335],[77.36929,28.68691],[77.36385,28.68706],[77.35796,28.68505],[77.35588,28.68551],[77.35415,28.68239],[77.34811,28.68153],[77.34512,28.67995],[77.33243,28.68072],[77.33053,28.6834],[77.32713,28.68516],[77.32758,28.69184],[77.32092,28.69967],[77.31984,28.70364],[77.32168,28.71183],[77.32349,28.71587],[77.31716,28.71722],[77.30622,28.71767],[77.30146,28.71673],[77.29563,28.71304],[77.29295,28.70977],[77.2849,28.71246],[77.28365,28.71898],[77.28442,28.72393],[77.28069,28.73002],[77.27686,28.7344],[77.27112,28.73819],[77.26637,28.73928],[77.25992,28.73812],[77.25617,28.73992],[77.25188,28.7455],[77.2532,28.75279],[77.24847,28.75753],[77.24586,28.75735],[77.23799,28.75922],[77.22904,28.77244],[77.22091,28.7779],[77.2171,28.78168],[77.22207,28.78374],[77.22468,28.78763],[77.21827,28.78763],[77.21305,28.78644],[77.20845,28.78719],[77.20269,28.78941],[77.19692,28.79528],[77.19444,28.80229],[77.19461,28.81536],[77.21365,28.8135],[77.21732,28.83528],[77.22499,28.83324],[77.22543,28.83017],[77.22759,28.82864],[77.23431,28.82649],[77.24407,28.82772],[77.24792,28.8294],[77.25078,28.83284],[77.25232,28.83667],[77.25902,28.83685],[77.26591,28.83835],[77.27699,28.83887],[77.2813,28.83712],[77.28568,28.83362],[77.28853,28.83014],[77.29094,28.81546],[77.29527,28.81329],[77.29422,28.80658],[77.29452,28.80227],[77.29726,28.79656],[77.30769,28.79782],[77.31459,28.8002],[77.31756,28.80407],[77.32225,28.80586],[77.33536,28.8003],[77.33925,28.80261],[77.34347,28.8097],[77.35309,28.80702],[77.35485,28.79659],[77.35941,28.79088],[77.37389,28.78682],[77.39744,28.78197],[77.4022,28.78726],[77.40241,28.79656],[77.39481,28.80919],[77.39472,28.81524],[77.39954,28.81756],[77.3994,28.82337],[77.38766,28.83375],[77.3996,28.83944],[77.40704,28.84123],[77.40909,28.84915],[77.39916,28.85421],[77.39848,28.8805],[77.41345,28.88553],[77.41621,28.89157],[77.42105,28.89707],[77.42461,28.90457],[77.42427,28.90906],[77.42951,28.91408],[77.43066,28.91982],[77.43427,28.92256],[77.43345,28.92723],[77.43629,28.93052],[77.44416,28.93173],[77.44921,28.93123],[77.45219,28.92204],[77.45274,28.91793],[77.45117,28.91106],[77.45862,28.90948],[77.46332,28.90929],[77.48186,28.90513]]]}},{"type":"Feature","properties":{"ID_0":105,"ISO":"IND","NAME_0":"India","ID_1":33,"NAME_1":"Uttar Pradesh","ID_2":521,"NAME_2":"Ghazipur","NL_NAME_2":null,"VARNAME_2":"Gajipur","TYPE_2":"District","ENGTYPE_2":"District","STATE":"Uttar Pradesh","DISTRICT":"Ghazipur"},"geometry":{"type":"Polygon","coordinates":[[[83.67757,25.87561],[83.6791,25.87046],[83.68671,25.87131],[83.69144,25.8707],[83.6913,25.86835],[83.6946,25.86801],[83.69508,25.86483],[83.71159,25.86833],[83.7176,25.86886],[83.71908,25.86694],[83.7186,25.86465],[83.71297,25.86181],[83.71179,25.85971],[83.71184,25.85661],[83.71419,25.85644],[83.7191,25.85883],[83.7224,25.85957],[83.7239,25.85862],[83.72081,25.85445],[83.7215,25.8511],[83.72343,25.84974],[83.72618,25.84878],[83.7346,25.84835],[83.73508,25.85558],[83.73664,25.85791],[83.73936,25.85821],[83.74094,25.85588],[83.74102,25.85289],[83.73867,25.84626],[83.73868,25.84367],[83.74525,25.8358],[83.75076,25.83066],[83.75518,25.8281],[83.75753,25.82536],[83.77094,25.81628],[83.77899,25.80987],[83.78277,25.80946],[83.7922,25.81412],[83.79442,25.81201],[83.79417,25.80862],[83.79079,25.80409],[83.79488,25.80062],[83.79826,25.79919],[83.80401,25.79494],[83.80816,25.78907],[83.81141,25.7874],[83.81081,25.78517],[83.80401,25.77966],[83.80319,25.77715],[83.80442,25.77512],[83.80725,25.77535],[83.81281,25.77893],[83.82584,25.79036],[83.82964,25.78196],[83.83379,25.78193],[83.83436,25.78468],[83.83127,25.79071],[83.83185,25.79339],[83.83479,25.79283],[83.84038,25.78847],[83.84309,25.78831],[83.84593,25.79113],[83.84725,25.79449],[83.84657,25.79732],[83.84923,25.79853],[83.85225,25.79732],[83.85446,25.79504],[83.86127,25.78001],[83.86967,25.77746],[83.87213,25.77412],[83.87509,25.76513],[83.88743,25.76223],[83.89454,25.75856],[83.89483,25.76015],[83.90031,25.76638],[83.90848,25.76108],[83.90259,25.75677],[83.90154,25.75413],[83.90402,25.75085],[83.90677,25.74996],[83.91055,25.75165],[83.91662,25.75776],[83.91824,25.76834],[83.92164,25.76881],[83.93141,25.76363],[83.93726,25.75939],[83.94215,25.75849],[83.94258,25.75661],[83.94073,25.75247],[83.94643,25.7496],[83.94697,25.74795],[83.94569,25.74594],[83.94184,25.7437],[83.9411,25.74128],[83.94236,25.73863],[83.9446,25.73635],[83.95172,25.73311],[83.95425,25.73123],[83.95299,25.72818],[83.95101,25.72724],[83.94783,25.72847],[83.94483,25.72352],[83.94119,25.72464],[83.93378,25.72494],[83.92802,25.71138],[83.93155,25.70932],[83.94476,25.70474],[83.94548,25.69218],[83.94481,25.68813],[83.94745,25.69008],[83.95286,25.69227],[83.95486,25.69171],[83.95539,25.69027],[83.95264,25.68291],[83.95035,25.68019],[83.94602,25.67786],[83.93952,25.67748],[83.93621,25.67035],[83.93573,25.66534],[83.93382,25.66141],[83.92876,25.65789],[83.92774,25.64988],[83.92445,25.64244],[83.91901,25.63923],[83.91508,25.63813],[83.9144,25.6352],[83.92093,25.62188],[83.92736,25.61859],[83.92941,25.61463],[83.9332,25.60568],[83.93755,25.59211],[83.93455,25.58989],[83.93682,25.58328],[83.93501,25.58197],[83.93195,25.58226],[83.93013,25.58376],[83.92711,25.58908],[83.92529,25.58835],[83.92572,25.57952],[83.92508,25.57038],[83.92237,25.56805],[83.92098,25.56173],[83.91705,25.55849],[83.91357,25.55434],[83.89942,25.53177],[83.89626,25.52827],[83.89281,25.52546],[83.88811,25.52321],[83.88248,25.52146],[83.87692,25.52141],[83.87296,25.5204],[83.86821,25.51163],[83.87126,25.50319],[83.86673,25.4935],[83.86443,25.49062],[83.85978,25.4892],[83.85492,25.48486],[83.85112,25.47372],[83.84788,25.471],[83.83379,25.46296],[83.82935,25.46149],[83.82468,25.46124],[83.82256,25.46202],[83.81474,25.46832],[83.81234,25.4679],[83.81023,25.46592],[83.80672,25.45851],[83.80556,25.4537],[83.80794,25.45325],[83.81037,25.45425],[83.81382,25.4539],[83.81859,25.45295],[83.8215,25.45158],[83.83044,25.45108],[83.83338,25.45015],[83.83752,25.44623],[83.83944,25.44211],[83.83937,25.43878],[83.83837,25.43689],[83.8302,25.43359],[83.82408,25.43324],[83.82065,25.43761],[83.81763,25.43732],[83.80294,25.43286],[83.79671,25.43279],[83.79436,25.43162],[83.7927,25.43016],[83.80319,25.42693],[83.80522,25.42453],[83.80328,25.41811],[83.79937,25.41098],[83.79661,25.40828],[83.78227,25.39873],[83.77068,25.4002],[83.76518,25.39966],[83.76347,25.39861],[83.76225,25.39114],[83.76193,25.38791],[83.74973,25.39206],[83.74972,25.39677],[83.75195,25.39839],[83.75887,25.40051],[83.75806,25.40121],[83.75333,25.40417],[83.7507,25.40497],[83.74809,25.40434],[83.74198,25.40059],[83.7406,25.40021],[83.73785,25.40089],[83.73495,25.40933],[83.73251,25.4106],[83.72945,25.40622],[83.72717,25.3985],[83.72531,25.39767],[83.71806,25.39981],[83.7154,25.39923],[83.70947,25.39525],[83.704,25.38615],[83.70141,25.38585],[83.69894,25.38819],[83.69628,25.39635],[83.69458,25.3961],[83.69278,25.39377],[83.68941,25.38585],[83.67627,25.3817],[83.6752,25.37839],[83.67682,25.37675],[83.68784,25.37414],[83.68897,25.37129],[83.68629,25.36945],[83.67899,25.36658],[83.67222,25.36459],[83.66908,25.36446],[83.66478,25.3669],[83.66021,25.371],[83.65791,25.36921],[83.6602,25.36387],[83.6588,25.36303],[83.65617,25.36366],[83.65021,25.36796],[83.64966,25.36544],[83.6506,25.36157],[83.65022,25.3591],[83.64541,25.35764],[83.64352,25.35444],[83.64658,25.3472],[83.6444,25.345],[83.6425,25.34112],[83.63877,25.34015],[83.63183,25.34205],[83.62997,25.34324],[83.62848,25.34113],[83.62898,25.33791],[83.62836,25.33625],[83.62477,25.33494],[83.62238,25.32952],[83.62006,25.32858],[83.61465,25.33166],[83.61066,25.33259],[83.60722,25.33231],[83.6032,25.33157],[83.58806,25.32644],[83.58389,25.32489],[83.58082,25.32235],[83.57883,25.31727],[83.57788,25.31665],[83.57224,25.31762],[83.56938,25.31013],[83.56417,25.30815],[83.5629,25.30966],[83.56426,25.31585],[83.56088,25.31608],[83.55431,25.31407],[83.55123,25.31389],[83.54748,25.31585],[83.53947,25.31765],[83.53465,25.3152],[83.53363,25.31803],[83.52396,25.32193],[83.52483,25.32491],[83.52455,25.32992],[83.53016,25.34639],[83.53931,25.34732],[83.5409,25.34965],[83.53452,25.35764],[83.5321,25.36187],[83.52919,25.36428],[83.52328,25.3745],[83.52169,25.38005],[83.52303,25.38496],[83.52778,25.39299],[83.51241,25.3986],[83.49612,25.40846],[83.44739,25.44514],[83.43544,25.45539],[83.42512,25.46579],[83.41721,25.47707],[83.41091,25.48424],[83.40515,25.48916],[83.39983,25.48781],[83.38861,25.49127],[83.37218,25.49014],[83.36694,25.48637],[83.36232,25.48523],[83.35706,25.48261],[83.34347,25.47305],[83.34037,25.47207],[83.33177,25.46576],[83.32627,25.46463],[83.32103,25.46523],[83.30986,25.47006],[83.29823,25.47753],[83.29106,25.4858],[83.28634,25.49703],[83.28001,25.50598],[83.2756,25.50915],[83.25924,25.51761],[83.25092,25.52055],[83.23953,25.52601],[83.23333,25.52754],[83.22698,25.52815],[83.22176,25.52767],[83.21301,25.52887],[83.20537,25.53144],[83.19864,25.53224],[83.19187,25.53435],[83.18636,25.53207],[83.18202,25.5288],[83.17792,25.52432],[83.17112,25.51279],[83.16541,25.52599],[83.16156,25.52506],[83.15842,25.52516],[83.1553,25.52394],[83.15033,25.51983],[83.15004,25.51752],[83.15131,25.5144],[83.14965,25.50936],[83.15088,25.50687],[83.15072,25.50526],[83.14845,25.50523],[83.14353,25.50847],[83.13245,25.50863],[83.12366,25.51049],[83.1097,25.52354],[83.10372,25.52678],[83.0993,25.52754],[83.09377,25.52733],[83.09091,25.52593],[83.08997,25.52267],[83.09488,25.51392],[83.09846,25.51082],[83.10524,25.50791],[83.10677,25.50547],[83.10718,25.50242],[83.10638,25.49979],[83.10374,25.49666],[83.10103,25.49596],[83.09877,25.49742],[83.09452,25.5038],[83.08903,25.50584],[83.08874,25.50359],[83.08492,25.49657],[83.08254,25.49425],[83.08053,25.49422],[83.07842,25.49627],[83.06777,25.51567],[83.06209,25.52374],[83.05572,25.53106],[83.05671,25.53421],[83.06288,25.53688],[83.06741,25.53792],[83.06909,25.54059],[83.06718,25.54804],[83.06367,25.55332],[83.0705,25.55867],[83.0743,25.57236],[83.08211,25.57613],[83.07895,25.59169],[83.07083,25.58841],[83.06378,25.59327],[83.06019,25.59747],[83.06243,25.59973],[83.06869,25.60137],[83.06954,25.6074],[83.06892,25.61574],[83.0657,25.61952],[83.06183,25.6217],[83.05874,25.6249],[83.0559,25.63408],[83.05825,25.64722],[83.05849,25.65417],[83.06432,25.65231],[83.07398,25.65292],[83.07931,25.65159],[83.08069,25.65974],[83.08674,25.65902],[83.09074,25.65718],[83.09818,25.65788],[83.11241,25.65619],[83.11612,25.65453],[83.12229,25.64623],[83.1272,25.64253],[83.13183,25.63989],[83.13989,25.63897],[83.143,25.64099],[83.14333,25.64898],[83.1395,25.65587],[83.14241,25.65992],[83.14599,25.66349],[83.1516,25.66623],[83.15669,25.66478],[83.16017,25.66232],[83.16251,25.66268],[83.1637,25.66674],[83.16628,25.66936],[83.16479,25.67449],[83.17092,25.67578],[83.17653,25.67542],[83.17835,25.68999],[83.18266,25.69959],[83.18576,25.70288],[83.19163,25.7044],[83.2041,25.70348],[83.20808,25.70383],[83.20975,25.70581],[83.21313,25.70387],[83.21884,25.70195],[83.22224,25.70489],[83.2257,25.70461],[83.2287,25.70761],[83.23335,25.70857],[83.23243,25.71198],[83.22538,25.71967],[83.22369,25.7243],[83.22058,25.72647],[83.21506,25.72845],[83.20625,25.73456],[83.20625,25.738],[83.21228,25.7516],[83.21006,25.75537],[83.20898,25.76229],[83.20264,25.76427],[83.19969,25.76069],[83.18814,25.76487],[83.18258,25.76829],[83.18286,25.77312],[83.18449,25.77728],[83.187,25.78008],[83.18945,25.77952],[83.19405,25.7749],[83.19763,25.77366],[83.20224,25.77451],[83.2108,25.77225],[83.20982,25.76768],[83.21072,25.76421],[83.21271,25.76211],[83.21599,25.76229],[83.2198,25.7639],[83.2223,25.76587],[83.2241,25.7688],[83.22656,25.76836],[83.22952,25.77043],[83.23129,25.76742],[83.23829,25.76689],[83.2418,25.77331],[83.25175,25.77523],[83.25492,25.77747],[83.25995,25.77889],[83.26266,25.77484],[83.26665,25.7769],[83.26763,25.7705],[83.27112,25.76873],[83.27345,25.76461],[83.27728,25.76242],[83.27739,25.75811],[83.2972,25.75828],[83.29548,25.76549],[83.29178,25.77003],[83.29754,25.77822],[83.29804,25.78184],[83.29688,25.7865],[83.30713,25.78877],[83.30909,25.7968],[83.31413,25.79844],[83.30879,25.80438],[83.31357,25.81034],[83.31664,25.81559],[83.32135,25.81575],[83.3262,25.81331],[83.3316,25.8122],[83.33735,25.81676],[83.34451,25.81718],[83.35505,25.81075],[83.35745,25.80369],[83.36214,25.80041],[83.36675,25.80034],[83.37041,25.80102],[83.37409,25.80632],[83.37741,25.81483],[83.37261,25.81823],[83.37853,25.8209],[83.38355,25.81887],[83.38719,25.82497],[83.39358,25.82429],[83.3952,25.83162],[83.39082,25.83284],[83.3932,25.83942],[83.3995,25.8384],[83.39925,25.8426],[83.41384,25.84552],[83.42046,25.8483],[83.42499,25.84064],[83.42882,25.83995],[83.43043,25.84222],[83.44072,25.84142],[83.4493,25.8476],[83.45116,25.85206],[83.45451,25.85207],[83.45646,25.84904],[83.47171,25.83994],[83.476,25.84258],[83.47818,25.8453],[83.48047,25.8566],[83.48589,25.85864],[83.49053,25.85925],[83.49351,25.86345],[83.4994,25.86605],[83.51347,25.86685],[83.53864,25.8658],[83.5439,25.86618],[83.54683,25.86774],[83.55157,25.8718],[83.56382,25.87464],[83.56885,25.87904],[83.57589,25.87765],[83.57874,25.88163],[83.58839,25.88072],[83.58792,25.88504],[83.59703,25.88224],[83.60165,25.88365],[83.60644,25.88213],[83.61082,25.87435],[83.61819,25.87624],[83.62551,25.86864],[83.62508,25.88227],[83.62593,25.8872],[83.62825,25.89297],[83.63502,25.89315],[83.63891,25.89614],[83.63958,25.89665],[83.651,25.89356],[83.65959,25.88684],[83.6635,25.88086],[83.66737,25.8774],[83.67094,25.87566],[83.67757,25.87561]]]}},{"type":"Feature","properties":{"ID_0":105,"ISO":"IND","NAME_0":"India","ID_1":33,"NAME_1":"Uttar Pradesh","ID_2":522,"NAME_2":"Gonda","NL_NAME_2":null,"VARNAME_2":null,"TYPE_2":"District","ENGTYPE_2":"District","STATE":"Uttar Pradesh","DISTRICT":"Gonda"},"geometry":{"type":"Polygon","coordinates":[[[81.96265,27.44715],[81.96257,27.4444],[81.96713,27.44505],[81.96955,27.44463],[81.9698,27.44194],[81.97295,27.44135],[81.97442,27.43614],[81.97627,27.4352],[81.98139,27.43498],[81.98431,27.43137],[81.9879,27.43035],[81.98806,27.42477],[81.98952,27.42422],[81.99241,27.41716],[81.99332,27.41614],[81.99976,27.415],[82.00346,27.41548],[82.00587,27.41672],[82.01212,27.42179],[82.01805,27.42187],[82.02201,27.42046],[82.02686,27.42298],[82.02887,27.42311],[82.03156,27.4221],[82.03422,27.41904],[82.04045,27.4211],[82.04552,27.42192],[82.04764,27.42118],[82.05254,27.41565],[82.05933,27.41503],[82.0654,27.4118],[82.06812,27.40327],[82.07109,27.40032],[82.07305,27.40028],[82.07544,27.4024],[82.07948,27.40797],[82.08131,27.40625],[82.08477,27.40658],[82.0865,27.40386],[82.09013,27.40144],[82.09131,27.40152],[82.09322,27.40374],[82.09588,27.40937],[82.09859,27.41231],[82.10291,27.41037],[82.10826,27.41031],[82.10904,27.40165],[82.1109,27.39874],[82.11133,27.39572],[82.10167,27.38659],[82.10065,27.38437],[82.10143,27.38112],[82.1024,27.38031],[82.10724,27.37926],[82.11477,27.37833],[82.11752,27.37633],[82.12078,27.37561],[82.12219,27.37353],[82.12256,27.37096],[82.12571,27.36884],[82.12939,27.36753],[82.13345,27.36047],[82.13374,27.35867],[82.13718,27.35369],[82.13766,27.35107],[82.13668,27.34774],[82.1338,27.34416],[82.13361,27.34259],[82.1426,27.33451],[82.14474,27.32901],[82.14698,27.3281],[82.14944,27.32941],[82.15079,27.3318],[82.1566,27.33139],[82.16099,27.32917],[82.16254,27.32906],[82.16473,27.33194],[82.16763,27.33074],[82.17137,27.32792],[82.17338,27.32387],[82.17463,27.32283],[82.18032,27.32545],[82.18262,27.32448],[82.18432,27.31954],[82.19133,27.31682],[82.19556,27.31698],[82.19668,27.31635],[82.1969,27.31524],[82.19488,27.31335],[82.19395,27.31031],[82.20685,27.30601],[82.20968,27.30422],[82.21442,27.3037],[82.22746,27.29055],[82.22984,27.28918],[82.23718,27.2872],[82.23904,27.28302],[82.24364,27.28311],[82.24508,27.28237],[82.24447,27.27304],[82.24758,27.27044],[82.25019,27.27076],[82.25195,27.27188],[82.25672,27.27029],[82.25754,27.26855],[82.26048,27.26712],[82.26376,27.26773],[82.265,27.2668],[82.26615,27.26285],[82.26398,27.25992],[82.26485,27.25866],[82.26681,27.25849],[82.26979,27.25974],[82.26978,27.26044],[82.27592,27.26037],[82.27705,27.26091],[82.2786,27.25714],[82.27652,27.25484],[82.27825,27.25346],[82.28158,27.25284],[82.28619,27.25404],[82.28464,27.24809],[82.28514,27.246],[82.28673,27.24391],[82.29074,27.24155],[82.29247,27.23924],[82.29398,27.23826],[82.29706,27.23793],[82.29758,27.2324],[82.29703,27.2292],[82.29434,27.22474],[82.29344,27.22282],[82.29203,27.22233],[82.28549,27.22217],[82.28085,27.22656],[82.27645,27.23322],[82.27023,27.23923],[82.26471,27.24251],[82.26189,27.24296],[82.25555,27.23707],[82.23622,27.22865],[82.23435,27.22549],[82.23491,27.22153],[82.23123,27.21993],[82.22845,27.21635],[82.22662,27.21074],[82.22677,27.20212],[82.22015,27.19258],[82.21906,27.18979],[82.21748,27.17776],[82.22068,27.17313],[82.22238,27.17262],[82.22274,27.16936],[82.22436,27.16575],[82.22378,27.16418],[82.22562,27.16371],[82.22603,27.16141],[82.23138,27.16366],[82.23311,27.16193],[82.23242,27.15865],[82.22906,27.1539],[82.2572,27.14751],[82.30675,27.12067],[82.33978,27.10002],[82.37075,27.06905],[82.38934,27.05047],[82.43063,27.07112],[82.4492,27.10002],[82.46159,27.12273],[82.47192,27.15576],[82.48642,27.16104],[82.48796,27.15749],[82.48611,27.15526],[82.48595,27.15299],[82.49072,27.15384],[82.49166,27.14457],[82.49308,27.14259],[82.50021,27.13995],[82.49702,27.12738],[82.4977,27.12605],[82.50335,27.13267],[82.50913,27.12903],[82.51166,27.12263],[82.52423,27.12398],[82.52748,27.12232],[82.53368,27.11646],[82.53512,27.10994],[82.53838,27.11362],[82.53931,27.113],[82.5414,27.1059],[82.54105,27.09942],[82.54354,27.09395],[82.54688,27.09334],[82.54738,27.09061],[82.54878,27.08834],[82.55026,27.08835],[82.5514,27.08667],[82.55467,27.08449],[82.55838,27.07789],[82.55952,27.07192],[82.55789,27.07099],[82.55287,27.07256],[82.55086,27.07161],[82.55003,27.06969],[82.55022,27.06539],[82.54866,27.06132],[82.55321,27.05709],[82.55861,27.05698],[82.55867,27.05456],[82.55698,27.05241],[82.55698,27.04964],[82.56513,27.04264],[82.56592,27.04105],[82.56277,27.03965],[82.5626,27.03839],[82.56432,27.03609],[82.5605,27.0311],[82.56284,27.02969],[82.56218,27.02508],[82.56493,27.02288],[82.56876,27.02313],[82.58782,27.0165],[82.60661,27.00836],[82.60474,27.00531],[82.59579,27.00437],[82.58742,27.00458],[82.58067,27.00578],[82.57643,27.00447],[82.57533,27.00017],[82.56799,26.99664],[82.56218,26.99167],[82.55812,26.99264],[82.55447,26.99257],[82.55433,26.9883],[82.55578,26.98464],[82.55586,26.98071],[82.5541,26.97784],[82.55349,26.96918],[82.54726,26.96743],[82.54144,26.96679],[82.53869,26.96173],[82.52906,26.95674],[82.52418,26.95602],[82.51021,26.95635],[82.50444,26.95322],[82.50169,26.947],[82.49392,26.94259],[82.49381,26.93115],[82.49239,26.92503],[82.48824,26.91926],[82.47732,26.90923],[82.47079,26.90846],[82.46354,26.91649],[82.4584,26.92046],[82.44926,26.92538],[82.44504,26.92892],[82.44486,26.93254],[82.4379,26.93516],[82.4362,26.93719],[82.43282,26.93276],[82.43012,26.93156],[82.42752,26.93139],[82.38879,26.95095],[82.38126,26.95188],[82.37933,26.9473],[82.37712,26.94541],[82.3717,26.94484],[82.36902,26.94151],[82.36405,26.94117],[82.35954,26.93641],[82.35706,26.93669],[82.3541,26.93525],[82.34988,26.93554],[82.34581,26.93747],[82.33577,26.94502],[82.32958,26.95121],[82.32274,26.95582],[82.31926,26.95991],[82.31914,26.97051],[82.3169,26.97442],[82.31113,26.98005],[82.30677,26.98126],[82.30164,26.97319],[82.29043,26.96791],[82.28542,26.96144],[82.28092,26.95446],[82.28148,26.95078],[82.27699,26.95023],[82.27403,26.95105],[82.26803,26.94745],[82.2683,26.94473],[82.26626,26.94151],[82.26262,26.94193],[82.25182,26.94615],[82.24059,26.93793],[82.23371,26.93881],[82.22991,26.93182],[82.22637,26.91834],[82.2383,26.90937],[82.2413,26.90491],[82.2403,26.89874],[82.23456,26.8866],[82.22992,26.88008],[82.22285,26.87249],[82.22375,26.86775],[82.23241,26.85914],[82.23019,26.85546],[82.23262,26.84683],[82.23658,26.83979],[82.23904,26.82668],[82.24146,26.8223],[82.24515,26.82222],[82.24647,26.81897],[82.24338,26.81574],[82.23909,26.81645],[82.22814,26.82264],[82.21515,26.81158],[82.20401,26.8194],[82.19629,26.82377],[82.19547,26.83261],[82.1759,26.83738],[82.16611,26.8322],[82.16266,26.83126],[82.15168,26.83484],[82.13811,26.83504],[82.1319,26.83603],[82.12238,26.83127],[82.11852,26.82467],[82.10256,26.82826],[82.09911,26.82685],[82.08025,26.81351],[82.07014,26.81344],[82.05377,26.80826],[82.04749,26.80724],[82.04312,26.80898],[82.02982,26.81101],[82.02628,26.80982],[82.00353,26.79817],[81.99758,26.79119],[81.9902,26.78778],[81.98589,26.78845],[81.97828,26.78427],[81.97119,26.78264],[81.9675,26.78291],[81.93974,26.78735],[81.93216,26.78948],[81.90994,26.79342],[81.90563,26.79557],[81.90248,26.80076],[81.89556,26.81608],[81.89082,26.82261],[81.88121,26.83334],[81.87498,26.83718],[81.87141,26.83795],[81.8516,26.84027],[81.84778,26.83943],[81.83916,26.84063],[81.83388,26.84222],[81.8218,26.84758],[81.81252,26.85378],[81.79862,26.86603],[81.79491,26.86836],[81.77525,26.8733],[81.7701,26.87603],[81.75704,26.8884],[81.7513,26.8886],[81.74555,26.88978],[81.74155,26.89256],[81.72518,26.90918],[81.71861,26.92116],[81.71517,26.92383],[81.70779,26.92501],[81.70722,26.92755],[81.70795,26.93603],[81.70997,26.94037],[81.71203,26.94284],[81.72177,26.95024],[81.72275,26.95391],[81.72176,26.95805],[81.71909,26.96065],[81.71616,26.96129],[81.69693,26.96203],[81.69029,26.96173],[81.66408,26.96881],[81.6543,26.9687],[81.64812,26.96695],[81.64446,26.97677],[81.64786,26.98027],[81.64693,26.98503],[81.6437,26.99206],[81.64429,26.99596],[81.6432,27.00552],[81.64461,27.00922],[81.63998,27.01014],[81.63506,27.01187],[81.63165,27.01392],[81.63078,27.01519],[81.63039,27.01861],[81.62386,27.02155],[81.61808,27.02317],[81.60459,27.02569],[81.59203,27.02581],[81.58669,27.02403],[81.58052,27.01982],[81.57187,27.01582],[81.56829,27.01692],[81.55566,27.02791],[81.55264,27.03405],[81.55653,27.03645],[81.56676,27.04385],[81.56765,27.04639],[81.56342,27.05135],[81.5589,27.05178],[81.55544,27.05351],[81.54972,27.05486],[81.53472,27.05142],[81.52777,27.05159],[81.52023,27.05312],[81.51561,27.05471],[81.51261,27.05669],[81.50675,27.05827],[81.50225,27.0603],[81.49896,27.06053],[81.49732,27.06393],[81.49928,27.06812],[81.50078,27.07722],[81.50633,27.08774],[81.50907,27.08866],[81.5179,27.08872],[81.52118,27.08859],[81.52412,27.08757],[81.52982,27.08013],[81.53168,27.07837],[81.53411,27.07744],[81.53503,27.07838],[81.53363,27.08083],[81.53293,27.08612],[81.53509,27.08774],[81.53818,27.0871],[81.54095,27.08768],[81.53542,27.095],[81.53371,27.1003],[81.53828,27.10499],[81.54745,27.11139],[81.54879,27.11365],[81.55496,27.11855],[81.55788,27.12176],[81.55986,27.12836],[81.56671,27.12756],[81.56624,27.12473],[81.57182,27.12239],[81.57896,27.11745],[81.57993,27.11803],[81.58028,27.12118],[81.58477,27.12999],[81.58823,27.13309],[81.58824,27.13764],[81.59402,27.13937],[81.59681,27.14261],[81.59784,27.14623],[81.60643,27.14412],[81.61495,27.14391],[81.61966,27.14248],[81.62234,27.1425],[81.62272,27.14582],[81.62137,27.15296],[81.6216,27.15842],[81.62253,27.16033],[81.62484,27.16136],[81.63027,27.16023],[81.63383,27.1585],[81.63461,27.15885],[81.6344,27.16224],[81.63257,27.16614],[81.63457,27.17315],[81.63676,27.18363],[81.63368,27.18405],[81.6306,27.1823],[81.62914,27.18266],[81.6284,27.18518],[81.62917,27.18701],[81.63228,27.18957],[81.63241,27.19256],[81.63875,27.1936],[81.64042,27.19617],[81.64047,27.20053],[81.64164,27.20252],[81.64397,27.20389],[81.64617,27.20972],[81.65229,27.20538],[81.65612,27.20448],[81.65684,27.20518],[81.6535,27.21232],[81.65435,27.21621],[81.65297,27.21852],[81.65612,27.22183],[81.65249,27.22461],[81.65086,27.22719],[81.65126,27.23046],[81.65527,27.23662],[81.65587,27.23961],[81.65987,27.24359],[81.66858,27.24238],[81.67378,27.24315],[81.67475,27.24624],[81.67227,27.25762],[81.67332,27.26048],[81.67506,27.26265],[81.67815,27.26418],[81.68876,27.26805],[81.69217,27.27117],[81.69489,27.27553],[81.6974,27.28502],[81.69737,27.29857],[81.69541,27.30019],[81.67443,27.30654],[81.66887,27.30932],[81.66862,27.31306],[81.67023,27.31919],[81.67431,27.32462],[81.67711,27.32546],[81.68528,27.32631],[81.68822,27.32548],[81.70721,27.32564],[81.7092,27.32637],[81.71241,27.33014],[81.71346,27.33213],[81.71465,27.331],[81.71851,27.33263],[81.72084,27.33479],[81.72695,27.33715],[81.72944,27.33398],[81.73352,27.33475],[81.73596,27.33336],[81.73683,27.32945],[81.74123,27.32666],[81.74197,27.32413],[81.7455,27.32319],[81.74776,27.32013],[81.75105,27.31762],[81.75392,27.31714],[81.7579,27.31895],[81.76074,27.31496],[81.76369,27.31323],[81.76749,27.3151],[81.7702,27.30961],[81.76773,27.30533],[81.76581,27.30426],[81.76661,27.30063],[81.77389,27.29765],[81.77654,27.30004],[81.77955,27.3011],[81.78629,27.30042],[81.78631,27.29537],[81.7891,27.29317],[81.79018,27.29121],[81.78984,27.28874],[81.78519,27.28522],[81.78932,27.28031],[81.79635,27.27803],[81.80111,27.27275],[81.80566,27.27185],[81.80827,27.27791],[81.81022,27.27945],[81.81353,27.27684],[81.81634,27.27629],[81.81655,27.27916],[81.81954,27.28385],[81.82601,27.28408],[81.82854,27.28716],[81.83105,27.29609],[81.82796,27.30203],[81.82862,27.30489],[81.83515,27.31762],[81.8389,27.32943],[81.84204,27.32889],[81.84426,27.33391],[81.84708,27.33199],[81.8478,27.33497],[81.8513,27.33133],[81.86424,27.33759],[81.86635,27.33739],[81.86756,27.33573],[81.86701,27.33205],[81.87025,27.33467],[81.87397,27.33648],[81.87687,27.33651],[81.88027,27.33097],[81.88038,27.32867],[81.88216,27.32727],[81.88277,27.32331],[81.88521,27.32289],[81.88979,27.326],[81.89172,27.32634],[81.89472,27.32562],[81.90359,27.32164],[81.90679,27.32115],[81.90898,27.32228],[81.91307,27.32723],[81.91325,27.33251],[81.91109,27.33529],[81.90421,27.33817],[81.9003,27.3406],[81.89976,27.34342],[81.90088,27.34623],[81.90806,27.3523],[81.90898,27.35569],[81.9026,27.35855],[81.90563,27.36163],[81.90591,27.36375],[81.90125,27.3674],[81.89938,27.37115],[81.8998,27.37493],[81.90168,27.37927],[81.90578,27.37862],[81.90806,27.38136],[81.91508,27.38697],[81.91875,27.38556],[81.92221,27.38565],[81.93088,27.39282],[81.92976,27.39558],[81.92715,27.39795],[81.92369,27.39961],[81.92461,27.41422],[81.9184,27.41639],[81.91965,27.42079],[81.92235,27.42525],[81.92805,27.4267],[81.92996,27.43155],[81.93338,27.43337],[81.93279,27.43762],[81.93385,27.44295],[81.93503,27.44328],[81.93842,27.44176],[81.93832,27.43855],[81.94372,27.44069],[81.94555,27.43591],[81.95084,27.43978],[81.95224,27.43926],[81.95489,27.44089],[81.95854,27.4458],[81.96066,27.44727],[81.96265,27.44715]]]}},{"type":"Feature","properties":{"ID_0":105,"ISO":"IND","NAME_0":"India","ID_1":33,"NAME_1":"Uttar Pradesh","ID_2":523,"NAME_2":"Gorakhpur","NL_NAME_2":null,"VARNAME_2":"Goruckpur","TYPE_2":"District","ENGTYPE_2":"District","STATE":"Uttar Pradesh","DISTRICT":"Gorakhpur"},"geometry":{"type":"Polygon","coordinates":[[[83.23071,26.97825],[83.23841,26.97589],[83.24726,26.97715],[83.2527,26.98005],[83.2588,26.97844],[83.26205,26.97529],[83.26035,26.97396],[83.26102,26.97178],[83.26463,26.96491],[83.26883,26.96172],[83.26971,26.9573],[83.27637,26.95636],[83.2818,26.95731],[83.27851,26.9454],[83.28021,26.93467],[83.28246,26.93112],[83.29222,26.92439],[83.29265,26.91877],[83.30063,26.90618],[83.30363,26.90493],[83.31593,26.90702],[83.31637,26.90892],[83.31548,26.91121],[83.31003,26.91514],[83.31244,26.91883],[83.31239,26.92251],[83.31955,26.92394],[83.32828,26.93709],[83.33186,26.93803],[83.33237,26.9427],[83.328,26.94519],[83.33161,26.94907],[83.33173,26.95137],[83.32705,26.95443],[83.32653,26.95741],[83.34447,26.95536],[83.34929,26.96526],[83.35534,26.96454],[83.3595,26.9629],[83.36848,26.96192],[83.38316,26.96131],[83.42037,26.96203],[83.42619,26.96069],[83.42444,26.95591],[83.42144,26.95185],[83.42106,26.94957],[83.4263,26.94931],[83.43646,26.95304],[83.44048,26.95352],[83.44743,26.95235],[83.45102,26.95099],[83.45944,26.94557],[83.46734,26.94211],[83.46658,26.93527],[83.46154,26.93289],[83.46179,26.92933],[83.46722,26.92843],[83.46812,26.92234],[83.47403,26.9218],[83.47379,26.91898],[83.47556,26.91629],[83.4754,26.91422],[83.48696,26.91238],[83.48549,26.90192],[83.52164,26.89715],[83.5275,26.89482],[83.53759,26.8928],[83.53017,26.86708],[83.52148,26.86434],[83.51929,26.86255],[83.51868,26.85737],[83.52175,26.85549],[83.53936,26.84828],[83.53893,26.84259],[83.55073,26.83913],[83.55206,26.82863],[83.55591,26.82566],[83.55701,26.82307],[83.56073,26.81976],[83.56628,26.81903],[83.56921,26.81767],[83.5835,26.79727],[83.58527,26.79263],[83.58257,26.78762],[83.58147,26.78233],[83.58343,26.77721],[83.58317,26.7729],[83.57755,26.77208],[83.57662,26.76432],[83.58698,26.76131],[83.59723,26.7605],[83.60028,26.76154],[83.6047,26.75874],[83.60884,26.75863],[83.61072,26.7563],[83.60833,26.75192],[83.60509,26.7503],[83.6036,26.74822],[83.60236,26.73799],[83.60448,26.73421],[83.60899,26.73038],[83.6143,26.72895],[83.61401,26.71642],[83.61136,26.71567],[83.60993,26.70653],[83.60717,26.70611],[83.61205,26.70044],[83.61494,26.69488],[83.61701,26.68265],[83.61683,26.67632],[83.61553,26.67068],[83.62222,26.66021],[83.62086,26.65457],[83.6209,26.65088],[83.62359,26.64837],[83.62241,26.64491],[83.62481,26.62544],[83.61905,26.62139],[83.61404,26.61913],[83.61043,26.61906],[83.61025,26.61676],[83.61143,26.61315],[83.61059,26.60722],[83.61209,26.60355],[83.62074,26.59687],[83.62223,26.59324],[83.62138,26.58858],[83.6218,26.58439],[83.61776,26.58293],[83.6209,26.57917],[83.6209,26.57709],[83.61729,26.57058],[83.61165,26.57429],[83.60715,26.57112],[83.60642,26.56732],[83.6077,26.56181],[83.6068,26.55634],[83.60284,26.5545],[83.60187,26.55201],[83.59966,26.54955],[83.60149,26.54522],[83.6008,26.54166],[83.59484,26.53284],[83.5947,26.52204],[83.59264,26.5176],[83.58809,26.51557],[83.58237,26.51458],[83.57058,26.51579],[83.56545,26.51502],[83.56208,26.51264],[83.55588,26.51129],[83.54955,26.51317],[83.54549,26.5128],[83.54253,26.50985],[83.54648,26.50332],[83.54595,26.49884],[83.5442,26.49463],[83.54072,26.49192],[83.53699,26.49219],[83.53453,26.50051],[83.53219,26.50268],[83.52515,26.49794],[83.52148,26.49666],[83.50803,26.50171],[83.50623,26.49693],[83.49794,26.49775],[83.49115,26.49726],[83.48623,26.49304],[83.48304,26.48917],[83.48021,26.4833],[83.47988,26.47928],[83.48132,26.47502],[83.48468,26.46901],[83.48448,26.46492],[83.48145,26.46382],[83.47295,26.46568],[83.47038,26.46468],[83.47239,26.46015],[83.48285,26.444],[83.48933,26.43753],[83.49,26.43408],[83.48939,26.42535],[83.50144,26.41903],[83.48314,26.40911],[83.47874,26.40513],[83.47871,26.39914],[83.48074,26.39462],[83.48527,26.39205],[83.48886,26.39368],[83.49419,26.40174],[83.5022,26.40167],[83.51515,26.40317],[83.51865,26.40129],[83.5182,26.39732],[83.507,26.38922],[83.50464,26.38605],[83.50688,26.38417],[83.51215,26.38453],[83.5219,26.38762],[83.52656,26.38668],[83.52542,26.37741],[83.52808,26.36628],[83.53056,26.36042],[83.53446,26.35664],[83.53909,26.35696],[83.54291,26.36267],[83.54881,26.37826],[83.55176,26.37897],[83.56103,26.37418],[83.56253,26.37763],[83.55907,26.38089],[83.55743,26.38474],[83.55443,26.38749],[83.54119,26.38973],[83.53972,26.39155],[83.54394,26.39519],[83.55722,26.39555],[83.56918,26.39991],[83.57515,26.4004],[83.57733,26.39741],[83.57755,26.39242],[83.57183,26.38073],[83.57029,26.37584],[83.57195,26.36705],[83.57626,26.36235],[83.5811,26.36047],[83.6022,26.37165],[83.60516,26.36903],[83.60564,26.36638],[83.60249,26.36223],[83.59796,26.35847],[83.59375,26.3534],[83.59275,26.34937],[83.59748,26.34743],[83.60427,26.34689],[83.61127,26.34485],[83.60367,26.33625],[83.60757,26.333],[83.61083,26.33156],[83.61285,26.32664],[83.61451,26.32503],[83.61629,26.32521],[83.62362,26.33042],[83.62758,26.33123],[83.63071,26.32987],[83.62999,26.32556],[83.62298,26.32231],[83.61778,26.32103],[83.61596,26.31883],[83.61218,26.30226],[83.61459,26.30049],[83.62214,26.30271],[83.63971,26.31709],[83.64913,26.32183],[83.65405,26.32042],[83.65825,26.3167],[83.6609,26.31188],[83.663,26.30292],[83.66196,26.29142],[83.65973,26.28825],[83.65542,26.28518],[83.63466,26.27758],[83.63198,26.27263],[83.62857,26.24932],[83.62634,26.24226],[83.62551,26.23575],[83.62566,26.2257],[83.6198,26.2205],[83.60953,26.22892],[83.6002,26.23502],[83.60281,26.24136],[83.60909,26.24816],[83.59736,26.24829],[83.59407,26.2523],[83.58273,26.25144],[83.57358,26.25427],[83.56991,26.25167],[83.56284,26.2548],[83.55589,26.25909],[83.54871,26.26463],[83.52523,26.27993],[83.50027,26.28114],[83.49888,26.28004],[83.47739,26.28355],[83.46864,26.28373],[83.44938,26.28105],[83.43926,26.27571],[83.43167,26.27365],[83.42007,26.27451],[83.40924,26.27698],[83.39188,26.28712],[83.39211,26.29919],[83.38085,26.30804],[83.35412,26.33203],[83.34422,26.33719],[83.33465,26.3465],[83.33054,26.3516],[83.32804,26.35308],[83.3223,26.34879],[83.31794,26.34813],[83.30983,26.35308],[83.30207,26.35229],[83.29547,26.35322],[83.28698,26.35674],[83.27899,26.3614],[83.24301,26.38543],[83.22184,26.39631],[83.21369,26.39804],[83.18681,26.3982],[83.17554,26.40082],[83.16006,26.39899],[83.15408,26.39985],[83.13853,26.39475],[83.12565,26.3881],[83.11819,26.39035],[83.1125,26.39363],[83.10414,26.39484],[83.08895,26.39569],[83.08465,26.39487],[83.08138,26.39248],[83.07767,26.39378],[83.07427,26.39639],[83.0722,26.39965],[83.06802,26.40336],[83.06141,26.41118],[83.07271,26.41874],[83.07306,26.42501],[83.07878,26.42402],[83.0821,26.42807],[83.08669,26.42845],[83.08886,26.43531],[83.08489,26.43787],[83.08788,26.44254],[83.08951,26.44962],[83.08864,26.45749],[83.07687,26.47171],[83.07939,26.47804],[83.0827,26.48286],[83.08736,26.48714],[83.09912,26.49218],[83.13203,26.49833],[83.14156,26.50346],[83.15923,26.50934],[83.16102,26.50831],[83.16286,26.50459],[83.16555,26.50157],[83.17535,26.49601],[83.17693,26.4925],[83.18062,26.49224],[83.18401,26.49504],[83.18718,26.50086],[83.18821,26.50645],[83.18694,26.51619],[83.1879,26.52006],[83.19256,26.52337],[83.19595,26.5274],[83.19187,26.53199],[83.18147,26.53541],[83.17767,26.53349],[83.17353,26.52996],[83.1683,26.53038],[83.16197,26.53373],[83.15581,26.53839],[83.14908,26.54225],[83.14541,26.54556],[83.13969,26.55863],[83.13173,26.56563],[83.13347,26.56852],[83.13625,26.57015],[83.13555,26.57521],[83.13293,26.5803],[83.1303,26.58287],[83.12965,26.59367],[83.12775,26.59842],[83.1211,26.60027],[83.11569,26.60017],[83.11064,26.59737],[83.10827,26.60294],[83.10363,26.60784],[83.10035,26.61374],[83.09978,26.61913],[83.10298,26.62261],[83.10646,26.62441],[83.10965,26.62484],[83.11168,26.62388],[83.11839,26.6272],[83.12219,26.63361],[83.12562,26.63644],[83.126,26.64019],[83.12249,26.64148],[83.12271,26.64413],[83.12504,26.6506],[83.12304,26.65396],[83.12298,26.65833],[83.11917,26.6625],[83.11428,26.66275],[83.0985,26.66153],[83.09366,26.66208],[83.09283,26.66573],[83.09529,26.66933],[83.0973,26.67497],[83.10649,26.6843],[83.10758,26.68746],[83.10477,26.69003],[83.10139,26.68972],[83.09786,26.68636],[83.09413,26.68568],[83.09087,26.68693],[83.08665,26.69168],[83.08276,26.69256],[83.08063,26.69398],[83.08041,26.70266],[83.076,26.704],[83.08041,26.71841],[83.08455,26.72274],[83.08856,26.72335],[83.09188,26.72177],[83.09392,26.71811],[83.09994,26.71534],[83.10036,26.71689],[83.09843,26.72285],[83.09825,26.72654],[83.10049,26.72695],[83.1081,26.72437],[83.11076,26.72547],[83.11162,26.72882],[83.12011,26.73157],[83.12424,26.73144],[83.12499,26.73402],[83.12309,26.73804],[83.12794,26.74245],[83.13292,26.7454],[83.13581,26.74957],[83.13246,26.75913],[83.13522,26.76249],[83.13482,26.77082],[83.13292,26.7738],[83.12831,26.77635],[83.12647,26.78076],[83.12457,26.78132],[83.1226,26.77993],[83.12122,26.77187],[83.11896,26.76979],[83.11324,26.7682],[83.10796,26.76764],[83.10311,26.77001],[83.10283,26.77794],[83.10563,26.78176],[83.10348,26.79363],[83.09605,26.80214],[83.09055,26.81134],[83.09422,26.81189],[83.10031,26.81441],[83.10502,26.81548],[83.11093,26.82242],[83.11578,26.83366],[83.11083,26.83776],[83.11138,26.84104],[83.1105,26.84471],[83.11307,26.85071],[83.11803,26.85144],[83.12289,26.86095],[83.12526,26.86798],[83.12414,26.87108],[83.12646,26.87362],[83.12657,26.8765],[83.12469,26.87946],[83.12446,26.88279],[83.12763,26.89081],[83.12964,26.8933],[83.13538,26.88765],[83.14201,26.87885],[83.14777,26.87538],[83.15144,26.87708],[83.15602,26.88395],[83.159,26.88461],[83.16559,26.88017],[83.19812,26.88458],[83.20751,26.8877],[83.20618,26.89297],[83.20796,26.89856],[83.20627,26.90234],[83.20448,26.90434],[83.19897,26.90763],[83.19551,26.91129],[83.19844,26.9131],[83.20555,26.91073],[83.20996,26.91077],[83.2121,26.91273],[83.21315,26.91498],[83.21203,26.91888],[83.2098,26.92145],[83.20019,26.92903],[83.20163,26.93145],[83.20205,26.93473],[83.20055,26.93903],[83.20174,26.9407],[83.2048,26.94049],[83.2105,26.93588],[83.21584,26.93723],[83.21766,26.9404],[83.21749,26.94431],[83.21571,26.94637],[83.20658,26.95211],[83.19891,26.9482],[83.19626,26.94583],[83.1925,26.94444],[83.18932,26.94452],[83.18616,26.94818],[83.18633,26.95087],[83.19321,26.95178],[83.19823,26.95602],[83.19897,26.95798],[83.19607,26.9625],[83.18644,26.97133],[83.19575,26.97083],[83.20085,26.97173],[83.20579,26.9736],[83.20966,26.97621],[83.21648,26.98252],[83.21739,26.98679],[83.21665,26.99045],[83.21209,26.99652],[83.21116,26.99735],[83.21276,26.99934],[83.217,27.00353],[83.21962,26.99776],[83.22249,26.98584],[83.22444,26.98206],[83.23071,26.97825]]]}},{"type":"Feature","properties":{"ID_0":105,"ISO":"IND","NAME_0":"India","ID_1":33,"NAME_1":"Uttar Pradesh","ID_2":524,"NAME_2":"Hamirpur","NL_NAME_2":null,"VARNAME_2":null,"TYPE_2":"District","ENGTYPE_2":"District","STATE":"Uttar Pradesh","DISTRICT":"Hamirpur"},"geometry":{"type":"Polygon","coordinates":[[[79.96869,26.07426],[79.98446,26.07199],[79.99132,26.07388],[80.00405,26.07265],[80.01884,26.07477],[80.03337,26.07767],[80.0447,26.08047],[80.05634,26.08358],[80.06686,26.08493],[80.07948,26.08462],[80.08654,26.08298],[80.09475,26.07572],[80.09932,26.06894],[80.10457,26.05968],[80.10562,26.05101],[80.10336,26.03897],[80.09977,26.02961],[80.09566,26.02399],[80.08804,26.01741],[80.08176,26.01585],[80.07733,26.01332],[80.075,26.0102],[80.07532,26.00529],[80.07621,26.00363],[80.08825,25.99662],[80.10311,25.99265],[80.10778,25.99239],[80.12064,25.98573],[80.12753,25.98055],[80.13302,25.97213],[80.14036,25.96722],[80.15865,25.95953],[80.18668,25.95298],[80.19908,25.92886],[80.20203,25.92506],[80.20564,25.92228],[80.22814,25.92738],[80.23775,25.9298],[80.25549,25.93581],[80.26294,25.93559],[80.27021,25.93032],[80.27612,25.92403],[80.28676,25.90471],[80.29266,25.89827],[80.29955,25.89397],[80.30582,25.89211],[80.31395,25.8928],[80.33817,25.90103],[80.34151,25.90359],[80.341,25.9001],[80.34394,25.87457],[80.3414,25.8707],[80.33667,25.87069],[80.32462,25.8545],[80.323,25.8504],[80.31834,25.84848],[80.30441,25.85016],[80.29859,25.84978],[80.293,25.84811],[80.28647,25.84474],[80.28237,25.84005],[80.28936,25.82477],[80.28602,25.82226],[80.27844,25.81765],[80.27323,25.81936],[80.26942,25.82302],[80.26176,25.81771],[80.25369,25.81046],[80.24809,25.8138],[80.24427,25.81486],[80.23698,25.81128],[80.2303,25.80929],[80.22548,25.80587],[80.22292,25.80237],[80.22506,25.79898],[80.2271,25.79779],[80.23567,25.79698],[80.25328,25.7919],[80.25507,25.78968],[80.25443,25.78768],[80.25918,25.78556],[80.25967,25.7821],[80.26215,25.77612],[80.26769,25.77262],[80.28297,25.77033],[80.29651,25.7659],[80.30611,25.75661],[80.31046,25.75386],[80.31736,25.74756],[80.31999,25.74435],[80.32072,25.74064],[80.32038,25.73709],[80.32101,25.73644],[80.32553,25.73229],[80.32907,25.73072],[80.33599,25.72488],[80.33894,25.72136],[80.34261,25.70977],[80.34084,25.70515],[80.32721,25.71219],[80.31741,25.71384],[80.31241,25.71338],[80.30573,25.70903],[80.2956,25.69792],[80.29587,25.6863],[80.29753,25.6819],[80.30115,25.6779],[80.30669,25.66576],[80.30886,25.64966],[80.30521,25.64509],[80.29735,25.63795],[80.29324,25.63563],[80.28912,25.63474],[80.28007,25.63321],[80.27484,25.63143],[80.26786,25.62468],[80.27623,25.61628],[80.28008,25.61435],[80.28223,25.61177],[80.27515,25.60122],[80.27134,25.58854],[80.26911,25.58554],[80.26273,25.58666],[80.25993,25.58839],[80.25616,25.58881],[80.25353,25.59003],[80.25244,25.5916],[80.24427,25.59201],[80.23354,25.5797],[80.23113,25.57165],[80.22472,25.56425],[80.21664,25.56178],[80.2085,25.56145],[80.20619,25.55885],[80.20074,25.54044],[80.19998,25.53562],[80.19812,25.53152],[80.20593,25.53181],[80.21182,25.52984],[80.21024,25.5174],[80.21602,25.51203],[80.21399,25.50874],[80.21484,25.50516],[80.21011,25.49911],[80.20582,25.4992],[80.20289,25.49759],[80.20426,25.49239],[80.21181,25.48693],[80.21074,25.48189],[80.21375,25.47946],[80.216,25.47516],[80.20293,25.47464],[80.19761,25.48822],[80.19213,25.48338],[80.1856,25.47161],[80.18699,25.45403],[80.18246,25.44664],[80.14135,25.46216],[80.13652,25.46283],[80.13119,25.46098],[80.13039,25.45624],[80.12224,25.43157],[80.1164,25.42401],[80.11365,25.41923],[80.11269,25.4156],[80.11295,25.41206],[80.1041,25.40709],[80.09896,25.40548],[80.09589,25.40638],[80.09106,25.40946],[80.08863,25.41272],[80.08293,25.41718],[80.07387,25.4196],[80.06789,25.4236],[80.06243,25.42929],[80.05878,25.42908],[80.05574,25.43153],[80.04728,25.43062],[80.0441,25.42885],[80.02258,25.43659],[80.01927,25.44089],[80.01976,25.44523],[80.01612,25.44895],[80.01684,25.4547],[80.02284,25.46181],[80.02436,25.46937],[80.02785,25.4764],[80.02915,25.48324],[80.02737,25.49635],[80.01066,25.4911],[80.00467,25.49098],[79.99196,25.49365],[79.98885,25.49601],[79.99104,25.49931],[79.9896,25.50012],[79.98924,25.50293],[79.99197,25.50636],[79.99612,25.51128],[80.00113,25.51554],[79.99977,25.52478],[79.99286,25.53187],[79.99195,25.53678],[79.98583,25.53933],[79.97668,25.53979],[79.97457,25.54056],[79.9864,25.5476],[79.99197,25.55365],[80.00353,25.55651],[80.00644,25.55867],[80.004,25.56055],[80.00462,25.5731],[80.00712,25.57823],[80.013,25.585],[80.01768,25.59315],[80.0085,25.59364],[79.99931,25.59931],[79.99191,25.61088],[79.99286,25.61713],[79.99308,25.62145],[79.99189,25.62226],[79.98566,25.62235],[79.98354,25.62351],[79.97191,25.63567],[79.96076,25.64194],[79.9493,25.64671],[79.94681,25.6473],[79.94471,25.64682],[79.94131,25.63851],[79.93659,25.633],[79.93642,25.63103],[79.94096,25.62538],[79.94968,25.61735],[79.94785,25.61222],[79.94007,25.60181],[79.93997,25.60048],[79.93429,25.59724],[79.92987,25.59655],[79.92224,25.59718],[79.91605,25.59951],[79.90562,25.60144],[79.89989,25.59875],[79.89684,25.59485],[79.89243,25.59221],[79.89247,25.5906],[79.89006,25.58841],[79.88831,25.58488],[79.88489,25.58281],[79.87008,25.58216],[79.86578,25.58164],[79.86319,25.58034],[79.85819,25.57425],[79.85656,25.56976],[79.85551,25.56257],[79.85133,25.55234],[79.84942,25.5503],[79.84386,25.54902],[79.84049,25.55136],[79.82278,25.55403],[79.8192,25.55367],[79.8162,25.55187],[79.81483,25.54316],[79.81873,25.5383],[79.82066,25.532],[79.81982,25.52971],[79.81472,25.52666],[79.81287,25.52358],[79.81065,25.51908],[79.80618,25.50389],[79.80515,25.5027],[79.80118,25.50198],[79.79603,25.50348],[79.79687,25.5095],[79.78853,25.51115],[79.77415,25.51862],[79.76411,25.52177],[79.75883,25.52649],[79.75737,25.52898],[79.75652,25.53744],[79.75507,25.5409],[79.74937,25.53079],[79.74744,25.5215],[79.7451,25.52124],[79.73368,25.52774],[79.73112,25.53047],[79.73595,25.54347],[79.73618,25.54726],[79.73537,25.55163],[79.73405,25.55309],[79.72949,25.5544],[79.72191,25.55828],[79.71904,25.56463],[79.70603,25.57132],[79.69071,25.56593],[79.68993,25.56283],[79.69366,25.56049],[79.69479,25.55922],[79.69502,25.55731],[79.69349,25.55544],[79.68557,25.55179],[79.68034,25.5507],[79.66572,25.55017],[79.66233,25.55124],[79.661,25.55413],[79.65819,25.55634],[79.65497,25.55632],[79.65276,25.55532],[79.65131,25.55124],[79.65196,25.54665],[79.65714,25.54274],[79.65791,25.54003],[79.65426,25.53421],[79.65819,25.52647],[79.6584,25.51774],[79.65562,25.51685],[79.63898,25.51496],[79.6362,25.51384],[79.63321,25.51141],[79.63368,25.50864],[79.63492,25.50673],[79.63748,25.50612],[79.63857,25.50474],[79.63835,25.50337],[79.63604,25.50167],[79.63506,25.49863],[79.63655,25.4966],[79.63681,25.49264],[79.63673,25.49074],[79.63439,25.48905],[79.62994,25.48886],[79.62133,25.4912],[79.61958,25.4911],[79.61297,25.48743],[79.60757,25.48766],[79.59978,25.49366],[79.59943,25.49688],[79.59669,25.49933],[79.59621,25.50088],[79.59209,25.50225],[79.58766,25.50195],[79.58532,25.50025],[79.58083,25.49254],[79.57669,25.49545],[79.57253,25.49366],[79.56912,25.491],[79.56316,25.48428],[79.55849,25.48145],[79.55763,25.4822],[79.55624,25.48257],[79.55475,25.48441],[79.55434,25.48661],[79.55644,25.49618],[79.55495,25.49642],[79.53186,25.497],[79.52984,25.49512],[79.52871,25.49065],[79.52717,25.48814],[79.52289,25.4867],[79.51799,25.48869],[79.51601,25.49761],[79.51416,25.49935],[79.51237,25.49972],[79.50885,25.499],[79.50745,25.49724],[79.50596,25.49289],[79.50437,25.49153],[79.49929,25.49255],[79.48927,25.49782],[79.48457,25.49884],[79.47597,25.49456],[79.4696,25.49939],[79.46719,25.50292],[79.45897,25.51138],[79.45161,25.50956],[79.44579,25.51059],[79.43554,25.51453],[79.42574,25.51066],[79.41905,25.50957],[79.41373,25.51295],[79.40585,25.51618],[79.40086,25.52023],[79.39622,25.52272],[79.39371,25.52164],[79.3903,25.52201],[79.38111,25.52686],[79.39081,25.53424],[79.39747,25.54148],[79.40087,25.5465],[79.40255,25.5504],[79.40189,25.55424],[79.39954,25.55846],[79.39449,25.56856],[79.39433,25.57224],[79.39827,25.57582],[79.40899,25.57808],[79.41021,25.57891],[79.41281,25.58229],[79.41199,25.58598],[79.41006,25.58818],[79.40533,25.58846],[79.38871,25.58315],[79.38324,25.58204],[79.38128,25.58229],[79.37786,25.5864],[79.37277,25.59569],[79.37132,25.60024],[79.36673,25.60774],[79.3666,25.6147],[79.37037,25.62547],[79.36822,25.62911],[79.3594,25.63757],[79.35361,25.64543],[79.35271,25.64819],[79.35361,25.65157],[79.35993,25.65406],[79.36695,25.65491],[79.37334,25.65301],[79.38734,25.65237],[79.39339,25.65377],[79.39593,25.65517],[79.39803,25.65773],[79.39562,25.66207],[79.37925,25.66434],[79.37443,25.66725],[79.37119,25.67038],[79.37041,25.67418],[79.37679,25.6832],[79.37918,25.68806],[79.37939,25.69024],[79.37815,25.69289],[79.36718,25.70023],[79.36582,25.70156],[79.36484,25.70427],[79.36459,25.71018],[79.366,25.72069],[79.3734,25.7274],[79.38544,25.73464],[79.39188,25.74137],[79.39265,25.74348],[79.39204,25.74567],[79.39001,25.74643],[79.37655,25.74799],[79.36746,25.75147],[79.36608,25.75337],[79.36567,25.75556],[79.36652,25.76577],[79.35908,25.77245],[79.35732,25.77321],[79.35563,25.77546],[79.35546,25.77718],[79.35624,25.77954],[79.36175,25.78156],[79.36649,25.78174],[79.37587,25.77993],[79.38103,25.78012],[79.38711,25.7815],[79.39077,25.78342],[79.39245,25.78525],[79.39388,25.78885],[79.39379,25.7935],[79.39265,25.79828],[79.38984,25.8014],[79.39169,25.81121],[79.39463,25.81342],[79.40089,25.81516],[79.41088,25.81316],[79.42156,25.80773],[79.42757,25.80245],[79.4321,25.79632],[79.43655,25.79329],[79.44202,25.79197],[79.44593,25.7921],[79.45206,25.7936],[79.4557,25.7965],[79.45725,25.79988],[79.45775,25.80561],[79.45686,25.81125],[79.45177,25.82107],[79.45089,25.8248],[79.45163,25.8291],[79.45597,25.83476],[79.4717,25.84856],[79.47748,25.85206],[79.48621,25.85934],[79.49357,25.86323],[79.49484,25.8635],[79.49975,25.86156],[79.50992,25.85181],[79.52054,25.84223],[79.52303,25.83887],[79.52596,25.83091],[79.52758,25.82986],[79.52934,25.82698],[79.53341,25.82482],[79.53663,25.82473],[79.54155,25.82565],[79.54568,25.82761],[79.54769,25.83162],[79.55402,25.83954],[79.55705,25.84565],[79.56612,25.85556],[79.56799,25.85852],[79.56872,25.86069],[79.56764,25.86612],[79.56516,25.87005],[79.56271,25.87219],[79.5578,25.87299],[79.54889,25.8721],[79.53554,25.86775],[79.52766,25.86789],[79.52325,25.86943],[79.51962,25.87239],[79.5169,25.87672],[79.51458,25.88582],[79.51508,25.89071],[79.51701,25.89419],[79.51965,25.89721],[79.52562,25.90036],[79.53092,25.9006],[79.53448,25.89976],[79.53531,25.89831],[79.54759,25.8959],[79.55723,25.89378],[79.56445,25.89078],[79.56697,25.89047],[79.57754,25.89335],[79.58994,25.90056],[79.60488,25.90347],[79.60678,25.90476],[79.60847,25.90797],[79.60825,25.91026],[79.60546,25.91616],[79.59917,25.92242],[79.59792,25.92479],[79.59763,25.92761],[79.5997,25.93126],[79.6024,25.93394],[79.61117,25.93677],[79.61324,25.93744],[79.61678,25.93769],[79.62225,25.93596],[79.63235,25.92966],[79.64205,25.91761],[79.64467,25.91602],[79.64611,25.91285],[79.6486,25.91104],[79.65337,25.90938],[79.65742,25.90911],[79.66537,25.91419],[79.67048,25.91953],[79.67368,25.92686],[79.67817,25.93301],[79.68071,25.93379],[79.6848,25.93201],[79.68922,25.92778],[79.69556,25.92013],[79.69938,25.91222],[79.70169,25.9108],[79.70491,25.91043],[79.70934,25.91101],[79.71568,25.91307],[79.72445,25.91744],[79.72931,25.91837],[79.73184,25.91794],[79.74339,25.91172],[79.74703,25.90662],[79.7509,25.89761],[79.75459,25.88464],[79.75923,25.87804],[79.76406,25.87534],[79.76656,25.87349],[79.76631,25.87291],[79.76806,25.8726],[79.77025,25.87102],[79.77203,25.87187],[79.77503,25.87022],[79.77831,25.87024],[79.78051,25.86901],[79.79378,25.86863],[79.79743,25.86933],[79.80361,25.87379],[79.80621,25.87985],[79.8061,25.88898],[79.80167,25.9081],[79.8024,25.91419],[79.80646,25.91603],[79.81381,25.91756],[79.81689,25.91597],[79.8201,25.9115],[79.82127,25.90512],[79.83219,25.89131],[79.83501,25.88893],[79.84469,25.8853],[79.84972,25.88462],[79.85775,25.88525],[79.86187,25.88676],[79.85706,25.9008],[79.85594,25.90704],[79.85542,25.92242],[79.85824,25.94076],[79.8566,25.94349],[79.8435,25.95218],[79.8362,25.95813],[79.8373,25.96547],[79.83942,25.96895],[79.84226,25.97668],[79.84696,25.97816],[79.86451,25.97673],[79.86764,25.97502],[79.86745,25.9717],[79.86472,25.96904],[79.85718,25.96437],[79.85405,25.96044],[79.85401,25.95826],[79.85551,25.95732],[79.86117,25.95552],[79.87091,25.9551],[79.8723,25.9564],[79.87654,25.96571],[79.87975,25.96859],[79.88407,25.97024],[79.89049,25.96945],[79.89381,25.96727],[79.895,25.96726],[79.9037,25.97517],[79.91406,25.9691],[79.91545,25.96975],[79.92584,25.98006],[79.92815,25.9854],[79.92122,25.99273],[79.92154,25.99624],[79.92546,26.00363],[79.92735,26.00423],[79.93513,26.00325],[79.93774,26.00527],[79.94583,26.01199],[79.94833,26.02022],[79.94856,26.02781],[79.94504,26.02913],[79.94337,26.03104],[79.94072,26.03139],[79.93785,26.03073],[79.92894,26.02337],[79.92847,26.02167],[79.92137,26.01709],[79.91225,26.01547],[79.90495,26.01681],[79.90449,26.01792],[79.90784,26.03031],[79.91077,26.03361],[79.91518,26.0352],[79.92171,26.03536],[79.9329,26.03284],[79.93738,26.03473],[79.9375,26.03678],[79.93549,26.04222],[79.9357,26.04728],[79.93831,26.05594],[79.93863,26.05914],[79.93782,26.06246],[79.92828,26.07184],[79.92894,26.07465],[79.92546,26.07655],[79.92434,26.07895],[79.92455,26.08346],[79.92355,26.08485],[79.91378,26.09294],[79.91292,26.09598],[79.91614,26.09675],[79.91807,26.09962],[79.92602,26.12188],[79.93049,26.12999],[79.92905,26.15346],[79.92921,26.15704],[79.93119,26.16305],[79.93409,26.16522],[79.94423,26.16733],[79.95274,26.16602],[79.95659,26.16287],[79.95759,26.16044],[79.95922,26.15871],[79.96149,26.14942],[79.96266,26.1389],[79.96114,26.13269],[79.95882,26.1277],[79.95693,26.11811],[79.95209,26.1031],[79.94848,26.08783],[79.94938,26.08331],[79.95076,26.08135],[79.95369,26.07936],[79.9608,26.07587],[79.96869,26.07426]]]}},{"type":"Feature","properties":{"ID_0":105,"ISO":"IND","NAME_0":"India","ID_1":33,"NAME_1":"Uttar Pradesh","ID_2":525,"NAME_2":"Hardoi","NL_NAME_2":null,"VARNAME_2":null,"TYPE_2":"District","ENGTYPE_2":"District","STATE":"Uttar Pradesh","DISTRICT":"Hardoi"},"geometry":{"type":"Polygon","coordinates":[[[80.08115,27.79019],[80.0823,27.78932],[80.08414,27.78952],[80.09106,27.78595],[80.09585,27.78671],[80.10219,27.78934],[80.10177,27.78641],[80.10042,27.78527],[80.10032,27.78395],[80.10423,27.78046],[80.10567,27.78009],[80.10803,27.78237],[80.11539,27.78144],[80.12617,27.78307],[80.12424,27.77122],[80.12087,27.75954],[80.12164,27.7555],[80.13014,27.75768],[80.13406,27.75965],[80.13962,27.76497],[80.14781,27.77626],[80.15131,27.77109],[80.15855,27.76764],[80.16345,27.76939],[80.16763,27.76877],[80.16977,27.77164],[80.17225,27.7734],[80.17397,27.77355],[80.18263,27.76564],[80.19115,27.78106],[80.1935,27.78058],[80.19686,27.7779],[80.20133,27.77654],[80.21181,27.77732],[80.223,27.77589],[80.22076,27.7751],[80.21447,27.7708],[80.21341,27.7689],[80.21397,27.7678],[80.21571,27.76716],[80.22245,27.76744],[80.22444,27.76818],[80.22719,27.77137],[80.2322,27.76667],[80.23351,27.76367],[80.23316,27.76281],[80.22678,27.76028],[80.22527,27.75879],[80.22589,27.75689],[80.23004,27.75587],[80.2336,27.75695],[80.24036,27.76212],[80.24226,27.76095],[80.24303,27.75686],[80.24416,27.75535],[80.24597,27.75466],[80.24684,27.75252],[80.24765,27.74936],[80.24864,27.74837],[80.25487,27.74757],[80.25661,27.7467],[80.25764,27.74375],[80.25668,27.74267],[80.25716,27.73934],[80.25951,27.73833],[80.26057,27.73562],[80.26323,27.73336],[80.26595,27.7338],[80.26789,27.73545],[80.27216,27.74219],[80.27332,27.7427],[80.27447,27.7416],[80.27512,27.73792],[80.27306,27.73185],[80.27396,27.72811],[80.26971,27.71602],[80.27329,27.71421],[80.28138,27.71386],[80.28859,27.70943],[80.28979,27.70649],[80.285,27.70492],[80.28754,27.70134],[80.28907,27.70046],[80.29089,27.69615],[80.28705,27.69772],[80.28619,27.69578],[80.28681,27.6937],[80.28796,27.69272],[80.28807,27.69105],[80.29346,27.68618],[80.30173,27.68439],[80.30021,27.67891],[80.3007,27.67714],[80.30327,27.67528],[80.29956,27.65741],[80.30269,27.65217],[80.30314,27.64523],[80.30113,27.64247],[80.29503,27.63725],[80.29414,27.63123],[80.29503,27.6298],[80.29697,27.62914],[80.29427,27.62372],[80.29683,27.62249],[80.29759,27.62163],[80.29705,27.62026],[80.29867,27.61956],[80.29878,27.61726],[80.29793,27.61601],[80.29946,27.61411],[80.29803,27.61239],[80.29917,27.61027],[80.30162,27.61036],[80.30404,27.60902],[80.30929,27.61036],[80.31365,27.60832],[80.3147,27.60562],[80.31384,27.60236],[80.30712,27.59741],[80.30749,27.59683],[80.31116,27.59762],[80.31348,27.59639],[80.31365,27.59518],[80.30128,27.59235],[80.29856,27.59083],[80.29602,27.58832],[80.29575,27.58705],[80.29925,27.58106],[80.30044,27.5775],[80.30448,27.57529],[80.30807,27.57532],[80.30791,27.5693],[80.30897,27.56562],[80.31264,27.56227],[80.31538,27.56184],[80.31496,27.55967],[80.31222,27.55614],[80.3128,27.55503],[80.30943,27.55145],[80.31243,27.55005],[80.31537,27.54721],[80.31371,27.54127],[80.31657,27.53676],[80.31936,27.53399],[80.31739,27.52879],[80.32262,27.52238],[80.33499,27.51708],[80.33983,27.50547],[80.33992,27.4995],[80.3438,27.48965],[80.34758,27.48526],[80.35007,27.48455],[80.35336,27.48408],[80.3576,27.48461],[80.36141,27.48602],[80.37019,27.48331],[80.37281,27.48185],[80.37782,27.48193],[80.38013,27.48111],[80.38146,27.47909],[80.38103,27.47319],[80.38336,27.46995],[80.38819,27.46876],[80.39345,27.46867],[80.39543,27.46682],[80.39471,27.46373],[80.39044,27.4617],[80.39011,27.46066],[80.39179,27.45571],[80.39416,27.45467],[80.39576,27.45517],[80.39756,27.45287],[80.39837,27.45079],[80.39828,27.44781],[80.40093,27.44274],[80.40266,27.4409],[80.40983,27.43745],[80.41859,27.42752],[80.41856,27.42527],[80.41441,27.42646],[80.40917,27.4242],[80.4091,27.42185],[80.41405,27.41781],[80.42224,27.41337],[80.42504,27.40841],[80.43769,27.40831],[80.44071,27.40782],[80.44225,27.40632],[80.4396,27.40468],[80.43918,27.40371],[80.43944,27.40159],[80.4427,27.40029],[80.4404,27.38884],[80.44082,27.38511],[80.44312,27.37746],[80.44546,27.37291],[80.44839,27.37209],[80.45575,27.37482],[80.45772,27.37338],[80.45828,27.37033],[80.45754,27.36288],[80.45639,27.36243],[80.45398,27.36481],[80.44689,27.36905],[80.44559,27.3682],[80.44447,27.36517],[80.44426,27.36259],[80.44698,27.35895],[80.45216,27.35644],[80.45399,27.35431],[80.45262,27.35191],[80.45056,27.35129],[80.44713,27.34747],[80.44846,27.34597],[80.45515,27.3454],[80.4557,27.34919],[80.45711,27.35101],[80.45828,27.35123],[80.46521,27.35118],[80.47202,27.3498],[80.47355,27.34805],[80.47408,27.34542],[80.47446,27.33669],[80.47729,27.33299],[80.48579,27.33258],[80.49116,27.33065],[80.49043,27.32835],[80.48718,27.32506],[80.48587,27.32179],[80.48537,27.31595],[80.48668,27.31266],[80.49049,27.3101],[80.4971,27.30879],[80.4977,27.30603],[80.49686,27.29789],[80.50122,27.29659],[80.50389,27.28291],[80.506,27.27675],[80.50772,27.27433],[80.5077,27.27254],[80.50021,27.27451],[80.49094,27.26551],[80.48853,27.26175],[80.49019,27.26065],[80.49932,27.26224],[80.50445,27.26099],[80.50559,27.2662],[80.51598,27.26639],[80.52236,27.26836],[80.52811,27.27082],[80.53354,27.27445],[80.53732,27.27912],[80.54588,27.27669],[80.54984,27.27505],[80.55004,27.28055],[80.55264,27.29012],[80.55568,27.29749],[80.56113,27.29755],[80.56535,27.2896],[80.56039,27.28753],[80.55927,27.28598],[80.56021,27.28391],[80.56303,27.28354],[80.56697,27.28505],[80.57135,27.28564],[80.57446,27.28458],[80.57646,27.27849],[80.57876,27.27662],[80.58566,27.28024],[80.58879,27.27796],[80.58971,27.26717],[80.59184,27.26469],[80.5955,27.26414],[80.5956,27.26689],[80.59446,27.26891],[80.59412,27.27224],[80.6046,27.27334],[80.60854,27.27658],[80.60944,27.27646],[80.61342,27.26982],[80.6154,27.26292],[80.61947,27.25984],[80.62294,27.26083],[80.62226,27.26239],[80.62378,27.26588],[80.62833,27.26543],[80.62936,27.26611],[80.63114,27.27068],[80.63792,27.26609],[80.64556,27.26303],[80.63847,27.26],[80.63666,27.25818],[80.63754,27.25645],[80.63317,27.25145],[80.63429,27.24847],[80.64058,27.24782],[80.64313,27.24653],[80.64372,27.24182],[80.64266,27.23834],[80.6441,27.23482],[80.64697,27.23256],[80.66161,27.2296],[80.66345,27.22809],[80.66653,27.22709],[80.6773,27.22623],[80.68078,27.22092],[80.6887,27.22428],[80.69067,27.22696],[80.69794,27.23526],[80.70583,27.24023],[80.71793,27.24081],[80.72412,27.2377],[80.72511,27.23648],[80.72211,27.23123],[80.72321,27.22853],[80.72932,27.22892],[80.73673,27.23155],[80.7402,27.23185],[80.74186,27.2261],[80.7423,27.22002],[80.74818,27.21794],[80.75546,27.21041],[80.75608,27.20799],[80.75946,27.20572],[80.76468,27.20836],[80.7713,27.20835],[80.77911,27.21131],[80.77989,27.20699],[80.78857,27.19973],[80.79033,27.19742],[80.79206,27.19249],[80.78992,27.18628],[80.79666,27.18383],[80.79832,27.18251],[80.79923,27.17873],[80.79887,27.17417],[80.80568,27.17127],[80.8077,27.16669],[80.80636,27.16232],[80.80852,27.16061],[80.81167,27.16075],[80.81312,27.15842],[80.8081,27.15328],[80.81045,27.14569],[80.81023,27.14287],[80.80927,27.14141],[80.79621,27.13753],[80.79467,27.13584],[80.79501,27.13427],[80.79893,27.13012],[80.79966,27.12839],[80.79826,27.12074],[80.79848,27.11816],[80.80215,27.11753],[80.80831,27.11791],[80.81437,27.11576],[80.81577,27.11637],[80.81721,27.11489],[80.81786,27.10881],[80.81733,27.10669],[80.80885,27.10276],[80.80581,27.10453],[80.79548,27.10715],[80.78952,27.11076],[80.78439,27.11501],[80.78101,27.11627],[80.77848,27.11561],[80.77735,27.11406],[80.77352,27.10327],[80.76905,27.1033],[80.76076,27.1076],[80.75742,27.09727],[80.75552,27.09428],[80.74924,27.10574],[80.74281,27.10461],[80.73238,27.10691],[80.72829,27.10617],[80.72482,27.10497],[80.72192,27.10275],[80.71443,27.09234],[80.70979,27.08863],[80.70183,27.08533],[80.70328,27.07712],[80.70287,27.07448],[80.7019,27.07301],[80.69247,27.07377],[80.69122,27.06546],[80.68797,27.06644],[80.68589,27.06886],[80.68109,27.06721],[80.67618,27.06855],[80.66964,27.07225],[80.66585,27.07566],[80.65677,27.08023],[80.6526,27.07911],[80.64223,27.08151],[80.6369,27.08395],[80.63213,27.07835],[80.63139,27.07382],[80.641,27.07267],[80.64564,27.06955],[80.64676,27.06759],[80.64542,27.06656],[80.64147,27.06688],[80.63274,27.06963],[80.62749,27.06426],[80.61977,27.06164],[80.61366,27.06217],[80.61293,27.05955],[80.61115,27.05069],[80.60861,27.04646],[80.60551,27.04352],[80.59768,27.04214],[80.59695,27.04456],[80.59491,27.04703],[80.5891,27.04761],[80.58627,27.045],[80.58678,27.04404],[80.58392,27.04334],[80.57966,27.04368],[80.57092,27.03977],[80.56807,27.03809],[80.56705,27.03614],[80.5678,27.03491],[80.57039,27.0344],[80.57818,27.0347],[80.57832,27.03189],[80.56876,27.02561],[80.5577,27.02229],[80.55067,27.01618],[80.54892,27.01562],[80.54375,27.01862],[80.5407,27.01831],[80.53491,27.00696],[80.53213,27.00734],[80.52988,27.00896],[80.51946,27.01256],[80.51483,27.01041],[80.50866,27.00625],[80.50372,26.99986],[80.49747,26.99441],[80.49155,26.99045],[80.48416,26.99171],[80.47808,26.99366],[80.47102,26.98964],[80.47009,26.98451],[80.46804,26.98191],[80.46214,26.98312],[80.45677,26.98112],[80.45296,26.98228],[80.44842,26.97994],[80.44161,26.97477],[80.43641,26.97196],[80.4349,26.96529],[80.43864,26.96314],[80.43944,26.96044],[80.43784,26.95314],[80.43524,26.95127],[80.42594,26.94981],[80.41797,26.94693],[80.41543,26.92811],[80.41663,26.92267],[80.42017,26.9173],[80.41393,26.90449],[80.4062,26.89277],[80.3961,26.90432],[80.39294,26.90877],[80.38962,26.91052],[80.38567,26.91946],[80.38515,26.92329],[80.38445,26.92719],[80.38016,26.92986],[80.37753,26.93512],[80.37461,26.93578],[80.36806,26.93295],[80.36368,26.93079],[80.36023,26.93306],[80.35479,26.93036],[80.35139,26.9282],[80.34478,26.93688],[80.33433,26.94872],[80.32942,26.95389],[80.32955,26.95981],[80.33037,26.96861],[80.33044,26.9727],[80.32571,26.97645],[80.32004,26.98879],[80.31964,26.99269],[80.31866,26.99492],[80.31567,26.99409],[80.30705,26.99233],[80.29984,26.99663],[80.29366,26.99846],[80.28909,27.00112],[80.28575,27.00621],[80.29031,27.01223],[80.29684,27.01716],[80.29855,27.01921],[80.30007,27.02414],[80.29819,27.02829],[80.29674,27.0291],[80.29644,27.03021],[80.295,27.0305],[80.29083,27.03019],[80.28393,27.0274],[80.28073,27.02798],[80.27842,27.03071],[80.2774,27.03436],[80.27594,27.03559],[80.25742,27.03342],[80.25108,27.03518],[80.24496,27.03444],[80.24243,27.03215],[80.24712,27.02533],[80.24722,27.02369],[80.23766,27.02163],[80.23455,27.01984],[80.23278,27.01798],[80.23205,27.0154],[80.23077,27.00615],[80.22797,26.99592],[80.22491,26.98767],[80.22195,26.97984],[80.22011,26.9759],[80.2145,26.97498],[80.21191,26.97387],[80.21105,26.97069],[80.2037,26.97309],[80.19588,26.97581],[80.18848,26.97045],[80.18124,26.96601],[80.17529,26.9637],[80.16803,26.96253],[80.16455,26.96421],[80.16299,26.96994],[80.16373,26.97592],[80.16563,26.97859],[80.17027,26.98231],[80.17165,26.98606],[80.17126,26.99008],[80.17257,26.9952],[80.17482,27.00144],[80.17332,27.00234],[80.16808,27.00222],[80.16306,27.00257],[80.16182,26.99882],[80.15704,26.9948],[80.15227,26.99067],[80.15001,26.99099],[80.14253,26.98522],[80.139,26.98408],[80.13552,26.98571],[80.13671,26.99136],[80.13477,26.99179],[80.13011,26.99],[80.12461,26.99421],[80.1219,26.99045],[80.11871,26.98701],[80.11716,26.98735],[80.11319,26.99035],[80.10791,26.99229],[80.11266,26.99579],[80.11268,26.99838],[80.11149,27.00061],[80.10532,27.00063],[80.09913,26.99737],[80.09653,26.99217],[80.09516,26.98962],[80.09077,26.98521],[80.09068,26.97963],[80.09379,26.97392],[80.09555,26.9659],[80.07639,26.96449],[80.07166,26.95698],[80.0671,26.9536],[80.06281,26.95007],[80.05803,26.94738],[80.0529,26.94353],[80.04873,26.93924],[80.04615,26.9333],[80.04211,26.92465],[80.02916,26.93431],[80.01821,26.94515],[80.01121,26.95824],[80.00938,26.96986],[80.00584,26.9825],[80.00106,26.98808],[79.9969,26.99493],[79.9904,27.00561],[79.98849,27.01154],[79.98344,27.01686],[79.97771,27.02744],[79.97008,27.03319],[79.9653,27.0407],[79.9632,27.05034],[79.96456,27.06371],[79.96619,27.0704],[79.96339,27.07732],[79.95675,27.08083],[79.95001,27.08142],[79.93482,27.08544],[79.92632,27.0928],[79.92497,27.09785],[79.91297,27.10334],[79.90671,27.129],[79.90362,27.13762],[79.89584,27.15224],[79.8918,27.15457],[79.88425,27.15674],[79.87704,27.1573],[79.85548,27.15521],[79.84906,27.15642],[79.84718,27.16],[79.852,27.16413],[79.85719,27.17521],[79.84977,27.17859],[79.84517,27.17798],[79.84291,27.17678],[79.83167,27.17745],[79.82365,27.17458],[79.81743,27.1744],[79.80482,27.17612],[79.79538,27.17399],[79.78643,27.18065],[79.76933,27.19547],[79.75833,27.20082],[79.74358,27.20839],[79.72424,27.22103],[79.7161,27.22219],[79.71758,27.22355],[79.69815,27.23091],[79.69047,27.23503],[79.68988,27.23793],[79.69344,27.24985],[79.69104,27.25244],[79.68787,27.25426],[79.68629,27.25761],[79.68642,27.26088],[79.6881,27.26497],[79.69264,27.26784],[79.69978,27.26594],[79.71547,27.27878],[79.71983,27.2808],[79.72228,27.2829],[79.72269,27.28558],[79.71822,27.29717],[79.71597,27.30045],[79.7174,27.31395],[79.7128,27.32348],[79.71213,27.33327],[79.70808,27.33731],[79.70729,27.34125],[79.70216,27.34965],[79.69778,27.35464],[79.69028,27.36111],[79.68029,27.37377],[79.68046,27.37869],[79.68533,27.39077],[79.6887,27.39428],[79.70027,27.40171],[79.70268,27.404],[79.7079,27.4117],[79.71532,27.41815],[79.71455,27.42341],[79.7095,27.42815],[79.71167,27.43789],[79.71507,27.44094],[79.71887,27.44022],[79.72381,27.44193],[79.72914,27.44515],[79.73627,27.45226],[79.73637,27.45408],[79.73695,27.45776],[79.72784,27.46219],[79.72523,27.4645],[79.7255,27.46781],[79.72268,27.47323],[79.70638,27.47912],[79.70701,27.48086],[79.71152,27.48499],[79.72226,27.49218],[79.72286,27.49576],[79.7206,27.505],[79.72419,27.51101],[79.72323,27.51398],[79.72105,27.51615],[79.72004,27.51937],[79.72086,27.53452],[79.72006,27.53846],[79.7178,27.54327],[79.71251,27.54704],[79.7025,27.55065],[79.69895,27.55266],[79.69954,27.559],[79.70559,27.56923],[79.70621,27.57202],[79.70324,27.58209],[79.70643,27.58783],[79.70467,27.59389],[79.69751,27.59431],[79.69473,27.59537],[79.69382,27.59644],[79.69328,27.6022],[79.6896,27.6091],[79.68934,27.61428],[79.69261,27.61709],[79.69096,27.62176],[79.6809,27.62473],[79.67928,27.62734],[79.67815,27.63192],[79.67816,27.63938],[79.68427,27.6487],[79.68613,27.65887],[79.68905,27.66229],[79.70156,27.67065],[79.7058,27.67244],[79.7115,27.67308],[79.71622,27.67523],[79.71859,27.67816],[79.72324,27.69289],[79.72395,27.69823],[79.72318,27.70619],[79.72472,27.71953],[79.72635,27.72182],[79.72747,27.72502],[79.73099,27.72765],[79.73343,27.72564],[79.74187,27.7236],[79.74709,27.72462],[79.75625,27.71864],[79.77529,27.68827],[79.78083,27.682],[79.79693,27.66886],[79.79874,27.66588],[79.8042,27.6625],[79.81567,27.65938],[79.82544,27.6591],[79.84177,27.65567],[79.85111,27.65565],[79.85567,27.65841],[79.86084,27.66766],[79.86726,27.67454],[79.8723,27.68293],[79.87132,27.70592],[79.87717,27.70971],[79.88506,27.70911],[79.89165,27.70644],[79.90166,27.70693],[79.90787,27.70898],[79.90477,27.71595],[79.90092,27.72014],[79.90363,27.72648],[79.91641,27.72156],[79.92214,27.71822],[79.93553,27.71973],[79.94102,27.72156],[79.95102,27.73379],[79.95576,27.7357],[79.96169,27.73616],[79.97649,27.7317],[79.98456,27.73282],[79.98956,27.73445],[79.99097,27.73336],[79.99579,27.7324],[80.00082,27.73551],[80.00383,27.73856],[80.00793,27.73622],[80.01181,27.74045],[80.01466,27.74585],[80.01781,27.74966],[80.01947,27.74971],[80.02144,27.7478],[80.02277,27.74606],[80.02435,27.74098],[80.02531,27.73999],[80.02682,27.73981],[80.03086,27.7437],[80.03424,27.74854],[80.03848,27.74655],[80.04854,27.74697],[80.05492,27.74913],[80.06269,27.75308],[80.06354,27.75619],[80.05196,27.76335],[80.04883,27.76711],[80.0479,27.7704],[80.04825,27.77206],[80.05245,27.77613],[80.05656,27.77707],[80.07475,27.78435],[80.07912,27.78913],[80.08115,27.79019]]]}},{"type":"Feature","properties":{"ID_0":105,"ISO":"IND","NAME_0":"India","ID_1":33,"NAME_1":"Uttar Pradesh","ID_2":526,"NAME_2":"Hathras","NL_NAME_2":null,"VARNAME_2":null,"TYPE_2":"District","ENGTYPE_2":"District","STATE":"Uttar Pradesh","DISTRICT":"Hathras"},"geometry":{"type":"Polygon","coordinates":[[[78.46577,27.81437],[78.46562,27.8083],[78.46432,27.8067],[78.46418,27.80502],[78.46591,27.80129],[78.46947,27.79737],[78.47103,27.79585],[78.47308,27.79599],[78.47351,27.79495],[78.47015,27.78724],[78.47107,27.78422],[78.47,27.7803],[78.47027,27.77792],[78.47261,27.77645],[78.47322,27.77482],[78.47174,27.77322],[78.46502,27.77035],[78.46434,27.76718],[78.46589,27.76432],[78.47771,27.7552],[78.48489,27.75147],[78.4979,27.74668],[78.50489,27.74595],[78.5093,27.73977],[78.51543,27.73425],[78.51862,27.72963],[78.50145,27.71493],[78.49809,27.7108],[78.49958,27.7083],[78.50905,27.6999],[78.50462,27.69689],[78.50368,27.69354],[78.49595,27.69075],[78.49847,27.68012],[78.50187,27.67736],[78.50584,27.67575],[78.50574,27.67436],[78.50041,27.67379],[78.50079,27.66979],[78.49712,27.66481],[78.4994,27.66003],[78.49594,27.65464],[78.49641,27.6525],[78.49118,27.64966],[78.48954,27.64621],[78.49196,27.64167],[78.49133,27.63751],[78.4961,27.63045],[78.49608,27.62877],[78.49104,27.62264],[78.48833,27.62401],[78.48186,27.61946],[78.47808,27.61829],[78.46157,27.62463],[78.45991,27.62372],[78.45651,27.61827],[78.45086,27.61637],[78.44833,27.6134],[78.44426,27.61241],[78.44277,27.61109],[78.44113,27.60527],[78.43689,27.60184],[78.4266,27.59717],[78.41299,27.59427],[78.40685,27.58648],[78.40463,27.58644],[78.39772,27.586],[78.39056,27.59182],[78.3899,27.59436],[78.38781,27.594],[78.38247,27.58862],[78.37956,27.58443],[78.38358,27.57755],[78.3775,27.57236],[78.37357,27.57298],[78.36279,27.57212],[78.35814,27.5668],[78.35413,27.56511],[78.35123,27.56746],[78.35672,27.5752],[78.35368,27.57975],[78.34289,27.57964],[78.33962,27.58078],[78.33509,27.58407],[78.32941,27.58594],[78.32841,27.58867],[78.32448,27.58859],[78.324,27.58473],[78.32288,27.583],[78.31893,27.58102],[78.31144,27.58029],[78.30901,27.57882],[78.30885,27.57599],[78.31055,27.57024],[78.30484,27.56492],[78.30386,27.56262],[78.30936,27.553],[78.30503,27.54923],[78.29498,27.55692],[78.28883,27.55231],[78.28744,27.5525],[78.28246,27.55001],[78.27687,27.56032],[78.27314,27.55949],[78.27099,27.56078],[78.2626,27.55445],[78.2696,27.54645],[78.27467,27.54199],[78.26859,27.53632],[78.26852,27.53448],[78.26398,27.53153],[78.26094,27.53289],[78.258,27.5313],[78.25492,27.5326],[78.24551,27.52397],[78.24276,27.52493],[78.2393,27.52763],[78.23715,27.53251],[78.23534,27.53403],[78.23152,27.53199],[78.22858,27.53168],[78.22314,27.53261],[78.22003,27.53084],[78.21375,27.53472],[78.20498,27.52938],[78.20874,27.52453],[78.21095,27.51873],[78.2067,27.51357],[78.20358,27.51243],[78.19756,27.51436],[78.1959,27.5109],[78.19685,27.50661],[78.1951,27.50298],[78.1999,27.49581],[78.19906,27.48888],[78.19406,27.48552],[78.19259,27.48332],[78.1932,27.48125],[78.18826,27.47227],[78.18773,27.46879],[78.19117,27.46575],[78.18873,27.46237],[78.18391,27.46218],[78.18072,27.46053],[78.17517,27.45122],[78.17101,27.43853],[78.17216,27.43291],[78.17546,27.4323],[78.18039,27.43294],[78.18404,27.43498],[78.18838,27.43891],[78.19151,27.4389],[78.19183,27.43536],[78.18956,27.42618],[78.18661,27.42182],[78.18898,27.40871],[78.1824,27.40798],[78.17709,27.4099],[78.17043,27.41478],[78.16872,27.41362],[78.1703,27.40777],[78.16964,27.40498],[78.16334,27.40354],[78.16673,27.39643],[78.16492,27.39348],[78.16016,27.39198],[78.15328,27.39314],[78.14919,27.38953],[78.14474,27.38835],[78.14225,27.3864],[78.13223,27.37463],[78.12771,27.37072],[78.11757,27.37261],[78.11207,27.37719],[78.10135,27.37479],[78.09767,27.37478],[78.09031,27.37966],[78.08246,27.38971],[78.07498,27.39516],[78.07316,27.39784],[78.06927,27.39493],[78.06616,27.39426],[78.0617,27.38585],[78.05215,27.3874],[78.04784,27.38571],[78.04404,27.38089],[78.04304,27.37483],[78.06351,27.3713],[78.0707,27.36814],[78.07641,27.36328],[78.07901,27.35874],[78.07704,27.35714],[78.07197,27.35719],[78.06968,27.35508],[78.06643,27.34915],[78.06535,27.34211],[78.06355,27.34097],[78.0507,27.34552],[78.04941,27.34763],[78.04418,27.35119],[78.03818,27.35333],[78.03401,27.35205],[78.03149,27.34869],[78.03013,27.34576],[78.03194,27.34289],[78.03006,27.33956],[78.0222,27.339],[78.02053,27.33552],[78.01225,27.33016],[78.00576,27.33349],[78.00246,27.33343],[78.00394,27.33004],[78.00565,27.32831],[78.00462,27.32701],[77.99638,27.33208],[77.99127,27.33255],[77.98547,27.33057],[77.98072,27.33036],[77.97536,27.33116],[77.97211,27.32544],[77.97192,27.31902],[77.97565,27.31388],[77.98063,27.31137],[77.98235,27.30943],[77.98276,27.30196],[77.98166,27.28962],[77.97332,27.28614],[77.97151,27.28376],[77.95309,27.298],[77.95284,27.29998],[77.95109,27.29955],[77.92035,27.3233],[77.91503,27.37648],[77.91503,27.41637],[77.91503,27.44828],[77.91769,27.47488],[77.90643,27.48615],[77.90852,27.48939],[77.90874,27.49259],[77.90586,27.49696],[77.90486,27.50248],[77.9023,27.50637],[77.89924,27.51372],[77.8987,27.51734],[77.89522,27.5208],[77.88818,27.52142],[77.88591,27.52243],[77.88078,27.52231],[77.87711,27.52383],[77.87047,27.53091],[77.86968,27.5327],[77.87057,27.53967],[77.87273,27.54273],[77.88074,27.54474],[77.88421,27.54794],[77.88636,27.55334],[77.88967,27.55716],[77.89372,27.55742],[77.89679,27.55918],[77.89945,27.56703],[77.89947,27.56961],[77.89034,27.58754],[77.90044,27.59164],[77.90553,27.59481],[77.91557,27.60308],[77.92033,27.60798],[77.92723,27.60973],[77.93153,27.61003],[77.94103,27.60915],[77.95022,27.61812],[77.9579,27.61222],[77.96078,27.60264],[77.96526,27.60077],[77.96671,27.60446],[77.97433,27.60641],[77.99037,27.60656],[77.99091,27.60767],[77.98125,27.61973],[77.97684,27.62861],[77.97974,27.63793],[77.98392,27.64293],[77.98806,27.64448],[77.99086,27.64692],[77.99769,27.65041],[78.01111,27.64857],[78.0141,27.65068],[78.01317,27.65389],[78.00622,27.66088],[78.01135,27.66823],[78.01337,27.67363],[77.99645,27.68921],[77.99077,27.70359],[77.99227,27.7093],[77.99422,27.7134],[78.00199,27.71731],[78.00586,27.72241],[78.00599,27.72783],[78.00327,27.73036],[77.99806,27.7304],[77.99675,27.73414],[78.00484,27.7472],[78.01095,27.74191],[78.01394,27.74282],[78.02109,27.7393],[78.02821,27.74676],[78.03355,27.75366],[78.02486,27.75432],[78.01504,27.75706],[78.01118,27.75929],[78.00996,27.76331],[78.01096,27.76727],[78.0183,27.77203],[78.02602,27.77453],[78.02922,27.77695],[78.03361,27.77832],[78.03374,27.78847],[78.03856,27.78991],[78.04746,27.79633],[78.05472,27.79774],[78.06159,27.78686],[78.06247,27.78409],[78.05921,27.77782],[78.06178,27.77443],[78.07343,27.77696],[78.07751,27.77712],[78.0891,27.77042],[78.09358,27.77189],[78.111,27.77154],[78.11497,27.77566],[78.11836,27.77678],[78.12575,27.77442],[78.12965,27.77635],[78.13784,27.77109],[78.14225,27.7664],[78.14458,27.7658],[78.15218,27.76818],[78.15636,27.76778],[78.16058,27.76906],[78.16946,27.76232],[78.17279,27.7544],[78.17257,27.75111],[78.16692,27.74521],[78.16496,27.74205],[78.1737,27.72959],[78.16438,27.72424],[78.16504,27.72139],[78.18058,27.71395],[78.18815,27.70941],[78.19295,27.70259],[78.19995,27.69864],[78.20708,27.70035],[78.20903,27.69304],[78.20983,27.69204],[78.22351,27.69826],[78.26606,27.66635],[78.32191,27.66901],[78.3618,27.69028],[78.38573,27.72485],[78.39902,27.75942],[78.42828,27.79665],[78.44114,27.832],[78.44362,27.82993],[78.44804,27.82785],[78.44947,27.82112],[78.45187,27.82004],[78.45354,27.81713],[78.45619,27.81513],[78.46254,27.81476],[78.46577,27.81437]]]}},{"type":"Feature","properties":{"ID_0":105,"ISO":"IND","NAME_0":"India","ID_1":33,"NAME_1":"Uttar Pradesh","ID_2":527,"NAME_2":"Jalaun","NL_NAME_2":null,"VARNAME_2":null,"TYPE_2":"District","ENGTYPE_2":"District","STATE":"Uttar Pradesh","DISTRICT":"Jalaun"},"geometry":{"type":"Polygon","coordinates":[[[79.29394,26.44172],[79.29805,26.43127],[79.30329,26.42222],[79.31911,26.41247],[79.32308,26.41144],[79.33302,26.40694],[79.35625,26.41123],[79.36385,26.41376],[79.38609,26.42366],[79.41337,26.43099],[79.42756,26.43704],[79.44526,26.43964],[79.4497,26.43964],[79.46553,26.43665],[79.46764,26.43559],[79.47333,26.43044],[79.4775,26.42522],[79.47966,26.42048],[79.48247,26.41208],[79.48163,26.40174],[79.48209,26.39445],[79.48508,26.38658],[79.49402,26.37327],[79.49394,26.37079],[79.49499,26.36926],[79.4967,26.3644],[79.49942,26.36203],[79.50495,26.35378],[79.50748,26.35198],[79.51759,26.34804],[79.53267,26.3541],[79.53635,26.35777],[79.54589,26.36501],[79.55139,26.3672],[79.56168,26.36642],[79.56622,26.36027],[79.56561,26.35475],[79.5627,26.34736],[79.56071,26.34436],[79.55592,26.34096],[79.54488,26.336],[79.53313,26.32866],[79.52708,26.32652],[79.52382,26.32459],[79.52149,26.32255],[79.52027,26.31983],[79.51909,26.31023],[79.52149,26.30331],[79.52853,26.29255],[79.53345,26.28664],[79.54045,26.28065],[79.55898,26.2737],[79.5704,26.26827],[79.57228,26.26302],[79.57484,26.26173],[79.59306,26.25673],[79.61861,26.25393],[79.632,26.25054],[79.63752,26.25002],[79.64352,26.24768],[79.64671,26.24306],[79.64708,26.23882],[79.63988,26.22828],[79.63867,26.22373],[79.63847,26.21994],[79.63913,26.21829],[79.64183,26.21607],[79.64712,26.2151],[79.64993,26.21358],[79.66395,26.20921],[79.67633,26.20384],[79.69104,26.19986],[79.70056,26.1991],[79.70509,26.19789],[79.72158,26.1895],[79.73421,26.18826],[79.74974,26.18933],[79.75718,26.18832],[79.75938,26.18644],[79.76109,26.18118],[79.76109,26.17503],[79.76038,26.17226],[79.75683,26.16815],[79.75299,26.16427],[79.75032,26.15992],[79.73704,26.14968],[79.73544,26.14531],[79.73632,26.13992],[79.76364,26.13087],[79.7688,26.12587],[79.77826,26.11366],[79.78146,26.11209],[79.78951,26.11101],[79.80344,26.10734],[79.81899,26.10593],[79.83038,26.10623],[79.83981,26.10914],[79.85103,26.11779],[79.85631,26.11947],[79.85941,26.1197],[79.87197,26.10965],[79.87438,26.10894],[79.87846,26.10496],[79.89034,26.09796],[79.90572,26.09438],[79.91292,26.09598],[79.91378,26.09294],[79.92355,26.08485],[79.92455,26.08346],[79.92434,26.07895],[79.92546,26.07655],[79.92894,26.07465],[79.92828,26.07184],[79.93782,26.06246],[79.93863,26.05914],[79.93831,26.05594],[79.9357,26.04728],[79.93549,26.04222],[79.9375,26.03678],[79.93738,26.03473],[79.9329,26.03284],[79.92171,26.03536],[79.91518,26.0352],[79.91077,26.03361],[79.90784,26.03031],[79.90449,26.01792],[79.90495,26.01681],[79.91225,26.01547],[79.92137,26.01709],[79.92847,26.02167],[79.92894,26.02337],[79.93785,26.03073],[79.94072,26.03139],[79.94337,26.03104],[79.94504,26.02913],[79.94856,26.02781],[79.94833,26.02022],[79.94583,26.01199],[79.93774,26.00527],[79.93513,26.00325],[79.92735,26.00423],[79.92546,26.00363],[79.92154,25.99624],[79.92122,25.99273],[79.92815,25.9854],[79.92584,25.98006],[79.91545,25.96975],[79.91406,25.9691],[79.9037,25.97517],[79.895,25.96726],[79.89381,25.96727],[79.89049,25.96945],[79.88407,25.97024],[79.87975,25.96859],[79.87654,25.96571],[79.8723,25.9564],[79.87091,25.9551],[79.86117,25.95552],[79.85551,25.95732],[79.85401,25.95826],[79.85405,25.96044],[79.85718,25.96437],[79.86472,25.96904],[79.86745,25.9717],[79.86764,25.97502],[79.86451,25.97673],[79.84696,25.97816],[79.84226,25.97668],[79.83942,25.96895],[79.8373,25.96547],[79.8362,25.95813],[79.8435,25.95218],[79.8566,25.94349],[79.85824,25.94076],[79.85542,25.92242],[79.85594,25.90704],[79.85706,25.9008],[79.86187,25.88676],[79.85775,25.88525],[79.84972,25.88462],[79.84469,25.8853],[79.83501,25.88893],[79.83219,25.89131],[79.82127,25.90512],[79.8201,25.9115],[79.81689,25.91597],[79.81381,25.91756],[79.80646,25.91603],[79.8024,25.91419],[79.80167,25.9081],[79.8061,25.88898],[79.80621,25.87985],[79.80361,25.87379],[79.79743,25.86933],[79.79378,25.86863],[79.78051,25.86901],[79.77831,25.87024],[79.77503,25.87022],[79.77203,25.87187],[79.77025,25.87102],[79.76806,25.8726],[79.76631,25.87291],[79.76656,25.87349],[79.76406,25.87534],[79.75923,25.87804],[79.75459,25.88464],[79.7509,25.89761],[79.74703,25.90662],[79.74339,25.91172],[79.73184,25.91794],[79.72931,25.91837],[79.72445,25.91744],[79.71568,25.91307],[79.70934,25.91101],[79.70491,25.91043],[79.70169,25.9108],[79.69938,25.91222],[79.69556,25.92013],[79.68922,25.92778],[79.6848,25.93201],[79.68071,25.93379],[79.67817,25.93301],[79.67368,25.92686],[79.67048,25.91953],[79.66537,25.91419],[79.65742,25.90911],[79.65337,25.90938],[79.6486,25.91104],[79.64611,25.91285],[79.64467,25.91602],[79.64205,25.91761],[79.63235,25.92966],[79.62225,25.93596],[79.61678,25.93769],[79.61324,25.93744],[79.61117,25.93677],[79.6024,25.93394],[79.5997,25.93126],[79.59763,25.92761],[79.59792,25.92479],[79.59917,25.92242],[79.60546,25.91616],[79.60825,25.91026],[79.60847,25.90797],[79.60678,25.90476],[79.60488,25.90347],[79.58994,25.90056],[79.57754,25.89335],[79.56697,25.89047],[79.56445,25.89078],[79.55723,25.89378],[79.54759,25.8959],[79.53531,25.89831],[79.53448,25.89976],[79.53092,25.9006],[79.52562,25.90036],[79.51965,25.89721],[79.51701,25.89419],[79.51508,25.89071],[79.51458,25.88582],[79.5169,25.87672],[79.51962,25.87239],[79.52325,25.86943],[79.52766,25.86789],[79.53554,25.86775],[79.54889,25.8721],[79.5578,25.87299],[79.56271,25.87219],[79.56516,25.87005],[79.56764,25.86612],[79.56872,25.86069],[79.56799,25.85852],[79.56612,25.85556],[79.55705,25.84565],[79.55402,25.83954],[79.54769,25.83162],[79.54568,25.82761],[79.54155,25.82565],[79.53663,25.82473],[79.53341,25.82482],[79.52934,25.82698],[79.52758,25.82986],[79.52596,25.83091],[79.52303,25.83887],[79.52054,25.84223],[79.50992,25.85181],[79.49975,25.86156],[79.49484,25.8635],[79.49357,25.86323],[79.48621,25.85934],[79.47748,25.85206],[79.4717,25.84856],[79.45597,25.83476],[79.45163,25.8291],[79.45089,25.8248],[79.45177,25.82107],[79.45686,25.81125],[79.45775,25.80561],[79.45725,25.79988],[79.4557,25.7965],[79.45206,25.7936],[79.44593,25.7921],[79.44202,25.79197],[79.43655,25.79329],[79.4321,25.79632],[79.42757,25.80245],[79.42156,25.80773],[79.41088,25.81316],[79.40089,25.81516],[79.39463,25.81342],[79.39169,25.81121],[79.38984,25.8014],[79.37904,25.79426],[79.37579,25.79131],[79.37371,25.79105],[79.37315,25.79335],[79.37012,25.79188],[79.36181,25.79149],[79.35279,25.79329],[79.33781,25.79031],[79.33521,25.78885],[79.32629,25.77956],[79.31996,25.77617],[79.31201,25.77474],[79.30925,25.77746],[79.30751,25.78098],[79.30452,25.78382],[79.29906,25.7872],[79.28925,25.79067],[79.28377,25.79738],[79.28665,25.80281],[79.29142,25.80754],[79.29382,25.81383],[79.29392,25.8174],[79.28782,25.82083],[79.28163,25.82123],[79.27341,25.81858],[79.26782,25.80772],[79.26583,25.80148],[79.25803,25.79758],[79.25464,25.79904],[79.24716,25.80318],[79.23952,25.80967],[79.2355,25.81201],[79.23035,25.81296],[79.22961,25.80881],[79.22514,25.80682],[79.22303,25.80327],[79.21834,25.80003],[79.20561,25.79514],[79.20342,25.79549],[79.19946,25.79765],[79.1943,25.79872],[79.19337,25.79987],[79.17916,25.80658],[79.16571,25.81088],[79.16034,25.81208],[79.1591,25.81236],[79.14331,25.81425],[79.12892,25.81768],[79.12584,25.81885],[79.11946,25.82372],[79.11292,25.82641],[79.10984,25.82974],[79.11015,25.83016],[79.11515,25.83988],[79.11925,25.85153],[79.11371,25.85277],[79.11315,25.85403],[79.11563,25.85816],[79.11917,25.87082],[79.11079,25.87289],[79.10907,25.87176],[79.10685,25.86918],[79.10861,25.86601],[79.10752,25.86463],[79.10667,25.85947],[79.10075,25.86163],[79.0918,25.86354],[79.08998,25.8666],[79.09683,25.88172],[79.09725,25.88695],[79.10015,25.89617],[79.09372,25.89708],[79.08714,25.89517],[79.07913,25.89619],[79.07005,25.89568],[79.06995,25.89304],[79.06676,25.88158],[79.06603,25.87451],[79.06646,25.87239],[79.06999,25.87098],[79.07016,25.8676],[79.06963,25.86605],[79.06792,25.86456],[79.06364,25.86585],[79.06055,25.86565],[79.05856,25.86158],[79.05572,25.86166],[79.04044,25.86813],[79.03269,25.873],[79.03291,25.87645],[79.03663,25.88515],[79.02709,25.89268],[79.02499,25.89791],[79.02433,25.9032],[79.02229,25.9078],[79.0228,25.90906],[79.02534,25.90876],[79.03155,25.90591],[79.04005,25.90466],[79.03914,25.89954],[79.04108,25.89816],[79.04523,25.89704],[79.04693,25.89721],[79.04866,25.8984],[79.04848,25.90782],[79.05013,25.91194],[79.0538,25.91261],[79.06251,25.91222],[79.07214,25.90944],[79.07417,25.91001],[79.07513,25.91339],[79.07829,25.92067],[79.07786,25.92175],[79.06539,25.92621],[79.03427,25.93271],[79.03298,25.93777],[79.03055,25.94048],[79.01086,25.94559],[79.00957,25.94371],[79.00706,25.942],[78.99995,25.93967],[78.99583,25.93877],[78.99364,25.94052],[78.99201,25.94072],[78.98998,25.94086],[78.98103,25.94581],[78.97149,25.94867],[78.96299,25.94346],[78.95744,25.94156],[78.94179,25.95214],[78.93476,25.95449],[78.92742,25.9555],[78.92583,25.95889],[78.92548,25.96542],[78.92952,25.97163],[78.93114,25.97631],[78.92613,25.97777],[78.92362,25.98087],[78.92459,25.98431],[78.9272,25.98651],[78.93102,25.98553],[78.93622,25.98532],[78.93948,25.98637],[78.94317,25.99069],[78.94389,25.99324],[78.94331,25.99823],[78.94611,26.00155],[78.94659,26.00507],[78.94614,26.00616],[78.94442,26.00889],[78.94534,26.0139],[78.9504,26.01986],[78.9505,26.02582],[78.94619,26.03107],[78.94433,26.03695],[78.94863,26.03881],[78.95267,26.04203],[78.96145,26.05082],[78.96818,26.05916],[78.9758,26.05988],[78.97869,26.06468],[78.98248,26.07376],[78.98602,26.07608],[78.99188,26.07464],[78.99712,26.07393],[78.99915,26.07709],[79.00114,26.07836],[79.00315,26.08179],[79.0022,26.0866],[79.00438,26.09008],[79.00351,26.09431],[79.0005,26.09671],[78.99185,26.09526],[78.99012,26.0959],[78.97184,26.1087],[78.96978,26.1123],[78.9705,26.12028],[78.96922,26.12344],[78.96653,26.12565],[78.95811,26.12991],[78.95464,26.13286],[78.94439,26.13752],[78.94267,26.13914],[78.94576,26.14106],[78.9523,26.1426],[78.96033,26.15427],[78.96534,26.15578],[78.97064,26.1554],[78.98624,26.15054],[78.98966,26.15071],[78.99179,26.15206],[78.9946,26.15278],[79.00072,26.15498],[79.00092,26.16026],[79.00239,26.16473],[79.0034,26.17296],[78.99599,26.17551],[78.99178,26.17728],[78.97575,26.19281],[78.97738,26.1955],[78.98092,26.19841],[78.98404,26.20067],[78.99175,26.20397],[78.99445,26.20045],[78.99655,26.19898],[79.00233,26.19677],[79.01298,26.19686],[79.01495,26.19747],[79.01503,26.19815],[79.01257,26.2014],[79.01039,26.20278],[79.0099,26.20494],[79.02062,26.20857],[79.02071,26.20967],[79.0182,26.21252],[79.01872,26.21583],[79.0173,26.22369],[79.01762,26.2234],[79.01691,26.228],[79.01714,26.23217],[79.02039,26.23425],[79.02467,26.23425],[79.02685,26.23336],[79.02961,26.23207],[79.03426,26.23154],[79.04055,26.22928],[79.04604,26.23355],[79.05217,26.23211],[79.05527,26.23239],[79.05705,26.23289],[79.05556,26.23964],[79.05653,26.24189],[79.06113,26.24369],[79.06267,26.24693],[79.05844,26.25391],[79.05551,26.25415],[79.05192,26.25324],[79.04893,26.25369],[79.04692,26.25539],[79.04536,26.2603],[79.0422,26.25996],[79.03793,26.26287],[79.03703,26.26699],[79.04678,26.26532],[79.04853,26.26597],[79.0468,26.27059],[79.05328,26.2796],[79.05789,26.2838],[79.06406,26.28263],[79.06727,26.28762],[79.06866,26.28777],[79.07207,26.28523],[79.07553,26.28713],[79.07769,26.28722],[79.0787,26.28448],[79.07873,26.28034],[79.07658,26.27882],[79.0761,26.27519],[79.0772,26.2736],[79.07964,26.27261],[79.08357,26.27241],[79.08636,26.28367],[79.0831,26.2939],[79.08399,26.29708],[79.08769,26.29903],[79.09179,26.30404],[79.09148,26.30845],[79.09385,26.31194],[79.09798,26.31465],[79.10155,26.31385],[79.10876,26.30862],[79.11458,26.31314],[79.11912,26.31493],[79.12659,26.31603],[79.12724,26.32138],[79.11799,26.32634],[79.11573,26.32849],[79.11569,26.3313],[79.11565,26.33509],[79.12424,26.33114],[79.12586,26.33144],[79.12704,26.33166],[79.12731,26.33349],[79.12499,26.33793],[79.1268,26.33992],[79.13258,26.34276],[79.13374,26.34497],[79.13138,26.3459],[79.12321,26.34473],[79.11952,26.35104],[79.11662,26.35357],[79.10858,26.35449],[79.10526,26.35599],[79.1034,26.35951],[79.10039,26.35509],[79.09644,26.35561],[79.09673,26.35957],[79.09518,26.35982],[79.09305,26.36014],[79.08858,26.35992],[79.08421,26.35971],[79.0768,26.36269],[79.07676,26.36602],[79.07925,26.37288],[79.08912,26.37713],[79.09048,26.37939],[79.08849,26.38313],[79.08959,26.3882],[79.087,26.39108],[79.08073,26.4055],[79.08682,26.41782],[79.09193,26.41674],[79.09269,26.41615],[79.09704,26.4126],[79.10068,26.41173],[79.1149,26.41559],[79.11723,26.41712],[79.11682,26.42422],[79.11911,26.43288],[79.12328,26.44064],[79.12676,26.44481],[79.14456,26.44493],[79.14915,26.44408],[79.16342,26.43971],[79.17191,26.43538],[79.17501,26.43514],[79.1788,26.43634],[79.18375,26.43063],[79.18745,26.43074],[79.19909,26.43643],[79.20161,26.43807],[79.20588,26.4437],[79.21031,26.43758],[79.21751,26.43333],[79.23775,26.43307],[79.24288,26.43338],[79.26072,26.43818],[79.26791,26.44127],[79.27867,26.44729],[79.284,26.448],[79.29105,26.44483],[79.29394,26.44172]]]}},{"type":"Feature","properties":{"ID_0":105,"ISO":"IND","NAME_0":"India","ID_1":33,"NAME_1":"Uttar Pradesh","ID_2":528,"NAME_2":"Jaunpur","NL_NAME_2":null,"VARNAME_2":"Jaupur","TYPE_2":"District","ENGTYPE_2":"District","STATE":"Uttar Pradesh","DISTRICT":"Jaunpur"},"geometry":{"type":"Polygon","coordinates":[[[82.61756,26.18498],[82.617,26.17841],[82.61823,26.17487],[82.62354,26.17371],[82.63505,26.17769],[82.64155,26.17875],[82.64462,26.17736],[82.64345,26.174],[82.63802,26.17113],[82.63374,26.1699],[82.63086,26.16626],[82.63267,26.16297],[82.63744,26.16283],[82.64278,26.16542],[82.64882,26.16957],[82.657,26.16791],[82.66267,26.16509],[82.66701,26.15971],[82.6731,26.15466],[82.67109,26.14696],[82.66098,26.14738],[82.65956,26.14407],[82.66174,26.13831],[82.66545,26.13303],[82.66351,26.12694],[82.66647,26.12435],[82.67003,26.12345],[82.6731,26.1196],[82.6733,26.11523],[82.67168,26.11001],[82.67485,26.1064],[82.68264,26.10109],[82.69093,26.10137],[82.69813,26.09725],[82.69897,26.09308],[82.69817,26.08781],[82.69202,26.07463],[82.69228,26.07088],[82.7003,26.06597],[82.70598,26.05532],[82.70174,26.05276],[82.69441,26.05071],[82.69286,26.0478],[82.69257,26.04358],[82.69746,26.04281],[82.70986,26.04565],[82.71252,26.04535],[82.71295,26.03788],[82.7068,26.0363],[82.70598,26.03437],[82.69782,26.02973],[82.6999,26.02722],[82.71555,26.02977],[82.72396,26.02815],[82.71987,26.01411],[82.71966,26.00399],[82.71874,26.00339],[82.71721,26.00063],[82.7174,25.9985],[82.71815,25.99632],[82.71821,25.99523],[82.71872,25.99258],[82.71954,25.9912],[82.72087,25.98947],[82.72296,25.98728],[82.72411,25.98631],[82.72613,25.98527],[82.72555,25.98377],[82.72556,25.98268],[82.72588,25.9809],[82.72592,25.97935],[82.72663,25.97664],[82.72733,25.97285],[82.7289,25.97141],[82.73226,25.97014],[82.73563,25.96869],[82.7362,25.968],[82.73701,25.96432],[82.73968,25.9573],[82.74062,25.95391],[82.74149,25.95189],[82.74194,25.94988],[82.74245,25.94895],[82.74535,25.94572],[82.74573,25.94417],[82.74541,25.94199],[82.74422,25.9398],[82.74464,25.93768],[82.74612,25.93715],[82.75079,25.93582],[82.75213,25.9345],[82.75085,25.93294],[82.74945,25.9307],[82.74857,25.92835],[82.74926,25.92714],[82.7533,25.92713],[82.75489,25.92626],[82.75629,25.92321],[82.75597,25.92091],[82.75571,25.91786],[82.75584,25.9166],[82.75653,25.91487],[82.75779,25.91216],[82.75938,25.90929],[82.76082,25.90704],[82.76189,25.90501],[82.76285,25.90185],[82.76468,25.89753],[82.76353,25.89674],[82.76283,25.89656],[82.76101,25.89657],[82.75839,25.89641],[82.75793,25.89283],[82.75839,25.89077],[82.75845,25.88789],[82.75864,25.88582],[82.76065,25.88518],[82.76173,25.88523],[82.76515,25.88517],[82.76657,25.88425],[82.76324,25.87966],[82.76171,25.87718],[82.75796,25.87333],[82.75688,25.87162],[82.75581,25.86915],[82.75555,25.86719],[82.75567,25.86449],[82.75623,25.86225],[82.75677,25.86089],[82.75698,25.86037],[82.75718,25.8591],[82.75827,25.85536],[82.75934,25.85409],[82.75864,25.85272],[82.75665,25.85082],[82.75539,25.84945],[82.75201,25.84462],[82.75112,25.84353],[82.74962,25.84152],[82.74916,25.84003],[82.75264,25.83605],[82.75453,25.83444],[82.75745,25.83259],[82.75967,25.83166],[82.76309,25.83096],[82.76663,25.83049],[82.77158,25.82962],[82.7743,25.82903],[82.77654,25.82897],[82.77779,25.82821],[82.77836,25.82488],[82.7786,25.82396],[82.77949,25.82189],[82.78169,25.81905],[82.78335,25.81842],[82.78474,25.81819],[82.78671,25.81599],[82.78777,25.81513],[82.78992,25.81317],[82.79462,25.80855],[82.7965,25.80687],[82.79885,25.8051],[82.80044,25.8052],[82.79941,25.80318],[82.79946,25.80198],[82.79929,25.80094],[82.79807,25.79821],[82.79768,25.79671],[82.79729,25.79412],[82.79723,25.79133],[82.79792,25.7903],[82.79938,25.7891],[82.8011,25.7879],[82.80362,25.78682],[82.8056,25.78586],[82.80793,25.78449],[82.80921,25.78359],[82.81091,25.78176],[82.81192,25.77993],[82.81452,25.77577],[82.81618,25.77441],[82.81742,25.77368],[82.82034,25.77221],[82.82187,25.77137],[82.82663,25.76913],[82.82922,25.76851],[82.83139,25.76826],[82.83501,25.76796],[82.83932,25.76718],[82.84415,25.76775],[82.84537,25.76858],[82.84722,25.76962],[82.84874,25.7702],[82.8504,25.77096],[82.85445,25.77211],[82.85559,25.77228],[82.85667,25.77234],[82.85966,25.77343],[82.86218,25.77273],[82.86471,25.77277],[82.86723,25.77293],[82.87211,25.77173],[82.87616,25.77133],[82.87875,25.77089],[82.8814,25.77075],[82.88561,25.77263],[82.8871,25.77342],[82.88816,25.77386],[82.89032,25.77566],[82.89082,25.77554],[82.89214,25.77477],[82.8948,25.77307],[82.89713,25.7712],[82.90009,25.7695],[82.90284,25.76757],[82.90578,25.76679],[82.90817,25.76566],[82.91163,25.76309],[82.9139,25.76163],[82.91549,25.76091],[82.91807,25.75996],[82.92023,25.75941],[82.922,25.75886],[82.9223,25.75556],[82.92217,25.7533],[82.92058,25.75061],[82.91702,25.74604],[82.91596,25.7442],[82.91492,25.74191],[82.91553,25.73889],[82.91578,25.73703],[82.91673,25.73313],[82.92014,25.73298],[82.92217,25.73304],[82.92477,25.73372],[82.9254,25.7326],[82.925,25.72772],[82.92729,25.72426],[82.92892,25.72093],[82.93171,25.7179],[82.93283,25.71518],[82.93365,25.71183],[82.93543,25.7085],[82.93713,25.70703],[82.93942,25.70661],[82.94261,25.70652],[82.94715,25.70709],[82.94793,25.70704],[82.95149,25.70709],[82.95401,25.70645],[82.95586,25.7049],[82.95744,25.70288],[82.96199,25.69765],[82.9658,25.69445],[82.96861,25.6916],[82.97097,25.68979],[82.97337,25.68621],[82.97399,25.68541],[82.97665,25.68249],[82.97707,25.68214],[82.98057,25.68459],[82.98197,25.6858],[82.98482,25.68722],[82.9866,25.68786],[82.98843,25.68835],[82.98939,25.68891],[82.99027,25.68928],[82.99124,25.69236],[82.99294,25.69802],[82.99267,25.70142],[82.99557,25.71105],[82.99979,25.71536],[83.00117,25.71379],[83.00369,25.71307],[83.00447,25.7107],[83.00733,25.7094],[83.00863,25.7068],[83.01218,25.70808],[83.0155,25.70688],[83.02087,25.70744],[83.02361,25.70017],[83.03248,25.7035],[83.03191,25.69516],[83.03434,25.69197],[83.04388,25.68984],[83.04678,25.68548],[83.0496,25.68452],[83.05687,25.68552],[83.06607,25.68551],[83.06941,25.68415],[83.07118,25.68033],[83.06941,25.67328],[83.05674,25.66402],[83.05592,25.66098],[83.05633,25.65765],[83.05849,25.65417],[83.05825,25.64722],[83.0559,25.63408],[83.05874,25.6249],[83.06183,25.6217],[83.0657,25.61952],[83.06892,25.61574],[83.06954,25.6074],[83.06869,25.60137],[83.06243,25.59973],[83.06019,25.59747],[83.06378,25.59327],[83.07083,25.58841],[83.07895,25.59169],[83.08211,25.57613],[83.0743,25.57236],[83.0705,25.55867],[83.06367,25.55332],[83.05896,25.55809],[83.05482,25.55872],[83.05082,25.55642],[83.04423,25.54709],[83.03934,25.5433],[83.03554,25.54231],[83.03264,25.54522],[83.0207,25.57326],[83.01736,25.57739],[83.01307,25.57808],[83.00823,25.5736],[82.9993,25.56193],[82.99696,25.55615],[83.00124,25.5565],[83.00333,25.55423],[83.00285,25.55101],[83.00011,25.54933],[82.99728,25.54914],[82.99134,25.55349],[82.98724,25.55502],[82.98302,25.55595],[82.9815,25.55638],[82.97932,25.55673],[82.97496,25.55665],[82.97388,25.55647],[82.97147,25.55405],[82.97089,25.55288],[82.97063,25.55123],[82.9698,25.54957],[82.96655,25.54552],[82.96553,25.54396],[82.96489,25.54259],[82.9638,25.53964],[82.96295,25.53795],[82.96046,25.5345],[82.9564,25.5295],[82.95455,25.52793],[82.95361,25.52757],[82.95247,25.52749],[82.94936,25.52706],[82.94576,25.52742],[82.94291,25.52817],[82.94044,25.52919],[82.93778,25.53049],[82.93633,25.53292],[82.93656,25.53807],[82.93611,25.53961],[82.9379,25.54386],[82.93811,25.54569],[82.93716,25.54806],[82.93591,25.54971],[82.93396,25.55303],[82.93296,25.55449],[82.93206,25.55659],[82.93093,25.55892],[82.93018,25.56119],[82.92918,25.56294],[82.92892,25.56398],[82.92791,25.56719],[82.92647,25.56888],[82.92526,25.57012],[82.92197,25.57213],[82.92123,25.57278],[82.92028,25.57313],[82.91731,25.57345],[82.91629,25.57318],[82.9147,25.57256],[82.91293,25.57211],[82.91167,25.57155],[82.90749,25.57256],[82.90559,25.57263],[82.90313,25.57195],[82.90015,25.57162],[82.89745,25.57209],[82.89629,25.57204],[82.89515,25.57216],[82.89296,25.57211],[82.88821,25.57236],[82.88611,25.57184],[82.88429,25.5707],[82.88296,25.57053],[82.88061,25.57006],[82.87365,25.56852],[82.8711,25.56847],[82.86847,25.56998],[82.86778,25.5721],[82.86704,25.57384],[82.86513,25.57694],[82.86318,25.57983],[82.86236,25.58075],[82.85812,25.58278],[82.85681,25.58208],[82.85555,25.58099],[82.85421,25.57955],[82.85103,25.57535],[82.84823,25.57022],[82.84811,25.56971],[82.84709,25.56775],[82.84614,25.56631],[82.84537,25.56631],[82.84386,25.56608],[82.84177,25.56632],[82.84094,25.5666],[82.83868,25.56775],[82.83677,25.56827],[82.8347,25.56954],[82.83282,25.57041],[82.8318,25.57052],[82.83033,25.57052],[82.82951,25.5688],[82.82951,25.56672],[82.82989,25.56488],[82.82976,25.56406],[82.82968,25.56286],[82.82993,25.55982],[82.82973,25.55694],[82.82942,25.55642],[82.82841,25.55556],[82.82549,25.55445],[82.82283,25.55453],[82.8221,25.55503],[82.81968,25.55395],[82.81828,25.55389],[82.81639,25.55429],[82.81404,25.5543],[82.80779,25.55494],[82.80444,25.55546],[82.80268,25.55615],[82.80121,25.55626],[82.80028,25.5561],[82.79913,25.55575],[82.79831,25.55495],[82.79716,25.55345],[82.79604,25.5542],[82.79571,25.55478],[82.79394,25.55553],[82.79281,25.5557],[82.79166,25.55548],[82.79002,25.55461],[82.78921,25.55397],[82.78794,25.55236],[82.78728,25.5507],[82.78635,25.54869],[82.78617,25.54782],[82.78545,25.54558],[82.78489,25.54501],[82.78375,25.545],[82.78298,25.54494],[82.78217,25.54513],[82.77983,25.54622],[82.77914,25.54644],[82.77749,25.54644],[82.77705,25.54622],[82.77641,25.54404],[82.77622,25.54214],[82.77565,25.53839],[82.77476,25.53604],[82.77405,25.53454],[82.77354,25.53362],[82.77298,25.53292],[82.77221,25.53224],[82.77101,25.53172],[82.76919,25.53161],[82.76614,25.53179],[82.76488,25.53202],[82.76299,25.53271],[82.76141,25.53346],[82.76027,25.53415],[82.75933,25.53501],[82.75806,25.53599],[82.7566,25.53743],[82.75573,25.53854],[82.75454,25.5402],[82.75226,25.54405],[82.74918,25.54447],[82.74835,25.5444],[82.74633,25.54446],[82.74277,25.54493],[82.74158,25.54556],[82.73961,25.54632],[82.73917,25.54733],[82.73587,25.54821],[82.73472,25.54884],[82.73383,25.54908],[82.73302,25.54891],[82.73157,25.54885],[82.72985,25.54897],[82.72815,25.54898],[82.72581,25.54835],[82.71928,25.54474],[82.71809,25.54428],[82.71746,25.54394],[82.71562,25.54251],[82.71435,25.54124],[82.71315,25.53923],[82.70924,25.53735],[82.70663,25.5358],[82.70528,25.53437],[82.70531,25.53361],[82.70618,25.53264],[82.70713,25.53212],[82.70927,25.52992],[82.71131,25.52808],[82.71275,25.52733],[82.71521,25.52583],[82.71609,25.52421],[82.71692,25.52179],[82.71664,25.51823],[82.71665,25.5161],[82.71709,25.51351],[82.71716,25.51151],[82.71677,25.50764],[82.71626,25.50625],[82.7153,25.50494],[82.7117,25.50363],[82.70988,25.50305],[82.70822,25.50266],[82.70734,25.5033],[82.70583,25.49979],[82.70512,25.49761],[82.70323,25.49242],[82.70201,25.48853],[82.70201,25.48536],[82.70244,25.48428],[82.70473,25.48363],[82.70813,25.48225],[82.71155,25.47999],[82.71658,25.4771],[82.71754,25.47658],[82.71989,25.47525],[82.72137,25.47473],[82.7226,25.47443],[82.72398,25.47432],[82.7272,25.4738],[82.72771,25.47362],[82.72794,25.47059],[82.72764,25.46822],[82.72757,25.46604],[82.72777,25.46488],[82.72667,25.46431],[82.72511,25.46408],[82.72276,25.46386],[82.72068,25.46391],[82.71567,25.46358],[82.71309,25.46319],[82.70519,25.46257],[82.70184,25.46189],[82.69881,25.4611],[82.69721,25.46035],[82.69679,25.45984],[82.69735,25.45742],[82.69729,25.4566],[82.69672,25.45466],[82.69614,25.45391],[82.69551,25.45334],[82.69438,25.45161],[82.69418,25.45104],[82.69406,25.44995],[82.69607,25.44948],[82.69715,25.44948],[82.69878,25.44987],[82.7,25.44981],[82.70107,25.44821],[82.70194,25.44774],[82.7048,25.44693],[82.70814,25.44491],[82.7092,25.44404],[82.71041,25.44278],[82.71116,25.44133],[82.71179,25.43754],[82.71154,25.43627],[82.70976,25.43581],[82.70415,25.43543],[82.70225,25.43521],[82.69535,25.4351],[82.69398,25.43516],[82.69132,25.43494],[82.69011,25.43494],[82.68733,25.43476],[82.68393,25.43421],[82.67995,25.43272],[82.6788,25.42863],[82.67651,25.4218],[82.67608,25.41979],[82.67607,25.41816],[82.67589,25.41559],[82.67594,25.4145],[82.67619,25.41288],[82.67683,25.41139],[82.67764,25.40995],[82.67947,25.4073],[82.67972,25.40626],[82.68035,25.40505],[82.68155,25.4031],[82.68256,25.40165],[82.68452,25.39964],[82.68522,25.39866],[82.68514,25.39728],[82.68438,25.39652],[82.68255,25.39797],[82.68079,25.39872],[82.67436,25.40104],[82.67056,25.40197],[82.66777,25.40237],[82.66607,25.40249],[82.66228,25.4025],[82.66033,25.40234],[82.65691,25.4024],[82.6545,25.40235],[82.64606,25.40185],[82.63918,25.40077],[82.6381,25.40013],[82.6369,25.39973],[82.63613,25.39927],[82.63436,25.39859],[82.62982,25.39733],[82.62762,25.39687],[82.62465,25.39659],[82.62383,25.39625],[82.61929,25.39544],[82.61807,25.3954],[82.61659,25.39551],[82.61246,25.3961],[82.61113,25.39645],[82.61012,25.39684],[82.60886,25.39817],[82.60841,25.39886],[82.60835,25.40127],[82.60853,25.40214],[82.60999,25.40351],[82.61119,25.40484],[82.61221,25.4057],[82.61303,25.40656],[82.61474,25.40673],[82.61631,25.40667],[82.61892,25.40598],[82.62186,25.40436],[82.62376,25.4036],[82.62592,25.40332],[82.62681,25.40338],[82.62837,25.40378],[82.62982,25.40475],[82.6307,25.4068],[82.63058,25.40878],[82.63014,25.40975],[82.62902,25.41091],[82.62698,25.412],[82.62511,25.41293],[82.62093,25.41449],[82.6172,25.41518],[82.61506,25.41599],[82.61135,25.41836],[82.60848,25.41963],[82.60534,25.42009],[82.60216,25.41992],[82.60014,25.41935],[82.59763,25.41878],[82.59586,25.41861],[82.59423,25.41821],[82.59252,25.41822],[82.59055,25.42007],[82.58987,25.42196],[82.59094,25.42466],[82.5924,25.42674],[82.59398,25.42869],[82.59595,25.43047],[82.5975,25.43219],[82.60036,25.43546],[82.60332,25.43908],[82.60414,25.44034],[82.60505,25.44333],[82.6053,25.4461],[82.60428,25.44863],[82.60303,25.45053],[82.60175,25.45105],[82.60043,25.45203],[82.5979,25.4533],[82.59543,25.45347],[82.5938,25.45336],[82.59203,25.45336],[82.5881,25.45303],[82.58666,25.45308],[82.58527,25.45337],[82.58355,25.45383],[82.58023,25.45494],[82.57693,25.45551],[82.57409,25.45506],[82.57225,25.45432],[82.57148,25.45138],[82.57156,25.44798],[82.57244,25.44368],[82.57344,25.44102],[82.57397,25.43815],[82.57406,25.4351],[82.57427,25.43332],[82.5742,25.43187],[82.57376,25.42975],[82.57264,25.42584],[82.5715,25.42342],[82.56959,25.42026],[82.56876,25.419],[82.56738,25.41832],[82.56503,25.41763],[82.56309,25.41774],[82.56195,25.41803],[82.56024,25.42011],[82.55937,25.42189],[82.55771,25.42627],[82.55727,25.43455],[82.55696,25.4365],[82.55702,25.43835],[82.55684,25.4426],[82.55665,25.44559],[82.55627,25.44961],[82.55476,25.45278],[82.55294,25.45532],[82.55165,25.45734],[82.55039,25.45883],[82.54578,25.46251],[82.54382,25.4635],[82.53833,25.46477],[82.53663,25.46471],[82.53478,25.46511],[82.53341,25.46507],[82.53297,25.46149],[82.53333,25.45822],[82.53378,25.45671],[82.53416,25.4562],[82.53517,25.45574],[82.53751,25.45499],[82.53979,25.45447],[82.54073,25.45395],[82.54364,25.452],[82.54546,25.45055],[82.5456,25.45009],[82.54566,25.44785],[82.54527,25.44595],[82.54476,25.44411],[82.54388,25.44244],[82.54205,25.44118],[82.53758,25.43992],[82.53593,25.43964],[82.53201,25.4397],[82.5293,25.44022],[82.52494,25.44137],[82.52273,25.44223],[82.52078,25.44339],[82.51926,25.44403],[82.51646,25.44432],[82.51363,25.4442],[82.51111,25.44427],[82.50624,25.44462],[82.50504,25.44715],[82.50543,25.44818],[82.50593,25.45002],[82.50629,25.45296],[82.50604,25.45456],[82.50565,25.45583],[82.50433,25.4583],[82.50351,25.45922],[82.50207,25.46182],[82.50085,25.4625],[82.50041,25.46417],[82.50036,25.46591],[82.50041,25.46866],[82.49959,25.47074],[82.49896,25.47159],[82.49802,25.47315],[82.49752,25.47367],[82.497,25.47511],[82.49561,25.4766],[82.49441,25.47764],[82.49239,25.47873],[82.49038,25.47926],[82.48608,25.48001],[82.48489,25.47995],[82.48307,25.47972],[82.48107,25.47881],[82.47842,25.478],[82.4764,25.47703],[82.47356,25.47484],[82.47142,25.47392],[82.46926,25.47312],[82.46775,25.47232],[82.4632,25.47065],[82.46214,25.47053],[82.46124,25.471],[82.46098,25.47151],[82.45948,25.47376],[82.45721,25.47582],[82.45763,25.47698],[82.45808,25.47738],[82.45929,25.47807],[82.46104,25.47974],[82.46243,25.48123],[82.46446,25.48237],[82.46649,25.48307],[82.46686,25.48364],[82.47041,25.48583],[82.47111,25.48669],[82.47123,25.48801],[82.47096,25.48916],[82.46901,25.4902],[82.46579,25.4909],[82.46062,25.49176],[82.45821,25.49171],[82.45617,25.49194],[82.45157,25.49332],[82.44763,25.4943],[82.44424,25.49551],[82.44234,25.49678],[82.44133,25.49729],[82.44043,25.49804],[82.44035,25.49891],[82.43999,25.50012],[82.43873,25.50236],[82.43874,25.50436],[82.43854,25.50587],[82.43873,25.50908],[82.43866,25.5111],[82.43884,25.51271],[82.43878,25.51392],[82.4389,25.51513],[82.43891,25.51675],[82.43852,25.51823],[82.43589,25.52002],[82.43437,25.52013],[82.43158,25.52002],[82.42841,25.51973],[82.42594,25.51916],[82.4243,25.51933],[82.42196,25.51939],[82.42039,25.51927],[82.41868,25.51939],[82.4176,25.51899],[82.41704,25.51778],[82.41667,25.51732],[82.4164,25.51686],[82.41538,25.51462],[82.41421,25.5129],[82.41304,25.51157],[82.41218,25.51088],[82.41058,25.51007],[82.40878,25.50892],[82.40757,25.50841],[82.40591,25.50731],[82.40599,25.5068],[82.40635,25.50594],[82.40771,25.50427],[82.40833,25.50295],[82.40908,25.50174],[82.40948,25.50122],[82.41029,25.50041],[82.40878,25.49851],[82.40663,25.4968],[82.40556,25.49552],[82.40485,25.49455],[82.4041,25.49373],[82.40361,25.4934],[82.40326,25.49523],[82.40208,25.49731],[82.40044,25.49978],[82.39924,25.50128],[82.39865,25.50271],[82.39726,25.50507],[82.39556,25.50709],[82.39448,25.5087],[82.39335,25.51014],[82.39156,25.51503],[82.39112,25.5171],[82.3908,25.51916],[82.39024,25.5213],[82.38928,25.52256],[82.38886,25.52309],[82.38841,25.52367],[82.38795,25.5245],[82.38473,25.52354],[82.38454,25.52273],[82.38436,25.52129],[82.38449,25.51998],[82.38506,25.51802],[82.38481,25.51664],[82.38359,25.51612],[82.38279,25.51623],[82.37809,25.5179],[82.37715,25.51831],[82.3752,25.5194],[82.37208,25.52095],[82.37154,25.52107],[82.37046,25.52072],[82.36874,25.52056],[82.3659,25.52159],[82.36425,25.52193],[82.36273,25.52141],[82.3614,25.52061],[82.36224,25.51934],[82.36522,25.51692],[82.36678,25.51583],[82.36768,25.51491],[82.36811,25.51266],[82.3678,25.51186],[82.36718,25.51129],[82.3661,25.51094],[82.36477,25.51094],[82.36319,25.51105],[82.35794,25.51158],[82.35496,25.51261],[82.35345,25.51342],[82.35086,25.51423],[82.3484,25.5148],[82.34656,25.51544],[82.34568,25.51584],[82.34391,25.51761],[82.34347,25.51848],[82.34268,25.52066],[82.34201,25.5236],[82.3415,25.52711],[82.34155,25.52762],[82.34105,25.53016],[82.34059,25.53131],[82.33918,25.53223],[82.33794,25.53332],[82.333,25.53677],[82.33136,25.53751],[82.32907,25.53798],[82.32687,25.53913],[82.32606,25.5393],[82.3249,25.53912],[82.32314,25.53924],[82.32168,25.53923],[82.32256,25.54005],[82.32156,25.54119],[82.31819,25.54556],[82.31729,25.54648],[82.3161,25.54706],[82.31288,25.54838],[82.30952,25.5501],[82.30408,25.55212],[82.30157,25.55252],[82.30035,25.55258],[82.29821,25.55286],[82.29738,25.55286],[82.29618,25.55263],[82.29485,25.55234],[82.29282,25.55155],[82.29149,25.55079],[82.28816,25.54911],[82.28696,25.54871],[82.2847,25.54733],[82.28323,25.5471],[82.28089,25.54716],[82.28024,25.54888],[82.27962,25.55015],[82.27937,25.55158],[82.27855,25.55308],[82.27809,25.55423],[82.27725,25.55555],[82.276,25.55647],[82.27498,25.55676],[82.27373,25.55739],[82.27239,25.55785],[82.26898,25.55883],[82.26657,25.55969],[82.2648,25.56049],[82.26327,25.56107],[82.26284,25.56141],[82.2617,25.56256],[82.25949,25.56497],[82.25734,25.56692],[82.25593,25.56762],[82.25417,25.56808],[82.25011,25.56709],[82.24702,25.56703],[82.24576,25.56726],[82.24409,25.56732],[82.24227,25.56761],[82.24052,25.56812],[82.23828,25.56926],[82.23676,25.57048],[82.23732,25.57145],[82.23776,25.57265],[82.23827,25.57359],[82.24047,25.57687],[82.24117,25.57802],[82.24212,25.57928],[82.24357,25.5828],[82.24211,25.58268],[82.23976,25.58415],[82.2371,25.58469],[82.23565,25.58543],[82.23408,25.58641],[82.23242,25.58664],[82.23045,25.58749],[82.22836,25.58823],[82.22659,25.58899],[82.22437,25.58962],[82.21994,25.59117],[82.21496,25.59197],[82.21318,25.59207],[82.21191,25.59232],[82.21071,25.59247],[82.20824,25.59213],[82.20761,25.59201],[82.20609,25.59138],[82.20523,25.59029],[82.20435,25.58902],[82.20352,25.58735],[82.20329,25.58661],[82.20139,25.58344],[82.20007,25.58166],[82.19937,25.58044],[82.19874,25.57975],[82.19697,25.57831],[82.19576,25.57773],[82.19406,25.57785],[82.19331,25.57923],[82.19335,25.58216],[82.19308,25.58382],[82.19302,25.58515],[82.1922,25.58803],[82.19156,25.58814],[82.18954,25.58802],[82.1877,25.58779],[82.18506,25.58704],[82.18321,25.58692],[82.18157,25.58652],[82.17861,25.58548],[82.17754,25.58479],[82.1769,25.58456],[82.17524,25.58432],[82.17387,25.58467],[82.17095,25.58633],[82.1681,25.58834],[82.16659,25.58966],[82.16531,25.59167],[82.16486,25.59283],[82.16428,25.59512],[82.16377,25.59783],[82.16319,25.60007],[82.16275,25.60139],[82.16142,25.60254],[82.1599,25.603],[82.15919,25.60295],[82.15762,25.60322],[82.15421,25.60322],[82.15301,25.6031],[82.15041,25.60327],[82.14857,25.60355],[82.14662,25.60361],[82.14559,25.60424],[82.14483,25.6051],[82.14247,25.61016],[82.14128,25.61188],[82.13995,25.61333],[82.13931,25.61424],[82.13754,25.61625],[82.13613,25.61763],[82.13403,25.62062],[82.13307,25.62165],[82.13206,25.62251],[82.13079,25.62405],[82.12945,25.62635],[82.12855,25.62849],[82.12806,25.63033],[82.12627,25.63309],[82.12469,25.63497],[82.12373,25.63555],[82.12201,25.63642],[82.11947,25.63836],[82.11783,25.63991],[82.11459,25.64325],[82.11218,25.64687],[82.11285,25.64842],[82.11337,25.64928],[82.11401,25.64992],[82.11526,25.65038],[82.11652,25.65072],[82.11753,25.65078],[82.12014,25.65073],[82.12179,25.65044],[82.12273,25.65062],[82.124,25.65155],[82.12512,25.65287],[82.12702,25.65362],[82.1286,25.6546],[82.13062,25.65508],[82.13169,25.65547],[82.13227,25.65524],[82.13322,25.65502],[82.13403,25.65489],[82.13538,25.65495],[82.13606,25.65571],[82.13524,25.65651],[82.13459,25.65737],[82.13378,25.65817],[82.13245,25.65897],[82.13199,25.65938],[82.13036,25.66041],[82.12984,25.66099],[82.13047,25.66288],[82.13122,25.66519],[82.13285,25.66904],[82.1338,25.67083],[82.13425,25.67134],[82.13488,25.67159],[82.13632,25.67193],[82.1374,25.6721],[82.14081,25.6732],[82.14191,25.67338],[82.14322,25.67395],[82.14359,25.67441],[82.14561,25.67752],[82.14637,25.67902],[82.14681,25.68034],[82.14724,25.68258],[82.14983,25.68305],[82.15211,25.68363],[82.15376,25.68501],[82.1552,25.68674],[82.1562,25.68934],[82.15658,25.69175],[82.15852,25.69883],[82.15878,25.70051],[82.15946,25.70252],[82.16026,25.70579],[82.16198,25.70775],[82.16317,25.70838],[82.16526,25.70891],[82.16652,25.70827],[82.16901,25.70672],[82.1706,25.70558],[82.17217,25.70465],[82.17496,25.70415],[82.17564,25.7069],[82.17742,25.70915],[82.17759,25.70984],[82.17898,25.71209],[82.18044,25.7148],[82.18131,25.71756],[82.18163,25.71934],[82.1823,25.72216],[82.18264,25.72417],[82.18268,25.72618],[82.18243,25.72809],[82.18211,25.72963],[82.18229,25.73199],[82.18304,25.73389],[82.18387,25.73568],[82.1848,25.73701],[82.18569,25.73867],[82.18644,25.73965],[82.18789,25.74282],[82.18789,25.7435],[82.18624,25.7443],[82.18483,25.74632],[82.18459,25.74867],[82.18266,25.75189],[82.18127,25.75535],[82.18024,25.75672],[82.17884,25.75891],[82.17796,25.76086],[82.17732,25.76264],[82.17719,25.7646],[82.1768,25.76564],[82.17871,25.76587],[82.18572,25.7657],[82.18801,25.76629],[82.188,25.76858],[82.18729,25.77042],[82.18641,25.77158],[82.18484,25.77267],[82.18388,25.77283],[82.18051,25.77162],[82.17925,25.77128],[82.17773,25.77116],[82.17609,25.77208],[82.17488,25.77443],[82.17336,25.77685],[82.17251,25.77972],[82.17195,25.7811],[82.17226,25.78225],[82.1704,25.78421],[82.16856,25.78512],[82.1673,25.78621],[82.16552,25.78753],[82.16423,25.78915],[82.16319,25.79029],[82.16202,25.79132],[82.16082,25.79374],[82.16206,25.79984],[82.16363,25.80329],[82.16406,25.80381],[82.16598,25.80451],[82.16985,25.80389],[82.17212,25.80364],[82.17294,25.80348],[82.17426,25.80544],[82.17363,25.80745],[82.1728,25.80901],[82.17116,25.81125],[82.1714,25.81256],[82.1714,25.81441],[82.1717,25.81607],[82.17081,25.81935],[82.17011,25.82038],[82.16953,25.82154],[82.16793,25.82401],[82.16812,25.82608],[82.16964,25.82832],[82.17077,25.82947],[82.17433,25.83264],[82.17596,25.83334],[82.17774,25.83272],[82.18147,25.83196],[82.18383,25.8311],[82.18788,25.82892],[82.19094,25.82657],[82.19379,25.8245],[82.19512,25.82375],[82.19622,25.8233],[82.1983,25.82295],[82.19924,25.82336],[82.19981,25.82434],[82.1995,25.82635],[82.19846,25.82991],[82.19892,25.83124],[82.20028,25.83279],[82.20359,25.83343],[82.20467,25.83371],[82.20549,25.83441],[82.20586,25.83498],[82.20771,25.83729],[82.208,25.83942],[82.20858,25.84137],[82.20952,25.84184],[82.21282,25.84063],[82.21708,25.83983],[82.21752,25.83949],[82.21999,25.83851],[82.22374,25.83724],[82.22552,25.8361],[82.22926,25.83472],[82.23458,25.83415],[82.23597,25.83489],[82.24231,25.83566],[82.24693,25.83601],[82.24961,25.8371],[82.25092,25.83865],[82.25593,25.84262],[82.25403,25.84371],[82.25565,25.84521],[82.2582,25.84717],[82.2594,25.84849],[82.26147,25.85056],[82.2639,25.85028],[82.26528,25.84845],[82.26593,25.84724],[82.26782,25.84528],[82.26985,25.84563],[82.27123,25.8477],[82.2713,25.84994],[82.27206,25.85253],[82.2756,25.85615],[82.27592,25.85811],[82.27793,25.86053],[82.28033,25.86283],[82.28199,25.86634],[82.28249,25.86761],[82.28313,25.87066],[82.28323,25.87324],[82.28304,25.87624],[82.28271,25.87831],[82.28195,25.88136],[82.28239,25.88302],[82.28473,25.88578],[82.28702,25.88786],[82.28764,25.88958],[82.28763,25.89124],[82.28738,25.89303],[82.28724,25.89384],[82.28743,25.89527],[82.29148,25.89717],[82.29598,25.89942],[82.29789,25.90045],[82.29965,25.90097],[82.30283,25.90287],[82.30454,25.90345],[82.30712,25.90437],[82.31068,25.90472],[82.31214,25.90494],[82.31519,25.90466],[82.31645,25.90443],[82.31951,25.90409],[82.32311,25.9038],[82.32489,25.90374],[82.32603,25.90455],[82.32642,25.90541],[82.32642,25.9064],[82.32767,25.90714],[82.3287,25.90747],[82.33022,25.90748],[82.33109,25.90897],[82.33141,25.91088],[82.33299,25.91202],[82.33458,25.91375],[82.33514,25.91536],[82.33635,25.91725],[82.33762,25.91846],[82.34016,25.91846],[82.34116,25.91761],[82.34276,25.91466],[82.34372,25.91242],[82.34486,25.91121],[82.34632,25.90942],[82.34689,25.90897],[82.34874,25.90873],[82.34949,25.91075],[82.34999,25.91144],[82.35121,25.91148],[82.3536,25.91126],[82.35476,25.91102],[82.35603,25.91148],[82.35761,25.91291],[82.35969,25.91426],[82.36216,25.91567],[82.3638,25.91648],[82.36571,25.91705],[82.36698,25.91676],[82.36897,25.91537],[82.37029,25.91416],[82.37117,25.91324],[82.37296,25.91226],[82.3744,25.91174],[82.37611,25.91162],[82.37948,25.91226],[82.3836,25.91253],[82.38562,25.913],[82.38709,25.91409],[82.3867,25.9157],[82.38618,25.91691],[82.3857,25.91732],[82.38428,25.91819],[82.38239,25.92007],[82.38111,25.921],[82.37998,25.92221],[82.37959,25.92394],[82.38104,25.92849],[82.38326,25.93315],[82.38451,25.93775],[82.38391,25.93769],[82.3828,25.93723],[82.37896,25.93667],[82.37577,25.93655],[82.37343,25.93592],[82.37197,25.9357],[82.37038,25.93679],[82.37107,25.94019],[82.37119,25.94197],[82.37088,25.94312],[82.36434,25.94451],[82.36288,25.94457],[82.36028,25.94486],[82.35978,25.94474],[82.35502,25.94457],[82.35399,25.94475],[82.35222,25.94561],[82.35055,25.94757],[82.34986,25.94809],[82.34892,25.94936],[82.34763,25.9516],[82.34702,25.95349],[82.34688,25.95442],[82.347,25.957],[82.34016,25.95867],[82.33849,25.95943],[82.33816,25.96155],[82.3388,25.96333],[82.34045,25.96506],[82.34306,25.96645],[82.34457,25.9665],[82.34843,25.96633],[82.35059,25.96661],[82.35345,25.96782],[82.35535,25.96897],[82.35637,25.97058],[82.35656,25.97161],[82.35662,25.97363],[82.35701,25.97529],[82.35952,25.98255],[82.36028,25.98351],[82.36193,25.98514],[82.36517,25.9837],[82.36746,25.98179],[82.36961,25.98156],[82.37159,25.98168],[82.37386,25.9811],[82.37831,25.98063],[82.38078,25.98006],[82.38588,25.9792],[82.38796,25.97862],[82.39024,25.97741],[82.39329,25.97689],[82.39525,25.97637],[82.3992,25.97671],[82.40224,25.97757],[82.4028,25.97792],[82.40453,25.97964],[82.40661,25.98142],[82.4098,25.98135],[82.41277,25.98106],[82.41444,25.98129],[82.41619,25.98295],[82.41727,25.98484],[82.41879,25.98588],[82.42108,25.98611],[82.42222,25.98485],[82.42772,25.98478],[82.42786,25.98841],[82.42823,25.99042],[82.42551,25.99087],[82.42324,25.99105],[82.42125,25.99145],[82.41903,25.99364],[82.41835,25.99604],[82.41795,25.99869],[82.41902,26.00041],[82.42043,26.00242],[82.42201,26.00443],[82.42324,26.01235],[82.42748,26.01089],[82.4359,26.00887],[82.44654,26.00818],[82.46838,26.00836],[82.47569,26.00439],[82.47552,26.00319],[82.47672,26.00205],[82.47748,25.9994],[82.47755,25.99785],[82.47825,25.99572],[82.47838,25.99354],[82.47845,25.98654],[82.4787,25.98499],[82.47889,25.9813],[82.47922,25.97746],[82.47965,25.9762],[82.4801,25.97569],[82.48301,25.97579],[82.48511,25.97608],[82.48917,25.97717],[82.49095,25.97779],[82.49286,25.97849],[82.49418,25.97935],[82.49634,25.98055],[82.49741,25.98124],[82.49895,25.98244],[82.50054,25.98393],[82.50079,25.98462],[82.50179,25.98583],[82.50211,25.98692],[82.50159,25.98864],[82.49958,25.98985],[82.49818,25.99043],[82.49665,25.99089],[82.49493,25.99233],[82.49482,25.99404],[82.49671,25.99624],[82.49773,25.99761],[82.49848,25.99824],[82.49989,25.99905],[82.50142,25.99968],[82.50503,26.00024],[82.50635,26.00025],[82.508,26.00064],[82.51016,26.00139],[82.51176,26.00202],[82.51416,26.00374],[82.51475,26.00436],[82.51286,26.01546],[82.50967,26.01682],[82.50462,26.01735],[82.50069,26.01928],[82.50407,26.02775],[82.50757,26.03117],[82.50732,26.03468],[82.49626,26.04325],[82.48197,26.04587],[82.47672,26.04535],[82.47393,26.04287],[82.47016,26.04147],[82.45761,26.04787],[82.45801,26.05721],[82.45403,26.05747],[82.45585,26.0662],[82.46533,26.06601],[82.4681,26.06796],[82.46972,26.07417],[82.46773,26.07918],[82.46309,26.07787],[82.45798,26.07778],[82.45264,26.08109],[82.44459,26.08776],[82.44034,26.09395],[82.43802,26.09995],[82.42816,26.10162],[82.42787,26.10628],[82.4308,26.11008],[82.43424,26.11177],[82.43678,26.11562],[82.4352,26.12855],[82.4358,26.13626],[82.43879,26.1379],[82.44561,26.1381],[82.45254,26.13732],[82.46857,26.13407],[82.47412,26.14563],[82.47889,26.14747],[82.4855,26.13973],[82.48865,26.1375],[82.49405,26.13732],[82.49892,26.13967],[82.50292,26.14316],[82.50872,26.14154],[82.51096,26.14305],[82.51245,26.14636],[82.51534,26.14711],[82.51833,26.1466],[82.52183,26.14829],[82.5268,26.14931],[82.53094,26.14814],[82.53354,26.14129],[82.54179,26.13801],[82.5462,26.1388],[82.54938,26.13847],[82.55133,26.13643],[82.55555,26.1348],[82.56069,26.13462],[82.56621,26.1432],[82.55741,26.14502],[82.55558,26.1478],[82.55717,26.15158],[82.5621,26.1518],[82.56775,26.15365],[82.56789,26.15613],[82.56327,26.15816],[82.56419,26.16364],[82.56246,26.16695],[82.56915,26.16979],[82.57325,26.17074],[82.57372,26.17663],[82.57211,26.18183],[82.57278,26.18696],[82.57521,26.19152],[82.58276,26.18189],[82.58648,26.18156],[82.58968,26.18468],[82.58831,26.18907],[82.59163,26.19962],[82.59748,26.19878],[82.60177,26.19691],[82.60662,26.19402],[82.61,26.19035],[82.61089,26.18627],[82.6142,26.18513],[82.61756,26.18498]]]}},{"type":"Feature","properties":{"ID_0":105,"ISO":"IND","NAME_0":"India","ID_1":33,"NAME_1":"Uttar Pradesh","ID_2":529,"NAME_2":"Jhansi","NL_NAME_2":null,"VARNAME_2":null,"TYPE_2":"District","ENGTYPE_2":"District","STATE":"Uttar Pradesh","DISTRICT":"Jhansi"},"geometry":{"type":"Polygon","coordinates":[[[78.94179,25.95214],[78.95744,25.94156],[78.96299,25.94346],[78.97149,25.94867],[78.98103,25.94581],[78.98998,25.94086],[78.99201,25.94072],[78.99364,25.94052],[78.99583,25.93877],[78.99995,25.93967],[79.00706,25.942],[79.00957,25.94371],[79.01086,25.94559],[79.03055,25.94048],[79.03298,25.93777],[79.03427,25.93271],[79.06539,25.92621],[79.07786,25.92175],[79.07829,25.92067],[79.07513,25.91339],[79.07417,25.91001],[79.07214,25.90944],[79.06251,25.91222],[79.0538,25.91261],[79.05013,25.91194],[79.04848,25.90782],[79.04866,25.8984],[79.04693,25.89721],[79.04523,25.89704],[79.04108,25.89816],[79.03914,25.89954],[79.04005,25.90466],[79.03155,25.90591],[79.02534,25.90876],[79.0228,25.90906],[79.02229,25.9078],[79.02433,25.9032],[79.02499,25.89791],[79.02709,25.89268],[79.03663,25.88515],[79.03291,25.87645],[79.03269,25.873],[79.04044,25.86813],[79.05572,25.86166],[79.05856,25.86158],[79.06055,25.86565],[79.06364,25.86585],[79.06792,25.86456],[79.06963,25.86605],[79.07016,25.8676],[79.06999,25.87098],[79.06646,25.87239],[79.06603,25.87451],[79.06676,25.88158],[79.06995,25.89304],[79.07005,25.89568],[79.07913,25.89619],[79.08714,25.89517],[79.09372,25.89708],[79.10015,25.89617],[79.09725,25.88695],[79.09683,25.88172],[79.08998,25.8666],[79.0918,25.86354],[79.10075,25.86163],[79.10667,25.85947],[79.10752,25.86463],[79.10861,25.86601],[79.10685,25.86918],[79.10907,25.87176],[79.11079,25.87289],[79.11917,25.87082],[79.11563,25.85816],[79.11315,25.85403],[79.11371,25.85277],[79.11925,25.85153],[79.11515,25.83988],[79.11015,25.83016],[79.10984,25.82974],[79.11292,25.82641],[79.11946,25.82372],[79.12584,25.81885],[79.12892,25.81768],[79.14331,25.81425],[79.1591,25.81236],[79.16034,25.81208],[79.16571,25.81088],[79.17916,25.80658],[79.19337,25.79987],[79.1943,25.79872],[79.19946,25.79765],[79.20342,25.79549],[79.20561,25.79514],[79.21834,25.80003],[79.22303,25.80327],[79.22514,25.80682],[79.22961,25.80881],[79.23035,25.81296],[79.2355,25.81201],[79.23952,25.80967],[79.24716,25.80318],[79.25464,25.79904],[79.25803,25.79758],[79.26583,25.80148],[79.26782,25.80772],[79.27341,25.81858],[79.28163,25.82123],[79.28782,25.82083],[79.29392,25.8174],[79.29382,25.81383],[79.29142,25.80754],[79.28665,25.80281],[79.28377,25.79738],[79.28925,25.79067],[79.29906,25.7872],[79.30452,25.78382],[79.30751,25.78098],[79.30925,25.77746],[79.31201,25.77474],[79.31996,25.77617],[79.32629,25.77956],[79.33521,25.78885],[79.33781,25.79031],[79.35279,25.79329],[79.36181,25.79149],[79.37012,25.79188],[79.37315,25.79335],[79.37371,25.79105],[79.37579,25.79131],[79.37904,25.79426],[79.38984,25.8014],[79.39265,25.79828],[79.39379,25.7935],[79.39388,25.78885],[79.39245,25.78525],[79.39077,25.78342],[79.38711,25.7815],[79.38103,25.78012],[79.37587,25.77993],[79.36649,25.78174],[79.36175,25.78156],[79.35624,25.77954],[79.35546,25.77718],[79.35563,25.77546],[79.35732,25.77321],[79.35908,25.77245],[79.36652,25.76577],[79.36567,25.75556],[79.36608,25.75337],[79.36746,25.75147],[79.37655,25.74799],[79.39001,25.74643],[79.39204,25.74567],[79.39265,25.74348],[79.39188,25.74137],[79.38544,25.73464],[79.3734,25.7274],[79.366,25.72069],[79.36459,25.71018],[79.36484,25.70427],[79.36582,25.70156],[79.36718,25.70023],[79.37815,25.69289],[79.37939,25.69024],[79.37918,25.68806],[79.37679,25.6832],[79.37041,25.67418],[79.37119,25.67038],[79.37443,25.66725],[79.37925,25.66434],[79.39562,25.66207],[79.39803,25.65773],[79.39593,25.65517],[79.39339,25.65377],[79.38734,25.65237],[79.37334,25.65301],[79.36695,25.65491],[79.35993,25.65406],[79.35361,25.65157],[79.35271,25.64819],[79.35361,25.64543],[79.3594,25.63757],[79.36822,25.62911],[79.37037,25.62547],[79.3666,25.6147],[79.36673,25.60774],[79.37132,25.60024],[79.37277,25.59569],[79.37786,25.5864],[79.38128,25.58229],[79.38324,25.58204],[79.38871,25.58315],[79.40533,25.58846],[79.41006,25.58818],[79.41199,25.58598],[79.41281,25.58229],[79.41021,25.57891],[79.40899,25.57808],[79.39827,25.57582],[79.39433,25.57224],[79.39449,25.56856],[79.39954,25.55846],[79.40189,25.55424],[79.40255,25.5504],[79.40087,25.5465],[79.39747,25.54148],[79.39081,25.53424],[79.38111,25.52686],[79.37854,25.52297],[79.37601,25.51565],[79.37463,25.51479],[79.3705,25.50449],[79.36369,25.4979],[79.3594,25.49517],[79.35476,25.49027],[79.36185,25.46988],[79.3605,25.46723],[79.35885,25.46473],[79.35306,25.45995],[79.3342,25.44645],[79.32493,25.4363],[79.32478,25.4332],[79.3327,25.41355],[79.33264,25.40677],[79.32934,25.40519],[79.31682,25.40398],[79.30977,25.3957],[79.30601,25.39005],[79.29556,25.38232],[79.29185,25.38092],[79.28716,25.36332],[79.27985,25.35338],[79.27308,25.34862],[79.26957,25.34387],[79.26943,25.34198],[79.2729,25.32972],[79.27652,25.32703],[79.2676,25.31875],[79.26014,25.31024],[79.25799,25.29837],[79.25601,25.29172],[79.25684,25.28499],[79.25628,25.28212],[79.25651,25.27947],[79.25901,25.27421],[79.25945,25.27144],[79.26196,25.26773],[79.26566,25.2664],[79.26878,25.26646],[79.27111,25.2665],[79.2753,25.26929],[79.27787,25.271],[79.28646,25.28107],[79.28775,25.29024],[79.29831,25.27577],[79.30392,25.2654],[79.31004,25.26192],[79.31469,25.26139],[79.31873,25.26307],[79.32339,25.26685],[79.3319,25.27627],[79.33454,25.27571],[79.3379,25.27319],[79.34009,25.27276],[79.34453,25.2643],[79.34129,25.25865],[79.34087,25.25607],[79.34029,25.24308],[79.34128,25.2391],[79.34112,25.23049],[79.33953,25.22809],[79.33198,25.232],[79.33078,25.23207],[79.32912,25.2299],[79.33491,25.22287],[79.34696,25.21424],[79.34338,25.20999],[79.33259,25.20083],[79.32656,25.20851],[79.32578,25.21081],[79.32508,25.21387],[79.32534,25.22244],[79.32433,25.22257],[79.32296,25.22275],[79.31491,25.2196],[79.31339,25.21955],[79.31078,25.21948],[79.30859,25.22319],[79.30048,25.22745],[79.29782,25.23445],[79.29333,25.2402],[79.28401,25.2465],[79.27856,25.24783],[79.2736,25.24812],[79.27391,25.2465],[79.27417,25.24519],[79.27823,25.23829],[79.28149,25.22714],[79.28107,25.22434],[79.27963,25.22171],[79.27802,25.21064],[79.27778,25.20351],[79.2788,25.1974],[79.28352,25.18946],[79.28873,25.18627],[79.29078,25.1839],[79.30189,25.17534],[79.30875,25.16512],[79.3106,25.1609],[79.31454,25.15188],[79.31389,25.15096],[79.30571,25.1399],[79.30322,25.13333],[79.30099,25.13083],[79.29111,25.13126],[79.28218,25.13352],[79.27654,25.12026],[79.27382,25.12168],[79.27,25.12615],[79.26875,25.12623],[79.26007,25.1221],[79.25808,25.12402],[79.25455,25.13046],[79.26208,25.14116],[79.26195,25.14191],[79.25836,25.14391],[79.25935,25.14694],[79.2592,25.15327],[79.256,25.15728],[79.2506,25.16121],[79.24584,25.16196],[79.23584,25.16096],[79.22518,25.15817],[79.21965,25.15457],[79.21391,25.14838],[79.22253,25.14562],[79.22399,25.14318],[79.22408,25.14083],[79.22488,25.14023],[79.23754,25.14283],[79.23981,25.14273],[79.24152,25.14092],[79.24353,25.14079],[79.23768,25.13133],[79.23811,25.12672],[79.24014,25.12019],[79.23967,25.11784],[79.23838,25.11637],[79.23489,25.11746],[79.22598,25.12241],[79.22279,25.12325],[79.22011,25.12099],[79.21844,25.11819],[79.2137,25.11648],[79.21067,25.11445],[79.20638,25.11376],[79.2071,25.12439],[79.19794,25.12819],[79.19617,25.13167],[79.19633,25.13805],[79.19672,25.14293],[79.19373,25.14366],[79.19011,25.14565],[79.18898,25.14935],[79.18768,25.15092],[79.18485,25.15113],[79.18111,25.14762],[79.17731,25.14595],[79.16837,25.14531],[79.16678,25.14235],[79.16653,25.13953],[79.16879,25.13157],[79.17988,25.12883],[79.17931,25.11769],[79.17412,25.11903],[79.17236,25.11847],[79.16888,25.11186],[79.15662,25.1119],[79.14481,25.11659],[79.13821,25.11841],[79.13338,25.11106],[79.12917,25.11077],[79.12434,25.11187],[79.12085,25.1134],[79.11482,25.1178],[79.12511,25.12922],[79.12474,25.12958],[79.10781,25.1437],[79.11859,25.15839],[79.12042,25.16418],[79.11921,25.16344],[79.10711,25.16814],[79.10256,25.17119],[79.09058,25.17623],[79.08873,25.17833],[79.08842,25.18373],[79.08723,25.18784],[79.0843,25.19253],[79.07026,25.17776],[79.06408,25.17249],[79.06286,25.16274],[79.05805,25.15082],[79.05456,25.14887],[79.0489,25.14751],[79.04305,25.13817],[79.03889,25.13723],[79.03551,25.13784],[79.02824,25.13993],[79.02177,25.14319],[79.02163,25.14693],[79.02524,25.15579],[79.03578,25.1739],[79.03145,25.1785],[79.02796,25.18031],[79.02573,25.18259],[79.0246,25.18657],[79.04278,25.21014],[79.04848,25.20979],[79.05513,25.21722],[79.05674,25.21922],[79.05644,25.22571],[79.05232,25.22813],[79.04507,25.23063],[79.02648,25.23467],[79.02834,25.24103],[79.03104,25.24628],[79.02937,25.24934],[79.01475,25.24775],[79.01212,25.24825],[79.01162,25.24933],[79.01167,25.25285],[79.01599,25.26515],[79.01431,25.27103],[79.01236,25.27404],[79.00497,25.27697],[78.99265,25.27773],[78.98677,25.27496],[78.97723,25.26168],[78.97331,25.25368],[78.97117,25.24492],[78.97231,25.24283],[78.98742,25.23593],[78.9927,25.235],[78.99467,25.23375],[78.995,25.23228],[78.99454,25.22545],[78.99331,25.22222],[79.00036,25.21605],[78.9975,25.20759],[78.99734,25.19829],[78.99581,25.19594],[78.99275,25.19652],[78.98775,25.19678],[78.98241,25.19915],[78.97768,25.2042],[78.96921,25.21663],[78.96392,25.21943],[78.95284,25.22069],[78.94834,25.22018],[78.94236,25.21836],[78.92423,25.2106],[78.91917,25.20624],[78.91529,25.20259],[78.90804,25.19353],[78.9016,25.18326],[78.90064,25.18054],[78.89341,25.17323],[78.87714,25.16218],[78.87393,25.16327],[78.87184,25.166],[78.87325,25.172],[78.86922,25.17812],[78.8698,25.18291],[78.8676,25.18634],[78.86739,25.18996],[78.87105,25.19616],[78.8757,25.20015],[78.88012,25.2059],[78.88242,25.21106],[78.88162,25.21547],[78.87325,25.22608],[78.86707,25.23254],[78.86726,25.23769],[78.87218,25.25079],[78.87588,25.25577],[78.88023,25.25362],[78.88457,25.24723],[78.89169,25.24546],[78.89645,25.24994],[78.9086,25.27436],[78.91521,25.27569],[78.91829,25.27517],[78.92277,25.27148],[78.92581,25.26782],[78.93349,25.26354],[78.93644,25.26268],[78.94061,25.26269],[78.94618,25.26377],[78.94839,25.26591],[78.94799,25.27175],[78.94447,25.27545],[78.94379,25.28007],[78.94754,25.2837],[78.95385,25.28563],[78.9647,25.28387],[78.97005,25.28521],[78.97028,25.29109],[78.9528,25.31188],[78.95203,25.31738],[78.95577,25.34776],[78.95286,25.34987],[78.95,25.34828],[78.94582,25.34726],[78.94278,25.34512],[78.93547,25.3362],[78.93123,25.33241],[78.92761,25.33171],[78.92538,25.33458],[78.92546,25.33844],[78.92453,25.34193],[78.91887,25.34599],[78.91467,25.34644],[78.91122,25.34213],[78.90788,25.3394],[78.90347,25.34009],[78.89552,25.34352],[78.88525,25.34669],[78.87896,25.34688],[78.87652,25.34446],[78.87679,25.33921],[78.8756,25.33401],[78.87307,25.33083],[78.86246,25.32461],[78.85824,25.32088],[78.85644,25.31696],[78.85954,25.31456],[78.86687,25.31099],[78.86764,25.30135],[78.87186,25.2918],[78.87243,25.28821],[78.87059,25.28487],[78.86229,25.28313],[78.85792,25.26624],[78.85288,25.25885],[78.85029,25.25343],[78.84595,25.23379],[78.84463,25.23111],[78.84175,25.22916],[78.83505,25.2332],[78.82368,25.25108],[78.81129,25.266],[78.80563,25.27093],[78.80635,25.27946],[78.81216,25.2941],[78.81272,25.29776],[78.81168,25.29984],[78.80699,25.30297],[78.80367,25.302],[78.79329,25.2931],[78.79121,25.29301],[78.78693,25.29494],[78.78325,25.29761],[78.78329,25.30318],[78.78674,25.30972],[78.79194,25.31479],[78.79803,25.31452],[78.81023,25.31086],[78.81457,25.31096],[78.81667,25.31657],[78.82166,25.31874],[78.8266,25.31985],[78.83329,25.33134],[78.83566,25.33298],[78.84026,25.33185],[78.84351,25.33236],[78.84567,25.33519],[78.84541,25.33867],[78.84318,25.34208],[78.83586,25.34703],[78.83774,25.35217],[78.84536,25.36091],[78.86143,25.37703],[78.87475,25.38766],[78.88302,25.38951],[78.89056,25.38883],[78.90108,25.38926],[78.90831,25.39237],[78.91201,25.397],[78.91541,25.39963],[78.92267,25.40046],[78.93104,25.40316],[78.94341,25.40312],[78.94936,25.40016],[78.95123,25.39646],[78.94725,25.39318],[78.93886,25.38907],[78.93114,25.37712],[78.92637,25.37734],[78.90913,25.38056],[78.89539,25.38079],[78.89246,25.3753],[78.89323,25.36901],[78.89696,25.36521],[78.90639,25.36338],[78.91715,25.35999],[78.92863,25.3518],[78.93871,25.35283],[78.94844,25.37],[78.95528,25.37308],[78.97447,25.37256],[78.97851,25.37601],[78.97841,25.38286],[78.97581,25.38869],[78.97106,25.39185],[78.96817,25.39655],[78.96553,25.41148],[78.97022,25.42046],[78.96891,25.42513],[78.96249,25.43636],[78.96013,25.43889],[78.94697,25.44254],[78.94259,25.4417],[78.93782,25.43754],[78.93416,25.43189],[78.92913,25.42833],[78.91259,25.43867],[78.90323,25.44694],[78.90631,25.45045],[78.91341,25.45206],[78.91975,25.46216],[78.92746,25.46569],[78.93004,25.46859],[78.93564,25.48002],[78.93613,25.48778],[78.93518,25.4943],[78.93315,25.49826],[78.92618,25.50761],[78.91918,25.51355],[78.91669,25.51675],[78.91638,25.52075],[78.91727,25.52547],[78.91962,25.52744],[78.93224,25.52435],[78.93845,25.52753],[78.94189,25.53115],[78.94382,25.54092],[78.94169,25.55144],[78.93566,25.55709],[78.93074,25.55972],[78.92568,25.55996],[78.92264,25.55683],[78.92045,25.54957],[78.91858,25.54332],[78.91684,25.54129],[78.91332,25.54552],[78.91037,25.55934],[78.90595,25.5606],[78.89679,25.55939],[78.88554,25.56077],[78.88277,25.56041],[78.8811,25.56019],[78.87436,25.55701],[78.869,25.55116],[78.86841,25.54418],[78.87757,25.53319],[78.87837,25.52866],[78.87601,25.52432],[78.85129,25.51889],[78.84707,25.51854],[78.8412,25.51807],[78.83673,25.51679],[78.83395,25.516],[78.82832,25.50998],[78.827,25.5037],[78.83072,25.49837],[78.84604,25.49138],[78.8488,25.48757],[78.85165,25.47779],[78.85717,25.46714],[78.85725,25.46215],[78.8537,25.4523],[78.84534,25.44497],[78.8366,25.43425],[78.83427,25.43246],[78.83098,25.43203],[78.81973,25.43778],[78.8157,25.44176],[78.81387,25.44631],[78.81646,25.44891],[78.83036,25.44748],[78.83269,25.44765],[78.83719,25.44798],[78.842,25.45],[78.84575,25.45439],[78.84212,25.45715],[78.83765,25.45885],[78.83591,25.45999],[78.8334,25.46165],[78.82986,25.46569],[78.82549,25.46837],[78.81526,25.47242],[78.8102,25.47544],[78.78953,25.48351],[78.78172,25.48415],[78.77677,25.48339],[78.77297,25.48283],[78.76432,25.47664],[78.76051,25.47576],[78.75655,25.47615],[78.74948,25.48221],[78.74359,25.48489],[78.74155,25.48993],[78.73932,25.49988],[78.73606,25.50433],[78.73175,25.50065],[78.72632,25.49007],[78.72465,25.46331],[78.72767,25.45873],[78.73238,25.45566],[78.74367,25.4521],[78.74812,25.44844],[78.75181,25.43843],[78.75507,25.43385],[78.75997,25.43056],[78.76537,25.43003],[78.77208,25.43293],[78.77629,25.43697],[78.78218,25.43992],[78.78945,25.44202],[78.79529,25.44133],[78.80345,25.43819],[78.8118,25.43308],[78.81291,25.43043],[78.81139,25.42735],[78.80766,25.42524],[78.79465,25.4266],[78.79047,25.42568],[78.78824,25.42358],[78.77605,25.42119],[78.7562,25.4193],[78.74938,25.41756],[78.74541,25.41554],[78.74314,25.4127],[78.7405,25.40654],[78.7403,25.40307],[78.74156,25.39858],[78.7435,25.39767],[78.74754,25.40054],[78.75116,25.40527],[78.75465,25.40622],[78.75864,25.40409],[78.75962,25.40207],[78.75988,25.39775],[78.75889,25.39352],[78.75726,25.39252],[78.75437,25.39307],[78.75303,25.39195],[78.75286,25.39034],[78.75482,25.38619],[78.76122,25.38216],[78.76216,25.37437],[78.76575,25.36477],[78.76533,25.36044],[78.76438,25.3584],[78.75629,25.35751],[78.74979,25.35212],[78.73567,25.34919],[78.72524,25.35398],[78.72112,25.35382],[78.71795,25.35281],[78.71362,25.35299],[78.70944,25.35432],[78.70385,25.35865],[78.70361,25.3617],[78.70456,25.36559],[78.70976,25.37627],[78.70903,25.37875],[78.69982,25.3817],[78.69711,25.38329],[78.69611,25.38553],[78.69276,25.38774],[78.69059,25.38674],[78.68914,25.38302],[78.68718,25.38063],[78.68386,25.38048],[78.67156,25.38456],[78.67352,25.38799],[78.67377,25.39116],[78.6694,25.3929],[78.66493,25.388],[78.66117,25.38656],[78.65789,25.38798],[78.65593,25.39217],[78.65688,25.39599],[78.65667,25.40054],[78.65205,25.41314],[78.65368,25.41681],[78.65652,25.42013],[78.6593,25.41837],[78.66494,25.40446],[78.66909,25.40388],[78.68449,25.41601],[78.70024,25.42612],[78.7014,25.42886],[78.69984,25.4323],[78.69332,25.43922],[78.68925,25.44535],[78.68576,25.44779],[78.68169,25.4474],[78.67893,25.4439],[78.67751,25.43973],[78.67489,25.43814],[78.67041,25.43889],[78.65797,25.44383],[78.65272,25.444],[78.64902,25.44239],[78.64542,25.43785],[78.63884,25.44043],[78.63366,25.43806],[78.63251,25.43301],[78.6375,25.41979],[78.6368,25.41411],[78.6338,25.40952],[78.62859,25.40646],[78.62363,25.40599],[78.61922,25.40704],[78.61692,25.41007],[78.61436,25.41633],[78.60349,25.41707],[78.59895,25.41522],[78.59461,25.40911],[78.59164,25.39654],[78.58834,25.39211],[78.5841,25.39026],[78.5789,25.39009],[78.57613,25.39109],[78.56863,25.39619],[78.56345,25.39792],[78.56113,25.39569],[78.5569,25.38415],[78.5601,25.38205],[78.56464,25.38396],[78.57034,25.38478],[78.5744,25.38223],[78.57776,25.37714],[78.57951,25.36057],[78.5789,25.35532],[78.57622,25.35193],[78.56205,25.34795],[78.55602,25.34861],[78.54473,25.3587],[78.53506,25.36401],[78.52806,25.36588],[78.52515,25.36301],[78.52337,25.35831],[78.5248,25.35475],[78.53045,25.35205],[78.53109,25.34859],[78.53069,25.33917],[78.5315,25.33485],[78.53359,25.33089],[78.53769,25.3295],[78.54146,25.3266],[78.54083,25.32244],[78.53893,25.32039],[78.53356,25.3187],[78.53098,25.31706],[78.52508,25.30653],[78.51872,25.30581],[78.51586,25.30433],[78.50511,25.30211],[78.50025,25.30413],[78.49581,25.31019],[78.49493,25.32069],[78.49217,25.32383],[78.48754,25.32019],[78.48325,25.31419],[78.47792,25.30869],[78.47176,25.30584],[78.46926,25.30332],[78.46706,25.29301],[78.45929,25.29666],[78.4568,25.29934],[78.44852,25.30329],[78.4406,25.30416],[78.43517,25.30252],[78.42982,25.29701],[78.42736,25.28867],[78.42871,25.28083],[78.43575,25.27324],[78.44445,25.26995],[78.45403,25.2706],[78.48933,25.29209],[78.49668,25.29386],[78.50081,25.28825],[78.50258,25.28342],[78.50532,25.28155],[78.52085,25.28804],[78.52517,25.2855],[78.52556,25.27817],[78.5285,25.27451],[78.53602,25.27195],[78.54227,25.27204],[78.55238,25.27088],[78.55702,25.26933],[78.56438,25.26521],[78.56858,25.25861],[78.56817,25.25405],[78.5658,25.24945],[78.56255,25.23867],[78.56149,25.22745],[78.56259,25.22602],[78.5582,25.22371],[78.55099,25.21686],[78.54317,25.20637],[78.52677,25.18803],[78.52005,25.18314],[78.50007,25.1748],[78.48985,25.16439],[78.48108,25.15203],[78.47367,25.14667],[78.46228,25.14011],[78.45615,25.13755],[78.44937,25.13168],[78.44292,25.12877],[78.43236,25.13754],[78.42294,25.14537],[78.41882,25.15109],[78.4183,25.1535],[78.4209,25.15764],[78.4287,25.15833],[78.44199,25.15735],[78.44285,25.15788],[78.44631,25.16671],[78.44646,25.16902],[78.44395,25.17256],[78.43913,25.17215],[78.43746,25.17141],[78.43511,25.17036],[78.42823,25.16964],[78.41727,25.17278],[78.40903,25.18203],[78.40726,25.18576],[78.40356,25.18894],[78.39133,25.1912],[78.38889,25.19282],[78.38536,25.19516],[78.38428,25.19933],[78.38359,25.20195],[78.38385,25.20486],[78.38395,25.206],[78.38577,25.20868],[78.3945,25.21464],[78.39776,25.21775],[78.39554,25.22118],[78.39215,25.22235],[78.38109,25.22381],[78.37517,25.22575],[78.37076,25.23336],[78.36889,25.24166],[78.36454,25.24391],[78.35709,25.24417],[78.35453,25.24608],[78.35522,25.24997],[78.3603,25.25857],[78.36222,25.26543],[78.35526,25.27572],[78.34507,25.28297],[78.34516,25.29794],[78.34131,25.29927],[78.33008,25.30038],[78.31645,25.30458],[78.31164,25.30757],[78.30803,25.31099],[78.31058,25.31616],[78.31544,25.32073],[78.3271,25.32721],[78.32783,25.32761],[78.33078,25.33129],[78.33129,25.33672],[78.32756,25.34645],[78.32658,25.34902],[78.3232,25.35527],[78.31627,25.35962],[78.30162,25.36438],[78.29623,25.36499],[78.29423,25.36762],[78.29552,25.3748],[78.29972,25.38375],[78.30341,25.38479],[78.30717,25.38416],[78.31068,25.38507],[78.31691,25.39091],[78.32151,25.39522],[78.33028,25.401],[78.33249,25.40455],[78.33408,25.41815],[78.33519,25.43105],[78.33656,25.43499],[78.34379,25.44618],[78.34759,25.45484],[78.34926,25.45579],[78.35267,25.45531],[78.36098,25.4466],[78.36614,25.44632],[78.37077,25.44717],[78.37738,25.44838],[78.38089,25.45045],[78.38341,25.45193],[78.38569,25.45416],[78.3919,25.46885],[78.3931,25.47042],[78.39375,25.47125],[78.39605,25.47177],[78.40143,25.47297],[78.40672,25.47922],[78.41647,25.4775],[78.42072,25.47762],[78.42157,25.47971],[78.41948,25.49054],[78.41232,25.49766],[78.40941,25.50427],[78.40864,25.508],[78.40957,25.51865],[78.41125,25.51902],[78.41434,25.51531],[78.41628,25.51574],[78.41675,25.51777],[78.4153,25.52139],[78.41103,25.52739],[78.40866,25.5329],[78.40997,25.53772],[78.41231,25.54225],[78.42613,25.56145],[78.42934,25.56386],[78.43353,25.56524],[78.43707,25.56435],[78.43974,25.55896],[78.44304,25.55705],[78.44497,25.55499],[78.44915,25.55274],[78.45519,25.55195],[78.45734,25.5554],[78.46004,25.56456],[78.46212,25.56747],[78.46894,25.57298],[78.48109,25.58043],[78.48627,25.58223],[78.49149,25.58188],[78.51144,25.57296],[78.52752,25.57293],[78.5324,25.57029],[78.53605,25.56687],[78.54179,25.56514],[78.54715,25.5647],[78.55975,25.5678],[78.56548,25.56787],[78.57097,25.56736],[78.57608,25.56529],[78.58119,25.56431],[78.58399,25.56555],[78.58707,25.57294],[78.59028,25.57522],[78.59525,25.57493],[78.59799,25.57561],[78.60015,25.57835],[78.60421,25.58729],[78.60574,25.58887],[78.60863,25.58908],[78.61815,25.58699],[78.62133,25.58218],[78.62021,25.57356],[78.62341,25.571],[78.62884,25.569],[78.64434,25.56542],[78.64862,25.56564],[78.66535,25.58484],[78.67297,25.5918],[78.67702,25.5941],[78.68799,25.59516],[78.69571,25.59984],[78.70035,25.60131],[78.70659,25.60328],[78.71117,25.60659],[78.72432,25.60845],[78.73284,25.60306],[78.74095,25.60388],[78.74896,25.60834],[78.75542,25.60959],[78.76598,25.61315],[78.78485,25.61549],[78.79455,25.61755],[78.79816,25.61922],[78.80519,25.62456],[78.80643,25.63303],[78.80979,25.63836],[78.81125,25.64545],[78.81061,25.66506],[78.81133,25.67448],[78.80939,25.67807],[78.79576,25.69614],[78.78941,25.69983],[78.7907,25.70285],[78.79256,25.70717],[78.79124,25.71054],[78.77753,25.7137],[78.76075,25.72079],[78.7524,25.72741],[78.74804,25.73265],[78.7458,25.73802],[78.74551,25.74412],[78.74682,25.74909],[78.75128,25.7527],[78.75568,25.75299],[78.76241,25.75226],[78.76582,25.75891],[78.77579,25.7615],[78.77997,25.77512],[78.79063,25.78823],[78.7936,25.7935],[78.79607,25.79593],[78.79955,25.79936],[78.80413,25.80033],[78.80498,25.80019],[78.8117,25.79914],[78.81676,25.79929],[78.8205,25.7994],[78.82408,25.80761],[78.82377,25.81082],[78.82364,25.81236],[78.82227,25.81523],[78.81623,25.81758],[78.8138,25.81681],[78.80766,25.81152],[78.80402,25.81022],[78.80046,25.81288],[78.79886,25.81821],[78.80199,25.8222],[78.81125,25.83012],[78.81583,25.83114],[78.83513,25.82409],[78.84098,25.82064],[78.8418,25.8168],[78.84074,25.81208],[78.84129,25.8052],[78.84362,25.80131],[78.84969,25.79586],[78.85595,25.79444],[78.86192,25.7992],[78.86332,25.80208],[78.86396,25.81627],[78.86646,25.82963],[78.86575,25.83435],[78.85294,25.84361],[78.84622,25.83876],[78.84398,25.84531],[78.84663,25.8605],[78.85052,25.86561],[78.85783,25.87201],[78.86072,25.87333],[78.86359,25.87467],[78.86607,25.87485],[78.86798,25.87498],[78.87269,25.87302],[78.87689,25.86986],[78.88268,25.87027],[78.88345,25.87492],[78.88371,25.87647],[78.88134,25.88842],[78.88512,25.89286],[78.88719,25.89897],[78.88294,25.90635],[78.88035,25.90955],[78.87742,25.91317],[78.87687,25.91448],[78.87638,25.91566],[78.89427,25.92585],[78.89809,25.93087],[78.90125,25.9375],[78.90395,25.9411],[78.90978,25.94608],[78.91533,25.94937],[78.92384,25.95275],[78.92113,25.95085],[78.92216,25.95012],[78.92484,25.94871],[78.92735,25.94832],[78.92953,25.94936],[78.9301,25.95158],[78.92742,25.9555],[78.93476,25.95449],[78.94179,25.95214]]]}},{"type":"Feature","properties":{"ID_0":105,"ISO":"IND","NAME_0":"India","ID_1":33,"NAME_1":"Uttar Pradesh","ID_2":530,"NAME_2":"Jyotiba Phule Nagar","NL_NAME_2":null,"VARNAME_2":null,"TYPE_2":"District","ENGTYPE_2":"District","STATE":"Uttar Pradesh","DISTRICT":"Jyotiba Phule Nagar"},"geometry":{"type":"Polygon","coordinates":[[[78.64107,29.17951],[78.65005,29.17272],[78.65332,29.17492],[78.65787,29.17932],[78.65887,29.17487],[78.65942,29.16849],[78.66325,29.15137],[78.6666,29.14707],[78.66522,29.13287],[78.67212,29.12245],[78.66578,29.11739],[78.65626,29.1077],[78.6624,29.09897],[78.6651,29.09743],[78.67607,29.10001],[78.68201,29.10252],[78.6866,29.10594],[78.68976,29.10505],[78.69669,29.1061],[78.69961,29.10076],[78.69327,29.09427],[78.68871,29.09158],[78.68099,29.0887],[78.68186,29.08383],[78.68447,29.08031],[78.69207,29.07557],[78.69324,29.07324],[78.69319,29.07004],[78.68396,29.06389],[78.66116,29.0438],[78.6577,29.03826],[78.65758,29.03266],[78.64093,29.01991],[78.63633,29.01716],[78.63062,29.00693],[78.64216,28.98441],[78.65561,28.9784],[78.65936,28.97547],[78.66103,28.971],[78.67964,28.95284],[78.674,28.94526],[78.65981,28.9379],[78.65392,28.92634],[78.65543,28.9234],[78.67141,28.91747],[78.67479,28.91257],[78.67431,28.90683],[78.66991,28.90509],[78.66318,28.89612],[78.66068,28.89012],[78.66173,28.88606],[78.65713,28.87878],[78.65301,28.87668],[78.64581,28.87464],[78.64406,28.87227],[78.64354,28.86651],[78.63567,28.85742],[78.63284,28.85141],[78.62664,28.84807],[78.61369,28.8387],[78.60914,28.84132],[78.60528,28.84186],[78.59785,28.83062],[78.59531,28.82451],[78.6003,28.81287],[78.59851,28.80741],[78.59048,28.81009],[78.58511,28.80935],[78.57969,28.80738],[78.57714,28.80958],[78.56845,28.80337],[78.55806,28.80462],[78.55156,28.79931],[78.54842,28.79982],[78.54167,28.79779],[78.5251,28.79538],[78.52261,28.78385],[78.51881,28.78327],[78.514,28.7869],[78.50945,28.78222],[78.50128,28.78404],[78.49662,28.77925],[78.48672,28.78433],[78.48212,28.7764],[78.47944,28.77335],[78.46475,28.7822],[78.45977,28.78315],[78.45048,28.77499],[78.44118,28.77399],[78.43227,28.77831],[78.42392,28.7856],[78.41654,28.77674],[78.41361,28.77659],[78.4108,28.77794],[78.40596,28.78362],[78.40271,28.78461],[78.3936,28.77726],[78.38669,28.77578],[78.38847,28.76976],[78.39906,28.76417],[78.40202,28.76105],[78.40303,28.75271],[78.40303,28.74851],[78.39992,28.74785],[78.39568,28.74334],[78.39648,28.73806],[78.39459,28.73409],[78.39529,28.72854],[78.40054,28.72463],[78.39986,28.71754],[78.4019,28.70566],[78.40066,28.70233],[78.40063,28.69628],[78.39743,28.69187],[78.39275,28.68724],[78.40509,28.682],[78.40664,28.67838],[78.40573,28.67214],[78.40884,28.67092],[78.40745,28.66148],[78.40549,28.65929],[78.39852,28.6596],[78.38957,28.64973],[78.39034,28.64535],[78.39362,28.64084],[78.39746,28.63322],[78.39709,28.62193],[78.40037,28.61451],[78.40209,28.6138],[78.40681,28.6158],[78.41186,28.6151],[78.41581,28.61195],[78.4174,28.60676],[78.41317,28.5969],[78.42406,28.59237],[78.42624,28.58865],[78.42368,28.58454],[78.41891,28.58002],[78.41759,28.57657],[78.41748,28.56908],[78.41875,28.5645],[78.41408,28.55842],[78.41339,28.55415],[78.41856,28.55088],[78.42391,28.54259],[78.41051,28.53199],[78.40723,28.52189],[78.41821,28.51213],[78.41451,28.50296],[78.41463,28.49755],[78.4179,28.48862],[78.41769,28.48509],[78.41388,28.48224],[78.41039,28.47592],[78.40504,28.46729],[78.40092,28.473],[78.39633,28.4754],[78.38953,28.47711],[78.38201,28.47784],[78.37922,28.47456],[78.3729,28.47511],[78.36901,28.47396],[78.35692,28.46231],[78.34684,28.45446],[78.34277,28.448],[78.33655,28.44063],[78.31589,28.43613],[78.30646,28.44042],[78.29971,28.44034],[78.2979,28.4362],[78.29575,28.42752],[78.28632,28.42355],[78.28362,28.42083],[78.28142,28.41438],[78.28055,28.40904],[78.27478,28.41358],[78.27228,28.41895],[78.27088,28.42654],[78.272,28.43312],[78.27397,28.43927],[78.2779,28.44338],[78.29285,28.45236],[78.29577,28.45554],[78.29543,28.46139],[78.29441,28.4647],[78.27046,28.47307],[78.26684,28.47595],[78.26665,28.49067],[78.26505,28.49413],[78.26141,28.49606],[78.24333,28.50007],[78.22153,28.5001],[78.21479,28.50129],[78.20937,28.50589],[78.20809,28.51064],[78.20699,28.52493],[78.20515,28.52906],[78.20518,28.53129],[78.21059,28.53736],[78.20903,28.54003],[78.20673,28.54731],[78.20548,28.55563],[78.21919,28.5791],[78.20523,28.60564],[78.19871,28.62119],[78.18562,28.65859],[78.18592,28.66374],[78.18225,28.67623],[78.17303,28.6835],[78.16367,28.69767],[78.14163,28.71258],[78.13592,28.71773],[78.13047,28.72696],[78.13053,28.73581],[78.12958,28.7436],[78.13002,28.74834],[78.12388,28.76299],[78.12263,28.77078],[78.12286,28.77713],[78.11331,28.78211],[78.10898,28.78796],[78.1079,28.79396],[78.11013,28.8034],[78.10783,28.81569],[78.10849,28.82424],[78.10534,28.82633],[78.10589,28.83167],[78.10135,28.83441],[78.10318,28.83895],[78.10374,28.843],[78.10814,28.84876],[78.10498,28.86217],[78.10214,28.87145],[78.09795,28.87876],[78.09321,28.88362],[78.08798,28.88429],[78.07986,28.88405],[78.07172,28.88648],[78.06291,28.8911],[78.05263,28.89844],[78.05065,28.90241],[78.05122,28.90599],[78.05994,28.92055],[78.04762,28.9429],[78.04901,28.95024],[78.05446,28.96138],[78.0671,28.97218],[78.073,28.97533],[78.08252,28.9825],[78.08582,28.9897],[78.08385,29.00603],[78.08999,29.03153],[78.08632,29.0404],[78.08704,29.04345],[78.08681,29.04646],[78.08452,29.04722],[78.08452,29.05149],[78.08714,29.05559],[78.08736,29.05788],[78.07668,29.06483],[78.07436,29.06972],[78.07341,29.07387],[78.07457,29.07506],[78.07592,29.07656],[78.07938,29.07838],[78.08127,29.08413],[78.09458,29.08926],[78.09896,29.08668],[78.10729,29.08501],[78.12313,29.08338],[78.13163,29.08476],[78.13642,29.08331],[78.14875,29.07621],[78.14708,29.06425],[78.14904,29.05982],[78.15163,29.06169],[78.15339,29.06433],[78.15907,29.06632],[78.16171,29.06284],[78.16525,29.06239],[78.16959,29.06665],[78.17232,29.06812],[78.18175,29.06585],[78.19537,29.05627],[78.19955,29.06155],[78.20371,29.0596],[78.20445,29.05698],[78.21404,29.05465],[78.21609,29.05104],[78.22283,29.04673],[78.22884,29.04644],[78.23244,29.05129],[78.23772,29.04994],[78.24263,29.05045],[78.24753,29.04915],[78.2544,29.05314],[78.25768,29.05243],[78.26559,29.05427],[78.26912,29.05204],[78.27077,29.05004],[78.27596,29.04815],[78.27796,29.04593],[78.2816,29.04683],[78.28313,29.04565],[78.28687,29.04748],[78.29369,29.05707],[78.30018,29.05385],[78.29591,29.04955],[78.29814,29.04548],[78.30235,29.04611],[78.30669,29.0451],[78.31218,29.04494],[78.3162,29.04616],[78.3196,29.04819],[78.32373,29.04753],[78.32564,29.04849],[78.3297,29.05475],[78.3417,29.04883],[78.35551,29.03528],[78.36551,29.03695],[78.3694,29.03972],[78.37369,29.04083],[78.37777,29.04095],[78.38004,29.03997],[78.3822,29.04133],[78.38422,29.04317],[78.39229,29.03677],[78.39801,29.03764],[78.40398,29.04448],[78.40585,29.04476],[78.41007,29.04349],[78.41396,29.04746],[78.42054,29.05085],[78.42444,29.05035],[78.43214,29.05422],[78.43323,29.05646],[78.43616,29.0563],[78.43732,29.06015],[78.43958,29.06315],[78.44424,29.06294],[78.44851,29.06514],[78.45565,29.07029],[78.45723,29.0722],[78.46037,29.0703],[78.4621,29.07099],[78.46604,29.07015],[78.47695,29.06665],[78.48186,29.07022],[78.48758,29.06678],[78.49413,29.06026],[78.49698,29.06471],[78.50089,29.06709],[78.50326,29.06642],[78.50484,29.06503],[78.521,29.08485],[78.52369,29.08595],[78.53221,29.08577],[78.53765,29.0849],[78.53871,29.08281],[78.54241,29.08299],[78.54825,29.08113],[78.55473,29.08688],[78.55989,29.08694],[78.56145,29.08884],[78.56577,29.089],[78.56476,29.09524],[78.56852,29.09514],[78.5759,29.09238],[78.57894,29.09321],[78.59039,29.0904],[78.59521,29.09664],[78.5987,29.09886],[78.60487,29.09774],[78.60941,29.10308],[78.61572,29.10743],[78.61073,29.1134],[78.60786,29.11801],[78.60956,29.12127],[78.62266,29.12913],[78.62434,29.13175],[78.62568,29.13247],[78.6293,29.13095],[78.63543,29.1325],[78.64348,29.13915],[78.64792,29.14546],[78.65259,29.14978],[78.65341,29.1598],[78.64926,29.15775],[78.64242,29.15842],[78.63107,29.1626],[78.62685,29.16723],[78.63402,29.17581],[78.63866,29.17945],[78.64107,29.17951]]]}},{"type":"Feature","properties":{"ID_0":105,"ISO":"IND","NAME_0":"India","ID_1":33,"NAME_1":"Uttar Pradesh","ID_2":531,"NAME_2":"Kannauj","NL_NAME_2":null,"VARNAME_2":null,"TYPE_2":"District","ENGTYPE_2":"District","STATE":"Uttar Pradesh","DISTRICT":"Kannauj"},"geometry":{"type":"Polygon","coordinates":[[[79.43211,27.21761],[79.43824,27.21627],[79.46037,27.21731],[79.46704,27.21399],[79.47353,27.2143],[79.47997,27.21874],[79.48935,27.21713],[79.49863,27.2176],[79.50121,27.21437],[79.51241,27.21524],[79.51559,27.21171],[79.51733,27.20754],[79.51805,27.19679],[79.524,27.19465],[79.52701,27.19261],[79.53152,27.18223],[79.53619,27.17724],[79.53962,27.1722],[79.55219,27.16457],[79.55589,27.16444],[79.55929,27.16549],[79.56061,27.16702],[79.5644,27.16832],[79.57351,27.16729],[79.57654,27.1676],[79.58944,27.17412],[79.59612,27.1817],[79.60076,27.1911],[79.60653,27.19334],[79.61859,27.19129],[79.62342,27.18945],[79.63198,27.18344],[79.63776,27.18076],[79.64049,27.18067],[79.64591,27.17604],[79.65334,27.1716],[79.66087,27.17174],[79.66658,27.17412],[79.67102,27.17725],[79.67584,27.19402],[79.68092,27.20217],[79.68195,27.20254],[79.68328,27.20521],[79.68728,27.21999],[79.69046,27.22258],[79.69458,27.22392],[79.70208,27.21975],[79.70936,27.21691],[79.71144,27.21744],[79.71499,27.2199],[79.7161,27.22219],[79.72424,27.22103],[79.74358,27.20839],[79.75833,27.20082],[79.76933,27.19547],[79.78643,27.18065],[79.79538,27.17399],[79.80482,27.17612],[79.81743,27.1744],[79.82365,27.17458],[79.83167,27.17745],[79.84291,27.17678],[79.84517,27.17798],[79.84977,27.17859],[79.85719,27.17521],[79.852,27.16413],[79.84718,27.16],[79.84906,27.15642],[79.85548,27.15521],[79.87704,27.1573],[79.88425,27.15674],[79.8918,27.15457],[79.89584,27.15224],[79.90362,27.13762],[79.90671,27.129],[79.91297,27.10334],[79.92497,27.09785],[79.92632,27.0928],[79.93482,27.08544],[79.95001,27.08142],[79.95675,27.08083],[79.96339,27.07732],[79.96619,27.0704],[79.96456,27.06371],[79.9632,27.05034],[79.9653,27.0407],[79.97008,27.03319],[79.97771,27.02744],[79.98344,27.01686],[79.98849,27.01154],[79.9904,27.00561],[79.9969,26.99493],[80.00106,26.98808],[80.00584,26.9825],[80.00938,26.96986],[80.01121,26.95824],[80.00362,26.95763],[79.99897,26.95791],[79.99689,26.96156],[79.99466,26.96389],[79.99043,26.96625],[79.98602,26.96407],[79.97684,26.95476],[79.97084,26.95236],[79.97075,26.94981],[79.98512,26.9408],[79.98463,26.93928],[79.98051,26.93815],[79.97881,26.93668],[79.97613,26.93285],[79.97364,26.93252],[79.97163,26.93356],[79.97051,26.93549],[79.96893,26.94364],[79.96783,26.94534],[79.96497,26.94767],[79.95886,26.9471],[79.95357,26.95594],[79.95141,26.95594],[79.94548,26.95182],[79.93518,26.94937],[79.93627,26.93454],[79.93137,26.9285],[79.93291,26.92685],[79.93728,26.92571],[79.94186,26.92688],[79.9432,26.92331],[79.93628,26.90615],[79.936,26.90244],[79.94396,26.8956],[79.94024,26.89144],[79.94015,26.88795],[79.9336,26.88244],[79.93396,26.88003],[79.95617,26.86529],[79.94708,26.85728],[79.94321,26.85586],[79.93976,26.85104],[79.93697,26.85055],[79.9289,26.85201],[79.91962,26.85921],[79.91406,26.855],[79.90658,26.8525],[79.89743,26.85257],[79.88802,26.85526],[79.88432,26.84752],[79.88409,26.83971],[79.88448,26.83466],[79.88967,26.82369],[79.88965,26.82202],[79.88865,26.81983],[79.88581,26.81784],[79.88022,26.81616],[79.87576,26.82071],[79.86309,26.82721],[79.85909,26.83055],[79.85491,26.83274],[79.85091,26.83245],[79.84345,26.81439],[79.84267,26.80996],[79.84749,26.80755],[79.85886,26.80631],[79.85803,26.80205],[79.8438,26.78809],[79.83747,26.78026],[79.83243,26.77728],[79.82681,26.77782],[79.82179,26.77736],[79.8191,26.77728],[79.81682,26.77833],[79.80995,26.78066],[79.80717,26.78684],[79.80529,26.78906],[79.8036,26.7903],[79.79973,26.791],[79.79532,26.79055],[79.79032,26.78831],[79.78215,26.78098],[79.77017,26.77512],[79.76762,26.77588],[79.7645,26.78325],[79.76154,26.78535],[79.75719,26.78592],[79.74989,26.78894],[79.74805,26.7915],[79.74542,26.79286],[79.74582,26.79605],[79.74882,26.80058],[79.74731,26.80199],[79.74412,26.80316],[79.73959,26.80293],[79.73413,26.8155],[79.73072,26.81632],[79.72727,26.81232],[79.72069,26.8088],[79.71688,26.80778],[79.71221,26.80835],[79.70698,26.81214],[79.70786,26.81811],[79.69218,26.82963],[79.69438,26.83516],[79.69844,26.84091],[79.68927,26.84406],[79.68327,26.85155],[79.67722,26.85579],[79.66594,26.86661],[79.66165,26.86753],[79.65599,26.87085],[79.65591,26.87893],[79.65677,26.88102],[79.65321,26.88429],[79.65508,26.88793],[79.65192,26.89409],[79.64315,26.89893],[79.63223,26.89872],[79.62495,26.89617],[79.62417,26.89237],[79.62034,26.88877],[79.615,26.88703],[79.61246,26.88896],[79.60778,26.89521],[79.60585,26.89633],[79.60149,26.89783],[79.59324,26.89503],[79.59335,26.89181],[79.58478,26.88574],[79.58221,26.88215],[79.57652,26.87915],[79.57275,26.87571],[79.57346,26.87159],[79.57613,26.86829],[79.56979,26.86626],[79.56195,26.86513],[79.55128,26.86637],[79.54632,26.87262],[79.54231,26.87595],[79.53288,26.87967],[79.52978,26.8806],[79.52098,26.87699],[79.51834,26.8816],[79.51473,26.8838],[79.50874,26.88027],[79.4985,26.88501],[79.49559,26.88727],[79.49286,26.88609],[79.49064,26.88858],[79.48265,26.89248],[79.48225,26.89471],[79.47617,26.89922],[79.47634,26.90394],[79.47461,26.90522],[79.47315,26.90429],[79.47135,26.90088],[79.46194,26.90971],[79.45867,26.91098],[79.45361,26.90855],[79.45085,26.90886],[79.45036,26.91143],[79.45168,26.91663],[79.45092,26.92011],[79.44737,26.91817],[79.44369,26.92781],[79.4437,26.93109],[79.44241,26.93434],[79.44025,26.93472],[79.43527,26.93401],[79.43296,26.93472],[79.42667,26.93365],[79.42699,26.93665],[79.42982,26.93881],[79.43263,26.93839],[79.43282,26.93891],[79.43005,26.94059],[79.4297,26.94512],[79.43032,26.94621],[79.42937,26.94678],[79.42546,26.94661],[79.42039,26.94459],[79.41687,26.94219],[79.40848,26.93983],[79.39857,26.93981],[79.39465,26.94119],[79.39372,26.93681],[79.39208,26.93524],[79.38467,26.93216],[79.38261,26.93586],[79.37335,26.94323],[79.36649,26.94457],[79.36325,26.94745],[79.36012,26.94815],[79.35835,26.95071],[79.35468,26.95209],[79.35014,26.95231],[79.34428,26.94121],[79.3409,26.94001],[79.33415,26.93693],[79.33039,26.94267],[79.32368,26.94694],[79.31491,26.94812],[79.31057,26.94754],[79.30971,26.94931],[79.31005,26.95489],[79.31097,26.95737],[79.31789,26.96619],[79.32602,26.96481],[79.33852,26.96868],[79.34709,26.9645],[79.3501,26.97182],[79.35353,26.97572],[79.35613,26.97799],[79.36283,26.98084],[79.36394,26.9831],[79.36388,26.98568],[79.37271,26.99194],[79.37536,27.00403],[79.37453,27.00659],[79.37621,27.01022],[79.38086,27.01573],[79.38995,27.0323],[79.39146,27.04271],[79.39214,27.05481],[79.40304,27.06288],[79.41097,27.06548],[79.4175,27.06573],[79.4245,27.07261],[79.42318,27.07731],[79.42299,27.08701],[79.42826,27.09163],[79.43078,27.09942],[79.42748,27.10097],[79.42145,27.10217],[79.41689,27.10114],[79.41091,27.09753],[79.40776,27.09757],[79.40353,27.09967],[79.39878,27.09972],[79.38652,27.10377],[79.3837,27.10907],[79.38151,27.11635],[79.38062,27.12172],[79.38139,27.12627],[79.39597,27.13244],[79.3992,27.13533],[79.40176,27.1395],[79.40232,27.14337],[79.39157,27.15525],[79.3838,27.1617],[79.38261,27.16526],[79.38637,27.16751],[79.38659,27.16979],[79.3868,27.17238],[79.38671,27.17489],[79.38448,27.18869],[79.38464,27.19786],[79.38521,27.2016],[79.38661,27.20435],[79.3892,27.20479],[79.39351,27.20734],[79.39819,27.21353],[79.4021,27.21678],[79.40356,27.22067],[79.40219,27.22377],[79.40181,27.22925],[79.40296,27.23148],[79.41737,27.2317],[79.42062,27.2293],[79.42335,27.22445],[79.42892,27.21908],[79.43211,27.21761]]]}},{"type":"Feature","properties":{"ID_0":105,"ISO":"IND","NAME_0":"India","ID_1":33,"NAME_1":"Uttar Pradesh","ID_2":532,"NAME_2":"Kanpur Dehat","NL_NAME_2":null,"VARNAME_2":"Kanpur Rural","TYPE_2":"District","ENGTYPE_2":"District","STATE":"Uttar Pradesh","DISTRICT":"Kanpur Dehat"},"geometry":{"type":"Polygon","coordinates":[[[79.99897,26.95791],[80.00362,26.95763],[80.01121,26.95824],[80.01821,26.94515],[80.02916,26.93431],[80.04211,26.92465],[80.05314,26.92455],[80.05804,26.92449],[80.06543,26.91807],[80.06667,26.91486],[80.07949,26.90211],[80.08099,26.89983],[80.07876,26.89324],[80.0903,26.88412],[80.09735,26.87717],[80.09854,26.86945],[80.09578,26.85895],[80.09553,26.84326],[80.09969,26.82797],[80.10777,26.81013],[80.1122,26.80122],[80.11255,26.79078],[80.11057,26.78088],[80.1169,26.76435],[80.12379,26.74828],[80.13189,26.73785],[80.14164,26.73084],[80.14758,26.72751],[80.15867,26.71247],[80.17716,26.69217],[80.19469,26.6884],[80.21476,26.6908],[80.22385,26.69267],[80.23007,26.69108],[80.23624,26.6874],[80.24976,26.67485],[80.25789,26.6646],[80.26125,26.65911],[80.26275,26.65533],[80.27469,26.63991],[80.26573,26.63802],[80.25367,26.63524],[80.25002,26.63291],[80.2463,26.62454],[80.24524,26.60493],[80.24738,26.60277],[80.25022,26.59999],[80.25105,26.59731],[80.24647,26.59201],[80.23669,26.58037],[80.23641,26.57732],[80.24024,26.57253],[80.23991,26.56832],[80.23532,26.56495],[80.23035,26.56518],[80.22775,26.56729],[80.22904,26.57143],[80.23045,26.57524],[80.22602,26.57813],[80.2197,26.57915],[80.21532,26.57749],[80.21178,26.57241],[80.21235,26.56264],[80.21241,26.55074],[80.20848,26.54064],[80.2059,26.53515],[80.2009,26.53579],[80.19735,26.53633],[80.19013,26.53395],[80.18664,26.53248],[80.17777,26.53347],[80.16674,26.53279],[80.15683,26.52617],[80.15823,26.52136],[80.16398,26.5159],[80.16682,26.51174],[80.16586,26.50949],[80.15627,26.50457],[80.14388,26.49862],[80.13896,26.4954],[80.13439,26.49753],[80.13284,26.49677],[80.13383,26.49345],[80.13462,26.48788],[80.13847,26.4819],[80.14759,26.47609],[80.14223,26.47206],[80.1311,26.47716],[80.12718,26.47906],[80.12283,26.48115],[80.12359,26.47213],[80.11674,26.47297],[80.11595,26.46429],[80.12109,26.45813],[80.12408,26.45353],[80.12531,26.44313],[80.12755,26.4381],[80.12563,26.43245],[80.12837,26.4268],[80.1319,26.42528],[80.12836,26.42064],[80.13038,26.40814],[80.13379,26.41018],[80.13918,26.41065],[80.14412,26.40853],[80.13741,26.4062],[80.13638,26.40349],[80.13918,26.39836],[80.12801,26.39726],[80.13431,26.39279],[80.13802,26.38725],[80.1422,26.38747],[80.14616,26.38729],[80.14658,26.38425],[80.13873,26.38208],[80.13683,26.37684],[80.13113,26.3716],[80.13732,26.37191],[80.14252,26.37122],[80.14007,26.36648],[80.14797,26.36047],[80.14053,26.35246],[80.14289,26.34657],[80.14683,26.33908],[80.14798,26.33295],[80.14803,26.32703],[80.15302,26.32422],[80.15547,26.32235],[80.15499,26.31625],[80.15826,26.31083],[80.1579,26.30939],[80.14956,26.31017],[80.14583,26.3084],[80.14638,26.30518],[80.14526,26.30544],[80.14808,26.30282],[80.15295,26.30005],[80.15383,26.29334],[80.15617,26.28469],[80.16085,26.27824],[80.1662,26.2767],[80.16886,26.27702],[80.17062,26.2783],[80.16793,26.28028],[80.16704,26.2843],[80.16996,26.28467],[80.17661,26.28187],[80.18394,26.28431],[80.1871,26.28101],[80.19129,26.28123],[80.19621,26.28363],[80.20984,26.27746],[80.20541,26.27608],[80.20152,26.27381],[80.20358,26.27135],[80.2116,26.26995],[80.21019,26.26597],[80.21066,26.26018],[80.21252,26.25806],[80.22119,26.26235],[80.21967,26.25647],[80.2225,26.25495],[80.2322,26.25914],[80.24143,26.26297],[80.24858,26.26442],[80.25513,26.26432],[80.25918,26.26103],[80.26344,26.26101],[80.26717,26.26283],[80.27197,26.25955],[80.27644,26.26529],[80.27904,26.27192],[80.28563,26.27198],[80.29065,26.27732],[80.29597,26.27778],[80.3,26.28121],[80.30386,26.28205],[80.30882,26.28578],[80.3207,26.28159],[80.32774,26.28752],[80.3397,26.28045],[80.35126,26.28149],[80.35481,26.2821],[80.35877,26.28455],[80.36938,26.2846],[80.36905,26.28109],[80.37521,26.28172],[80.38226,26.28179],[80.38405,26.27979],[80.38876,26.27984],[80.38975,26.27715],[80.38479,26.27302],[80.38699,26.26993],[80.38966,26.26916],[80.38902,26.26588],[80.38733,26.26442],[80.39066,26.25698],[80.39084,26.25375],[80.3968,26.24865],[80.40422,26.24429],[80.40578,26.24161],[80.40341,26.23807],[80.40055,26.23414],[80.40141,26.23283],[80.40616,26.23276],[80.40795,26.22691],[80.40894,26.2187],[80.41109,26.21366],[80.41604,26.20941],[80.42032,26.20823],[80.4263,26.20702],[80.43176,26.20846],[80.43273,26.20496],[80.43736,26.20075],[80.44182,26.19872],[80.45843,26.20209],[80.46245,26.19511],[80.46577,26.18575],[80.46448,26.18679],[80.44119,26.18509],[80.43644,26.17413],[80.4231,26.16975],[80.42447,26.16005],[80.4222,26.15876],[80.40389,26.1664],[80.39919,26.16602],[80.39308,26.16177],[80.38049,26.14952],[80.37682,26.14765],[80.36338,26.14573],[80.35504,26.14226],[80.34642,26.13046],[80.33318,26.12958],[80.3239,26.12035],[80.31978,26.12031],[80.31553,26.11849],[80.31149,26.10828],[80.3128,26.09571],[80.30676,26.09075],[80.30527,26.08844],[80.30455,26.07762],[80.29356,26.0655],[80.28404,26.07075],[80.28239,26.07119],[80.27425,26.06134],[80.26521,26.06521],[80.26244,26.06559],[80.25961,26.06021],[80.25687,26.05971],[80.25436,26.05337],[80.25035,26.05247],[80.24719,26.05019],[80.25248,26.04512],[80.24859,26.04319],[80.24775,26.03984],[80.25146,26.03649],[80.24539,26.03038],[80.25163,26.02602],[80.24747,26.0235],[80.24418,26.01719],[80.24149,26.01238],[80.2408,26.0056],[80.23932,25.99525],[80.23594,25.99175],[80.22038,25.98097],[80.2145,25.97994],[80.20856,25.97667],[80.20686,25.97268],[80.2087,25.9677],[80.21624,25.96547],[80.2187,25.96255],[80.2259,25.93278],[80.22814,25.92738],[80.20564,25.92228],[80.20203,25.92506],[80.19908,25.92886],[80.18668,25.95298],[80.15865,25.95953],[80.14036,25.96722],[80.13302,25.97213],[80.12753,25.98055],[80.12064,25.98573],[80.10778,25.99239],[80.10311,25.99265],[80.08825,25.99662],[80.07621,26.00363],[80.07532,26.00529],[80.075,26.0102],[80.07733,26.01332],[80.08176,26.01585],[80.08804,26.01741],[80.09566,26.02399],[80.09977,26.02961],[80.10336,26.03897],[80.10562,26.05101],[80.10457,26.05968],[80.09932,26.06894],[80.09475,26.07572],[80.08654,26.08298],[80.07948,26.08462],[80.06686,26.08493],[80.05634,26.08358],[80.0447,26.08047],[80.03337,26.07767],[80.01884,26.07477],[80.00405,26.07265],[79.99132,26.07388],[79.98446,26.07199],[79.96869,26.07426],[79.9608,26.07587],[79.95369,26.07936],[79.95076,26.08135],[79.94938,26.08331],[79.94848,26.08783],[79.95209,26.1031],[79.95693,26.11811],[79.95882,26.1277],[79.96114,26.13269],[79.96266,26.1389],[79.96149,26.14942],[79.95922,26.15871],[79.95759,26.16044],[79.95659,26.16287],[79.95274,26.16602],[79.94423,26.16733],[79.93409,26.16522],[79.93119,26.16305],[79.92921,26.15704],[79.92905,26.15346],[79.93049,26.12999],[79.92602,26.12188],[79.91807,26.09962],[79.91614,26.09675],[79.91292,26.09598],[79.90572,26.09438],[79.89034,26.09796],[79.87846,26.10496],[79.87438,26.10894],[79.87197,26.10965],[79.85941,26.1197],[79.85631,26.11947],[79.85103,26.11779],[79.83981,26.10914],[79.83038,26.10623],[79.81899,26.10593],[79.80344,26.10734],[79.78951,26.11101],[79.78146,26.11209],[79.77826,26.11366],[79.7688,26.12587],[79.76364,26.13087],[79.73632,26.13992],[79.73544,26.14531],[79.73704,26.14968],[79.75032,26.15992],[79.75299,26.16427],[79.75683,26.16815],[79.76038,26.17226],[79.76109,26.17503],[79.76109,26.18118],[79.75938,26.18644],[79.75718,26.18832],[79.74974,26.18933],[79.73421,26.18826],[79.72158,26.1895],[79.70509,26.19789],[79.70056,26.1991],[79.69104,26.19986],[79.67633,26.20384],[79.66395,26.20921],[79.64993,26.21358],[79.64712,26.2151],[79.64183,26.21607],[79.63913,26.21829],[79.63847,26.21994],[79.63867,26.22373],[79.63988,26.22828],[79.64708,26.23882],[79.64671,26.24306],[79.64352,26.24768],[79.63752,26.25002],[79.632,26.25054],[79.61861,26.25393],[79.59306,26.25673],[79.57484,26.26173],[79.57228,26.26302],[79.5704,26.26827],[79.55898,26.2737],[79.54045,26.28065],[79.53345,26.28664],[79.52853,26.29255],[79.52149,26.30331],[79.51909,26.31023],[79.52027,26.31983],[79.52149,26.32255],[79.52382,26.32459],[79.52708,26.32652],[79.53313,26.32866],[79.54488,26.336],[79.55592,26.34096],[79.56071,26.34436],[79.5627,26.34736],[79.56561,26.35475],[79.56622,26.36027],[79.56168,26.36642],[79.55139,26.3672],[79.54589,26.36501],[79.53635,26.35777],[79.53267,26.3541],[79.51759,26.34804],[79.50748,26.35198],[79.50495,26.35378],[79.49942,26.36203],[79.4967,26.3644],[79.49499,26.36926],[79.50069,26.37025],[79.50407,26.37283],[79.52614,26.3939],[79.53866,26.40875],[79.54545,26.40953],[79.54963,26.41084],[79.55389,26.41498],[79.56238,26.42697],[79.56647,26.43472],[79.56932,26.43832],[79.56924,26.43991],[79.56664,26.44218],[79.56326,26.44759],[79.56171,26.4517],[79.56384,26.45465],[79.56666,26.45349],[79.57103,26.45371],[79.57442,26.45685],[79.58381,26.46955],[79.58713,26.4685],[79.59068,26.46906],[79.59335,26.47312],[79.58854,26.48281],[79.59023,26.48593],[79.5919,26.48721],[79.59528,26.48771],[79.60074,26.49083],[79.60999,26.49364],[79.61321,26.49534],[79.61463,26.49783],[79.60509,26.50574],[79.6043,26.50763],[79.60918,26.5132],[79.61575,26.51908],[79.62019,26.51575],[79.63048,26.51353],[79.63165,26.5167],[79.6293,26.51954],[79.62961,26.52287],[79.63218,26.52657],[79.63239,26.53329],[79.63133,26.54062],[79.62934,26.54479],[79.62194,26.54981],[79.63113,26.55589],[79.63541,26.56782],[79.63784,26.57038],[79.64081,26.57593],[79.6404,26.57724],[79.63574,26.57781],[79.63003,26.58101],[79.62711,26.58483],[79.6273,26.59613],[79.6273,26.60032],[79.629,26.60579],[79.63337,26.61176],[79.63619,26.61318],[79.63989,26.61298],[79.64455,26.60943],[79.6466,26.61101],[79.65295,26.6209],[79.66131,26.6191],[79.6655,26.62001],[79.67503,26.63391],[79.69565,26.65097],[79.70248,26.65415],[79.70297,26.65663],[79.70798,26.66059],[79.71216,26.66666],[79.71408,26.67111],[79.7083,26.67757],[79.70692,26.68066],[79.71281,26.69525],[79.71277,26.69726],[79.70754,26.71068],[79.70467,26.71444],[79.69705,26.71756],[79.69461,26.72258],[79.69129,26.72249],[79.68899,26.7236],[79.68585,26.73217],[79.68308,26.73449],[79.67827,26.73638],[79.66945,26.74132],[79.66717,26.74497],[79.66749,26.74848],[79.68142,26.7506],[79.68506,26.75018],[79.68982,26.75104],[79.69542,26.75214],[79.69757,26.75326],[79.70744,26.75469],[79.71217,26.75659],[79.71812,26.76004],[79.72402,26.77079],[79.72771,26.77003],[79.73415,26.77016],[79.73825,26.77348],[79.73999,26.77626],[79.74841,26.7853],[79.74989,26.78894],[79.75719,26.78592],[79.76154,26.78535],[79.7645,26.78325],[79.76762,26.77588],[79.77017,26.77512],[79.78215,26.78098],[79.79032,26.78831],[79.79532,26.79055],[79.79973,26.791],[79.8036,26.7903],[79.80529,26.78906],[79.80717,26.78684],[79.80995,26.78066],[79.81682,26.77833],[79.8191,26.77728],[79.82179,26.77736],[79.82681,26.77782],[79.83243,26.77728],[79.83747,26.78026],[79.8438,26.78809],[79.85803,26.80205],[79.85886,26.80631],[79.84749,26.80755],[79.84267,26.80996],[79.84345,26.81439],[79.85091,26.83245],[79.85491,26.83274],[79.85909,26.83055],[79.86309,26.82721],[79.87576,26.82071],[79.88022,26.81616],[79.88581,26.81784],[79.88865,26.81983],[79.88965,26.82202],[79.88967,26.82369],[79.88448,26.83466],[79.88409,26.83971],[79.88432,26.84752],[79.88802,26.85526],[79.89743,26.85257],[79.90658,26.8525],[79.91406,26.855],[79.91962,26.85921],[79.9289,26.85201],[79.93697,26.85055],[79.93976,26.85104],[79.94321,26.85586],[79.94708,26.85728],[79.95617,26.86529],[79.93396,26.88003],[79.9336,26.88244],[79.94015,26.88795],[79.94024,26.89144],[79.94396,26.8956],[79.936,26.90244],[79.93628,26.90615],[79.9432,26.92331],[79.94186,26.92688],[79.93728,26.92571],[79.93291,26.92685],[79.93137,26.9285],[79.93627,26.93454],[79.93518,26.94937],[79.94548,26.95182],[79.95141,26.95594],[79.95357,26.95594],[79.95886,26.9471],[79.96497,26.94767],[79.96783,26.94534],[79.96893,26.94364],[79.97051,26.93549],[79.97163,26.93356],[79.97364,26.93252],[79.97613,26.93285],[79.97881,26.93668],[79.98051,26.93815],[79.98463,26.93928],[79.98512,26.9408],[79.97075,26.94981],[79.97084,26.95236],[79.97684,26.95476],[79.98602,26.96407],[79.99043,26.96625],[79.99466,26.96389],[79.99689,26.96156],[79.99897,26.95791]]]}},{"type":"Feature","properties":{"ID_0":105,"ISO":"IND","NAME_0":"India","ID_1":33,"NAME_1":"Uttar Pradesh","ID_2":533,"NAME_2":"Kanpur","NL_NAME_2":null,"VARNAME_2":"Kanpur Nagar","TYPE_2":"District","ENGTYPE_2":"District","STATE":"Uttar Pradesh","DISTRICT":"Kanpur"},"geometry":{"type":"Polygon","coordinates":[[[80.27469,26.63991],[80.27525,26.63918],[80.28391,26.62677],[80.29467,26.61101],[80.29526,26.60511],[80.29214,26.59054],[80.28692,26.57698],[80.28581,26.56518],[80.2872,26.55295],[80.29472,26.53918],[80.30057,26.53085],[80.31359,26.5188],[80.31836,26.51414],[80.33099,26.49863],[80.33866,26.49095],[80.35286,26.48149],[80.36926,26.47498],[80.37665,26.47391],[80.38475,26.47312],[80.3909,26.4695],[80.39617,26.46179],[80.39487,26.44672],[80.40248,26.44013],[80.40951,26.4337],[80.41326,26.42908],[80.42464,26.42316],[80.43528,26.41676],[80.44631,26.41018],[80.45849,26.40214],[80.47222,26.39335],[80.48754,26.38325],[80.49754,26.37715],[80.51227,26.36824],[80.51948,26.36572],[80.52418,26.3626],[80.52634,26.35549],[80.52712,26.34918],[80.52956,26.34202],[80.52752,26.33108],[80.5281,26.32682],[80.53456,26.31551],[80.54565,26.29341],[80.55206,26.27119],[80.55253,26.26957],[80.55371,26.26119],[80.55187,26.25054],[80.55163,26.23904],[80.55525,26.2339],[80.55801,26.23163],[80.54732,26.22837],[80.53679,26.22547],[80.53307,26.21946],[80.53192,26.20968],[80.53544,26.20683],[80.53313,26.204],[80.5299,26.20225],[80.52164,26.20327],[80.51472,26.20361],[80.5116,26.19789],[80.51563,26.19621],[80.5121,26.19301],[80.50629,26.19211],[80.50093,26.19315],[80.49345,26.19767],[80.48956,26.19903],[80.4835,26.19686],[80.47421,26.18855],[80.47375,26.18475],[80.47205,26.18215],[80.46577,26.18575],[80.46245,26.19511],[80.45843,26.20209],[80.44182,26.19872],[80.43736,26.20075],[80.43273,26.20496],[80.43176,26.20846],[80.4263,26.20702],[80.42032,26.20823],[80.41604,26.20941],[80.41109,26.21366],[80.40894,26.2187],[80.40795,26.22691],[80.40616,26.23276],[80.40141,26.23283],[80.40055,26.23414],[80.40341,26.23807],[80.40578,26.24161],[80.40422,26.24429],[80.3968,26.24865],[80.39084,26.25375],[80.39066,26.25698],[80.38733,26.26442],[80.38902,26.26588],[80.38966,26.26916],[80.38699,26.26993],[80.38479,26.27302],[80.38975,26.27715],[80.38876,26.27984],[80.38405,26.27979],[80.38226,26.28179],[80.37521,26.28172],[80.36905,26.28109],[80.36938,26.2846],[80.35877,26.28455],[80.35481,26.2821],[80.35126,26.28149],[80.3397,26.28045],[80.32774,26.28752],[80.3207,26.28159],[80.30882,26.28578],[80.30386,26.28205],[80.3,26.28121],[80.29597,26.27778],[80.29065,26.27732],[80.28563,26.27198],[80.27904,26.27192],[80.27644,26.26529],[80.27197,26.25955],[80.26717,26.26283],[80.26344,26.26101],[80.25918,26.26103],[80.25513,26.26432],[80.24858,26.26442],[80.24143,26.26297],[80.2322,26.25914],[80.2225,26.25495],[80.21967,26.25647],[80.22119,26.26235],[80.21252,26.25806],[80.21066,26.26018],[80.21019,26.26597],[80.2116,26.26995],[80.20358,26.27135],[80.20152,26.27381],[80.20541,26.27608],[80.20984,26.27746],[80.19621,26.28363],[80.19129,26.28123],[80.1871,26.28101],[80.18394,26.28431],[80.17661,26.28187],[80.16996,26.28467],[80.16704,26.2843],[80.16793,26.28028],[80.17062,26.2783],[80.16886,26.27702],[80.1662,26.2767],[80.16085,26.27824],[80.15617,26.28469],[80.15383,26.29334],[80.15295,26.30005],[80.14808,26.30282],[80.14526,26.30544],[80.14638,26.30518],[80.14583,26.3084],[80.14956,26.31017],[80.1579,26.30939],[80.15826,26.31083],[80.15499,26.31625],[80.15547,26.32235],[80.15302,26.32422],[80.14803,26.32703],[80.14798,26.33295],[80.14683,26.33908],[80.14289,26.34657],[80.14053,26.35246],[80.14797,26.36047],[80.14007,26.36648],[80.14252,26.37122],[80.13732,26.37191],[80.13113,26.3716],[80.13683,26.37684],[80.13873,26.38208],[80.14658,26.38425],[80.14616,26.38729],[80.1422,26.38747],[80.13802,26.38725],[80.13431,26.39279],[80.12801,26.39726],[80.13918,26.39836],[80.13638,26.40349],[80.13741,26.4062],[80.14412,26.40853],[80.13918,26.41065],[80.13379,26.41018],[80.13038,26.40814],[80.12836,26.42064],[80.1319,26.42528],[80.12837,26.4268],[80.12563,26.43245],[80.12755,26.4381],[80.12531,26.44313],[80.12408,26.45353],[80.12109,26.45813],[80.11595,26.46429],[80.11674,26.47297],[80.12359,26.47213],[80.12283,26.48115],[80.12718,26.47906],[80.1311,26.47716],[80.14223,26.47206],[80.14759,26.47609],[80.13847,26.4819],[80.13462,26.48788],[80.13383,26.49345],[80.13284,26.49677],[80.13439,26.49753],[80.13896,26.4954],[80.14388,26.49862],[80.15627,26.50457],[80.16586,26.50949],[80.16682,26.51174],[80.16398,26.5159],[80.15823,26.52136],[80.15683,26.52617],[80.16674,26.53279],[80.17777,26.53347],[80.18664,26.53248],[80.19013,26.53395],[80.19735,26.53633],[80.2009,26.53579],[80.2059,26.53515],[80.20848,26.54064],[80.21241,26.55074],[80.21235,26.56264],[80.21178,26.57241],[80.21532,26.57749],[80.2197,26.57915],[80.22602,26.57813],[80.23045,26.57524],[80.22904,26.57143],[80.22775,26.56729],[80.23035,26.56518],[80.23532,26.56495],[80.23991,26.56832],[80.24024,26.57253],[80.23641,26.57732],[80.23669,26.58037],[80.24647,26.59201],[80.25105,26.59731],[80.25022,26.59999],[80.24738,26.60277],[80.24524,26.60493],[80.2463,26.62454],[80.25002,26.63291],[80.25367,26.63524],[80.26573,26.63802],[80.27469,26.63991]]]}},{"type":"Feature","properties":{"ID_0":105,"ISO":"IND","NAME_0":"India","ID_1":33,"NAME_1":"Uttar Pradesh","ID_2":534,"NAME_2":"Kaushambi","NL_NAME_2":null,"VARNAME_2":null,"TYPE_2":"District","ENGTYPE_2":"District","STATE":"Uttar Pradesh","DISTRICT":"Kaushambi"},"geometry":{"type":"Polygon","coordinates":[[[81.33092,25.8074],[81.35497,25.78019],[81.36051,25.77599],[81.37603,25.77701],[81.38735,25.77472],[81.39271,25.77098],[81.39542,25.76647],[81.39688,25.75625],[81.39613,25.75073],[81.39392,25.74635],[81.39005,25.74137],[81.38084,25.73242],[81.37678,25.72331],[81.36996,25.7195],[81.36649,25.7193],[81.36009,25.71613],[81.36152,25.71241],[81.36133,25.70885],[81.36452,25.70129],[81.37166,25.69586],[81.37467,25.69261],[81.38083,25.68865],[81.38913,25.68678],[81.40034,25.68797],[81.41055,25.68326],[81.41474,25.67692],[81.42212,25.67181],[81.42717,25.6655],[81.43383,25.65918],[81.43998,25.65505],[81.45786,25.63844],[81.46165,25.63641],[81.4633,25.63597],[81.46865,25.6374],[81.47712,25.63569],[81.4838,25.63122],[81.48505,25.62732],[81.48734,25.62552],[81.49472,25.62465],[81.50775,25.61989],[81.51191,25.62171],[81.52242,25.62302],[81.52524,25.62017],[81.53076,25.60574],[81.53932,25.59048],[81.5429,25.57983],[81.54948,25.57408],[81.56072,25.5717],[81.57169,25.57634],[81.57763,25.58185],[81.57865,25.58422],[81.58128,25.58579],[81.59489,25.58683],[81.60091,25.58952],[81.60328,25.59407],[81.60562,25.59649],[81.61552,25.59631],[81.62429,25.5919],[81.64021,25.58232],[81.64391,25.57339],[81.64314,25.5565],[81.64491,25.53783],[81.64651,25.53445],[81.65508,25.52303],[81.65823,25.5172],[81.66451,25.51323],[81.67335,25.51123],[81.68286,25.51108],[81.71546,25.51501],[81.72002,25.51263],[81.73108,25.49657],[81.74155,25.48752],[81.75146,25.48052],[81.76348,25.47561],[81.77332,25.47367],[81.78931,25.47327],[81.82353,25.48489],[81.82917,25.48751],[81.83945,25.49402],[81.84331,25.4976],[81.84474,25.50796],[81.84673,25.51182],[81.85438,25.51452],[81.86124,25.51622],[81.86422,25.51148],[81.87045,25.50652],[81.8692,25.50508],[81.90401,25.47313],[81.90467,25.46877],[81.90241,25.45961],[81.8998,25.45689],[81.89541,25.44739],[81.89142,25.44231],[81.88836,25.43953],[81.88414,25.43721],[81.86893,25.43423],[81.86549,25.43197],[81.8545,25.42994],[81.83473,25.42246],[81.82311,25.41945],[81.81422,25.41468],[81.81046,25.41246],[81.7913,25.38912],[81.78686,25.38035],[81.78682,25.37695],[81.7953,25.36501],[81.80452,25.35451],[81.80637,25.35125],[81.80789,25.34534],[81.80269,25.33496],[81.79758,25.32866],[81.79472,25.32612],[81.78665,25.32222],[81.78042,25.32269],[81.77649,25.32587],[81.77234,25.3309],[81.7525,25.34615],[81.74804,25.34807],[81.73517,25.35159],[81.70982,25.35605],[81.68343,25.35872],[81.64877,25.35758],[81.62772,25.35419],[81.61546,25.34949],[81.60596,25.34286],[81.59011,25.32652],[81.58435,25.32384],[81.56705,25.31265],[81.54364,25.29636],[81.54162,25.29364],[81.53713,25.28986],[81.53204,25.28734],[81.52345,25.28107],[81.51009,25.27422],[81.4991,25.27153],[81.4932,25.27095],[81.48727,25.27153],[81.48353,25.27007],[81.47896,25.26917],[81.46355,25.2685],[81.46062,25.2675],[81.45816,25.2634],[81.4515,25.26224],[81.44563,25.26339],[81.42847,25.26897],[81.41827,25.27123],[81.39969,25.27357],[81.38554,25.27423],[81.38074,25.27556],[81.3764,25.28029],[81.3772,25.28609],[81.37792,25.2883],[81.38951,25.30169],[81.39193,25.30562],[81.39479,25.31392],[81.39484,25.3184],[81.39309,25.32717],[81.39128,25.33106],[81.38886,25.33345],[81.3781,25.33845],[81.35595,25.34466],[81.35121,25.34663],[81.33448,25.35036],[81.31647,25.35109],[81.3073,25.34933],[81.28313,25.34173],[81.27663,25.33854],[81.27359,25.33547],[81.26935,25.32848],[81.26697,25.32776],[81.2605,25.32763],[81.2565,25.32931],[81.24915,25.33756],[81.2428,25.35662],[81.2412,25.35838],[81.22246,25.36352],[81.21607,25.36471],[81.20971,25.36452],[81.19392,25.36912],[81.17517,25.37768],[81.16789,25.38025],[81.1552,25.38728],[81.1499,25.39205],[81.1451,25.39918],[81.14294,25.40093],[81.14121,25.40619],[81.14083,25.42004],[81.14294,25.42948],[81.15224,25.43562],[81.17536,25.44732],[81.18295,25.45379],[81.18408,25.45635],[81.19839,25.45184],[81.20471,25.44703],[81.21041,25.44382],[81.21348,25.44517],[81.21476,25.44737],[81.21062,25.45071],[81.21949,25.46483],[81.22124,25.47083],[81.21929,25.47438],[81.22034,25.47587],[81.22718,25.4786],[81.22718,25.48244],[81.22839,25.48601],[81.23125,25.4876],[81.23725,25.48635],[81.24113,25.49294],[81.24377,25.49457],[81.24831,25.49233],[81.2513,25.49196],[81.25764,25.49725],[81.2588,25.50048],[81.26198,25.50305],[81.26256,25.51138],[81.25156,25.51431],[81.24506,25.5179],[81.24415,25.52055],[81.24464,25.52612],[81.24569,25.52792],[81.24991,25.52762],[81.25159,25.53275],[81.25436,25.54818],[81.25146,25.55281],[81.24924,25.55306],[81.24814,25.5542],[81.24921,25.55921],[81.24609,25.56659],[81.23856,25.57356],[81.23988,25.57709],[81.23591,25.57751],[81.23108,25.58056],[81.23367,25.58857],[81.22742,25.58947],[81.2256,25.59227],[81.22546,25.59519],[81.2217,25.59705],[81.21727,25.59895],[81.21127,25.59941],[81.20231,25.60045],[81.20232,25.6035],[81.20438,25.61007],[81.20767,25.61689],[81.20784,25.63252],[81.21016,25.64202],[81.20691,25.64325],[81.20277,25.64613],[81.20199,25.64911],[81.20438,25.65259],[81.20734,25.65429],[81.20849,25.6577],[81.21029,25.66633],[81.20987,25.67052],[81.20792,25.67445],[81.21223,25.67646],[81.22248,25.67508],[81.22624,25.67707],[81.23026,25.67809],[81.23167,25.68],[81.22977,25.68493],[81.22095,25.68528],[81.2198,25.68614],[81.21866,25.69072],[81.21739,25.69146],[81.21309,25.69209],[81.20293,25.68779],[81.19724,25.6879],[81.19741,25.6945],[81.19577,25.69903],[81.18975,25.70481],[81.18951,25.70878],[81.19321,25.71945],[81.19245,25.72352],[81.1935,25.7248],[81.20004,25.72619],[81.20723,25.72599],[81.21732,25.71909],[81.22102,25.71953],[81.22325,25.72277],[81.22679,25.73511],[81.22989,25.74037],[81.22977,25.74341],[81.22859,25.74609],[81.23245,25.74988],[81.23704,25.75229],[81.23479,25.75421],[81.24249,25.76464],[81.24521,25.76305],[81.24933,25.75839],[81.25339,25.75613],[81.26031,25.75713],[81.26753,25.76451],[81.27198,25.76306],[81.27682,25.76438],[81.27747,25.76795],[81.27948,25.76864],[81.2841,25.76836],[81.28517,25.77251],[81.29346,25.77202],[81.29616,25.77262],[81.29774,25.7769],[81.30691,25.77637],[81.30766,25.78153],[81.30608,25.7856],[81.30768,25.78849],[81.31471,25.79666],[81.31826,25.79975],[81.32397,25.79774],[81.32547,25.80235],[81.32595,25.81012],[81.32791,25.81432],[81.33092,25.8074]]]}},{"type":"Feature","properties":{"ID_0":105,"ISO":"IND","NAME_0":"India","ID_1":33,"NAME_1":"Uttar Pradesh","ID_2":535,"NAME_2":"Kushinagar","NL_NAME_2":null,"VARNAME_2":null,"TYPE_2":"District","ENGTYPE_2":"District","STATE":"Uttar Pradesh","DISTRICT":"Kushinagar"},"geometry":{"type":"Polygon","coordinates":[[[83.87199,27.28752],[83.87704,27.28687],[83.88245,27.28829],[83.88552,27.28818],[83.89029,27.28621],[83.89804,27.27899],[83.89616,27.27707],[83.89549,27.26815],[83.89796,27.25943],[83.9019,27.25213],[83.90762,27.24803],[83.91176,27.2465],[83.92532,27.24253],[83.94814,27.23833],[83.95448,27.23504],[83.95586,27.23352],[83.95502,27.23107],[83.96153,27.22795],[83.96376,27.22527],[83.96412,27.22319],[83.96329,27.22108],[83.96031,27.21666],[83.96168,27.21376],[83.96458,27.21101],[83.97661,27.20342],[83.97878,27.20044],[83.98512,27.18176],[83.9842,27.17871],[83.97972,27.1734],[83.96831,27.1656],[83.96658,27.16084],[83.95865,27.14867],[83.95091,27.14088],[83.9508,27.13908],[83.95364,27.13194],[83.95248,27.12898],[83.95081,27.12634],[83.94766,27.12362],[83.94144,27.11983],[83.93956,27.11667],[83.93839,27.11102],[83.93857,27.10732],[83.94035,27.1023],[83.93942,27.09299],[83.94083,27.08962],[83.9441,27.08725],[83.94778,27.0862],[83.95494,27.08612],[83.97121,27.09194],[83.97787,27.09262],[83.98123,27.09382],[83.99017,27.09884],[83.99265,27.10015],[83.99751,27.09848],[84.00251,27.10028],[84.00532,27.10403],[84.01163,27.10488],[84.01422,27.10008],[84.02072,27.09548],[84.01893,27.09344],[84.0161,27.09176],[84.01832,27.08724],[84.01689,27.08376],[84.01194,27.08128],[84.00559,27.07194],[83.9911,27.07129],[83.99076,27.06859],[83.9949,27.06125],[84.01218,27.05379],[84.02427,27.04472],[84.03126,27.04646],[84.03564,27.04651],[84.04082,27.04468],[84.04031,27.0353],[84.03596,27.02901],[84.03573,27.01932],[84.03045,27.01182],[84.03993,27.00587],[84.0427,27.00312],[84.04517,26.99973],[84.04433,26.99768],[84.04952,26.99081],[84.04597,26.98716],[84.03902,26.98802],[84.03643,26.98403],[84.0425,26.98157],[84.04346,26.98039],[84.04126,26.96801],[84.046,26.96809],[84.04666,26.96194],[84.04416,26.96087],[84.04086,26.95745],[84.03862,26.95776],[84.03909,26.95431],[84.03515,26.94872],[84.03169,26.94933],[84.02637,26.94896],[84.0249,26.94272],[84.02881,26.9412],[84.02981,26.93957],[84.03631,26.94113],[84.03867,26.93829],[84.03655,26.93302],[84.03847,26.93088],[84.04522,26.93042],[84.04767,26.93183],[84.04924,26.91459],[84.04408,26.9098],[84.0424,26.90913],[84.04514,26.90474],[84.04738,26.90622],[84.0508,26.90165],[84.04898,26.89994],[84.052,26.8917],[84.05905,26.89078],[84.06009,26.88646],[84.07156,26.88187],[84.07626,26.87878],[84.0855,26.88524],[84.08789,26.88235],[84.08652,26.87892],[84.09003,26.87715],[84.09262,26.87783],[84.09683,26.88634],[84.09987,26.88799],[84.10107,26.89383],[84.09922,26.89521],[84.10063,26.90084],[84.10641,26.89509],[84.10941,26.89443],[84.11164,26.89189],[84.12202,26.89265],[84.12302,26.88902],[84.13025,26.88527],[84.14084,26.88758],[84.14074,26.88391],[84.13862,26.88307],[84.13753,26.8763],[84.1393,26.87404],[84.13184,26.87056],[84.13165,26.85569],[84.15054,26.83947],[84.15728,26.83636],[84.16892,26.83452],[84.17471,26.83578],[84.17741,26.84266],[84.17533,26.84594],[84.17695,26.84938],[84.17647,26.85334],[84.18081,26.85738],[84.18532,26.86009],[84.18956,26.85982],[84.19656,26.86118],[84.20922,26.87099],[84.2211,26.87224],[84.22196,26.87018],[84.22864,26.86981],[84.23538,26.86434],[84.2411,26.86243],[84.24564,26.85872],[84.25211,26.84492],[84.25042,26.83782],[84.25103,26.8307],[84.24647,26.82758],[84.24284,26.82182],[84.24852,26.8209],[84.2468,26.81454],[84.2523,26.80868],[84.24935,26.80227],[84.24849,26.79268],[84.24113,26.77543],[84.23549,26.76698],[84.22461,26.7571],[84.23321,26.74511],[84.23399,26.73953],[84.24228,26.73077],[84.24738,26.72929],[84.25234,26.73147],[84.25449,26.73427],[84.25529,26.73896],[84.25936,26.74082],[84.26678,26.74207],[84.2713,26.74454],[84.27861,26.75124],[84.28675,26.75144],[84.29803,26.75327],[84.30665,26.73957],[84.30562,26.73768],[84.31102,26.7336],[84.31851,26.71623],[84.32334,26.68848],[84.32566,26.68426],[84.33707,26.68144],[84.3448,26.68043],[84.35012,26.6814],[84.35484,26.67888],[84.36675,26.67881],[84.40224,26.67122],[84.40479,26.64275],[84.40737,26.63806],[84.4144,26.62717],[84.40057,26.62413],[84.395,26.62574],[84.38344,26.62151],[84.37885,26.62184],[84.37059,26.61539],[84.35094,26.62043],[84.33007,26.61832],[84.32549,26.61532],[84.31076,26.61457],[84.30652,26.61703],[84.30267,26.61747],[84.29703,26.6157],[84.29502,26.60663],[84.29314,26.60551],[84.2892,26.60699],[84.2868,26.60392],[84.27934,26.60658],[84.27741,26.60074],[84.27347,26.60135],[84.27222,26.59936],[84.26292,26.60302],[84.25889,26.60732],[84.25063,26.60794],[84.2401,26.61004],[84.23095,26.60979],[84.22867,26.61321],[84.22305,26.61309],[84.22199,26.61568],[84.2157,26.61868],[84.20682,26.62095],[84.20388,26.62053],[84.20199,26.62434],[84.18468,26.62585],[84.17699,26.62454],[84.16779,26.62629],[84.16725,26.62417],[84.14854,26.62775],[84.15346,26.63367],[84.15203,26.6385],[84.13951,26.63903],[84.13742,26.63648],[84.12907,26.6385],[84.12413,26.63741],[84.12099,26.63755],[84.12147,26.63462],[84.11563,26.63743],[84.10608,26.63723],[84.10432,26.63266],[84.09935,26.63397],[84.09935,26.63557],[84.09493,26.63648],[84.09408,26.63832],[84.08449,26.64013],[84.08178,26.64286],[84.08042,26.64075],[84.08138,26.63678],[84.0806,26.63392],[84.08384,26.63141],[84.08214,26.62655],[84.07962,26.6237],[84.08353,26.61826],[84.0828,26.61505],[84.08476,26.61056],[84.08179,26.60311],[84.08253,26.5996],[84.07915,26.59435],[84.07029,26.58926],[84.07122,26.58448],[84.06773,26.5813],[84.06285,26.57969],[84.05691,26.57341],[84.05475,26.56769],[84.04932,26.56159],[84.04814,26.55752],[84.04878,26.55033],[84.03895,26.55288],[84.03944,26.55816],[84.03349,26.55896],[84.03161,26.56128],[84.02778,26.56373],[84.02197,26.57183],[84.00921,26.57757],[84.00175,26.57895],[83.99831,26.58639],[83.99829,26.58972],[83.99296,26.59556],[83.9903,26.5952],[83.98564,26.59553],[83.98068,26.6063],[83.97868,26.61326],[83.97332,26.61872],[83.96054,26.62616],[83.95755,26.62991],[83.9571,26.63437],[83.95929,26.64399],[83.95837,26.65137],[83.95375,26.65838],[83.95064,26.66694],[83.95164,26.67414],[83.948,26.67567],[83.94498,26.67808],[83.93925,26.67727],[83.9277,26.67995],[83.9232,26.67902],[83.91724,26.68125],[83.91386,26.68417],[83.91187,26.68721],[83.90708,26.6884],[83.90464,26.69127],[83.90182,26.69316],[83.89749,26.69389],[83.89504,26.699],[83.89557,26.70462],[83.88815,26.7081],[83.88628,26.71132],[83.88808,26.71776],[83.88754,26.72228],[83.8823,26.7311],[83.88053,26.73653],[83.87714,26.74042],[83.87047,26.74454],[83.86507,26.75044],[83.85267,26.74898],[83.84585,26.74909],[83.84138,26.75081],[83.83341,26.76001],[83.82986,26.75736],[83.83015,26.75201],[83.82944,26.74764],[83.82658,26.74564],[83.8084,26.74916],[83.80278,26.7496],[83.79794,26.73351],[83.79817,26.72875],[83.79729,26.72655],[83.79471,26.72402],[83.79195,26.71689],[83.78468,26.716],[83.78219,26.71007],[83.77277,26.71039],[83.76781,26.70486],[83.76407,26.70416],[83.75787,26.70058],[83.75164,26.70498],[83.74918,26.70118],[83.74475,26.69652],[83.7398,26.69443],[83.73549,26.69452],[83.72992,26.69756],[83.72276,26.69891],[83.71589,26.69893],[83.71354,26.69801],[83.71255,26.69427],[83.71394,26.68939],[83.70648,26.68942],[83.70202,26.68809],[83.69759,26.68486],[83.68754,26.68419],[83.6877,26.68728],[83.68983,26.6935],[83.69009,26.70006],[83.68202,26.70313],[83.67936,26.70202],[83.67381,26.70304],[83.66984,26.69889],[83.66772,26.6921],[83.66123,26.6846],[83.65671,26.68441],[83.65498,26.68343],[83.64648,26.66644],[83.64552,26.66115],[83.63914,26.66067],[83.63196,26.66126],[83.62222,26.66021],[83.61553,26.67068],[83.61683,26.67632],[83.61701,26.68265],[83.61494,26.69488],[83.61205,26.70044],[83.60717,26.70611],[83.60993,26.70653],[83.61136,26.71567],[83.61401,26.71642],[83.6143,26.72895],[83.60899,26.73038],[83.60448,26.73421],[83.60236,26.73799],[83.6036,26.74822],[83.60509,26.7503],[83.60833,26.75192],[83.61072,26.7563],[83.60884,26.75863],[83.6047,26.75874],[83.60028,26.76154],[83.59723,26.7605],[83.58698,26.76131],[83.57662,26.76432],[83.57755,26.77208],[83.58317,26.7729],[83.58343,26.77721],[83.58147,26.78233],[83.58257,26.78762],[83.58527,26.79263],[83.5835,26.79727],[83.56921,26.81767],[83.56628,26.81903],[83.56073,26.81976],[83.55701,26.82307],[83.55591,26.82566],[83.55206,26.82863],[83.55073,26.83913],[83.53893,26.84259],[83.53936,26.84828],[83.52175,26.85549],[83.51868,26.85737],[83.51929,26.86255],[83.52148,26.86434],[83.53017,26.86708],[83.53759,26.8928],[83.54647,26.89324],[83.54983,26.90871],[83.5479,26.91215],[83.5506,26.92635],[83.55505,26.92753],[83.56181,26.93606],[83.56366,26.93527],[83.56523,26.93298],[83.56837,26.93166],[83.57366,26.93272],[83.57924,26.93556],[83.58489,26.93042],[83.58622,26.92605],[83.58595,26.91721],[83.59748,26.91467],[83.60139,26.92911],[83.60409,26.93245],[83.60852,26.9339],[83.61693,26.93325],[83.61906,26.94401],[83.61733,26.94677],[83.61451,26.94864],[83.61237,26.95191],[83.61209,26.95478],[83.6132,26.95818],[83.61644,26.95882],[83.62985,26.95749],[83.64488,26.953],[83.656,26.95345],[83.6605,26.95014],[83.66451,26.94854],[83.67084,26.94903],[83.67256,26.95575],[83.67262,26.96644],[83.67863,26.96618],[83.69894,26.96303],[83.70538,26.95581],[83.70904,26.95376],[83.71429,26.95424],[83.71883,26.95638],[83.72089,26.96184],[83.72086,26.96793],[83.72284,26.97954],[83.72522,26.99],[83.72709,26.99375],[83.73134,26.99692],[83.73661,26.99792],[83.74802,26.99611],[83.75423,26.99801],[83.75976,27.00377],[83.74323,27.00968],[83.74025,27.01157],[83.737,27.01705],[83.73584,27.01902],[83.73484,27.02531],[83.73741,27.03177],[83.743,27.03594],[83.74364,27.03829],[83.74212,27.03924],[83.73241,27.03975],[83.7281,27.04149],[83.72765,27.04721],[83.72054,27.05763],[83.72544,27.06205],[83.72988,27.0626],[83.73503,27.06124],[83.73907,27.05887],[83.74651,27.05332],[83.74772,27.05112],[83.75133,27.05279],[83.75513,27.05589],[83.75771,27.06033],[83.75717,27.07547],[83.75656,27.07653],[83.75363,27.07762],[83.73702,27.07837],[83.73909,27.0819],[83.75012,27.08867],[83.75861,27.09066],[83.7618,27.09227],[83.76447,27.0954],[83.76503,27.09953],[83.7685,27.10809],[83.7718,27.10949],[83.77959,27.10883],[83.79003,27.1116],[83.79367,27.11418],[83.79573,27.12007],[83.79539,27.13284],[83.79713,27.14433],[83.79753,27.15317],[83.79996,27.1586],[83.80214,27.16902],[83.8143,27.17606],[83.81646,27.17866],[83.81293,27.17912],[83.78223,27.16914],[83.7747,27.16772],[83.77214,27.1685],[83.77277,27.17292],[83.77517,27.17461],[83.7812,27.1775],[83.78545,27.1784],[83.7923,27.18121],[83.80034,27.18797],[83.80098,27.18992],[83.80029,27.19142],[83.79191,27.19698],[83.79185,27.20037],[83.79005,27.20293],[83.78843,27.2155],[83.79009,27.21789],[83.79474,27.21964],[83.79647,27.21927],[83.79797,27.21804],[83.80195,27.21008],[83.80537,27.20531],[83.80752,27.20383],[83.81006,27.20339],[83.81831,27.20704],[83.82119,27.21088],[83.82185,27.21398],[83.82063,27.21975],[83.81734,27.22729],[83.81696,27.23224],[83.81201,27.23682],[83.80551,27.23331],[83.79945,27.23192],[83.78938,27.23659],[83.78616,27.23877],[83.7858,27.24816],[83.78746,27.25002],[83.79039,27.2498],[83.79358,27.25192],[83.79624,27.25015],[83.79985,27.25164],[83.80209,27.25062],[83.80419,27.24765],[83.80732,27.24806],[83.81374,27.25069],[83.81779,27.25149],[83.83355,27.25104],[83.83719,27.25253],[83.83983,27.25652],[83.8396,27.25791],[83.83417,27.26323],[83.82931,27.26941],[83.82795,27.27669],[83.83216,27.28914],[83.83464,27.29082],[83.84019,27.29286],[83.85372,27.29586],[83.86195,27.29873],[83.86391,27.30029],[83.86706,27.30078],[83.86879,27.29846],[83.87199,27.28752]]]}},{"type":"Feature","properties":{"ID_0":105,"ISO":"IND","NAME_0":"India","ID_1":33,"NAME_1":"Uttar Pradesh","ID_2":536,"NAME_2":"Lakhimpur Kheri","NL_NAME_2":null,"VARNAME_2":"Kheri","TYPE_2":"District","ENGTYPE_2":"District","STATE":"Uttar Pradesh","DISTRICT":"Lakhimpur Kheri"},"geometry":{"type":"Polygon","coordinates":[[[80.59705,28.65356],[80.59145,28.64762],[80.60011,28.65007],[80.60791,28.65225],[80.60795,28.65226],[80.61064,28.64567],[80.61329,28.63921],[80.63492,28.63721],[80.64322,28.64322],[80.65031,28.63622],[80.6529,28.6339],[80.65838,28.63655],[80.66934,28.64182],[80.67246,28.6283],[80.68127,28.62045],[80.6797,28.6091],[80.67963,28.60854],[80.67903,28.60429],[80.68694,28.60386],[80.69743,28.6033],[80.69193,28.58703],[80.70563,28.57869],[80.70782,28.57647],[80.7163,28.5679],[80.72334,28.57274],[80.72622,28.57471],[80.7281,28.57353],[80.7403,28.56581],[80.74005,28.57422],[80.75149,28.57072],[80.76065,28.56809],[80.76963,28.56552],[80.77102,28.55176],[80.77124,28.54961],[80.77376,28.54906],[80.78442,28.54671],[80.79182,28.54352],[80.79161,28.54298],[80.78628,28.52923],[80.78802,28.52729],[80.79076,28.52426],[80.80145,28.52103],[80.81014,28.52082],[80.81356,28.52072],[80.81374,28.52072],[80.81722,28.52065],[80.83173,28.51173],[80.83176,28.5117],[80.8438,28.501],[80.8453,28.49963],[80.84605,28.49542],[80.85699,28.49704],[80.85703,28.49702],[80.86729,28.48944],[80.86333,28.50413],[80.87762,28.50972],[80.88355,28.50852],[80.8979,28.5056],[80.90152,28.50042],[80.90702,28.49941],[80.90856,28.49846],[80.90961,28.49779],[80.91031,28.49754],[80.90874,28.4898],[80.9087,28.48962],[80.90311,28.48561],[80.90692,28.46815],[80.90745,28.46573],[80.90969,28.46388],[80.9146,28.45983],[80.91739,28.45752],[80.91707,28.46009],[80.91611,28.46772],[80.92122,28.46371],[80.9211,28.46344],[80.91938,28.45964],[80.91943,28.45963],[80.92719,28.45887],[80.93259,28.45835],[80.934,28.46251],[80.93417,28.46299],[80.94423,28.46834],[80.94693,28.46613],[80.94697,28.4661],[80.93404,28.45852],[80.94505,28.45511],[80.94652,28.45472],[80.95263,28.45545],[80.95331,28.45554],[80.95341,28.44746],[80.95507,28.44774],[80.95903,28.44841],[80.96582,28.44962],[80.96882,28.45691],[80.98151,28.45516],[80.98146,28.45512],[80.96794,28.44555],[80.9666,28.4446],[80.96839,28.44364],[80.96983,28.44286],[80.96981,28.44282],[80.96697,28.43777],[80.96703,28.43775],[80.98089,28.43431],[80.97961,28.44251],[80.99094,28.44164],[80.99752,28.44942],[80.99754,28.44944],[81.0014,28.45392],[81.00145,28.45391],[81.0178,28.45178],[81.01832,28.4517],[81.01917,28.45156],[81.01483,28.43855],[81.01469,28.43814],[81.02091,28.43167],[81.0273,28.43585],[81.03122,28.43842],[81.03561,28.42783],[81.01855,28.41564],[81.02052,28.41315],[81.02282,28.41031],[81.02639,28.4066],[81.03412,28.39872],[81.03657,28.41328],[81.03661,28.41327],[81.03661,28.41331],[81.04428,28.41097],[81.04452,28.4109],[81.04772,28.40994],[81.06913,28.39439],[81.07268,28.39166],[81.06457,28.39727],[81.06397,28.39768],[81.06068,28.39992],[81.05762,28.402],[81.05549,28.40345],[81.05514,28.40368],[81.04662,28.40947],[81.03555,28.39326],[81.02848,28.38486],[81.02537,28.37806],[81.02607,28.37128],[81.04085,28.36555],[81.04402,28.36373],[81.04721,28.35834],[81.05001,28.34838],[81.04731,28.33966],[81.04062,28.33031],[81.03658,28.323],[81.02609,28.30007],[81.02464,28.29496],[81.02822,28.29148],[81.04595,28.28171],[81.05063,28.27618],[81.05066,28.264],[81.04958,28.25446],[81.0525,28.24807],[81.05746,28.24094],[81.06361,28.23504],[81.06771,28.23245],[81.08473,28.22504],[81.0906,28.22035],[81.10467,28.20046],[81.1153,28.18018],[81.11669,28.17427],[81.12122,28.16884],[81.13316,28.1571],[81.14685,28.14728],[81.15279,28.14445],[81.166,28.13281],[81.17533,28.12183],[81.17677,28.11775],[81.17621,28.11462],[81.16829,28.10179],[81.15365,28.08501],[81.14752,28.07336],[81.14921,28.06894],[81.15458,28.06263],[81.15579,28.05901],[81.15515,28.0546],[81.15585,28.05017],[81.16332,28.04385],[81.17522,28.02873],[81.18211,28.02178],[81.19897,28.006],[81.20319,28.00072],[81.21342,27.99392],[81.21662,27.98973],[81.2181,27.98622],[81.22161,27.98195],[81.22536,27.98069],[81.2331,27.97991],[81.23571,27.97273],[81.23916,27.95889],[81.24726,27.95468],[81.26207,27.95158],[81.26896,27.94844],[81.28103,27.93739],[81.28789,27.93031],[81.29072,27.92422],[81.28986,27.92043],[81.28714,27.91644],[81.28944,27.91425],[81.29575,27.91272],[81.29517,27.91003],[81.28597,27.90147],[81.27036,27.89162],[81.26816,27.8894],[81.27101,27.87717],[81.27015,27.87012],[81.27237,27.86151],[81.27492,27.85605],[81.2787,27.85431],[81.28495,27.85354],[81.28331,27.84363],[81.2832,27.83549],[81.28469,27.83394],[81.28784,27.83295],[81.29607,27.83199],[81.29741,27.82584],[81.29693,27.82144],[81.2941,27.81904],[81.27134,27.81341],[81.26992,27.811],[81.27061,27.80727],[81.27973,27.80161],[81.28378,27.79627],[81.28492,27.79174],[81.28445,27.78886],[81.27357,27.77022],[81.28544,27.75846],[81.286,27.75468],[81.28662,27.74934],[81.28614,27.74658],[81.28858,27.7409],[81.29107,27.73722],[81.2906,27.73401],[81.29143,27.73131],[81.29039,27.72759],[81.29333,27.72499],[81.29532,27.72322],[81.29028,27.71647],[81.28418,27.70628],[81.28437,27.70353],[81.28973,27.69147],[81.29272,27.68646],[81.28315,27.68518],[81.27003,27.68455],[81.26468,27.68091],[81.26113,27.67944],[81.25117,27.67856],[81.2493,27.67908],[81.24191,27.68262],[81.24027,27.68863],[81.24259,27.69288],[81.25714,27.69844],[81.25936,27.70077],[81.25983,27.70714],[81.25657,27.7153],[81.25401,27.71737],[81.24899,27.7194],[81.24328,27.7196],[81.23998,27.72047],[81.23672,27.72392],[81.23668,27.73224],[81.23522,27.73426],[81.22542,27.73281],[81.22094,27.73615],[81.2189,27.7342],[81.21956,27.7314],[81.21911,27.72934],[81.2112,27.72833],[81.20945,27.72707],[81.20925,27.72444],[81.20467,27.72005],[81.20074,27.72097],[81.19697,27.72438],[81.19272,27.72417],[81.19133,27.72909],[81.18978,27.73151],[81.18703,27.73301],[81.18235,27.73366],[81.17905,27.7362],[81.17539,27.73782],[81.17398,27.74138],[81.17669,27.74354],[81.18082,27.7452],[81.18219,27.75161],[81.18663,27.75842],[81.18937,27.76082],[81.19335,27.76143],[81.19746,27.76039],[81.20567,27.7541],[81.21728,27.75933],[81.21963,27.76276],[81.21905,27.76563],[81.21532,27.76949],[81.20492,27.77217],[81.20072,27.77506],[81.19199,27.77939],[81.18912,27.78238],[81.18153,27.7862],[81.17065,27.79083],[81.16788,27.79054],[81.15582,27.78491],[81.15037,27.78424],[81.1426,27.78604],[81.13911,27.78762],[81.13692,27.78945],[81.13494,27.79324],[81.13388,27.80437],[81.13416,27.81252],[81.13268,27.81315],[81.12101,27.80654],[81.11604,27.80959],[81.11037,27.79848],[81.10509,27.79999],[81.10515,27.79798],[81.104,27.79559],[81.09902,27.79486],[81.09548,27.79681],[81.09407,27.7986],[81.09333,27.80124],[81.09411,27.80657],[81.0881,27.80613],[81.08535,27.80671],[81.08419,27.80872],[81.08234,27.82105],[81.07464,27.82046],[81.07284,27.82642],[81.06133,27.83087],[81.06022,27.83024],[81.05447,27.81977],[81.03723,27.82372],[81.03225,27.81932],[81.02936,27.81863],[81.02597,27.82643],[81.02409,27.82793],[81.02042,27.82537],[81.01456,27.82858],[81.01134,27.82231],[81.00762,27.82614],[80.99932,27.8308],[80.99581,27.83109],[80.98907,27.83164],[80.98262,27.8308],[80.97726,27.83396],[80.9752,27.83663],[80.97661,27.84652],[80.98615,27.86049],[80.98593,27.86838],[80.98654,27.87131],[80.98786,27.87342],[80.98911,27.87338],[80.99571,27.87984],[80.99894,27.88586],[80.99631,27.88953],[80.99347,27.89023],[80.98908,27.89253],[80.98071,27.88992],[80.97391,27.89097],[80.97078,27.89619],[80.96337,27.89667],[80.9619,27.90011],[80.96993,27.90391],[80.97392,27.90752],[80.97124,27.91072],[80.96752,27.91129],[80.96261,27.9103],[80.95174,27.90669],[80.9463,27.89499],[80.94218,27.87806],[80.94128,27.87651],[80.93868,27.87547],[80.93193,27.87661],[80.92768,27.86839],[80.92945,27.86232],[80.92899,27.8603],[80.92392,27.85549],[80.92099,27.84959],[80.92001,27.84958],[80.91637,27.85254],[80.91283,27.85353],[80.90781,27.85046],[80.90353,27.84676],[80.90138,27.84223],[80.897,27.83857],[80.89442,27.83918],[80.894,27.84558],[80.89562,27.84909],[80.89497,27.85252],[80.8922,27.8554],[80.88856,27.85739],[80.88577,27.85721],[80.88316,27.85493],[80.87894,27.84911],[80.87447,27.84649],[80.87262,27.84739],[80.86803,27.84543],[80.85686,27.83728],[80.85463,27.83474],[80.8552,27.8338],[80.85399,27.82942],[80.84582,27.83088],[80.83923,27.82943],[80.83656,27.82809],[80.837,27.81829],[80.83313,27.81605],[80.8336,27.80887],[80.83307,27.80663],[80.83137,27.80403],[80.82862,27.80205],[80.82283,27.79845],[80.81796,27.79645],[80.81325,27.7968],[80.80788,27.79939],[80.80572,27.80217],[80.80344,27.80713],[80.79662,27.81306],[80.79155,27.81553],[80.78722,27.81943],[80.78262,27.82224],[80.77998,27.82296],[80.77091,27.81601],[80.76842,27.81684],[80.76637,27.81446],[80.7593,27.82021],[80.75742,27.82052],[80.7541,27.81803],[80.75347,27.80915],[80.74354,27.81429],[80.73833,27.8158],[80.73691,27.81559],[80.73456,27.81355],[80.73464,27.8038],[80.73232,27.79292],[80.73001,27.7941],[80.72369,27.80059],[80.71468,27.8117],[80.70622,27.81758],[80.70071,27.82028],[80.69711,27.82031],[80.6801,27.8295],[80.6693,27.82582],[80.66452,27.82581],[80.66093,27.82872],[80.65865,27.83654],[80.65415,27.83338],[80.65154,27.83032],[80.64906,27.82247],[80.64678,27.82071],[80.64347,27.82097],[80.64157,27.82255],[80.64186,27.8253],[80.64027,27.8279],[80.63921,27.83634],[80.63611,27.84159],[80.63042,27.84465],[80.62767,27.84163],[80.62172,27.82328],[80.61868,27.81736],[80.61977,27.81092],[80.61921,27.80821],[80.61321,27.80293],[80.60911,27.79242],[80.6054,27.78971],[80.60424,27.78323],[80.59763,27.77688],[80.59646,27.77465],[80.59551,27.76989],[80.59715,27.76145],[80.5956,27.7555],[80.59154,27.75496],[80.59071,27.75543],[80.58347,27.75389],[80.57425,27.75902],[80.57001,27.76049],[80.55951,27.75531],[80.55582,27.75414],[80.55441,27.75524],[80.55209,27.75721],[80.55133,27.76187],[80.5496,27.76405],[80.54538,27.76633],[80.54457,27.7758],[80.54337,27.77758],[80.53452,27.77618],[80.53259,27.77665],[80.53101,27.77959],[80.53056,27.78521],[80.52863,27.78833],[80.52835,27.79149],[80.53074,27.79778],[80.52977,27.80225],[80.52496,27.80608],[80.52252,27.80668],[80.50911,27.81396],[80.50761,27.81203],[80.50707,27.80927],[80.50324,27.80168],[80.49751,27.80225],[80.4922,27.7996],[80.4874,27.79127],[80.48737,27.78719],[80.48516,27.78577],[80.48205,27.78511],[80.4817,27.78198],[80.4796,27.77831],[80.46745,27.78227],[80.46222,27.78131],[80.45454,27.76675],[80.45399,27.76361],[80.45045,27.76536],[80.44837,27.76991],[80.44867,27.773],[80.44555,27.77784],[80.43877,27.77744],[80.43576,27.7731],[80.43559,27.76938],[80.4427,27.7642],[80.44426,27.75806],[80.44295,27.75595],[80.44041,27.75396],[80.42488,27.74812],[80.41705,27.74963],[80.41525,27.75055],[80.41137,27.75053],[80.40517,27.74828],[80.40034,27.74321],[80.39711,27.74158],[80.38818,27.73264],[80.38436,27.72791],[80.38467,27.72647],[80.38332,27.72217],[80.38092,27.71876],[80.37897,27.7178],[80.37634,27.71925],[80.37428,27.71904],[80.36929,27.71638],[80.3699,27.71293],[80.36701,27.71365],[80.36516,27.71498],[80.36193,27.71356],[80.36124,27.71076],[80.35638,27.71372],[80.35147,27.71371],[80.34908,27.71189],[80.33899,27.70777],[80.3373,27.70647],[80.32917,27.70497],[80.31128,27.69375],[80.30634,27.68811],[80.30473,27.68777],[80.30173,27.68439],[80.29346,27.68618],[80.28807,27.69105],[80.28796,27.69272],[80.28681,27.6937],[80.28619,27.69578],[80.28705,27.69772],[80.29089,27.69615],[80.28907,27.70046],[80.28754,27.70134],[80.285,27.70492],[80.28979,27.70649],[80.28859,27.70943],[80.28138,27.71386],[80.27329,27.71421],[80.26971,27.71602],[80.27396,27.72811],[80.27306,27.73185],[80.27512,27.73792],[80.27447,27.7416],[80.27332,27.7427],[80.27216,27.74219],[80.26789,27.73545],[80.26595,27.7338],[80.26323,27.73336],[80.26057,27.73562],[80.25951,27.73833],[80.25716,27.73934],[80.25668,27.74267],[80.25764,27.74375],[80.25661,27.7467],[80.25487,27.74757],[80.24864,27.74837],[80.24765,27.74936],[80.24684,27.75252],[80.24597,27.75466],[80.24416,27.75535],[80.24303,27.75686],[80.24226,27.76095],[80.24036,27.76212],[80.2336,27.75695],[80.23004,27.75587],[80.22589,27.75689],[80.22527,27.75879],[80.22678,27.76028],[80.23316,27.76281],[80.23351,27.76367],[80.2322,27.76667],[80.22719,27.77137],[80.22444,27.76818],[80.22245,27.76744],[80.21571,27.76716],[80.21397,27.7678],[80.21341,27.7689],[80.21447,27.7708],[80.22076,27.7751],[80.223,27.77589],[80.21181,27.77732],[80.20133,27.77654],[80.19686,27.7779],[80.1935,27.78058],[80.19115,27.78106],[80.18263,27.76564],[80.17397,27.77355],[80.17225,27.7734],[80.16977,27.77164],[80.16763,27.76877],[80.16345,27.76939],[80.15855,27.76764],[80.15131,27.77109],[80.14781,27.77626],[80.13962,27.76497],[80.13406,27.75965],[80.13014,27.75768],[80.12164,27.7555],[80.12087,27.75954],[80.12424,27.77122],[80.12617,27.78307],[80.11539,27.78144],[80.10803,27.78237],[80.10567,27.78009],[80.10423,27.78046],[80.10032,27.78395],[80.10042,27.78527],[80.10177,27.78641],[80.10219,27.78934],[80.09585,27.78671],[80.09106,27.78595],[80.08414,27.78952],[80.0823,27.78932],[80.08115,27.79019],[80.07912,27.78913],[80.07475,27.78435],[80.05656,27.77707],[80.05245,27.77613],[80.05141,27.7803],[80.05065,27.78335],[80.04729,27.78919],[80.04588,27.79573],[80.04216,27.79815],[80.04372,27.80101],[80.0407,27.80263],[80.03912,27.80544],[80.04271,27.809],[80.04035,27.81268],[80.04147,27.81366],[80.04106,27.81458],[80.03525,27.81796],[80.04434,27.82485],[80.04405,27.8294],[80.03017,27.82979],[80.02396,27.83533],[80.02378,27.83982],[80.02521,27.84187],[80.02685,27.84323],[80.03791,27.84762],[80.04052,27.85177],[80.04564,27.85374],[80.04649,27.85473],[80.04725,27.85901],[80.04391,27.87075],[80.0308,27.88368],[80.02117,27.88801],[80.01591,27.91014],[80.01774,27.92197],[80.01476,27.92471],[80.01686,27.92701],[80.02168,27.92893],[80.03503,27.93047],[80.04921,27.93928],[80.05355,27.93893],[80.05604,27.93695],[80.05379,27.93336],[80.04973,27.92941],[80.05463,27.92665],[80.05649,27.92649],[80.05853,27.92748],[80.06641,27.93279],[80.0714,27.93257],[80.07775,27.93919],[80.07615,27.95503],[80.0778,27.95878],[80.0854,27.96457],[80.09423,27.9699],[80.09169,27.97173],[80.09082,27.97335],[80.09519,27.97362],[80.1011,27.97584],[80.10562,27.98054],[80.10739,27.98505],[80.10606,27.98948],[80.11102,27.99531],[80.11276,28.00218],[80.13465,28.00387],[80.14822,28.00763],[80.14709,28.01022],[80.15159,28.01161],[80.15496,28.01622],[80.1566,28.01566],[80.15933,28.01632],[80.16386,28.02116],[80.16096,28.02416],[80.1665,28.0286],[80.17406,28.02413],[80.17843,28.02338],[80.18123,28.02462],[80.18479,28.02804],[80.1877,28.03233],[80.19608,28.03598],[80.21262,28.0552],[80.21649,28.05627],[80.2193,28.06253],[80.22153,28.0632],[80.22279,28.06111],[80.22524,28.05992],[80.23145,28.05905],[80.23483,28.05955],[80.23699,28.06225],[80.24109,28.07064],[80.24401,28.07322],[80.2457,28.07592],[80.24842,28.08686],[80.24858,28.09012],[80.24461,28.09566],[80.23763,28.10184],[80.23865,28.10882],[80.23625,28.1112],[80.23612,28.11408],[80.23828,28.12299],[80.23391,28.12975],[80.23284,28.13523],[80.23336,28.13985],[80.24001,28.15641],[80.24218,28.15945],[80.24573,28.16175],[80.25221,28.15722],[80.26715,28.15565],[80.2727,28.1624],[80.29084,28.15787],[80.29239,28.16176],[80.29167,28.16752],[80.29255,28.17179],[80.29786,28.17714],[80.30046,28.18654],[80.30006,28.1901],[80.29842,28.19264],[80.29503,28.19428],[80.29338,28.19594],[80.29182,28.1935],[80.28817,28.19978],[80.29021,28.20818],[80.28805,28.21213],[80.28883,28.21878],[80.29278,28.22334],[80.29407,28.22683],[80.29739,28.22964],[80.29893,28.23516],[80.30053,28.23809],[80.30265,28.24829],[80.30125,28.25122],[80.30132,28.25404],[80.29941,28.25923],[80.29964,28.26143],[80.29749,28.2624],[80.2958,28.26444],[80.30089,28.2757],[80.31104,28.28593],[80.32271,28.3019],[80.33936,28.31707],[80.34158,28.32367],[80.34383,28.32676],[80.35705,28.33794],[80.3586,28.34148],[80.35983,28.34854],[80.35971,28.35134],[80.35799,28.35429],[80.35101,28.35873],[80.34718,28.37627],[80.34719,28.38924],[80.34104,28.40133],[80.33887,28.40947],[80.33685,28.41303],[80.32925,28.41536],[80.32615,28.41791],[80.31604,28.43126],[80.31017,28.43523],[80.30109,28.44362],[80.29331,28.45271],[80.28957,28.45929],[80.29942,28.47268],[80.30949,28.48364],[80.311,28.48645],[80.31251,28.487],[80.31718,28.48445],[80.32982,28.4813],[80.3471,28.46707],[80.35144,28.46903],[80.36484,28.46576],[80.37743,28.47963],[80.3803,28.48475],[80.38475,28.48389],[80.38903,28.48399],[80.39507,28.4852],[80.39939,28.48749],[80.40209,28.48656],[80.40701,28.48661],[80.40951,28.49133],[80.411,28.4969],[80.41564,28.4996],[80.41726,28.50151],[80.41852,28.50511],[80.42189,28.50848],[80.42351,28.51682],[80.42255,28.52123],[80.41796,28.52389],[80.40542,28.52716],[80.40208,28.53073],[80.40056,28.53457],[80.39677,28.53943],[80.39257,28.5434],[80.39007,28.54923],[80.38401,28.55743],[80.3801,28.56157],[80.37548,28.56497],[80.37377,28.56874],[80.37383,28.57186],[80.37179,28.57998],[80.3654,28.58435],[80.3635,28.5905],[80.36777,28.59427],[80.3692,28.59804],[80.36403,28.60088],[80.36001,28.60085],[80.34747,28.59734],[80.34293,28.59861],[80.33813,28.60702],[80.32763,28.6153],[80.31938,28.61928],[80.31263,28.62083],[80.30024,28.62019],[80.29204,28.62248],[80.29012,28.62927],[80.29091,28.63793],[80.29327,28.64706],[80.31457,28.67729],[80.31677,28.68042],[80.31683,28.68025],[80.32369,28.68923],[80.32423,28.68693],[80.32299,28.68122],[80.32758,28.66978],[80.32758,28.6683],[80.32758,28.6663],[80.33892,28.66072],[80.35032,28.65325],[80.35502,28.65012],[80.35692,28.64704],[80.36238,28.64493],[80.3589,28.64145],[80.35968,28.6397],[80.36092,28.63701],[80.36372,28.63501],[80.36375,28.63501],[80.36992,28.63482],[80.37237,28.63246],[80.37258,28.63226],[80.37259,28.63221],[80.37332,28.62902],[80.37695,28.62911],[80.37804,28.62827],[80.38463,28.63064],[80.38783,28.62964],[80.38786,28.62963],[80.40622,28.63482],[80.40627,28.63483],[80.41642,28.63911],[80.42561,28.63712],[80.428,28.6376],[80.43412,28.63721],[80.43416,28.6372],[80.43931,28.63523],[80.44102,28.63288],[80.44431,28.62842],[80.45068,28.62868],[80.45282,28.62881],[80.45286,28.62877],[80.45821,28.62333],[80.46281,28.62072],[80.46402,28.61782],[80.46447,28.61699],[80.46466,28.61697],[80.4659,28.6151],[80.46574,28.61471],[80.46553,28.61423],[80.46479,28.61465],[80.46271,28.61452],[80.46411,28.61252],[80.46416,28.61249],[80.46632,28.60566],[80.46789,28.60071],[80.47317,28.59085],[80.47334,28.59053],[80.47262,28.58453],[80.4717,28.5843],[80.47013,28.58391],[80.47025,28.58292],[80.47709,28.58304],[80.48032,28.58528],[80.48154,28.58528],[80.48162,28.58532],[80.48167,28.58528],[80.4828,28.58528],[80.48542,28.58202],[80.4966,28.57521],[80.50142,28.56961],[80.50814,28.56799],[80.51173,28.56366],[80.51698,28.55732],[80.51934,28.55172],[80.52161,28.55421],[80.52441,28.55272],[80.53199,28.57343],[80.53196,28.57351],[80.5273,28.57322],[80.52332,28.57683],[80.51651,28.61581],[80.5165,28.61586],[80.51299,28.62371],[80.51289,28.62429],[80.50793,28.64631],[80.5052,28.66519],[80.50519,28.66523],[80.5078,28.67089],[80.54162,28.69054],[80.55177,28.69153],[80.55182,28.69152],[80.55588,28.69066],[80.56708,28.68846],[80.57042,28.6878],[80.57919,28.68452],[80.59204,28.67973],[80.5826,28.66256],[80.58185,28.66121],[80.58379,28.66061],[80.59925,28.65586],[80.59921,28.65582],[80.59705,28.65356]]]}},{"type":"Feature","properties":{"ID_0":105,"ISO":"IND","NAME_0":"India","ID_1":33,"NAME_1":"Uttar Pradesh","ID_2":537,"NAME_2":"Lalitpur","NL_NAME_2":null,"VARNAME_2":null,"TYPE_2":"District","ENGTYPE_2":"District","STATE":"Uttar Pradesh","DISTRICT":"Lalitpur"},"geometry":{"type":"Polygon","coordinates":[[[78.59817,25.12708],[78.5983,25.10809],[78.59668,25.10345],[78.59717,25.09787],[78.60555,25.09422],[78.61761,25.09271],[78.62032,25.09159],[78.62474,25.08641],[78.62949,25.08243],[78.63483,25.07419],[78.63559,25.07101],[78.63941,25.06637],[78.64193,25.06149],[78.64419,25.03525],[78.6372,25.02555],[78.63616,25.02137],[78.63616,25.01089],[78.63511,25.00433],[78.63202,24.98372],[78.6229,24.96779],[78.62205,24.9649],[78.62492,24.96194],[78.64243,24.95265],[78.64252,24.95029],[78.64005,24.94533],[78.6405,24.94036],[78.64218,24.93977],[78.65372,24.94422],[78.6571,24.92506],[78.65948,24.91752],[78.66302,24.90926],[78.6684,24.9024],[78.67543,24.89854],[78.67966,24.89719],[78.69172,24.8959],[78.69634,24.89466],[78.70057,24.88648],[78.7029,24.88403],[78.71281,24.88379],[78.71887,24.88266],[78.72254,24.88072],[78.73164,24.87234],[78.73441,24.87099],[78.73838,24.86963],[78.74668,24.87085],[78.75061,24.86886],[78.75343,24.86497],[78.76135,24.86295],[78.76448,24.86137],[78.76717,24.85567],[78.7674,24.84891],[78.76888,24.84375],[78.77257,24.83048],[78.78054,24.81497],[78.7811,24.81051],[78.78011,24.80699],[78.77782,24.80487],[78.76723,24.79851],[78.76455,24.79499],[78.7632,24.76676],[78.76862,24.7548],[78.76895,24.7511],[78.76749,24.74341],[78.76913,24.72354],[78.76981,24.71885],[78.77309,24.71165],[78.77298,24.70691],[78.77239,24.70414],[78.7676,24.69693],[78.76534,24.69533],[78.75999,24.69357],[78.75878,24.68217],[78.75754,24.67715],[78.75499,24.67357],[78.74487,24.66931],[78.74427,24.66682],[78.74007,24.65996],[78.74058,24.65607],[78.74208,24.65063],[78.74635,24.64319],[78.74798,24.63705],[78.74857,24.62471],[78.74803,24.61152],[78.74947,24.60498],[78.75199,24.60246],[78.76662,24.59756],[78.7769,24.59309],[78.79382,24.59823],[78.79788,24.60532],[78.80183,24.60783],[78.80668,24.60717],[78.81113,24.60534],[78.81406,24.6056],[78.8204,24.60787],[78.82878,24.60781],[78.83085,24.60889],[78.83345,24.62079],[78.836,24.62558],[78.83906,24.62822],[78.84437,24.62899],[78.84917,24.62166],[78.8524,24.62094],[78.8558,24.62299],[78.85919,24.62818],[78.86281,24.64112],[78.86654,24.64549],[78.87307,24.64695],[78.88172,24.6397],[78.89144,24.62207],[78.89187,24.6168],[78.89295,24.61384],[78.90439,24.60431],[78.90562,24.60221],[78.9085,24.58881],[78.91315,24.5813],[78.93038,24.56439],[78.94299,24.55788],[78.94466,24.55621],[78.9455,24.55331],[78.94037,24.54315],[78.94001,24.53408],[78.94042,24.53121],[78.94394,24.52665],[78.94477,24.52363],[78.94337,24.51662],[78.94417,24.50951],[78.94708,24.50599],[78.95019,24.50448],[78.96341,24.50204],[78.96549,24.50028],[78.96639,24.49695],[78.96391,24.49378],[78.95456,24.48856],[78.94856,24.48619],[78.94314,24.48488],[78.93072,24.48454],[78.92518,24.48599],[78.92335,24.4884],[78.9257,24.49183],[78.92607,24.49639],[78.92436,24.49908],[78.92183,24.50108],[78.91758,24.50251],[78.91381,24.50084],[78.90808,24.49316],[78.90094,24.48837],[78.90089,24.48358],[78.90264,24.47837],[78.90859,24.46677],[78.9128,24.46351],[78.92725,24.46213],[78.93108,24.45998],[78.94066,24.44598],[78.9444,24.44326],[78.94714,24.44313],[78.95553,24.44513],[78.96204,24.44407],[78.97183,24.44473],[78.98199,24.44724],[78.98438,24.44136],[78.98651,24.43403],[78.98778,24.42797],[78.98689,24.42324],[78.98087,24.41783],[78.97621,24.40289],[78.97422,24.39864],[78.97098,24.38473],[78.96717,24.37358],[78.96693,24.37035],[78.96834,24.36024],[78.96814,24.35695],[78.96687,24.35366],[78.96488,24.35044],[78.96099,24.34717],[78.95493,24.34393],[78.95089,24.34041],[78.94537,24.3313],[78.93246,24.31889],[78.92874,24.31621],[78.92413,24.31422],[78.90776,24.30123],[78.90708,24.29643],[78.90773,24.29487],[78.91285,24.28945],[78.91322,24.28591],[78.91172,24.2765],[78.90985,24.27292],[78.88558,24.25928],[78.8791,24.25401],[78.87827,24.24869],[78.87982,24.24412],[78.88105,24.22889],[78.87886,24.22305],[78.87368,24.21893],[78.86283,24.21404],[78.85821,24.21354],[78.84654,24.21693],[78.83877,24.21468],[78.83278,24.20928],[78.82772,24.20319],[78.82426,24.2013],[78.82008,24.20122],[78.81886,24.20244],[78.81638,24.20865],[78.81352,24.21028],[78.8105,24.20852],[78.80908,24.20465],[78.80795,24.19332],[78.80571,24.1843],[78.80225,24.1819],[78.79169,24.18024],[78.78848,24.18136],[78.7846,24.18514],[78.78206,24.19152],[78.77831,24.20105],[78.77625,24.21002],[78.77489,24.21229],[78.76984,24.21527],[78.76775,24.21778],[78.76054,24.23385],[78.76001,24.23651],[78.76072,24.2391],[78.76643,24.25058],[78.76028,24.25849],[78.75668,24.25973],[78.75429,24.24725],[78.75256,24.24368],[78.74977,24.24074],[78.74589,24.23927],[78.74371,24.23945],[78.74085,24.24017],[78.73752,24.2421],[78.73611,24.24511],[78.73526,24.25178],[78.73222,24.25382],[78.72654,24.2527],[78.72111,24.24122],[78.71858,24.23915],[78.71111,24.23944],[78.70712,24.23877],[78.69886,24.23448],[78.69258,24.23701],[78.68114,24.24407],[78.67809,24.2449],[78.67311,24.24435],[78.66912,24.24502],[78.66535,24.24845],[78.66316,24.25263],[78.6578,24.26805],[78.65445,24.27374],[78.64364,24.2815],[78.63924,24.2862],[78.63416,24.28937],[78.63139,24.29019],[78.62602,24.28646],[78.62172,24.28626],[78.6194,24.28945],[78.61734,24.29612],[78.61788,24.29929],[78.62351,24.3069],[78.62281,24.30985],[78.61963,24.31184],[78.61492,24.31257],[78.60478,24.31574],[78.60208,24.3183],[78.59901,24.32318],[78.59364,24.33936],[78.58778,24.34135],[78.5847,24.34344],[78.58072,24.34983],[78.57888,24.35396],[78.57844,24.35708],[78.5749,24.35935],[78.56651,24.35732],[78.56265,24.35936],[78.55689,24.36119],[78.55258,24.36063],[78.52763,24.37447],[78.52512,24.37714],[78.52207,24.38415],[78.51923,24.38735],[78.51456,24.39056],[78.50537,24.39395],[78.49994,24.39433],[78.49819,24.39278],[78.48978,24.38605],[78.48431,24.37763],[78.47533,24.36743],[78.4728,24.36235],[78.47168,24.35709],[78.47077,24.34338],[78.4678,24.33934],[78.45892,24.33569],[78.4546,24.33322],[78.45083,24.32988],[78.44029,24.32553],[78.4335,24.31341],[78.43333,24.30901],[78.43478,24.29766],[78.42648,24.29018],[78.42316,24.28915],[78.41862,24.28946],[78.41449,24.28884],[78.41131,24.28758],[78.40695,24.27701],[78.40327,24.27547],[78.39297,24.27476],[78.38567,24.27305],[78.38237,24.27393],[78.37964,24.27556],[78.37743,24.27806],[78.373,24.28636],[78.3699,24.28908],[78.36625,24.29031],[78.36397,24.29235],[78.36169,24.2961],[78.35142,24.29927],[78.34454,24.30329],[78.34244,24.30538],[78.3414,24.30781],[78.34131,24.31152],[78.33943,24.31736],[78.33552,24.31918],[78.33181,24.32249],[78.32852,24.3255],[78.326,24.32962],[78.32543,24.33437],[78.32658,24.33847],[78.33112,24.34255],[78.33545,24.3451],[78.34093,24.35242],[78.34652,24.3627],[78.36257,24.37815],[78.36292,24.38161],[78.36095,24.38579],[78.35886,24.38719],[78.3504,24.38953],[78.34492,24.39204],[78.33673,24.40387],[78.33244,24.40597],[78.31831,24.41035],[78.3152,24.41285],[78.3115,24.41744],[78.29985,24.42655],[78.28986,24.43312],[78.28121,24.43721],[78.26688,24.44737],[78.26075,24.45394],[78.26031,24.46001],[78.26966,24.47311],[78.26962,24.47618],[78.26682,24.48],[78.26324,24.48308],[78.25459,24.48583],[78.24622,24.48672],[78.23963,24.48946],[78.2379,24.49358],[78.23769,24.49618],[78.24151,24.50484],[78.24017,24.50958],[78.23806,24.51168],[78.22817,24.51645],[78.21972,24.52278],[78.21654,24.53164],[78.2184,24.53569],[78.22418,24.54134],[78.23655,24.54633],[78.24611,24.54869],[78.25532,24.5523],[78.25889,24.55819],[78.26035,24.56923],[78.26376,24.57872],[78.26808,24.59698],[78.2694,24.60502],[78.26985,24.61538],[78.26753,24.62192],[78.2634,24.62812],[78.25848,24.6378],[78.25669,24.64862],[78.25835,24.65284],[78.2679,24.66352],[78.26848,24.6671],[78.268,24.6696],[78.257,24.68593],[78.25461,24.69249],[78.25281,24.70094],[78.25079,24.70557],[78.23655,24.72464],[78.22632,24.73625],[78.22039,24.74737],[78.21889,24.7538],[78.21987,24.75819],[78.22429,24.76403],[78.22519,24.76639],[78.22582,24.77657],[78.22388,24.783],[78.21837,24.79192],[78.20897,24.81307],[78.19588,24.82859],[78.19403,24.83156],[78.19158,24.83967],[78.1869,24.84281],[78.17358,24.84619],[78.17001,24.84648],[78.16533,24.84817],[78.1638,24.8571],[78.16355,24.86428],[78.16332,24.87099],[78.1647,24.8783],[78.16536,24.88174],[78.17045,24.88527],[78.17705,24.88733],[78.18917,24.8928],[78.19974,24.89623],[78.20396,24.9005],[78.21071,24.91234],[78.21391,24.91557],[78.22878,24.92408],[78.24937,24.93848],[78.25245,24.9395],[78.25604,24.94204],[78.25992,24.94925],[78.26271,24.9526],[78.28229,24.96321],[78.2896,24.96814],[78.30257,24.98397],[78.30669,24.98899],[78.30962,24.99125],[78.32754,24.99956],[78.33021,25.00374],[78.33461,25.01074],[78.33752,25.02079],[78.33807,25.02734],[78.33078,25.04537],[78.32718,25.06791],[78.32499,25.0725],[78.32525,25.08406],[78.32676,25.08688],[78.32777,25.08877],[78.33091,25.09163],[78.33266,25.09324],[78.34782,25.09997],[78.35784,25.10235],[78.367,25.10452],[78.37441,25.10854],[78.37869,25.1127],[78.38969,25.12699],[78.39532,25.13053],[78.40227,25.13097],[78.41073,25.12923],[78.41766,25.12697],[78.42468,25.12469],[78.43098,25.12448],[78.44292,25.12877],[78.44937,25.13168],[78.45615,25.13755],[78.46228,25.14011],[78.47367,25.14667],[78.48108,25.15203],[78.48985,25.16439],[78.50007,25.1748],[78.52005,25.18314],[78.52677,25.18803],[78.54317,25.20637],[78.55099,25.21686],[78.5582,25.22371],[78.56259,25.22602],[78.56457,25.22096],[78.56976,25.20196],[78.59371,25.15739],[78.59598,25.14858],[78.59817,25.12708]]]}},{"type":"Feature","properties":{"ID_0":105,"ISO":"IND","NAME_0":"India","ID_1":33,"NAME_1":"Uttar Pradesh","ID_2":538,"NAME_2":"Lucknow","NL_NAME_2":null,"VARNAME_2":null,"TYPE_2":"District","ENGTYPE_2":"District","STATE":"Uttar Pradesh","DISTRICT":"Lucknow"},"geometry":{"type":"Polygon","coordinates":[[[80.93278,27.15641],[80.93852,27.1534],[80.93926,27.14781],[80.94691,27.14429],[80.94965,27.1474],[80.95488,27.14969],[80.95909,27.14905],[80.96875,27.14308],[80.9697,27.14685],[80.97124,27.14766],[80.97956,27.14244],[80.9819,27.1425],[80.98991,27.15193],[81.00207,27.14578],[81.0053,27.14244],[81.00726,27.13404],[81.01377,27.12976],[81.01641,27.12655],[81.01801,27.12258],[81.01838,27.11846],[81.01322,27.10902],[81.01299,27.10825],[81.01453,27.10651],[81.02441,27.10173],[81.04189,27.09508],[81.04606,27.09046],[81.04308,27.08493],[81.02926,27.07534],[81.02367,27.07448],[81.01915,27.07726],[81.00744,27.07008],[81.00414,27.07096],[80.99001,27.08017],[80.98302,27.07871],[80.97947,27.07162],[80.97411,27.07465],[80.97256,27.06852],[80.96659,27.06609],[80.96452,27.06418],[80.96281,27.06078],[80.9659,27.05396],[80.96852,27.04055],[80.97906,27.04361],[80.98594,27.04445],[80.99003,27.04343],[80.99105,27.04314],[80.99229,27.04015],[80.99004,27.03563],[80.98526,27.02875],[80.98449,27.02302],[80.98641,27.01346],[80.9901,27.00516],[80.99434,27.00184],[80.99945,27.00226],[81.01237,26.9954],[81.01376,26.99533],[81.01582,26.99401],[81.02059,26.99047],[81.01788,26.98293],[81.01482,26.98084],[81.01565,26.97752],[81.02623,26.97016],[81.03338,26.9732],[81.04045,26.97136],[81.04659,26.97806],[81.049,26.97779],[81.05359,26.97488],[81.05556,26.97277],[81.05556,26.97025],[81.0537,26.96721],[81.04905,26.9633],[81.0454,26.96337],[81.04234,26.96611],[81.03566,26.96078],[81.03468,26.95609],[81.03277,26.95327],[81.03232,26.94908],[81.03348,26.9438],[81.03745,26.94236],[81.04082,26.94213],[81.04089,26.93741],[81.05074,26.9353],[81.05413,26.93282],[81.05682,26.92933],[81.0596,26.92354],[81.06364,26.91954],[81.06561,26.91357],[81.07232,26.91397],[81.07759,26.91721],[81.08028,26.92033],[81.08593,26.91961],[81.08656,26.91433],[81.08942,26.91239],[81.09069,26.90781],[81.09019,26.90472],[81.08189,26.89651],[81.08093,26.89417],[81.08276,26.89119],[81.08594,26.89074],[81.08894,26.88736],[81.09251,26.87547],[81.0872,26.86729],[81.08229,26.8632],[81.08506,26.85683],[81.08238,26.85146],[81.08421,26.84282],[81.08859,26.84254],[81.09502,26.84164],[81.11656,26.84087],[81.12077,26.83933],[81.12318,26.83761],[81.12752,26.83107],[81.12917,26.82281],[81.13134,26.81942],[81.13617,26.81643],[81.13911,26.81556],[81.14198,26.81591],[81.14721,26.81866],[81.14943,26.81779],[81.15192,26.81285],[81.16109,26.81232],[81.15906,26.80917],[81.14916,26.80206],[81.15012,26.79672],[81.14937,26.78047],[81.15437,26.77811],[81.15731,26.77954],[81.16299,26.78935],[81.16473,26.79066],[81.16706,26.79107],[81.17007,26.78991],[81.17127,26.7883],[81.17734,26.78484],[81.18015,26.78467],[81.18231,26.7873],[81.18224,26.79029],[81.18397,26.79654],[81.1973,26.79319],[81.20684,26.7872],[81.2009,26.78204],[81.18407,26.77225],[81.17968,26.76864],[81.17892,26.7664],[81.19051,26.75209],[81.19395,26.74914],[81.19495,26.7465],[81.19361,26.73737],[81.19406,26.73341],[81.20087,26.72789],[81.20598,26.72598],[81.20446,26.72283],[81.20718,26.71479],[81.20917,26.71282],[81.20934,26.71093],[81.2082,26.7083],[81.20686,26.70686],[81.20245,26.70802],[81.20024,26.70774],[81.19852,26.70585],[81.19768,26.7043],[81.19741,26.69948],[81.19569,26.6954],[81.1894,26.69146],[81.18906,26.68796],[81.18646,26.68469],[81.17944,26.67937],[81.17849,26.67586],[81.17873,26.67225],[81.16847,26.66027],[81.16077,26.653],[81.1577,26.64807],[81.15757,26.64582],[81.16629,26.64042],[81.1663,26.63887],[81.1626,26.63187],[81.16795,26.6279],[81.1694,26.62589],[81.17245,26.62502],[81.17431,26.62353],[81.16959,26.62004],[81.1692,26.61688],[81.15533,26.60737],[81.15499,26.60577],[81.15622,26.60284],[81.15518,26.60095],[81.15646,26.59738],[81.15376,26.5928],[81.14956,26.59159],[81.13607,26.59201],[81.13347,26.59102],[81.12856,26.58569],[81.12767,26.58287],[81.12501,26.58029],[81.12392,26.57501],[81.12025,26.5707],[81.11749,26.5644],[81.11342,26.56227],[81.10883,26.56089],[81.09821,26.56644],[81.09439,26.56724],[81.09064,26.56461],[81.08588,26.55877],[81.0851,26.55581],[81.08523,26.54927],[81.08394,26.54584],[81.08139,26.54281],[81.07526,26.54126],[81.0679,26.53745],[81.06744,26.53224],[81.06816,26.52751],[81.06694,26.52592],[81.06361,26.52563],[81.05585,26.52209],[81.05177,26.5154],[81.04176,26.50672],[81.03799,26.50636],[81.03518,26.50698],[81.03196,26.50896],[81.02917,26.51135],[81.02731,26.51488],[81.0233,26.51934],[81.02316,26.52353],[81.01827,26.52626],[81.0164,26.5283],[81.00691,26.53206],[81.00359,26.53173],[80.99928,26.53517],[80.99335,26.53839],[80.99055,26.53985],[80.98558,26.53941],[80.97887,26.53966],[80.97687,26.54294],[80.97652,26.54673],[80.9783,26.54943],[80.97585,26.55105],[80.97262,26.54917],[80.97065,26.54847],[80.97101,26.55194],[80.97122,26.55546],[80.96574,26.55623],[80.96328,26.55463],[80.96119,26.55251],[80.95692,26.55421],[80.95828,26.55643],[80.96076,26.55743],[80.96094,26.55929],[80.95897,26.55985],[80.95627,26.56209],[80.95198,26.56449],[80.94917,26.56407],[80.94373,26.5666],[80.94534,26.57277],[80.94324,26.57327],[80.93652,26.56865],[80.93519,26.56997],[80.93322,26.56933],[80.93154,26.57053],[80.92744,26.57259],[80.93057,26.57339],[80.93205,26.573],[80.92984,26.57553],[80.9233,26.57922],[80.91827,26.5893],[80.92133,26.58937],[80.92359,26.59041],[80.91776,26.5936],[80.91718,26.59663],[80.91312,26.59438],[80.91252,26.59702],[80.91073,26.59798],[80.90936,26.59464],[80.90385,26.59736],[80.8998,26.60241],[80.89833,26.60217],[80.89655,26.5959],[80.89361,26.59703],[80.88859,26.60023],[80.88246,26.60286],[80.88045,26.60806],[80.88255,26.61229],[80.88017,26.61695],[80.88438,26.62236],[80.88277,26.62656],[80.87934,26.62567],[80.87666,26.6245],[80.87492,26.62651],[80.87184,26.62128],[80.86765,26.61922],[80.86293,26.62638],[80.86732,26.62823],[80.87162,26.63118],[80.87363,26.63634],[80.86953,26.638],[80.86555,26.64209],[80.86352,26.64734],[80.84467,26.6537],[80.84119,26.65641],[80.83569,26.66548],[80.8333,26.66809],[80.82353,26.66723],[80.81598,26.66488],[80.81276,26.66124],[80.80634,26.66077],[80.80044,26.65936],[80.79576,26.65651],[80.79159,26.65298],[80.78503,26.65145],[80.78442,26.6577],[80.78149,26.66228],[80.77359,26.66764],[80.77458,26.67109],[80.77223,26.67199],[80.76651,26.66993],[80.76099,26.6684],[80.7575,26.67366],[80.76025,26.67897],[80.76003,26.68218],[80.75555,26.68382],[80.75209,26.68632],[80.75313,26.69012],[80.74751,26.6913],[80.74269,26.68925],[80.73796,26.68502],[80.73463,26.67954],[80.73682,26.67134],[80.7313,26.66895],[80.72668,26.66599],[80.71991,26.66099],[80.70509,26.67313],[80.70707,26.67796],[80.69785,26.68825],[80.69398,26.68786],[80.69134,26.68814],[80.68783,26.69087],[80.68959,26.69393],[80.6953,26.69689],[80.7029,26.70046],[80.70815,26.70481],[80.70558,26.71232],[80.69973,26.71745],[80.69122,26.72221],[80.6898,26.72444],[80.69107,26.72629],[80.69476,26.72459],[80.69663,26.72368],[80.69633,26.72673],[80.6923,26.72956],[80.69125,26.73353],[80.69273,26.73795],[80.69493,26.74171],[80.69422,26.74389],[80.6927,26.74829],[80.69305,26.75221],[80.69177,26.75353],[80.6882,26.75304],[80.68549,26.7579],[80.68188,26.76127],[80.68301,26.76518],[80.6873,26.76803],[80.69511,26.76677],[80.70805,26.76209],[80.72229,26.7596],[80.73039,26.76678],[80.73368,26.76791],[80.74113,26.76974],[80.74332,26.77234],[80.74608,26.77903],[80.72808,26.78085],[80.73109,26.79461],[80.71806,26.7994],[80.71353,26.80562],[80.71046,26.80882],[80.70856,26.81627],[80.70464,26.82194],[80.69888,26.82942],[80.69318,26.8353],[80.68701,26.83927],[80.6825,26.84269],[80.68406,26.85528],[80.67117,26.86587],[80.6669,26.86715],[80.66039,26.86958],[80.65255,26.87338],[80.64892,26.87547],[80.64529,26.87669],[80.63622,26.88219],[80.62646,26.88481],[80.61821,26.88584],[80.61769,26.89406],[80.62669,26.90118],[80.63141,26.90835],[80.61398,26.91412],[80.61277,26.91842],[80.61026,26.92179],[80.60519,26.93111],[80.60301,26.93851],[80.59989,26.94372],[80.59959,26.9494],[80.59765,26.95019],[80.58214,26.94742],[80.5802,26.9435],[80.5784,26.93826],[80.57619,26.93433],[80.57204,26.93091],[80.55117,26.94172],[80.55333,26.94661],[80.55454,26.95163],[80.55659,26.95377],[80.56128,26.96019],[80.56863,26.96375],[80.57304,26.96316],[80.57598,26.96565],[80.57879,26.96429],[80.57834,26.95866],[80.58578,26.96026],[80.58861,26.96799],[80.58453,26.97416],[80.58776,26.97964],[80.58717,26.98401],[80.59034,26.98926],[80.58153,26.99262],[80.5779,26.99122],[80.57145,26.99961],[80.57014,27.0062],[80.55067,27.01618],[80.5577,27.02229],[80.56876,27.02561],[80.57832,27.03189],[80.57818,27.0347],[80.57039,27.0344],[80.5678,27.03491],[80.56705,27.03614],[80.56807,27.03809],[80.57092,27.03977],[80.57966,27.04368],[80.58392,27.04334],[80.58678,27.04404],[80.58627,27.045],[80.5891,27.04761],[80.59491,27.04703],[80.59695,27.04456],[80.59768,27.04214],[80.60551,27.04352],[80.60861,27.04646],[80.61115,27.05069],[80.61293,27.05955],[80.61366,27.06217],[80.61977,27.06164],[80.62749,27.06426],[80.63274,27.06963],[80.64147,27.06688],[80.64542,27.06656],[80.64676,27.06759],[80.64564,27.06955],[80.641,27.07267],[80.63139,27.07382],[80.63213,27.07835],[80.6369,27.08395],[80.64223,27.08151],[80.6526,27.07911],[80.65677,27.08023],[80.66585,27.07566],[80.66964,27.07225],[80.67618,27.06855],[80.68109,27.06721],[80.68589,27.06886],[80.68797,27.06644],[80.69122,27.06546],[80.69247,27.07377],[80.7019,27.07301],[80.70287,27.07448],[80.70328,27.07712],[80.70183,27.08533],[80.70979,27.08863],[80.71443,27.09234],[80.72192,27.10275],[80.72482,27.10497],[80.72829,27.10617],[80.73238,27.10691],[80.74281,27.10461],[80.74924,27.10574],[80.75552,27.09428],[80.75742,27.09727],[80.76076,27.1076],[80.76905,27.1033],[80.77352,27.10327],[80.77735,27.11406],[80.77848,27.11561],[80.78101,27.11627],[80.78439,27.11501],[80.78952,27.11076],[80.79548,27.10715],[80.80581,27.10453],[80.80885,27.10276],[80.81733,27.10669],[80.82082,27.10482],[80.82318,27.10565],[80.82638,27.10915],[80.82832,27.10893],[80.83007,27.11345],[80.83585,27.11524],[80.84067,27.11901],[80.84651,27.12656],[80.84921,27.12793],[80.85363,27.12957],[80.86633,27.13221],[80.87149,27.13436],[80.87808,27.13271],[80.88402,27.13296],[80.88438,27.13567],[80.88768,27.1438],[80.89472,27.15505],[80.89723,27.15639],[80.90148,27.15385],[80.90385,27.15418],[80.90413,27.15619],[80.90984,27.16079],[80.91718,27.16278],[80.91924,27.16426],[80.92511,27.16201],[80.93278,27.15641]]]}},{"type":"Feature","properties":{"ID_0":105,"ISO":"IND","NAME_0":"India","ID_1":33,"NAME_1":"Uttar Pradesh","ID_2":539,"NAME_2":"Maharajganj","NL_NAME_2":null,"VARNAME_2":null,"TYPE_2":"District","ENGTYPE_2":"District","STATE":"Uttar Pradesh","DISTRICT":"Maharajganj"},"geometry":{"type":"Polygon","coordinates":[[[83.61674,27.46942],[83.64095,27.45854],[83.64101,27.45852],[83.66813,27.447],[83.68692,27.43779],[83.69442,27.43411],[83.69518,27.43374],[83.70932,27.4268],[83.71094,27.42605],[83.74735,27.40903],[83.76188,27.40243],[83.76192,27.40241],[83.79706,27.38616],[83.79775,27.38584],[83.79942,27.38522],[83.81409,27.37833],[83.83322,27.36951],[83.85471,27.35372],[83.85851,27.35096],[83.85641,27.34821],[83.85625,27.34772],[83.85499,27.34033],[83.84934,27.33561],[83.82934,27.32747],[83.82833,27.32592],[83.82849,27.32467],[83.82896,27.32276],[83.83059,27.32136],[83.83626,27.31948],[83.84253,27.32131],[83.84524,27.31965],[83.84742,27.31686],[83.84798,27.31397],[83.85052,27.3121],[83.85464,27.31123],[83.85908,27.31167],[83.87241,27.31621],[83.88795,27.32647],[83.89356,27.32905],[83.89758,27.33013],[83.90804,27.33039],[83.91669,27.32533],[83.9236,27.31643],[83.92535,27.30952],[83.92565,27.30419],[83.92188,27.29636],[83.91883,27.29266],[83.91051,27.28563],[83.90407,27.28117],[83.89804,27.27899],[83.89029,27.28621],[83.88552,27.28818],[83.88245,27.28829],[83.87704,27.28687],[83.87199,27.28752],[83.86879,27.29846],[83.86706,27.30078],[83.86391,27.30029],[83.86195,27.29873],[83.85372,27.29586],[83.84019,27.29286],[83.83464,27.29082],[83.83216,27.28914],[83.82795,27.27669],[83.82931,27.26941],[83.83417,27.26323],[83.8396,27.25791],[83.83983,27.25652],[83.83719,27.25253],[83.83355,27.25104],[83.81779,27.25149],[83.81374,27.25069],[83.80732,27.24806],[83.80419,27.24765],[83.80209,27.25062],[83.79985,27.25164],[83.79624,27.25015],[83.79358,27.25192],[83.79039,27.2498],[83.78746,27.25002],[83.7858,27.24816],[83.78616,27.23877],[83.78938,27.23659],[83.79945,27.23192],[83.80551,27.23331],[83.81201,27.23682],[83.81696,27.23224],[83.81734,27.22729],[83.82063,27.21975],[83.82185,27.21398],[83.82119,27.21088],[83.81831,27.20704],[83.81006,27.20339],[83.80752,27.20383],[83.80537,27.20531],[83.80195,27.21008],[83.79797,27.21804],[83.79647,27.21927],[83.79474,27.21964],[83.79009,27.21789],[83.78843,27.2155],[83.79005,27.20293],[83.79185,27.20037],[83.79191,27.19698],[83.80029,27.19142],[83.80098,27.18992],[83.80034,27.18797],[83.7923,27.18121],[83.78545,27.1784],[83.7812,27.1775],[83.77517,27.17461],[83.77277,27.17292],[83.77214,27.1685],[83.7747,27.16772],[83.78223,27.16914],[83.81293,27.17912],[83.81646,27.17866],[83.8143,27.17606],[83.80214,27.16902],[83.79996,27.1586],[83.79753,27.15317],[83.79713,27.14433],[83.79539,27.13284],[83.79573,27.12007],[83.79367,27.11418],[83.79003,27.1116],[83.77959,27.10883],[83.7718,27.10949],[83.7685,27.10809],[83.76503,27.09953],[83.76447,27.0954],[83.7618,27.09227],[83.75861,27.09066],[83.75012,27.08867],[83.73909,27.0819],[83.73702,27.07837],[83.75363,27.07762],[83.75656,27.07653],[83.75717,27.07547],[83.75771,27.06033],[83.75513,27.05589],[83.75133,27.05279],[83.74772,27.05112],[83.74651,27.05332],[83.73907,27.05887],[83.73503,27.06124],[83.72988,27.0626],[83.72544,27.06205],[83.72054,27.05763],[83.72765,27.04721],[83.7281,27.04149],[83.73241,27.03975],[83.74212,27.03924],[83.74364,27.03829],[83.743,27.03594],[83.73741,27.03177],[83.73484,27.02531],[83.73584,27.01902],[83.737,27.01705],[83.74025,27.01157],[83.74323,27.00968],[83.75976,27.00377],[83.75423,26.99801],[83.74802,26.99611],[83.73661,26.99792],[83.73134,26.99692],[83.72709,26.99375],[83.72522,26.99],[83.72284,26.97954],[83.72086,26.96793],[83.72089,26.96184],[83.71883,26.95638],[83.71429,26.95424],[83.70904,26.95376],[83.70538,26.95581],[83.69894,26.96303],[83.67863,26.96618],[83.67262,26.96644],[83.67256,26.95575],[83.67084,26.94903],[83.66451,26.94854],[83.6605,26.95014],[83.656,26.95345],[83.64488,26.953],[83.62985,26.95749],[83.61644,26.95882],[83.6132,26.95818],[83.61209,26.95478],[83.61237,26.95191],[83.61451,26.94864],[83.61733,26.94677],[83.61906,26.94401],[83.61693,26.93325],[83.60852,26.9339],[83.60409,26.93245],[83.60139,26.92911],[83.59748,26.91467],[83.58595,26.91721],[83.58622,26.92605],[83.58489,26.93042],[83.57924,26.93556],[83.57366,26.93272],[83.56837,26.93166],[83.56523,26.93298],[83.56366,26.93527],[83.56181,26.93606],[83.55505,26.92753],[83.5506,26.92635],[83.5479,26.91215],[83.54983,26.90871],[83.54647,26.89324],[83.53759,26.8928],[83.5275,26.89482],[83.52164,26.89715],[83.48549,26.90192],[83.48696,26.91238],[83.4754,26.91422],[83.47556,26.91629],[83.47379,26.91898],[83.47403,26.9218],[83.46812,26.92234],[83.46722,26.92843],[83.46179,26.92933],[83.46154,26.93289],[83.46658,26.93527],[83.46734,26.94211],[83.45944,26.94557],[83.45102,26.95099],[83.44743,26.95235],[83.44048,26.95352],[83.43646,26.95304],[83.4263,26.94931],[83.42106,26.94957],[83.42144,26.95185],[83.42444,26.95591],[83.42619,26.96069],[83.42037,26.96203],[83.38316,26.96131],[83.36848,26.96192],[83.3595,26.9629],[83.35534,26.96454],[83.34929,26.96526],[83.34447,26.95536],[83.32653,26.95741],[83.32705,26.95443],[83.33173,26.95137],[83.33161,26.94907],[83.328,26.94519],[83.33237,26.9427],[83.33186,26.93803],[83.32828,26.93709],[83.31955,26.92394],[83.31239,26.92251],[83.31244,26.91883],[83.31003,26.91514],[83.31548,26.91121],[83.31637,26.90892],[83.31593,26.90702],[83.30363,26.90493],[83.30063,26.90618],[83.29265,26.91877],[83.29222,26.92439],[83.28246,26.93112],[83.28021,26.93467],[83.27851,26.9454],[83.2818,26.95731],[83.27637,26.95636],[83.26971,26.9573],[83.26883,26.96172],[83.26463,26.96491],[83.26102,26.97178],[83.26035,26.97396],[83.26205,26.97529],[83.2588,26.97844],[83.2527,26.98005],[83.24726,26.97715],[83.23841,26.97589],[83.23071,26.97825],[83.22444,26.98206],[83.22249,26.98584],[83.21962,26.99776],[83.217,27.00353],[83.21276,26.99934],[83.21116,26.99735],[83.2036,27.00418],[83.20702,27.01743],[83.20687,27.02008],[83.206,27.02079],[83.19986,27.02105],[83.19697,27.02069],[83.18671,27.01658],[83.17738,27.01084],[83.16455,27.00552],[83.15864,27.00412],[83.16534,27.01069],[83.16535,27.01195],[83.16161,27.01417],[83.15623,27.01317],[83.15484,27.01383],[83.15514,27.01814],[83.15411,27.01849],[83.14986,27.01666],[83.14867,27.01513],[83.15277,27.0088],[83.1523,27.00725],[83.15093,27.00645],[83.14863,27.0077],[83.14468,27.01375],[83.14309,27.01463],[83.13816,27.00716],[83.13673,27.00707],[83.13436,27.00854],[83.13302,27.01213],[83.13402,27.01477],[83.13377,27.02052],[83.13603,27.02244],[83.13971,27.02343],[83.13993,27.02607],[83.13646,27.02692],[83.13176,27.02446],[83.12997,27.02564],[83.13148,27.02872],[83.13805,27.03519],[83.14153,27.04124],[83.14073,27.04419],[83.13702,27.04344],[83.13434,27.04445],[83.13088,27.04791],[83.12313,27.05032],[83.12201,27.05298],[83.12317,27.05659],[83.1246,27.05829],[83.13017,27.05839],[83.13179,27.0563],[83.13195,27.05423],[83.13427,27.05166],[83.13937,27.05348],[83.14138,27.05575],[83.14125,27.05852],[83.13954,27.0594],[83.138,27.06214],[83.12899,27.06796],[83.12877,27.06958],[83.1315,27.07513],[83.13067,27.079],[83.12787,27.08335],[83.12213,27.08804],[83.12081,27.09002],[83.11952,27.09584],[83.12051,27.10118],[83.11713,27.1059],[83.11694,27.10953],[83.11523,27.11036],[83.11291,27.1135],[83.11346,27.11534],[83.11514,27.1168],[83.12026,27.11604],[83.12838,27.11231],[83.13248,27.11299],[83.13625,27.11542],[83.13837,27.11953],[83.13741,27.12322],[83.12736,27.13287],[83.12421,27.13729],[83.1158,27.15329],[83.11342,27.15994],[83.1136,27.16248],[83.1162,27.16504],[83.12032,27.16562],[83.12707,27.16447],[83.12936,27.16243],[83.13679,27.17119],[83.1395,27.17138],[83.14842,27.16549],[83.15056,27.16419],[83.15118,27.162],[83.1474,27.15515],[83.14623,27.15136],[83.14702,27.14807],[83.15078,27.14744],[83.15565,27.14759],[83.15919,27.14875],[83.16129,27.15177],[83.16057,27.15392],[83.15121,27.15341],[83.15214,27.1557],[83.15333,27.15672],[83.16819,27.16105],[83.16887,27.1645],[83.16956,27.18021],[83.16814,27.18345],[83.16004,27.1891],[83.16119,27.19104],[83.16722,27.1963],[83.16916,27.2003],[83.16776,27.20493],[83.16246,27.20863],[83.15772,27.20444],[83.15673,27.21153],[83.15829,27.21964],[83.1573,27.22142],[83.15969,27.22561],[83.16437,27.22956],[83.17279,27.23092],[83.18787,27.22904],[83.19607,27.23455],[83.20097,27.24105],[83.20605,27.24541],[83.20844,27.24605],[83.21014,27.24816],[83.20962,27.25381],[83.20338,27.26663],[83.20438,27.26903],[83.20731,27.27233],[83.21003,27.27361],[83.2181,27.27631],[83.22019,27.27523],[83.22289,27.27571],[83.22829,27.28318],[83.23176,27.2864],[83.23864,27.28815],[83.24176,27.28706],[83.24571,27.29235],[83.23968,27.29572],[83.23515,27.30034],[83.23412,27.30237],[83.23997,27.30424],[83.25121,27.31189],[83.25667,27.31659],[83.26048,27.32085],[83.26151,27.32555],[83.26012,27.32949],[83.26765,27.33345],[83.28051,27.33833],[83.28285,27.34103],[83.28656,27.33843],[83.29256,27.33695],[83.29275,27.33686],[83.2943,27.33551],[83.29442,27.33541],[83.29541,27.33475],[83.29636,27.33471],[83.29653,27.33402],[83.29866,27.3342],[83.30122,27.33442],[83.3018,27.33408],[83.30257,27.33422],[83.3068,27.33123],[83.31012,27.33332],[83.31016,27.33334],[83.31528,27.33152],[83.3196,27.32999],[83.31752,27.33261],[83.31756,27.33267],[83.32059,27.3357],[83.32027,27.3365],[83.31997,27.3372],[83.32606,27.33662],[83.32652,27.33658],[83.32655,27.33656],[83.32692,27.33632],[83.32999,27.33403],[83.33091,27.33422],[83.33365,27.33254],[83.33371,27.33251],[83.33376,27.33247],[83.33398,27.33254],[83.337,27.33347],[83.33813,27.33309],[83.33832,27.33311],[83.34521,27.33482],[83.34521,27.33488],[83.34607,27.33807],[83.35452,27.33982],[83.35445,27.33992],[83.35291,27.34217],[83.35294,27.34218],[83.35292,27.34221],[83.35762,27.34442],[83.36121,27.34302],[83.36054,27.34914],[83.35986,27.35025],[83.36658,27.35558],[83.36662,27.35562],[83.37002,27.35562],[83.3718,27.35795],[83.37578,27.35712],[83.37614,27.36001],[83.37612,27.36006],[83.37442,27.36481],[83.37602,27.36876],[83.37676,27.36976],[83.38482,27.37074],[83.39019,27.37572],[83.38845,27.38032],[83.39004,27.3835],[83.39006,27.38355],[83.38839,27.3848],[83.38708,27.38579],[83.38682,27.39012],[83.39032,27.39152],[83.39464,27.39549],[83.39803,27.39563],[83.39951,27.39784],[83.40072,27.3981],[83.40759,27.4053],[83.40794,27.4079],[83.40846,27.41175],[83.40852,27.41178],[83.41169,27.41251],[83.41157,27.41359],[83.41156,27.41365],[83.41144,27.41474],[83.40922,27.41512],[83.40762,27.41862],[83.40187,27.41897],[83.40253,27.4199],[83.3979,27.42233],[83.39494,27.42504],[83.39381,27.42952],[83.38683,27.43513],[83.38668,27.43566],[83.38665,27.43577],[83.38634,27.43686],[83.38829,27.43893],[83.38845,27.4391],[83.3884,27.43914],[83.38609,27.44072],[83.38602,27.44152],[83.38596,27.44221],[83.39171,27.44455],[83.39201,27.44472],[83.39362,27.44652],[83.39367,27.44656],[83.39611,27.44641],[83.39777,27.44634],[83.40072,27.44892],[83.40398,27.45749],[83.40202,27.45971],[83.40199,27.45984],[83.40187,27.46346],[83.4046,27.46607],[83.40336,27.46706],[83.4,27.46532],[83.39791,27.46637],[83.39752,27.46657],[83.39752,27.46662],[83.39761,27.46951],[83.39741,27.46958],[83.39069,27.47054],[83.39106,27.4729],[83.39439,27.47624],[83.39093,27.47949],[83.40858,27.47887],[83.48215,27.47539],[83.4927,27.47491],[83.50961,27.47415],[83.55323,27.47228],[83.60957,27.46975],[83.61674,27.46942]]]}},{"type":"Feature","properties":{"ID_0":105,"ISO":"IND","NAME_0":"India","ID_1":33,"NAME_1":"Uttar Pradesh","ID_2":540,"NAME_2":"Mahoba","NL_NAME_2":null,"VARNAME_2":null,"TYPE_2":"District","ENGTYPE_2":"District","STATE":"Uttar Pradesh","DISTRICT":"Mahoba"},"geometry":{"type":"Polygon","coordinates":[[[79.99931,25.59931],[80.0085,25.59364],[80.01768,25.59315],[80.013,25.585],[80.00712,25.57823],[80.00462,25.5731],[80.004,25.56055],[80.00644,25.55867],[80.00353,25.55651],[79.99197,25.55365],[79.9864,25.5476],[79.97457,25.54056],[79.97668,25.53979],[79.98583,25.53933],[79.99195,25.53678],[79.99286,25.53187],[79.99977,25.52478],[80.00113,25.51554],[79.99612,25.51128],[79.99197,25.50636],[79.98924,25.50293],[79.9896,25.50012],[79.99104,25.49931],[79.98885,25.49601],[79.99196,25.49365],[80.00467,25.49098],[80.01066,25.4911],[80.02737,25.49635],[80.02915,25.48324],[80.02785,25.4764],[80.02436,25.46937],[80.02284,25.46181],[80.01684,25.4547],[80.01612,25.44895],[80.01976,25.44523],[80.01927,25.44089],[80.02258,25.43659],[80.0441,25.42885],[80.04728,25.43062],[80.05574,25.43153],[80.05878,25.42908],[80.06243,25.42929],[80.06789,25.4236],[80.07387,25.4196],[80.08293,25.41718],[80.08863,25.41272],[80.09106,25.40946],[80.09589,25.40638],[80.09896,25.40548],[80.1041,25.40709],[80.11295,25.41206],[80.11545,25.41095],[80.12219,25.41091],[80.12946,25.41481],[80.13281,25.41537],[80.13957,25.41193],[80.14198,25.40222],[80.13541,25.40078],[80.12993,25.40127],[80.12626,25.40262],[80.12444,25.40008],[80.12249,25.39425],[80.12241,25.39141],[80.1334,25.3883],[80.13053,25.3844],[80.12003,25.38256],[80.11619,25.37957],[80.10889,25.36597],[80.10406,25.36132],[80.09609,25.35158],[80.09338,25.35383],[80.0833,25.35583],[80.0784,25.35344],[80.07234,25.34509],[80.07002,25.3431],[80.0615,25.34204],[80.05486,25.3413],[80.04444,25.34185],[80.03719,25.34097],[80.02419,25.34459],[80.02074,25.34316],[80.0145,25.33111],[80.01266,25.33011],[80.00991,25.32475],[80.01265,25.30172],[80.00833,25.30068],[79.9987,25.29377],[79.99386,25.28884],[79.9922,25.28525],[79.99126,25.28316],[79.99219,25.28098],[79.9956,25.27673],[79.99535,25.27466],[79.99734,25.27013],[79.99673,25.26865],[79.99221,25.2693],[79.97728,25.26494],[79.96951,25.26816],[79.96717,25.26847],[79.96304,25.26825],[79.94922,25.2653],[79.94257,25.27188],[79.94096,25.26971],[79.93438,25.26487],[79.93333,25.26302],[79.93196,25.25986],[79.93257,25.25032],[79.9241,25.25155],[79.921,25.25071],[79.91345,25.23344],[79.91221,25.23376],[79.91063,25.23605],[79.91056,25.24498],[79.9063,25.25418],[79.90533,25.25547],[79.9024,25.25692],[79.89962,25.25657],[79.89835,25.2551],[79.89727,25.2496],[79.89616,25.24754],[79.8936,25.24621],[79.88663,25.24641],[79.87501,25.25299],[79.87246,25.25379],[79.86596,25.24682],[79.86098,25.24299],[79.85755,25.2419],[79.85099,25.24157],[79.84714,25.2402],[79.84573,25.23838],[79.84523,25.23655],[79.84716,25.23241],[79.85285,25.22503],[79.86137,25.22095],[79.86304,25.21919],[79.85619,25.21361],[79.85412,25.21042],[79.85185,25.20348],[79.85478,25.19909],[79.85879,25.19023],[79.85811,25.18186],[79.86154,25.17907],[79.8626,25.17697],[79.85966,25.16205],[79.86059,25.15606],[79.86301,25.15391],[79.8721,25.1503],[79.87218,25.14851],[79.86483,25.14499],[79.85741,25.14281],[79.85162,25.13978],[79.84767,25.13339],[79.84797,25.12823],[79.84657,25.12227],[79.84268,25.11633],[79.84581,25.11047],[79.8531,25.10275],[79.8559,25.0985],[79.84921,25.09698],[79.84086,25.0964],[79.83129,25.09811],[79.82722,25.10012],[79.82434,25.1037],[79.82327,25.10641],[79.8187,25.11015],[79.81641,25.11086],[79.80517,25.11098],[79.79325,25.11838],[79.78834,25.12039],[79.76922,25.12526],[79.76275,25.12983],[79.75772,25.13453],[79.75111,25.14066],[79.74782,25.1426],[79.74564,25.14388],[79.73958,25.14296],[79.72604,25.13573],[79.72456,25.1354],[79.71777,25.13382],[79.70728,25.13332],[79.68699,25.13687],[79.6766,25.13699],[79.67419,25.13578],[79.67079,25.13209],[79.66617,25.12712],[79.66054,25.12796],[79.65659,25.12951],[79.65419,25.13045],[79.64303,25.13236],[79.6407,25.1324],[79.63785,25.13108],[79.63285,25.13283],[79.62003,25.14267],[79.60609,25.1325],[79.60515,25.13223],[79.6021,25.13136],[79.59788,25.13143],[79.59517,25.13413],[79.59541,25.13562],[79.59748,25.13955],[79.59855,25.14535],[79.60277,25.1531],[79.60279,25.15384],[79.60281,25.15477],[79.60004,25.15498],[79.59327,25.14635],[79.59234,25.14631],[79.59145,25.14627],[79.59052,25.1468],[79.5897,25.14728],[79.58574,25.15286],[79.57626,25.15705],[79.57397,25.15945],[79.56894,25.17552],[79.56552,25.17755],[79.55959,25.17597],[79.55034,25.1694],[79.54275,25.16055],[79.53796,25.15263],[79.53494,25.14762],[79.53363,25.14644],[79.52865,25.14498],[79.52731,25.1431],[79.52858,25.13801],[79.52869,25.13738],[79.52659,25.13564],[79.51796,25.13123],[79.51377,25.12572],[79.51395,25.1221],[79.51816,25.1077],[79.51829,25.10443],[79.51723,25.10179],[79.51536,25.10104],[79.51337,25.10025],[79.50527,25.1013],[79.50016,25.0992],[79.4938,25.09201],[79.49118,25.08612],[79.49113,25.08488],[79.49107,25.0833],[79.48988,25.08275],[79.48244,25.08511],[79.47153,25.08719],[79.46053,25.09633],[79.47018,25.13068],[79.47018,25.1338],[79.46951,25.13404],[79.46838,25.13445],[79.45657,25.12499],[79.45023,25.11783],[79.44479,25.11309],[79.43637,25.10782],[79.43107,25.10751],[79.43067,25.10806],[79.42991,25.10913],[79.42952,25.11148],[79.42946,25.11179],[79.43116,25.11595],[79.43345,25.12],[79.43441,25.1217],[79.43526,25.12653],[79.43298,25.13142],[79.43114,25.1354],[79.4259,25.1384],[79.4176,25.13847],[79.41512,25.1391],[79.41477,25.13737],[79.4178,25.13507],[79.4184,25.13352],[79.41711,25.12727],[79.41496,25.123],[79.40919,25.11566],[79.40197,25.11336],[79.39915,25.11346],[79.39317,25.11615],[79.39081,25.1179],[79.38929,25.12058],[79.38873,25.13163],[79.38705,25.13614],[79.3839,25.14004],[79.38213,25.14593],[79.38023,25.14912],[79.38007,25.15372],[79.38387,25.17028],[79.3915,25.17965],[79.40389,25.18958],[79.40421,25.19441],[79.40456,25.19947],[79.4081,25.20752],[79.40958,25.20876],[79.41734,25.20392],[79.42126,25.20324],[79.42461,25.20265],[79.42618,25.20306],[79.42801,25.20353],[79.43214,25.20278],[79.43578,25.20466],[79.4427,25.21256],[79.4424,25.22095],[79.43231,25.2218],[79.42702,25.22504],[79.43298,25.236],[79.43418,25.24178],[79.43855,25.24827],[79.44176,25.25172],[79.44359,25.24865],[79.44491,25.24812],[79.44834,25.25081],[79.45285,25.2565],[79.45522,25.26521],[79.45919,25.26945],[79.4607,25.26961],[79.46401,25.268],[79.47453,25.26657],[79.47912,25.26517],[79.48396,25.26498],[79.48974,25.26564],[79.49083,25.26901],[79.4904,25.27035],[79.48447,25.27274],[79.47772,25.27238],[79.4763,25.27316],[79.47533,25.27488],[79.47527,25.27671],[79.47525,25.27749],[79.47521,25.27917],[79.47312,25.28213],[79.45741,25.28387],[79.45307,25.28256],[79.45274,25.27527],[79.45158,25.27361],[79.43121,25.25955],[79.42666,25.25842],[79.41531,25.25922],[79.40122,25.26236],[79.40189,25.27925],[79.3923,25.28486],[79.38861,25.28625],[79.386,25.28415],[79.38354,25.28361],[79.37931,25.28672],[79.37562,25.2911],[79.37257,25.29332],[79.36975,25.2941],[79.36742,25.29432],[79.36445,25.29252],[79.36717,25.27558],[79.36724,25.27242],[79.36574,25.26807],[79.36169,25.26427],[79.3583,25.26352],[79.35297,25.26538],[79.3511,25.26995],[79.35162,25.27799],[79.34971,25.28842],[79.34309,25.29042],[79.3325,25.2923],[79.33165,25.29258],[79.33105,25.29278],[79.33076,25.29405],[79.34187,25.30458],[79.34149,25.30769],[79.3377,25.31091],[79.33448,25.3174],[79.33838,25.32493],[79.34589,25.33304],[79.34459,25.33445],[79.33373,25.33258],[79.33023,25.33373],[79.32513,25.33725],[79.3093,25.33857],[79.30422,25.33985],[79.29473,25.34022],[79.29408,25.33937],[79.29372,25.33236],[79.29132,25.32929],[79.28342,25.33009],[79.2776,25.32805],[79.27652,25.32703],[79.2729,25.32972],[79.26943,25.34198],[79.26957,25.34387],[79.27308,25.34862],[79.27985,25.35338],[79.28716,25.36332],[79.29185,25.38092],[79.29556,25.38232],[79.30601,25.39005],[79.30977,25.3957],[79.31682,25.40398],[79.32934,25.40519],[79.33264,25.40677],[79.3327,25.41355],[79.32478,25.4332],[79.32493,25.4363],[79.3342,25.44645],[79.35306,25.45995],[79.35885,25.46473],[79.3605,25.46723],[79.36185,25.46988],[79.35476,25.49027],[79.3594,25.49517],[79.36369,25.4979],[79.3705,25.50449],[79.37463,25.51479],[79.37601,25.51565],[79.37854,25.52297],[79.38111,25.52686],[79.3903,25.52201],[79.39371,25.52164],[79.39622,25.52272],[79.40086,25.52023],[79.40585,25.51618],[79.41373,25.51295],[79.41905,25.50957],[79.42574,25.51066],[79.43554,25.51453],[79.44579,25.51059],[79.45161,25.50956],[79.45897,25.51138],[79.46719,25.50292],[79.4696,25.49939],[79.47597,25.49456],[79.48457,25.49884],[79.48927,25.49782],[79.49929,25.49255],[79.50437,25.49153],[79.50596,25.49289],[79.50745,25.49724],[79.50885,25.499],[79.51237,25.49972],[79.51416,25.49935],[79.51601,25.49761],[79.51799,25.48869],[79.52289,25.4867],[79.52717,25.48814],[79.52871,25.49065],[79.52984,25.49512],[79.53186,25.497],[79.55495,25.49642],[79.55644,25.49618],[79.55434,25.48661],[79.55475,25.48441],[79.55624,25.48257],[79.55763,25.4822],[79.55849,25.48145],[79.56316,25.48428],[79.56912,25.491],[79.57253,25.49366],[79.57669,25.49545],[79.58083,25.49254],[79.58532,25.50025],[79.58766,25.50195],[79.59209,25.50225],[79.59621,25.50088],[79.59669,25.49933],[79.59943,25.49688],[79.59978,25.49366],[79.60757,25.48766],[79.61297,25.48743],[79.61958,25.4911],[79.62133,25.4912],[79.62994,25.48886],[79.63439,25.48905],[79.63673,25.49074],[79.63681,25.49264],[79.63655,25.4966],[79.63506,25.49863],[79.63604,25.50167],[79.63835,25.50337],[79.63857,25.50474],[79.63748,25.50612],[79.63492,25.50673],[79.63368,25.50864],[79.63321,25.51141],[79.6362,25.51384],[79.63898,25.51496],[79.65562,25.51685],[79.6584,25.51774],[79.65819,25.52647],[79.65426,25.53421],[79.65791,25.54003],[79.65714,25.54274],[79.65196,25.54665],[79.65131,25.55124],[79.65276,25.55532],[79.65497,25.55632],[79.65819,25.55634],[79.661,25.55413],[79.66233,25.55124],[79.66572,25.55017],[79.68034,25.5507],[79.68557,25.55179],[79.69349,25.55544],[79.69502,25.55731],[79.69479,25.55922],[79.69366,25.56049],[79.68993,25.56283],[79.69071,25.56593],[79.70603,25.57132],[79.71904,25.56463],[79.72191,25.55828],[79.72949,25.5544],[79.73405,25.55309],[79.73537,25.55163],[79.73618,25.54726],[79.73595,25.54347],[79.73112,25.53047],[79.73368,25.52774],[79.7451,25.52124],[79.74744,25.5215],[79.74937,25.53079],[79.75507,25.5409],[79.75652,25.53744],[79.75737,25.52898],[79.75883,25.52649],[79.76411,25.52177],[79.77415,25.51862],[79.78853,25.51115],[79.79687,25.5095],[79.79603,25.50348],[79.80118,25.50198],[79.80515,25.5027],[79.80618,25.50389],[79.81065,25.51908],[79.81287,25.52358],[79.81472,25.52666],[79.81982,25.52971],[79.82066,25.532],[79.81873,25.5383],[79.81483,25.54316],[79.8162,25.55187],[79.8192,25.55367],[79.82278,25.55403],[79.84049,25.55136],[79.84386,25.54902],[79.84942,25.5503],[79.85133,25.55234],[79.85551,25.56257],[79.85656,25.56976],[79.85819,25.57425],[79.86319,25.58034],[79.86578,25.58164],[79.87008,25.58216],[79.88489,25.58281],[79.88831,25.58488],[79.89006,25.58841],[79.89247,25.5906],[79.89243,25.59221],[79.89684,25.59485],[79.89989,25.59875],[79.90562,25.60144],[79.91605,25.59951],[79.92224,25.59718],[79.92987,25.59655],[79.93429,25.59724],[79.93997,25.60048],[79.94007,25.60181],[79.94785,25.61222],[79.94968,25.61735],[79.94096,25.62538],[79.93642,25.63103],[79.93659,25.633],[79.94131,25.63851],[79.94471,25.64682],[79.94681,25.6473],[79.9493,25.64671],[79.96076,25.64194],[79.97191,25.63567],[79.98354,25.62351],[79.98566,25.62235],[79.99189,25.62226],[79.99308,25.62145],[79.99286,25.61713],[79.99191,25.61088],[79.99931,25.59931]]]}},{"type":"Feature","properties":{"ID_0":105,"ISO":"IND","NAME_0":"India","ID_1":33,"NAME_1":"Uttar Pradesh","ID_2":541,"NAME_2":"Mainpuri","NL_NAME_2":null,"VARNAME_2":null,"TYPE_2":"District","ENGTYPE_2":"District","STATE":"Uttar Pradesh","DISTRICT":"Mainpuri"},"geometry":{"type":"Polygon","coordinates":[[[78.91413,27.45636],[78.91868,27.45127],[78.92651,27.45602],[78.92934,27.4554],[78.92981,27.4535],[78.92754,27.45104],[78.9269,27.44208],[78.9309,27.44128],[78.93036,27.43851],[78.93134,27.43618],[78.9417,27.43136],[78.94846,27.43346],[78.94975,27.43101],[78.94994,27.42516],[78.95532,27.42537],[78.95807,27.42661],[78.96669,27.42616],[78.96957,27.43134],[78.97903,27.43497],[78.98402,27.43519],[78.98692,27.43457],[78.9904,27.43859],[78.99197,27.43844],[78.99652,27.43574],[79.00578,27.43385],[79.01389,27.43525],[79.04794,27.4248],[79.05388,27.42309],[79.06934,27.42735],[79.07438,27.42781],[79.08865,27.43454],[79.09991,27.43826],[79.10309,27.43427],[79.10294,27.4281],[79.10485,27.41992],[79.10957,27.41958],[79.10716,27.41442],[79.10778,27.41181],[79.11326,27.41093],[79.11763,27.40883],[79.12585,27.40196],[79.12973,27.39707],[79.13231,27.39134],[79.13287,27.38662],[79.13728,27.38262],[79.14614,27.38387],[79.1578,27.3867],[79.16119,27.38534],[79.16366,27.38333],[79.16874,27.37581],[79.17421,27.37062],[79.18373,27.36697],[79.1871,27.36256],[79.18773,27.35095],[79.19781,27.34348],[79.20197,27.33847],[79.2067,27.33491],[79.21233,27.33356],[79.2197,27.33538],[79.22096,27.33384],[79.22395,27.33244],[79.23091,27.33027],[79.24053,27.33497],[79.2412,27.33656],[79.24523,27.33498],[79.25304,27.32916],[79.25655,27.31591],[79.25896,27.31092],[79.26318,27.3094],[79.26855,27.31104],[79.28027,27.31036],[79.27861,27.29559],[79.27988,27.28779],[79.28553,27.28689],[79.28661,27.28758],[79.29181,27.28515],[79.29552,27.28612],[79.29853,27.28838],[79.30409,27.29012],[79.3084,27.29238],[79.31097,27.29255],[79.31216,27.28429],[79.31337,27.28298],[79.31285,27.27726],[79.31575,27.27443],[79.31538,27.27146],[79.3129,27.26733],[79.31432,27.26319],[79.31102,27.25837],[79.30775,27.25651],[79.3067,27.25484],[79.3079,27.2533],[79.30598,27.2523],[79.30724,27.24868],[79.30897,27.24751],[79.3236,27.24245],[79.32676,27.24018],[79.32726,27.23665],[79.33051,27.23535],[79.33112,27.23268],[79.32993,27.22993],[79.33039,27.22766],[79.32924,27.22463],[79.32982,27.22139],[79.34032,27.21773],[79.34565,27.21702],[79.34792,27.22274],[79.35403,27.22738],[79.36246,27.21929],[79.36436,27.2165],[79.36549,27.21277],[79.3705,27.20972],[79.37514,27.20892],[79.38247,27.205],[79.38515,27.2027],[79.38521,27.2016],[79.38464,27.19786],[79.38448,27.18869],[79.38671,27.17489],[79.3868,27.17238],[79.38659,27.16979],[79.38637,27.16751],[79.38261,27.16526],[79.3838,27.1617],[79.39157,27.15525],[79.40232,27.14337],[79.40176,27.1395],[79.3992,27.13533],[79.39597,27.13244],[79.38139,27.12627],[79.38062,27.12172],[79.38151,27.11635],[79.3837,27.10907],[79.38652,27.10377],[79.39878,27.09972],[79.40353,27.09967],[79.40776,27.09757],[79.41091,27.09753],[79.41689,27.10114],[79.42145,27.10217],[79.42748,27.10097],[79.43078,27.09942],[79.42826,27.09163],[79.42299,27.08701],[79.42318,27.07731],[79.4245,27.07261],[79.4175,27.06573],[79.41097,27.06548],[79.40304,27.06288],[79.39214,27.05481],[79.39146,27.04271],[79.38995,27.0323],[79.38086,27.01573],[79.37621,27.01022],[79.37453,27.00659],[79.37536,27.00403],[79.37271,26.99194],[79.36388,26.98568],[79.36394,26.9831],[79.36283,26.98084],[79.35613,26.97799],[79.35353,26.97572],[79.3501,26.97182],[79.34709,26.9645],[79.33852,26.96868],[79.32602,26.96481],[79.31789,26.96619],[79.31264,26.97001],[79.31284,26.97426],[79.31163,26.97924],[79.31095,26.98129],[79.30896,26.98247],[79.30137,26.98522],[79.29767,26.9877],[79.29237,26.98808],[79.28938,26.98327],[79.2867,26.98363],[79.28069,26.98698],[79.27763,26.99055],[79.27551,26.98765],[79.27024,26.98998],[79.26709,26.98747],[79.26731,26.99384],[79.26571,26.99606],[79.26242,26.99371],[79.26095,26.99065],[79.25843,26.98866],[79.25458,26.9906],[79.24857,26.98644],[79.24277,26.9894],[79.23877,26.98898],[79.23688,26.98718],[79.23266,26.98729],[79.22839,26.98372],[79.22638,26.98065],[79.2204,26.98085],[79.21571,26.97922],[79.21274,26.97733],[79.20705,26.9772],[79.19773,26.9774],[79.19073,26.97912],[79.18801,26.98097],[79.18426,26.98941],[79.18498,27.00118],[79.18356,27.00635],[79.17489,27.01187],[79.15861,27.01107],[79.15864,27.00775],[79.15746,27.00633],[79.15821,27.00468],[79.15678,27.00241],[79.15401,27.00398],[79.124,27.00492],[79.11847,27.00019],[79.11452,26.99984],[79.10781,27.00621],[79.10648,27.00222],[79.10387,26.99885],[79.0979,27.00323],[79.09349,27.00367],[79.09045,27.00523],[79.08628,27.00539],[79.08478,27.00452],[79.08513,27.00188],[79.09132,26.99331],[79.09171,26.99016],[79.08899,26.98777],[79.08102,26.98484],[79.07744,26.98472],[79.07533,26.98812],[79.07462,26.99093],[79.07211,26.99449],[79.06876,26.99691],[79.06348,26.9954],[79.05537,26.99526],[79.04871,26.98975],[79.04578,26.98902],[79.04102,26.97833],[79.03453,26.97741],[79.03285,26.9748],[79.02643,26.97378],[79.02393,26.96742],[79.02089,26.96399],[79.01506,26.95866],[79.00391,26.95164],[79.00401,26.94735],[79.00208,26.94483],[78.99783,26.94366],[78.99305,26.93771],[78.99097,26.93633],[78.98786,26.93692],[78.98305,26.9401],[78.9802,26.94335],[78.97787,26.95195],[78.96245,26.96214],[78.95674,26.96498],[78.95319,26.96894],[78.95071,26.9745],[78.9471,26.97735],[78.93252,26.97932],[78.92701,26.98387],[78.92625,26.98836],[78.92316,26.99029],[78.91973,26.98927],[78.91341,26.98374],[78.91239,26.97974],[78.91576,26.97708],[78.91698,26.975],[78.91607,26.97327],[78.91116,26.97027],[78.90623,26.96928],[78.89539,26.97352],[78.88792,26.97383],[78.87901,26.97082],[78.87156,26.96725],[78.86379,26.96616],[78.85721,26.9667],[78.85317,26.97013],[78.84505,26.97944],[78.84061,26.97445],[78.83256,26.97041],[78.82974,26.9647],[78.82532,26.95919],[78.82079,26.95848],[78.7988,26.96443],[78.79643,26.97284],[78.79763,26.97677],[78.80323,26.98189],[78.80738,26.98693],[78.80875,26.99256],[78.80678,26.99672],[78.80355,26.99925],[78.80035,26.99899],[78.79781,26.9956],[78.79404,26.98568],[78.79147,26.98652],[78.78577,26.99006],[78.78239,26.99406],[78.78178,27.00153],[78.77766,27.00645],[78.77621,27.01271],[78.77946,27.01695],[78.78625,27.01967],[78.78594,27.02194],[78.7767,27.0285],[78.76917,27.02937],[78.76601,27.02739],[78.76322,27.0313],[78.76484,27.03817],[78.77968,27.04784],[78.77635,27.04986],[78.76962,27.05066],[78.76438,27.05039],[78.75565,27.05891],[78.76199,27.06038],[78.76522,27.06282],[78.76665,27.06632],[78.75885,27.07108],[78.76328,27.08555],[78.76126,27.08899],[78.76652,27.09134],[78.76802,27.09387],[78.76701,27.10177],[78.76409,27.10887],[78.75798,27.1133],[78.76499,27.11823],[78.76688,27.11774],[78.78753,27.10348],[78.79162,27.10695],[78.79139,27.11268],[78.79385,27.11641],[78.79698,27.12383],[78.79787,27.12839],[78.79596,27.1312],[78.79227,27.1323],[78.79205,27.12992],[78.79048,27.12712],[78.7851,27.12997],[78.7848,27.13779],[78.78154,27.13905],[78.78311,27.1469],[78.79024,27.14964],[78.79889,27.15044],[78.80744,27.14545],[78.81293,27.14438],[78.81336,27.14854],[78.80962,27.15945],[78.80601,27.15881],[78.79617,27.16028],[78.78916,27.16397],[78.78368,27.16922],[78.78168,27.16971],[78.77254,27.16816],[78.75095,27.18562],[78.735,27.18723],[78.73062,27.19738],[78.71748,27.20282],[78.71878,27.20809],[78.72311,27.21034],[78.74127,27.21147],[78.74427,27.21373],[78.74649,27.21712],[78.75095,27.22649],[78.75045,27.23049],[78.74722,27.2342],[78.73955,27.24073],[78.73378,27.24388],[78.72652,27.2496],[78.71921,27.25023],[78.71905,27.25931],[78.71101,27.26817],[78.69846,27.26847],[78.68655,27.27223],[78.68143,27.26922],[78.68012,27.27457],[78.68727,27.28124],[78.69568,27.28529],[78.70193,27.28451],[78.7084,27.28535],[78.70939,27.29198],[78.7122,27.29738],[78.71225,27.30091],[78.70473,27.30537],[78.70358,27.30792],[78.7036,27.31383],[78.70587,27.32086],[78.70718,27.33451],[78.70621,27.33673],[78.7056,27.33823],[78.70284,27.34169],[78.70702,27.34481],[78.71161,27.34965],[78.71713,27.34841],[78.72102,27.34627],[78.72338,27.3427],[78.72694,27.33952],[78.73222,27.34072],[78.73911,27.34514],[78.74525,27.35188],[78.75381,27.34491],[78.76395,27.34204],[78.76563,27.3408],[78.76902,27.34231],[78.77135,27.34222],[78.77364,27.35314],[78.78321,27.35369],[78.79001,27.35491],[78.79509,27.3575],[78.7996,27.36149],[78.81074,27.35778],[78.8163,27.35955],[78.82333,27.365],[78.82706,27.36692],[78.82794,27.3709],[78.83567,27.37894],[78.83509,27.38186],[78.84179,27.38865],[78.84287,27.39193],[78.84579,27.39605],[78.84519,27.39763],[78.84028,27.40315],[78.83615,27.40571],[78.83051,27.40561],[78.8327,27.41155],[78.83024,27.41546],[78.83198,27.41706],[78.84054,27.42156],[78.84532,27.42623],[78.85102,27.42985],[78.85275,27.43208],[78.85379,27.43669],[78.86316,27.44232],[78.86393,27.44375],[78.86383,27.44856],[78.86968,27.45788],[78.87459,27.46282],[78.87344,27.46608],[78.87865,27.47438],[78.88114,27.47543],[78.88533,27.4753],[78.8968,27.47176],[78.89722,27.47036],[78.91413,27.45636]]]}},{"type":"Feature","properties":{"ID_0":105,"ISO":"IND","NAME_0":"India","ID_1":33,"NAME_1":"Uttar Pradesh","ID_2":542,"NAME_2":"Mathura","NL_NAME_2":null,"VARNAME_2":"Muttra","TYPE_2":"District","ENGTYPE_2":"District","STATE":"Uttar Pradesh","DISTRICT":"Mathura"},"geometry":{"type":"MultiPolygon","coordinates":[[[[77.96048,27.27281],[77.95428,27.26976],[77.95468,27.28517],[77.95309,27.298],[77.97151,27.28376],[77.96677,27.2775],[77.9633,27.27469],[77.96048,27.27281]]],[[[77.66931,27.94737],[77.67816,27.94675],[77.69292,27.9511],[77.6978,27.95072],[77.70519,27.9487],[77.7228,27.93808],[77.72787,27.93574],[77.73191,27.93279],[77.73476,27.92941],[77.73925,27.91729],[77.74483,27.91242],[77.75214,27.90986],[77.75588,27.90652],[77.75667,27.90233],[77.75442,27.8928],[77.75546,27.88824],[77.75971,27.87784],[77.76225,27.87493],[77.76514,27.87223],[77.76864,27.87107],[77.78822,27.86729],[77.79562,27.8676],[77.7997,27.86648],[77.79624,27.8625],[77.77505,27.8509],[77.77447,27.84552],[77.78812,27.82983],[77.79425,27.82866],[77.79766,27.82917],[77.80675,27.81896],[77.80698,27.81316],[77.80512,27.8073],[77.80466,27.80226],[77.80463,27.79647],[77.80645,27.79036],[77.8084,27.78447],[77.8129,27.78053],[77.81778,27.77116],[77.82213,27.76688],[77.82556,27.76095],[77.82497,27.75862],[77.81944,27.75759],[77.81271,27.75801],[77.80647,27.7574],[77.80087,27.75608],[77.79652,27.75359],[77.79259,27.74897],[77.7877,27.73915],[77.78738,27.73487],[77.78751,27.73263],[77.79067,27.72837],[77.79076,27.72315],[77.78931,27.71917],[77.78873,27.71225],[77.79139,27.70842],[77.79099,27.70331],[77.78761,27.69719],[77.78394,27.69434],[77.78503,27.68996],[77.80492,27.67557],[77.80903,27.67337],[77.81149,27.67429],[77.81385,27.6778],[77.81944,27.67698],[77.82224,27.67533],[77.82425,27.66778],[77.8309,27.66288],[77.8329,27.66594],[77.83621,27.66266],[77.84179,27.65911],[77.8465,27.64387],[77.85258,27.63251],[77.85389,27.6284],[77.85344,27.62262],[77.84606,27.61303],[77.84586,27.60799],[77.84834,27.6033],[77.85641,27.59222],[77.85914,27.5846],[77.86081,27.58227],[77.86308,27.58119],[77.86777,27.58183],[77.87122,27.58366],[77.87521,27.58884],[77.87952,27.59213],[77.88243,27.59281],[77.88811,27.59027],[77.89034,27.58754],[77.89947,27.56961],[77.89945,27.56703],[77.89679,27.55918],[77.89372,27.55742],[77.88967,27.55716],[77.88636,27.55334],[77.88421,27.54794],[77.88074,27.54474],[77.87273,27.54273],[77.87057,27.53967],[77.86968,27.5327],[77.87047,27.53091],[77.87711,27.52383],[77.88078,27.52231],[77.88591,27.52243],[77.88818,27.52142],[77.89522,27.5208],[77.8987,27.51734],[77.89924,27.51372],[77.9023,27.50637],[77.90486,27.50248],[77.90586,27.49696],[77.90874,27.49259],[77.90852,27.48939],[77.90643,27.48615],[77.91769,27.47488],[77.91503,27.44828],[77.91503,27.41637],[77.91503,27.37648],[77.92035,27.3233],[77.95109,27.29955],[77.94904,27.29904],[77.9388,27.28415],[77.93301,27.28113],[77.92731,27.27678],[77.92468,27.27282],[77.92384,27.26859],[77.93317,27.25402],[77.93345,27.24822],[77.93092,27.24294],[77.92615,27.24006],[77.91896,27.23906],[77.91388,27.23952],[77.903,27.24413],[77.90083,27.24727],[77.90006,27.25176],[77.9004,27.26083],[77.90415,27.28729],[77.90176,27.29292],[77.89373,27.29746],[77.88505,27.2999],[77.87421,27.30128],[77.86464,27.29993],[77.86101,27.29646],[77.85912,27.29144],[77.85827,27.284],[77.86052,27.27827],[77.86581,27.27567],[77.87663,27.2732],[77.87711,27.26843],[77.87528,27.26318],[77.8716,27.25804],[77.86376,27.2543],[77.85596,27.25412],[77.85146,27.25748],[77.84822,27.26233],[77.84517,27.26947],[77.84712,27.29199],[77.84382,27.2943],[77.83923,27.29604],[77.83975,27.29517],[77.83875,27.29388],[77.8297,27.28769],[77.81408,27.28033],[77.81104,27.27765],[77.80619,27.26691],[77.80187,27.26507],[77.79704,27.26549],[77.79542,27.26484],[77.79397,27.26303],[77.78458,27.26145],[77.78217,27.25565],[77.78427,27.24821],[77.77986,27.24136],[77.77508,27.23957],[77.77213,27.23923],[77.76417,27.24255],[77.75911,27.24688],[77.7542,27.24894],[77.73586,27.24724],[77.72948,27.24754],[77.7121,27.25415],[77.70837,27.25375],[77.70621,27.25184],[77.70307,27.25185],[77.69763,27.25374],[77.69391,27.25593],[77.69306,27.25755],[77.68442,27.25245],[77.67854,27.24643],[77.67319,27.24365],[77.66727,27.24458],[77.65379,27.24456],[77.64664,27.24659],[77.63914,27.24713],[77.63891,27.24714],[77.63424,27.25368],[77.62958,27.25549],[77.62582,27.26234],[77.6233,27.26382],[77.61285,27.2603],[77.609,27.26508],[77.60661,27.27271],[77.61125,27.27434],[77.61414,27.27916],[77.60935,27.28167],[77.60909,27.28799],[77.60307,27.29488],[77.59833,27.29635],[77.59167,27.30056],[77.59173,27.30273],[77.59702,27.3047],[77.60008,27.3047],[77.6033,27.30992],[77.60888,27.31193],[77.6135,27.31476],[77.61553,27.32541],[77.61559,27.33454],[77.61634,27.33831],[77.61411,27.34339],[77.61037,27.34439],[77.60754,27.34216],[77.60481,27.33795],[77.59297,27.33796],[77.58662,27.33527],[77.5823,27.33163],[77.58044,27.32845],[77.57455,27.32673],[77.57274,27.33009],[77.56777,27.33323],[77.56672,27.33361],[77.56174,27.33544],[77.54275,27.34243],[77.54041,27.34759],[77.53909,27.35307],[77.53539,27.35294],[77.53075,27.35277],[77.522,27.35764],[77.51568,27.36273],[77.50936,27.36782],[77.50803,27.37278],[77.50385,27.37406],[77.5022,27.37736],[77.49725,27.38136],[77.48696,27.38563],[77.47587,27.38773],[77.46661,27.38429],[77.46159,27.38759],[77.44326,27.39333],[77.43578,27.39679],[77.43189,27.39916],[77.42956,27.40438],[77.42999,27.40503],[77.42677,27.41661],[77.42509,27.41887],[77.41518,27.42537],[77.41703,27.43824],[77.41828,27.44217],[77.42073,27.44729],[77.42295,27.44943],[77.42728,27.45101],[77.42879,27.45546],[77.4296,27.46205],[77.42544,27.46481],[77.41545,27.46614],[77.41137,27.47269],[77.40739,27.47637],[77.39642,27.47781],[77.39359,27.48194],[77.39235,27.4861],[77.39156,27.49356],[77.39203,27.50204],[77.38956,27.50542],[77.38326,27.51149],[77.38242,27.51655],[77.37619,27.5186],[77.36123,27.51851],[77.35817,27.51948],[77.35223,27.51998],[77.34026,27.52477],[77.33514,27.53002],[77.33253,27.53855],[77.33546,27.5417],[77.34016,27.54674],[77.33844,27.54964],[77.33357,27.55459],[77.33067,27.56375],[77.33121,27.56863],[77.3304,27.57111],[77.33109,27.57344],[77.33306,27.57604],[77.33839,27.5766],[77.34349,27.5855],[77.3484,27.59012],[77.35011,27.5934],[77.33517,27.60153],[77.32812,27.59604],[77.32578,27.59688],[77.31121,27.61169],[77.31322,27.61732],[77.33234,27.63777],[77.34232,27.65303],[77.34277,27.6572],[77.33935,27.66242],[77.33717,27.66967],[77.33746,27.67581],[77.33501,27.68142],[77.33679,27.68546],[77.33655,27.69618],[77.33444,27.69949],[77.33394,27.70792],[77.33054,27.71114],[77.32448,27.71319],[77.32034,27.71268],[77.31725,27.71124],[77.30846,27.71391],[77.30235,27.71321],[77.29761,27.71868],[77.29634,27.72983],[77.31068,27.73687],[77.31233,27.73868],[77.3121,27.74017],[77.30967,27.74279],[77.306,27.7447],[77.30534,27.74923],[77.30135,27.75646],[77.3017,27.76006],[77.3028,27.76119],[77.30296,27.76465],[77.30153,27.76896],[77.30147,27.77171],[77.30369,27.77598],[77.30415,27.78801],[77.30111,27.79368],[77.29794,27.79786],[77.29539,27.79984],[77.29064,27.8017],[77.27933,27.8028],[77.27578,27.80655],[77.27708,27.80674],[77.27934,27.81198],[77.28348,27.81592],[77.2897,27.81783],[77.29063,27.81971],[77.28889,27.82914],[77.29916,27.83138],[77.30482,27.83123],[77.30632,27.832],[77.31293,27.83005],[77.31719,27.83324],[77.32211,27.83472],[77.32733,27.83772],[77.32407,27.84087],[77.32925,27.85199],[77.33121,27.85268],[77.33266,27.85489],[77.33933,27.85959],[77.34406,27.85899],[77.35265,27.85644],[77.36483,27.86059],[77.37001,27.86313],[77.37389,27.8637],[77.38208,27.86309],[77.39282,27.85895],[77.40378,27.85824],[77.41239,27.85907],[77.41442,27.86069],[77.4137,27.8626],[77.4063,27.86967],[77.40513,27.87175],[77.40453,27.87583],[77.40155,27.8819],[77.40409,27.88661],[77.4071,27.88913],[77.41104,27.89502],[77.41229,27.89616],[77.41423,27.89652],[77.4222,27.89448],[77.43034,27.88884],[77.4422,27.87848],[77.44585,27.87841],[77.45849,27.8853],[77.46982,27.89473],[77.47249,27.9012],[77.47462,27.91206],[77.47245,27.9192],[77.47086,27.92061],[77.4706,27.92789],[77.46845,27.93188],[77.46873,27.93291],[77.47766,27.94021],[77.48475,27.94391],[77.48796,27.94145],[77.4906,27.93395],[77.49226,27.93181],[77.49538,27.93077],[77.49778,27.93141],[77.50586,27.93614],[77.51117,27.93742],[77.51376,27.93634],[77.51921,27.93188],[77.52365,27.92647],[77.52625,27.92505],[77.53647,27.92267],[77.54114,27.92007],[77.54753,27.91806],[77.5507,27.91766],[77.55508,27.91827],[77.559,27.92054],[77.56081,27.92343],[77.56035,27.93038],[77.562,27.93229],[77.56557,27.934],[77.57339,27.9338],[77.5764,27.93535],[77.57874,27.93891],[77.58044,27.94014],[77.58547,27.94108],[77.5953,27.94089],[77.59927,27.94288],[77.60736,27.93854],[77.61323,27.93872],[77.61688,27.94155],[77.62056,27.94923],[77.62917,27.96093],[77.63168,27.96617],[77.63493,27.97051],[77.64655,27.96971],[77.65155,27.96721],[77.65407,27.96481],[77.65895,27.95582],[77.664,27.95041],[77.66931,27.94737]]]]}},{"type":"Feature","properties":{"ID_0":105,"ISO":"IND","NAME_0":"India","ID_1":33,"NAME_1":"Uttar Pradesh","ID_2":543,"NAME_2":"Mau","NL_NAME_2":null,"VARNAME_2":null,"TYPE_2":"District","ENGTYPE_2":"District","STATE":"Uttar Pradesh","DISTRICT":"Mau"},"geometry":{"type":"Polygon","coordinates":[[[83.56284,26.2548],[83.56991,26.25167],[83.57358,26.25427],[83.58273,26.25144],[83.59407,26.2523],[83.59736,26.24829],[83.60909,26.24816],[83.60281,26.24136],[83.6002,26.23502],[83.60953,26.22892],[83.6198,26.2205],[83.62566,26.2257],[83.63263,26.22584],[83.64993,26.22866],[83.65707,26.23846],[83.66155,26.24084],[83.67696,26.24342],[83.68467,26.24592],[83.69377,26.25159],[83.70007,26.25678],[83.70647,26.26014],[83.72225,26.2626],[83.73275,26.26505],[83.73765,26.26461],[83.74191,26.26261],[83.74156,26.25962],[83.74755,26.25573],[83.74928,26.25235],[83.7597,26.24278],[83.77233,26.23384],[83.78139,26.23215],[83.78613,26.22148],[83.79021,26.21717],[83.7924,26.21194],[83.79212,26.19855],[83.80219,26.19323],[83.80375,26.18776],[83.80328,26.18385],[83.80132,26.18126],[83.79591,26.17758],[83.77557,26.16694],[83.77236,26.16302],[83.77362,26.16038],[83.78086,26.15391],[83.79442,26.146],[83.79877,26.14176],[83.79913,26.1374],[83.79713,26.13342],[83.79404,26.13083],[83.79058,26.11834],[83.78668,26.11212],[83.78653,26.11028],[83.78152,26.10826],[83.75892,26.10222],[83.75562,26.10279],[83.75889,26.0964],[83.75515,26.09674],[83.74981,26.09879],[83.74606,26.09919],[83.74506,26.09752],[83.74858,26.09195],[83.74822,26.08896],[83.74379,26.08895],[83.73815,26.09134],[83.7356,26.09122],[83.73252,26.08754],[83.72863,26.08568],[83.72438,26.08705],[83.72385,26.0909],[83.72176,26.0924],[83.71764,26.09094],[83.71219,26.09167],[83.70982,26.09551],[83.70568,26.09763],[83.70146,26.09611],[83.6965,26.09271],[83.69204,26.08844],[83.68488,26.07863],[83.67373,26.07791],[83.67344,26.07347],[83.67953,26.0647],[83.68092,26.06028],[83.67437,26.05674],[83.67188,26.04832],[83.67101,26.03135],[83.66856,26.02599],[83.6805,26.01202],[83.68458,26.00916],[83.68713,26.00825],[83.69137,26.00925],[83.69537,26.00719],[83.69717,26.00789],[83.69854,26.01204],[83.70004,26.01359],[83.70371,26.01355],[83.71684,26.00894],[83.71973,26.00946],[83.72372,26.00873],[83.72912,26.00953],[83.7319,26.00903],[83.73508,26.0068],[83.74229,26.00506],[83.74603,26.00308],[83.74677,26.00194],[83.75174,26.00017],[83.75688,26.00149],[83.75878,26.00306],[83.76118,26.00374],[83.76372,26.00425],[83.76562,26.00399],[83.76774,26.00303],[83.76954,25.99673],[83.77125,25.99529],[83.77032,25.9889],[83.7693,25.98671],[83.76633,25.98515],[83.76588,25.98337],[83.76672,25.98107],[83.76875,25.98022],[83.77183,25.98229],[83.77594,25.98615],[83.77612,25.98833],[83.77847,25.98909],[83.78283,25.98771],[83.78497,25.9918],[83.78676,25.99158],[83.78877,25.98892],[83.78897,25.98622],[83.78626,25.98478],[83.78561,25.98213],[83.78191,25.97584],[83.77493,25.95053],[83.77872,25.94701],[83.77653,25.93713],[83.77787,25.93529],[83.77995,25.9346],[83.78667,25.93415],[83.78961,25.93323],[83.79018,25.93006],[83.78977,25.925],[83.7868,25.92345],[83.78439,25.92016],[83.77998,25.91659],[83.77684,25.91043],[83.77438,25.90767],[83.77122,25.90771],[83.76129,25.90448],[83.75908,25.90178],[83.75459,25.90004],[83.74773,25.89106],[83.74229,25.88812],[83.73883,25.88459],[83.73801,25.87982],[83.73829,25.87176],[83.73703,25.86945],[83.7304,25.86334],[83.7239,25.85862],[83.7224,25.85957],[83.7191,25.85883],[83.71419,25.85644],[83.71184,25.85661],[83.71179,25.85971],[83.71297,25.86181],[83.7186,25.86465],[83.71908,25.86694],[83.7176,25.86886],[83.71159,25.86833],[83.69508,25.86483],[83.6946,25.86801],[83.6913,25.86835],[83.69144,25.8707],[83.68671,25.87131],[83.6791,25.87046],[83.67757,25.87561],[83.67094,25.87566],[83.66737,25.8774],[83.6635,25.88086],[83.65959,25.88684],[83.651,25.89356],[83.63958,25.89665],[83.63891,25.89614],[83.63502,25.89315],[83.62825,25.89297],[83.62593,25.8872],[83.62508,25.88227],[83.62551,25.86864],[83.61819,25.87624],[83.61082,25.87435],[83.60644,25.88213],[83.60165,25.88365],[83.59703,25.88224],[83.58792,25.88504],[83.58839,25.88072],[83.57874,25.88163],[83.57589,25.87765],[83.56885,25.87904],[83.56382,25.87464],[83.55157,25.8718],[83.54683,25.86774],[83.5439,25.86618],[83.53864,25.8658],[83.51347,25.86685],[83.4994,25.86605],[83.49351,25.86345],[83.49053,25.85925],[83.48589,25.85864],[83.48047,25.8566],[83.47818,25.8453],[83.476,25.84258],[83.47171,25.83994],[83.45646,25.84904],[83.45451,25.85207],[83.45116,25.85206],[83.4493,25.8476],[83.44072,25.84142],[83.43043,25.84222],[83.42882,25.83995],[83.42499,25.84064],[83.42046,25.8483],[83.41384,25.84552],[83.39925,25.8426],[83.3995,25.8384],[83.3932,25.83942],[83.39082,25.83284],[83.3952,25.83162],[83.39358,25.82429],[83.38719,25.82497],[83.38355,25.81887],[83.37853,25.8209],[83.37261,25.81823],[83.37741,25.81483],[83.37409,25.80632],[83.37041,25.80102],[83.36675,25.80034],[83.36214,25.80041],[83.35745,25.80369],[83.35505,25.81075],[83.34451,25.81718],[83.33735,25.81676],[83.33694,25.82229],[83.34093,25.8224],[83.3436,25.82403],[83.34663,25.82307],[83.34714,25.82759],[83.34414,25.82966],[83.33854,25.82991],[83.3322,25.83196],[83.32903,25.83799],[83.3266,25.84073],[83.32063,25.84226],[83.30878,25.84129],[83.30944,25.84467],[83.31391,25.84714],[83.31576,25.84998],[83.31174,25.85021],[83.31022,25.85398],[83.30653,25.85633],[83.29858,25.85656],[83.29911,25.86167],[83.2897,25.86204],[83.28468,25.86309],[83.28234,25.86624],[83.27489,25.87089],[83.27088,25.8694],[83.26883,25.86724],[83.26575,25.86786],[83.26277,25.87452],[83.26045,25.87598],[83.25751,25.87477],[83.259,25.86864],[83.25523,25.86278],[83.25028,25.86078],[83.24444,25.85967],[83.24306,25.8559],[83.23347,25.85689],[83.22561,25.85897],[83.22403,25.86261],[83.22368,25.86854],[83.21898,25.87022],[83.21783,25.87661],[83.2151,25.87906],[83.21251,25.87996],[83.20876,25.87807],[83.20474,25.87967],[83.20341,25.87693],[83.19865,25.87832],[83.19405,25.87615],[83.19065,25.87573],[83.18574,25.88127],[83.18102,25.88927],[83.17981,25.89337],[83.17733,25.8961],[83.17488,25.89671],[83.1741,25.89937],[83.17035,25.89793],[83.16949,25.90731],[83.17899,25.91229],[83.17836,25.91725],[83.175,25.91879],[83.17247,25.92336],[83.17088,25.93023],[83.17471,25.93327],[83.18616,25.93759],[83.19569,25.94298],[83.20265,25.94564],[83.20585,25.95116],[83.20347,25.9566],[83.20334,25.96845],[83.20001,25.97258],[83.20249,25.97766],[83.19966,25.98293],[83.19975,25.98724],[83.20612,25.99451],[83.2069,26.00344],[83.20595,26.00439],[83.19193,26.00932],[83.19603,26.01648],[83.19729,26.02115],[83.19486,26.02597],[83.19788,26.03025],[83.20131,26.03943],[83.2025,26.05428],[83.19978,26.05536],[83.19759,26.05725],[83.20039,26.05847],[83.2058,26.06322],[83.2139,26.06333],[83.21781,26.06462],[83.22114,26.06781],[83.22387,26.07276],[83.22407,26.07689],[83.22554,26.08058],[83.22836,26.08129],[83.23158,26.08465],[83.23378,26.09431],[83.23598,26.09581],[83.24129,26.08954],[83.24438,26.09002],[83.24792,26.09147],[83.25285,26.09823],[83.25063,26.10115],[83.24447,26.10299],[83.24067,26.10595],[83.2329,26.11628],[83.24256,26.11313],[83.246,26.10965],[83.25024,26.10792],[83.25365,26.10741],[83.25598,26.10892],[83.25311,26.11798],[83.25267,26.12212],[83.25356,26.12625],[83.25512,26.12864],[83.26547,26.12837],[83.27309,26.12981],[83.2802,26.12871],[83.28508,26.1295],[83.29417,26.12599],[83.29069,26.12062],[83.28979,26.1167],[83.29572,26.11404],[83.30213,26.11322],[83.30439,26.11605],[83.30526,26.12059],[83.30709,26.12244],[83.30908,26.12108],[83.31283,26.11431],[83.31567,26.11601],[83.31921,26.11695],[83.31892,26.11465],[83.3166,26.11256],[83.31449,26.10916],[83.31698,26.10635],[83.33897,26.09292],[83.3456,26.09002],[83.34962,26.08333],[83.35305,26.08242],[83.35538,26.07945],[83.35862,26.07913],[83.36956,26.08108],[83.38024,26.09189],[83.38469,26.09156],[83.38628,26.09634],[83.39101,26.10048],[83.39749,26.09771],[83.39938,26.10081],[83.39895,26.10541],[83.4007,26.11266],[83.40477,26.11342],[83.41375,26.1125],[83.40762,26.11855],[83.40521,26.12372],[83.40621,26.12585],[83.40874,26.12546],[83.41149,26.12893],[83.41308,26.13372],[83.41287,26.14207],[83.40763,26.15723],[83.40703,26.16297],[83.40784,26.16476],[83.40086,26.17053],[83.40466,26.17647],[83.40866,26.17804],[83.40965,26.18415],[83.41133,26.18743],[83.42077,26.19415],[83.42183,26.20243],[83.42484,26.20986],[83.43055,26.21737],[83.44297,26.23019],[83.44525,26.23612],[83.45728,26.25637],[83.46207,26.2611],[83.47011,26.26275],[83.48411,26.26339],[83.48919,26.26504],[83.49888,26.28004],[83.50027,26.28114],[83.52523,26.27993],[83.54871,26.26463],[83.55589,26.25909],[83.56284,26.2548]]]}},{"type":"Feature","properties":{"ID_0":105,"ISO":"IND","NAME_0":"India","ID_1":33,"NAME_1":"Uttar Pradesh","ID_2":544,"NAME_2":"Meerut","NL_NAME_2":null,"VARNAME_2":null,"TYPE_2":"District","ENGTYPE_2":"District","STATE":"Uttar Pradesh","DISTRICT":"Meerut"},"geometry":{"type":"Polygon","coordinates":[[[78.06097,29.26793],[78.07094,29.26676],[78.08189,29.26196],[78.09017,29.26103],[78.09383,29.25979],[78.09796,29.2571],[78.10306,29.26],[78.10809,29.26026],[78.12555,29.25918],[78.12075,29.24772],[78.11996,29.2439],[78.11806,29.24147],[78.11864,29.23574],[78.11601,29.22906],[78.11666,29.22732],[78.11446,29.22338],[78.11581,29.21806],[78.11552,29.21116],[78.12874,29.1972],[78.13076,29.19106],[78.13116,29.1858],[78.12974,29.18107],[78.12643,29.17612],[78.12443,29.17108],[78.12165,29.16877],[78.11368,29.16764],[78.1078,29.16524],[78.10034,29.15387],[78.09787,29.14595],[78.09908,29.12701],[78.1001,29.1237],[78.10638,29.11672],[78.10664,29.11269],[78.10472,29.103],[78.09458,29.08926],[78.08127,29.08413],[78.07938,29.07838],[78.07592,29.07656],[78.07457,29.07506],[78.07341,29.07387],[78.07436,29.06972],[78.07668,29.06483],[78.08736,29.05788],[78.08714,29.05559],[78.08452,29.05149],[78.08452,29.04722],[78.08681,29.04646],[78.08704,29.04345],[78.08632,29.0404],[78.08999,29.03153],[78.08385,29.00603],[78.08582,28.9897],[78.08252,28.9825],[78.073,28.97533],[78.0671,28.97218],[78.05446,28.96138],[78.04901,28.95024],[78.04762,28.9429],[78.05994,28.92055],[78.05122,28.90599],[78.05065,28.90241],[78.05263,28.89844],[78.06291,28.8911],[78.07172,28.88648],[78.07986,28.88405],[78.08798,28.88429],[78.09321,28.88362],[78.09795,28.87876],[78.10214,28.87145],[78.10498,28.86217],[78.0974,28.86251],[78.08804,28.86218],[78.08156,28.86114],[78.07823,28.85699],[78.0673,28.85751],[78.05724,28.85995],[78.04717,28.85971],[78.03195,28.86687],[78.0237,28.86899],[78.01773,28.86605],[78.0109,28.86749],[78.00629,28.86489],[78.00116,28.86605],[77.99296,28.86065],[77.99442,28.85584],[77.98907,28.85516],[77.98437,28.85697],[77.97688,28.863],[77.97413,28.8617],[77.96619,28.86203],[77.96238,28.85813],[77.95796,28.84916],[77.95097,28.8475],[77.94701,28.85099],[77.94041,28.85207],[77.93545,28.85069],[77.92464,28.84226],[77.91869,28.84501],[77.91862,28.84852],[77.92123,28.84962],[77.92052,28.85178],[77.91812,28.85302],[77.91904,28.85526],[77.91627,28.86056],[77.91196,28.8624],[77.90001,28.86589],[77.88629,28.87197],[77.88004,28.87011],[77.87734,28.86672],[77.87834,28.86211],[77.87292,28.86242],[77.86799,28.86725],[77.86199,28.86938],[77.85768,28.86773],[77.85382,28.86351],[77.85135,28.85905],[77.85326,28.85333],[77.85313,28.84604],[77.85063,28.84272],[77.8504,28.83963],[77.85587,28.83618],[77.86047,28.83442],[77.8573,28.82814],[77.8593,28.82238],[77.85853,28.81452],[77.86078,28.80556],[77.85737,28.80031],[77.84347,28.80714],[77.83542,28.80821],[77.83267,28.80451],[77.81807,28.803],[77.81348,28.79951],[77.80131,28.7986],[77.79901,28.79141],[77.7932,28.78984],[77.7867,28.79266],[77.78185,28.79164],[77.7784,28.78886],[77.77305,28.78202],[77.77395,28.77938],[77.77675,28.77566],[77.77718,28.77307],[77.77514,28.77025],[77.77162,28.76704],[77.7678,28.765],[77.7575,28.76225],[77.75527,28.75926],[77.75115,28.75379],[77.74625,28.75375],[77.74122,28.75523],[77.73622,28.75381],[77.7269,28.7476],[77.72192,28.74212],[77.71771,28.74196],[77.70342,28.74598],[77.69818,28.74472],[77.69298,28.74456],[77.68902,28.74668],[77.68709,28.74902],[77.68468,28.75743],[77.68031,28.76355],[77.67918,28.7684],[77.68154,28.77048],[77.68275,28.77676],[77.68495,28.78093],[77.69128,28.78093],[77.69941,28.78822],[77.70659,28.79317],[77.70699,28.79626],[77.70604,28.79768],[77.70731,28.80553],[77.7075,28.81465],[77.70534,28.81912],[77.69227,28.82925],[77.69603,28.83772],[77.69696,28.84243],[77.69382,28.85137],[77.69637,28.8539],[77.69332,28.85977],[77.68944,28.86357],[77.6869,28.86903],[77.68586,28.87417],[77.68244,28.88061],[77.67622,28.88275],[77.67026,28.88105],[77.66454,28.87675],[77.65427,28.87393],[77.6496,28.87424],[77.64834,28.87799],[77.64883,28.8813],[77.64465,28.8844],[77.61335,28.88443],[77.60808,28.88428],[77.58656,28.88021],[77.58344,28.88413],[77.58031,28.89664],[77.57618,28.89834],[77.57043,28.8937],[77.56015,28.89415],[77.55299,28.89761],[77.54764,28.90139],[77.54213,28.8996],[77.5383,28.89557],[77.52506,28.89371],[77.52008,28.89679],[77.50797,28.89987],[77.49772,28.90627],[77.4875,28.90139],[77.48186,28.90513],[77.46332,28.90929],[77.45862,28.90948],[77.45117,28.91106],[77.45274,28.91793],[77.45219,28.92204],[77.44921,28.93123],[77.45405,28.93352],[77.45898,28.95508],[77.46885,28.96616],[77.47057,28.97268],[77.46812,28.97803],[77.47244,28.99435],[77.46909,28.99637],[77.46337,29.00626],[77.46268,29.0086],[77.45347,29.02256],[77.4538,29.02498],[77.45421,29.03113],[77.44343,29.03509],[77.4438,29.04189],[77.44733,29.0556],[77.44508,29.06797],[77.44582,29.07057],[77.44153,29.07916],[77.4406,29.08658],[77.43967,29.09214],[77.43967,29.0977],[77.43967,29.10697],[77.43967,29.11902],[77.44338,29.13107],[77.45265,29.1459],[77.45821,29.16073],[77.47211,29.18669],[77.47809,29.2023],[77.48257,29.20429],[77.48613,29.2035],[77.49637,29.19556],[77.49998,29.19467],[77.50369,29.20302],[77.50739,29.20661],[77.51067,29.20792],[77.51464,29.20738],[77.52121,29.20785],[77.5218,29.21335],[77.52569,29.2179],[77.5321,29.21919],[77.53468,29.22139],[77.53693,29.22541],[77.53954,29.22803],[77.54597,29.22735],[77.5509,29.23201],[77.56035,29.23663],[77.56123,29.23911],[77.55918,29.24396],[77.56041,29.24602],[77.56592,29.2503],[77.56679,29.25394],[77.57793,29.2614],[77.57964,29.26694],[77.58391,29.26564],[77.58809,29.26136],[77.59442,29.25798],[77.60146,29.25748],[77.60726,29.25615],[77.61427,29.25273],[77.61653,29.2421],[77.61937,29.23627],[77.62271,29.23112],[77.62916,29.22835],[77.64037,29.22767],[77.64608,29.24871],[77.65384,29.2555],[77.65994,29.25541],[77.66862,29.25343],[77.67379,29.25133],[77.67305,29.24584],[77.68377,29.23937],[77.68436,29.23505],[77.68254,29.22894],[77.68977,29.22791],[77.69817,29.22567],[77.70177,29.22698],[77.70862,29.22767],[77.72504,29.2204],[77.72774,29.22081],[77.73276,29.21847],[77.73669,29.22042],[77.73921,29.21997],[77.75739,29.20878],[77.77305,29.20099],[77.77312,29.19827],[77.77068,29.19252],[77.77022,29.18856],[77.77083,29.18598],[77.77425,29.18604],[77.77943,29.18741],[77.78742,29.18632],[77.79263,29.18606],[77.80058,29.20105],[77.80502,29.2016],[77.81126,29.19997],[77.82289,29.20173],[77.83031,29.20193],[77.83366,29.20028],[77.83875,29.20338],[77.84113,29.20329],[77.84603,29.2094],[77.8468,29.21327],[77.84875,29.21493],[77.85182,29.22287],[77.8547,29.22672],[77.8574,29.22806],[77.86049,29.22723],[77.86514,29.2244],[77.87137,29.21946],[77.88052,29.2176],[77.89053,29.21144],[77.89265,29.21183],[77.89677,29.21567],[77.90029,29.21769],[77.90707,29.2152],[77.91177,29.21594],[77.91519,29.21428],[77.91796,29.21544],[77.91878,29.21695],[77.91998,29.22053],[77.92045,29.22567],[77.92323,29.23026],[77.92753,29.23353],[77.93274,29.23619],[77.93862,29.23704],[77.94365,29.23695],[77.95172,29.23359],[77.95364,29.23501],[77.95467,29.2376],[77.95967,29.23843],[77.96674,29.24335],[77.97304,29.24106],[77.97964,29.2399],[77.98386,29.24613],[77.98626,29.25302],[77.98747,29.25434],[77.98849,29.25473],[78.01101,29.25377],[78.01338,29.25572],[78.01613,29.25787],[78.02563,29.26753],[78.0575,29.26697],[78.06097,29.26793]]]}},{"type":"Feature","properties":{"ID_0":105,"ISO":"IND","NAME_0":"India","ID_1":33,"NAME_1":"Uttar Pradesh","ID_2":545,"NAME_2":"Mirzapur","NL_NAME_2":null,"VARNAME_2":null,"TYPE_2":"District","ENGTYPE_2":"District","STATE":"Uttar Pradesh","DISTRICT":"Mirzapur"},"geometry":{"type":"Polygon","coordinates":[[[82.27817,25.27755],[82.28043,25.27738],[82.28169,25.27743],[82.28611,25.27692],[82.28902,25.276],[82.29149,25.27462],[82.29287,25.2733],[82.29483,25.27187],[82.29652,25.26991],[82.29773,25.26876],[82.29925,25.26807],[82.29983,25.26773],[82.30039,25.26721],[82.30158,25.26554],[82.30341,25.26405],[82.30518,25.26204],[82.30602,25.26106],[82.30703,25.25938],[82.30761,25.25807],[82.30824,25.25611],[82.30944,25.25289],[82.31,25.25122],[82.31027,25.25001],[82.31083,25.24858],[82.31113,25.24736],[82.31158,25.2461],[82.31211,25.24519],[82.31342,25.24207],[82.3138,25.24081],[82.3145,25.23914],[82.31487,25.23741],[82.3152,25.23402],[82.31573,25.23011],[82.31592,25.22919],[82.31597,25.22833],[82.31647,25.22614],[82.31674,25.22448],[82.31877,25.22084],[82.31971,25.21952],[82.32034,25.21884],[82.32249,25.21677],[82.32444,25.21545],[82.32861,25.21383],[82.33107,25.21309],[82.33251,25.21256],[82.33725,25.21217],[82.33952,25.21211],[82.3409,25.21223],[82.34261,25.21252],[82.34538,25.2135],[82.3467,25.21407],[82.34853,25.21499],[82.35004,25.21534],[82.35224,25.21695],[82.35275,25.21775],[82.35489,25.22224],[82.35594,25.225],[82.35647,25.22712],[82.35714,25.2292],[82.35783,25.23191],[82.35803,25.23294],[82.35865,25.23398],[82.35954,25.23604],[82.36124,25.23967],[82.36256,25.24163],[82.36294,25.2426],[82.36544,25.24681],[82.36627,25.24812],[82.36752,25.24979],[82.36804,25.25077],[82.36859,25.25163],[82.37112,25.25456],[82.37212,25.25555],[82.37419,25.25859],[82.37576,25.26037],[82.37634,25.26089],[82.37843,25.26221],[82.37917,25.26252],[82.38025,25.26279],[82.38214,25.26412],[82.38307,25.26412],[82.38466,25.26441],[82.38592,25.26429],[82.38653,25.26434],[82.38768,25.26423],[82.39172,25.26296],[82.39305,25.26244],[82.39425,25.26158],[82.39569,25.26066],[82.39615,25.26026],[82.39836,25.259],[82.40007,25.25726],[82.40125,25.25641],[82.40454,25.25474],[82.40587,25.25416],[82.40846,25.25266],[82.41413,25.24898],[82.41861,25.24651],[82.41993,25.2457],[82.42081,25.24455],[82.42429,25.24294],[82.42643,25.24172],[82.42826,25.24018],[82.43159,25.23885],[82.43589,25.2366],[82.43855,25.23534],[82.4398,25.23453],[82.4409,25.2332],[82.44131,25.23217],[82.44128,25.23166],[82.44152,25.23085],[82.44176,25.22935],[82.44183,25.22763],[82.44178,25.22508],[82.44189,25.22458],[82.44241,25.22337],[82.44411,25.22366],[82.44745,25.22441],[82.44814,25.22441],[82.45036,25.22457],[82.4516,25.22486],[82.453,25.22531],[82.45747,25.22554],[82.45805,25.22568],[82.45866,25.22612],[82.46011,25.22986],[82.4608,25.23118],[82.46139,25.23302],[82.4627,25.23624],[82.46397,25.23975],[82.46458,25.24113],[82.46523,25.24325],[82.46699,25.24798],[82.46779,25.24964],[82.46844,25.24912],[82.47046,25.24797],[82.47145,25.24757],[82.47481,25.24676],[82.47781,25.24618],[82.47947,25.24618],[82.48141,25.24589],[82.48237,25.24566],[82.48426,25.24543],[82.48582,25.24537],[82.48742,25.24514],[82.48912,25.2452],[82.49088,25.24485],[82.49353,25.24502],[82.49504,25.24514],[82.49831,25.24501],[82.49921,25.24507],[82.50324,25.24565],[82.50491,25.24571],[82.506,25.24564],[82.50697,25.24541],[82.50861,25.24519],[82.51259,25.2442],[82.5151,25.24368],[82.51718,25.24351],[82.51832,25.24322],[82.52128,25.24269],[82.52311,25.24217],[82.53068,25.24148],[82.5317,25.24153],[82.53265,25.24188],[82.53421,25.24273],[82.53515,25.24337],[82.53596,25.24366],[82.5378,25.24377],[82.53851,25.24371],[82.54089,25.24313],[82.54278,25.24278],[82.54575,25.24232],[82.5472,25.24191],[82.54865,25.24185],[82.55054,25.24208],[82.55162,25.24254],[82.55325,25.24449],[82.55476,25.24588],[82.55634,25.24702],[82.5573,25.248],[82.55824,25.24838],[82.56,25.2488],[82.56095,25.24846],[82.56392,25.24615],[82.56574,25.245],[82.56637,25.245],[82.5668,25.24655],[82.56689,25.24862],[82.567,25.24977],[82.56788,25.25167],[82.56832,25.2523],[82.56978,25.25327],[82.57175,25.25361],[82.57484,25.25389],[82.57792,25.25389],[82.58014,25.25378],[82.58195,25.25343],[82.58334,25.25326],[82.58662,25.25256],[82.58794,25.25216],[82.59015,25.25134],[82.59342,25.25065],[82.59734,25.25001],[82.60219,25.24827],[82.60604,25.24781],[82.60674,25.2473],[82.60761,25.24503],[82.60585,25.23631],[82.60597,25.23429],[82.6066,25.23194],[82.60767,25.23009],[82.60957,25.22853],[82.61165,25.22744],[82.61415,25.22588],[82.61883,25.22335],[82.62092,25.22241],[82.62356,25.22143],[82.62537,25.22108],[82.62803,25.22102],[82.62879,25.22107],[82.62898,25.22258],[82.62885,25.2235],[82.62898,25.22453],[82.62904,25.22654],[82.62947,25.22717],[82.62999,25.22947],[82.63082,25.23494],[82.63119,25.23655],[82.63132,25.23943],[82.63171,25.24097],[82.63201,25.24316],[82.6319,25.24599],[82.6321,25.2473],[82.63217,25.24863],[82.63259,25.25052],[82.63279,25.25196],[82.63367,25.25582],[82.63425,25.25725],[82.63621,25.26058],[82.6384,25.26139],[82.63973,25.26155],[82.64037,25.2615],[82.64124,25.26235],[82.64263,25.26259],[82.64572,25.26349],[82.64642,25.26361],[82.64857,25.26339],[82.65077,25.2624],[82.65234,25.26147],[82.6538,25.26043],[82.65637,25.2579],[82.65714,25.25686],[82.65846,25.25473],[82.65922,25.25393],[82.66034,25.25231],[82.66128,25.25133],[82.66224,25.25087],[82.66357,25.25087],[82.6647,25.25109],[82.66692,25.25178],[82.66792,25.25235],[82.66874,25.25316],[82.66975,25.25459],[82.67001,25.2554],[82.67045,25.25615],[82.67176,25.25936],[82.6729,25.26172],[82.67386,25.26327],[82.67519,25.26441],[82.67594,25.26476],[82.67777,25.26527],[82.68081,25.26579],[82.68201,25.26607],[82.68396,25.26583],[82.68491,25.26607],[82.68678,25.26612],[82.68855,25.26594],[82.69002,25.26588],[82.69191,25.26594],[82.69399,25.2657],[82.69595,25.26575],[82.6977,25.26563],[82.70123,25.26522],[82.70224,25.26527],[82.7049,25.26441],[82.70552,25.26406],[82.70565,25.26072],[82.70558,25.26015],[82.70576,25.25813],[82.70589,25.25715],[82.70658,25.25555],[82.71088,25.25548],[82.71535,25.25587],[82.71701,25.25615],[82.71826,25.25627],[82.72407,25.25659],[82.72562,25.25688],[82.72678,25.25687],[82.7284,25.2567],[82.72903,25.25417],[82.72998,25.25192],[82.73061,25.25031],[82.73117,25.24956],[82.7318,25.248],[82.73419,25.24599],[82.73697,25.2443],[82.73861,25.24372],[82.74024,25.24333],[82.74187,25.24332],[82.74433,25.2432],[82.74547,25.24348],[82.74738,25.24434],[82.7487,25.24532],[82.74921,25.24623],[82.7494,25.24715],[82.75047,25.2502],[82.7506,25.25071],[82.75041,25.25152],[82.75073,25.25307],[82.75093,25.25353],[82.75137,25.25589],[82.7515,25.25704],[82.75226,25.26026],[82.75252,25.26343],[82.75245,25.26441],[82.7522,25.26602],[82.75285,25.26861],[82.75323,25.26953],[82.75391,25.27039],[82.7553,25.27049],[82.75668,25.27044],[82.76128,25.2692],[82.76224,25.26904],[82.76274,25.26898],[82.76464,25.26897],[82.76585,25.26931],[82.76647,25.26971],[82.76856,25.27092],[82.76888,25.27207],[82.769,25.27287],[82.76938,25.27368],[82.76982,25.27408],[82.77147,25.2739],[82.77283,25.27257],[82.77341,25.27079],[82.77328,25.26946],[82.77309,25.26884],[82.77295,25.26785],[82.77069,25.26677],[82.7669,25.26569],[82.76488,25.26494],[82.76287,25.26489],[82.76286,25.26276],[82.76355,25.26161],[82.764,25.2611],[82.76437,25.25999],[82.76501,25.26052],[82.76626,25.25798],[82.76683,25.25711],[82.76833,25.25566],[82.76878,25.25486],[82.7701,25.25314],[82.77136,25.25124],[82.77155,25.25026],[82.77129,25.24922],[82.77045,25.24779],[82.76978,25.24692],[82.76913,25.24572],[82.76855,25.24468],[82.76762,25.2425],[82.76748,25.24049],[82.7678,25.23911],[82.76811,25.23825],[82.76955,25.23634],[82.76994,25.23565],[82.77087,25.2345],[82.77152,25.23392],[82.77219,25.23294],[82.77327,25.23219],[82.77434,25.23195],[82.77666,25.23161],[82.77888,25.23183],[82.78071,25.232],[82.78178,25.23245],[82.78261,25.23308],[82.78305,25.23378],[82.78279,25.23504],[82.78228,25.2359],[82.78066,25.23775],[82.77933,25.23953],[82.7784,25.24053],[82.77758,25.24201],[82.77796,25.24477],[82.77728,25.24799],[82.77702,25.25036],[82.77747,25.25099],[82.78165,25.25322],[82.78448,25.25453],[82.78694,25.25516],[82.78872,25.25584],[82.78939,25.25624],[82.79352,25.25733],[82.7959,25.25835],[82.80108,25.25891],[82.80259,25.25892],[82.80455,25.2593],[82.80657,25.25959],[82.80859,25.25975],[82.80984,25.25952],[82.81156,25.25882],[82.81306,25.25784],[82.81336,25.25635],[82.8135,25.25513],[82.81274,25.25416],[82.81159,25.25324],[82.81008,25.2521],[82.80919,25.25129],[82.80807,25.2498],[82.80768,25.24842],[82.80622,25.24723],[82.8054,25.24699],[82.80433,25.24694],[82.80402,25.24625],[82.80356,25.2436],[82.80344,25.24101],[82.80399,25.23894],[82.80431,25.23728],[82.80538,25.23693],[82.80603,25.23641],[82.80814,25.23525],[82.80846,25.2345],[82.80859,25.23277],[82.80821,25.23174],[82.80752,25.23047],[82.80686,25.23014],[82.80636,25.2295],[82.80588,25.22921],[82.80511,25.22893],[82.80383,25.22819],[82.8019,25.22762],[82.80125,25.22751],[82.7996,25.22699],[82.79898,25.22688],[82.79697,25.22659],[82.79665,25.22551],[82.7969,25.22446],[82.79773,25.22366],[82.7993,25.22245],[82.80048,25.22198],[82.80093,25.22095],[82.80175,25.21939],[82.802,25.2187],[82.80249,25.21663],[82.80268,25.21537],[82.80336,25.21415],[82.80569,25.21356],[82.80645,25.21363],[82.8074,25.21259],[82.80804,25.21109],[82.8086,25.21022],[82.80827,25.20884],[82.80726,25.20856],[82.80511,25.20857],[82.79762,25.20957],[82.79572,25.20998],[82.79339,25.21027],[82.79252,25.21045],[82.79119,25.21085],[82.78812,25.21144],[82.78703,25.21173],[82.78609,25.21183],[82.78401,25.21237],[82.77934,25.21089],[82.77808,25.21049],[82.77676,25.20934],[82.77587,25.20728],[82.77618,25.20641],[82.7766,25.20618],[82.77794,25.206],[82.77888,25.20497],[82.77957,25.20312],[82.7804,25.20053],[82.78065,25.19977],[82.78123,25.19792],[82.78154,25.19694],[82.78228,25.19596],[82.78278,25.1955],[82.78632,25.19358],[82.78845,25.1933],[82.7901,25.19305],[82.79167,25.19261],[82.79281,25.19265],[82.79427,25.19236],[82.79462,25.19098],[82.79382,25.18931],[82.79274,25.18771],[82.79198,25.18714],[82.79129,25.18639],[82.79041,25.18565],[82.78874,25.18427],[82.78718,25.18271],[82.78529,25.18157],[82.78629,25.18099],[82.78786,25.17978],[82.79027,25.17822],[82.79134,25.1773],[82.7934,25.17591],[82.79536,25.17476],[82.79693,25.17498],[82.79742,25.17545],[82.79865,25.17826],[82.79933,25.17935],[82.80023,25.18176],[82.80053,25.18316],[82.8008,25.1836],[82.80093,25.18504],[82.80094,25.18642],[82.80119,25.18919],[82.80101,25.18999],[82.8015,25.1908],[82.80277,25.19051],[82.80498,25.19032],[82.80656,25.18998],[82.80786,25.18981],[82.80982,25.18905],[82.81348,25.188],[82.81493,25.18806],[82.8157,25.18794],[82.8172,25.18766],[82.8175,25.18462],[82.81757,25.18328],[82.81776,25.18282],[82.81806,25.18144],[82.81901,25.17971],[82.82101,25.17838],[82.82354,25.17752],[82.82481,25.17723],[82.82619,25.17676],[82.82663,25.17641],[82.82745,25.17521],[82.82769,25.1736],[82.82826,25.17198],[82.82964,25.17026],[82.83096,25.16996],[82.83242,25.16979],[82.83745,25.16944],[82.83928,25.1692],[82.84289,25.1697],[82.84458,25.17004],[82.84628,25.17056],[82.84843,25.17148],[82.85026,25.17274],[82.8509,25.17331],[82.85304,25.17584],[82.85411,25.17745],[82.85476,25.17854],[82.85525,25.17974],[82.85641,25.18152],[82.85766,25.18314],[82.86,25.18699],[82.86051,25.18766],[82.86215,25.18922],[82.86347,25.19015],[82.86443,25.19065],[82.86519,25.19094],[82.86657,25.19082],[82.86751,25.19209],[82.8674,25.19318],[82.8661,25.19416],[82.86381,25.1944],[82.86243,25.19486],[82.86166,25.1952],[82.8616,25.19584],[82.86173,25.19646],[82.86148,25.19797],[82.86173,25.19883],[82.86192,25.19997],[82.86251,25.20107],[82.86314,25.20198],[82.86559,25.20353],[82.86704,25.20405],[82.86844,25.20416],[82.87058,25.20353],[82.87183,25.20347],[82.87399,25.20288],[82.87512,25.20196],[82.87626,25.20426],[82.87735,25.20557],[82.87772,25.20633],[82.87846,25.20742],[82.87988,25.20914],[82.88126,25.21029],[82.88258,25.21104],[82.88326,25.21125],[82.8858,25.21121],[82.88725,25.21096],[82.88813,25.21074],[82.88868,25.21125],[82.88895,25.21189],[82.8894,25.2124],[82.88991,25.21378],[82.89111,25.21637],[82.89204,25.21728],[82.89338,25.21803],[82.8942,25.21797],[82.8949,25.21688],[82.89552,25.21521],[82.8959,25.21452],[82.89704,25.21429],[82.89748,25.21452],[82.90157,25.21543],[82.90397,25.21565],[82.90636,25.21578],[82.90783,25.21571],[82.9104,25.21547],[82.9164,25.2141],[82.91891,25.21334],[82.92137,25.21243],[82.9235,25.21141],[82.92503,25.21052],[82.92761,25.21019],[82.93303,25.21059],[82.93669,25.21066],[82.93964,25.21055],[82.94248,25.21039],[82.94501,25.21005],[82.94929,25.21001],[82.95296,25.20978],[82.95547,25.20933],[82.96166,25.20874],[82.96609,25.20841],[82.96953,25.20786],[82.97302,25.20741],[82.97807,25.20637],[82.98217,25.20568],[82.98571,25.20542],[82.99158,25.20473],[82.99379,25.20504],[83.00113,25.20891],[83.00432,25.21151],[83.01281,25.221],[83.01725,25.22778],[83.02351,25.24415],[83.02572,25.24383],[83.02747,25.24403],[83.03235,25.24196],[83.04167,25.23534],[83.04643,25.23389],[83.05722,25.23248],[83.06214,25.23069],[83.06374,25.22837],[83.06847,25.21313],[83.07247,25.21233],[83.08164,25.21289],[83.08504,25.2121],[83.08478,25.20761],[83.08587,25.20524],[83.09113,25.20334],[83.09863,25.20214],[83.10999,25.20266],[83.11366,25.20216],[83.11953,25.18954],[83.13986,25.18766],[83.15421,25.18924],[83.15588,25.18847],[83.16092,25.18886],[83.16679,25.18653],[83.17305,25.18115],[83.17537,25.17744],[83.17301,25.17172],[83.17003,25.16963],[83.16416,25.16834],[83.16263,25.16238],[83.16327,25.14828],[83.16063,25.14328],[83.15926,25.13741],[83.15534,25.13626],[83.14797,25.13607],[83.14657,25.13165],[83.14385,25.13118],[83.13651,25.12935],[83.13502,25.12978],[83.13409,25.13342],[83.1325,25.1338],[83.12999,25.13272],[83.12864,25.1294],[83.12303,25.12815],[83.12124,25.12644],[83.12287,25.12313],[83.12502,25.12114],[83.12348,25.11937],[83.12293,25.11708],[83.12814,25.11471],[83.12893,25.10963],[83.12839,25.1075],[83.12664,25.10539],[83.11916,25.10508],[83.11554,25.10346],[83.11507,25.09621],[83.11688,25.09498],[83.12245,25.09381],[83.12069,25.07949],[83.12314,25.06284],[83.12143,25.06016],[83.11426,25.05814],[83.11106,25.05819],[83.10726,25.059],[83.10522,25.06098],[83.09515,25.06578],[83.08951,25.06678],[83.08027,25.06493],[83.07395,25.06509],[83.06467,25.06893],[83.06213,25.06931],[83.05924,25.06883],[83.05686,25.06733],[83.05095,25.06014],[83.05241,25.05848],[83.05725,25.05717],[83.05984,25.05274],[83.06036,25.04936],[83.05969,25.04647],[83.05422,25.04587],[83.05444,25.04481],[83.05525,25.04163],[83.05708,25.03876],[83.06223,25.03592],[83.06413,25.03356],[83.06446,25.0313],[83.06136,25.03112],[83.05997,25.03009],[83.06028,25.02667],[83.06106,25.02472],[83.06606,25.02169],[83.06785,25.01646],[83.06679,25.01086],[83.06536,25.0085],[83.06081,25.00492],[83.06099,25.00228],[83.06186,24.99696],[83.06461,24.99298],[83.06743,24.98664],[83.06854,24.98094],[83.06815,24.97868],[83.05309,24.96934],[83.05373,24.95516],[83.05911,24.93063],[83.06298,24.92552],[83.06749,24.9174],[83.07305,24.90156],[83.07276,24.89608],[83.07029,24.8882],[83.07314,24.87977],[83.07852,24.86865],[83.07694,24.86202],[83.08098,24.84966],[83.08723,24.83866],[83.09315,24.83783],[83.10017,24.84001],[83.11048,24.84191],[83.11538,24.83824],[83.12102,24.82727],[83.11795,24.82313],[83.10786,24.81934],[83.10527,24.81738],[83.09962,24.81837],[83.08692,24.81881],[83.08086,24.81745],[83.05289,24.80194],[83.04938,24.801],[83.04641,24.8114],[83.04626,24.81543],[83.03941,24.81667],[83.03793,24.81981],[83.02483,24.81242],[83.01623,24.81128],[83.00883,24.8166],[83.00687,24.82437],[83.01148,24.83142],[83.01918,24.83439],[83.02248,24.83883],[83.02078,24.84253],[83.0062,24.85119],[83.00443,24.87145],[83.00634,24.87784],[83.00517,24.88311],[83.00458,24.90219],[83.00243,24.90743],[82.99251,24.90605],[82.98633,24.89998],[82.97825,24.89599],[82.97861,24.88739],[82.97206,24.87547],[82.96249,24.86385],[82.95531,24.85863],[82.94904,24.85858],[82.9468,24.83957],[82.92896,24.84212],[82.92318,24.84519],[82.9224,24.85414],[82.91857,24.85847],[82.90896,24.8524],[82.91068,24.84172],[82.90599,24.83767],[82.89868,24.83648],[82.88637,24.8419],[82.87337,24.83822],[82.86752,24.83905],[82.85916,24.8434],[82.83144,24.84468],[82.82321,24.85024],[82.81712,24.85654],[82.80974,24.85462],[82.80035,24.85378],[82.79376,24.84494],[82.77396,24.83921],[82.75938,24.83039],[82.75249,24.82823],[82.74455,24.82296],[82.74052,24.82464],[82.73477,24.82201],[82.71732,24.82046],[82.70862,24.82285],[82.69897,24.82927],[82.69531,24.83017],[82.69346,24.82229],[82.69486,24.81481],[82.69391,24.81096],[82.68778,24.8089],[82.67435,24.7984],[82.66571,24.79578],[82.65764,24.78912],[82.65096,24.78683],[82.63831,24.78986],[82.62587,24.78884],[82.61913,24.79041],[82.62457,24.8022],[82.62651,24.81325],[82.62625,24.82361],[82.61674,24.82242],[82.61283,24.8142],[82.60557,24.81374],[82.59158,24.82649],[82.5835,24.82875],[82.57461,24.83257],[82.57262,24.82768],[82.56365,24.81722],[82.53926,24.81013],[82.53893,24.80334],[82.54122,24.79448],[82.54099,24.7821],[82.54635,24.77099],[82.5463,24.7593],[82.54794,24.74331],[82.53866,24.73826],[82.52947,24.73811],[82.53075,24.72941],[82.52985,24.72102],[82.53415,24.71503],[82.54266,24.71035],[82.54185,24.69677],[82.53398,24.69086],[82.521,24.68903],[82.51843,24.67834],[82.50906,24.67909],[82.5013,24.67841],[82.48676,24.6755],[82.47668,24.68358],[82.46403,24.68007],[82.44885,24.6779],[82.44481,24.68009],[82.44839,24.69062],[82.44485,24.69637],[82.43231,24.70628],[82.42015,24.70525],[82.40739,24.69514],[82.4016,24.6838],[82.4068,24.67442],[82.40547,24.66682],[82.41179,24.65785],[82.40897,24.64956],[82.40905,24.64306],[82.40353,24.63616],[82.40365,24.63098],[82.40789,24.62281],[82.40567,24.61751],[82.41457,24.60639],[82.40917,24.59783],[82.40082,24.5987],[82.39359,24.5975],[82.38564,24.59738],[82.36085,24.602],[82.35392,24.60447],[82.35052,24.60821],[82.34596,24.6188],[82.33506,24.62295],[82.32977,24.62375],[82.32373,24.62255],[82.31915,24.62025],[82.31531,24.61535],[82.3094,24.61294],[82.29834,24.61242],[82.29393,24.61374],[82.29303,24.6169],[82.29842,24.62801],[82.2958,24.63624],[82.29611,24.64332],[82.29469,24.65385],[82.29809,24.65655],[82.29189,24.66478],[82.29642,24.67001],[82.29108,24.67087],[82.28521,24.67001],[82.28174,24.67174],[82.27851,24.68088],[82.26949,24.68187],[82.26337,24.68641],[82.25835,24.68209],[82.26675,24.67841],[82.25305,24.66609],[82.24953,24.66833],[82.24798,24.67557],[82.23552,24.67639],[82.23421,24.67194],[82.2351,24.66591],[82.22993,24.66964],[82.22885,24.67459],[82.22869,24.69076],[82.234,24.69657],[82.24305,24.70176],[82.24046,24.71056],[82.24395,24.71638],[82.24101,24.7269],[82.24144,24.73846],[82.2459,24.74066],[82.24963,24.75637],[82.2466,24.75976],[82.24366,24.77575],[82.24031,24.77547],[82.24109,24.76827],[82.23837,24.75441],[82.23238,24.75815],[82.22774,24.76556],[82.22339,24.76418],[82.22092,24.76705],[82.21854,24.76498],[82.22157,24.75991],[82.22281,24.75174],[82.20918,24.75951],[82.19949,24.75207],[82.20222,24.74817],[82.2134,24.74421],[82.21605,24.73615],[82.21375,24.72866],[82.20841,24.73897],[82.20261,24.74079],[82.19513,24.73994],[82.18874,24.74378],[82.17288,24.73957],[82.1915,24.75316],[82.19567,24.76375],[82.19061,24.76956],[82.19129,24.77486],[82.18936,24.78228],[82.19404,24.78326],[82.2018,24.78068],[82.20947,24.78149],[82.20493,24.78551],[82.20546,24.79144],[82.20872,24.79777],[82.20136,24.80065],[82.19492,24.79695],[82.18855,24.79822],[82.1813,24.80085],[82.17901,24.80465],[82.1809,24.80822],[82.19127,24.81772],[82.19597,24.82453],[82.18792,24.82071],[82.18244,24.81679],[82.17374,24.81419],[82.17176,24.80884],[82.16281,24.80498],[82.17336,24.80096],[82.16324,24.79577],[82.15939,24.79226],[82.14658,24.79731],[82.13225,24.80448],[82.12892,24.79976],[82.12637,24.79395],[82.11219,24.79226],[82.10779,24.79368],[82.1077,24.80082],[82.10476,24.8056],[82.10001,24.80995],[82.09743,24.81478],[82.09348,24.82169],[82.08487,24.82998],[82.07601,24.83539],[82.09024,24.83849],[82.09035,24.84322],[82.09728,24.84449],[82.11184,24.84964],[82.1084,24.85683],[82.09913,24.85382],[82.09357,24.8559],[82.09538,24.86154],[82.09428,24.8639],[82.09517,24.86747],[82.10393,24.86679],[82.10447,24.87083],[82.10362,24.8782],[82.1104,24.87464],[82.11533,24.86946],[82.12278,24.87454],[82.12567,24.87761],[82.12689,24.88285],[82.13006,24.88642],[82.12672,24.8984],[82.12718,24.90479],[82.13628,24.90769],[82.13958,24.9039],[82.14199,24.89941],[82.14985,24.89569],[82.1522,24.89246],[82.15794,24.89218],[82.16074,24.89322],[82.17345,24.90528],[82.17299,24.91057],[82.18035,24.91693],[82.18491,24.91584],[82.1909,24.91838],[82.19559,24.93301],[82.20295,24.94106],[82.21749,24.93588],[82.22202,24.93834],[82.22363,24.9431],[82.22289,24.95102],[82.23348,24.96617],[82.24353,24.96839],[82.25624,24.96928],[82.25981,24.97203],[82.26258,24.97943],[82.2672,24.98607],[82.28092,25.0034],[82.281,25.00466],[82.2813,25.00667],[82.28187,25.00852],[82.28336,25.01019],[82.28665,25.01275],[82.2898,25.01589],[82.29461,25.02004],[82.29685,25.02221],[82.29838,25.02445],[82.29944,25.02723],[82.29948,25.03031],[82.29873,25.03415],[82.29832,25.03722],[82.29777,25.03925],[82.29493,25.04499],[82.29382,25.0465],[82.29256,25.04766],[82.29034,25.0502],[82.28876,25.05234],[82.28839,25.05333],[82.28827,25.05436],[82.28839,25.05494],[82.28877,25.0557],[82.28971,25.05656],[82.29103,25.05698],[82.29601,25.05733],[82.29715,25.05814],[82.29796,25.05918],[82.29846,25.06068],[82.2991,25.06177],[82.30086,25.06247],[82.30325,25.06282],[82.3054,25.06334],[82.30689,25.06409],[82.30783,25.06531],[82.31049,25.0694],[82.31351,25.07275],[82.31456,25.07419],[82.31728,25.07655],[82.31903,25.07845],[82.3196,25.07965],[82.31991,25.08185],[82.31966,25.08363],[82.31866,25.08645],[82.31815,25.08829],[82.31727,25.08962],[82.31554,25.09127],[82.31258,25.09399],[82.30956,25.09715],[82.30861,25.09957],[82.30482,25.10377],[82.30369,25.10486],[82.30129,25.10647],[82.29946,25.10797],[82.29789,25.10934],[82.29663,25.11089],[82.29599,25.11222],[82.29549,25.11452],[82.29673,25.12004],[82.29711,25.12199],[82.29729,25.12585],[82.29682,25.12867],[82.2964,25.13073],[82.29538,25.13177],[82.29393,25.13286],[82.29243,25.1338],[82.28959,25.13568],[82.28832,25.13757],[82.28839,25.13821],[82.28907,25.14023],[82.28912,25.14241],[82.28906,25.14552],[82.28999,25.14742],[82.29101,25.14851],[82.29264,25.15109],[82.29359,25.15385],[82.29384,25.15644],[82.29331,25.15932],[82.29237,25.15989],[82.29156,25.15926],[82.29062,25.15765],[82.28987,25.15673],[82.28841,25.15529],[82.28709,25.15375],[82.284,25.15277],[82.28266,25.1534],[82.28172,25.15461],[82.28065,25.15621],[82.27972,25.15713],[82.27869,25.15839],[82.27763,25.15949],[82.27587,25.16081],[82.27347,25.16184],[82.27189,25.16218],[82.27087,25.16218],[82.26747,25.16282],[82.26489,25.16311],[82.26304,25.16397],[82.26224,25.16449],[82.26179,25.16529],[82.26148,25.16627],[82.26122,25.16748],[82.26103,25.16908],[82.26109,25.17064],[82.26103,25.17208],[82.26044,25.17472],[82.26056,25.17731],[82.26045,25.17863],[82.261,25.18242],[82.261,25.18363],[82.26051,25.18504],[82.26235,25.18452],[82.26632,25.18597],[82.26933,25.18741],[82.2709,25.18827],[82.27304,25.18925],[82.27483,25.18993],[82.2769,25.19098],[82.27829,25.19207],[82.27909,25.19287],[82.28055,25.19436],[82.28129,25.19679],[82.28053,25.19989],[82.28014,25.20093],[82.27959,25.20225],[82.27889,25.20323],[82.27712,25.20449],[82.27612,25.20484],[82.27319,25.20557],[82.27188,25.20604],[82.27038,25.20638],[82.26657,25.20788],[82.26266,25.20932],[82.25755,25.21087],[82.25629,25.21104],[82.25465,25.21138],[82.25233,25.21195],[82.25037,25.21252],[82.24874,25.21328],[82.24438,25.21482],[82.24325,25.21528],[82.24034,25.21597],[82.23736,25.21707],[82.23579,25.21746],[82.23523,25.2178],[82.23409,25.21918],[82.23345,25.21982],[82.23306,25.22097],[82.23289,25.22229],[82.23236,25.2239],[82.23237,25.22505],[82.23255,25.22752],[82.23405,25.23425],[82.23431,25.23518],[82.23644,25.24013],[82.23662,25.24087],[82.23857,25.24335],[82.24107,25.24801],[82.2419,25.24985],[82.24239,25.25204],[82.24377,25.25503],[82.24541,25.2578],[82.24622,25.25935],[82.24961,25.2643],[82.25012,25.26527],[82.25164,25.26747],[82.2551,25.27098],[82.25748,25.27236],[82.26037,25.27391],[82.26119,25.27437],[82.26247,25.27488],[82.26365,25.27558],[82.26449,25.27593],[82.2682,25.27674],[82.26991,25.2768],[82.27085,25.27697],[82.27229,25.27737],[82.27639,25.27777],[82.27817,25.27755]]]}},{"type":"Feature","properties":{"ID_0":105,"ISO":"IND","NAME_0":"India","ID_1":33,"NAME_1":"Uttar Pradesh","ID_2":546,"NAME_2":"Moradabad","NL_NAME_2":null,"VARNAME_2":null,"TYPE_2":"District","ENGTYPE_2":"District","STATE":"Uttar Pradesh","DISTRICT":"Moradabad"},"geometry":{"type":"Polygon","coordinates":[[[78.75005,29.2848],[78.75302,29.28467],[78.75523,29.28626],[78.75864,29.28667],[78.78154,29.27123],[78.786,29.27302],[78.78737,29.26533],[78.78995,29.26299],[78.79287,29.26261],[78.79988,29.25785],[78.81378,29.25229],[78.81612,29.25383],[78.8229,29.25579],[78.82756,29.25793],[78.83125,29.26074],[78.83319,29.25942],[78.83405,29.25619],[78.84233,29.25428],[78.84519,29.25814],[78.84669,29.25825],[78.8506,29.26223],[78.85262,29.26131],[78.85384,29.25921],[78.85438,29.25542],[78.85787,29.2522],[78.86407,29.24949],[78.87098,29.24073],[78.8736,29.23525],[78.87304,29.23226],[78.86958,29.22954],[78.87015,29.22853],[78.88287,29.22532],[78.88445,29.21951],[78.88688,29.21783],[78.89104,29.21647],[78.89214,29.21487],[78.89226,29.21285],[78.88775,29.21033],[78.89356,29.20484],[78.89916,29.20259],[78.89721,29.19869],[78.89435,29.1959],[78.89912,29.19063],[78.90131,29.18274],[78.9057,29.18034],[78.90573,29.17749],[78.9024,29.1745],[78.90451,29.17057],[78.90332,29.16768],[78.90572,29.16521],[78.90479,29.16317],[78.89961,29.16142],[78.89504,29.15681],[78.8959,29.15579],[78.89835,29.15489],[78.90041,29.15062],[78.91445,29.14898],[78.92078,29.15286],[78.92364,29.15713],[78.93372,29.15421],[78.94439,29.14959],[78.94888,29.15278],[78.95147,29.15971],[78.95611,29.16037],[78.96081,29.1616],[78.96441,29.1519],[78.96348,29.14728],[78.96089,29.14598],[78.95683,29.14785],[78.95215,29.15116],[78.95,29.14929],[78.95217,29.14595],[78.95487,29.1449],[78.95698,29.13634],[78.95798,29.12927],[78.95737,29.12756],[78.95354,29.12646],[78.94849,29.12295],[78.9455,29.11528],[78.93741,29.10959],[78.93929,29.10631],[78.94658,29.10177],[78.9482,29.09948],[78.9478,29.09806],[78.93958,29.10178],[78.93643,29.10206],[78.93636,29.09797],[78.93864,29.09174],[78.93806,29.08346],[78.93053,29.08862],[78.92603,29.08825],[78.92342,29.08553],[78.92657,29.07975],[78.9314,29.07458],[78.92976,29.07042],[78.92605,29.06713],[78.92904,29.06165],[78.9285,29.05529],[78.93684,29.04326],[78.93805,29.03891],[78.93542,29.0265],[78.93241,29.02353],[78.9297,29.01919],[78.92746,29.0137],[78.92471,29.01243],[78.92291,29.01306],[78.91412,29.00632],[78.91101,29.00293],[78.90195,29.00266],[78.89851,29.00003],[78.90195,28.9976],[78.89246,28.98645],[78.87669,28.99039],[78.87328,28.98715],[78.88012,28.9797],[78.87248,28.96671],[78.89057,28.95453],[78.88786,28.95253],[78.89211,28.9446],[78.89067,28.94166],[78.88388,28.94152],[78.88004,28.93931],[78.88462,28.93578],[78.88289,28.93395],[78.87859,28.93391],[78.87848,28.93122],[78.87865,28.92474],[78.87768,28.91022],[78.87633,28.90358],[78.87946,28.89717],[78.89343,28.89496],[78.89532,28.89207],[78.89445,28.88611],[78.89857,28.88477],[78.90098,28.88171],[78.89693,28.87777],[78.89905,28.86938],[78.90548,28.86736],[78.91307,28.86237],[78.91684,28.86506],[78.92118,28.8638],[78.92329,28.86063],[78.92668,28.86125],[78.93257,28.85655],[78.93565,28.85595],[78.93557,28.85329],[78.93298,28.84448],[78.92925,28.84285],[78.9329,28.84114],[78.9303,28.83823],[78.94006,28.83034],[78.94627,28.82722],[78.94806,28.82952],[78.95152,28.83123],[78.95684,28.83234],[78.96082,28.83136],[78.96064,28.82702],[78.96223,28.81956],[78.95743,28.81618],[78.9575,28.80438],[78.95593,28.79975],[78.9494,28.79746],[78.94334,28.79252],[78.94038,28.78764],[78.94552,28.78531],[78.94965,28.78488],[78.95361,28.78101],[78.9591,28.78107],[78.96236,28.77901],[78.96459,28.77351],[78.96437,28.76932],[78.95804,28.76409],[78.95013,28.75899],[78.94145,28.75019],[78.94241,28.74474],[78.93549,28.73931],[78.93776,28.73559],[78.93547,28.73261],[78.93623,28.7275],[78.93372,28.72445],[78.93475,28.71895],[78.90807,28.71046],[78.90269,28.71227],[78.89426,28.71223],[78.87663,28.7006],[78.8682,28.69653],[78.85854,28.70301],[78.8522,28.70588],[78.84985,28.71286],[78.8532,28.71468],[78.85555,28.71865],[78.85386,28.72651],[78.84915,28.7317],[78.84097,28.73412],[78.83742,28.73272],[78.83552,28.73024],[78.83696,28.71483],[78.84211,28.71053],[78.82743,28.6867],[78.83515,28.67849],[78.82807,28.66624],[78.83269,28.66358],[78.84539,28.65054],[78.84931,28.64939],[78.86738,28.6354],[78.86907,28.62823],[78.87276,28.6215],[78.87849,28.61835],[78.88396,28.61749],[78.88471,28.61367],[78.89401,28.6096],[78.8932,28.59907],[78.89578,28.59611],[78.90566,28.59307],[78.91024,28.58669],[78.90746,28.58333],[78.90902,28.58057],[78.9266,28.56863],[78.92786,28.56289],[78.92848,28.54972],[78.92436,28.5508],[78.91861,28.55072],[78.91634,28.546],[78.91764,28.53901],[78.92244,28.5348],[78.9269,28.5293],[78.9299,28.52309],[78.92973,28.519],[78.92719,28.5162],[78.92358,28.51723],[78.92081,28.51483],[78.92194,28.51066],[78.91099,28.49275],[78.90943,28.48554],[78.89961,28.48042],[78.89272,28.4848],[78.8886,28.48295],[78.88545,28.48654],[78.88043,28.48847],[78.87498,28.48022],[78.85987,28.48698],[78.85439,28.48077],[78.84734,28.48094],[78.84657,28.47767],[78.84306,28.47567],[78.84246,28.47101],[78.83842,28.46951],[78.83701,28.46364],[78.83494,28.46147],[78.83013,28.46542],[78.8224,28.45967],[78.81385,28.45936],[78.80709,28.4513],[78.79456,28.45592],[78.78358,28.44473],[78.78428,28.43986],[78.78699,28.43296],[78.77717,28.42212],[78.78089,28.41459],[78.77672,28.41026],[78.77148,28.40717],[78.76691,28.41218],[78.75193,28.41641],[78.74593,28.40746],[78.75604,28.39987],[78.74729,28.39004],[78.74727,28.38625],[78.74436,28.38251],[78.73932,28.38171],[78.72932,28.38324],[78.72087,28.3908],[78.71861,28.38821],[78.70789,28.38339],[78.69636,28.38289],[78.68984,28.37877],[78.68548,28.3745],[78.68092,28.3624],[78.67606,28.3594],[78.66971,28.35209],[78.66045,28.35374],[78.65874,28.35285],[78.6544,28.35062],[78.64964,28.35292],[78.64,28.34316],[78.63503,28.34438],[78.62818,28.33925],[78.61653,28.34627],[78.60983,28.34286],[78.60178,28.34554],[78.60127,28.35026],[78.58711,28.35725],[78.58368,28.35634],[78.57903,28.35262],[78.56829,28.34957],[78.55026,28.36278],[78.53482,28.36012],[78.52442,28.36294],[78.51495,28.36388],[78.50214,28.37606],[78.49698,28.38234],[78.48308,28.38637],[78.48429,28.39267],[78.4838,28.39819],[78.48579,28.40371],[78.48386,28.42099],[78.47841,28.42561],[78.47401,28.42662],[78.46546,28.43463],[78.44707,28.44234],[78.44353,28.45037],[78.44761,28.45687],[78.4456,28.4612],[78.43831,28.46659],[78.43312,28.47265],[78.40868,28.46435],[78.40504,28.46729],[78.41039,28.47592],[78.41388,28.48224],[78.41769,28.48509],[78.4179,28.48862],[78.41463,28.49755],[78.41451,28.50296],[78.41821,28.51213],[78.40723,28.52189],[78.41051,28.53199],[78.42391,28.54259],[78.41856,28.55088],[78.41339,28.55415],[78.41408,28.55842],[78.41875,28.5645],[78.41748,28.56908],[78.41759,28.57657],[78.41891,28.58002],[78.42368,28.58454],[78.42624,28.58865],[78.42406,28.59237],[78.41317,28.5969],[78.4174,28.60676],[78.41581,28.61195],[78.41186,28.6151],[78.40681,28.6158],[78.40209,28.6138],[78.40037,28.61451],[78.39709,28.62193],[78.39746,28.63322],[78.39362,28.64084],[78.39034,28.64535],[78.38957,28.64973],[78.39852,28.6596],[78.40549,28.65929],[78.40745,28.66148],[78.40884,28.67092],[78.40573,28.67214],[78.40664,28.67838],[78.40509,28.682],[78.39275,28.68724],[78.39743,28.69187],[78.40063,28.69628],[78.40066,28.70233],[78.4019,28.70566],[78.39986,28.71754],[78.40054,28.72463],[78.39529,28.72854],[78.39459,28.73409],[78.39648,28.73806],[78.39568,28.74334],[78.39992,28.74785],[78.40303,28.74851],[78.40303,28.75271],[78.40202,28.76105],[78.39906,28.76417],[78.38847,28.76976],[78.38669,28.77578],[78.3936,28.77726],[78.40271,28.78461],[78.40596,28.78362],[78.4108,28.77794],[78.41361,28.77659],[78.41654,28.77674],[78.42392,28.7856],[78.43227,28.77831],[78.44118,28.77399],[78.45048,28.77499],[78.45977,28.78315],[78.46475,28.7822],[78.47944,28.77335],[78.48212,28.7764],[78.48672,28.78433],[78.49662,28.77925],[78.50128,28.78404],[78.50945,28.78222],[78.514,28.7869],[78.51881,28.78327],[78.52261,28.78385],[78.5251,28.79538],[78.54167,28.79779],[78.54842,28.79982],[78.55156,28.79931],[78.55806,28.80462],[78.56845,28.80337],[78.57714,28.80958],[78.57969,28.80738],[78.58511,28.80935],[78.59048,28.81009],[78.59851,28.80741],[78.6003,28.81287],[78.59531,28.82451],[78.59785,28.83062],[78.60528,28.84186],[78.60914,28.84132],[78.61369,28.8387],[78.62664,28.84807],[78.63284,28.85141],[78.63567,28.85742],[78.64354,28.86651],[78.64406,28.87227],[78.64581,28.87464],[78.65301,28.87668],[78.65713,28.87878],[78.66173,28.88606],[78.66068,28.89012],[78.66318,28.89612],[78.66991,28.90509],[78.67431,28.90683],[78.67479,28.91257],[78.67141,28.91747],[78.65543,28.9234],[78.65392,28.92634],[78.65981,28.9379],[78.674,28.94526],[78.67964,28.95284],[78.66103,28.971],[78.65936,28.97547],[78.65561,28.9784],[78.64216,28.98441],[78.63062,29.00693],[78.63633,29.01716],[78.64093,29.01991],[78.65758,29.03266],[78.6577,29.03826],[78.66116,29.0438],[78.68396,29.06389],[78.69319,29.07004],[78.69324,29.07324],[78.69207,29.07557],[78.68447,29.08031],[78.68186,29.08383],[78.68099,29.0887],[78.68871,29.09158],[78.69327,29.09427],[78.69961,29.10076],[78.69669,29.1061],[78.68976,29.10505],[78.6866,29.10594],[78.68201,29.10252],[78.67607,29.10001],[78.6651,29.09743],[78.6624,29.09897],[78.65626,29.1077],[78.66578,29.11739],[78.67212,29.12245],[78.66522,29.13287],[78.6666,29.14707],[78.66325,29.15137],[78.65942,29.16849],[78.65887,29.17487],[78.65787,29.17932],[78.6581,29.18399],[78.6521,29.18568],[78.64989,29.18472],[78.64872,29.18713],[78.64921,29.19047],[78.65367,29.19745],[78.65844,29.19921],[78.66193,29.20339],[78.66967,29.20459],[78.67327,29.20981],[78.67853,29.20911],[78.67962,29.20654],[78.68564,29.20944],[78.69067,29.21314],[78.69219,29.21828],[78.68973,29.22128],[78.69141,29.2225],[78.68794,29.22377],[78.68285,29.21828],[78.6772,29.21471],[78.66962,29.21262],[78.66728,29.2148],[78.67306,29.2229],[78.67445,29.22629],[78.67096,29.22971],[78.66818,29.23226],[78.67041,29.23602],[78.6802,29.24322],[78.68673,29.25323],[78.68606,29.25561],[78.68275,29.25908],[78.68473,29.26239],[78.68819,29.265],[78.69379,29.26714],[78.69503,29.27322],[78.69667,29.27397],[78.69981,29.27319],[78.70468,29.27434],[78.71114,29.27347],[78.71286,29.27592],[78.71564,29.27763],[78.71697,29.28012],[78.71955,29.28088],[78.71995,29.28247],[78.7223,29.28197],[78.72733,29.28308],[78.73489,29.28248],[78.73932,29.2853],[78.74187,29.28864],[78.75005,29.2848]]]}},{"type":"Feature","properties":{"ID_0":105,"ISO":"IND","NAME_0":"India","ID_1":33,"NAME_1":"Uttar Pradesh","ID_2":547,"NAME_2":"Muzaffarnagar","NL_NAME_2":null,"VARNAME_2":null,"TYPE_2":"District","ENGTYPE_2":"District","STATE":"Uttar Pradesh","DISTRICT":"Muzaffarnagar"},"geometry":{"type":"Polygon","coordinates":[[[77.94082,29.7146],[77.94245,29.7124],[77.94943,29.70766],[77.95198,29.70537],[77.94622,29.70377],[77.94229,29.70203],[77.94115,29.70004],[77.9436,29.69673],[77.94628,29.69546],[77.94328,29.69364],[77.94307,29.69158],[77.94492,29.69143],[77.94378,29.68943],[77.9447,29.68936],[77.9454,29.68723],[77.94727,29.68707],[77.95177,29.68567],[77.95412,29.68133],[77.95669,29.67904],[77.95831,29.67683],[77.96156,29.67241],[77.96228,29.67027],[77.9632,29.6702],[77.96919,29.67385],[77.97126,29.67577],[77.97218,29.67569],[77.97208,29.67466],[77.97277,29.67253],[77.97163,29.67054],[77.97049,29.66857],[77.96936,29.66657],[77.96913,29.66451],[77.96892,29.66246],[77.96788,29.66151],[77.96674,29.65952],[77.96538,29.65548],[77.96751,29.64907],[77.97169,29.64457],[77.97446,29.64435],[77.97538,29.64427],[77.97702,29.64206],[77.97472,29.6381],[77.97313,29.63199],[77.97352,29.62676],[77.97494,29.6225],[77.97542,29.61831],[77.97684,29.61404],[77.97465,29.61109],[77.97025,29.61352],[77.96633,29.61175],[77.9624,29.60999],[77.95986,29.61228],[77.95822,29.61449],[77.95569,29.61679],[77.95187,29.61604],[77.9497,29.61311],[77.9504,29.61097],[77.95101,29.60779],[77.95241,29.60352],[77.95323,29.60241],[77.95093,29.59844],[77.94877,29.59549],[77.94855,29.59343],[77.94833,29.59137],[77.94729,29.59043],[77.94823,29.59035],[77.94983,29.58813],[77.95158,29.58694],[77.95321,29.58472],[77.95599,29.58445],[77.95988,29.58621],[77.96175,29.58604],[77.96337,29.58383],[77.96632,29.58451],[77.96736,29.58572],[77.96955,29.58519],[77.97269,29.58315],[77.973,29.58334],[77.97704,29.58333],[77.97881,29.58537],[77.98101,29.58781],[77.98232,29.58901],[77.98376,29.58805],[77.98457,29.58455],[77.98405,29.57986],[77.98077,29.56876],[77.97881,29.56816],[77.97675,29.56384],[77.97706,29.55811],[77.97886,29.55413],[77.98802,29.54586],[77.98527,29.54499],[77.98396,29.54345],[77.98241,29.52929],[77.98201,29.51353],[77.98163,29.4989],[77.9833,29.49102],[77.98447,29.48746],[77.98815,29.48121],[77.9921,29.47958],[77.99577,29.47457],[77.99717,29.4739],[78.00576,29.47591],[78.00722,29.47514],[78.00893,29.47267],[78.00888,29.47036],[78.00509,29.4678],[78.01747,29.45842],[78.02048,29.45358],[78.0224,29.44066],[78.02596,29.43561],[78.03264,29.43068],[78.03765,29.42485],[78.04216,29.41775],[78.04485,29.41685],[78.05074,29.41681],[78.05241,29.41407],[78.05385,29.40964],[78.05353,29.40764],[78.03987,29.39824],[78.03716,29.3946],[78.03909,29.38854],[78.0393,29.38297],[78.04996,29.37614],[78.05364,29.36703],[78.05647,29.36486],[78.06821,29.36474],[78.07168,29.36349],[78.07342,29.36148],[78.07656,29.34669],[78.07984,29.34303],[78.08321,29.34156],[78.08878,29.33734],[78.09352,29.33249],[78.09813,29.32946],[78.10029,29.3241],[78.10141,29.31644],[78.1073,29.30467],[78.1098,29.2942],[78.11599,29.28725],[78.12319,29.27159],[78.12538,29.26613],[78.12555,29.25918],[78.10809,29.26026],[78.10306,29.26],[78.09796,29.2571],[78.09383,29.25979],[78.09017,29.26103],[78.08189,29.26196],[78.07094,29.26676],[78.06097,29.26793],[78.0575,29.26697],[78.02563,29.26753],[78.01613,29.25787],[78.01338,29.25572],[78.01101,29.25377],[77.98849,29.25473],[77.98747,29.25434],[77.98626,29.25302],[77.98386,29.24613],[77.97964,29.2399],[77.97304,29.24106],[77.96674,29.24335],[77.95967,29.23843],[77.95467,29.2376],[77.95364,29.23501],[77.95172,29.23359],[77.94365,29.23695],[77.93862,29.23704],[77.93274,29.23619],[77.92753,29.23353],[77.92323,29.23026],[77.92045,29.22567],[77.91998,29.22053],[77.91878,29.21695],[77.91796,29.21544],[77.91519,29.21428],[77.91177,29.21594],[77.90707,29.2152],[77.90029,29.21769],[77.89677,29.21567],[77.89265,29.21183],[77.89053,29.21144],[77.88052,29.2176],[77.87137,29.21946],[77.86514,29.2244],[77.86049,29.22723],[77.8574,29.22806],[77.8547,29.22672],[77.85182,29.22287],[77.84875,29.21493],[77.8468,29.21327],[77.84603,29.2094],[77.84113,29.20329],[77.83875,29.20338],[77.83366,29.20028],[77.83031,29.20193],[77.82289,29.20173],[77.81126,29.19997],[77.80502,29.2016],[77.80058,29.20105],[77.79263,29.18606],[77.78742,29.18632],[77.77943,29.18741],[77.77425,29.18604],[77.77083,29.18598],[77.77022,29.18856],[77.77068,29.19252],[77.77312,29.19827],[77.77305,29.20099],[77.75739,29.20878],[77.73921,29.21997],[77.73669,29.22042],[77.73276,29.21847],[77.72774,29.22081],[77.72504,29.2204],[77.70862,29.22767],[77.70177,29.22698],[77.69817,29.22567],[77.68977,29.22791],[77.68254,29.22894],[77.68436,29.23505],[77.68377,29.23937],[77.67305,29.24584],[77.67379,29.25133],[77.66862,29.25343],[77.65994,29.25541],[77.65384,29.2555],[77.64608,29.24871],[77.64037,29.22767],[77.62916,29.22835],[77.62271,29.23112],[77.61937,29.23627],[77.61653,29.2421],[77.61427,29.25273],[77.60726,29.25615],[77.60146,29.25748],[77.59442,29.25798],[77.58809,29.26136],[77.58391,29.26564],[77.57964,29.26694],[77.57793,29.2614],[77.56679,29.25394],[77.56592,29.2503],[77.56041,29.24602],[77.55918,29.24396],[77.56123,29.23911],[77.56035,29.23663],[77.5509,29.23201],[77.54597,29.22735],[77.53954,29.22803],[77.53693,29.22541],[77.53468,29.22139],[77.5321,29.21919],[77.52569,29.2179],[77.5218,29.21335],[77.52121,29.20785],[77.51464,29.20738],[77.51067,29.20792],[77.50739,29.20661],[77.50369,29.20302],[77.49998,29.19467],[77.49637,29.19556],[77.48613,29.2035],[77.48257,29.20429],[77.47809,29.2023],[77.47639,29.20155],[77.47453,29.20523],[77.47164,29.20841],[77.46414,29.21271],[77.46245,29.21708],[77.45232,29.22501],[77.45041,29.2291],[77.45092,29.23098],[77.44933,29.23268],[77.44575,29.23117],[77.43892,29.23054],[77.43204,29.23158],[77.42527,29.23619],[77.41783,29.23681],[77.41218,29.24262],[77.39955,29.25039],[77.39227,29.25123],[77.3852,29.25344],[77.38036,29.25337],[77.378,29.25213],[77.37503,29.24763],[77.37289,29.24246],[77.37139,29.24122],[77.36041,29.24411],[77.35336,29.24499],[77.34417,29.24455],[77.32121,29.25348],[77.3137,29.25913],[77.31177,29.26108],[77.30452,29.26451],[77.2984,29.26625],[77.29524,29.26574],[77.2874,29.26262],[77.28158,29.26521],[77.27502,29.27025],[77.27125,29.27192],[77.25929,29.26984],[77.25466,29.27155],[77.24848,29.27208],[77.24525,29.27371],[77.24429,29.27642],[77.24426,29.28161],[77.2431,29.28375],[77.23531,29.28518],[77.22872,29.28528],[77.21312,29.28185],[77.19595,29.27937],[77.1883,29.28067],[77.17619,29.28517],[77.1766,29.28878],[77.17558,29.29252],[77.17136,29.2956],[77.14944,29.29909],[77.14231,29.30151],[77.15421,29.31692],[77.1536,29.32226],[77.15105,29.32552],[77.15002,29.33169],[77.15395,29.33548],[77.15186,29.33929],[77.14645,29.34506],[77.12758,29.34434],[77.12369,29.34499],[77.12003,29.34979],[77.11752,29.35715],[77.11884,29.36196],[77.1167,29.37258],[77.11694,29.37668],[77.12047,29.37877],[77.13105,29.3807],[77.13865,29.38391],[77.1468,29.38977],[77.14597,29.39248],[77.14007,29.39472],[77.13346,29.39844],[77.12909,29.40249],[77.12587,29.41064],[77.12488,29.42217],[77.13577,29.43222],[77.13845,29.43686],[77.13939,29.4421],[77.13775,29.44659],[77.13198,29.45049],[77.12414,29.45294],[77.11784,29.45646],[77.1143,29.46186],[77.11402,29.47029],[77.11545,29.4754],[77.12039,29.48006],[77.12332,29.48606],[77.1199,29.49733],[77.11452,29.50316],[77.10341,29.50954],[77.09761,29.51201],[77.08649,29.52826],[77.08491,29.53359],[77.08623,29.5395],[77.08942,29.54469],[77.0953,29.54765],[77.10443,29.54891],[77.10972,29.55299],[77.10676,29.56636],[77.10198,29.577],[77.09378,29.58721],[77.0899,29.59043],[77.08681,29.59647],[77.08562,29.6008],[77.09219,29.60867],[77.09389,29.61297],[77.09453,29.61777],[77.10048,29.62227],[77.1016,29.62492],[77.10107,29.63308],[77.1049,29.63558],[77.10783,29.63996],[77.1097,29.64724],[77.1218,29.65354],[77.12942,29.65859],[77.1313,29.66299],[77.13114,29.66635],[77.11998,29.68026],[77.11917,29.68584],[77.1211,29.69156],[77.12553,29.69691],[77.13219,29.69948],[77.13645,29.69469],[77.14387,29.69166],[77.14996,29.69546],[77.15588,29.69408],[77.16245,29.69081],[77.17087,29.68778],[77.18079,29.68692],[77.19108,29.68455],[77.19367,29.69073],[77.19706,29.69112],[77.20443,29.69467],[77.2088,29.69719],[77.2113,29.70045],[77.21916,29.69313],[77.22297,29.69188],[77.2455,29.67801],[77.2477,29.67974],[77.2534,29.67727],[77.25797,29.67448],[77.26083,29.67142],[77.26709,29.66956],[77.26994,29.67004],[77.27061,29.67496],[77.27374,29.67899],[77.27602,29.67868],[77.27903,29.67678],[77.28822,29.67574],[77.29219,29.67382],[77.29314,29.66986],[77.29903,29.66513],[77.31403,29.65982],[77.31897,29.65683],[77.32186,29.65343],[77.32676,29.65078],[77.33,29.65019],[77.33597,29.65543],[77.34454,29.65367],[77.34737,29.65708],[77.35267,29.65549],[77.35538,29.65928],[77.36245,29.65793],[77.36688,29.65485],[77.37199,29.65259],[77.37882,29.65144],[77.38317,29.65384],[77.39071,29.65968],[77.39336,29.65796],[77.39809,29.657],[77.40184,29.66042],[77.40551,29.66252],[77.41594,29.65642],[77.42104,29.65479],[77.42599,29.65963],[77.42876,29.66397],[77.42912,29.66901],[77.43106,29.67265],[77.43448,29.67493],[77.44154,29.67624],[77.44743,29.67375],[77.45975,29.66224],[77.46465,29.66091],[77.4743,29.66062],[77.47556,29.65756],[77.4739,29.65401],[77.47433,29.65156],[77.47895,29.64726],[77.47704,29.63769],[77.48238,29.6339],[77.4892,29.63066],[77.49674,29.62912],[77.50079,29.62985],[77.50404,29.63277],[77.50909,29.62808],[77.51473,29.62524],[77.5216,29.62549],[77.52058,29.63452],[77.5269,29.63874],[77.53426,29.6375],[77.54173,29.63252],[77.5565,29.6317],[77.5799,29.62622],[77.58852,29.62778],[77.60381,29.62125],[77.6131,29.61833],[77.61524,29.61108],[77.61786,29.60744],[77.62165,29.60597],[77.63858,29.59398],[77.63822,29.58508],[77.63937,29.57893],[77.64167,29.57258],[77.64596,29.56693],[77.64993,29.56644],[77.65466,29.57952],[77.65994,29.58414],[77.67373,29.60106],[77.68492,29.61983],[77.70717,29.61395],[77.71051,29.61668],[77.71134,29.62208],[77.71539,29.62252],[77.71841,29.61783],[77.7234,29.6159],[77.73225,29.60924],[77.73596,29.61259],[77.74673,29.61787],[77.75313,29.62655],[77.76143,29.6296],[77.76554,29.63429],[77.77077,29.63769],[77.77901,29.63418],[77.78391,29.6423],[77.80177,29.66143],[77.81108,29.67249],[77.8213,29.66899],[77.82897,29.66933],[77.83427,29.67188],[77.83844,29.67552],[77.84066,29.67936],[77.84294,29.6813],[77.84707,29.68063],[77.84863,29.68418],[77.85406,29.68891],[77.85851,29.68806],[77.86623,29.69341],[77.86991,29.69401],[77.87003,29.69878],[77.87388,29.70197],[77.87723,29.70039],[77.88219,29.7],[77.88683,29.7007],[77.89994,29.69782],[77.91021,29.69894],[77.90484,29.70255],[77.90635,29.7041],[77.90838,29.70287],[77.90955,29.70384],[77.90804,29.70529],[77.90963,29.70637],[77.91073,29.70549],[77.91623,29.71165],[77.92016,29.71386],[77.92492,29.71266],[77.92722,29.71458],[77.9305,29.71305],[77.93665,29.71391],[77.93896,29.71476],[77.94082,29.7146]]]}},{"type":"Feature","properties":{"ID_0":105,"ISO":"IND","NAME_0":"India","ID_1":33,"NAME_1":"Uttar Pradesh","ID_2":548,"NAME_2":"Pilibhit","NL_NAME_2":null,"VARNAME_2":null,"TYPE_2":"District","ENGTYPE_2":"District","STATE":"Uttar Pradesh","DISTRICT":"Pilibhit"},"geometry":{"type":"Polygon","coordinates":[[[79.74997,28.89335],[79.75977,28.88953],[79.76197,28.88969],[79.77447,28.89183],[79.79064,28.87743],[79.79125,28.87381],[79.79162,28.8704],[79.79485,28.86987],[79.79697,28.87045],[79.8028,28.87182],[79.80574,28.86905],[79.80694,28.86631],[79.80863,28.86283],[79.80901,28.85891],[79.80812,28.85629],[79.79992,28.85427],[79.79462,28.85286],[79.7967,28.84955],[79.79816,28.84804],[79.79817,28.84604],[79.79431,28.84303],[79.79367,28.83926],[79.7992,28.83623],[79.80146,28.83329],[79.80119,28.82964],[79.79988,28.82469],[79.79782,28.82081],[79.79704,28.81649],[79.79479,28.81473],[79.79189,28.81517],[79.78941,28.8197],[79.78617,28.82093],[79.78214,28.81319],[79.78336,28.80542],[79.78545,28.80621],[79.79203,28.80304],[79.79475,28.8038],[79.80126,28.80454],[79.80304,28.80559],[79.8042,28.80706],[79.80504,28.80873],[79.80905,28.81075],[79.81129,28.81138],[79.81407,28.81061],[79.81591,28.81226],[79.81503,28.81458],[79.81465,28.81912],[79.81621,28.82174],[79.81572,28.82468],[79.81283,28.83018],[79.8138,28.83171],[79.82235,28.84175],[79.82446,28.84479],[79.82965,28.84668],[79.83384,28.84439],[79.84171,28.84261],[79.84414,28.84354],[79.84949,28.84538],[79.85405,28.84429],[79.85468,28.84141],[79.85561,28.83906],[79.86061,28.83413],[79.87102,28.83065],[79.87532,28.83024],[79.87547,28.82129],[79.87563,28.81834],[79.87124,28.81641],[79.86042,28.81791],[79.85423,28.82083],[79.84972,28.82174],[79.84621,28.8213],[79.84332,28.81504],[79.84053,28.80866],[79.84649,28.80496],[79.85336,28.8008],[79.85966,28.79845],[79.86729,28.79645],[79.87308,28.79646],[79.88013,28.79682],[79.88605,28.79881],[79.89481,28.80145],[79.90129,28.80212],[79.90057,28.7994],[79.89813,28.79489],[79.8934,28.79186],[79.88894,28.78577],[79.8921,28.78126],[79.89451,28.779],[79.89927,28.77386],[79.90572,28.7721],[79.91205,28.76496],[79.91014,28.76333],[79.91173,28.75928],[79.91808,28.7522],[79.92151,28.745],[79.92233,28.73829],[79.92238,28.73271],[79.92952,28.72651],[79.94087,28.72146],[79.95289,28.71752],[79.96783,28.71562],[79.97483,28.71675],[79.98826,28.71702],[79.99958,28.72564],[80.00287,28.72695],[80.00565,28.7295],[80.01363,28.73737],[80.02297,28.74867],[80.02907,28.75806],[80.03124,28.76056],[80.03345,28.76138],[80.03477,28.76323],[80.03398,28.76638],[80.03455,28.76904],[80.03816,28.77512],[80.04046,28.78311],[80.03624,28.79072],[80.03268,28.79418],[80.02737,28.79738],[80.02569,28.79985],[80.03198,28.80349],[80.03361,28.80547],[80.03409,28.80983],[80.05843,28.83526],[80.06381,28.8319],[80.06961,28.82989],[80.07014,28.82968],[80.07025,28.82964],[80.07238,28.82974],[80.07671,28.82438],[80.10882,28.82771],[80.10886,28.82772],[80.11964,28.82871],[80.1198,28.82873],[80.11997,28.82861],[80.12275,28.82657],[80.12706,28.82342],[80.13316,28.81895],[80.1402,28.81384],[80.15668,28.79784],[80.16027,28.79435],[80.16234,28.79234],[80.16316,28.79154],[80.16493,28.78982],[80.17299,28.782],[80.18338,28.77579],[80.20236,28.76446],[80.21773,28.75528],[80.2268,28.75715],[80.23536,28.75914],[80.23592,28.75922],[80.23698,28.75837],[80.23831,28.75731],[80.23837,28.75729],[80.24319,28.75612],[80.24705,28.75593],[80.25229,28.75782],[80.25449,28.75609],[80.26359,28.74894],[80.26361,28.74891],[80.2668,28.74351],[80.26623,28.73776],[80.2662,28.73772],[80.26342,28.73272],[80.25946,28.73027],[80.2579,28.72934],[80.26228,28.72587],[80.26802,28.72132],[80.2737,28.71472],[80.27651,28.71141],[80.27922,28.70992],[80.29267,28.71108],[80.29542,28.71132],[80.29851,28.70967],[80.29954,28.70804],[80.30062,28.70632],[80.30559,28.70535],[80.30962,28.70461],[80.31852,28.70012],[80.32236,28.69489],[80.32366,28.68937],[80.32369,28.68923],[80.31683,28.68025],[80.31677,28.68042],[80.31457,28.67729],[80.29327,28.64706],[80.29091,28.63793],[80.29012,28.62927],[80.29204,28.62248],[80.30024,28.62019],[80.31263,28.62083],[80.31938,28.61928],[80.32763,28.6153],[80.33813,28.60702],[80.34293,28.59861],[80.34747,28.59734],[80.36001,28.60085],[80.36403,28.60088],[80.3692,28.59804],[80.36777,28.59427],[80.3635,28.5905],[80.3654,28.58435],[80.37179,28.57998],[80.37383,28.57186],[80.37377,28.56874],[80.37548,28.56497],[80.3801,28.56157],[80.38401,28.55743],[80.39007,28.54923],[80.39257,28.5434],[80.39677,28.53943],[80.40056,28.53457],[80.40208,28.53073],[80.40542,28.52716],[80.41796,28.52389],[80.42255,28.52123],[80.42351,28.51682],[80.42189,28.50848],[80.41852,28.50511],[80.41726,28.50151],[80.41564,28.4996],[80.411,28.4969],[80.40951,28.49133],[80.40701,28.48661],[80.40209,28.48656],[80.39939,28.48749],[80.39507,28.4852],[80.38903,28.48399],[80.38475,28.48389],[80.3803,28.48475],[80.37743,28.47963],[80.36484,28.46576],[80.35144,28.46903],[80.3471,28.46707],[80.32982,28.4813],[80.31718,28.48445],[80.31251,28.487],[80.311,28.48645],[80.30949,28.48364],[80.29942,28.47268],[80.28957,28.45929],[80.27521,28.46181],[80.25458,28.46295],[80.23481,28.46083],[80.23058,28.4587],[80.22845,28.45583],[80.22799,28.44986],[80.2302,28.44652],[80.23363,28.4433],[80.23386,28.43562],[80.23559,28.43218],[80.23995,28.42804],[80.24147,28.41858],[80.24043,28.41407],[80.23192,28.40242],[80.22757,28.39774],[80.22273,28.3892],[80.20798,28.39219],[80.2027,28.39203],[80.19794,28.39115],[80.19322,28.38677],[80.19145,28.38276],[80.19183,28.37267],[80.19363,28.3672],[80.19315,28.36466],[80.19057,28.36219],[80.19019,28.35717],[80.17709,28.35084],[80.17471,28.35063],[80.17486,28.35294],[80.17354,28.35497],[80.17152,28.35611],[80.16301,28.35693],[80.16042,28.35824],[80.16008,28.36445],[80.15742,28.36672],[80.15719,28.37292],[80.15591,28.37574],[80.15195,28.37767],[80.15136,28.38077],[80.14506,28.38694],[80.13799,28.39137],[80.13308,28.39285],[80.11766,28.39363],[80.11492,28.38902],[80.09646,28.38938],[80.09153,28.38813],[80.08883,28.38634],[80.08788,28.38323],[80.0918,28.37865],[80.08834,28.3725],[80.0863,28.37006],[80.08415,28.36904],[80.07917,28.36953],[80.0612,28.33815],[80.05476,28.34173],[80.0483,28.35386],[80.04494,28.35555],[80.04003,28.35616],[80.03359,28.35912],[80.0255,28.36146],[80.01387,28.36425],[80.00318,28.36826],[80.00363,28.36428],[79.9967,28.35064],[79.9888,28.34743],[79.98677,28.34622],[79.98348,28.34424],[79.98051,28.3431],[79.97659,28.34204],[79.97105,28.34095],[79.96835,28.3405],[79.96488,28.34002],[79.9611,28.3396],[79.95511,28.33908],[79.94624,28.33734],[79.94331,28.33555],[79.94168,28.33422],[79.93699,28.32856],[79.93475,28.32423],[79.93343,28.32156],[79.93165,28.31922],[79.93072,28.3169],[79.93089,28.31208],[79.93182,28.31066],[79.93454,28.30652],[79.93624,28.30417],[79.93887,28.28656],[79.9388,28.27983],[79.93959,28.27346],[79.94182,28.26729],[79.94308,28.26266],[79.9449,28.25224],[79.94416,28.24722],[79.94469,28.23853],[79.94575,28.23222],[79.94716,28.22494],[79.94742,28.22103],[79.94638,28.20272],[79.9457,28.19738],[79.94705,28.19402],[79.94891,28.19217],[79.95118,28.18861],[79.95148,28.18592],[79.95351,28.1783],[79.95424,28.17356],[79.95353,28.16995],[79.95315,28.16611],[79.95345,28.16046],[79.95392,28.15703],[79.95429,28.15251],[79.95412,28.14862],[79.95295,28.14642],[79.94978,28.1405],[79.94645,28.13292],[79.94736,28.12695],[79.94732,28.12468],[79.9446,28.12285],[79.94057,28.12304],[79.93483,28.12344],[79.93248,28.12243],[79.92914,28.12114],[79.92638,28.12194],[79.92479,28.12456],[79.92379,28.12655],[79.92217,28.13045],[79.91448,28.13246],[79.91052,28.13467],[79.90836,28.13679],[79.9056,28.13938],[79.89838,28.14414],[79.89577,28.14615],[79.88966,28.14683],[79.88671,28.14584],[79.87685,28.14355],[79.87119,28.14063],[79.86932,28.13876],[79.86717,28.13611],[79.85191,28.14413],[79.85291,28.14785],[79.85415,28.15234],[79.85216,28.15382],[79.85264,28.15736],[79.85474,28.16053],[79.85718,28.16191],[79.85934,28.16139],[79.86179,28.16045],[79.86457,28.15855],[79.86981,28.15711],[79.87075,28.15944],[79.86496,28.16097],[79.87025,28.16755],[79.87383,28.17259],[79.87374,28.17425],[79.87646,28.18395],[79.87359,28.18828],[79.86882,28.18819],[79.86605,28.19012],[79.86411,28.18961],[79.86108,28.19257],[79.85874,28.19328],[79.85296,28.19444],[79.85523,28.19967],[79.85685,28.20203],[79.84679,28.20727],[79.84284,28.206],[79.83894,28.20647],[79.83555,28.20911],[79.83269,28.21116],[79.83113,28.21292],[79.82942,28.21462],[79.82983,28.21726],[79.83143,28.2217],[79.83289,28.22605],[79.8336,28.23048],[79.83382,28.23382],[79.83338,28.23668],[79.83047,28.23948],[79.82046,28.24542],[79.8152,28.24427],[79.80676,28.24419],[79.80373,28.24529],[79.80071,28.24493],[79.79978,28.24283],[79.79939,28.23972],[79.79983,28.23553],[79.80066,28.23194],[79.80199,28.22594],[79.80379,28.22314],[79.80611,28.21941],[79.80713,28.21509],[79.80902,28.21247],[79.81075,28.20556],[79.80939,28.20088],[79.80554,28.19638],[79.80353,28.1946],[79.80206,28.19045],[79.8006,28.18637],[79.797,28.18191],[79.79462,28.1779],[79.79156,28.17455],[79.78585,28.17432],[79.78254,28.17564],[79.77989,28.17464],[79.77829,28.1727],[79.77752,28.17102],[79.77415,28.16709],[79.77076,28.16584],[79.76855,28.16692],[79.76254,28.16906],[79.75867,28.17182],[79.75381,28.1751],[79.75102,28.1775],[79.74712,28.17908],[79.74455,28.18103],[79.74127,28.18365],[79.74041,28.18735],[79.73498,28.19101],[79.7321,28.19044],[79.72791,28.18834],[79.72414,28.1885],[79.71845,28.18491],[79.71576,28.186],[79.71353,28.18561],[79.71091,28.19029],[79.71667,28.19207],[79.71967,28.19429],[79.72308,28.19934],[79.72363,28.20174],[79.71961,28.20383],[79.714,28.20497],[79.70844,28.20382],[79.70499,28.20603],[79.70345,28.21107],[79.70531,28.21499],[79.7095,28.21867],[79.71165,28.22118],[79.71721,28.2249],[79.72212,28.22541],[79.72683,28.22623],[79.72652,28.22912],[79.72552,28.23526],[79.72232,28.23764],[79.71993,28.23934],[79.7116,28.23931],[79.70415,28.23873],[79.70153,28.2381],[79.69818,28.2395],[79.69592,28.24034],[79.69427,28.24328],[79.69572,28.24689],[79.69324,28.24866],[79.69093,28.25344],[79.67415,28.26913],[79.67697,28.27168],[79.67733,28.27585],[79.68113,28.27738],[79.68394,28.26946],[79.69125,28.26958],[79.70077,28.27045],[79.70263,28.27379],[79.70189,28.27568],[79.69993,28.28198],[79.70071,28.28739],[79.69962,28.29258],[79.69611,28.29425],[79.69018,28.29659],[79.68452,28.29884],[79.67991,28.302],[79.67411,28.30879],[79.66977,28.3106],[79.66727,28.31227],[79.6656,28.31523],[79.66449,28.31911],[79.6622,28.32301],[79.66289,28.32589],[79.66882,28.33292],[79.67097,28.33606],[79.67891,28.34502],[79.67997,28.34685],[79.68177,28.35177],[79.68633,28.35703],[79.6862,28.36539],[79.68961,28.36754],[79.69132,28.3715],[79.69173,28.37858],[79.68974,28.38208],[79.6862,28.38151],[79.68168,28.38124],[79.67818,28.38083],[79.67668,28.38249],[79.67509,28.38425],[79.6764,28.3905],[79.66916,28.39366],[79.66269,28.39471],[79.66071,28.39736],[79.67419,28.40375],[79.67896,28.40734],[79.68699,28.42109],[79.69373,28.42415],[79.69701,28.4222],[79.70113,28.41623],[79.71183,28.41909],[79.71454,28.42468],[79.71413,28.43636],[79.71314,28.44914],[79.70999,28.45633],[79.70967,28.4607],[79.71654,28.46628],[79.72412,28.46431],[79.72726,28.45898],[79.72652,28.45307],[79.72912,28.44852],[79.73402,28.44761],[79.74243,28.45295],[79.74614,28.45639],[79.74479,28.46091],[79.73595,28.46842],[79.73309,28.472],[79.73215,28.48192],[79.73676,28.49371],[79.73862,28.50239],[79.73785,28.50565],[79.73724,28.50814],[79.73724,28.51067],[79.73592,28.51345],[79.70936,28.52255],[79.70612,28.53714],[79.70008,28.53842],[79.69229,28.5341],[79.69064,28.53104],[79.69337,28.5257],[79.69057,28.52474],[79.679,28.52917],[79.67516,28.5324],[79.67385,28.53461],[79.67558,28.54262],[79.67538,28.54784],[79.6809,28.55812],[79.68116,28.56194],[79.67393,28.56134],[79.66727,28.55912],[79.65832,28.5545],[79.65411,28.55536],[79.65151,28.56064],[79.65552,28.57308],[79.66213,28.57833],[79.66399,28.58336],[79.6641,28.58881],[79.66139,28.58926],[79.65602,28.58853],[79.64947,28.58873],[79.64205,28.59087],[79.64098,28.5968],[79.64143,28.60118],[79.63861,28.60686],[79.6342,28.60912],[79.62499,28.60712],[79.61684,28.60352],[79.61129,28.60268],[79.60111,28.59887],[79.59648,28.60252],[79.59505,28.60878],[79.58828,28.62205],[79.59097,28.62677],[79.59435,28.63066],[79.59616,28.63604],[79.58982,28.63876],[79.58685,28.64101],[79.60226,28.65372],[79.60165,28.65646],[79.60125,28.65943],[79.6014,28.66147],[79.60323,28.66485],[79.60493,28.66704],[79.60648,28.66995],[79.60835,28.67265],[79.61018,28.67676],[79.61068,28.68101],[79.60864,28.68439],[79.60609,28.68868],[79.60627,28.69358],[79.60847,28.69623],[79.61051,28.69866],[79.61353,28.70145],[79.61667,28.70774],[79.61716,28.71194],[79.61782,28.71512],[79.61947,28.71709],[79.62184,28.71935],[79.62494,28.723],[79.631,28.72802],[79.63384,28.72888],[79.63656,28.73115],[79.63916,28.72977],[79.64198,28.73114],[79.6442,28.73076],[79.64648,28.73244],[79.64729,28.73507],[79.65533,28.74149],[79.65681,28.74312],[79.65806,28.74456],[79.66098,28.74956],[79.66011,28.7518],[79.65757,28.7545],[79.6579,28.7593],[79.65929,28.76357],[79.65815,28.76584],[79.65231,28.77001],[79.6489,28.77159],[79.64543,28.77457],[79.64311,28.77679],[79.6432,28.78879],[79.64413,28.79365],[79.64515,28.79719],[79.64581,28.80279],[79.64579,28.80879],[79.64471,28.81475],[79.64233,28.82395],[79.64037,28.82792],[79.63799,28.83112],[79.6362,28.83528],[79.63145,28.84432],[79.63427,28.84816],[79.63931,28.85051],[79.63075,28.85886],[79.63455,28.85844],[79.6411,28.85646],[79.64327,28.85323],[79.64394,28.85291],[79.65405,28.84874],[79.65947,28.84773],[79.6662,28.84833],[79.66728,28.85003],[79.66709,28.8541],[79.67286,28.85761],[79.68434,28.85735],[79.68644,28.867],[79.68814,28.86819],[79.69234,28.86832],[79.69706,28.87028],[79.7019,28.8699],[79.70518,28.87022],[79.70564,28.87235],[79.70673,28.87524],[79.70962,28.87921],[79.71219,28.88068],[79.71555,28.88178],[79.71813,28.88276],[79.72836,28.88507],[79.73283,28.88309],[79.73727,28.88259],[79.74044,28.88318],[79.74129,28.88535],[79.74487,28.88978],[79.7487,28.89154],[79.74997,28.89335]]]}},{"type":"Feature","properties":{"ID_0":105,"ISO":"IND","NAME_0":"India","ID_1":33,"NAME_1":"Uttar Pradesh","ID_2":549,"NAME_2":"Pratapgarh","NL_NAME_2":null,"VARNAME_2":"Bela cum Pratapgarh, Partabgarh, Partapgarh","TYPE_2":"District","ENGTYPE_2":"District","STATE":"Uttar Pradesh","DISTRICT":"Pratapgarh"},"geometry":{"type":"Polygon","coordinates":[[[81.64615,26.14511],[81.64542,26.14195],[81.64053,26.13818],[81.63909,26.13222],[81.64175,26.1298],[81.64471,26.12984],[81.64668,26.12874],[81.65122,26.12251],[81.65652,26.1199],[81.66084,26.1193],[81.66993,26.12333],[81.6728,26.12325],[81.67569,26.12128],[81.67538,26.11877],[81.67631,26.11652],[81.67448,26.10826],[81.67063,26.10157],[81.67354,26.09989],[81.67722,26.09946],[81.67628,26.08873],[81.6769,26.08355],[81.67911,26.08027],[81.6858,26.07604],[81.69606,26.07116],[81.6981,26.07424],[81.70877,26.06897],[81.71128,26.07325],[81.71123,26.07619],[81.70987,26.0825],[81.70722,26.08695],[81.71126,26.09318],[81.71534,26.09694],[81.71737,26.09745],[81.73319,26.08983],[81.73843,26.08441],[81.74812,26.08102],[81.75159,26.07513],[81.76122,26.07192],[81.76323,26.06881],[81.7632,26.06565],[81.76171,26.06199],[81.75743,26.05719],[81.76131,26.0539],[81.76459,26.05272],[81.76514,26.05043],[81.76301,26.04515],[81.7678,26.03789],[81.7736,26.03211],[81.77784,26.03031],[81.78266,26.02999],[81.78795,26.0307],[81.79042,26.03206],[81.79248,26.03417],[81.7935,26.03704],[81.79327,26.04186],[81.79461,26.05128],[81.79874,26.04998],[81.81372,26.04265],[81.82026,26.04066],[81.82337,26.04013],[81.82619,26.04349],[81.82967,26.044],[81.8338,26.04276],[81.83768,26.0433],[81.84175,26.04861],[81.85242,26.05003],[81.85548,26.0554],[81.85828,26.05757],[81.85883,26.0613],[81.86404,26.0665],[81.86338,26.07092],[81.86134,26.0766],[81.86273,26.07827],[81.87588,26.08433],[81.88309,26.08279],[81.88673,26.08092],[81.88977,26.07762],[81.89075,26.074],[81.88982,26.06977],[81.90041,26.06985],[81.90251,26.06369],[81.90962,26.05996],[81.92057,26.05758],[81.92377,26.05567],[81.92699,26.05663],[81.92896,26.05828],[81.92899,26.05947],[81.92904,26.06077],[81.92906,26.06179],[81.9279,26.06151],[81.92546,26.06364],[81.92499,26.06533],[81.92561,26.06819],[81.92921,26.07294],[81.92995,26.07666],[81.93156,26.07802],[81.93417,26.07818],[81.95486,26.06872],[81.95626,26.06866],[81.95435,26.07752],[81.95435,26.08091],[81.95584,26.08239],[81.96386,26.08198],[81.97629,26.07683],[81.9753,26.07356],[81.97568,26.07051],[81.97865,26.06894],[81.99086,26.06724],[82.01125,26.07003],[82.01979,26.06895],[82.02914,26.06938],[82.03696,26.06648],[82.04455,26.06316],[82.05143,26.05591],[82.05762,26.05561],[82.06106,26.06011],[82.06373,26.06202],[82.06681,26.06388],[82.07426,26.0647],[82.07979,26.06756],[82.0836,26.07152],[82.09359,26.06804],[82.09615,26.06949],[82.09707,26.07849],[82.10032,26.0794],[82.1074,26.07705],[82.11007,26.07429],[82.11099,26.07044],[82.11536,26.06807],[82.11934,26.06328],[82.12444,26.0589],[82.1334,26.06322],[82.14283,26.06135],[82.16302,26.05321],[82.16507,26.04594],[82.17765,26.04493],[82.18102,26.04046],[82.18166,26.03471],[82.18693,26.03162],[82.19061,26.02676],[82.19201,26.01994],[82.19431,26.01879],[82.19945,26.02294],[82.20173,26.02645],[82.21091,26.03],[82.2168,26.03314],[82.22123,26.03681],[82.2229,26.04468],[82.23581,26.05534],[82.23519,26.05723],[82.23875,26.06065],[82.24287,26.06053],[82.24827,26.0572],[82.25159,26.04986],[82.26428,26.04267],[82.26668,26.04634],[82.27118,26.05071],[82.27985,26.04769],[82.29661,26.04716],[82.30232,26.04602],[82.30492,26.04167],[82.30809,26.04345],[82.31106,26.04393],[82.31072,26.03811],[82.3118,26.03388],[82.31429,26.0348],[82.31728,26.03481],[82.3233,26.03189],[82.32764,26.02669],[82.3398,26.02047],[82.3399,26.01742],[82.33547,26.013],[82.33625,26.01044],[82.33812,26.00921],[82.34471,26.01184],[82.34791,26.01087],[82.36889,26.03461],[82.37293,26.03568],[82.37894,26.03144],[82.38509,26.03531],[82.39336,26.03246],[82.39417,26.02908],[82.39179,26.01797],[82.39291,26.01355],[82.40665,26.01623],[82.41704,26.01457],[82.42324,26.01235],[82.42201,26.00443],[82.42043,26.00242],[82.41902,26.00041],[82.41795,25.99869],[82.41835,25.99604],[82.41903,25.99364],[82.42125,25.99145],[82.42324,25.99105],[82.42551,25.99087],[82.42823,25.99042],[82.42786,25.98841],[82.42772,25.98478],[82.42222,25.98485],[82.42108,25.98611],[82.41879,25.98588],[82.41727,25.98484],[82.41619,25.98295],[82.41444,25.98129],[82.41277,25.98106],[82.4098,25.98135],[82.40661,25.98142],[82.40453,25.97964],[82.4028,25.97792],[82.40224,25.97757],[82.3992,25.97671],[82.39525,25.97637],[82.39329,25.97689],[82.39024,25.97741],[82.38796,25.97862],[82.38588,25.9792],[82.38078,25.98006],[82.37831,25.98063],[82.37386,25.9811],[82.37159,25.98168],[82.36961,25.98156],[82.36746,25.98179],[82.36517,25.9837],[82.36193,25.98514],[82.36028,25.98351],[82.35952,25.98255],[82.35701,25.97529],[82.35662,25.97363],[82.35656,25.97161],[82.35637,25.97058],[82.35535,25.96897],[82.35345,25.96782],[82.35059,25.96661],[82.34843,25.96633],[82.34457,25.9665],[82.34306,25.96645],[82.34045,25.96506],[82.3388,25.96333],[82.33816,25.96155],[82.33849,25.95943],[82.34016,25.95867],[82.347,25.957],[82.34688,25.95442],[82.34702,25.95349],[82.34763,25.9516],[82.34892,25.94936],[82.34986,25.94809],[82.35055,25.94757],[82.35222,25.94561],[82.35399,25.94475],[82.35502,25.94457],[82.35978,25.94474],[82.36028,25.94486],[82.36288,25.94457],[82.36434,25.94451],[82.37088,25.94312],[82.37119,25.94197],[82.37107,25.94019],[82.37038,25.93679],[82.37197,25.9357],[82.37343,25.93592],[82.37577,25.93655],[82.37896,25.93667],[82.3828,25.93723],[82.38391,25.93769],[82.38451,25.93775],[82.38326,25.93315],[82.38104,25.92849],[82.37959,25.92394],[82.37998,25.92221],[82.38111,25.921],[82.38239,25.92007],[82.38428,25.91819],[82.3857,25.91732],[82.38618,25.91691],[82.3867,25.9157],[82.38709,25.91409],[82.38562,25.913],[82.3836,25.91253],[82.37948,25.91226],[82.37611,25.91162],[82.3744,25.91174],[82.37296,25.91226],[82.37117,25.91324],[82.37029,25.91416],[82.36897,25.91537],[82.36698,25.91676],[82.36571,25.91705],[82.3638,25.91648],[82.36216,25.91567],[82.35969,25.91426],[82.35761,25.91291],[82.35603,25.91148],[82.35476,25.91102],[82.3536,25.91126],[82.35121,25.91148],[82.34999,25.91144],[82.34949,25.91075],[82.34874,25.90873],[82.34689,25.90897],[82.34632,25.90942],[82.34486,25.91121],[82.34372,25.91242],[82.34276,25.91466],[82.34116,25.91761],[82.34016,25.91846],[82.33762,25.91846],[82.33635,25.91725],[82.33514,25.91536],[82.33458,25.91375],[82.33299,25.91202],[82.33141,25.91088],[82.33109,25.90897],[82.33022,25.90748],[82.3287,25.90747],[82.32767,25.90714],[82.32642,25.9064],[82.32642,25.90541],[82.32603,25.90455],[82.32489,25.90374],[82.32311,25.9038],[82.31951,25.90409],[82.31645,25.90443],[82.31519,25.90466],[82.31214,25.90494],[82.31068,25.90472],[82.30712,25.90437],[82.30454,25.90345],[82.30283,25.90287],[82.29965,25.90097],[82.29789,25.90045],[82.29598,25.89942],[82.29148,25.89717],[82.28743,25.89527],[82.28724,25.89384],[82.28738,25.89303],[82.28763,25.89124],[82.28764,25.88958],[82.28702,25.88786],[82.28473,25.88578],[82.28239,25.88302],[82.28195,25.88136],[82.28271,25.87831],[82.28304,25.87624],[82.28323,25.87324],[82.28313,25.87066],[82.28249,25.86761],[82.28199,25.86634],[82.28033,25.86283],[82.27793,25.86053],[82.27592,25.85811],[82.2756,25.85615],[82.27206,25.85253],[82.2713,25.84994],[82.27123,25.8477],[82.26985,25.84563],[82.26782,25.84528],[82.26593,25.84724],[82.26528,25.84845],[82.2639,25.85028],[82.26147,25.85056],[82.2594,25.84849],[82.2582,25.84717],[82.25565,25.84521],[82.25403,25.84371],[82.25593,25.84262],[82.25092,25.83865],[82.24961,25.8371],[82.24693,25.83601],[82.24231,25.83566],[82.23597,25.83489],[82.23458,25.83415],[82.22926,25.83472],[82.22552,25.8361],[82.22374,25.83724],[82.21999,25.83851],[82.21752,25.83949],[82.21708,25.83983],[82.21282,25.84063],[82.20952,25.84184],[82.20858,25.84137],[82.208,25.83942],[82.20771,25.83729],[82.20586,25.83498],[82.20549,25.83441],[82.20467,25.83371],[82.20359,25.83343],[82.20028,25.83279],[82.19892,25.83124],[82.19846,25.82991],[82.1995,25.82635],[82.19981,25.82434],[82.19924,25.82336],[82.1983,25.82295],[82.19622,25.8233],[82.19512,25.82375],[82.19379,25.8245],[82.19094,25.82657],[82.18788,25.82892],[82.18383,25.8311],[82.18147,25.83196],[82.17774,25.83272],[82.17596,25.83334],[82.17433,25.83264],[82.17077,25.82947],[82.16964,25.82832],[82.16812,25.82608],[82.16793,25.82401],[82.16953,25.82154],[82.17011,25.82038],[82.17081,25.81935],[82.1717,25.81607],[82.1714,25.81441],[82.1714,25.81256],[82.17116,25.81125],[82.1728,25.80901],[82.17363,25.80745],[82.17426,25.80544],[82.17294,25.80348],[82.17212,25.80364],[82.16985,25.80389],[82.16598,25.80451],[82.16406,25.80381],[82.16363,25.80329],[82.16206,25.79984],[82.16082,25.79374],[82.16202,25.79132],[82.16319,25.79029],[82.16423,25.78915],[82.16552,25.78753],[82.1673,25.78621],[82.16856,25.78512],[82.1704,25.78421],[82.17226,25.78225],[82.17195,25.7811],[82.17251,25.77972],[82.17336,25.77685],[82.17488,25.77443],[82.17609,25.77208],[82.17773,25.77116],[82.17925,25.77128],[82.18051,25.77162],[82.18388,25.77283],[82.18484,25.77267],[82.18641,25.77158],[82.18729,25.77042],[82.188,25.76858],[82.18801,25.76629],[82.18572,25.7657],[82.17871,25.76587],[82.1768,25.76564],[82.17719,25.7646],[82.17732,25.76264],[82.17796,25.76086],[82.17884,25.75891],[82.18024,25.75672],[82.18127,25.75535],[82.18266,25.75189],[82.18459,25.74867],[82.18483,25.74632],[82.18624,25.7443],[82.18789,25.7435],[82.18789,25.74282],[82.18644,25.73965],[82.18569,25.73867],[82.1848,25.73701],[82.18387,25.73568],[82.18304,25.73389],[82.18229,25.73199],[82.18211,25.72963],[82.18243,25.72809],[82.18268,25.72618],[82.18264,25.72417],[82.1823,25.72216],[82.18163,25.71934],[82.18131,25.71756],[82.18044,25.7148],[82.17898,25.71209],[82.17759,25.70984],[82.17742,25.70915],[82.17564,25.7069],[82.17496,25.70415],[82.17217,25.70465],[82.1706,25.70558],[82.16901,25.70672],[82.16652,25.70827],[82.16526,25.70891],[82.16317,25.70838],[82.16198,25.70775],[82.16026,25.70579],[82.15946,25.70252],[82.15878,25.70051],[82.15852,25.69883],[82.15658,25.69175],[82.1562,25.68934],[82.1552,25.68674],[82.15376,25.68501],[82.15211,25.68363],[82.14983,25.68305],[82.14724,25.68258],[82.14706,25.68435],[82.1473,25.68585],[82.14306,25.6858],[82.14179,25.68613],[82.14065,25.68658],[82.13927,25.68693],[82.13814,25.68733],[82.13629,25.68756],[82.13522,25.68785],[82.13344,25.68733],[82.13211,25.68669],[82.12882,25.68559],[82.12706,25.68541],[82.12466,25.68558],[82.12274,25.68541],[82.11927,25.68552],[82.11731,25.68523],[82.11541,25.68454],[82.11416,25.68321],[82.1132,25.68119],[82.11327,25.68074],[82.11309,25.67809],[82.11411,25.67596],[82.11425,25.67544],[82.11437,25.67343],[82.11477,25.67119],[82.11516,25.67044],[82.11546,25.6694],[82.11559,25.66825],[82.11599,25.66744],[82.11574,25.66681],[82.1151,25.66618],[82.11432,25.66561],[82.11157,25.66307],[82.11005,25.6626],[82.10897,25.66197],[82.10474,25.65914],[82.10354,25.65856],[82.10184,25.65753],[82.09968,25.65804],[82.09835,25.65925],[82.09715,25.65994],[82.09638,25.66063],[82.09505,25.66143],[82.09188,25.66298],[82.08916,25.66355],[82.08778,25.66367],[82.08592,25.66354],[82.08537,25.66401],[82.08339,25.66434],[82.08207,25.66399],[82.08131,25.66388],[82.08055,25.66353],[82.07947,25.66342],[82.07841,25.6629],[82.07809,25.66157],[82.07709,25.66003],[82.07658,25.65943],[82.07455,25.65961],[82.07272,25.66006],[82.07102,25.66016],[82.06904,25.6604],[82.06561,25.6612],[82.06316,25.66147],[82.06152,25.66193],[82.05923,25.66205],[82.05695,25.66227],[82.05422,25.66238],[82.05271,25.66273],[82.05176,25.66387],[82.05219,25.66641],[82.0549,25.67142],[82.05533,25.67239],[82.05766,25.67746],[82.05841,25.67942],[82.05871,25.68195],[82.05853,25.68252],[82.0565,25.68373],[82.05567,25.68441],[82.05211,25.68695],[82.05045,25.68706],[82.04864,25.68739],[82.04494,25.68883],[82.04279,25.68951],[82.03994,25.6913],[82.03822,25.6918],[82.03436,25.69318],[82.0331,25.6934],[82.03031,25.69427],[82.02848,25.6946],[82.02725,25.69512],[82.02548,25.69626],[82.02227,25.69805],[82.021,25.69885],[82.01922,25.69965],[82.01833,25.69982],[82.01598,25.70057],[82.01408,25.7008],[82.01199,25.70015],[82.01009,25.70032],[82.00668,25.70008],[82.0044,25.70008],[82.00352,25.70037],[82.00231,25.70168],[82.00323,25.70503],[82.00406,25.70623],[82.0048,25.70716],[82.00626,25.7082],[82.00797,25.70918],[82.01252,25.71099],[82.01385,25.71143],[82.01492,25.71166],[82.01632,25.71179],[82.01764,25.71219],[82.01789,25.71271],[82.01958,25.71513],[82.02349,25.71957],[82.02647,25.72188],[82.03031,25.72609],[82.03112,25.72689],[82.03099,25.72873],[82.02869,25.73178],[82.02704,25.73344],[82.02508,25.7358],[82.02344,25.73735],[82.02076,25.74004],[82.01904,25.74117],[82.01744,25.74263],[82.01691,25.7429],[82.01505,25.74427],[82.01396,25.74557],[82.01228,25.7467],[82.01064,25.7472],[82.00899,25.74778],[82.00579,25.7483],[82.00454,25.74917],[82.00352,25.7493],[82.00157,25.74943],[81.99846,25.74945],[81.99596,25.74955],[81.99111,25.74885],[81.98869,25.74832],[81.98005,25.7512],[81.97651,25.74456],[81.97666,25.74217],[81.97294,25.73922],[81.96873,25.73873],[81.96386,25.73983],[81.96142,25.74203],[81.9575,25.74366],[81.94847,25.74222],[81.9371,25.74369],[81.93355,25.74579],[81.92527,25.75434],[81.923,25.75509],[81.91838,25.74742],[81.91544,25.73885],[81.91674,25.73317],[81.91612,25.73075],[81.91396,25.72678],[81.90969,25.7248],[81.90831,25.72301],[81.90874,25.71755],[81.89898,25.71577],[81.89334,25.71716],[81.8858,25.72211],[81.88271,25.71526],[81.88111,25.71456],[81.87776,25.71574],[81.87262,25.72025],[81.87312,25.72151],[81.87251,25.72421],[81.86959,25.7257],[81.86182,25.7265],[81.85741,25.71957],[81.85633,25.71934],[81.85273,25.72144],[81.85223,25.72609],[81.84692,25.72823],[81.83783,25.73489],[81.83442,25.72918],[81.82419,25.73084],[81.81839,25.72879],[81.81631,25.72907],[81.81567,25.73474],[81.81867,25.74556],[81.80126,25.75061],[81.79709,25.75253],[81.79139,25.75307],[81.78439,25.75256],[81.76884,25.74825],[81.76263,25.74557],[81.75703,25.74202],[81.74904,25.73955],[81.7459,25.73733],[81.74444,25.73383],[81.74403,25.72957],[81.74642,25.72287],[81.74871,25.72019],[81.73642,25.70188],[81.73958,25.69938],[81.74794,25.69687],[81.74846,25.69571],[81.74865,25.68957],[81.74721,25.68278],[81.74405,25.67493],[81.74207,25.67228],[81.73879,25.67237],[81.73442,25.67412],[81.72588,25.67578],[81.71854,25.67813],[81.71526,25.67799],[81.71026,25.67434],[81.7083,25.6745],[81.70259,25.67703],[81.69447,25.67524],[81.69164,25.67431],[81.6884,25.67083],[81.68782,25.66588],[81.6903,25.66425],[81.70879,25.66272],[81.71391,25.66368],[81.71272,25.65499],[81.71321,25.65087],[81.71484,25.64772],[81.71842,25.64596],[81.72628,25.64166],[81.7265,25.63924],[81.72498,25.63446],[81.71841,25.62861],[81.71312,25.62851],[81.70473,25.63201],[81.6991,25.63633],[81.69499,25.63733],[81.68945,25.637],[81.68113,25.63418],[81.67805,25.63507],[81.67636,25.63478],[81.6732,25.63366],[81.6686,25.62827],[81.65833,25.62113],[81.65784,25.61923],[81.65498,25.61697],[81.65095,25.61573],[81.64777,25.61725],[81.64691,25.62087],[81.64256,25.6207],[81.63905,25.62488],[81.6367,25.62625],[81.62982,25.63371],[81.62725,25.63822],[81.6264,25.64086],[81.62675,25.64287],[81.62864,25.64416],[81.63593,25.64566],[81.63718,25.64842],[81.63245,25.6524],[81.62932,25.65588],[81.62899,25.65726],[81.63423,25.66316],[81.63408,25.6658],[81.62945,25.6676],[81.62416,25.66698],[81.61237,25.66814],[81.60267,25.67122],[81.60027,25.67115],[81.60062,25.66874],[81.59938,25.6662],[81.59746,25.66313],[81.59515,25.66197],[81.59418,25.6588],[81.59666,25.65681],[81.5955,25.65244],[81.59704,25.6505],[81.60159,25.64824],[81.60252,25.65008],[81.60185,25.65312],[81.6118,25.64832],[81.61348,25.64605],[81.61273,25.62856],[81.61073,25.62683],[81.60262,25.62291],[81.59975,25.62041],[81.59854,25.61661],[81.60465,25.61242],[81.60562,25.59649],[81.60328,25.59407],[81.60091,25.58952],[81.59489,25.58683],[81.58128,25.58579],[81.57865,25.58422],[81.57763,25.58185],[81.57169,25.57634],[81.56072,25.5717],[81.54948,25.57408],[81.5429,25.57983],[81.53932,25.59048],[81.53076,25.60574],[81.52524,25.62017],[81.52242,25.62302],[81.51191,25.62171],[81.50775,25.61989],[81.49472,25.62465],[81.48734,25.62552],[81.48505,25.62732],[81.4838,25.63122],[81.47712,25.63569],[81.46865,25.6374],[81.4633,25.63597],[81.46165,25.63641],[81.45786,25.63844],[81.43998,25.65505],[81.43383,25.65918],[81.42717,25.6655],[81.42212,25.67181],[81.41474,25.67692],[81.41055,25.68326],[81.40034,25.68797],[81.38913,25.68678],[81.38083,25.68865],[81.37467,25.69261],[81.37166,25.69586],[81.36452,25.70129],[81.36133,25.70885],[81.36152,25.71241],[81.36009,25.71613],[81.36649,25.7193],[81.36996,25.7195],[81.37678,25.72331],[81.38084,25.73242],[81.39005,25.74137],[81.39392,25.74635],[81.39613,25.75073],[81.39688,25.75625],[81.39542,25.76647],[81.39271,25.77098],[81.38735,25.77472],[81.37603,25.77701],[81.36051,25.77599],[81.35497,25.78019],[81.33092,25.8074],[81.32791,25.81432],[81.33294,25.81743],[81.34058,25.82711],[81.34574,25.82877],[81.34462,25.83261],[81.34498,25.83703],[81.34146,25.84251],[81.33935,25.84347],[81.33665,25.84292],[81.3319,25.84355],[81.33044,25.84508],[81.32393,25.84835],[81.32224,25.85011],[81.32182,25.85643],[81.31829,25.86099],[81.32626,25.87423],[81.33692,25.87049],[81.34065,25.87082],[81.34381,25.87361],[81.35088,25.87041],[81.3573,25.87094],[81.36004,25.86942],[81.36342,25.87083],[81.36544,25.87206],[81.36684,25.87466],[81.36419,25.88624],[81.36623,25.88931],[81.37119,25.89016],[81.3737,25.88862],[81.3885,25.89161],[81.39734,25.89601],[81.40315,25.90037],[81.40748,25.90818],[81.4118,25.9108],[81.41464,25.91106],[81.41684,25.91293],[81.41878,25.91892],[81.42236,25.92206],[81.42554,25.92335],[81.43228,25.92061],[81.43542,25.92196],[81.43384,25.92786],[81.43482,25.92971],[81.43289,25.93693],[81.43482,25.93931],[81.43864,25.94118],[81.44586,25.94051],[81.4464,25.93896],[81.44216,25.93295],[81.44268,25.93244],[81.45081,25.9343],[81.461,25.93785],[81.46307,25.9389],[81.46449,25.94207],[81.46821,25.94344],[81.47019,25.94086],[81.4708,25.93759],[81.47247,25.93462],[81.47873,25.93509],[81.47971,25.93706],[81.48137,25.94717],[81.48392,25.94996],[81.48763,25.95086],[81.49638,25.94928],[81.50005,25.95402],[81.50114,25.95965],[81.49972,25.96177],[81.49641,25.96369],[81.49319,25.96285],[81.48584,25.96416],[81.48347,25.96679],[81.48884,25.97205],[81.49719,25.97718],[81.50026,25.97556],[81.50916,25.96678],[81.50937,25.96283],[81.51298,25.96326],[81.51434,25.96068],[81.516,25.95944],[81.52086,25.9604],[81.52746,25.96675],[81.53314,25.97012],[81.53364,25.97103],[81.53693,25.97175],[81.54684,25.96937],[81.54903,25.97202],[81.56261,25.97739],[81.5741,25.96982],[81.57669,25.96949],[81.58195,25.97103],[81.58481,25.97013],[81.58682,25.97032],[81.58638,25.97948],[81.58244,25.97962],[81.58091,25.98172],[81.57688,25.98474],[81.57202,25.98612],[81.56706,25.98975],[81.56287,25.99056],[81.56152,25.99296],[81.55945,25.99402],[81.54947,26.00501],[81.55562,26.01064],[81.56097,26.0198],[81.56073,26.02204],[81.56158,26.02416],[81.56023,26.03025],[81.55844,26.03297],[81.55618,26.03366],[81.55118,26.03058],[81.54832,26.03048],[81.54556,26.03142],[81.5346,26.02893],[81.53031,26.02918],[81.5314,26.0313],[81.54019,26.0373],[81.5344,26.04526],[81.53208,26.04726],[81.53011,26.04567],[81.52923,26.04049],[81.52852,26.03896],[81.52724,26.03851],[81.52174,26.0387],[81.5191,26.03733],[81.51403,26.03713],[81.50964,26.03859],[81.50958,26.04065],[81.51177,26.04563],[81.51783,26.04538],[81.52454,26.05138],[81.52426,26.05746],[81.52686,26.06658],[81.5283,26.06589],[81.53014,26.06278],[81.53284,26.06098],[81.54001,26.05918],[81.54244,26.06445],[81.5493,26.06435],[81.5546,26.06812],[81.55998,26.07728],[81.55328,26.0822],[81.55382,26.08914],[81.54743,26.09428],[81.54458,26.10469],[81.54009,26.10551],[81.53412,26.10255],[81.53033,26.10457],[81.52969,26.10579],[81.53296,26.11169],[81.53109,26.11577],[81.53202,26.12312],[81.53426,26.12649],[81.53641,26.12557],[81.5412,26.13191],[81.54742,26.13367],[81.54878,26.13596],[81.55124,26.13555],[81.55511,26.13656],[81.55773,26.13833],[81.56074,26.14394],[81.56271,26.14594],[81.57488,26.14525],[81.58261,26.1443],[81.5864,26.14468],[81.58978,26.14627],[81.59341,26.14975],[81.59395,26.15147],[81.59655,26.15359],[81.60297,26.15648],[81.60516,26.16928],[81.60742,26.1769],[81.60871,26.18045],[81.61022,26.18256],[81.61417,26.18138],[81.61998,26.17717],[81.62433,26.1752],[81.62515,26.17221],[81.62535,26.16439],[81.62857,26.16197],[81.63439,26.1594],[81.64012,26.15489],[81.6446,26.14982],[81.64615,26.14511]]]}},{"type":"Feature","properties":{"ID_0":105,"ISO":"IND","NAME_0":"India","ID_1":33,"NAME_1":"Uttar Pradesh","ID_2":550,"NAME_2":"Rae Bareli","NL_NAME_2":null,"VARNAME_2":"Rai Bareli, Rai Bareilly","TYPE_2":"District","ENGTYPE_2":"District","STATE":"Uttar Pradesh","DISTRICT":"Rae Bareli"},"geometry":{"type":"Polygon","coordinates":[[[81.19357,26.60258],[81.1965,26.59977],[81.20139,26.59735],[81.20502,26.59862],[81.21019,26.60296],[81.21603,26.60002],[81.22309,26.59482],[81.23466,26.59118],[81.23993,26.58808],[81.24394,26.58198],[81.26163,26.57665],[81.27307,26.57456],[81.28045,26.56955],[81.28711,26.56258],[81.29112,26.55705],[81.29231,26.55332],[81.29288,26.54706],[81.30654,26.54375],[81.30782,26.54393],[81.31389,26.54999],[81.31561,26.55407],[81.31796,26.55572],[81.32286,26.55473],[81.32813,26.55201],[81.33054,26.54988],[81.33454,26.54872],[81.343,26.54841],[81.34766,26.55057],[81.35883,26.56564],[81.36305,26.57935],[81.3704,26.58919],[81.3737,26.59164],[81.383,26.58978],[81.38438,26.5795],[81.38589,26.57795],[81.38939,26.57776],[81.39086,26.57413],[81.39479,26.57321],[81.39804,26.5744],[81.40445,26.57128],[81.40699,26.56909],[81.41686,26.56819],[81.42564,26.56535],[81.42892,26.56615],[81.42972,26.56768],[81.43295,26.56727],[81.43817,26.56495],[81.44083,26.56592],[81.43907,26.56919],[81.43874,26.5715],[81.44106,26.57344],[81.4494,26.57553],[81.45238,26.57541],[81.45791,26.57004],[81.46156,26.56297],[81.46626,26.55756],[81.46656,26.55543],[81.47103,26.55978],[81.4771,26.54684],[81.47861,26.54435],[81.48059,26.54331],[81.48351,26.54571],[81.48482,26.54892],[81.48672,26.55018],[81.49423,26.55163],[81.5065,26.55147],[81.50788,26.54808],[81.50824,26.53849],[81.50774,26.537],[81.50175,26.53701],[81.50077,26.53549],[81.50193,26.53289],[81.50313,26.53174],[81.51147,26.53245],[81.52131,26.53206],[81.52705,26.53038],[81.53262,26.52553],[81.52929,26.51859],[81.53115,26.51038],[81.53605,26.50743],[81.54659,26.50548],[81.55008,26.50391],[81.55097,26.50023],[81.54546,26.49153],[81.54443,26.48781],[81.54518,26.48447],[81.54834,26.48194],[81.54681,26.47873],[81.55865,26.46851],[81.56287,26.46292],[81.56189,26.45317],[81.55884,26.44916],[81.55297,26.44471],[81.54581,26.43682],[81.54498,26.4331],[81.54554,26.42976],[81.54361,26.42851],[81.53745,26.42859],[81.53671,26.42033],[81.53658,26.41654],[81.53992,26.40751],[81.5442,26.40325],[81.55552,26.40165],[81.55575,26.40116],[81.55709,26.39841],[81.5566,26.38866],[81.55449,26.38494],[81.5483,26.37935],[81.54803,26.37584],[81.5491,26.37256],[81.5591,26.36167],[81.56016,26.35914],[81.55672,26.35589],[81.55563,26.35284],[81.5548,26.33883],[81.55143,26.33426],[81.55273,26.32616],[81.54985,26.3229],[81.54646,26.31574],[81.54608,26.31304],[81.55106,26.30825],[81.54907,26.30206],[81.54983,26.29954],[81.55235,26.29699],[81.55374,26.29457],[81.55391,26.29153],[81.55562,26.28957],[81.5591,26.28927],[81.56017,26.28351],[81.5627,26.28196],[81.57056,26.2821],[81.575,26.28041],[81.57593,26.27581],[81.57497,26.271],[81.57127,26.26636],[81.57005,26.26172],[81.57213,26.26113],[81.57434,26.25923],[81.57446,26.25652],[81.58104,26.25328],[81.58265,26.24742],[81.58253,26.24483],[81.58448,26.24],[81.58242,26.23312],[81.58525,26.2253],[81.5909,26.22596],[81.59359,26.22417],[81.59761,26.22489],[81.60281,26.22394],[81.60452,26.22285],[81.60691,26.21922],[81.60718,26.21004],[81.60793,26.20773],[81.60171,26.19307],[81.60455,26.18794],[81.60942,26.1851],[81.61022,26.18256],[81.60871,26.18045],[81.60742,26.1769],[81.60516,26.16928],[81.60297,26.15648],[81.59655,26.15359],[81.59395,26.15147],[81.59341,26.14975],[81.58978,26.14627],[81.5864,26.14468],[81.58261,26.1443],[81.57488,26.14525],[81.56271,26.14594],[81.56074,26.14394],[81.55773,26.13833],[81.55511,26.13656],[81.55124,26.13555],[81.54878,26.13596],[81.54742,26.13367],[81.5412,26.13191],[81.53641,26.12557],[81.53426,26.12649],[81.53202,26.12312],[81.53109,26.11577],[81.53296,26.11169],[81.52969,26.10579],[81.53033,26.10457],[81.53412,26.10255],[81.54009,26.10551],[81.54458,26.10469],[81.54743,26.09428],[81.55382,26.08914],[81.55328,26.0822],[81.55998,26.07728],[81.5546,26.06812],[81.5493,26.06435],[81.54244,26.06445],[81.54001,26.05918],[81.53284,26.06098],[81.53014,26.06278],[81.5283,26.06589],[81.52686,26.06658],[81.52426,26.05746],[81.52454,26.05138],[81.51783,26.04538],[81.51177,26.04563],[81.50958,26.04065],[81.50964,26.03859],[81.51403,26.03713],[81.5191,26.03733],[81.52174,26.0387],[81.52724,26.03851],[81.52852,26.03896],[81.52923,26.04049],[81.53011,26.04567],[81.53208,26.04726],[81.5344,26.04526],[81.54019,26.0373],[81.5314,26.0313],[81.53031,26.02918],[81.5346,26.02893],[81.54556,26.03142],[81.54832,26.03048],[81.55118,26.03058],[81.55618,26.03366],[81.55844,26.03297],[81.56023,26.03025],[81.56158,26.02416],[81.56073,26.02204],[81.56097,26.0198],[81.55562,26.01064],[81.54947,26.00501],[81.55945,25.99402],[81.56152,25.99296],[81.56287,25.99056],[81.56706,25.98975],[81.57202,25.98612],[81.57688,25.98474],[81.58091,25.98172],[81.58244,25.97962],[81.58638,25.97948],[81.58682,25.97032],[81.58481,25.97013],[81.58195,25.97103],[81.57669,25.96949],[81.5741,25.96982],[81.56261,25.97739],[81.54903,25.97202],[81.54684,25.96937],[81.53693,25.97175],[81.53364,25.97103],[81.53314,25.97012],[81.52746,25.96675],[81.52086,25.9604],[81.516,25.95944],[81.51434,25.96068],[81.51298,25.96326],[81.50937,25.96283],[81.50916,25.96678],[81.50026,25.97556],[81.49719,25.97718],[81.48884,25.97205],[81.48347,25.96679],[81.48584,25.96416],[81.49319,25.96285],[81.49641,25.96369],[81.49972,25.96177],[81.50114,25.95965],[81.50005,25.95402],[81.49638,25.94928],[81.48763,25.95086],[81.48392,25.94996],[81.48137,25.94717],[81.47971,25.93706],[81.47873,25.93509],[81.47247,25.93462],[81.4708,25.93759],[81.47019,25.94086],[81.46821,25.94344],[81.46449,25.94207],[81.46307,25.9389],[81.461,25.93785],[81.45081,25.9343],[81.44268,25.93244],[81.44216,25.93295],[81.4464,25.93896],[81.44586,25.94051],[81.43864,25.94118],[81.43482,25.93931],[81.43289,25.93693],[81.43482,25.92971],[81.43384,25.92786],[81.43542,25.92196],[81.43228,25.92061],[81.42554,25.92335],[81.42236,25.92206],[81.41878,25.91892],[81.41684,25.91293],[81.41464,25.91106],[81.4118,25.9108],[81.40748,25.90818],[81.40315,25.90037],[81.39734,25.89601],[81.3885,25.89161],[81.3737,25.88862],[81.37119,25.89016],[81.36623,25.88931],[81.36419,25.88624],[81.36684,25.87466],[81.36544,25.87206],[81.36342,25.87083],[81.36004,25.86942],[81.3573,25.87094],[81.35088,25.87041],[81.34381,25.87361],[81.34065,25.87082],[81.33692,25.87049],[81.32626,25.87423],[81.31829,25.86099],[81.32182,25.85643],[81.32224,25.85011],[81.32393,25.84835],[81.33044,25.84508],[81.3319,25.84355],[81.33665,25.84292],[81.33935,25.84347],[81.34146,25.84251],[81.34498,25.83703],[81.34462,25.83261],[81.34574,25.82877],[81.34058,25.82711],[81.33294,25.81743],[81.32791,25.81432],[81.32694,25.81454],[81.3194,25.82413],[81.30115,25.83873],[81.28792,25.84789],[81.27968,25.8497],[81.27355,25.8494],[81.26431,25.8509],[81.2485,25.8571],[81.23024,25.86171],[81.22459,25.86537],[81.22303,25.86867],[81.21941,25.87042],[81.21555,25.87399],[81.21208,25.87832],[81.21104,25.88123],[81.21095,25.88898],[81.20845,25.90164],[81.20679,25.91739],[81.20828,25.92493],[81.2077,25.93073],[81.20159,25.93188],[81.19426,25.93159],[81.19369,25.93945],[81.17184,25.93765],[81.1653,25.93894],[81.15872,25.93921],[81.15553,25.94135],[81.15931,25.94652],[81.1568,25.94959],[81.14195,25.95178],[81.13319,25.95393],[81.12772,25.95428],[81.12286,25.95372],[81.10741,25.95931],[81.10576,25.96255],[81.10911,25.97721],[81.09542,25.98525],[81.0901,25.98571],[81.08662,25.9889],[81.06297,26.00115],[81.05892,26.0047],[81.05462,26.01024],[81.05509,26.01561],[81.05677,26.02002],[81.05055,26.02571],[81.03963,26.03939],[81.03211,26.05188],[81.02868,26.05543],[81.02197,26.06087],[81.01398,26.0649],[81.01031,26.06796],[81.00454,26.06964],[80.99099,26.07206],[80.97992,26.0699],[80.9696,26.06875],[80.96803,26.07128],[80.96293,26.07301],[80.95763,26.07185],[80.94047,26.07042],[80.93116,26.07033],[80.90926,26.05865],[80.90008,26.05925],[80.88364,26.05956],[80.88034,26.05891],[80.86758,26.05043],[80.8573,26.04869],[80.85282,26.04658],[80.84263,26.04106],[80.83232,26.03932],[80.81746,26.03507],[80.80254,26.03756],[80.79258,26.04595],[80.78033,26.05668],[80.77229,26.06298],[80.75843,26.07335],[80.75201,26.07779],[80.739,26.08126],[80.72655,26.08537],[80.69933,26.09138],[80.68484,26.09898],[80.67496,26.10361],[80.66766,26.10954],[80.66753,26.11718],[80.66715,26.12609],[80.67696,26.12023],[80.6837,26.11948],[80.68994,26.11941],[80.69136,26.12185],[80.69041,26.12816],[80.68654,26.13526],[80.68561,26.14117],[80.6799,26.14676],[80.68498,26.15565],[80.68856,26.16511],[80.69862,26.16341],[80.70796,26.1705],[80.71511,26.17528],[80.72274,26.18097],[80.72753,26.17721],[80.72997,26.17666],[80.73667,26.1858],[80.74014,26.18789],[80.7475,26.19049],[80.75478,26.18818],[80.76176,26.18691],[80.76711,26.19346],[80.76933,26.19923],[80.76179,26.20417],[80.75739,26.20741],[80.76257,26.21707],[80.77239,26.21185],[80.78117,26.21147],[80.79169,26.21316],[80.79362,26.21651],[80.80315,26.2125],[80.80346,26.2071],[80.81338,26.20661],[80.81698,26.21504],[80.8102,26.21752],[80.8158,26.22522],[80.81696,26.23155],[80.82089,26.23659],[80.82684,26.24044],[80.83327,26.23935],[80.83687,26.24151],[80.8354,26.24869],[80.83784,26.24691],[80.8387,26.24859],[80.84106,26.24896],[80.84444,26.25245],[80.84741,26.26173],[80.8552,26.27181],[80.86356,26.27661],[80.87091,26.28312],[80.8765,26.29203],[80.87856,26.29671],[80.87256,26.29852],[80.87418,26.30249],[80.86973,26.30342],[80.87216,26.30726],[80.86927,26.30999],[80.86197,26.3098],[80.8625,26.32074],[80.85738,26.32529],[80.84856,26.33172],[80.84561,26.33214],[80.83702,26.33303],[80.83276,26.3384],[80.82859,26.34417],[80.8229,26.34606],[80.82271,26.35388],[80.82702,26.36151],[80.82985,26.36493],[80.83687,26.37603],[80.84496,26.37353],[80.85155,26.37004],[80.85622,26.37399],[80.85944,26.36948],[80.85838,26.36712],[80.85575,26.36352],[80.85792,26.36073],[80.87628,26.36403],[80.88233,26.36207],[80.88429,26.35777],[80.88351,26.35271],[80.88464,26.3477],[80.89214,26.35485],[80.90128,26.35643],[80.91002,26.35431],[80.91348,26.34966],[80.91595,26.34558],[80.92507,26.35535],[80.92927,26.36157],[80.93793,26.35327],[80.9409,26.34929],[80.93942,26.34204],[80.94075,26.33818],[80.94083,26.33434],[80.93392,26.32528],[80.93624,26.32124],[80.94021,26.31847],[80.94261,26.31215],[80.9505,26.31194],[80.96011,26.3115],[80.96561,26.31462],[80.97228,26.31324],[80.97609,26.31574],[80.98006,26.31923],[80.98955,26.31858],[80.99075,26.32114],[80.99301,26.32648],[80.99355,26.33044],[80.99195,26.33616],[80.99074,26.33817],[80.99075,26.35028],[80.99859,26.35867],[81.00563,26.35988],[81.00993,26.36149],[81.01485,26.36644],[81.01691,26.36665],[81.0248,26.36523],[81.02874,26.36563],[81.03057,26.37011],[81.04167,26.37813],[81.04079,26.38037],[81.03541,26.38082],[81.03053,26.37956],[81.02867,26.37996],[81.02747,26.38092],[81.02723,26.38277],[81.02608,26.38322],[81.02291,26.38042],[81.02181,26.38088],[81.02399,26.38975],[81.02349,26.39504],[81.02144,26.39997],[81.01814,26.40331],[81.01678,26.40773],[81.01814,26.41146],[81.02181,26.41428],[81.022,26.41657],[81.021,26.41743],[81.01699,26.41727],[81.01736,26.42087],[81.01515,26.42214],[81.01361,26.42462],[81.01208,26.42547],[81.01045,26.42553],[81.00898,26.42116],[81.00689,26.42271],[81.00594,26.4245],[81.00192,26.4268],[81.00148,26.42881],[81.00378,26.43465],[80.9983,26.44162],[80.99065,26.44576],[80.98817,26.44958],[80.98582,26.45528],[80.98421,26.46008],[80.98374,26.46535],[80.98256,26.47052],[80.97898,26.47229],[80.9758,26.47231],[80.97528,26.47461],[80.9753,26.47821],[80.97771,26.48044],[80.97923,26.48244],[80.97863,26.48605],[80.98179,26.48794],[80.98282,26.486],[80.9843,26.48473],[80.98426,26.48188],[80.98424,26.47856],[80.98695,26.47983],[80.98898,26.48095],[80.9906,26.48176],[80.99209,26.4856],[80.9941,26.48816],[80.99466,26.49093],[80.99373,26.49475],[80.99233,26.49703],[80.99059,26.49783],[80.9879,26.49988],[80.98489,26.50214],[80.98386,26.50416],[80.98468,26.50616],[80.98554,26.50713],[80.98751,26.50841],[80.98898,26.50859],[80.99059,26.50783],[80.99603,26.50474],[80.99791,26.50929],[80.99507,26.51205],[80.99059,26.51357],[80.98869,26.51389],[80.98658,26.51378],[80.98569,26.51488],[80.98612,26.51609],[80.99059,26.51794],[80.9958,26.51769],[80.99779,26.51668],[80.99841,26.51804],[80.99635,26.52079],[80.99271,26.52166],[80.99216,26.52444],[80.99237,26.5278],[80.99274,26.53383],[80.99252,26.53662],[80.99055,26.53985],[80.99335,26.53839],[80.99928,26.53517],[81.00359,26.53173],[81.00691,26.53206],[81.0164,26.5283],[81.01827,26.52626],[81.02316,26.52353],[81.0233,26.51934],[81.02731,26.51488],[81.02917,26.51135],[81.03196,26.50896],[81.03518,26.50698],[81.03799,26.50636],[81.04176,26.50672],[81.05177,26.5154],[81.05585,26.52209],[81.06361,26.52563],[81.06694,26.52592],[81.06816,26.52751],[81.06744,26.53224],[81.0679,26.53745],[81.07526,26.54126],[81.08139,26.54281],[81.08394,26.54584],[81.08523,26.54927],[81.0851,26.55581],[81.08588,26.55877],[81.09064,26.56461],[81.09439,26.56724],[81.09821,26.56644],[81.10883,26.56089],[81.11342,26.56227],[81.11749,26.5644],[81.12025,26.5707],[81.12392,26.57501],[81.12501,26.58029],[81.12767,26.58287],[81.12856,26.58569],[81.13347,26.59102],[81.13607,26.59201],[81.14956,26.59159],[81.15376,26.5928],[81.15646,26.59738],[81.16424,26.60144],[81.16957,26.60143],[81.17339,26.60252],[81.17403,26.60328],[81.17281,26.6086],[81.17561,26.60957],[81.18084,26.60933],[81.19357,26.60258]]]}},{"type":"Feature","properties":{"ID_0":105,"ISO":"IND","NAME_0":"India","ID_1":33,"NAME_1":"Uttar Pradesh","ID_2":551,"NAME_2":"Rampur","NL_NAME_2":null,"VARNAME_2":null,"TYPE_2":"District","ENGTYPE_2":"District","STATE":"Uttar Pradesh","DISTRICT":"Rampur"},"geometry":{"type":"Polygon","coordinates":[[[79.03823,29.16629],[79.04613,29.15473],[79.05438,29.15518],[79.05948,29.15627],[79.07286,29.15199],[79.09224,29.13674],[79.10075,29.13168],[79.10854,29.13044],[79.11362,29.13066],[79.11779,29.13388],[79.13081,29.12936],[79.13384,29.12416],[79.14222,29.11973],[79.14398,29.10662],[79.1432,29.09895],[79.13702,29.09091],[79.13472,29.08191],[79.13699,29.06934],[79.1437,29.06009],[79.15346,29.05477],[79.16541,29.05126],[79.16016,29.04332],[79.15867,29.03421],[79.15421,29.03292],[79.15452,29.02741],[79.15828,29.02288],[79.1641,29.02059],[79.16563,29.0173],[79.16859,29.01586],[79.1776,29.01962],[79.18494,29.01801],[79.18296,29.02421],[79.19759,29.02209],[79.19911,29.02528],[79.20403,29.0291],[79.21117,29.0237],[79.22154,29.01729],[79.23775,29.00684],[79.23937,28.9999],[79.2439,28.99648],[79.24997,28.99218],[79.25802,28.98695],[79.26434,28.98214],[79.26846,28.9774],[79.27052,28.97543],[79.27365,28.97287],[79.27888,28.96484],[79.286,28.9605],[79.29548,28.9543],[79.29893,28.95311],[79.30151,28.95285],[79.30468,28.95394],[79.30719,28.95847],[79.31216,28.95806],[79.31659,28.95679],[79.32095,28.95676],[79.32881,28.9554],[79.33369,28.95498],[79.33764,28.95453],[79.3439,28.95313],[79.34962,28.9521],[79.35189,28.95243],[79.35477,28.95341],[79.3539,28.95682],[79.35275,28.95882],[79.35285,28.96123],[79.35508,28.96528],[79.35712,28.96798],[79.35967,28.97048],[79.36339,28.96666],[79.36507,28.96199],[79.36743,28.95995],[79.36897,28.95768],[79.37074,28.95458],[79.37225,28.95118],[79.37252,28.94763],[79.37337,28.94186],[79.3749,28.93939],[79.37703,28.93705],[79.37934,28.93629],[79.38498,28.93731],[79.38943,28.9383],[79.39556,28.93675],[79.39831,28.93516],[79.40144,28.93226],[79.40262,28.92904],[79.4014,28.92137],[79.399,28.91697],[79.40008,28.91101],[79.40124,28.90186],[79.40115,28.89977],[79.40038,28.89559],[79.39565,28.88544],[79.39328,28.88267],[79.3929,28.87888],[79.39059,28.87729],[79.3887,28.87726],[79.38424,28.87901],[79.37981,28.88053],[79.37813,28.88116],[79.37637,28.87984],[79.37253,28.88067],[79.37086,28.87687],[79.37133,28.87234],[79.37271,28.86954],[79.37507,28.86765],[79.38068,28.86366],[79.38235,28.86336],[79.38536,28.8626],[79.39246,28.85958],[79.39758,28.85733],[79.39793,28.85531],[79.39537,28.85355],[79.38892,28.85201],[79.38736,28.85057],[79.38274,28.85211],[79.37962,28.85298],[79.37732,28.8522],[79.37553,28.84785],[79.38167,28.84317],[79.38792,28.84371],[79.39535,28.84317],[79.39592,28.84093],[79.39655,28.83795],[79.39665,28.83289],[79.39365,28.83016],[79.39312,28.8257],[79.38767,28.82552],[79.38163,28.82326],[79.37595,28.82227],[79.37099,28.82677],[79.36842,28.82833],[79.36631,28.82799],[79.3625,28.82602],[79.36089,28.82295],[79.36179,28.82008],[79.36584,28.81491],[79.36538,28.81242],[79.36631,28.80876],[79.36827,28.80595],[79.37103,28.80388],[79.37364,28.80009],[79.37407,28.79689],[79.37477,28.79408],[79.37402,28.79212],[79.37283,28.79041],[79.37285,28.78708],[79.37244,28.78391],[79.37416,28.77839],[79.37784,28.77657],[79.38047,28.77248],[79.38018,28.76673],[79.3765,28.76344],[79.37327,28.76434],[79.36986,28.76539],[79.36565,28.76531],[79.35986,28.76606],[79.35552,28.76938],[79.34945,28.77319],[79.34708,28.77161],[79.34633,28.76429],[79.35143,28.76033],[79.35692,28.75655],[79.3566,28.74947],[79.35345,28.74597],[79.34844,28.74262],[79.34197,28.74114],[79.33887,28.73909],[79.33531,28.73252],[79.33173,28.73157],[79.32874,28.73292],[79.32426,28.73413],[79.32284,28.73275],[79.31748,28.72941],[79.31223,28.73137],[79.29303,28.72494],[79.29012,28.72203],[79.2886,28.71914],[79.28698,28.71449],[79.28533,28.71024],[79.28378,28.70499],[79.28179,28.70101],[79.27949,28.69629],[79.27638,28.69048],[79.27449,28.68639],[79.27145,28.68153],[79.26817,28.6768],[79.2654,28.67314],[79.26315,28.67151],[79.26032,28.66768],[79.25692,28.66333],[79.25367,28.65989],[79.25013,28.65739],[79.24732,28.6541],[79.24375,28.65008],[79.23881,28.64661],[79.22763,28.64469],[79.22599,28.64331],[79.226,28.64067],[79.22756,28.63301],[79.22509,28.62543],[79.22476,28.62037],[79.22699,28.61643],[79.23102,28.61334],[79.23071,28.60951],[79.22735,28.60358],[79.22328,28.60061],[79.21871,28.59876],[79.21695,28.59653],[79.21419,28.58978],[79.21246,28.58328],[79.21069,28.57858],[79.1975,28.58553],[79.1944,28.57624],[79.18986,28.56828],[79.18402,28.56266],[79.17908,28.56074],[79.173,28.56331],[79.17211,28.5631],[79.166,28.55479],[79.16074,28.54805],[79.15726,28.54599],[79.15595,28.5464],[79.15153,28.54226],[79.15214,28.53757],[79.15423,28.53324],[79.1548,28.52804],[79.15281,28.52327],[79.14662,28.51583],[79.14392,28.50958],[79.14286,28.50896],[79.14154,28.50822],[79.13792,28.50438],[79.13073,28.49849],[79.12936,28.496],[79.11642,28.49324],[79.11422,28.49092],[79.10624,28.48801],[79.09635,28.49112],[79.08723,28.49221],[79.07369,28.48928],[79.06745,28.48912],[79.07212,28.47796],[79.07224,28.47589],[79.07017,28.47271],[79.06728,28.47031],[79.06149,28.46938],[79.06058,28.46815],[79.05569,28.47034],[79.04946,28.46986],[79.04578,28.47106],[79.04021,28.4713],[79.04012,28.46867],[79.04869,28.46172],[79.04501,28.45491],[79.04032,28.45355],[79.03598,28.45441],[79.03099,28.45387],[79.02393,28.4508],[79.02505,28.44721],[79.02735,28.44426],[79.02193,28.4402],[79.01527,28.44119],[79.01256,28.43902],[79.00599,28.43765],[78.99815,28.44082],[78.99637,28.44098],[78.9892,28.4376],[78.98927,28.39088],[78.97002,28.41112],[78.9667,28.42651],[78.95743,28.43309],[78.94382,28.44344],[78.93671,28.44362],[78.93503,28.44019],[78.92587,28.44404],[78.92663,28.45531],[78.92214,28.45889],[78.91835,28.46578],[78.91507,28.48375],[78.90943,28.48554],[78.91099,28.49275],[78.92194,28.51066],[78.92081,28.51483],[78.92358,28.51723],[78.92719,28.5162],[78.92973,28.519],[78.9299,28.52309],[78.9269,28.5293],[78.92244,28.5348],[78.91764,28.53901],[78.91634,28.546],[78.91861,28.55072],[78.92436,28.5508],[78.92848,28.54972],[78.92786,28.56289],[78.9266,28.56863],[78.90902,28.58057],[78.90746,28.58333],[78.91024,28.58669],[78.90566,28.59307],[78.89578,28.59611],[78.8932,28.59907],[78.89401,28.6096],[78.88471,28.61367],[78.88396,28.61749],[78.87849,28.61835],[78.87276,28.6215],[78.86907,28.62823],[78.86738,28.6354],[78.84931,28.64939],[78.84539,28.65054],[78.83269,28.66358],[78.82807,28.66624],[78.83515,28.67849],[78.82743,28.6867],[78.84211,28.71053],[78.83696,28.71483],[78.83552,28.73024],[78.83742,28.73272],[78.84097,28.73412],[78.84915,28.7317],[78.85386,28.72651],[78.85555,28.71865],[78.8532,28.71468],[78.84985,28.71286],[78.8522,28.70588],[78.85854,28.70301],[78.8682,28.69653],[78.87663,28.7006],[78.89426,28.71223],[78.90269,28.71227],[78.90807,28.71046],[78.93475,28.71895],[78.93372,28.72445],[78.93623,28.7275],[78.93547,28.73261],[78.93776,28.73559],[78.93549,28.73931],[78.94241,28.74474],[78.94145,28.75019],[78.95013,28.75899],[78.95804,28.76409],[78.96437,28.76932],[78.96459,28.77351],[78.96236,28.77901],[78.9591,28.78107],[78.95361,28.78101],[78.94965,28.78488],[78.94552,28.78531],[78.94038,28.78764],[78.94334,28.79252],[78.9494,28.79746],[78.95593,28.79975],[78.9575,28.80438],[78.95743,28.81618],[78.96223,28.81956],[78.96064,28.82702],[78.96082,28.83136],[78.95684,28.83234],[78.95152,28.83123],[78.94806,28.82952],[78.94627,28.82722],[78.94006,28.83034],[78.9303,28.83823],[78.9329,28.84114],[78.92925,28.84285],[78.93298,28.84448],[78.93557,28.85329],[78.93565,28.85595],[78.93257,28.85655],[78.92668,28.86125],[78.92329,28.86063],[78.92118,28.8638],[78.91684,28.86506],[78.91307,28.86237],[78.90548,28.86736],[78.89905,28.86938],[78.89693,28.87777],[78.90098,28.88171],[78.89857,28.88477],[78.89445,28.88611],[78.89532,28.89207],[78.89343,28.89496],[78.87946,28.89717],[78.87633,28.90358],[78.87768,28.91022],[78.87865,28.92474],[78.87848,28.93122],[78.87859,28.93391],[78.88289,28.93395],[78.88462,28.93578],[78.88004,28.93931],[78.88388,28.94152],[78.89067,28.94166],[78.89211,28.9446],[78.88786,28.95253],[78.89057,28.95453],[78.87248,28.96671],[78.88012,28.9797],[78.87328,28.98715],[78.87669,28.99039],[78.89246,28.98645],[78.90195,28.9976],[78.89851,29.00003],[78.90195,29.00266],[78.91101,29.00293],[78.91412,29.00632],[78.92291,29.01306],[78.92471,29.01243],[78.92746,29.0137],[78.9297,29.01919],[78.93241,29.02353],[78.93542,29.0265],[78.93805,29.03891],[78.93684,29.04326],[78.9285,29.05529],[78.92904,29.06165],[78.92605,29.06713],[78.92976,29.07042],[78.9314,29.07458],[78.92657,29.07975],[78.92342,29.08553],[78.92603,29.08825],[78.93053,29.08862],[78.93806,29.08346],[78.93864,29.09174],[78.93636,29.09797],[78.93643,29.10206],[78.93958,29.10178],[78.9478,29.09806],[78.9482,29.09948],[78.94658,29.10177],[78.93929,29.10631],[78.93741,29.10959],[78.9455,29.11528],[78.94849,29.12295],[78.95354,29.12646],[78.95737,29.12756],[78.95798,29.12927],[78.95698,29.13634],[78.95487,29.1449],[78.95217,29.14595],[78.95,29.14929],[78.95215,29.15116],[78.95683,29.14785],[78.96089,29.14598],[78.96348,29.14728],[78.96441,29.1519],[78.96081,29.1616],[78.96127,29.16318],[78.96035,29.1646],[78.96058,29.16587],[78.96233,29.16681],[78.96663,29.16555],[78.9732,29.16082],[78.97901,29.15475],[78.98263,29.14696],[78.98354,29.13735],[78.9881,29.13512],[78.99262,29.13363],[78.99541,29.12927],[78.99466,29.12537],[78.99838,29.12294],[79.00057,29.11655],[79.00658,29.12052],[79.01701,29.11786],[79.02185,29.11892],[79.02607,29.12155],[79.0297,29.12543],[79.03097,29.13023],[79.02769,29.13296],[79.02352,29.13313],[79.019,29.13509],[79.01187,29.13471],[79.00876,29.13622],[79.0086,29.13936],[79.01204,29.14487],[79.01279,29.14913],[79.01048,29.15303],[79.01096,29.15722],[79.01335,29.15769],[79.01697,29.15397],[79.02148,29.1508],[79.0264,29.14986],[79.02868,29.1524],[79.02742,29.15588],[79.02751,29.16075],[79.02388,29.16339],[79.02176,29.1673],[79.02307,29.17079],[79.02615,29.17196],[79.02696,29.17227],[79.03378,29.1711],[79.03823,29.16629]]]}},{"type":"Feature","properties":{"ID_0":105,"ISO":"IND","NAME_0":"India","ID_1":33,"NAME_1":"Uttar Pradesh","ID_2":552,"NAME_2":"Saharanpur","NL_NAME_2":null,"VARNAME_2":null,"TYPE_2":"District","ENGTYPE_2":"District","STATE":"Uttar Pradesh","DISTRICT":"Saharanpur"},"geometry":{"type":"Polygon","coordinates":[[[77.58468,30.40878],[77.58639,30.40801],[77.58699,30.40806],[77.58778,30.40846],[77.59107,30.40905],[77.59246,30.40949],[77.59779,30.40887],[77.59897,30.40891],[77.60274,30.40841],[77.60411,30.40875],[77.60597,30.40948],[77.60707,30.40963],[77.60822,30.41019],[77.60916,30.41041],[77.61123,30.40757],[77.61451,30.40582],[77.61694,30.40529],[77.61819,30.40533],[77.62207,30.40477],[77.62354,30.40516],[77.62553,30.40708],[77.63053,30.41087],[77.63288,30.41117],[77.63422,30.41088],[77.6357,30.41012],[77.63662,30.4092],[77.63941,30.4071],[77.63987,30.4064],[77.64138,30.40536],[77.64301,30.40454],[77.64451,30.40258],[77.64569,30.40199],[77.64762,30.39807],[77.65193,30.3955],[77.6553,30.39478],[77.65806,30.39401],[77.65969,30.39394],[77.66035,30.39374],[77.66126,30.39323],[77.66154,30.39265],[77.66244,30.39167],[77.66301,30.39057],[77.6637,30.38752],[77.66348,30.38558],[77.66321,30.38473],[77.66411,30.38398],[77.66582,30.38344],[77.66688,30.38366],[77.6688,30.38353],[77.67184,30.38394],[77.6733,30.38565],[77.67387,30.3846],[77.677,30.3808],[77.67751,30.37913],[77.67977,30.3756],[77.68026,30.37434],[77.68274,30.37139],[77.68391,30.3696],[77.68434,30.36816],[77.68597,30.36688],[77.68707,30.36458],[77.69064,30.35973],[77.69127,30.35824],[77.69278,30.35724],[77.69341,30.35569],[77.69425,30.35534],[77.69713,30.35164],[77.6977,30.35031],[77.70108,30.34747],[77.70492,30.34387],[77.70773,30.34132],[77.70994,30.33991],[77.71078,30.33876],[77.71309,30.33793],[77.71538,30.33688],[77.71767,30.3361],[77.72089,30.33543],[77.72266,30.33415],[77.72553,30.33291],[77.72973,30.33148],[77.73239,30.32991],[77.73582,30.32925],[77.73772,30.32819],[77.74017,30.32833],[77.74258,30.32761],[77.74828,30.32537],[77.7513,30.32465],[77.75706,30.32096],[77.75867,30.32008],[77.7607,30.31914],[77.76268,30.31849],[77.76496,30.31737],[77.77301,30.31307],[77.77725,30.30987],[77.77848,30.3093],[77.7832,30.30642],[77.78431,30.30549],[77.78893,30.30366],[77.79931,30.29763],[77.8018,30.29599],[77.80737,30.29362],[77.80905,30.29218],[77.81241,30.29075],[77.81863,30.28918],[77.82406,30.28636],[77.8287,30.28468],[77.83278,30.28378],[77.8363,30.28229],[77.8403,30.28121],[77.84247,30.28033],[77.84756,30.27877],[77.85189,30.27658],[77.85587,30.27394],[77.85789,30.27237],[77.86103,30.27135],[77.86555,30.27048],[77.86714,30.2711],[77.86893,30.2721],[77.87148,30.27442],[77.87397,30.27415],[77.87986,30.27193],[77.88221,30.27047],[77.89021,30.26824],[77.89165,30.26735],[77.89637,30.26601],[77.9003,30.26441],[77.90363,30.26268],[77.90795,30.26073],[77.9103,30.25931],[77.91363,30.25761],[77.91685,30.25617],[77.91997,30.25405],[77.92189,30.25174],[77.92387,30.24981],[77.9254,30.24871],[77.92824,30.24775],[77.93148,30.24696],[77.93027,30.243],[77.92977,30.24181],[77.92932,30.23999],[77.92713,30.23642],[77.92317,30.2318],[77.92182,30.2297],[77.91806,30.22479],[77.91454,30.22181],[77.91139,30.21877],[77.90762,30.21699],[77.9044,30.21521],[77.90313,30.21306],[77.9023,30.20976],[77.9004,30.20578],[77.89991,30.20401],[77.89896,30.19488],[77.89833,30.19226],[77.89707,30.18822],[77.896,30.18629],[77.89281,30.18343],[77.89012,30.18038],[77.88794,30.17875],[77.87939,30.16968],[77.87798,30.1686],[77.87664,30.16696],[77.87333,30.16393],[77.87205,30.16303],[77.86871,30.1588],[77.86549,30.15507],[77.865,30.1521],[77.86444,30.14994],[77.86132,30.14405],[77.8599,30.14156],[77.85909,30.14048],[77.85795,30.1381],[77.85527,30.13362],[77.85233,30.13093],[77.85052,30.12866],[77.8481,30.12453],[77.84724,30.12346],[77.84469,30.1195],[77.84361,30.11831],[77.84274,30.11678],[77.83853,30.11227],[77.83748,30.11143],[77.83607,30.10995],[77.83283,30.10801],[77.83058,30.10724],[77.82842,30.10612],[77.82656,30.10552],[77.82531,30.10473],[77.82395,30.10127],[77.82189,30.09888],[77.82186,30.09695],[77.81997,30.09364],[77.81791,30.09158],[77.81519,30.09017],[77.81308,30.08963],[77.81071,30.08955],[77.80807,30.09021],[77.80548,30.09196],[77.80413,30.09364],[77.80278,30.09456],[77.80102,30.09618],[77.79874,30.09786],[77.79771,30.09886],[77.79504,30.10061],[77.79392,30.10109],[77.79186,30.10185],[77.78957,30.10153],[77.78644,30.09997],[77.78596,30.09911],[77.78513,30.09678],[77.78276,30.09326],[77.78175,30.09086],[77.78005,30.08916],[77.77869,30.08544],[77.7773,30.0824],[77.77586,30.07765],[77.77523,30.07631],[77.77338,30.07386],[77.7719,30.07249],[77.76978,30.06838],[77.76905,30.0681],[77.76794,30.06694],[77.76532,30.06306],[77.76443,30.06088],[77.76149,30.05544],[77.75834,30.0505],[77.75758,30.04823],[77.75821,30.04654],[77.75983,30.04493],[77.76202,30.04318],[77.76389,30.04217],[77.7657,30.03966],[77.77009,30.03688],[77.77255,30.0337],[77.77326,30.03304],[77.77389,30.0321],[77.77354,30.02957],[77.77227,30.02629],[77.76945,30.02385],[77.7678,30.02294],[77.76289,30.02163],[77.75974,30.02043],[77.75756,30.01952],[77.75325,30.01736],[77.74912,30.0141],[77.74643,30.01134],[77.74462,30.0088],[77.74323,30.00596],[77.74081,29.99412],[77.73676,29.99072],[77.73008,29.98745],[77.731,29.98433],[77.74413,29.97186],[77.74496,29.9676],[77.74348,29.96378],[77.74014,29.9589],[77.73269,29.95498],[77.72946,29.95188],[77.72898,29.94562],[77.72542,29.94352],[77.72067,29.93903],[77.71768,29.93495],[77.71894,29.93284],[77.72417,29.93005],[77.7288,29.92856],[77.72956,29.9228],[77.73302,29.91348],[77.73112,29.91129],[77.72721,29.90904],[77.72483,29.9059],[77.72009,29.90279],[77.71752,29.89463],[77.71302,29.89157],[77.71105,29.88812],[77.70302,29.88976],[77.70251,29.8857],[77.70316,29.87845],[77.70202,29.87178],[77.70326,29.86767],[77.70603,29.86374],[77.70958,29.85948],[77.71335,29.85648],[77.73006,29.85308],[77.73093,29.8419],[77.72919,29.83756],[77.73203,29.83455],[77.73895,29.83027],[77.74234,29.82463],[77.74399,29.81628],[77.74129,29.81142],[77.74215,29.80952],[77.74933,29.80436],[77.75296,29.79744],[77.7647,29.78546],[77.76054,29.78128],[77.76072,29.77878],[77.7654,29.77573],[77.76353,29.77036],[77.76572,29.76371],[77.76165,29.75576],[77.76086,29.7527],[77.76187,29.74382],[77.76736,29.73781],[77.76926,29.73465],[77.76792,29.73057],[77.76376,29.7261],[77.75771,29.71592],[77.75891,29.71342],[77.76204,29.71179],[77.76981,29.70992],[77.78269,29.70832],[77.79492,29.70046],[77.79745,29.69783],[77.78917,29.68588],[77.79252,29.68192],[77.80449,29.6769],[77.81108,29.67249],[77.80177,29.66143],[77.78391,29.6423],[77.77901,29.63418],[77.77077,29.63769],[77.76554,29.63429],[77.76143,29.6296],[77.75313,29.62655],[77.74673,29.61787],[77.73596,29.61259],[77.73225,29.60924],[77.7234,29.6159],[77.71841,29.61783],[77.71539,29.62252],[77.71134,29.62208],[77.71051,29.61668],[77.70717,29.61395],[77.68492,29.61983],[77.67373,29.60106],[77.65994,29.58414],[77.65466,29.57952],[77.64993,29.56644],[77.64596,29.56693],[77.64167,29.57258],[77.63937,29.57893],[77.63822,29.58508],[77.63858,29.59398],[77.62165,29.60597],[77.61786,29.60744],[77.61524,29.61108],[77.6131,29.61833],[77.60381,29.62125],[77.58852,29.62778],[77.5799,29.62622],[77.5565,29.6317],[77.54173,29.63252],[77.53426,29.6375],[77.5269,29.63874],[77.52058,29.63452],[77.5216,29.62549],[77.51473,29.62524],[77.50909,29.62808],[77.50404,29.63277],[77.50079,29.62985],[77.49674,29.62912],[77.4892,29.63066],[77.48238,29.6339],[77.47704,29.63769],[77.47895,29.64726],[77.47433,29.65156],[77.4739,29.65401],[77.47556,29.65756],[77.4743,29.66062],[77.46465,29.66091],[77.45975,29.66224],[77.44743,29.67375],[77.44154,29.67624],[77.43448,29.67493],[77.43106,29.67265],[77.42912,29.66901],[77.42876,29.66397],[77.42599,29.65963],[77.42104,29.65479],[77.41594,29.65642],[77.40551,29.66252],[77.40184,29.66042],[77.39809,29.657],[77.39336,29.65796],[77.39071,29.65968],[77.38317,29.65384],[77.37882,29.65144],[77.37199,29.65259],[77.36688,29.65485],[77.36245,29.65793],[77.35538,29.65928],[77.35267,29.65549],[77.34737,29.65708],[77.34454,29.65367],[77.33597,29.65543],[77.33,29.65019],[77.32676,29.65078],[77.32186,29.65343],[77.31897,29.65683],[77.31403,29.65982],[77.29903,29.66513],[77.29314,29.66986],[77.29219,29.67382],[77.28822,29.67574],[77.27903,29.67678],[77.27602,29.67868],[77.27374,29.67899],[77.27061,29.67496],[77.26994,29.67004],[77.26709,29.66956],[77.26083,29.67142],[77.25797,29.67448],[77.2534,29.67727],[77.2477,29.67974],[77.2455,29.67801],[77.22297,29.69188],[77.21916,29.69313],[77.2113,29.70045],[77.2088,29.69719],[77.20443,29.69467],[77.19706,29.69112],[77.19367,29.69073],[77.19108,29.68455],[77.18079,29.68692],[77.17087,29.68778],[77.16245,29.69081],[77.15588,29.69408],[77.14996,29.69546],[77.14387,29.69166],[77.13645,29.69469],[77.13219,29.69948],[77.13988,29.70023],[77.1426,29.70164],[77.14333,29.70597],[77.14021,29.71727],[77.12256,29.73604],[77.12257,29.74282],[77.11516,29.74496],[77.11295,29.7486],[77.11422,29.75429],[77.11786,29.76043],[77.1189,29.76422],[77.11704,29.7709],[77.11829,29.77555],[77.1235,29.77785],[77.132,29.77898],[77.13744,29.7822],[77.14223,29.78757],[77.15238,29.79328],[77.15401,29.79769],[77.15172,29.80347],[77.1521,29.80766],[77.15397,29.81378],[77.15565,29.81679],[77.16527,29.82449],[77.16904,29.82958],[77.16704,29.84371],[77.16759,29.84639],[77.17811,29.86216],[77.18006,29.86914],[77.18246,29.87328],[77.1823,29.88159],[77.18497,29.89031],[77.18485,29.8949],[77.17956,29.90227],[77.18017,29.90621],[77.18591,29.91305],[77.1869,29.91748],[77.18913,29.92204],[77.19557,29.92727],[77.20257,29.93109],[77.21113,29.94071],[77.22374,29.95475],[77.2249,29.95859],[77.22958,29.9619],[77.23195,29.96632],[77.23311,29.97363],[77.23548,29.98117],[77.25047,29.98845],[77.25476,29.99316],[77.25513,29.99597],[77.26316,30.00215],[77.26154,30.00562],[77.26192,30.00732],[77.26434,30.01306],[77.26544,30.01803],[77.26759,30.02211],[77.26969,30.02747],[77.27314,30.03404],[77.27177,30.03991],[77.26988,30.04423],[77.27041,30.04834],[77.27625,30.05047],[77.28042,30.05251],[77.28611,30.05749],[77.29185,30.05849],[77.29759,30.06032],[77.30291,30.06058],[77.31291,30.06054],[77.32481,30.0618],[77.33174,30.06445],[77.33717,30.06824],[77.34843,30.0767],[77.35698,30.08415],[77.3685,30.09156],[77.37343,30.09302],[77.38034,30.09304],[77.39246,30.09441],[77.39674,30.09576],[77.40858,30.10255],[77.41443,30.10713],[77.41419,30.11111],[77.41009,30.11109],[77.40604,30.11131],[77.40061,30.11326],[77.398,30.11872],[77.40327,30.12106],[77.40865,30.1232],[77.41261,30.12771],[77.41553,30.1335],[77.41784,30.14118],[77.4149,30.14348],[77.41083,30.14588],[77.41142,30.14969],[77.41532,30.15669],[77.42355,30.16848],[77.43061,30.16643],[77.43517,30.16996],[77.44034,30.16921],[77.44685,30.16861],[77.45154,30.17363],[77.45599,30.18096],[77.46021,30.18379],[77.47327,30.18859],[77.47678,30.19501],[77.47997,30.20216],[77.4839,30.21008],[77.48853,30.21874],[77.49372,30.22747],[77.49599,30.23363],[77.50551,30.24224],[77.51984,30.26013],[77.52251,30.2662],[77.52468,30.27798],[77.52678,30.28231],[77.53218,30.28686],[77.54042,30.29097],[77.54532,30.29414],[77.55577,30.30257],[77.56355,30.30608],[77.57035,30.31123],[77.57387,30.31891],[77.57501,30.32607],[77.5701,30.33155],[77.56989,30.33711],[77.57463,30.34695],[77.58279,30.35844],[77.59202,30.37086],[77.59013,30.37726],[77.58444,30.38136],[77.57489,30.38452],[77.57616,30.38989],[77.57292,30.39309],[77.56786,30.39876],[77.56306,30.40449],[77.56711,30.40484],[77.56859,30.40683],[77.56958,30.4079],[77.57112,30.40864],[77.57283,30.41033],[77.57496,30.41174],[77.57754,30.41246],[77.57971,30.41192],[77.58437,30.40998],[77.58468,30.40878]]]}},{"type":"Feature","properties":{"ID_0":105,"ISO":"IND","NAME_0":"India","ID_1":33,"NAME_1":"Uttar Pradesh","ID_2":553,"NAME_2":"Sant Kabir Nagar","NL_NAME_2":null,"VARNAME_2":null,"TYPE_2":"District","ENGTYPE_2":"District","STATE":"Uttar Pradesh","DISTRICT":"Sant Kabir Nagar"},"geometry":{"type":"Polygon","coordinates":[[[83.12313,27.05032],[83.13088,27.04791],[83.13434,27.04445],[83.13702,27.04344],[83.14073,27.04419],[83.14153,27.04124],[83.13805,27.03519],[83.13148,27.02872],[83.12997,27.02564],[83.13176,27.02446],[83.13646,27.02692],[83.13993,27.02607],[83.13971,27.02343],[83.13603,27.02244],[83.13377,27.02052],[83.13402,27.01477],[83.13302,27.01213],[83.13436,27.00854],[83.13673,27.00707],[83.13816,27.00716],[83.14309,27.01463],[83.14468,27.01375],[83.14863,27.0077],[83.15093,27.00645],[83.1523,27.00725],[83.15277,27.0088],[83.14867,27.01513],[83.14986,27.01666],[83.15411,27.01849],[83.15514,27.01814],[83.15484,27.01383],[83.15623,27.01317],[83.16161,27.01417],[83.16535,27.01195],[83.16534,27.01069],[83.15864,27.00412],[83.16455,27.00552],[83.17738,27.01084],[83.18671,27.01658],[83.19697,27.02069],[83.19986,27.02105],[83.206,27.02079],[83.20687,27.02008],[83.20702,27.01743],[83.2036,27.00418],[83.21116,26.99735],[83.21209,26.99652],[83.21665,26.99045],[83.21739,26.98679],[83.21648,26.98252],[83.20966,26.97621],[83.20579,26.9736],[83.20085,26.97173],[83.19575,26.97083],[83.18644,26.97133],[83.19607,26.9625],[83.19897,26.95798],[83.19823,26.95602],[83.19321,26.95178],[83.18633,26.95087],[83.18616,26.94818],[83.18932,26.94452],[83.1925,26.94444],[83.19626,26.94583],[83.19891,26.9482],[83.20658,26.95211],[83.21571,26.94637],[83.21749,26.94431],[83.21766,26.9404],[83.21584,26.93723],[83.2105,26.93588],[83.2048,26.94049],[83.20174,26.9407],[83.20055,26.93903],[83.20205,26.93473],[83.20163,26.93145],[83.20019,26.92903],[83.2098,26.92145],[83.21203,26.91888],[83.21315,26.91498],[83.2121,26.91273],[83.20996,26.91077],[83.20555,26.91073],[83.19844,26.9131],[83.19551,26.91129],[83.19897,26.90763],[83.20448,26.90434],[83.20627,26.90234],[83.20796,26.89856],[83.20618,26.89297],[83.20751,26.8877],[83.19812,26.88458],[83.16559,26.88017],[83.159,26.88461],[83.15602,26.88395],[83.15144,26.87708],[83.14777,26.87538],[83.14201,26.87885],[83.13538,26.88765],[83.12964,26.8933],[83.12763,26.89081],[83.12446,26.88279],[83.12469,26.87946],[83.12657,26.8765],[83.12646,26.87362],[83.12414,26.87108],[83.12526,26.86798],[83.12289,26.86095],[83.11803,26.85144],[83.11307,26.85071],[83.1105,26.84471],[83.11138,26.84104],[83.11083,26.83776],[83.11578,26.83366],[83.11093,26.82242],[83.10502,26.81548],[83.10031,26.81441],[83.09422,26.81189],[83.09055,26.81134],[83.09605,26.80214],[83.10348,26.79363],[83.10563,26.78176],[83.10283,26.77794],[83.10311,26.77001],[83.10796,26.76764],[83.11324,26.7682],[83.11896,26.76979],[83.12122,26.77187],[83.1226,26.77993],[83.12457,26.78132],[83.12647,26.78076],[83.12831,26.77635],[83.13292,26.7738],[83.13482,26.77082],[83.13522,26.76249],[83.13246,26.75913],[83.13581,26.74957],[83.13292,26.7454],[83.12794,26.74245],[83.12309,26.73804],[83.12499,26.73402],[83.12424,26.73144],[83.12011,26.73157],[83.11162,26.72882],[83.11076,26.72547],[83.1081,26.72437],[83.10049,26.72695],[83.09825,26.72654],[83.09843,26.72285],[83.10036,26.71689],[83.09994,26.71534],[83.09392,26.71811],[83.09188,26.72177],[83.08856,26.72335],[83.08455,26.72274],[83.08041,26.71841],[83.076,26.704],[83.08041,26.70266],[83.08063,26.69398],[83.08276,26.69256],[83.08665,26.69168],[83.09087,26.68693],[83.09413,26.68568],[83.09786,26.68636],[83.10139,26.68972],[83.10477,26.69003],[83.10758,26.68746],[83.10649,26.6843],[83.0973,26.67497],[83.09529,26.66933],[83.09283,26.66573],[83.09366,26.66208],[83.0985,26.66153],[83.11428,26.66275],[83.11917,26.6625],[83.12298,26.65833],[83.12304,26.65396],[83.12504,26.6506],[83.12271,26.64413],[83.12249,26.64148],[83.126,26.64019],[83.12562,26.63644],[83.12219,26.63361],[83.11839,26.6272],[83.11168,26.62388],[83.10965,26.62484],[83.10646,26.62441],[83.10298,26.62261],[83.09978,26.61913],[83.10035,26.61374],[83.10363,26.60784],[83.10827,26.60294],[83.11064,26.59737],[83.11569,26.60017],[83.1211,26.60027],[83.12775,26.59842],[83.12965,26.59367],[83.1303,26.58287],[83.13293,26.5803],[83.13555,26.57521],[83.13625,26.57015],[83.13347,26.56852],[83.13173,26.56563],[83.13969,26.55863],[83.14541,26.54556],[83.14908,26.54225],[83.15581,26.53839],[83.16197,26.53373],[83.1683,26.53038],[83.17353,26.52996],[83.17767,26.53349],[83.18147,26.53541],[83.19187,26.53199],[83.19595,26.5274],[83.19256,26.52337],[83.1879,26.52006],[83.18694,26.51619],[83.18821,26.50645],[83.18718,26.50086],[83.18401,26.49504],[83.18062,26.49224],[83.17693,26.4925],[83.17535,26.49601],[83.16555,26.50157],[83.16286,26.50459],[83.16102,26.50831],[83.15923,26.50934],[83.14156,26.50346],[83.13203,26.49833],[83.09912,26.49218],[83.08736,26.48714],[83.0827,26.48286],[83.07939,26.47804],[83.07687,26.47171],[83.08864,26.45749],[83.08951,26.44962],[83.08788,26.44254],[83.08489,26.43787],[83.08886,26.43531],[83.08669,26.42845],[83.0821,26.42807],[83.07878,26.42402],[83.07306,26.42501],[83.07271,26.41874],[83.06141,26.41118],[83.04796,26.42412],[83.03961,26.43555],[83.02928,26.44748],[83.02231,26.45921],[83.01936,26.4659],[83.01877,26.47176],[83.01521,26.47743],[83.0093,26.48187],[82.99055,26.48854],[82.9739,26.49417],[82.96527,26.49715],[82.95016,26.50556],[82.94656,26.50936],[82.94162,26.51062],[82.93481,26.51051],[82.92565,26.51968],[82.91818,26.52381],[82.90769,26.53584],[82.89374,26.54433],[82.89338,26.55172],[82.89125,26.55523],[82.893,26.55894],[82.89801,26.55934],[82.90931,26.55402],[82.90924,26.56183],[82.90448,26.56467],[82.90255,26.56767],[82.90187,26.5797],[82.8941,26.57883],[82.89232,26.58091],[82.89403,26.58621],[82.88597,26.58392],[82.88519,26.59487],[82.88029,26.60013],[82.87873,26.60833],[82.87921,26.61388],[82.88327,26.61723],[82.88749,26.61643],[82.88868,26.62107],[82.89214,26.62826],[82.89758,26.62905],[82.89928,26.6316],[82.8978,26.6325],[82.89702,26.63571],[82.89967,26.63868],[82.90366,26.63719],[82.91567,26.62687],[82.92228,26.62422],[82.92452,26.62535],[82.92376,26.62851],[82.91753,26.63645],[82.91772,26.64088],[82.91142,26.64182],[82.91067,26.64853],[82.90572,26.6508],[82.90836,26.65917],[82.91492,26.66055],[82.91678,26.6657],[82.92214,26.67141],[82.92818,26.67668],[82.93544,26.68139],[82.94355,26.68211],[82.94272,26.67738],[82.9496,26.67435],[82.95696,26.67436],[82.96218,26.67675],[82.9579,26.68541],[82.95557,26.6868],[82.95911,26.69473],[82.96365,26.69366],[82.96557,26.69599],[82.96617,26.69995],[82.96585,26.71035],[82.96869,26.71395],[82.96262,26.72204],[82.9578,26.72649],[82.95337,26.73577],[82.94969,26.73782],[82.95165,26.74108],[82.95287,26.74603],[82.94724,26.75202],[82.94502,26.75158],[82.9423,26.75342],[82.9439,26.75603],[82.9398,26.75763],[82.93414,26.75741],[82.93276,26.75927],[82.93369,26.76481],[82.93137,26.76539],[82.93036,26.76797],[82.92741,26.76677],[82.92194,26.77166],[82.91645,26.76715],[82.91229,26.76576],[82.91193,26.76776],[82.91705,26.78675],[82.92002,26.78697],[82.92153,26.78983],[82.92392,26.7943],[82.9241,26.79896],[82.90301,26.79012],[82.89926,26.78787],[82.89534,26.79228],[82.89185,26.78906],[82.88973,26.78995],[82.88848,26.78918],[82.88922,26.78741],[82.8869,26.78633],[82.87832,26.78585],[82.87838,26.78848],[82.87692,26.78881],[82.87388,26.78801],[82.87463,26.79331],[82.87669,26.79741],[82.87328,26.79896],[82.87187,26.80158],[82.87286,26.80568],[82.87617,26.81084],[82.8753,26.81399],[82.87762,26.81736],[82.87867,26.82197],[82.87694,26.82528],[82.87299,26.82762],[82.87302,26.83515],[82.86822,26.8365],[82.86436,26.83866],[82.86054,26.83865],[82.85466,26.83499],[82.85088,26.83556],[82.84445,26.83866],[82.84223,26.84499],[82.83714,26.84525],[82.83375,26.84869],[82.83021,26.84944],[82.82384,26.8449],[82.81868,26.84539],[82.81851,26.85154],[82.81853,26.86078],[82.82208,26.86106],[82.82642,26.86309],[82.83033,26.86218],[82.83234,26.86319],[82.83167,26.86708],[82.8289,26.871],[82.8343,26.87568],[82.83894,26.88116],[82.84326,26.88112],[82.84784,26.88377],[82.86309,26.88265],[82.86223,26.8863],[82.85584,26.8917],[82.85237,26.89772],[82.84928,26.89905],[82.84765,26.90092],[82.84859,26.90341],[82.85657,26.90305],[82.86165,26.90833],[82.86095,26.91501],[82.86274,26.92015],[82.85599,26.92043],[82.85195,26.92154],[82.84734,26.91751],[82.84542,26.91795],[82.84188,26.92147],[82.8417,26.92404],[82.84403,26.92984],[82.85487,26.92945],[82.85725,26.93835],[82.86008,26.94421],[82.86437,26.94552],[82.86944,26.94939],[82.87238,26.94628],[82.87643,26.94513],[82.87381,26.93504],[82.87653,26.93592],[82.88352,26.93492],[82.88942,26.93258],[82.8991,26.92771],[82.90159,26.92556],[82.90205,26.92275],[82.9077,26.92256],[82.92017,26.9251],[82.93198,26.92011],[82.93644,26.92071],[82.94223,26.91996],[82.95238,26.91658],[82.95792,26.91847],[82.96046,26.91737],[82.96315,26.91424],[82.96949,26.91485],[82.97513,26.91912],[82.97758,26.9197],[82.97985,26.91806],[82.99,26.91486],[82.99539,26.9157],[83.00075,26.91896],[82.99805,26.9244],[83.00191,26.92764],[83.00506,26.93181],[83.00571,26.93704],[83.00771,26.94068],[83.01125,26.94253],[83.01626,26.9415],[83.01812,26.94249],[83.01781,26.9453],[83.01412,26.94809],[83.01553,26.95235],[83.01981,26.95819],[83.02401,26.96178],[83.02951,26.96069],[83.03387,26.96141],[83.03333,26.96383],[83.03626,26.97576],[83.03447,26.98628],[83.03516,26.99077],[83.03351,26.99582],[83.04315,27.0039],[83.04479,27.01152],[83.04769,27.01275],[83.05099,27.0115],[83.05373,27.00686],[83.05818,27.00518],[83.0639,27.00695],[83.06504,27.00917],[83.06179,27.01734],[83.06301,27.01818],[83.07959,27.01893],[83.07806,27.02281],[83.07793,27.02644],[83.07357,27.02931],[83.07224,27.03514],[83.07268,27.03779],[83.07728,27.04038],[83.08279,27.03875],[83.08684,27.03115],[83.0921,27.02394],[83.0985,27.02488],[83.10234,27.02362],[83.1049,27.0245],[83.10679,27.02649],[83.10915,27.03399],[83.11277,27.03999],[83.12313,27.05032]]]}},{"type":"Feature","properties":{"ID_0":105,"ISO":"IND","NAME_0":"India","ID_1":33,"NAME_1":"Uttar Pradesh","ID_2":554,"NAME_2":"Sant Ravi Das Nagar","NL_NAME_2":null,"VARNAME_2":null,"TYPE_2":"District","ENGTYPE_2":"District","STATE":"Uttar Pradesh","DISTRICT":"Sant Ravi Das Nagar"},"geometry":{"type":"Polygon","coordinates":[[[82.38795,25.5245],[82.38841,25.52367],[82.38886,25.52309],[82.38928,25.52256],[82.39024,25.5213],[82.3908,25.51916],[82.39112,25.5171],[82.39156,25.51503],[82.39335,25.51014],[82.39448,25.5087],[82.39556,25.50709],[82.39726,25.50507],[82.39865,25.50271],[82.39924,25.50128],[82.40044,25.49978],[82.40208,25.49731],[82.40326,25.49523],[82.40361,25.4934],[82.4041,25.49373],[82.40485,25.49455],[82.40556,25.49552],[82.40663,25.4968],[82.40878,25.49851],[82.41029,25.50041],[82.40948,25.50122],[82.40908,25.50174],[82.40833,25.50295],[82.40771,25.50427],[82.40635,25.50594],[82.40599,25.5068],[82.40591,25.50731],[82.40757,25.50841],[82.40878,25.50892],[82.41058,25.51007],[82.41218,25.51088],[82.41304,25.51157],[82.41421,25.5129],[82.41538,25.51462],[82.4164,25.51686],[82.41667,25.51732],[82.41704,25.51778],[82.4176,25.51899],[82.41868,25.51939],[82.42039,25.51927],[82.42196,25.51939],[82.4243,25.51933],[82.42594,25.51916],[82.42841,25.51973],[82.43158,25.52002],[82.43437,25.52013],[82.43589,25.52002],[82.43852,25.51823],[82.43891,25.51675],[82.4389,25.51513],[82.43878,25.51392],[82.43884,25.51271],[82.43866,25.5111],[82.43873,25.50908],[82.43854,25.50587],[82.43874,25.50436],[82.43873,25.50236],[82.43999,25.50012],[82.44035,25.49891],[82.44043,25.49804],[82.44133,25.49729],[82.44234,25.49678],[82.44424,25.49551],[82.44763,25.4943],[82.45157,25.49332],[82.45617,25.49194],[82.45821,25.49171],[82.46062,25.49176],[82.46579,25.4909],[82.46901,25.4902],[82.47096,25.48916],[82.47123,25.48801],[82.47111,25.48669],[82.47041,25.48583],[82.46686,25.48364],[82.46649,25.48307],[82.46446,25.48237],[82.46243,25.48123],[82.46104,25.47974],[82.45929,25.47807],[82.45808,25.47738],[82.45763,25.47698],[82.45721,25.47582],[82.45948,25.47376],[82.46098,25.47151],[82.46124,25.471],[82.46214,25.47053],[82.4632,25.47065],[82.46775,25.47232],[82.46926,25.47312],[82.47142,25.47392],[82.47356,25.47484],[82.4764,25.47703],[82.47842,25.478],[82.48107,25.47881],[82.48307,25.47972],[82.48489,25.47995],[82.48608,25.48001],[82.49038,25.47926],[82.49239,25.47873],[82.49441,25.47764],[82.49561,25.4766],[82.497,25.47511],[82.49752,25.47367],[82.49802,25.47315],[82.49896,25.47159],[82.49959,25.47074],[82.50041,25.46866],[82.50036,25.46591],[82.50041,25.46417],[82.50085,25.4625],[82.50207,25.46182],[82.50351,25.45922],[82.50433,25.4583],[82.50565,25.45583],[82.50604,25.45456],[82.50629,25.45296],[82.50593,25.45002],[82.50543,25.44818],[82.50504,25.44715],[82.50624,25.44462],[82.51111,25.44427],[82.51363,25.4442],[82.51646,25.44432],[82.51926,25.44403],[82.52078,25.44339],[82.52273,25.44223],[82.52494,25.44137],[82.5293,25.44022],[82.53201,25.4397],[82.53593,25.43964],[82.53758,25.43992],[82.54205,25.44118],[82.54388,25.44244],[82.54476,25.44411],[82.54527,25.44595],[82.54566,25.44785],[82.5456,25.45009],[82.54546,25.45055],[82.54364,25.452],[82.54073,25.45395],[82.53979,25.45447],[82.53751,25.45499],[82.53517,25.45574],[82.53416,25.4562],[82.53378,25.45671],[82.53333,25.45822],[82.53297,25.46149],[82.53341,25.46507],[82.53478,25.46511],[82.53663,25.46471],[82.53833,25.46477],[82.54382,25.4635],[82.54578,25.46251],[82.55039,25.45883],[82.55165,25.45734],[82.55294,25.45532],[82.55476,25.45278],[82.55627,25.44961],[82.55665,25.44559],[82.55684,25.4426],[82.55702,25.43835],[82.55696,25.4365],[82.55727,25.43455],[82.55771,25.42627],[82.55937,25.42189],[82.56024,25.42011],[82.56195,25.41803],[82.56309,25.41774],[82.56503,25.41763],[82.56738,25.41832],[82.56876,25.419],[82.56959,25.42026],[82.5715,25.42342],[82.57264,25.42584],[82.57376,25.42975],[82.5742,25.43187],[82.57427,25.43332],[82.57406,25.4351],[82.57397,25.43815],[82.57344,25.44102],[82.57244,25.44368],[82.57156,25.44798],[82.57148,25.45138],[82.57225,25.45432],[82.57409,25.45506],[82.57693,25.45551],[82.58023,25.45494],[82.58355,25.45383],[82.58527,25.45337],[82.58666,25.45308],[82.5881,25.45303],[82.59203,25.45336],[82.5938,25.45336],[82.59543,25.45347],[82.5979,25.4533],[82.60043,25.45203],[82.60175,25.45105],[82.60303,25.45053],[82.60428,25.44863],[82.6053,25.4461],[82.60505,25.44333],[82.60414,25.44034],[82.60332,25.43908],[82.60036,25.43546],[82.5975,25.43219],[82.59595,25.43047],[82.59398,25.42869],[82.5924,25.42674],[82.59094,25.42466],[82.58987,25.42196],[82.59055,25.42007],[82.59252,25.41822],[82.59423,25.41821],[82.59586,25.41861],[82.59763,25.41878],[82.60014,25.41935],[82.60216,25.41992],[82.60534,25.42009],[82.60848,25.41963],[82.61135,25.41836],[82.61506,25.41599],[82.6172,25.41518],[82.62093,25.41449],[82.62511,25.41293],[82.62698,25.412],[82.62902,25.41091],[82.63014,25.40975],[82.63058,25.40878],[82.6307,25.4068],[82.62982,25.40475],[82.62837,25.40378],[82.62681,25.40338],[82.62592,25.40332],[82.62376,25.4036],[82.62186,25.40436],[82.61892,25.40598],[82.61631,25.40667],[82.61474,25.40673],[82.61303,25.40656],[82.61221,25.4057],[82.61119,25.40484],[82.60999,25.40351],[82.60853,25.40214],[82.60835,25.40127],[82.60841,25.39886],[82.60886,25.39817],[82.61012,25.39684],[82.61113,25.39645],[82.61246,25.3961],[82.61659,25.39551],[82.61807,25.3954],[82.61929,25.39544],[82.62383,25.39625],[82.62465,25.39659],[82.62762,25.39687],[82.62982,25.39733],[82.63436,25.39859],[82.63613,25.39927],[82.6369,25.39973],[82.6381,25.40013],[82.63918,25.40077],[82.64606,25.40185],[82.6545,25.40235],[82.65691,25.4024],[82.66033,25.40234],[82.66228,25.4025],[82.66607,25.40249],[82.66777,25.40237],[82.67056,25.40197],[82.67436,25.40104],[82.68079,25.39872],[82.68255,25.39797],[82.68438,25.39652],[82.68514,25.39728],[82.68734,25.39641],[82.68887,25.39548],[82.69115,25.3945],[82.69246,25.39398],[82.69487,25.39335],[82.69732,25.39236],[82.69814,25.39195],[82.70072,25.39096],[82.70187,25.39091],[82.70232,25.39022],[82.7025,25.38912],[82.70242,25.38786],[82.70204,25.38648],[82.70216,25.38499],[82.70186,25.38297],[82.70135,25.38113],[82.7004,25.37986],[82.69957,25.37912],[82.69901,25.37849],[82.69838,25.37797],[82.69755,25.37666],[82.69749,25.37453],[82.69736,25.37326],[82.69743,25.37188],[82.69755,25.37073],[82.69813,25.36883],[82.69785,25.36762],[82.69778,25.36612],[82.69762,25.36504],[82.6969,25.3637],[82.69632,25.3643],[82.69462,25.36642],[82.694,25.36705],[82.69207,25.3697],[82.69122,25.37017],[82.68996,25.36936],[82.68908,25.36868],[82.68781,25.3673],[82.68668,25.36644],[82.68584,25.36656],[82.68503,25.36621],[82.68372,25.36512],[82.68328,25.36379],[82.68319,25.36282],[82.68295,25.36213],[82.68199,25.3611],[82.68095,25.36053],[82.68022,25.36035],[82.67884,25.3603],[82.67828,25.36006],[82.67682,25.35932],[82.67474,25.35737],[82.67415,25.35542],[82.67548,25.35122],[82.67769,25.348],[82.67825,25.34668],[82.67831,25.34608],[82.67895,25.34345],[82.67895,25.34247],[82.67915,25.34045],[82.67999,25.33516],[82.68202,25.33389],[82.68564,25.33302],[82.68961,25.33134],[82.69225,25.32984],[82.69331,25.32869],[82.69432,25.32725],[82.69519,25.3253],[82.69545,25.32431],[82.69539,25.32304],[82.69514,25.32173],[82.69375,25.31839],[82.69261,25.3162],[82.69171,25.31489],[82.69096,25.31426],[82.68919,25.31351],[82.68761,25.31351],[82.68629,25.31323],[82.68515,25.31104],[82.68491,25.31007],[82.68376,25.30673],[82.68209,25.29811],[82.68192,25.29672],[82.68185,25.29385],[82.68197,25.29224],[82.68255,25.28954],[82.68266,25.28753],[82.68235,25.28603],[82.68202,25.28557],[82.68082,25.28322],[82.68014,25.28241],[82.67867,25.28174],[82.67715,25.28174],[82.67514,25.28213],[82.67307,25.28289],[82.67198,25.28311],[82.67061,25.28359],[82.6691,25.28376],[82.66821,25.2837],[82.66681,25.28382],[82.66632,25.28123],[82.66623,25.28048],[82.66593,25.27928],[82.6653,25.27571],[82.66509,25.27163],[82.66459,25.26731],[82.66364,25.26225],[82.66288,25.25972],[82.66268,25.25805],[82.66256,25.25598],[82.66275,25.25513],[82.66357,25.25087],[82.66224,25.25087],[82.66128,25.25133],[82.66034,25.25231],[82.65922,25.25393],[82.65846,25.25473],[82.65714,25.25686],[82.65637,25.2579],[82.6538,25.26043],[82.65234,25.26147],[82.65077,25.2624],[82.64857,25.26339],[82.64642,25.26361],[82.64572,25.26349],[82.64263,25.26259],[82.64124,25.26235],[82.64037,25.2615],[82.63973,25.26155],[82.6384,25.26139],[82.63621,25.26058],[82.63425,25.25725],[82.63367,25.25582],[82.63279,25.25196],[82.63259,25.25052],[82.63217,25.24863],[82.6321,25.2473],[82.6319,25.24599],[82.63201,25.24316],[82.63171,25.24097],[82.63132,25.23943],[82.63119,25.23655],[82.63082,25.23494],[82.62999,25.22947],[82.62947,25.22717],[82.62904,25.22654],[82.62898,25.22453],[82.62885,25.2235],[82.62898,25.22258],[82.62879,25.22107],[82.62803,25.22102],[82.62537,25.22108],[82.62356,25.22143],[82.62092,25.22241],[82.61883,25.22335],[82.61415,25.22588],[82.61165,25.22744],[82.60957,25.22853],[82.60767,25.23009],[82.6066,25.23194],[82.60597,25.23429],[82.60585,25.23631],[82.60761,25.24503],[82.60674,25.2473],[82.60604,25.24781],[82.60219,25.24827],[82.59734,25.25001],[82.59342,25.25065],[82.59015,25.25134],[82.58794,25.25216],[82.58662,25.25256],[82.58334,25.25326],[82.58195,25.25343],[82.58014,25.25378],[82.57792,25.25389],[82.57484,25.25389],[82.57175,25.25361],[82.56978,25.25327],[82.56832,25.2523],[82.56788,25.25167],[82.567,25.24977],[82.56689,25.24862],[82.5668,25.24655],[82.56637,25.245],[82.56574,25.245],[82.56392,25.24615],[82.56095,25.24846],[82.56,25.2488],[82.55824,25.24838],[82.5573,25.248],[82.55634,25.24702],[82.55476,25.24588],[82.55325,25.24449],[82.55162,25.24254],[82.55054,25.24208],[82.54865,25.24185],[82.5472,25.24191],[82.54575,25.24232],[82.54278,25.24278],[82.54089,25.24313],[82.53851,25.24371],[82.5378,25.24377],[82.53596,25.24366],[82.53515,25.24337],[82.53421,25.24273],[82.53265,25.24188],[82.5317,25.24153],[82.53068,25.24148],[82.52311,25.24217],[82.52128,25.24269],[82.51832,25.24322],[82.51718,25.24351],[82.5151,25.24368],[82.51259,25.2442],[82.50861,25.24519],[82.50697,25.24541],[82.506,25.24564],[82.50491,25.24571],[82.50324,25.24565],[82.49921,25.24507],[82.49831,25.24501],[82.49504,25.24514],[82.49353,25.24502],[82.49088,25.24485],[82.48912,25.2452],[82.48742,25.24514],[82.48582,25.24537],[82.48426,25.24543],[82.48237,25.24566],[82.48141,25.24589],[82.47947,25.24618],[82.47781,25.24618],[82.47481,25.24676],[82.47145,25.24757],[82.47046,25.24797],[82.46844,25.24912],[82.46779,25.24964],[82.46699,25.24798],[82.46523,25.24325],[82.46458,25.24113],[82.46397,25.23975],[82.4627,25.23624],[82.46139,25.23302],[82.4608,25.23118],[82.46011,25.22986],[82.45866,25.22612],[82.45805,25.22568],[82.45747,25.22554],[82.453,25.22531],[82.4516,25.22486],[82.45036,25.22457],[82.44814,25.22441],[82.44745,25.22441],[82.44411,25.22366],[82.44241,25.22337],[82.44189,25.22458],[82.44178,25.22508],[82.44183,25.22763],[82.44176,25.22935],[82.44152,25.23085],[82.44128,25.23166],[82.44131,25.23217],[82.4409,25.2332],[82.4398,25.23453],[82.43855,25.23534],[82.43589,25.2366],[82.43159,25.23885],[82.42826,25.24018],[82.42643,25.24172],[82.42429,25.24294],[82.42081,25.24455],[82.41993,25.2457],[82.41861,25.24651],[82.41413,25.24898],[82.40846,25.25266],[82.40587,25.25416],[82.40454,25.25474],[82.40125,25.25641],[82.40007,25.25726],[82.39836,25.259],[82.39615,25.26026],[82.39569,25.26066],[82.39425,25.26158],[82.39305,25.26244],[82.39172,25.26296],[82.38768,25.26423],[82.38653,25.26434],[82.38592,25.26429],[82.38466,25.26441],[82.38307,25.26412],[82.38214,25.26412],[82.38025,25.26279],[82.37917,25.26252],[82.37843,25.26221],[82.37634,25.26089],[82.37576,25.26037],[82.37419,25.25859],[82.37212,25.25555],[82.37112,25.25456],[82.36859,25.25163],[82.36804,25.25077],[82.36752,25.24979],[82.36627,25.24812],[82.36544,25.24681],[82.36294,25.2426],[82.36256,25.24163],[82.36124,25.23967],[82.35954,25.23604],[82.35865,25.23398],[82.35803,25.23294],[82.35783,25.23191],[82.35714,25.2292],[82.35647,25.22712],[82.35594,25.225],[82.35489,25.22224],[82.35275,25.21775],[82.35224,25.21695],[82.35004,25.21534],[82.34853,25.21499],[82.3467,25.21407],[82.34538,25.2135],[82.34261,25.21252],[82.3409,25.21223],[82.33952,25.21211],[82.33725,25.21217],[82.33251,25.21256],[82.33107,25.21309],[82.32861,25.21383],[82.32444,25.21545],[82.32249,25.21677],[82.32034,25.21884],[82.31971,25.21952],[82.31877,25.22084],[82.31674,25.22448],[82.31647,25.22614],[82.31597,25.22833],[82.31592,25.22919],[82.31573,25.23011],[82.3152,25.23402],[82.31487,25.23741],[82.3145,25.23914],[82.3138,25.24081],[82.31342,25.24207],[82.31211,25.24519],[82.31158,25.2461],[82.31113,25.24736],[82.31083,25.24858],[82.31027,25.25001],[82.31,25.25122],[82.30944,25.25289],[82.30824,25.25611],[82.30761,25.25807],[82.30703,25.25938],[82.30602,25.26106],[82.30518,25.26204],[82.30341,25.26405],[82.30158,25.26554],[82.30039,25.26721],[82.29983,25.26773],[82.29925,25.26807],[82.29773,25.26876],[82.29652,25.26991],[82.29483,25.27187],[82.29287,25.2733],[82.29149,25.27462],[82.28902,25.276],[82.28611,25.27692],[82.28169,25.27743],[82.28043,25.27738],[82.27817,25.27755],[82.27639,25.27777],[82.27229,25.27737],[82.27085,25.27697],[82.26991,25.2768],[82.2682,25.27674],[82.26449,25.27593],[82.26365,25.27558],[82.26247,25.27488],[82.26119,25.27437],[82.26037,25.27391],[82.25748,25.27236],[82.2551,25.27098],[82.25164,25.26747],[82.25012,25.26527],[82.24961,25.2643],[82.24622,25.25935],[82.24541,25.2578],[82.24377,25.25503],[82.24239,25.25204],[82.2419,25.24985],[82.24107,25.24801],[82.23857,25.24335],[82.23662,25.24087],[82.23644,25.24013],[82.23431,25.23518],[82.23405,25.23425],[82.23255,25.22752],[82.23237,25.22505],[82.23236,25.2239],[82.23289,25.22229],[82.23306,25.22097],[82.23345,25.21982],[82.23409,25.21918],[82.23523,25.2178],[82.23579,25.21746],[82.23736,25.21707],[82.24034,25.21597],[82.24325,25.21528],[82.24438,25.21482],[82.24874,25.21328],[82.25037,25.21252],[82.25233,25.21195],[82.25465,25.21138],[82.25629,25.21104],[82.25755,25.21087],[82.26266,25.20932],[82.26657,25.20788],[82.27038,25.20638],[82.27188,25.20604],[82.27319,25.20557],[82.27612,25.20484],[82.27712,25.20449],[82.27889,25.20323],[82.27959,25.20225],[82.28014,25.20093],[82.28053,25.19989],[82.28129,25.19679],[82.28055,25.19436],[82.27909,25.19287],[82.27829,25.19207],[82.2769,25.19098],[82.27483,25.18993],[82.27304,25.18925],[82.2709,25.18827],[82.26933,25.18741],[82.26632,25.18597],[82.26235,25.18452],[82.26051,25.18504],[82.2578,25.18579],[82.2544,25.18543],[82.25195,25.18451],[82.24918,25.18399],[82.24577,25.18399],[82.24036,25.18375],[82.23523,25.18369],[82.22945,25.1834],[82.22718,25.18351],[82.22433,25.1838],[82.22037,25.18466],[82.2179,25.18489],[82.21217,25.18568],[82.20763,25.1866],[82.20271,25.18878],[82.19989,25.19039],[82.19639,25.19338],[82.19482,25.19551],[82.19337,25.19722],[82.19077,25.20148],[82.18956,25.20458],[82.18841,25.20717],[82.18784,25.20966],[82.18623,25.21919],[82.18697,25.22402],[82.18747,25.22661],[82.18816,25.22898],[82.19098,25.23576],[82.19312,25.23835],[82.19444,25.24008],[82.19695,25.24302],[82.19797,25.2444],[82.19935,25.24653],[82.20049,25.24797],[82.20142,25.24935],[82.20229,25.25108],[82.20394,25.25281],[82.20612,25.25689],[82.2085,25.26236],[82.20926,25.26454],[82.21024,25.26691],[82.21088,25.26858],[82.21157,25.27088],[82.21308,25.2764],[82.21389,25.27858],[82.21722,25.27796],[82.22197,25.27767],[82.22379,25.27785],[82.22644,25.27773],[82.22946,25.27721],[82.23149,25.27705],[82.23357,25.27729],[82.24043,25.27729],[82.24247,25.27712],[82.24404,25.27689],[82.24599,25.27827],[82.24657,25.27965],[82.24731,25.28248],[82.25001,25.28674],[82.25046,25.28794],[82.2524,25.29059],[82.2536,25.29249],[82.25453,25.2937],[82.25503,25.29485],[82.25549,25.29548],[82.25616,25.29548],[82.25857,25.29618],[82.26083,25.29635],[82.26304,25.29688],[82.264,25.29698],[82.26505,25.29756],[82.26684,25.29825],[82.26866,25.29912],[82.272,25.30107],[82.2749,25.30228],[82.27653,25.30257],[82.27818,25.30258],[82.28063,25.30269],[82.28184,25.30286],[82.2831,25.30361],[82.28504,25.30557],[82.28613,25.30643],[82.28819,25.30724],[82.28883,25.3077],[82.29109,25.30895],[82.29186,25.30955],[82.29286,25.3104],[82.29363,25.31121],[82.29475,25.31386],[82.29482,25.31437],[82.29518,25.31564],[82.29462,25.31708],[82.2943,25.31765],[82.29328,25.32162],[82.2934,25.32375],[82.29371,25.32444],[82.29371,25.32507],[82.29478,25.32795],[82.29567,25.32939],[82.29711,25.33111],[82.29819,25.33094],[82.30016,25.33089],[82.30253,25.33106],[82.30375,25.33163],[82.30537,25.33319],[82.30593,25.33406],[82.3062,25.33463],[82.30801,25.33681],[82.31015,25.3413],[82.31072,25.34338],[82.31072,25.34602],[82.31033,25.34734],[82.30952,25.34867],[82.30888,25.35097],[82.308,25.35487],[82.30787,25.35592],[82.30803,25.35827],[82.30747,25.36005],[82.30519,25.36345],[82.30418,25.36511],[82.30259,25.36696],[82.30139,25.36881],[82.30033,25.37],[82.29981,25.37121],[82.29982,25.37219],[82.30025,25.37253],[82.3007,25.37322],[82.30244,25.37409],[82.30504,25.37622],[82.30601,25.37662],[82.30712,25.37755],[82.30856,25.37926],[82.30995,25.38161],[82.31135,25.38565],[82.31146,25.38658],[82.31107,25.38737],[82.30835,25.38905],[82.30654,25.38916],[82.30572,25.3891],[82.30395,25.38931],[82.30476,25.39128],[82.30558,25.39301],[82.3063,25.3948],[82.30916,25.40037],[82.3103,25.40008],[82.31138,25.39945],[82.31264,25.39894],[82.31638,25.39669],[82.31731,25.39653],[82.31857,25.3959],[82.3187,25.39687],[82.31934,25.39866],[82.32166,25.40423],[82.32204,25.40491],[82.32405,25.40458],[82.3264,25.4044],[82.32803,25.40435],[82.33206,25.40383],[82.33297,25.40396],[82.33441,25.40562],[82.33688,25.40775],[82.33801,25.4093],[82.33952,25.41162],[82.3404,25.41333],[82.34216,25.41626],[82.34279,25.41747],[82.34469,25.42184],[82.34406,25.42282],[82.34348,25.42604],[82.34196,25.42846],[82.34106,25.43042],[82.33981,25.43243],[82.33797,25.4349],[82.33701,25.43652],[82.3362,25.43806],[82.33544,25.44],[82.3346,25.44203],[82.33327,25.44479],[82.33182,25.44663],[82.32954,25.45032],[82.32891,25.4514],[82.32834,25.45204],[82.32727,25.45273],[82.32651,25.45273],[82.32555,25.45284],[82.32315,25.45261],[82.32006,25.45255],[82.31899,25.45221],[82.31741,25.45244],[82.31627,25.45571],[82.31563,25.45692],[82.31538,25.45779],[82.31456,25.45928],[82.31316,25.45997],[82.3121,25.45992],[82.3064,25.46198],[82.30418,25.46255],[82.30279,25.46308],[82.30197,25.46428],[82.3021,25.46543],[82.30352,25.47147],[82.30405,25.47475],[82.30424,25.47653],[82.30421,25.47906],[82.30389,25.48068],[82.30383,25.48234],[82.30363,25.48389],[82.30308,25.48493],[82.30123,25.487],[82.29984,25.48769],[82.29852,25.48792],[82.29662,25.48769],[82.29536,25.48775],[82.29353,25.4874],[82.29049,25.48659],[82.28803,25.48613],[82.28569,25.48578],[82.28418,25.48543],[82.28324,25.4855],[82.28114,25.48538],[82.27945,25.48595],[82.27778,25.48756],[82.27684,25.48825],[82.27628,25.48895],[82.27526,25.49072],[82.27518,25.49158],[82.27538,25.49331],[82.27531,25.49452],[82.27599,25.49722],[82.27814,25.50125],[82.27953,25.50298],[82.28029,25.50326],[82.28162,25.50333],[82.28458,25.5031],[82.28825,25.50137],[82.28958,25.50057],[82.29102,25.49982],[82.29211,25.49941],[82.29509,25.49873],[82.29673,25.4985],[82.29742,25.49861],[82.29881,25.49867],[82.30084,25.49902],[82.30235,25.49954],[82.30373,25.50052],[82.30671,25.50236],[82.30828,25.50409],[82.30859,25.50461],[82.30846,25.50592],[82.30765,25.50731],[82.30663,25.50858],[82.30543,25.50989],[82.30454,25.51064],[82.30383,25.51087],[82.30289,25.51151],[82.30194,25.51184],[82.30017,25.51277],[82.2994,25.51306],[82.2972,25.51363],[82.29525,25.51392],[82.29398,25.51426],[82.29132,25.51483],[82.2893,25.51575],[82.2879,25.51673],[82.28726,25.51748],[82.28728,25.51892],[82.28796,25.52023],[82.2889,25.52174],[82.28954,25.52243],[82.29061,25.52317],[82.29389,25.52444],[82.29554,25.5246],[82.29705,25.52489],[82.29895,25.52502],[82.3004,25.52531],[82.30267,25.5256],[82.30451,25.52566],[82.30666,25.52595],[82.30766,25.52561],[82.30894,25.52457],[82.31065,25.52077],[82.31217,25.51772],[82.31352,25.51428],[82.31458,25.51174],[82.3153,25.50967],[82.31606,25.50829],[82.3172,25.50593],[82.31871,25.50386],[82.31928,25.50282],[82.32049,25.5015],[82.32277,25.50144],[82.32376,25.50381],[82.32554,25.50559],[82.32749,25.50777],[82.33002,25.51336],[82.33076,25.51554],[82.33018,25.51634],[82.32892,25.51738],[82.32798,25.51853],[82.32728,25.51962],[82.32583,25.521],[82.32359,25.52428],[82.32272,25.52502],[82.32107,25.52721],[82.32043,25.52785],[82.31979,25.52917],[82.31858,25.53343],[82.31847,25.5351],[82.31864,25.53579],[82.31985,25.53705],[82.32168,25.53923],[82.32314,25.53924],[82.3249,25.53912],[82.32606,25.5393],[82.32687,25.53913],[82.32907,25.53798],[82.33136,25.53751],[82.333,25.53677],[82.33794,25.53332],[82.33918,25.53223],[82.34059,25.53131],[82.34105,25.53016],[82.34155,25.52762],[82.3415,25.52711],[82.34201,25.5236],[82.34268,25.52066],[82.34347,25.51848],[82.34391,25.51761],[82.34568,25.51584],[82.34656,25.51544],[82.3484,25.5148],[82.35086,25.51423],[82.35345,25.51342],[82.35496,25.51261],[82.35794,25.51158],[82.36319,25.51105],[82.36477,25.51094],[82.3661,25.51094],[82.36718,25.51129],[82.3678,25.51186],[82.36811,25.51266],[82.36768,25.51491],[82.36678,25.51583],[82.36522,25.51692],[82.36224,25.51934],[82.3614,25.52061],[82.36273,25.52141],[82.36425,25.52193],[82.3659,25.52159],[82.36874,25.52056],[82.37046,25.52072],[82.37154,25.52107],[82.37208,25.52095],[82.3752,25.5194],[82.37715,25.51831],[82.37809,25.5179],[82.38279,25.51623],[82.38359,25.51612],[82.38481,25.51664],[82.38506,25.51802],[82.38449,25.51998],[82.38436,25.52129],[82.38454,25.52273],[82.38473,25.52354],[82.38795,25.5245]]]}},{"type":"Feature","properties":{"ID_0":105,"ISO":"IND","NAME_0":"India","ID_1":33,"NAME_1":"Uttar Pradesh","ID_2":555,"NAME_2":"Shahjahanpur","NL_NAME_2":null,"VARNAME_2":"Shahajahanpur","TYPE_2":"District","ENGTYPE_2":"District","STATE":"Uttar Pradesh","DISTRICT":"Shahjahanpur"},"geometry":{"type":"Polygon","coordinates":[[[80.34719,28.38924],[80.34718,28.37627],[80.35101,28.35873],[80.35799,28.35429],[80.35971,28.35134],[80.35983,28.34854],[80.3586,28.34148],[80.35705,28.33794],[80.34383,28.32676],[80.34158,28.32367],[80.33936,28.31707],[80.32271,28.3019],[80.31104,28.28593],[80.30089,28.2757],[80.2958,28.26444],[80.29749,28.2624],[80.29964,28.26143],[80.29941,28.25923],[80.30132,28.25404],[80.30125,28.25122],[80.30265,28.24829],[80.30053,28.23809],[80.29893,28.23516],[80.29739,28.22964],[80.29407,28.22683],[80.29278,28.22334],[80.28883,28.21878],[80.28805,28.21213],[80.29021,28.20818],[80.28817,28.19978],[80.29182,28.1935],[80.29338,28.19594],[80.29503,28.19428],[80.29842,28.19264],[80.30006,28.1901],[80.30046,28.18654],[80.29786,28.17714],[80.29255,28.17179],[80.29167,28.16752],[80.29239,28.16176],[80.29084,28.15787],[80.2727,28.1624],[80.26715,28.15565],[80.25221,28.15722],[80.24573,28.16175],[80.24218,28.15945],[80.24001,28.15641],[80.23336,28.13985],[80.23284,28.13523],[80.23391,28.12975],[80.23828,28.12299],[80.23612,28.11408],[80.23625,28.1112],[80.23865,28.10882],[80.23763,28.10184],[80.24461,28.09566],[80.24858,28.09012],[80.24842,28.08686],[80.2457,28.07592],[80.24401,28.07322],[80.24109,28.07064],[80.23699,28.06225],[80.23483,28.05955],[80.23145,28.05905],[80.22524,28.05992],[80.22279,28.06111],[80.22153,28.0632],[80.2193,28.06253],[80.21649,28.05627],[80.21262,28.0552],[80.19608,28.03598],[80.1877,28.03233],[80.18479,28.02804],[80.18123,28.02462],[80.17843,28.02338],[80.17406,28.02413],[80.1665,28.0286],[80.16096,28.02416],[80.16386,28.02116],[80.15933,28.01632],[80.1566,28.01566],[80.15496,28.01622],[80.15159,28.01161],[80.14709,28.01022],[80.14822,28.00763],[80.13465,28.00387],[80.11276,28.00218],[80.11102,27.99531],[80.10606,27.98948],[80.10739,27.98505],[80.10562,27.98054],[80.1011,27.97584],[80.09519,27.97362],[80.09082,27.97335],[80.09169,27.97173],[80.09423,27.9699],[80.0854,27.96457],[80.0778,27.95878],[80.07615,27.95503],[80.07775,27.93919],[80.0714,27.93257],[80.06641,27.93279],[80.05853,27.92748],[80.05649,27.92649],[80.05463,27.92665],[80.04973,27.92941],[80.05379,27.93336],[80.05604,27.93695],[80.05355,27.93893],[80.04921,27.93928],[80.03503,27.93047],[80.02168,27.92893],[80.01686,27.92701],[80.01476,27.92471],[80.01774,27.92197],[80.01591,27.91014],[80.02117,27.88801],[80.0308,27.88368],[80.04391,27.87075],[80.04725,27.85901],[80.04649,27.85473],[80.04564,27.85374],[80.04052,27.85177],[80.03791,27.84762],[80.02685,27.84323],[80.02521,27.84187],[80.02378,27.83982],[80.02396,27.83533],[80.03017,27.82979],[80.04405,27.8294],[80.04434,27.82485],[80.03525,27.81796],[80.04106,27.81458],[80.04147,27.81366],[80.04035,27.81268],[80.04271,27.809],[80.03912,27.80544],[80.0407,27.80263],[80.04372,27.80101],[80.04216,27.79815],[80.04588,27.79573],[80.04729,27.78919],[80.05065,27.78335],[80.05141,27.7803],[80.05245,27.77613],[80.04825,27.77206],[80.0479,27.7704],[80.04883,27.76711],[80.05196,27.76335],[80.06354,27.75619],[80.06269,27.75308],[80.05492,27.74913],[80.04854,27.74697],[80.03848,27.74655],[80.03424,27.74854],[80.03086,27.7437],[80.02682,27.73981],[80.02531,27.73999],[80.02435,27.74098],[80.02277,27.74606],[80.02144,27.7478],[80.01947,27.74971],[80.01781,27.74966],[80.01466,27.74585],[80.01181,27.74045],[80.00793,27.73622],[80.00383,27.73856],[80.00082,27.73551],[79.99579,27.7324],[79.99097,27.73336],[79.98956,27.73445],[79.98456,27.73282],[79.97649,27.7317],[79.96169,27.73616],[79.95576,27.7357],[79.95102,27.73379],[79.94102,27.72156],[79.93553,27.71973],[79.92214,27.71822],[79.91641,27.72156],[79.90363,27.72648],[79.90092,27.72014],[79.90477,27.71595],[79.90787,27.70898],[79.90166,27.70693],[79.89165,27.70644],[79.88506,27.70911],[79.87717,27.70971],[79.87132,27.70592],[79.8723,27.68293],[79.86726,27.67454],[79.86084,27.66766],[79.85567,27.65841],[79.85111,27.65565],[79.84177,27.65567],[79.82544,27.6591],[79.81567,27.65938],[79.8042,27.6625],[79.79874,27.66588],[79.79693,27.66886],[79.78083,27.682],[79.77529,27.68827],[79.75625,27.71864],[79.74709,27.72462],[79.74187,27.7236],[79.73343,27.72564],[79.73099,27.72765],[79.72747,27.72502],[79.72635,27.72182],[79.72472,27.71953],[79.72318,27.70619],[79.72395,27.69823],[79.72324,27.69289],[79.71859,27.67816],[79.71622,27.67523],[79.7115,27.67308],[79.7058,27.67244],[79.70156,27.67065],[79.68905,27.66229],[79.68613,27.65887],[79.68427,27.6487],[79.67816,27.63938],[79.67815,27.63192],[79.67928,27.62734],[79.6809,27.62473],[79.69096,27.62176],[79.69261,27.61709],[79.68934,27.61428],[79.6896,27.6091],[79.69328,27.6022],[79.69382,27.59644],[79.69473,27.59537],[79.69751,27.59431],[79.70467,27.59389],[79.70643,27.58783],[79.70324,27.58209],[79.70621,27.57202],[79.70559,27.56923],[79.69954,27.559],[79.69895,27.55266],[79.7025,27.55065],[79.71251,27.54704],[79.7178,27.54327],[79.72006,27.53846],[79.72086,27.53452],[79.72004,27.51937],[79.72105,27.51615],[79.72323,27.51398],[79.72419,27.51101],[79.7206,27.505],[79.72286,27.49576],[79.72226,27.49218],[79.71152,27.48499],[79.70701,27.48086],[79.70638,27.47912],[79.703,27.48153],[79.69945,27.48221],[79.69765,27.48144],[79.69463,27.47839],[79.68995,27.47725],[79.69056,27.48094],[79.68936,27.48353],[79.69332,27.49647],[79.6832,27.49915],[79.67289,27.49693],[79.6691,27.49787],[79.66611,27.50157],[79.65386,27.50133],[79.6558,27.50955],[79.6526,27.50874],[79.64788,27.51258],[79.64786,27.51637],[79.65138,27.52531],[79.65247,27.53059],[79.65019,27.53432],[79.65226,27.54362],[79.64648,27.56981],[79.64732,27.57397],[79.64606,27.58057],[79.63464,27.58241],[79.63266,27.58583],[79.63869,27.60411],[79.64892,27.61551],[79.64812,27.61819],[79.64291,27.62034],[79.64229,27.62382],[79.64253,27.62776],[79.64423,27.63313],[79.64662,27.63541],[79.64738,27.64042],[79.63958,27.63686],[79.63882,27.63856],[79.64014,27.64319],[79.64315,27.64683],[79.62045,27.64034],[79.61033,27.63058],[79.60849,27.6277],[79.60837,27.62403],[79.60294,27.62156],[79.59498,27.62276],[79.58806,27.62034],[79.58716,27.61535],[79.58923,27.61105],[79.59728,27.60607],[79.60046,27.60499],[79.60252,27.5991],[79.59589,27.6],[79.58441,27.60402],[79.58361,27.6013],[79.58018,27.59695],[79.57647,27.59662],[79.57301,27.59747],[79.55861,27.59682],[79.55545,27.5964],[79.55146,27.5946],[79.54622,27.59422],[79.54646,27.6001],[79.54382,27.60322],[79.5387,27.60383],[79.53382,27.60293],[79.52638,27.59744],[79.5248,27.59726],[79.5229,27.59704],[79.5106,27.60453],[79.50781,27.60398],[79.49938,27.5954],[79.49195,27.59507],[79.47031,27.60243],[79.46889,27.60448],[79.47511,27.61568],[79.47292,27.6199],[79.46977,27.62329],[79.46771,27.62951],[79.45414,27.6393],[79.44999,27.64094],[79.4455,27.63932],[79.44275,27.6406],[79.43996,27.64349],[79.43462,27.64565],[79.42904,27.64374],[79.42249,27.63667],[79.41722,27.63365],[79.4082,27.63765],[79.39554,27.64686],[79.38518,27.65115],[79.37506,27.65101],[79.37081,27.65012],[79.36576,27.64727],[79.36304,27.65343],[79.35131,27.65348],[79.34307,27.6525],[79.33652,27.65385],[79.34008,27.65833],[79.34228,27.65758],[79.34315,27.66167],[79.34562,27.6682],[79.34424,27.67549],[79.34262,27.67855],[79.33554,27.6829],[79.33398,27.68463],[79.33289,27.69988],[79.33168,27.70252],[79.32806,27.70561],[79.32995,27.71155],[79.33009,27.71571],[79.32731,27.72211],[79.32146,27.72921],[79.3213,27.73397],[79.32777,27.74002],[79.33539,27.74213],[79.34345,27.74106],[79.34887,27.74348],[79.34837,27.75354],[79.34716,27.75813],[79.33936,27.76028],[79.34002,27.76902],[79.34337,27.77762],[79.34498,27.79194],[79.34646,27.7961],[79.35082,27.80111],[79.35351,27.80615],[79.35676,27.8089],[79.36,27.80892],[79.36446,27.81026],[79.36301,27.81307],[79.3647,27.82304],[79.37052,27.82646],[79.37625,27.82768],[79.37775,27.82663],[79.37798,27.8241],[79.38206,27.82327],[79.38515,27.82444],[79.3921,27.82943],[79.3953,27.83238],[79.39481,27.83596],[79.39377,27.83778],[79.39488,27.83922],[79.3938,27.84266],[79.39693,27.84754],[79.40032,27.84818],[79.40319,27.84775],[79.41059,27.84309],[79.41281,27.83927],[79.41557,27.84039],[79.42287,27.84565],[79.43035,27.84987],[79.4315,27.84758],[79.4389,27.84177],[79.44594,27.84619],[79.44581,27.84952],[79.4473,27.85271],[79.44947,27.85468],[79.45865,27.85388],[79.46335,27.84942],[79.46738,27.84806],[79.47613,27.84862],[79.47591,27.85331],[79.47476,27.85476],[79.46687,27.86288],[79.46557,27.86161],[79.46442,27.8645],[79.45952,27.87694],[79.45697,27.87935],[79.4559,27.88199],[79.45479,27.88835],[79.45185,27.89508],[79.45021,27.90204],[79.45564,27.91932],[79.45722,27.92944],[79.45929,27.9329],[79.4753,27.93498],[79.47725,27.93838],[79.47558,27.94465],[79.47697,27.94779],[79.47987,27.94851],[79.4726,27.95746],[79.4685,27.9654],[79.4643,27.96846],[79.46147,27.96769],[79.45889,27.97316],[79.4619,27.97684],[79.46499,27.98436],[79.46614,27.9905],[79.48546,28.00566],[79.49071,28.02278],[79.48953,28.0273],[79.4869,28.02653],[79.49827,28.0416],[79.49622,28.04728],[79.49622,28.05053],[79.50665,28.05425],[79.51243,28.06128],[79.51801,28.06528],[79.52245,28.06218],[79.52834,28.06439],[79.53405,28.07131],[79.5385,28.07533],[79.55093,28.07376],[79.56542,28.083],[79.57018,28.09085],[79.57545,28.09681],[79.58442,28.09027],[79.5912,28.08766],[79.60342,28.09046],[79.60818,28.08847],[79.61933,28.09035],[79.6207,28.09211],[79.62136,28.10426],[79.6242,28.10856],[79.62414,28.11397],[79.62115,28.12254],[79.6272,28.128],[79.61893,28.1367],[79.61825,28.14027],[79.61547,28.14016],[79.61271,28.14874],[79.61322,28.1533],[79.61051,28.15515],[79.61163,28.15983],[79.6175,28.16243],[79.61812,28.16928],[79.62127,28.17609],[79.62337,28.18551],[79.62651,28.18923],[79.62807,28.19257],[79.63557,28.19846],[79.62981,28.20647],[79.63177,28.20814],[79.63031,28.21282],[79.63149,28.21493],[79.63456,28.21806],[79.64271,28.22123],[79.65487,28.21958],[79.65879,28.22382],[79.66108,28.22712],[79.66096,28.23576],[79.65948,28.23728],[79.65685,28.24286],[79.6633,28.25046],[79.66535,28.25028],[79.67135,28.25237],[79.67251,28.25453],[79.66943,28.25895],[79.66585,28.26746],[79.66791,28.26936],[79.67079,28.26863],[79.67415,28.26913],[79.69093,28.25344],[79.69324,28.24866],[79.69572,28.24689],[79.69427,28.24328],[79.69592,28.24034],[79.69818,28.2395],[79.70153,28.2381],[79.70415,28.23873],[79.7116,28.23931],[79.71993,28.23934],[79.72232,28.23764],[79.72552,28.23526],[79.72652,28.22912],[79.72683,28.22623],[79.72212,28.22541],[79.71721,28.2249],[79.71165,28.22118],[79.7095,28.21867],[79.70531,28.21499],[79.70345,28.21107],[79.70499,28.20603],[79.70844,28.20382],[79.714,28.20497],[79.71961,28.20383],[79.72363,28.20174],[79.72308,28.19934],[79.71967,28.19429],[79.71667,28.19207],[79.71091,28.19029],[79.71353,28.18561],[79.71576,28.186],[79.71845,28.18491],[79.72414,28.1885],[79.72791,28.18834],[79.7321,28.19044],[79.73498,28.19101],[79.74041,28.18735],[79.74127,28.18365],[79.74455,28.18103],[79.74712,28.17908],[79.75102,28.1775],[79.75381,28.1751],[79.75867,28.17182],[79.76254,28.16906],[79.76855,28.16692],[79.77076,28.16584],[79.77415,28.16709],[79.77752,28.17102],[79.77829,28.1727],[79.77989,28.17464],[79.78254,28.17564],[79.78585,28.17432],[79.79156,28.17455],[79.79462,28.1779],[79.797,28.18191],[79.8006,28.18637],[79.80206,28.19045],[79.80353,28.1946],[79.80554,28.19638],[79.80939,28.20088],[79.81075,28.20556],[79.80902,28.21247],[79.80713,28.21509],[79.80611,28.21941],[79.80379,28.22314],[79.80199,28.22594],[79.80066,28.23194],[79.79983,28.23553],[79.79939,28.23972],[79.79978,28.24283],[79.80071,28.24493],[79.80373,28.24529],[79.80676,28.24419],[79.8152,28.24427],[79.82046,28.24542],[79.83047,28.23948],[79.83338,28.23668],[79.83382,28.23382],[79.8336,28.23048],[79.83289,28.22605],[79.83143,28.2217],[79.82983,28.21726],[79.82942,28.21462],[79.83113,28.21292],[79.83269,28.21116],[79.83555,28.20911],[79.83894,28.20647],[79.84284,28.206],[79.84679,28.20727],[79.85685,28.20203],[79.85523,28.19967],[79.85296,28.19444],[79.85874,28.19328],[79.86108,28.19257],[79.86411,28.18961],[79.86605,28.19012],[79.86882,28.18819],[79.87359,28.18828],[79.87646,28.18395],[79.87374,28.17425],[79.87383,28.17259],[79.87025,28.16755],[79.86496,28.16097],[79.87075,28.15944],[79.86981,28.15711],[79.86457,28.15855],[79.86179,28.16045],[79.85934,28.16139],[79.85718,28.16191],[79.85474,28.16053],[79.85264,28.15736],[79.85216,28.15382],[79.85415,28.15234],[79.85291,28.14785],[79.85191,28.14413],[79.86717,28.13611],[79.86932,28.13876],[79.87119,28.14063],[79.87685,28.14355],[79.88671,28.14584],[79.88966,28.14683],[79.89577,28.14615],[79.89838,28.14414],[79.9056,28.13938],[79.90836,28.13679],[79.91052,28.13467],[79.91448,28.13246],[79.92217,28.13045],[79.92379,28.12655],[79.92479,28.12456],[79.92638,28.12194],[79.92914,28.12114],[79.93248,28.12243],[79.93483,28.12344],[79.94057,28.12304],[79.9446,28.12285],[79.94732,28.12468],[79.94736,28.12695],[79.94645,28.13292],[79.94978,28.1405],[79.95295,28.14642],[79.95412,28.14862],[79.95429,28.15251],[79.95392,28.15703],[79.95345,28.16046],[79.95315,28.16611],[79.95353,28.16995],[79.95424,28.17356],[79.95351,28.1783],[79.95148,28.18592],[79.95118,28.18861],[79.94891,28.19217],[79.94705,28.19402],[79.9457,28.19738],[79.94638,28.20272],[79.94742,28.22103],[79.94716,28.22494],[79.94575,28.23222],[79.94469,28.23853],[79.94416,28.24722],[79.9449,28.25224],[79.94308,28.26266],[79.94182,28.26729],[79.93959,28.27346],[79.9388,28.27983],[79.93887,28.28656],[79.93624,28.30417],[79.93454,28.30652],[79.93182,28.31066],[79.93089,28.31208],[79.93072,28.3169],[79.93165,28.31922],[79.93343,28.32156],[79.93475,28.32423],[79.93699,28.32856],[79.94168,28.33422],[79.94331,28.33555],[79.94624,28.33734],[79.95511,28.33908],[79.9611,28.3396],[79.96488,28.34002],[79.96835,28.3405],[79.97105,28.34095],[79.97659,28.34204],[79.98051,28.3431],[79.98348,28.34424],[79.98677,28.34622],[79.9888,28.34743],[79.9967,28.35064],[80.00363,28.36428],[80.00318,28.36826],[80.01387,28.36425],[80.0255,28.36146],[80.03359,28.35912],[80.04003,28.35616],[80.04494,28.35555],[80.0483,28.35386],[80.05476,28.34173],[80.0612,28.33815],[80.07917,28.36953],[80.08415,28.36904],[80.0863,28.37006],[80.08834,28.3725],[80.0918,28.37865],[80.08788,28.38323],[80.08883,28.38634],[80.09153,28.38813],[80.09646,28.38938],[80.11492,28.38902],[80.11766,28.39363],[80.13308,28.39285],[80.13799,28.39137],[80.14506,28.38694],[80.15136,28.38077],[80.15195,28.37767],[80.15591,28.37574],[80.15719,28.37292],[80.15742,28.36672],[80.16008,28.36445],[80.16042,28.35824],[80.16301,28.35693],[80.17152,28.35611],[80.17354,28.35497],[80.17486,28.35294],[80.17471,28.35063],[80.17709,28.35084],[80.19019,28.35717],[80.19057,28.36219],[80.19315,28.36466],[80.19363,28.3672],[80.19183,28.37267],[80.19145,28.38276],[80.19322,28.38677],[80.19794,28.39115],[80.2027,28.39203],[80.20798,28.39219],[80.22273,28.3892],[80.22757,28.39774],[80.23192,28.40242],[80.24043,28.41407],[80.24147,28.41858],[80.23995,28.42804],[80.23559,28.43218],[80.23386,28.43562],[80.23363,28.4433],[80.2302,28.44652],[80.22799,28.44986],[80.22845,28.45583],[80.23058,28.4587],[80.23481,28.46083],[80.25458,28.46295],[80.27521,28.46181],[80.28957,28.45929],[80.29331,28.45271],[80.30109,28.44362],[80.31017,28.43523],[80.31604,28.43126],[80.32615,28.41791],[80.32925,28.41536],[80.33685,28.41303],[80.33887,28.40947],[80.34104,28.40133],[80.34719,28.38924]]]}},{"type":"Feature","properties":{"ID_0":105,"ISO":"IND","NAME_0":"India","ID_1":33,"NAME_1":"Uttar Pradesh","ID_2":556,"NAME_2":"Shravasti","NL_NAME_2":null,"VARNAME_2":null,"TYPE_2":"District","ENGTYPE_2":"District","STATE":"Uttar Pradesh","DISTRICT":"Shravasti"},"geometry":{"type":"MultiPolygon","coordinates":[[[[81.80397,27.90545],[81.76402,27.93742],[81.75882,27.94151],[81.75706,27.94296],[81.75885,27.94154],[81.76407,27.93744],[81.80397,27.90545]]],[[[81.80397,27.90545],[81.80671,27.90325],[81.81541,27.90442],[81.8231,27.90289],[81.82496,27.90252],[81.82732,27.90041],[81.83542,27.89742],[81.84186,27.89096],[81.84944,27.88711],[81.86232,27.87782],[81.86237,27.87779],[81.87542,27.86932],[81.8821,27.86222],[81.88685,27.85716],[81.89902,27.8548],[81.90402,27.85368],[81.92802,27.85965],[81.92712,27.87531],[81.93195,27.88253],[81.9399,27.88784],[81.94004,27.89359],[81.94962,27.90342],[81.95282,27.91012],[81.96112,27.91632],[81.96365,27.92302],[81.97012,27.92882],[81.99312,27.92912],[82.02742,27.92501],[82.04702,27.92442],[82.06441,27.92151],[82.06928,27.92215],[82.06966,27.92339],[82.06972,27.92342],[82.07288,27.92253],[82.08243,27.90902],[82.08247,27.90899],[82.09202,27.89931],[82.0933,27.89457],[82.09334,27.89454],[82.10284,27.88599],[82.11612,27.87741],[82.12312,27.86775],[82.12522,27.86484],[82.14131,27.85978],[82.14136,27.85977],[82.15194,27.85781],[82.15591,27.86612],[82.16323,27.86244],[82.16376,27.86217],[82.1697,27.85921],[82.17902,27.85455],[82.18349,27.85289],[82.19798,27.84752],[82.19646,27.84061],[82.19532,27.82647],[82.19231,27.82202],[82.19034,27.81586],[82.19046,27.81149],[82.18674,27.8088],[82.17875,27.79945],[82.1744,27.80055],[82.17208,27.79469],[82.15812,27.79754],[82.1558,27.79594],[82.1509,27.78802],[82.14384,27.78041],[82.14406,27.77679],[82.14181,27.7746],[82.13741,27.77395],[82.13419,27.77166],[82.13217,27.76429],[82.13301,27.7592],[82.1307,27.75357],[82.12551,27.74747],[82.12003,27.74403],[82.11378,27.74201],[82.12492,27.73318],[82.12336,27.72621],[82.12022,27.72014],[82.12403,27.71694],[82.12302,27.71439],[82.1173,27.71196],[82.11903,27.70663],[82.11428,27.6987],[82.11107,27.6984],[82.1005,27.68662],[82.09457,27.68779],[82.08389,27.67516],[82.08671,27.6697],[82.08675,27.66614],[82.0741,27.65504],[82.07695,27.64347],[82.06751,27.63227],[82.06232,27.6304],[82.05882,27.62724],[82.05022,27.62938],[82.04575,27.62302],[82.03443,27.61848],[82.02502,27.60337],[82.0201,27.60168],[82.0156,27.5935],[82.0139,27.58775],[82.01727,27.58088],[82.02522,27.57503],[82.0237,27.56917],[82.02615,27.56594],[82.02336,27.55728],[82.0288,27.55349],[82.03222,27.55479],[82.03918,27.56789],[82.04286,27.56382],[82.04533,27.55844],[82.04221,27.55457],[82.03318,27.54907],[82.03409,27.5478],[82.03518,27.54625],[82.04526,27.5434],[82.04541,27.54014],[82.03494,27.5389],[82.03918,27.53047],[82.04338,27.52575],[82.04319,27.50628],[82.05039,27.50272],[82.04555,27.45522],[82.05608,27.44615],[82.06015,27.44786],[82.06375,27.44542],[82.06393,27.43948],[82.06046,27.43158],[82.07508,27.42799],[82.06964,27.42129],[82.0654,27.4118],[82.05933,27.41503],[82.05254,27.41565],[82.04764,27.42118],[82.04552,27.42192],[82.04045,27.4211],[82.03422,27.41904],[82.03156,27.4221],[82.02887,27.42311],[82.02686,27.42298],[82.02201,27.42046],[82.01805,27.42187],[82.01212,27.42179],[82.00587,27.41672],[82.00346,27.41548],[81.99976,27.415],[81.99332,27.41614],[81.99241,27.41716],[81.98952,27.42422],[81.98806,27.42477],[81.9879,27.43035],[81.98431,27.43137],[81.98139,27.43498],[81.97627,27.4352],[81.97442,27.43614],[81.97295,27.44135],[81.9698,27.44194],[81.96955,27.44463],[81.96713,27.44505],[81.96257,27.4444],[81.96265,27.44715],[81.96066,27.44727],[81.95854,27.4458],[81.95489,27.44089],[81.95224,27.43926],[81.95084,27.43978],[81.94555,27.43591],[81.94372,27.44069],[81.93832,27.43855],[81.93842,27.44176],[81.93503,27.44328],[81.93385,27.44295],[81.93279,27.43762],[81.93338,27.43337],[81.92996,27.43155],[81.92805,27.4267],[81.92235,27.42525],[81.91965,27.42079],[81.9184,27.41639],[81.92461,27.41422],[81.92369,27.39961],[81.92715,27.39795],[81.92976,27.39558],[81.93088,27.39282],[81.92221,27.38565],[81.91875,27.38556],[81.91508,27.38697],[81.90806,27.38136],[81.90578,27.37862],[81.90168,27.37927],[81.8998,27.37493],[81.89938,27.37115],[81.90125,27.3674],[81.90591,27.36375],[81.90563,27.36163],[81.9026,27.35855],[81.90898,27.35569],[81.90806,27.3523],[81.90088,27.34623],[81.89976,27.34342],[81.9003,27.3406],[81.90421,27.33817],[81.91109,27.33529],[81.91325,27.33251],[81.91307,27.32723],[81.90898,27.32228],[81.90679,27.32115],[81.90359,27.32164],[81.89472,27.32562],[81.89172,27.32634],[81.88979,27.326],[81.88521,27.32289],[81.88277,27.32331],[81.88216,27.32727],[81.88038,27.32867],[81.88027,27.33097],[81.87687,27.33651],[81.87397,27.33648],[81.87025,27.33467],[81.86701,27.33205],[81.86756,27.33573],[81.86635,27.33739],[81.86424,27.33759],[81.8513,27.33133],[81.8478,27.33497],[81.84708,27.33199],[81.84426,27.33391],[81.84204,27.32889],[81.8389,27.32943],[81.83515,27.31762],[81.82862,27.30489],[81.82796,27.30203],[81.83105,27.29609],[81.82854,27.28716],[81.82601,27.28408],[81.81954,27.28385],[81.81655,27.27916],[81.81634,27.27629],[81.81353,27.27684],[81.81022,27.27945],[81.80827,27.27791],[81.80566,27.27185],[81.80111,27.27275],[81.79635,27.27803],[81.78932,27.28031],[81.78519,27.28522],[81.78984,27.28874],[81.79018,27.29121],[81.7891,27.29317],[81.78631,27.29537],[81.78629,27.30042],[81.77955,27.3011],[81.77654,27.30004],[81.77389,27.29765],[81.76661,27.30063],[81.76581,27.30426],[81.76773,27.30533],[81.7702,27.30961],[81.76749,27.3151],[81.76369,27.31323],[81.76074,27.31496],[81.7579,27.31895],[81.75392,27.31714],[81.75105,27.31762],[81.74776,27.32013],[81.7455,27.32319],[81.74197,27.32413],[81.74123,27.32666],[81.73683,27.32945],[81.73596,27.33336],[81.73352,27.33475],[81.72944,27.33398],[81.72695,27.33715],[81.72084,27.33479],[81.71851,27.33263],[81.71465,27.331],[81.71346,27.33213],[81.71272,27.33454],[81.71056,27.33725],[81.70756,27.33933],[81.6917,27.34692],[81.68866,27.34946],[81.68752,27.35251],[81.68818,27.35503],[81.69059,27.35788],[81.69812,27.36253],[81.70686,27.36562],[81.71589,27.36458],[81.71879,27.36535],[81.72151,27.36729],[81.72606,27.36817],[81.73145,27.36779],[81.74605,27.36475],[81.75372,27.36211],[81.76279,27.36622],[81.76455,27.36936],[81.76367,27.37138],[81.76131,27.37323],[81.73956,27.3784],[81.72701,27.38531],[81.72026,27.39065],[81.71617,27.3928],[81.71222,27.39387],[81.70535,27.39495],[81.70233,27.39427],[81.6957,27.3906],[81.69242,27.39022],[81.68331,27.39063],[81.68121,27.39197],[81.68074,27.39845],[81.68277,27.40337],[81.68774,27.40947],[81.68945,27.41377],[81.68544,27.42521],[81.68921,27.4335],[81.68769,27.43603],[81.6866,27.44465],[81.694,27.45733],[81.69666,27.46752],[81.69051,27.47307],[81.67941,27.48009],[81.68682,27.486],[81.68385,27.48958],[81.68559,27.49141],[81.68547,27.49376],[81.6834,27.49819],[81.67126,27.50736],[81.66856,27.50856],[81.66626,27.50864],[81.66354,27.50711],[81.66051,27.50381],[81.6576,27.50239],[81.65453,27.50305],[81.65208,27.51035],[81.65088,27.5197],[81.64682,27.52163],[81.63574,27.52394],[81.63369,27.5251],[81.63586,27.53185],[81.63765,27.53494],[81.63821,27.53872],[81.63503,27.5419],[81.63091,27.54118],[81.62766,27.53679],[81.6212,27.53804],[81.61801,27.53984],[81.61592,27.54713],[81.60751,27.55512],[81.60189,27.55371],[81.59882,27.55385],[81.59812,27.55626],[81.59597,27.5592],[81.59045,27.56131],[81.58117,27.55827],[81.57891,27.56326],[81.57576,27.56387],[81.57314,27.56583],[81.5718,27.5686],[81.57234,27.57065],[81.57427,27.57265],[81.5712,27.57509],[81.56986,27.57778],[81.56899,27.58313],[81.56042,27.58651],[81.55508,27.57897],[81.54748,27.58235],[81.54968,27.59725],[81.5527,27.60761],[81.54926,27.61045],[81.5456,27.61172],[81.54247,27.61398],[81.54475,27.61885],[81.547,27.62095],[81.55064,27.62747],[81.5499,27.63063],[81.54644,27.63323],[81.54354,27.63284],[81.5392,27.63075],[81.53426,27.62693],[81.53155,27.62747],[81.52706,27.62974],[81.52382,27.63325],[81.51498,27.6395],[81.51988,27.64372],[81.51057,27.64698],[81.50528,27.65006],[81.50175,27.6541],[81.49972,27.65932],[81.49645,27.6614],[81.49293,27.6596],[81.49023,27.66105],[81.48758,27.66101],[81.48181,27.65359],[81.47775,27.66088],[81.47461,27.66475],[81.46951,27.66931],[81.46643,27.67094],[81.46371,27.67152],[81.45852,27.67117],[81.44942,27.6688],[81.44062,27.66753],[81.43842,27.66794],[81.43819,27.67121],[81.43673,27.67402],[81.43663,27.68023],[81.44315,27.6838],[81.44925,27.68268],[81.45346,27.69114],[81.45214,27.69361],[81.45261,27.69745],[81.45763,27.6996],[81.46239,27.69945],[81.46549,27.70019],[81.46724,27.70275],[81.46667,27.705],[81.46475,27.70788],[81.46509,27.70966],[81.46723,27.71331],[81.47512,27.72135],[81.47724,27.72088],[81.47709,27.71641],[81.47426,27.70536],[81.47661,27.70351],[81.48161,27.7079],[81.4835,27.70323],[81.48557,27.70208],[81.48942,27.70182],[81.49053,27.70417],[81.49065,27.7072],[81.48935,27.71129],[81.49014,27.71427],[81.48442,27.71826],[81.48315,27.72066],[81.48509,27.7225],[81.49094,27.72161],[81.50333,27.715],[81.50636,27.71526],[81.50906,27.71731],[81.51698,27.7294],[81.5209,27.72801],[81.52921,27.72057],[81.53385,27.71762],[81.54087,27.72257],[81.54312,27.72105],[81.54355,27.71852],[81.54237,27.7132],[81.54346,27.71107],[81.54984,27.70558],[81.55046,27.70311],[81.54676,27.6974],[81.54349,27.69696],[81.53822,27.69836],[81.53578,27.6978],[81.53241,27.69353],[81.5323,27.69027],[81.5341,27.68739],[81.54276,27.68435],[81.54616,27.68129],[81.55083,27.6691],[81.55228,27.66227],[81.55706,27.65719],[81.5637,27.65865],[81.57494,27.66871],[81.5821,27.67985],[81.58566,27.68402],[81.58904,27.68692],[81.58488,27.69108],[81.55563,27.71767],[81.55298,27.73894],[81.5902,27.76288],[81.56893,27.78416],[81.52905,27.80543],[81.52372,27.82138],[81.52106,27.84266],[81.50511,27.86393],[81.4865,27.88521],[81.48117,27.90382],[81.48117,27.91712],[81.48383,27.94105],[81.5184,27.94903],[81.55298,27.94371],[81.57691,27.94371],[81.61414,27.94371],[81.62478,27.95701],[81.64871,27.98892],[81.65005,27.99328],[81.67645,27.99088],[81.69463,27.98942],[81.69476,27.98937],[81.69485,27.9889],[81.69675,27.98756],[81.69725,27.98663],[81.70564,27.9804],[81.70564,27.97994],[81.70671,27.97951],[81.70973,27.97707],[81.70995,27.97649],[81.71564,27.97216],[81.71579,27.97178],[81.7159,27.97149],[81.71667,27.97125],[81.72724,27.96189],[81.72775,27.96144],[81.72749,27.96101],[81.72901,27.95985],[81.72956,27.95945],[81.73093,27.95833],[81.73119,27.95771],[81.73572,27.95496],[81.74389,27.94908],[81.74739,27.94608],[81.74916,27.94414],[81.74993,27.94344],[81.75146,27.94221],[81.75145,27.9413],[81.75565,27.93863],[81.75704,27.9376],[81.76069,27.93499],[81.76786,27.92857],[81.76813,27.9279],[81.77035,27.92642],[81.77035,27.92551],[81.785,27.91508],[81.79039,27.91141],[81.79248,27.91],[81.79578,27.90764],[81.79578,27.90717],[81.80261,27.90482],[81.80397,27.90545]]]]}},{"type":"Feature","properties":{"ID_0":105,"ISO":"IND","NAME_0":"India","ID_1":33,"NAME_1":"Uttar Pradesh","ID_2":557,"NAME_2":"Siddharth Nagar","NL_NAME_2":null,"VARNAME_2":"Sidharthnagar","TYPE_2":"District","ENGTYPE_2":"District","STATE":"Uttar Pradesh","DISTRICT":"Siddharth Nagar"},"geometry":{"type":"Polygon","coordinates":[[[82.73116,27.50503],[82.73518,27.50403],[82.7357,27.50448],[82.73704,27.50454],[82.73701,27.5031],[82.76049,27.50112],[82.77728,27.50052],[82.77731,27.50051],[82.78732,27.50002],[82.80361,27.49639],[82.83701,27.5015],[82.83705,27.50151],[82.85022,27.49941],[82.85022,27.49937],[82.87231,27.49841],[82.89452,27.50062],[82.92307,27.50113],[82.92789,27.50124],[82.93162,27.50087],[82.94068,27.49203],[82.94152,27.49121],[82.94154,27.49117],[82.9469,27.47676],[82.94693,27.47673],[82.95135,27.47249],[82.95622,27.46781],[82.96281,27.46582],[82.99997,27.45836],[83.01814,27.45409],[83.02532,27.4524],[83.03612,27.44872],[83.07142,27.45142],[83.07692,27.45265],[83.09571,27.45362],[83.11311,27.45452],[83.13468,27.45563],[83.13472,27.45563],[83.14788,27.4564],[83.16619,27.4575],[83.16652,27.45752],[83.16725,27.45737],[83.17606,27.45563],[83.17547,27.45604],[83.19022,27.45402],[83.19806,27.44594],[83.20551,27.43471],[83.21248,27.42419],[83.21597,27.42076],[83.21906,27.41773],[83.22776,27.41176],[83.23985,27.40728],[83.24219,27.40643],[83.2592,27.39399],[83.27422,27.38342],[83.2689,27.36851],[83.26765,27.36541],[83.27462,27.35262],[83.29475,27.33595],[83.2943,27.33551],[83.29275,27.33686],[83.29256,27.33695],[83.28656,27.33843],[83.28285,27.34103],[83.28051,27.33833],[83.26765,27.33345],[83.26012,27.32949],[83.26151,27.32555],[83.26048,27.32085],[83.25667,27.31659],[83.25121,27.31189],[83.23997,27.30424],[83.23412,27.30237],[83.23515,27.30034],[83.23968,27.29572],[83.24571,27.29235],[83.24176,27.28706],[83.23864,27.28815],[83.23176,27.2864],[83.22829,27.28318],[83.22289,27.27571],[83.22019,27.27523],[83.2181,27.27631],[83.21003,27.27361],[83.20731,27.27233],[83.20438,27.26903],[83.20338,27.26663],[83.20962,27.25381],[83.21014,27.24816],[83.20844,27.24605],[83.20605,27.24541],[83.20097,27.24105],[83.19607,27.23455],[83.18787,27.22904],[83.17279,27.23092],[83.16437,27.22956],[83.15969,27.22561],[83.1573,27.22142],[83.15829,27.21964],[83.15673,27.21153],[83.15772,27.20444],[83.16246,27.20863],[83.16776,27.20493],[83.16916,27.2003],[83.16722,27.1963],[83.16119,27.19104],[83.16004,27.1891],[83.16814,27.18345],[83.16956,27.18021],[83.16887,27.1645],[83.16819,27.16105],[83.15333,27.15672],[83.15214,27.1557],[83.15121,27.15341],[83.16057,27.15392],[83.16129,27.15177],[83.15919,27.14875],[83.15565,27.14759],[83.15078,27.14744],[83.14702,27.14807],[83.14623,27.15136],[83.1474,27.15515],[83.15118,27.162],[83.15056,27.16419],[83.14842,27.16549],[83.1395,27.17138],[83.13679,27.17119],[83.12936,27.16243],[83.12707,27.16447],[83.12032,27.16562],[83.1162,27.16504],[83.1136,27.16248],[83.11342,27.15994],[83.1158,27.15329],[83.12421,27.13729],[83.12736,27.13287],[83.13741,27.12322],[83.13837,27.11953],[83.13625,27.11542],[83.13248,27.11299],[83.12838,27.11231],[83.12026,27.11604],[83.11514,27.1168],[83.11346,27.11534],[83.11291,27.1135],[83.11523,27.11036],[83.11694,27.10953],[83.11713,27.1059],[83.12051,27.10118],[83.11952,27.09584],[83.12081,27.09002],[83.12213,27.08804],[83.12787,27.08335],[83.13067,27.079],[83.1315,27.07513],[83.12877,27.06958],[83.12899,27.06796],[83.138,27.06214],[83.13954,27.0594],[83.14125,27.05852],[83.14138,27.05575],[83.13937,27.05348],[83.13427,27.05166],[83.13195,27.05423],[83.13179,27.0563],[83.13017,27.05839],[83.1246,27.05829],[83.12317,27.05659],[83.12201,27.05298],[83.12313,27.05032],[83.11277,27.03999],[83.10915,27.03399],[83.10679,27.02649],[83.1049,27.0245],[83.10234,27.02362],[83.0985,27.02488],[83.0921,27.02394],[83.08684,27.03115],[83.08279,27.03875],[83.07728,27.04038],[83.07268,27.03779],[83.07224,27.03514],[83.07357,27.02931],[83.07793,27.02644],[83.07806,27.02281],[83.07959,27.01893],[83.06301,27.01818],[83.06179,27.01734],[83.06504,27.00917],[83.0639,27.00695],[83.05818,27.00518],[83.05373,27.00686],[83.05099,27.0115],[83.04769,27.01275],[83.04479,27.01152],[83.04315,27.0039],[83.03351,26.99582],[83.03516,26.99077],[83.03447,26.98628],[83.03626,26.97576],[83.03333,26.96383],[83.03387,26.96141],[83.02951,26.96069],[83.02401,26.96178],[83.01981,26.95819],[83.01553,26.95235],[83.01412,26.94809],[83.01781,26.9453],[83.01812,26.94249],[83.01626,26.9415],[83.01125,26.94253],[83.00771,26.94068],[83.00571,26.93704],[83.00506,26.93181],[83.00191,26.92764],[82.99805,26.9244],[83.00075,26.91896],[82.99539,26.9157],[82.99,26.91486],[82.97985,26.91806],[82.97758,26.9197],[82.97513,26.91912],[82.96949,26.91485],[82.96315,26.91424],[82.96046,26.91737],[82.95792,26.91847],[82.95238,26.91658],[82.94223,26.91996],[82.93644,26.92071],[82.93198,26.92011],[82.92017,26.9251],[82.92183,26.93071],[82.90759,26.9366],[82.90101,26.94005],[82.89702,26.94311],[82.89758,26.95422],[82.89925,26.95877],[82.90402,26.96264],[82.90429,26.96687],[82.90337,26.97521],[82.89893,26.98223],[82.89591,26.98533],[82.89111,26.98641],[82.89543,26.99002],[82.89514,26.9936],[82.89224,26.99658],[82.88917,26.99728],[82.88572,26.99486],[82.87286,26.99216],[82.86952,26.9906],[82.86956,26.98088],[82.87465,26.97405],[82.86971,26.97311],[82.86431,26.96712],[82.8604,26.9684],[82.85776,26.96685],[82.85595,26.96759],[82.84995,26.96512],[82.84696,26.96548],[82.83389,26.95338],[82.82564,26.94287],[82.81998,26.93782],[82.81288,26.93863],[82.81128,26.93705],[82.80693,26.9379],[82.80635,26.94036],[82.80668,26.94925],[82.80476,26.94997],[82.802,26.94375],[82.80009,26.94165],[82.79224,26.94428],[82.79121,26.94677],[82.7964,26.9484],[82.79927,26.95052],[82.80357,26.95665],[82.80495,26.96204],[82.80576,26.97309],[82.80501,26.97931],[82.80213,26.97987],[82.80037,26.97932],[82.79919,26.97583],[82.79984,26.97001],[82.79913,26.96855],[82.79735,26.96812],[82.79483,26.96971],[82.79128,26.97379],[82.77838,26.98301],[82.76983,26.98617],[82.76648,26.98363],[82.76351,26.98279],[82.7607,26.98414],[82.76002,26.99027],[82.76499,26.99432],[82.76508,26.99595],[82.75733,26.99405],[82.75131,26.99122],[82.75359,26.98654],[82.75356,26.98487],[82.7501,26.98262],[82.73698,26.98222],[82.73326,26.98361],[82.7326,26.98755],[82.73312,26.99608],[82.7254,26.99713],[82.72071,26.99915],[82.71478,26.99745],[82.71355,27.00019],[82.71597,27.00857],[82.71426,27.01167],[82.71581,27.01765],[82.71931,27.02317],[82.71222,27.02055],[82.70203,27.02132],[82.69286,27.02331],[82.6904,27.02316],[82.69051,27.02283],[82.69054,27.02271],[82.68929,27.02103],[82.68555,27.01841],[82.68098,27.01467],[82.67396,27.01162],[82.66875,27.01085],[82.66521,27.01145],[82.66141,27.01595],[82.65902,27.01699],[82.65471,27.01714],[82.64522,27.01381],[82.64111,27.01341],[82.63019,27.01611],[82.62623,27.01394],[82.62476,27.01113],[82.62457,27.00839],[82.62464,27.00551],[82.62345,27.00572],[82.61879,27.00485],[82.61828,27.00283],[82.61643,27.0025],[82.60661,27.00836],[82.58782,27.0165],[82.56876,27.02313],[82.56493,27.02288],[82.56218,27.02508],[82.56284,27.02969],[82.5605,27.0311],[82.56432,27.03609],[82.5626,27.03839],[82.56277,27.03965],[82.56592,27.04105],[82.56513,27.04264],[82.55698,27.04964],[82.55698,27.05241],[82.55867,27.05456],[82.55861,27.05698],[82.55321,27.05709],[82.54866,27.06132],[82.55022,27.06539],[82.55003,27.06969],[82.55086,27.07161],[82.55287,27.07256],[82.55789,27.07099],[82.55952,27.07192],[82.55838,27.07789],[82.55467,27.08449],[82.5514,27.08667],[82.55026,27.08835],[82.54878,27.08834],[82.54738,27.09061],[82.54688,27.09334],[82.54354,27.09395],[82.54105,27.09942],[82.5414,27.1059],[82.53931,27.113],[82.53838,27.11362],[82.53512,27.10994],[82.53368,27.11646],[82.52748,27.12232],[82.52423,27.12398],[82.51166,27.12263],[82.50913,27.12903],[82.50335,27.13267],[82.4977,27.12605],[82.49702,27.12738],[82.50021,27.13995],[82.49308,27.14259],[82.49166,27.14457],[82.49072,27.15384],[82.48595,27.15299],[82.48611,27.15526],[82.48796,27.15749],[82.48642,27.16104],[82.48456,27.16534],[82.48276,27.16626],[82.48035,27.16539],[82.4791,27.1663],[82.4804,27.17092],[82.47842,27.16939],[82.4758,27.16879],[82.47554,27.17089],[82.47159,27.17284],[82.47231,27.16999],[82.46404,27.17075],[82.46229,27.16981],[82.46178,27.16805],[82.47227,27.16387],[82.47285,27.16136],[82.47069,27.16024],[82.46761,27.16052],[82.45833,27.16325],[82.45585,27.16265],[82.45138,27.15929],[82.44652,27.1571],[82.44395,27.15732],[82.43495,27.16607],[82.43154,27.17217],[82.42947,27.17775],[82.4306,27.18144],[82.43222,27.1832],[82.43953,27.18995],[82.44318,27.19068],[82.44652,27.19408],[82.45105,27.1972],[82.45596,27.1977],[82.46772,27.20659],[82.47365,27.20855],[82.4759,27.20688],[82.48006,27.20352],[82.48667,27.20035],[82.49525,27.19844],[82.5004,27.19601],[82.50209,27.19311],[82.50481,27.1831],[82.5097,27.18033],[82.51469,27.18689],[82.52307,27.18987],[82.53989,27.18944],[82.54543,27.18698],[82.54804,27.1867],[82.55161,27.18806],[82.55792,27.18915],[82.55946,27.19079],[82.55975,27.1933],[82.55847,27.19557],[82.55238,27.20277],[82.54839,27.20386],[82.54699,27.20541],[82.53706,27.2085],[82.53644,27.21072],[82.53792,27.21247],[82.54517,27.21182],[82.54661,27.21271],[82.54691,27.22041],[82.54552,27.22267],[82.54301,27.22336],[82.52232,27.21931],[82.51858,27.22017],[82.51566,27.22172],[82.51292,27.2217],[82.51012,27.22104],[82.50586,27.21828],[82.50338,27.2182],[82.50291,27.21906],[82.50357,27.22188],[82.50726,27.22878],[82.5144,27.23722],[82.51344,27.23932],[82.51002,27.24046],[82.49424,27.24281],[82.48873,27.24469],[82.48888,27.24721],[82.49574,27.25168],[82.49841,27.25654],[82.50964,27.25784],[82.51462,27.25729],[82.51693,27.25929],[82.51534,27.26522],[82.51328,27.2669],[82.50285,27.2662],[82.49744,27.26452],[82.49523,27.26457],[82.49627,27.2736],[82.50312,27.28094],[82.50185,27.2846],[82.49488,27.2852],[82.48141,27.28586],[82.48093,27.29128],[82.48183,27.29321],[82.4855,27.29652],[82.49919,27.30429],[82.50536,27.30689],[82.50628,27.3111],[82.50294,27.31138],[82.49125,27.30716],[82.48433,27.30214],[82.47952,27.29978],[82.47762,27.30041],[82.47611,27.30576],[82.47604,27.31059],[82.47681,27.31293],[82.47955,27.31663],[82.48537,27.32162],[82.48915,27.32328],[82.49483,27.32198],[82.50229,27.31702],[82.5036,27.31761],[82.50425,27.32233],[82.50144,27.32728],[82.49983,27.32912],[82.4929,27.33187],[82.4908,27.33181],[82.48198,27.32678],[82.47109,27.32519],[82.46651,27.32568],[82.46243,27.32845],[82.46128,27.33159],[82.46223,27.33346],[82.4663,27.33345],[82.47324,27.33499],[82.4818,27.34035],[82.4839,27.34339],[82.47922,27.35123],[82.47883,27.35501],[82.48307,27.36389],[82.49023,27.37065],[82.49355,27.37289],[82.50003,27.37479],[82.5043,27.37349],[82.51211,27.36877],[82.51667,27.37597],[82.51816,27.37609],[82.52141,27.37081],[82.52448,27.37078],[82.52691,27.37394],[82.53265,27.37655],[82.53371,27.37929],[82.53934,27.3915],[82.54444,27.39131],[82.54558,27.40098],[82.54668,27.40325],[82.5554,27.4035],[82.55791,27.4073],[82.56393,27.41322],[82.56438,27.4145],[82.56097,27.42269],[82.56326,27.42336],[82.56696,27.42256],[82.56885,27.42379],[82.56791,27.4267],[82.56808,27.43054],[82.57395,27.43111],[82.5767,27.43044],[82.57794,27.42333],[82.5888,27.42579],[82.5896,27.42452],[82.58833,27.41968],[82.58952,27.4177],[82.59242,27.41796],[82.59698,27.42387],[82.60096,27.42192],[82.6041,27.42373],[82.60703,27.4244],[82.60977,27.42367],[82.61103,27.4225],[82.61115,27.41633],[82.61275,27.4125],[82.61483,27.41303],[82.61721,27.41655],[82.61837,27.41691],[82.61803,27.4127],[82.61472,27.40943],[82.61739,27.40915],[82.61989,27.41021],[82.62562,27.418],[82.62693,27.41765],[82.62865,27.41301],[82.63023,27.41308],[82.63655,27.41528],[82.64071,27.41588],[82.64734,27.41849],[82.64957,27.41576],[82.65107,27.41583],[82.65671,27.42099],[82.66016,27.42218],[82.66212,27.42149],[82.66262,27.41812],[82.6582,27.41495],[82.65572,27.41441],[82.6481,27.41372],[82.64404,27.41456],[82.64326,27.41357],[82.64539,27.40903],[82.65004,27.40924],[82.65544,27.41097],[82.65882,27.41087],[82.67116,27.41875],[82.67658,27.41919],[82.67822,27.41634],[82.68082,27.41695],[82.68256,27.41865],[82.68552,27.41674],[82.68587,27.41301],[82.68993,27.41356],[82.69023,27.41532],[82.68797,27.42206],[82.68794,27.42433],[82.68887,27.42485],[82.69337,27.4222],[82.69688,27.41669],[82.69905,27.41525],[82.69936,27.41648],[82.69614,27.42729],[82.69778,27.42776],[82.70033,27.42644],[82.70449,27.41872],[82.70787,27.41972],[82.71134,27.41981],[82.71064,27.4173],[82.70593,27.4115],[82.70745,27.4086],[82.71066,27.40682],[82.71273,27.40881],[82.71763,27.41653],[82.71996,27.41829],[82.72148,27.41526],[82.72099,27.41241],[82.72245,27.41114],[82.72559,27.41546],[82.72578,27.41768],[82.72796,27.42229],[82.72945,27.42294],[82.73463,27.42099],[82.73998,27.41339],[82.7431,27.4127],[82.7502,27.41368],[82.75623,27.41931],[82.75118,27.43092],[82.75024,27.43599],[82.74674,27.44097],[82.73845,27.4492],[82.73608,27.45403],[82.73091,27.45522],[82.72766,27.45905],[82.72646,27.4638],[82.72384,27.4646],[82.71978,27.46439],[82.7141,27.46536],[82.71241,27.4663],[82.71055,27.47064],[82.71097,27.47525],[82.71714,27.48402],[82.72195,27.4887],[82.72542,27.49484],[82.72997,27.50581],[82.73004,27.50591],[82.73116,27.50503]]]}},{"type":"Feature","properties":{"ID_0":105,"ISO":"IND","NAME_0":"India","ID_1":33,"NAME_1":"Uttar Pradesh","ID_2":558,"NAME_2":"Sitapur","NL_NAME_2":null,"VARNAME_2":null,"TYPE_2":"District","ENGTYPE_2":"District","STATE":"Uttar Pradesh","DISTRICT":"Sitapur"},"geometry":{"type":"Polygon","coordinates":[[[80.97391,27.89097],[80.98071,27.88992],[80.98908,27.89253],[80.99347,27.89023],[80.99631,27.88953],[80.99894,27.88586],[80.99571,27.87984],[80.98911,27.87338],[80.98786,27.87342],[80.98654,27.87131],[80.98593,27.86838],[80.98615,27.86049],[80.97661,27.84652],[80.9752,27.83663],[80.97726,27.83396],[80.98262,27.8308],[80.98907,27.83164],[80.99581,27.83109],[80.99932,27.8308],[81.00762,27.82614],[81.01134,27.82231],[81.01456,27.82858],[81.02042,27.82537],[81.02409,27.82793],[81.02597,27.82643],[81.02936,27.81863],[81.03225,27.81932],[81.03723,27.82372],[81.05447,27.81977],[81.06022,27.83024],[81.06133,27.83087],[81.07284,27.82642],[81.07464,27.82046],[81.08234,27.82105],[81.08419,27.80872],[81.08535,27.80671],[81.0881,27.80613],[81.09411,27.80657],[81.09333,27.80124],[81.09407,27.7986],[81.09548,27.79681],[81.09902,27.79486],[81.104,27.79559],[81.10515,27.79798],[81.10509,27.79999],[81.11037,27.79848],[81.11604,27.80959],[81.12101,27.80654],[81.13268,27.81315],[81.13416,27.81252],[81.13388,27.80437],[81.13494,27.79324],[81.13692,27.78945],[81.13911,27.78762],[81.1426,27.78604],[81.15037,27.78424],[81.15582,27.78491],[81.16788,27.79054],[81.17065,27.79083],[81.18153,27.7862],[81.18912,27.78238],[81.19199,27.77939],[81.20072,27.77506],[81.20492,27.77217],[81.21532,27.76949],[81.21905,27.76563],[81.21963,27.76276],[81.21728,27.75933],[81.20567,27.7541],[81.19746,27.76039],[81.19335,27.76143],[81.18937,27.76082],[81.18663,27.75842],[81.18219,27.75161],[81.18082,27.7452],[81.17669,27.74354],[81.17398,27.74138],[81.17539,27.73782],[81.17905,27.7362],[81.18235,27.73366],[81.18703,27.73301],[81.18978,27.73151],[81.19133,27.72909],[81.19272,27.72417],[81.19697,27.72438],[81.20074,27.72097],[81.20467,27.72005],[81.20925,27.72444],[81.20945,27.72707],[81.2112,27.72833],[81.21911,27.72934],[81.21956,27.7314],[81.2189,27.7342],[81.22094,27.73615],[81.22542,27.73281],[81.23522,27.73426],[81.23668,27.73224],[81.23672,27.72392],[81.23998,27.72047],[81.24328,27.7196],[81.24899,27.7194],[81.25401,27.71737],[81.25657,27.7153],[81.25983,27.70714],[81.25936,27.70077],[81.25714,27.69844],[81.24259,27.69288],[81.24027,27.68863],[81.24191,27.68262],[81.2493,27.67908],[81.25117,27.67856],[81.26113,27.67944],[81.26468,27.68091],[81.27003,27.68455],[81.28315,27.68518],[81.29272,27.68646],[81.29909,27.68351],[81.30281,27.68005],[81.30536,27.67567],[81.30892,27.6658],[81.30978,27.6553],[81.30895,27.64343],[81.30559,27.63834],[81.30165,27.63463],[81.30003,27.62954],[81.29916,27.62219],[81.29372,27.61109],[81.29487,27.60857],[81.30776,27.6026],[81.30987,27.60018],[81.3102,27.57403],[81.31102,27.56818],[81.31443,27.55703],[81.31134,27.55394],[81.30879,27.55603],[81.29968,27.55876],[81.29503,27.55367],[81.29305,27.54256],[81.29531,27.54245],[81.30758,27.54478],[81.30877,27.53766],[81.31487,27.53569],[81.31639,27.53454],[81.31582,27.53213],[81.31079,27.52951],[81.30913,27.52637],[81.30872,27.52328],[81.31277,27.52268],[81.31352,27.5205],[81.31165,27.51666],[81.31013,27.50922],[81.31037,27.50697],[81.31646,27.50041],[81.32323,27.49665],[81.32316,27.49384],[81.3242,27.49182],[81.32417,27.48414],[81.32618,27.47971],[81.32301,27.47078],[81.32389,27.46814],[81.32805,27.46186],[81.32978,27.46094],[81.33234,27.45989],[81.33815,27.45396],[81.3426,27.44665],[81.34244,27.43914],[81.34061,27.43254],[81.34434,27.43236],[81.34734,27.43086],[81.35088,27.43049],[81.35377,27.4287],[81.35214,27.42595],[81.36294,27.4166],[81.36573,27.41108],[81.36547,27.40868],[81.36805,27.40069],[81.37369,27.39532],[81.37745,27.39003],[81.38358,27.38472],[81.39421,27.38052],[81.40097,27.37636],[81.40551,27.37032],[81.40734,27.36526],[81.40758,27.36032],[81.40615,27.35701],[81.40353,27.34457],[81.40195,27.34166],[81.39433,27.3433],[81.38462,27.34828],[81.38379,27.34776],[81.38288,27.3445],[81.38529,27.34065],[81.39142,27.33574],[81.39185,27.33166],[81.39146,27.33081],[81.38876,27.3303],[81.38165,27.33006],[81.381,27.32857],[81.38177,27.32581],[81.37938,27.32462],[81.37733,27.32618],[81.37201,27.32546],[81.37167,27.32208],[81.38174,27.32105],[81.38471,27.31501],[81.37708,27.31397],[81.37472,27.31484],[81.37247,27.30165],[81.36456,27.29699],[81.36247,27.29006],[81.36433,27.28741],[81.3747,27.28413],[81.37397,27.28123],[81.36678,27.2746],[81.36766,27.27259],[81.36721,27.27197],[81.36093,27.27325],[81.3565,27.27207],[81.35374,27.26974],[81.35335,27.2679],[81.35053,27.26466],[81.34325,27.26286],[81.33697,27.25932],[81.33344,27.25968],[81.33205,27.26153],[81.32724,27.27905],[81.31052,27.27856],[81.3085,27.28309],[81.30756,27.28942],[81.31109,27.29468],[81.31306,27.30322],[81.30747,27.30256],[81.30421,27.30107],[81.3017,27.30183],[81.29984,27.30414],[81.29904,27.30959],[81.30685,27.32074],[81.30752,27.3263],[81.30204,27.33252],[81.29205,27.33842],[81.28675,27.34222],[81.2874,27.34836],[81.28641,27.35295],[81.28821,27.35564],[81.28604,27.36144],[81.28349,27.36209],[81.27957,27.36056],[81.27763,27.35874],[81.27356,27.34923],[81.27105,27.34838],[81.26886,27.34564],[81.26794,27.33927],[81.26575,27.3364],[81.26427,27.33602],[81.25909,27.33684],[81.25632,27.33887],[81.24912,27.34188],[81.24648,27.34189],[81.2455,27.3408],[81.24498,27.33748],[81.24716,27.33357],[81.2448,27.32739],[81.24435,27.32349],[81.23966,27.32207],[81.23621,27.32312],[81.23148,27.3271],[81.22929,27.32727],[81.22218,27.32552],[81.21635,27.32624],[81.21499,27.32131],[81.21707,27.31528],[81.22631,27.31495],[81.23033,27.31414],[81.22762,27.30995],[81.22192,27.30459],[81.2228,27.30022],[81.2276,27.29722],[81.23193,27.29325],[81.23383,27.28911],[81.22689,27.2838],[81.22702,27.28179],[81.23168,27.2757],[81.2318,27.27379],[81.22956,27.27049],[81.22623,27.26883],[81.22346,27.26891],[81.22207,27.27035],[81.22073,27.27506],[81.21728,27.27925],[81.2142,27.27737],[81.20917,27.26845],[81.19954,27.26102],[81.20353,27.25034],[81.20347,27.24787],[81.20122,27.24317],[81.19794,27.24233],[81.18941,27.24259],[81.17803,27.24699],[81.17342,27.25138],[81.17429,27.26038],[81.17127,27.26377],[81.16656,27.26586],[81.16408,27.27188],[81.15979,27.27379],[81.15369,27.27135],[81.14393,27.26451],[81.13937,27.26377],[81.13759,27.26487],[81.13145,27.27246],[81.12344,27.27732],[81.12025,27.27749],[81.1184,27.27865],[81.11508,27.27935],[81.10744,27.27983],[81.09545,27.27672],[81.0914,27.27363],[81.09006,27.27427],[81.08589,27.27399],[81.08152,27.27096],[81.08068,27.26633],[81.08265,27.25932],[81.0817,27.25754],[81.07874,27.25748],[81.07546,27.25556],[81.07501,27.25102],[81.07597,27.2478],[81.07123,27.24466],[81.07039,27.24324],[81.0716,27.23991],[81.07729,27.23541],[81.07792,27.2342],[81.07613,27.23329],[81.07281,27.23273],[81.06709,27.23321],[81.06422,27.23011],[81.05695,27.22676],[81.05505,27.22802],[81.05179,27.22826],[81.04781,27.22747],[81.04353,27.23471],[81.03764,27.23426],[81.03584,27.23491],[81.03187,27.23331],[81.02528,27.23574],[81.01917,27.23219],[81.01688,27.23191],[81.00932,27.23423],[81.00567,27.23292],[80.99516,27.23192],[80.98982,27.2338],[80.97042,27.24022],[80.96031,27.24531],[80.95908,27.24015],[80.95949,27.23804],[80.9576,27.23018],[80.95573,27.22639],[80.95593,27.22203],[80.95351,27.22315],[80.95237,27.22472],[80.94971,27.22591],[80.94894,27.22561],[80.94821,27.22253],[80.94173,27.21576],[80.93774,27.20521],[80.93649,27.20362],[80.93436,27.20751],[80.9332,27.20753],[80.93235,27.2061],[80.93238,27.20344],[80.93009,27.20573],[80.92812,27.20124],[80.92647,27.20126],[80.92233,27.20543],[80.92131,27.2051],[80.92079,27.20151],[80.91712,27.19515],[80.92384,27.18461],[80.9254,27.17713],[80.92415,27.17112],[80.92204,27.16685],[80.91924,27.16426],[80.91718,27.16278],[80.90984,27.16079],[80.90413,27.15619],[80.90385,27.15418],[80.90148,27.15385],[80.89723,27.15639],[80.89472,27.15505],[80.88768,27.1438],[80.88438,27.13567],[80.88402,27.13296],[80.87808,27.13271],[80.87149,27.13436],[80.86633,27.13221],[80.85363,27.12957],[80.84921,27.12793],[80.84651,27.12656],[80.84067,27.11901],[80.83585,27.11524],[80.83007,27.11345],[80.82832,27.10893],[80.82638,27.10915],[80.82318,27.10565],[80.82082,27.10482],[80.81733,27.10669],[80.81786,27.10881],[80.81721,27.11489],[80.81577,27.11637],[80.81437,27.11576],[80.80831,27.11791],[80.80215,27.11753],[80.79848,27.11816],[80.79826,27.12074],[80.79966,27.12839],[80.79893,27.13012],[80.79501,27.13427],[80.79467,27.13584],[80.79621,27.13753],[80.80927,27.14141],[80.81023,27.14287],[80.81045,27.14569],[80.8081,27.15328],[80.81312,27.15842],[80.81167,27.16075],[80.80852,27.16061],[80.80636,27.16232],[80.8077,27.16669],[80.80568,27.17127],[80.79887,27.17417],[80.79923,27.17873],[80.79832,27.18251],[80.79666,27.18383],[80.78992,27.18628],[80.79206,27.19249],[80.79033,27.19742],[80.78857,27.19973],[80.77989,27.20699],[80.77911,27.21131],[80.7713,27.20835],[80.76468,27.20836],[80.75946,27.20572],[80.75608,27.20799],[80.75546,27.21041],[80.74818,27.21794],[80.7423,27.22002],[80.74186,27.2261],[80.7402,27.23185],[80.73673,27.23155],[80.72932,27.22892],[80.72321,27.22853],[80.72211,27.23123],[80.72511,27.23648],[80.72412,27.2377],[80.71793,27.24081],[80.70583,27.24023],[80.69794,27.23526],[80.69067,27.22696],[80.6887,27.22428],[80.68078,27.22092],[80.6773,27.22623],[80.66653,27.22709],[80.66345,27.22809],[80.66161,27.2296],[80.64697,27.23256],[80.6441,27.23482],[80.64266,27.23834],[80.64372,27.24182],[80.64313,27.24653],[80.64058,27.24782],[80.63429,27.24847],[80.63317,27.25145],[80.63754,27.25645],[80.63666,27.25818],[80.63847,27.26],[80.64556,27.26303],[80.63792,27.26609],[80.63114,27.27068],[80.62936,27.26611],[80.62833,27.26543],[80.62378,27.26588],[80.62226,27.26239],[80.62294,27.26083],[80.61947,27.25984],[80.6154,27.26292],[80.61342,27.26982],[80.60944,27.27646],[80.60854,27.27658],[80.6046,27.27334],[80.59412,27.27224],[80.59446,27.26891],[80.5956,27.26689],[80.5955,27.26414],[80.59184,27.26469],[80.58971,27.26717],[80.58879,27.27796],[80.58566,27.28024],[80.57876,27.27662],[80.57646,27.27849],[80.57446,27.28458],[80.57135,27.28564],[80.56697,27.28505],[80.56303,27.28354],[80.56021,27.28391],[80.55927,27.28598],[80.56039,27.28753],[80.56535,27.2896],[80.56113,27.29755],[80.55568,27.29749],[80.55264,27.29012],[80.55004,27.28055],[80.54984,27.27505],[80.54588,27.27669],[80.53732,27.27912],[80.53354,27.27445],[80.52811,27.27082],[80.52236,27.26836],[80.51598,27.26639],[80.50559,27.2662],[80.50445,27.26099],[80.49932,27.26224],[80.49019,27.26065],[80.48853,27.26175],[80.49094,27.26551],[80.50021,27.27451],[80.5077,27.27254],[80.50772,27.27433],[80.506,27.27675],[80.50389,27.28291],[80.50122,27.29659],[80.49686,27.29789],[80.4977,27.30603],[80.4971,27.30879],[80.49049,27.3101],[80.48668,27.31266],[80.48537,27.31595],[80.48587,27.32179],[80.48718,27.32506],[80.49043,27.32835],[80.49116,27.33065],[80.48579,27.33258],[80.47729,27.33299],[80.47446,27.33669],[80.47408,27.34542],[80.47355,27.34805],[80.47202,27.3498],[80.46521,27.35118],[80.45828,27.35123],[80.45711,27.35101],[80.4557,27.34919],[80.45515,27.3454],[80.44846,27.34597],[80.44713,27.34747],[80.45056,27.35129],[80.45262,27.35191],[80.45399,27.35431],[80.45216,27.35644],[80.44698,27.35895],[80.44426,27.36259],[80.44447,27.36517],[80.44559,27.3682],[80.44689,27.36905],[80.45398,27.36481],[80.45639,27.36243],[80.45754,27.36288],[80.45828,27.37033],[80.45772,27.37338],[80.45575,27.37482],[80.44839,27.37209],[80.44546,27.37291],[80.44312,27.37746],[80.44082,27.38511],[80.4404,27.38884],[80.4427,27.40029],[80.43944,27.40159],[80.43918,27.40371],[80.4396,27.40468],[80.44225,27.40632],[80.44071,27.40782],[80.43769,27.40831],[80.42504,27.40841],[80.42224,27.41337],[80.41405,27.41781],[80.4091,27.42185],[80.40917,27.4242],[80.41441,27.42646],[80.41856,27.42527],[80.41859,27.42752],[80.40983,27.43745],[80.40266,27.4409],[80.40093,27.44274],[80.39828,27.44781],[80.39837,27.45079],[80.39756,27.45287],[80.39576,27.45517],[80.39416,27.45467],[80.39179,27.45571],[80.39011,27.46066],[80.39044,27.4617],[80.39471,27.46373],[80.39543,27.46682],[80.39345,27.46867],[80.38819,27.46876],[80.38336,27.46995],[80.38103,27.47319],[80.38146,27.47909],[80.38013,27.48111],[80.37782,27.48193],[80.37281,27.48185],[80.37019,27.48331],[80.36141,27.48602],[80.3576,27.48461],[80.35336,27.48408],[80.35007,27.48455],[80.34758,27.48526],[80.3438,27.48965],[80.33992,27.4995],[80.33983,27.50547],[80.33499,27.51708],[80.32262,27.52238],[80.31739,27.52879],[80.31936,27.53399],[80.31657,27.53676],[80.31371,27.54127],[80.31537,27.54721],[80.31243,27.55005],[80.30943,27.55145],[80.3128,27.55503],[80.31222,27.55614],[80.31496,27.55967],[80.31538,27.56184],[80.31264,27.56227],[80.30897,27.56562],[80.30791,27.5693],[80.30807,27.57532],[80.30448,27.57529],[80.30044,27.5775],[80.29925,27.58106],[80.29575,27.58705],[80.29602,27.58832],[80.29856,27.59083],[80.30128,27.59235],[80.31365,27.59518],[80.31348,27.59639],[80.31116,27.59762],[80.30749,27.59683],[80.30712,27.59741],[80.31384,27.60236],[80.3147,27.60562],[80.31365,27.60832],[80.30929,27.61036],[80.30404,27.60902],[80.30162,27.61036],[80.29917,27.61027],[80.29803,27.61239],[80.29946,27.61411],[80.29793,27.61601],[80.29878,27.61726],[80.29867,27.61956],[80.29705,27.62026],[80.29759,27.62163],[80.29683,27.62249],[80.29427,27.62372],[80.29697,27.62914],[80.29503,27.6298],[80.29414,27.63123],[80.29503,27.63725],[80.30113,27.64247],[80.30314,27.64523],[80.30269,27.65217],[80.29956,27.65741],[80.30327,27.67528],[80.3007,27.67714],[80.30021,27.67891],[80.30173,27.68439],[80.30473,27.68777],[80.30634,27.68811],[80.31128,27.69375],[80.32917,27.70497],[80.3373,27.70647],[80.33899,27.70777],[80.34908,27.71189],[80.35147,27.71371],[80.35638,27.71372],[80.36124,27.71076],[80.36193,27.71356],[80.36516,27.71498],[80.36701,27.71365],[80.3699,27.71293],[80.36929,27.71638],[80.37428,27.71904],[80.37634,27.71925],[80.37897,27.7178],[80.38092,27.71876],[80.38332,27.72217],[80.38467,27.72647],[80.38436,27.72791],[80.38818,27.73264],[80.39711,27.74158],[80.40034,27.74321],[80.40517,27.74828],[80.41137,27.75053],[80.41525,27.75055],[80.41705,27.74963],[80.42488,27.74812],[80.44041,27.75396],[80.44295,27.75595],[80.44426,27.75806],[80.4427,27.7642],[80.43559,27.76938],[80.43576,27.7731],[80.43877,27.77744],[80.44555,27.77784],[80.44867,27.773],[80.44837,27.76991],[80.45045,27.76536],[80.45399,27.76361],[80.45454,27.76675],[80.46222,27.78131],[80.46745,27.78227],[80.4796,27.77831],[80.4817,27.78198],[80.48205,27.78511],[80.48516,27.78577],[80.48737,27.78719],[80.4874,27.79127],[80.4922,27.7996],[80.49751,27.80225],[80.50324,27.80168],[80.50707,27.80927],[80.50761,27.81203],[80.50911,27.81396],[80.52252,27.80668],[80.52496,27.80608],[80.52977,27.80225],[80.53074,27.79778],[80.52835,27.79149],[80.52863,27.78833],[80.53056,27.78521],[80.53101,27.77959],[80.53259,27.77665],[80.53452,27.77618],[80.54337,27.77758],[80.54457,27.7758],[80.54538,27.76633],[80.5496,27.76405],[80.55133,27.76187],[80.55209,27.75721],[80.55441,27.75524],[80.55582,27.75414],[80.55951,27.75531],[80.57001,27.76049],[80.57425,27.75902],[80.58347,27.75389],[80.59071,27.75543],[80.59154,27.75496],[80.5956,27.7555],[80.59715,27.76145],[80.59551,27.76989],[80.59646,27.77465],[80.59763,27.77688],[80.60424,27.78323],[80.6054,27.78971],[80.60911,27.79242],[80.61321,27.80293],[80.61921,27.80821],[80.61977,27.81092],[80.61868,27.81736],[80.62172,27.82328],[80.62767,27.84163],[80.63042,27.84465],[80.63611,27.84159],[80.63921,27.83634],[80.64027,27.8279],[80.64186,27.8253],[80.64157,27.82255],[80.64347,27.82097],[80.64678,27.82071],[80.64906,27.82247],[80.65154,27.83032],[80.65415,27.83338],[80.65865,27.83654],[80.66093,27.82872],[80.66452,27.82581],[80.6693,27.82582],[80.6801,27.8295],[80.69711,27.82031],[80.70071,27.82028],[80.70622,27.81758],[80.71468,27.8117],[80.72369,27.80059],[80.73001,27.7941],[80.73232,27.79292],[80.73464,27.8038],[80.73456,27.81355],[80.73691,27.81559],[80.73833,27.8158],[80.74354,27.81429],[80.75347,27.80915],[80.7541,27.81803],[80.75742,27.82052],[80.7593,27.82021],[80.76637,27.81446],[80.76842,27.81684],[80.77091,27.81601],[80.77998,27.82296],[80.78262,27.82224],[80.78722,27.81943],[80.79155,27.81553],[80.79662,27.81306],[80.80344,27.80713],[80.80572,27.80217],[80.80788,27.79939],[80.81325,27.7968],[80.81796,27.79645],[80.82283,27.79845],[80.82862,27.80205],[80.83137,27.80403],[80.83307,27.80663],[80.8336,27.80887],[80.83313,27.81605],[80.837,27.81829],[80.83656,27.82809],[80.83923,27.82943],[80.84582,27.83088],[80.85399,27.82942],[80.8552,27.8338],[80.85463,27.83474],[80.85686,27.83728],[80.86803,27.84543],[80.87262,27.84739],[80.87447,27.84649],[80.87894,27.84911],[80.88316,27.85493],[80.88577,27.85721],[80.88856,27.85739],[80.8922,27.8554],[80.89497,27.85252],[80.89562,27.84909],[80.894,27.84558],[80.89442,27.83918],[80.897,27.83857],[80.90138,27.84223],[80.90353,27.84676],[80.90781,27.85046],[80.91283,27.85353],[80.91637,27.85254],[80.92001,27.84958],[80.92099,27.84959],[80.92392,27.85549],[80.92899,27.8603],[80.92945,27.86232],[80.92768,27.86839],[80.93193,27.87661],[80.93868,27.87547],[80.94128,27.87651],[80.94218,27.87806],[80.9463,27.89499],[80.95174,27.90669],[80.96261,27.9103],[80.96752,27.91129],[80.97124,27.91072],[80.97392,27.90752],[80.96993,27.90391],[80.9619,27.90011],[80.96337,27.89667],[80.97078,27.89619],[80.97391,27.89097]]]}},{"type":"Feature","properties":{"ID_0":105,"ISO":"IND","NAME_0":"India","ID_1":33,"NAME_1":"Uttar Pradesh","ID_2":559,"NAME_2":"Sonbhadra","NL_NAME_2":null,"VARNAME_2":"Sonebhadra","TYPE_2":"District","ENGTYPE_2":"District","STATE":"Uttar Pradesh","DISTRICT":"Sonbhadra"},"geometry":{"type":"Polygon","coordinates":[[[83.02078,24.84253],[83.02248,24.83883],[83.01918,24.83439],[83.01148,24.83142],[83.00687,24.82437],[83.00883,24.8166],[83.01623,24.81128],[83.02483,24.81242],[83.03793,24.81981],[83.03941,24.81667],[83.04626,24.81543],[83.04641,24.8114],[83.04938,24.801],[83.05289,24.80194],[83.08086,24.81745],[83.08692,24.81881],[83.09962,24.81837],[83.09194,24.81267],[83.0888,24.80773],[83.08251,24.80046],[83.08785,24.79892],[83.08618,24.79541],[83.08791,24.79375],[83.08291,24.78642],[83.08181,24.7813],[83.08577,24.77996],[83.09236,24.77485],[83.09441,24.76976],[83.10546,24.76692],[83.11182,24.76382],[83.12446,24.76034],[83.1349,24.75439],[83.14243,24.74776],[83.14555,24.74262],[83.14837,24.73289],[83.15405,24.72625],[83.16217,24.72511],[83.16877,24.72163],[83.17246,24.71821],[83.17838,24.72406],[83.17896,24.71622],[83.18718,24.71987],[83.19689,24.7205],[83.20179,24.72464],[83.22056,24.73288],[83.23285,24.72947],[83.23888,24.72661],[83.24638,24.72628],[83.2514,24.73161],[83.25609,24.7291],[83.26476,24.7305],[83.27477,24.73567],[83.27926,24.73881],[83.28077,24.7308],[83.2914,24.71943],[83.30049,24.72088],[83.29843,24.72458],[83.29833,24.73299],[83.30469,24.74044],[83.30646,24.74631],[83.31125,24.74755],[83.31322,24.75416],[83.31591,24.75972],[83.32211,24.76776],[83.32238,24.77081],[83.31297,24.77796],[83.31197,24.78575],[83.31356,24.78736],[83.32035,24.78587],[83.32436,24.78031],[83.33141,24.7745],[83.33984,24.77588],[83.3449,24.77792],[83.35478,24.77486],[83.36776,24.77473],[83.37825,24.77631],[83.38306,24.77853],[83.3868,24.78422],[83.3941,24.77947],[83.40344,24.77667],[83.41129,24.77532],[83.41942,24.76987],[83.42542,24.76311],[83.43424,24.75685],[83.44147,24.74403],[83.44467,24.74045],[83.45309,24.73332],[83.46243,24.73513],[83.46696,24.73453],[83.47175,24.73567],[83.47533,24.73802],[83.47984,24.73783],[83.48245,24.73494],[83.48332,24.73107],[83.48328,24.72277],[83.48037,24.71621],[83.47997,24.70994],[83.48071,24.70573],[83.48335,24.70296],[83.48589,24.70271],[83.48961,24.70586],[83.49205,24.70516],[83.49499,24.70268],[83.49571,24.69622],[83.4999,24.69453],[83.50917,24.68475],[83.51265,24.68341],[83.5137,24.68115],[83.51319,24.67892],[83.50218,24.67158],[83.49948,24.66848],[83.49705,24.65922],[83.49752,24.65166],[83.49972,24.64941],[83.50251,24.64871],[83.50717,24.64937],[83.51591,24.64282],[83.52169,24.64453],[83.52394,24.64435],[83.52419,24.6421],[83.52068,24.63001],[83.53891,24.62774],[83.54141,24.62618],[83.54172,24.62456],[83.53844,24.62163],[83.53453,24.6156],[83.52556,24.61369],[83.51743,24.60323],[83.51722,24.59873],[83.52,24.59101],[83.52351,24.58782],[83.52499,24.58504],[83.52515,24.5802],[83.524,24.57502],[83.52459,24.5673],[83.51794,24.55494],[83.51718,24.54917],[83.50496,24.54439],[83.49342,24.54207],[83.4932,24.53608],[83.49762,24.52897],[83.49817,24.52706],[83.48672,24.52435],[83.48139,24.52391],[83.46187,24.51788],[83.45309,24.51711],[83.43564,24.5136],[83.42636,24.51278],[83.39998,24.50606],[83.39547,24.50377],[83.39301,24.50119],[83.39213,24.49711],[83.3916,24.49284],[83.39361,24.48891],[83.39346,24.48477],[83.39256,24.48028],[83.38817,24.47326],[83.38821,24.46813],[83.38713,24.46457],[83.38424,24.4614],[83.38141,24.45565],[83.38979,24.43759],[83.39249,24.43642],[83.40067,24.43714],[83.39896,24.41208],[83.40014,24.40868],[83.41197,24.41025],[83.41653,24.40948],[83.42621,24.40605],[83.42989,24.40379],[83.43049,24.39601],[83.43293,24.39404],[83.43471,24.39063],[83.43884,24.389],[83.43996,24.38698],[83.43976,24.38013],[83.44279,24.37764],[83.44321,24.37279],[83.44764,24.36845],[83.45145,24.367],[83.45139,24.36475],[83.44567,24.36327],[83.44105,24.36088],[83.43431,24.34747],[83.43005,24.34496],[83.42661,24.33996],[83.42352,24.3387],[83.41119,24.33955],[83.40689,24.33899],[83.40333,24.33739],[83.3914,24.32677],[83.38531,24.32034],[83.37862,24.31552],[83.37594,24.31454],[83.37561,24.31345],[83.38027,24.30479],[83.38064,24.30047],[83.38183,24.29988],[83.38657,24.29757],[83.3905,24.29652],[83.39616,24.29339],[83.40051,24.28524],[83.40292,24.27613],[83.40189,24.266],[83.39339,24.25266],[83.39343,24.24712],[83.39111,24.24465],[83.38086,24.24002],[83.37734,24.23566],[83.3769,24.23093],[83.3793,24.2202],[83.3784,24.21686],[83.37603,24.21387],[83.37621,24.21013],[83.37823,24.20528],[83.37834,24.20079],[83.3705,24.18675],[83.36936,24.18059],[83.3656,24.17196],[83.35735,24.15684],[83.35607,24.14774],[83.3525,24.1403],[83.34992,24.13709],[83.34901,24.12644],[83.34355,24.11879],[83.3428,24.11425],[83.33904,24.11045],[83.32356,24.10133],[83.31895,24.10645],[83.31491,24.10698],[83.31352,24.1014],[83.31345,24.09743],[83.31107,24.09276],[83.29243,24.07721],[83.28901,24.0729],[83.28417,24.06465],[83.2804,24.05507],[83.27749,24.04996],[83.2768,24.04567],[83.27995,24.03477],[83.27647,24.02731],[83.27608,24.02328],[83.27383,24.02115],[83.27052,24.02027],[83.26575,24.01725],[83.2624,24.01366],[83.25895,24.01163],[83.25307,24.01213],[83.24703,24.0152],[83.24182,24.01373],[83.23698,24.00996],[83.23536,24.00715],[83.23692,24.00139],[83.23352,23.99831],[83.22678,23.99631],[83.22253,23.99206],[83.21603,23.9894],[83.21477,23.98627],[83.21563,23.98078],[83.21057,23.97725],[83.20835,23.9728],[83.21064,23.96541],[83.21121,23.96036],[83.20587,23.95379],[83.20323,23.94753],[83.20177,23.94054],[83.19135,23.93263],[83.19313,23.9269],[83.18957,23.9211],[83.18313,23.91948],[83.17757,23.91952],[83.17261,23.91766],[83.16788,23.91787],[83.16434,23.91511],[83.15785,23.91303],[83.15557,23.91131],[83.14522,23.90994],[83.13879,23.90437],[83.13526,23.89854],[83.13438,23.89455],[83.12741,23.89002],[83.0866,23.87817],[83.06104,23.87524],[83.04346,23.87939],[83.03644,23.88305],[83.02547,23.88163],[83.02052,23.8827],[82.99228,23.87851],[82.98396,23.87955],[82.95359,23.87277],[82.9495,23.87299],[82.93882,23.87587],[82.93308,23.8794],[82.93059,23.88197],[82.92517,23.89071],[82.92252,23.89269],[82.91747,23.8954],[82.90608,23.8979],[82.89034,23.90456],[82.88119,23.91028],[82.8753,23.91641],[82.86569,23.92266],[82.86296,23.92553],[82.85516,23.93878],[82.8489,23.94683],[82.84134,23.95015],[82.82072,23.96496],[82.80778,23.96306],[82.80047,23.96748],[82.79888,23.97089],[82.79872,23.97662],[82.80051,23.98533],[82.80065,23.99656],[82.80147,24.00106],[82.79727,24.00514],[82.7899,24.00677],[82.78267,24.00696],[82.76629,24.00605],[82.75236,24.00843],[82.74589,24.01311],[82.742,24.0214],[82.73992,24.03105],[82.74314,24.03488],[82.75577,24.0436],[82.76221,24.05988],[82.76626,24.07787],[82.76055,24.07968],[82.75492,24.07324],[82.75175,24.0796],[82.74804,24.08053],[82.74146,24.07509],[82.73769,24.07873],[82.72628,24.08257],[82.7084,24.08076],[82.70522,24.08573],[82.70136,24.09707],[82.66353,24.12393],[82.65739,24.1348],[82.66587,24.14279],[82.6652,24.15112],[82.67085,24.15847],[82.67943,24.15673],[82.68836,24.14423],[82.72037,24.13899],[82.72132,24.14981],[82.72308,24.15681],[82.73614,24.16835],[82.73479,24.18301],[82.7319,24.20107],[82.727,24.22326],[82.73223,24.22797],[82.73706,24.23031],[82.74332,24.23161],[82.74992,24.23613],[82.75157,24.24586],[82.74939,24.25662],[82.75059,24.26813],[82.75461,24.27162],[82.75706,24.2757],[82.76414,24.29243],[82.76604,24.31221],[82.75982,24.31908],[82.76045,24.3231],[82.76299,24.32983],[82.76327,24.34243],[82.7645,24.34755],[82.75982,24.35838],[82.75893,24.36315],[82.75876,24.36931],[82.76058,24.37304],[82.75689,24.37594],[82.75446,24.37951],[82.74677,24.37252],[82.73479,24.37118],[82.7185,24.37122],[82.71286,24.37521],[82.70716,24.38518],[82.70758,24.38938],[82.71497,24.41617],[82.71937,24.42163],[82.72019,24.42968],[82.72572,24.42626],[82.73271,24.43274],[82.7273,24.43414],[82.72504,24.44473],[82.72602,24.46084],[82.73061,24.47033],[82.72377,24.47633],[82.73378,24.48724],[82.73655,24.49977],[82.71564,24.5133],[82.71415,24.5362],[82.71501,24.54811],[82.71253,24.55622],[82.71611,24.55714],[82.73353,24.55162],[82.7412,24.55459],[82.74536,24.55251],[82.74602,24.54152],[82.78094,24.54607],[82.80077,24.55268],[82.79644,24.5875],[82.79637,24.59976],[82.78542,24.59951],[82.76826,24.59754],[82.76008,24.59982],[82.76298,24.60481],[82.76789,24.61061],[82.76717,24.62943],[82.7658,24.64163],[82.76279,24.64567],[82.74313,24.64407],[82.72746,24.64647],[82.71461,24.64213],[82.70921,24.64371],[82.70207,24.64211],[82.69518,24.64425],[82.6917,24.64864],[82.69346,24.66158],[82.69587,24.66871],[82.69595,24.67572],[82.69231,24.68023],[82.68543,24.68652],[82.66555,24.69986],[82.65793,24.7004],[82.6457,24.69455],[82.63644,24.68784],[82.62997,24.6867],[82.603,24.67945],[82.58765,24.67373],[82.57397,24.663],[82.54426,24.65488],[82.52927,24.65196],[82.52399,24.65714],[82.51843,24.67834],[82.521,24.68903],[82.53398,24.69086],[82.54185,24.69677],[82.54266,24.71035],[82.53415,24.71503],[82.52985,24.72102],[82.53075,24.72941],[82.52947,24.73811],[82.53866,24.73826],[82.54794,24.74331],[82.5463,24.7593],[82.54635,24.77099],[82.54099,24.7821],[82.54122,24.79448],[82.53893,24.80334],[82.53926,24.81013],[82.56365,24.81722],[82.57262,24.82768],[82.57461,24.83257],[82.5835,24.82875],[82.59158,24.82649],[82.60557,24.81374],[82.61283,24.8142],[82.61674,24.82242],[82.62625,24.82361],[82.62651,24.81325],[82.62457,24.8022],[82.61913,24.79041],[82.62587,24.78884],[82.63831,24.78986],[82.65096,24.78683],[82.65764,24.78912],[82.66571,24.79578],[82.67435,24.7984],[82.68778,24.8089],[82.69391,24.81096],[82.69486,24.81481],[82.69346,24.82229],[82.69531,24.83017],[82.69897,24.82927],[82.70862,24.82285],[82.71732,24.82046],[82.73477,24.82201],[82.74052,24.82464],[82.74455,24.82296],[82.75249,24.82823],[82.75938,24.83039],[82.77396,24.83921],[82.79376,24.84494],[82.80035,24.85378],[82.80974,24.85462],[82.81712,24.85654],[82.82321,24.85024],[82.83144,24.84468],[82.85916,24.8434],[82.86752,24.83905],[82.87337,24.83822],[82.88637,24.8419],[82.89868,24.83648],[82.90599,24.83767],[82.91068,24.84172],[82.90896,24.8524],[82.91857,24.85847],[82.9224,24.85414],[82.92318,24.84519],[82.92896,24.84212],[82.9468,24.83957],[82.94904,24.85858],[82.95531,24.85863],[82.96249,24.86385],[82.97206,24.87547],[82.97861,24.88739],[82.97825,24.89599],[82.98633,24.89998],[82.99251,24.90605],[83.00243,24.90743],[83.00458,24.90219],[83.00517,24.88311],[83.00634,24.87784],[83.00443,24.87145],[83.0062,24.85119],[83.02078,24.84253]]]}},{"type":"Feature","properties":{"ID_0":105,"ISO":"IND","NAME_0":"India","ID_1":33,"NAME_1":"Uttar Pradesh","ID_2":560,"NAME_2":"Sultanpur","NL_NAME_2":null,"VARNAME_2":null,"TYPE_2":"District","ENGTYPE_2":"District","STATE":"Uttar Pradesh","DISTRICT":"Sultanpur"},"geometry":{"type":"Polygon","coordinates":[[[81.60329,26.63856],[81.60937,26.63056],[81.61887,26.63424],[81.61932,26.63648],[81.61845,26.63947],[81.6336,26.64123],[81.6364,26.63886],[81.6421,26.63061],[81.64463,26.62946],[81.65208,26.62838],[81.65632,26.62532],[81.65754,26.62364],[81.65865,26.61802],[81.66034,26.6156],[81.66777,26.61028],[81.66884,26.60832],[81.66877,26.60568],[81.66734,26.60373],[81.66537,26.603],[81.65696,26.60534],[81.64652,26.61273],[81.64366,26.61247],[81.64103,26.6111],[81.64051,26.60784],[81.64204,26.5976],[81.64166,26.59423],[81.63914,26.58936],[81.6396,26.58735],[81.64136,26.58607],[81.64493,26.58657],[81.6561,26.59266],[81.66039,26.58764],[81.66415,26.58618],[81.66836,26.58726],[81.6727,26.59084],[81.67648,26.59243],[81.688,26.5954],[81.69048,26.595],[81.69403,26.59284],[81.69511,26.59135],[81.69553,26.58532],[81.69473,26.57976],[81.6933,26.57753],[81.69296,26.57241],[81.69453,26.56649],[81.69189,26.5606],[81.69073,26.55578],[81.69211,26.54464],[81.68969,26.54269],[81.6837,26.5421],[81.67265,26.5436],[81.66997,26.54189],[81.66811,26.53897],[81.66725,26.53341],[81.66888,26.53012],[81.68056,26.52415],[81.68533,26.52378],[81.6897,26.52169],[81.69326,26.51931],[81.69586,26.51603],[81.7011,26.51204],[81.70384,26.51317],[81.70552,26.51522],[81.70327,26.52241],[81.70416,26.52447],[81.71364,26.52568],[81.71315,26.52925],[81.71507,26.53188],[81.71426,26.5332],[81.70847,26.53369],[81.70619,26.53606],[81.71165,26.54114],[81.71494,26.54249],[81.72068,26.54333],[81.72157,26.54562],[81.72458,26.54756],[81.73227,26.54526],[81.73368,26.546],[81.74066,26.5446],[81.74551,26.54628],[81.74817,26.54804],[81.75143,26.54733],[81.75623,26.54444],[81.76374,26.54256],[81.76839,26.54315],[81.77158,26.54473],[81.77564,26.54329],[81.77722,26.54098],[81.78047,26.53929],[81.78371,26.53875],[81.78925,26.53177],[81.79072,26.53256],[81.79105,26.53487],[81.79207,26.53554],[81.79723,26.5358],[81.79655,26.54057],[81.79993,26.54158],[81.80362,26.53846],[81.80862,26.53602],[81.80982,26.53457],[81.81,26.53285],[81.81435,26.52708],[81.81704,26.52344],[81.82214,26.52261],[81.83109,26.51692],[81.83843,26.51608],[81.83972,26.52548],[81.84658,26.52503],[81.84964,26.5257],[81.85342,26.5371],[81.85854,26.53534],[81.86707,26.53855],[81.87123,26.53796],[81.87605,26.53517],[81.87986,26.53422],[81.88435,26.53177],[81.89017,26.52669],[81.88876,26.52497],[81.88207,26.52485],[81.88086,26.52336],[81.88304,26.51754],[81.88376,26.51783],[81.88593,26.51051],[81.89369,26.51277],[81.90189,26.51111],[81.90381,26.51275],[81.90761,26.51961],[81.9094,26.52092],[81.91454,26.51836],[81.92008,26.51402],[81.92079,26.51441],[81.92144,26.5132],[81.92732,26.51046],[81.93184,26.51013],[81.93502,26.51092],[81.93752,26.51251],[81.94001,26.51272],[81.94998,26.51115],[81.95406,26.51284],[81.96501,26.51494],[81.97523,26.5097],[81.97565,26.50809],[81.97466,26.50443],[81.98009,26.4999],[81.98301,26.49838],[81.99046,26.49632],[81.99689,26.49282],[82.0014,26.49451],[82.00254,26.49181],[82.00007,26.48194],[82.00449,26.4824],[82.00819,26.48451],[82.00994,26.48714],[82.01092,26.49397],[82.01501,26.49492],[82.01904,26.49368],[82.02189,26.4904],[82.02264,26.4861],[82.02601,26.48409],[82.02926,26.48786],[82.03414,26.48554],[82.0322,26.47697],[82.03317,26.47469],[82.04063,26.47157],[82.04361,26.47147],[82.04757,26.47381],[82.05481,26.47997],[82.0599,26.47922],[82.06564,26.47608],[82.07372,26.47398],[82.07859,26.47833],[82.08541,26.47937],[82.09548,26.47754],[82.10014,26.47476],[82.10191,26.47067],[82.10249,26.46458],[82.10677,26.46179],[82.11185,26.46163],[82.11971,26.47127],[82.12471,26.4699],[82.12794,26.46795],[82.12983,26.46518],[82.12907,26.45865],[82.11858,26.45709],[82.11738,26.45313],[82.12948,26.44755],[82.13347,26.4477],[82.1389,26.45054],[82.1443,26.44992],[82.14742,26.44585],[82.14029,26.43825],[82.14104,26.43493],[82.15068,26.43504],[82.15448,26.42725],[82.16126,26.42494],[82.16676,26.42344],[82.17353,26.42419],[82.17835,26.42367],[82.1778,26.41341],[82.17886,26.41142],[82.1864,26.40993],[82.21156,26.41139],[82.21576,26.40717],[82.23295,26.40079],[82.23453,26.39899],[82.23804,26.39815],[82.24009,26.39572],[82.24442,26.39514],[82.2482,26.39787],[82.24947,26.40573],[82.26093,26.4064],[82.26472,26.40257],[82.26878,26.40065],[82.2709,26.39271],[82.27271,26.3924],[82.27396,26.39502],[82.27747,26.39625],[82.27818,26.3981],[82.28252,26.40121],[82.2886,26.40325],[82.29276,26.40662],[82.2979,26.40425],[82.30399,26.39808],[82.3072,26.39849],[82.31234,26.39477],[82.30791,26.38372],[82.30958,26.38278],[82.31277,26.38411],[82.31374,26.38581],[82.31489,26.38669],[82.31703,26.38826],[82.32256,26.3878],[82.32838,26.38575],[82.34641,26.38494],[82.35481,26.38577],[82.36078,26.38509],[82.37286,26.3822],[82.37783,26.37927],[82.37744,26.36856],[82.38457,26.36594],[82.38757,26.36245],[82.3911,26.36138],[82.39302,26.35625],[82.393,26.34645],[82.3941,26.33934],[82.39222,26.33401],[82.39336,26.33041],[82.39916,26.32651],[82.41072,26.32319],[82.42219,26.31245],[82.42252,26.30993],[82.42426,26.30647],[82.42413,26.3026],[82.42825,26.3024],[82.42787,26.31281],[82.43092,26.31289],[82.43216,26.30933],[82.43651,26.30575],[82.44037,26.304],[82.44303,26.30792],[82.44536,26.29588],[82.44257,26.29363],[82.43793,26.29238],[82.43912,26.29004],[82.44473,26.28942],[82.44769,26.2877],[82.45345,26.28684],[82.46075,26.28695],[82.46751,26.28134],[82.47131,26.28304],[82.4745,26.28875],[82.48387,26.28441],[82.49402,26.29056],[82.50246,26.29454],[82.50619,26.29491],[82.51104,26.29184],[82.52078,26.28307],[82.52754,26.2854],[82.53366,26.28192],[82.53696,26.28222],[82.54352,26.28754],[82.55223,26.278],[82.55853,26.27399],[82.56249,26.27044],[82.56673,26.27094],[82.56928,26.26956],[82.56953,26.26329],[82.57227,26.26047],[82.57515,26.25972],[82.57674,26.26142],[82.58257,26.2611],[82.58818,26.26207],[82.59415,26.26392],[82.59269,26.26637],[82.59383,26.26822],[82.59834,26.26798],[82.60564,26.2583],[82.61046,26.25811],[82.61485,26.25693],[82.61692,26.25347],[82.62375,26.25154],[82.62901,26.24917],[82.62982,26.25178],[82.634,26.25624],[82.64175,26.24863],[82.64838,26.25878],[82.65311,26.26343],[82.65809,26.26566],[82.65861,26.25992],[82.66003,26.25592],[82.66529,26.25596],[82.67111,26.25896],[82.67077,26.24814],[82.67187,26.24578],[82.67001,26.24132],[82.66505,26.23489],[82.66568,26.23058],[82.66831,26.22695],[82.67204,26.22536],[82.67545,26.2257],[82.67809,26.22157],[82.68043,26.21529],[82.67993,26.20843],[82.67656,26.19425],[82.67995,26.17885],[82.67649,26.16872],[82.67707,26.16618],[82.68527,26.16186],[82.68499,26.15859],[82.68166,26.15644],[82.6731,26.15466],[82.66701,26.15971],[82.66267,26.16509],[82.657,26.16791],[82.64882,26.16957],[82.64278,26.16542],[82.63744,26.16283],[82.63267,26.16297],[82.63086,26.16626],[82.63374,26.1699],[82.63802,26.17113],[82.64345,26.174],[82.64462,26.17736],[82.64155,26.17875],[82.63505,26.17769],[82.62354,26.17371],[82.61823,26.17487],[82.617,26.17841],[82.61756,26.18498],[82.6142,26.18513],[82.61089,26.18627],[82.61,26.19035],[82.60662,26.19402],[82.60177,26.19691],[82.59748,26.19878],[82.59163,26.19962],[82.58831,26.18907],[82.58968,26.18468],[82.58648,26.18156],[82.58276,26.18189],[82.57521,26.19152],[82.57278,26.18696],[82.57211,26.18183],[82.57372,26.17663],[82.57325,26.17074],[82.56915,26.16979],[82.56246,26.16695],[82.56419,26.16364],[82.56327,26.15816],[82.56789,26.15613],[82.56775,26.15365],[82.5621,26.1518],[82.55717,26.15158],[82.55558,26.1478],[82.55741,26.14502],[82.56621,26.1432],[82.56069,26.13462],[82.55555,26.1348],[82.55133,26.13643],[82.54938,26.13847],[82.5462,26.1388],[82.54179,26.13801],[82.53354,26.14129],[82.53094,26.14814],[82.5268,26.14931],[82.52183,26.14829],[82.51833,26.1466],[82.51534,26.14711],[82.51245,26.14636],[82.51096,26.14305],[82.50872,26.14154],[82.50292,26.14316],[82.49892,26.13967],[82.49405,26.13732],[82.48865,26.1375],[82.4855,26.13973],[82.47889,26.14747],[82.47412,26.14563],[82.46857,26.13407],[82.45254,26.13732],[82.44561,26.1381],[82.43879,26.1379],[82.4358,26.13626],[82.4352,26.12855],[82.43678,26.11562],[82.43424,26.11177],[82.4308,26.11008],[82.42787,26.10628],[82.42816,26.10162],[82.43802,26.09995],[82.44034,26.09395],[82.44459,26.08776],[82.45264,26.08109],[82.45798,26.07778],[82.46309,26.07787],[82.46773,26.07918],[82.46972,26.07417],[82.4681,26.06796],[82.46533,26.06601],[82.45585,26.0662],[82.45403,26.05747],[82.45801,26.05721],[82.45761,26.04787],[82.47016,26.04147],[82.47393,26.04287],[82.47672,26.04535],[82.48197,26.04587],[82.49626,26.04325],[82.50732,26.03468],[82.50757,26.03117],[82.50407,26.02775],[82.50069,26.01928],[82.50462,26.01735],[82.50967,26.01682],[82.51286,26.01546],[82.51475,26.00436],[82.51416,26.00374],[82.51176,26.00202],[82.51016,26.00139],[82.508,26.00064],[82.50635,26.00025],[82.50503,26.00024],[82.50142,25.99968],[82.49989,25.99905],[82.49848,25.99824],[82.49773,25.99761],[82.49671,25.99624],[82.49482,25.99404],[82.49493,25.99233],[82.49665,25.99089],[82.49818,25.99043],[82.49958,25.98985],[82.50159,25.98864],[82.50211,25.98692],[82.50179,25.98583],[82.50079,25.98462],[82.50054,25.98393],[82.49895,25.98244],[82.49741,25.98124],[82.49634,25.98055],[82.49418,25.97935],[82.49286,25.97849],[82.49095,25.97779],[82.48917,25.97717],[82.48511,25.97608],[82.48301,25.97579],[82.4801,25.97569],[82.47965,25.9762],[82.47922,25.97746],[82.47889,25.9813],[82.4787,25.98499],[82.47845,25.98654],[82.47838,25.99354],[82.47825,25.99572],[82.47755,25.99785],[82.47748,25.9994],[82.47672,26.00205],[82.47552,26.00319],[82.47569,26.00439],[82.46838,26.00836],[82.44654,26.00818],[82.4359,26.00887],[82.42748,26.01089],[82.42324,26.01235],[82.41704,26.01457],[82.40665,26.01623],[82.39291,26.01355],[82.39179,26.01797],[82.39417,26.02908],[82.39336,26.03246],[82.38509,26.03531],[82.37894,26.03144],[82.37293,26.03568],[82.36889,26.03461],[82.34791,26.01087],[82.34471,26.01184],[82.33812,26.00921],[82.33625,26.01044],[82.33547,26.013],[82.3399,26.01742],[82.3398,26.02047],[82.32764,26.02669],[82.3233,26.03189],[82.31728,26.03481],[82.31429,26.0348],[82.3118,26.03388],[82.31072,26.03811],[82.31106,26.04393],[82.30809,26.04345],[82.30492,26.04167],[82.30232,26.04602],[82.29661,26.04716],[82.27985,26.04769],[82.27118,26.05071],[82.26668,26.04634],[82.26428,26.04267],[82.25159,26.04986],[82.24827,26.0572],[82.24287,26.06053],[82.23875,26.06065],[82.23519,26.05723],[82.23581,26.05534],[82.2229,26.04468],[82.22123,26.03681],[82.2168,26.03314],[82.21091,26.03],[82.20173,26.02645],[82.19945,26.02294],[82.19431,26.01879],[82.19201,26.01994],[82.19061,26.02676],[82.18693,26.03162],[82.18166,26.03471],[82.18102,26.04046],[82.17765,26.04493],[82.16507,26.04594],[82.16302,26.05321],[82.14283,26.06135],[82.1334,26.06322],[82.12444,26.0589],[82.11934,26.06328],[82.11536,26.06807],[82.11099,26.07044],[82.11007,26.07429],[82.1074,26.07705],[82.10032,26.0794],[82.09707,26.07849],[82.09615,26.06949],[82.09359,26.06804],[82.0836,26.07152],[82.07979,26.06756],[82.07426,26.0647],[82.06681,26.06388],[82.06373,26.06202],[82.06106,26.06011],[82.05762,26.05561],[82.05143,26.05591],[82.04455,26.06316],[82.03696,26.06648],[82.02914,26.06938],[82.01979,26.06895],[82.01125,26.07003],[81.99086,26.06724],[81.97865,26.06894],[81.97568,26.07051],[81.9753,26.07356],[81.97629,26.07683],[81.96386,26.08198],[81.95584,26.08239],[81.95435,26.08091],[81.95435,26.07752],[81.95626,26.06866],[81.95486,26.06872],[81.93417,26.07818],[81.93156,26.07802],[81.92995,26.07666],[81.92921,26.07294],[81.92561,26.06819],[81.92499,26.06533],[81.92546,26.06364],[81.9279,26.06151],[81.92906,26.06179],[81.92904,26.06077],[81.92899,26.05947],[81.92896,26.05828],[81.92699,26.05663],[81.92377,26.05567],[81.92057,26.05758],[81.90962,26.05996],[81.90251,26.06369],[81.90041,26.06985],[81.88982,26.06977],[81.89075,26.074],[81.88977,26.07762],[81.88673,26.08092],[81.88309,26.08279],[81.87588,26.08433],[81.86273,26.07827],[81.86134,26.0766],[81.86338,26.07092],[81.86404,26.0665],[81.85883,26.0613],[81.85828,26.05757],[81.85548,26.0554],[81.85242,26.05003],[81.84175,26.04861],[81.83768,26.0433],[81.8338,26.04276],[81.82967,26.044],[81.82619,26.04349],[81.82337,26.04013],[81.82026,26.04066],[81.81372,26.04265],[81.79874,26.04998],[81.79461,26.05128],[81.79327,26.04186],[81.7935,26.03704],[81.79248,26.03417],[81.79042,26.03206],[81.78795,26.0307],[81.78266,26.02999],[81.77784,26.03031],[81.7736,26.03211],[81.7678,26.03789],[81.76301,26.04515],[81.76514,26.05043],[81.76459,26.05272],[81.76131,26.0539],[81.75743,26.05719],[81.76171,26.06199],[81.7632,26.06565],[81.76323,26.06881],[81.76122,26.07192],[81.75159,26.07513],[81.74812,26.08102],[81.73843,26.08441],[81.73319,26.08983],[81.71737,26.09745],[81.71534,26.09694],[81.71126,26.09318],[81.70722,26.08695],[81.70987,26.0825],[81.71123,26.07619],[81.71128,26.07325],[81.70877,26.06897],[81.6981,26.07424],[81.69606,26.07116],[81.6858,26.07604],[81.67911,26.08027],[81.6769,26.08355],[81.67628,26.08873],[81.67722,26.09946],[81.67354,26.09989],[81.67063,26.10157],[81.67448,26.10826],[81.67631,26.11652],[81.67538,26.11877],[81.67569,26.12128],[81.6728,26.12325],[81.66993,26.12333],[81.66084,26.1193],[81.65652,26.1199],[81.65122,26.12251],[81.64668,26.12874],[81.64471,26.12984],[81.64175,26.1298],[81.63909,26.13222],[81.64053,26.13818],[81.64542,26.14195],[81.64615,26.14511],[81.6446,26.14982],[81.64012,26.15489],[81.63439,26.1594],[81.62857,26.16197],[81.62535,26.16439],[81.62515,26.17221],[81.62433,26.1752],[81.61998,26.17717],[81.61417,26.18138],[81.61022,26.18256],[81.60942,26.1851],[81.60455,26.18794],[81.60171,26.19307],[81.60793,26.20773],[81.60718,26.21004],[81.60691,26.21922],[81.60452,26.22285],[81.60281,26.22394],[81.59761,26.22489],[81.59359,26.22417],[81.5909,26.22596],[81.58525,26.2253],[81.58242,26.23312],[81.58448,26.24],[81.58253,26.24483],[81.58265,26.24742],[81.58104,26.25328],[81.57446,26.25652],[81.57434,26.25923],[81.57213,26.26113],[81.57005,26.26172],[81.57127,26.26636],[81.57497,26.271],[81.57593,26.27581],[81.575,26.28041],[81.57056,26.2821],[81.5627,26.28196],[81.56017,26.28351],[81.5591,26.28927],[81.55562,26.28957],[81.55391,26.29153],[81.55374,26.29457],[81.55235,26.29699],[81.54983,26.29954],[81.54907,26.30206],[81.55106,26.30825],[81.54608,26.31304],[81.54646,26.31574],[81.54985,26.3229],[81.55273,26.32616],[81.55143,26.33426],[81.5548,26.33883],[81.55563,26.35284],[81.55672,26.35589],[81.56016,26.35914],[81.5591,26.36167],[81.5491,26.37256],[81.54803,26.37584],[81.5483,26.37935],[81.55449,26.38494],[81.5566,26.38866],[81.55709,26.39841],[81.55575,26.40116],[81.55552,26.40165],[81.5442,26.40325],[81.53992,26.40751],[81.53658,26.41654],[81.53671,26.42033],[81.53745,26.42859],[81.54361,26.42851],[81.54554,26.42976],[81.54498,26.4331],[81.54581,26.43682],[81.55297,26.44471],[81.55884,26.44916],[81.56189,26.45317],[81.56287,26.46292],[81.55865,26.46851],[81.54681,26.47873],[81.54834,26.48194],[81.54518,26.48447],[81.54443,26.48781],[81.54546,26.49153],[81.55097,26.50023],[81.55008,26.50391],[81.54659,26.50548],[81.53605,26.50743],[81.53115,26.51038],[81.52929,26.51859],[81.53262,26.52553],[81.5365,26.52798],[81.54015,26.52922],[81.53905,26.5314],[81.53056,26.53897],[81.52654,26.54558],[81.5345,26.55095],[81.53578,26.55307],[81.53479,26.55629],[81.5429,26.56423],[81.54304,26.56801],[81.5454,26.57306],[81.54439,26.5741],[81.53651,26.57597],[81.53555,26.57707],[81.53794,26.58278],[81.54163,26.58588],[81.54419,26.58982],[81.54761,26.59125],[81.55101,26.58991],[81.55623,26.59068],[81.55815,26.592],[81.55917,26.5936],[81.55868,26.59618],[81.55927,26.60181],[81.56448,26.61074],[81.56555,26.61401],[81.56404,26.61733],[81.56189,26.61833],[81.55902,26.61868],[81.55048,26.61661],[81.54858,26.61707],[81.54704,26.62821],[81.55323,26.63111],[81.55399,26.63295],[81.55099,26.64639],[81.55864,26.65066],[81.56017,26.65313],[81.55665,26.66037],[81.55257,26.66407],[81.55267,26.66659],[81.55654,26.6687],[81.56069,26.66874],[81.56833,26.66595],[81.57198,26.65646],[81.57426,26.65501],[81.57751,26.65396],[81.59079,26.65228],[81.59792,26.64864],[81.60046,26.64575],[81.60329,26.63856]]]}},{"type":"Feature","properties":{"ID_0":105,"ISO":"IND","NAME_0":"India","ID_1":33,"NAME_1":"Uttar Pradesh","ID_2":561,"NAME_2":"Unnao","NL_NAME_2":null,"VARNAME_2":"Unnao Nagar, Unao","TYPE_2":"District","ENGTYPE_2":"District","STATE":"Uttar Pradesh","DISTRICT":"Unnao"},"geometry":{"type":"Polygon","coordinates":[[[80.2774,27.03436],[80.27842,27.03071],[80.28073,27.02798],[80.28393,27.0274],[80.29083,27.03019],[80.295,27.0305],[80.29644,27.03021],[80.29674,27.0291],[80.29819,27.02829],[80.30007,27.02414],[80.29855,27.01921],[80.29684,27.01716],[80.29031,27.01223],[80.28575,27.00621],[80.28909,27.00112],[80.29366,26.99846],[80.29984,26.99663],[80.30705,26.99233],[80.31567,26.99409],[80.31866,26.99492],[80.31964,26.99269],[80.32004,26.98879],[80.32571,26.97645],[80.33044,26.9727],[80.33037,26.96861],[80.32955,26.95981],[80.32942,26.95389],[80.33433,26.94872],[80.34478,26.93688],[80.35139,26.9282],[80.35479,26.93036],[80.36023,26.93306],[80.36368,26.93079],[80.36806,26.93295],[80.37461,26.93578],[80.37753,26.93512],[80.38016,26.92986],[80.38445,26.92719],[80.38515,26.92329],[80.38567,26.91946],[80.38962,26.91052],[80.39294,26.90877],[80.3961,26.90432],[80.4062,26.89277],[80.41393,26.90449],[80.42017,26.9173],[80.41663,26.92267],[80.41543,26.92811],[80.41797,26.94693],[80.42594,26.94981],[80.43524,26.95127],[80.43784,26.95314],[80.43944,26.96044],[80.43864,26.96314],[80.4349,26.96529],[80.43641,26.97196],[80.44161,26.97477],[80.44842,26.97994],[80.45296,26.98228],[80.45677,26.98112],[80.46214,26.98312],[80.46804,26.98191],[80.47009,26.98451],[80.47102,26.98964],[80.47808,26.99366],[80.48416,26.99171],[80.49155,26.99045],[80.49747,26.99441],[80.50372,26.99986],[80.50866,27.00625],[80.51483,27.01041],[80.51946,27.01256],[80.52988,27.00896],[80.53213,27.00734],[80.53491,27.00696],[80.5407,27.01831],[80.54375,27.01862],[80.54892,27.01562],[80.55067,27.01618],[80.57014,27.0062],[80.57145,26.99961],[80.5779,26.99122],[80.58153,26.99262],[80.59034,26.98926],[80.58717,26.98401],[80.58776,26.97964],[80.58453,26.97416],[80.58861,26.96799],[80.58578,26.96026],[80.57834,26.95866],[80.57879,26.96429],[80.57598,26.96565],[80.57304,26.96316],[80.56863,26.96375],[80.56128,26.96019],[80.55659,26.95377],[80.55454,26.95163],[80.55333,26.94661],[80.55117,26.94172],[80.57204,26.93091],[80.57619,26.93433],[80.5784,26.93826],[80.5802,26.9435],[80.58214,26.94742],[80.59765,26.95019],[80.59959,26.9494],[80.59989,26.94372],[80.60301,26.93851],[80.60519,26.93111],[80.61026,26.92179],[80.61277,26.91842],[80.61398,26.91412],[80.63141,26.90835],[80.62669,26.90118],[80.61769,26.89406],[80.61821,26.88584],[80.62646,26.88481],[80.63622,26.88219],[80.64529,26.87669],[80.64892,26.87547],[80.65255,26.87338],[80.66039,26.86958],[80.6669,26.86715],[80.67117,26.86587],[80.68406,26.85528],[80.6825,26.84269],[80.68701,26.83927],[80.69318,26.8353],[80.69888,26.82942],[80.70464,26.82194],[80.70856,26.81627],[80.71046,26.80882],[80.71353,26.80562],[80.71806,26.7994],[80.73109,26.79461],[80.72808,26.78085],[80.74608,26.77903],[80.74332,26.77234],[80.74113,26.76974],[80.73368,26.76791],[80.73039,26.76678],[80.72229,26.7596],[80.70805,26.76209],[80.69511,26.76677],[80.6873,26.76803],[80.68301,26.76518],[80.68188,26.76127],[80.68549,26.7579],[80.6882,26.75304],[80.69177,26.75353],[80.69305,26.75221],[80.6927,26.74829],[80.69422,26.74389],[80.69493,26.74171],[80.69273,26.73795],[80.69125,26.73353],[80.6923,26.72956],[80.69633,26.72673],[80.69663,26.72368],[80.69476,26.72459],[80.69107,26.72629],[80.6898,26.72444],[80.69122,26.72221],[80.69973,26.71745],[80.70558,26.71232],[80.70815,26.70481],[80.7029,26.70046],[80.6953,26.69689],[80.68959,26.69393],[80.68783,26.69087],[80.69134,26.68814],[80.69398,26.68786],[80.69785,26.68825],[80.70707,26.67796],[80.70509,26.67313],[80.71991,26.66099],[80.72668,26.66599],[80.7313,26.66895],[80.73682,26.67134],[80.73463,26.67954],[80.73796,26.68502],[80.74269,26.68925],[80.74751,26.6913],[80.75313,26.69012],[80.75209,26.68632],[80.75555,26.68382],[80.76003,26.68218],[80.76025,26.67897],[80.7575,26.67366],[80.76099,26.6684],[80.76651,26.66993],[80.77223,26.67199],[80.77458,26.67109],[80.77359,26.66764],[80.78149,26.66228],[80.78442,26.6577],[80.78503,26.65145],[80.79159,26.65298],[80.79576,26.65651],[80.80044,26.65936],[80.80634,26.66077],[80.81276,26.66124],[80.81598,26.66488],[80.82353,26.66723],[80.8333,26.66809],[80.83569,26.66548],[80.84119,26.65641],[80.84467,26.6537],[80.86352,26.64734],[80.86555,26.64209],[80.86953,26.638],[80.87363,26.63634],[80.87162,26.63118],[80.86732,26.62823],[80.86293,26.62638],[80.86765,26.61922],[80.87184,26.62128],[80.87492,26.62651],[80.87666,26.6245],[80.87934,26.62567],[80.88277,26.62656],[80.88438,26.62236],[80.88017,26.61695],[80.88255,26.61229],[80.88045,26.60806],[80.88246,26.60286],[80.88859,26.60023],[80.89361,26.59703],[80.89655,26.5959],[80.89833,26.60217],[80.8998,26.60241],[80.90385,26.59736],[80.90936,26.59464],[80.91073,26.59798],[80.91252,26.59702],[80.91312,26.59438],[80.91718,26.59663],[80.91776,26.5936],[80.92359,26.59041],[80.92133,26.58937],[80.91827,26.5893],[80.9233,26.57922],[80.92984,26.57553],[80.93205,26.573],[80.93057,26.57339],[80.92744,26.57259],[80.93154,26.57053],[80.93322,26.56933],[80.93519,26.56997],[80.93652,26.56865],[80.94324,26.57327],[80.94534,26.57277],[80.94373,26.5666],[80.94917,26.56407],[80.95198,26.56449],[80.95627,26.56209],[80.95897,26.55985],[80.96094,26.55929],[80.96076,26.55743],[80.95828,26.55643],[80.95692,26.55421],[80.96119,26.55251],[80.96328,26.55463],[80.96574,26.55623],[80.97122,26.55546],[80.97101,26.55194],[80.97065,26.54847],[80.97262,26.54917],[80.97585,26.55105],[80.9783,26.54943],[80.97652,26.54673],[80.97687,26.54294],[80.97887,26.53966],[80.98558,26.53941],[80.99055,26.53985],[80.99252,26.53662],[80.99274,26.53383],[80.99237,26.5278],[80.99216,26.52444],[80.99271,26.52166],[80.99635,26.52079],[80.99841,26.51804],[80.99779,26.51668],[80.9958,26.51769],[80.99059,26.51794],[80.98612,26.51609],[80.98569,26.51488],[80.98658,26.51378],[80.98869,26.51389],[80.99059,26.51357],[80.99507,26.51205],[80.99791,26.50929],[80.99603,26.50474],[80.99059,26.50783],[80.98898,26.50859],[80.98751,26.50841],[80.98554,26.50713],[80.98468,26.50616],[80.98386,26.50416],[80.98489,26.50214],[80.9879,26.49988],[80.99059,26.49783],[80.99233,26.49703],[80.99373,26.49475],[80.99466,26.49093],[80.9941,26.48816],[80.99209,26.4856],[80.9906,26.48176],[80.98898,26.48095],[80.98695,26.47983],[80.98424,26.47856],[80.98426,26.48188],[80.9843,26.48473],[80.98282,26.486],[80.98179,26.48794],[80.97863,26.48605],[80.97923,26.48244],[80.97771,26.48044],[80.9753,26.47821],[80.97528,26.47461],[80.9758,26.47231],[80.97898,26.47229],[80.98256,26.47052],[80.98374,26.46535],[80.98421,26.46008],[80.98582,26.45528],[80.98817,26.44958],[80.99065,26.44576],[80.9983,26.44162],[81.00378,26.43465],[81.00148,26.42881],[81.00192,26.4268],[81.00594,26.4245],[81.00689,26.42271],[81.00898,26.42116],[81.01045,26.42553],[81.01208,26.42547],[81.01361,26.42462],[81.01515,26.42214],[81.01736,26.42087],[81.01699,26.41727],[81.021,26.41743],[81.022,26.41657],[81.02181,26.41428],[81.01814,26.41146],[81.01678,26.40773],[81.01814,26.40331],[81.02144,26.39997],[81.02349,26.39504],[81.02399,26.38975],[81.02181,26.38088],[81.02291,26.38042],[81.02608,26.38322],[81.02723,26.38277],[81.02747,26.38092],[81.02867,26.37996],[81.03053,26.37956],[81.03541,26.38082],[81.04079,26.38037],[81.04167,26.37813],[81.03057,26.37011],[81.02874,26.36563],[81.0248,26.36523],[81.01691,26.36665],[81.01485,26.36644],[81.00993,26.36149],[81.00563,26.35988],[80.99859,26.35867],[80.99075,26.35028],[80.99074,26.33817],[80.99195,26.33616],[80.99355,26.33044],[80.99301,26.32648],[80.99075,26.32114],[80.98955,26.31858],[80.98006,26.31923],[80.97609,26.31574],[80.97228,26.31324],[80.96561,26.31462],[80.96011,26.3115],[80.9505,26.31194],[80.94261,26.31215],[80.94021,26.31847],[80.93624,26.32124],[80.93392,26.32528],[80.94083,26.33434],[80.94075,26.33818],[80.93942,26.34204],[80.9409,26.34929],[80.93793,26.35327],[80.92927,26.36157],[80.92507,26.35535],[80.91595,26.34558],[80.91348,26.34966],[80.91002,26.35431],[80.90128,26.35643],[80.89214,26.35485],[80.88464,26.3477],[80.88351,26.35271],[80.88429,26.35777],[80.88233,26.36207],[80.87628,26.36403],[80.85792,26.36073],[80.85575,26.36352],[80.85838,26.36712],[80.85944,26.36948],[80.85622,26.37399],[80.85155,26.37004],[80.84496,26.37353],[80.83687,26.37603],[80.82985,26.36493],[80.82702,26.36151],[80.82271,26.35388],[80.8229,26.34606],[80.82859,26.34417],[80.83276,26.3384],[80.83702,26.33303],[80.84561,26.33214],[80.84856,26.33172],[80.85738,26.32529],[80.8625,26.32074],[80.86197,26.3098],[80.86927,26.30999],[80.87216,26.30726],[80.86973,26.30342],[80.87418,26.30249],[80.87256,26.29852],[80.87856,26.29671],[80.8765,26.29203],[80.87091,26.28312],[80.86356,26.27661],[80.8552,26.27181],[80.84741,26.26173],[80.84444,26.25245],[80.84106,26.24896],[80.8387,26.24859],[80.83784,26.24691],[80.8354,26.24869],[80.83687,26.24151],[80.83327,26.23935],[80.82684,26.24044],[80.82089,26.23659],[80.81696,26.23155],[80.8158,26.22522],[80.8102,26.21752],[80.81698,26.21504],[80.81338,26.20661],[80.80346,26.2071],[80.80315,26.2125],[80.79362,26.21651],[80.79169,26.21316],[80.78117,26.21147],[80.77239,26.21185],[80.76257,26.21707],[80.75739,26.20741],[80.76179,26.20417],[80.76933,26.19923],[80.76711,26.19346],[80.76176,26.18691],[80.75478,26.18818],[80.7475,26.19049],[80.74014,26.18789],[80.73667,26.1858],[80.72997,26.17666],[80.72753,26.17721],[80.72274,26.18097],[80.71511,26.17528],[80.70796,26.1705],[80.69862,26.16341],[80.68856,26.16511],[80.68498,26.15565],[80.6799,26.14676],[80.68561,26.14117],[80.68654,26.13526],[80.69041,26.12816],[80.69136,26.12185],[80.68994,26.11941],[80.6837,26.11948],[80.67696,26.12023],[80.66715,26.12609],[80.66289,26.13474],[80.65694,26.13872],[80.6534,26.14352],[80.6494,26.14969],[80.64518,26.15213],[80.64002,26.1533],[80.63412,26.15268],[80.62552,26.15165],[80.61897,26.15244],[80.60947,26.15438],[80.60547,26.15649],[80.59552,26.17675],[80.59502,26.18255],[80.60031,26.19529],[80.60184,26.20249],[80.60199,26.21209],[80.59893,26.22298],[80.5932,26.22938],[80.5873,26.22967],[80.58194,26.22716],[80.57646,26.22745],[80.56911,26.22677],[80.56095,26.22923],[80.55801,26.23163],[80.55525,26.2339],[80.55163,26.23904],[80.55187,26.25054],[80.55371,26.26119],[80.55253,26.26957],[80.55206,26.27119],[80.54565,26.29341],[80.53456,26.31551],[80.5281,26.32682],[80.52752,26.33108],[80.52956,26.34202],[80.52712,26.34918],[80.52634,26.35549],[80.52418,26.3626],[80.51948,26.36572],[80.51227,26.36824],[80.49754,26.37715],[80.48754,26.38325],[80.47222,26.39335],[80.45849,26.40214],[80.44631,26.41018],[80.43528,26.41676],[80.42464,26.42316],[80.41326,26.42908],[80.40951,26.4337],[80.40248,26.44013],[80.39487,26.44672],[80.39617,26.46179],[80.3909,26.4695],[80.38475,26.47312],[80.37665,26.47391],[80.36926,26.47498],[80.35286,26.48149],[80.33866,26.49095],[80.33099,26.49863],[80.31836,26.51414],[80.31359,26.5188],[80.30057,26.53085],[80.29472,26.53918],[80.2872,26.55295],[80.28581,26.56518],[80.28692,26.57698],[80.29214,26.59054],[80.29526,26.60511],[80.29467,26.61101],[80.28391,26.62677],[80.27525,26.63918],[80.27469,26.63991],[80.26275,26.65533],[80.26125,26.65911],[80.25789,26.6646],[80.24976,26.67485],[80.23624,26.6874],[80.23007,26.69108],[80.22385,26.69267],[80.21476,26.6908],[80.19469,26.6884],[80.17716,26.69217],[80.15867,26.71247],[80.14758,26.72751],[80.14164,26.73084],[80.13189,26.73785],[80.12379,26.74828],[80.1169,26.76435],[80.11057,26.78088],[80.11255,26.79078],[80.1122,26.80122],[80.10777,26.81013],[80.09969,26.82797],[80.09553,26.84326],[80.09578,26.85895],[80.09854,26.86945],[80.09735,26.87717],[80.0903,26.88412],[80.07876,26.89324],[80.08099,26.89983],[80.07949,26.90211],[80.06667,26.91486],[80.06543,26.91807],[80.05804,26.92449],[80.05314,26.92455],[80.04211,26.92465],[80.04615,26.9333],[80.04873,26.93924],[80.0529,26.94353],[80.05803,26.94738],[80.06281,26.95007],[80.0671,26.9536],[80.07166,26.95698],[80.07639,26.96449],[80.09555,26.9659],[80.09379,26.97392],[80.09068,26.97963],[80.09077,26.98521],[80.09516,26.98962],[80.09653,26.99217],[80.09913,26.99737],[80.10532,27.00063],[80.11149,27.00061],[80.11268,26.99838],[80.11266,26.99579],[80.10791,26.99229],[80.11319,26.99035],[80.11716,26.98735],[80.11871,26.98701],[80.1219,26.99045],[80.12461,26.99421],[80.13011,26.99],[80.13477,26.99179],[80.13671,26.99136],[80.13552,26.98571],[80.139,26.98408],[80.14253,26.98522],[80.15001,26.99099],[80.15227,26.99067],[80.15704,26.9948],[80.16182,26.99882],[80.16306,27.00257],[80.16808,27.00222],[80.17332,27.00234],[80.17482,27.00144],[80.17257,26.9952],[80.17126,26.99008],[80.17165,26.98606],[80.17027,26.98231],[80.16563,26.97859],[80.16373,26.97592],[80.16299,26.96994],[80.16455,26.96421],[80.16803,26.96253],[80.17529,26.9637],[80.18124,26.96601],[80.18848,26.97045],[80.19588,26.97581],[80.2037,26.97309],[80.21105,26.97069],[80.21191,26.97387],[80.2145,26.97498],[80.22011,26.9759],[80.22195,26.97984],[80.22491,26.98767],[80.22797,26.99592],[80.23077,27.00615],[80.23205,27.0154],[80.23278,27.01798],[80.23455,27.01984],[80.23766,27.02163],[80.24722,27.02369],[80.24712,27.02533],[80.24243,27.03215],[80.24496,27.03444],[80.25108,27.03518],[80.25742,27.03342],[80.27594,27.03559],[80.2774,27.03436]]]}},{"type":"Feature","properties":{"ID_0":105,"ISO":"IND","NAME_0":"India","ID_1":33,"NAME_1":"Uttar Pradesh","ID_2":562,"NAME_2":"Varanasi","NL_NAME_2":null,"VARNAME_2":"Benares","TYPE_2":"District","ENGTYPE_2":"District","STATE":"Uttar Pradesh","DISTRICT":"Varanasi"},"geometry":{"type":"Polygon","coordinates":[[[83.06367,25.55332],[83.06718,25.54804],[83.06909,25.54059],[83.06741,25.53792],[83.06288,25.53688],[83.05671,25.53421],[83.05572,25.53106],[83.06209,25.52374],[83.06777,25.51567],[83.07842,25.49627],[83.08053,25.49422],[83.08254,25.49425],[83.08492,25.49657],[83.08874,25.50359],[83.08903,25.50584],[83.09452,25.5038],[83.09877,25.49742],[83.10103,25.49596],[83.10374,25.49666],[83.10638,25.49979],[83.10718,25.50242],[83.10677,25.50547],[83.10524,25.50791],[83.09846,25.51082],[83.09488,25.51392],[83.08997,25.52267],[83.09091,25.52593],[83.09377,25.52733],[83.0993,25.52754],[83.10372,25.52678],[83.1097,25.52354],[83.12366,25.51049],[83.13245,25.50863],[83.14353,25.50847],[83.14845,25.50523],[83.15072,25.50526],[83.15088,25.50687],[83.14965,25.50936],[83.15131,25.5144],[83.15004,25.51752],[83.15033,25.51983],[83.1553,25.52394],[83.15842,25.52516],[83.16156,25.52506],[83.16541,25.52599],[83.17112,25.51279],[83.16818,25.50646],[83.16719,25.49911],[83.16161,25.4897],[83.15363,25.48343],[83.14366,25.47788],[83.1352,25.47168],[83.12717,25.4619],[83.12217,25.45191],[83.12221,25.44651],[83.13071,25.44276],[83.14617,25.44002],[83.15035,25.4383],[83.1638,25.42976],[83.1778,25.42462],[83.1824,25.42145],[83.18633,25.40771],[83.18521,25.40094],[83.18042,25.38836],[83.17888,25.38218],[83.1716,25.36854],[83.17056,25.36234],[83.16718,25.35406],[83.16057,25.34294],[83.15345,25.33333],[83.14877,25.32861],[83.13712,25.32044],[83.13171,25.31903],[83.12895,25.31952],[83.10847,25.32602],[83.10349,25.32845],[83.09102,25.33127],[83.08163,25.33248],[83.07178,25.32986],[83.06459,25.32898],[83.06027,25.32696],[83.04883,25.32493],[83.03213,25.31998],[83.02131,25.31495],[83.01234,25.30863],[83.00873,25.30557],[83.00404,25.29885],[83.00531,25.29503],[83.01394,25.29463],[83.02309,25.29008],[83.04059,25.2844],[83.04162,25.28186],[83.03789,25.2719],[83.04333,25.27016],[83.04559,25.26167],[83.04954,25.25668],[83.05815,25.25225],[83.06094,25.25014],[83.06259,25.24718],[83.05302,25.24674],[83.04685,25.24895],[83.04056,25.24956],[83.03439,25.24842],[83.02572,25.24383],[83.02351,25.24415],[83.01725,25.22778],[83.01281,25.221],[83.00432,25.21151],[83.00113,25.20891],[82.99379,25.20504],[82.99158,25.20473],[82.98571,25.20542],[82.98217,25.20568],[82.97807,25.20637],[82.97302,25.20741],[82.96953,25.20786],[82.96609,25.20841],[82.96166,25.20874],[82.95547,25.20933],[82.95296,25.20978],[82.94929,25.21001],[82.94501,25.21005],[82.94248,25.21039],[82.93964,25.21055],[82.93669,25.21066],[82.93303,25.21059],[82.92761,25.21019],[82.92503,25.21052],[82.9235,25.21141],[82.92137,25.21243],[82.91891,25.21334],[82.9164,25.2141],[82.9104,25.21547],[82.90783,25.21571],[82.90636,25.21578],[82.90397,25.21565],[82.90157,25.21543],[82.89748,25.21452],[82.89704,25.21429],[82.8959,25.21452],[82.89552,25.21521],[82.8949,25.21688],[82.8942,25.21797],[82.89338,25.21803],[82.89204,25.21728],[82.89111,25.21637],[82.88991,25.21378],[82.8894,25.2124],[82.88895,25.21189],[82.88868,25.21125],[82.88813,25.21074],[82.88725,25.21096],[82.8858,25.21121],[82.88326,25.21125],[82.88258,25.21104],[82.88126,25.21029],[82.87988,25.20914],[82.87846,25.20742],[82.87772,25.20633],[82.87735,25.20557],[82.87626,25.20426],[82.87512,25.20196],[82.87399,25.20288],[82.87183,25.20347],[82.87058,25.20353],[82.86844,25.20416],[82.86704,25.20405],[82.86559,25.20353],[82.86314,25.20198],[82.86251,25.20107],[82.86192,25.19997],[82.86173,25.19883],[82.86148,25.19797],[82.86173,25.19646],[82.8616,25.19584],[82.86166,25.1952],[82.86243,25.19486],[82.86381,25.1944],[82.8661,25.19416],[82.8674,25.19318],[82.86751,25.19209],[82.86657,25.19082],[82.86519,25.19094],[82.86443,25.19065],[82.86347,25.19015],[82.86215,25.18922],[82.86051,25.18766],[82.86,25.18699],[82.85766,25.18314],[82.85641,25.18152],[82.85525,25.17974],[82.85476,25.17854],[82.85411,25.17745],[82.85304,25.17584],[82.8509,25.17331],[82.85026,25.17274],[82.84843,25.17148],[82.84628,25.17056],[82.84458,25.17004],[82.84289,25.1697],[82.83928,25.1692],[82.83745,25.16944],[82.83242,25.16979],[82.83096,25.16996],[82.82964,25.17026],[82.82826,25.17198],[82.82769,25.1736],[82.82745,25.17521],[82.82663,25.17641],[82.82619,25.17676],[82.82481,25.17723],[82.82354,25.17752],[82.82101,25.17838],[82.81901,25.17971],[82.81806,25.18144],[82.81776,25.18282],[82.81757,25.18328],[82.8175,25.18462],[82.8172,25.18766],[82.8157,25.18794],[82.81493,25.18806],[82.81348,25.188],[82.80982,25.18905],[82.80786,25.18981],[82.80656,25.18998],[82.80498,25.19032],[82.80277,25.19051],[82.8015,25.1908],[82.80101,25.18999],[82.80119,25.18919],[82.80094,25.18642],[82.80093,25.18504],[82.8008,25.1836],[82.80053,25.18316],[82.80023,25.18176],[82.79933,25.17935],[82.79865,25.17826],[82.79742,25.17545],[82.79693,25.17498],[82.79536,25.17476],[82.7934,25.17591],[82.79134,25.1773],[82.79027,25.17822],[82.78786,25.17978],[82.78629,25.18099],[82.78529,25.18157],[82.78718,25.18271],[82.78874,25.18427],[82.79041,25.18565],[82.79129,25.18639],[82.79198,25.18714],[82.79274,25.18771],[82.79382,25.18931],[82.79462,25.19098],[82.79427,25.19236],[82.79281,25.19265],[82.79167,25.19261],[82.7901,25.19305],[82.78845,25.1933],[82.78632,25.19358],[82.78278,25.1955],[82.78228,25.19596],[82.78154,25.19694],[82.78123,25.19792],[82.78065,25.19977],[82.7804,25.20053],[82.77957,25.20312],[82.77888,25.20497],[82.77794,25.206],[82.7766,25.20618],[82.77618,25.20641],[82.77587,25.20728],[82.77676,25.20934],[82.77808,25.21049],[82.77934,25.21089],[82.78401,25.21237],[82.78609,25.21183],[82.78703,25.21173],[82.78812,25.21144],[82.79119,25.21085],[82.79252,25.21045],[82.79339,25.21027],[82.79572,25.20998],[82.79762,25.20957],[82.80511,25.20857],[82.80726,25.20856],[82.80827,25.20884],[82.8086,25.21022],[82.80804,25.21109],[82.8074,25.21259],[82.80645,25.21363],[82.80569,25.21356],[82.80336,25.21415],[82.80268,25.21537],[82.80249,25.21663],[82.802,25.2187],[82.80175,25.21939],[82.80093,25.22095],[82.80048,25.22198],[82.7993,25.22245],[82.79773,25.22366],[82.7969,25.22446],[82.79665,25.22551],[82.79697,25.22659],[82.79898,25.22688],[82.7996,25.22699],[82.80125,25.22751],[82.8019,25.22762],[82.80383,25.22819],[82.80511,25.22893],[82.80588,25.22921],[82.80636,25.2295],[82.80686,25.23014],[82.80752,25.23047],[82.80821,25.23174],[82.80859,25.23277],[82.80846,25.2345],[82.80814,25.23525],[82.80603,25.23641],[82.80538,25.23693],[82.80431,25.23728],[82.80399,25.23894],[82.80344,25.24101],[82.80356,25.2436],[82.80402,25.24625],[82.80433,25.24694],[82.8054,25.24699],[82.80622,25.24723],[82.80768,25.24842],[82.80807,25.2498],[82.80919,25.25129],[82.81008,25.2521],[82.81159,25.25324],[82.81274,25.25416],[82.8135,25.25513],[82.81336,25.25635],[82.81306,25.25784],[82.81156,25.25882],[82.80984,25.25952],[82.80859,25.25975],[82.80657,25.25959],[82.80455,25.2593],[82.80259,25.25892],[82.80108,25.25891],[82.7959,25.25835],[82.79352,25.25733],[82.78939,25.25624],[82.78872,25.25584],[82.78694,25.25516],[82.78448,25.25453],[82.78165,25.25322],[82.77747,25.25099],[82.77702,25.25036],[82.77728,25.24799],[82.77796,25.24477],[82.77758,25.24201],[82.7784,25.24053],[82.77933,25.23953],[82.78066,25.23775],[82.78228,25.2359],[82.78279,25.23504],[82.78305,25.23378],[82.78261,25.23308],[82.78178,25.23245],[82.78071,25.232],[82.77888,25.23183],[82.77666,25.23161],[82.77434,25.23195],[82.77327,25.23219],[82.77219,25.23294],[82.77152,25.23392],[82.77087,25.2345],[82.76994,25.23565],[82.76955,25.23634],[82.76811,25.23825],[82.7678,25.23911],[82.76748,25.24049],[82.76762,25.2425],[82.76855,25.24468],[82.76913,25.24572],[82.76978,25.24692],[82.77045,25.24779],[82.77129,25.24922],[82.77155,25.25026],[82.77136,25.25124],[82.7701,25.25314],[82.76878,25.25486],[82.76833,25.25566],[82.76683,25.25711],[82.76626,25.25798],[82.76501,25.26052],[82.76437,25.25999],[82.764,25.2611],[82.76355,25.26161],[82.76286,25.26276],[82.76287,25.26489],[82.76488,25.26494],[82.7669,25.26569],[82.77069,25.26677],[82.77295,25.26785],[82.77309,25.26884],[82.77328,25.26946],[82.77341,25.27079],[82.77283,25.27257],[82.77147,25.2739],[82.76982,25.27408],[82.76938,25.27368],[82.769,25.27287],[82.76888,25.27207],[82.76856,25.27092],[82.76647,25.26971],[82.76585,25.26931],[82.76464,25.26897],[82.76274,25.26898],[82.76224,25.26904],[82.76128,25.2692],[82.75668,25.27044],[82.7553,25.27049],[82.75391,25.27039],[82.75323,25.26953],[82.75285,25.26861],[82.7522,25.26602],[82.75245,25.26441],[82.75252,25.26343],[82.75226,25.26026],[82.7515,25.25704],[82.75137,25.25589],[82.75093,25.25353],[82.75073,25.25307],[82.75041,25.25152],[82.7506,25.25071],[82.75047,25.2502],[82.7494,25.24715],[82.74921,25.24623],[82.7487,25.24532],[82.74738,25.24434],[82.74547,25.24348],[82.74433,25.2432],[82.74187,25.24332],[82.74024,25.24333],[82.73861,25.24372],[82.73697,25.2443],[82.73419,25.24599],[82.7318,25.248],[82.73117,25.24956],[82.73061,25.25031],[82.72998,25.25192],[82.72903,25.25417],[82.7284,25.2567],[82.72678,25.25687],[82.72562,25.25688],[82.72407,25.25659],[82.71826,25.25627],[82.71701,25.25615],[82.71535,25.25587],[82.71088,25.25548],[82.70658,25.25555],[82.70589,25.25715],[82.70576,25.25813],[82.70558,25.26015],[82.70565,25.26072],[82.70552,25.26406],[82.7049,25.26441],[82.70224,25.26527],[82.70123,25.26522],[82.6977,25.26563],[82.69595,25.26575],[82.69399,25.2657],[82.69191,25.26594],[82.69002,25.26588],[82.68855,25.26594],[82.68678,25.26612],[82.68491,25.26607],[82.68396,25.26583],[82.68201,25.26607],[82.68081,25.26579],[82.67777,25.26527],[82.67594,25.26476],[82.67519,25.26441],[82.67386,25.26327],[82.6729,25.26172],[82.67176,25.25936],[82.67045,25.25615],[82.67001,25.2554],[82.66975,25.25459],[82.66874,25.25316],[82.66792,25.25235],[82.66692,25.25178],[82.6647,25.25109],[82.66357,25.25087],[82.66275,25.25513],[82.66256,25.25598],[82.66268,25.25805],[82.66288,25.25972],[82.66364,25.26225],[82.66459,25.26731],[82.66509,25.27163],[82.6653,25.27571],[82.66593,25.27928],[82.66623,25.28048],[82.66632,25.28123],[82.66681,25.28382],[82.66821,25.2837],[82.6691,25.28376],[82.67061,25.28359],[82.67198,25.28311],[82.67307,25.28289],[82.67514,25.28213],[82.67715,25.28174],[82.67867,25.28174],[82.68014,25.28241],[82.68082,25.28322],[82.68202,25.28557],[82.68235,25.28603],[82.68266,25.28753],[82.68255,25.28954],[82.68197,25.29224],[82.68185,25.29385],[82.68192,25.29672],[82.68209,25.29811],[82.68376,25.30673],[82.68491,25.31007],[82.68515,25.31104],[82.68629,25.31323],[82.68761,25.31351],[82.68919,25.31351],[82.69096,25.31426],[82.69171,25.31489],[82.69261,25.3162],[82.69375,25.31839],[82.69514,25.32173],[82.69539,25.32304],[82.69545,25.32431],[82.69519,25.3253],[82.69432,25.32725],[82.69331,25.32869],[82.69225,25.32984],[82.68961,25.33134],[82.68564,25.33302],[82.68202,25.33389],[82.67999,25.33516],[82.67915,25.34045],[82.67895,25.34247],[82.67895,25.34345],[82.67831,25.34608],[82.67825,25.34668],[82.67769,25.348],[82.67548,25.35122],[82.67415,25.35542],[82.67474,25.35737],[82.67682,25.35932],[82.67828,25.36006],[82.67884,25.3603],[82.68022,25.36035],[82.68095,25.36053],[82.68199,25.3611],[82.68295,25.36213],[82.68319,25.36282],[82.68328,25.36379],[82.68372,25.36512],[82.68503,25.36621],[82.68584,25.36656],[82.68668,25.36644],[82.68781,25.3673],[82.68908,25.36868],[82.68996,25.36936],[82.69122,25.37017],[82.69207,25.3697],[82.694,25.36705],[82.69462,25.36642],[82.69632,25.3643],[82.6969,25.3637],[82.69762,25.36504],[82.69778,25.36612],[82.69785,25.36762],[82.69813,25.36883],[82.69755,25.37073],[82.69743,25.37188],[82.69736,25.37326],[82.69749,25.37453],[82.69755,25.37666],[82.69838,25.37797],[82.69901,25.37849],[82.69957,25.37912],[82.7004,25.37986],[82.70135,25.38113],[82.70186,25.38297],[82.70216,25.38499],[82.70204,25.38648],[82.70242,25.38786],[82.7025,25.38912],[82.70232,25.39022],[82.70187,25.39091],[82.70072,25.39096],[82.69814,25.39195],[82.69732,25.39236],[82.69487,25.39335],[82.69246,25.39398],[82.69115,25.3945],[82.68887,25.39548],[82.68734,25.39641],[82.68514,25.39728],[82.68522,25.39866],[82.68452,25.39964],[82.68256,25.40165],[82.68155,25.4031],[82.68035,25.40505],[82.67972,25.40626],[82.67947,25.4073],[82.67764,25.40995],[82.67683,25.41139],[82.67619,25.41288],[82.67594,25.4145],[82.67589,25.41559],[82.67607,25.41816],[82.67608,25.41979],[82.67651,25.4218],[82.6788,25.42863],[82.67995,25.43272],[82.68393,25.43421],[82.68733,25.43476],[82.69011,25.43494],[82.69132,25.43494],[82.69398,25.43516],[82.69535,25.4351],[82.70225,25.43521],[82.70415,25.43543],[82.70976,25.43581],[82.71154,25.43627],[82.71179,25.43754],[82.71116,25.44133],[82.71041,25.44278],[82.7092,25.44404],[82.70814,25.44491],[82.7048,25.44693],[82.70194,25.44774],[82.70107,25.44821],[82.7,25.44981],[82.69878,25.44987],[82.69715,25.44948],[82.69607,25.44948],[82.69406,25.44995],[82.69418,25.45104],[82.69438,25.45161],[82.69551,25.45334],[82.69614,25.45391],[82.69672,25.45466],[82.69729,25.4566],[82.69735,25.45742],[82.69679,25.45984],[82.69721,25.46035],[82.69881,25.4611],[82.70184,25.46189],[82.70519,25.46257],[82.71309,25.46319],[82.71567,25.46358],[82.72068,25.46391],[82.72276,25.46386],[82.72511,25.46408],[82.72667,25.46431],[82.72777,25.46488],[82.72757,25.46604],[82.72764,25.46822],[82.72794,25.47059],[82.72771,25.47362],[82.7272,25.4738],[82.72398,25.47432],[82.7226,25.47443],[82.72137,25.47473],[82.71989,25.47525],[82.71754,25.47658],[82.71658,25.4771],[82.71155,25.47999],[82.70813,25.48225],[82.70473,25.48363],[82.70244,25.48428],[82.70201,25.48536],[82.70201,25.48853],[82.70323,25.49242],[82.70512,25.49761],[82.70583,25.49979],[82.70734,25.5033],[82.70822,25.50266],[82.70988,25.50305],[82.7117,25.50363],[82.7153,25.50494],[82.71626,25.50625],[82.71677,25.50764],[82.71716,25.51151],[82.71709,25.51351],[82.71665,25.5161],[82.71664,25.51823],[82.71692,25.52179],[82.71609,25.52421],[82.71521,25.52583],[82.71275,25.52733],[82.71131,25.52808],[82.70927,25.52992],[82.70713,25.53212],[82.70618,25.53264],[82.70531,25.53361],[82.70528,25.53437],[82.70663,25.5358],[82.70924,25.53735],[82.71315,25.53923],[82.71435,25.54124],[82.71562,25.54251],[82.71746,25.54394],[82.71809,25.54428],[82.71928,25.54474],[82.72581,25.54835],[82.72815,25.54898],[82.72985,25.54897],[82.73157,25.54885],[82.73302,25.54891],[82.73383,25.54908],[82.73472,25.54884],[82.73587,25.54821],[82.73917,25.54733],[82.73961,25.54632],[82.74158,25.54556],[82.74277,25.54493],[82.74633,25.54446],[82.74835,25.5444],[82.74918,25.54447],[82.75226,25.54405],[82.75454,25.5402],[82.75573,25.53854],[82.7566,25.53743],[82.75806,25.53599],[82.75933,25.53501],[82.76027,25.53415],[82.76141,25.53346],[82.76299,25.53271],[82.76488,25.53202],[82.76614,25.53179],[82.76919,25.53161],[82.77101,25.53172],[82.77221,25.53224],[82.77298,25.53292],[82.77354,25.53362],[82.77405,25.53454],[82.77476,25.53604],[82.77565,25.53839],[82.77622,25.54214],[82.77641,25.54404],[82.77705,25.54622],[82.77749,25.54644],[82.77914,25.54644],[82.77983,25.54622],[82.78217,25.54513],[82.78298,25.54494],[82.78375,25.545],[82.78489,25.54501],[82.78545,25.54558],[82.78617,25.54782],[82.78635,25.54869],[82.78728,25.5507],[82.78794,25.55236],[82.78921,25.55397],[82.79002,25.55461],[82.79166,25.55548],[82.79281,25.5557],[82.79394,25.55553],[82.79571,25.55478],[82.79604,25.5542],[82.79716,25.55345],[82.79831,25.55495],[82.79913,25.55575],[82.80028,25.5561],[82.80121,25.55626],[82.80268,25.55615],[82.80444,25.55546],[82.80779,25.55494],[82.81404,25.5543],[82.81639,25.55429],[82.81828,25.55389],[82.81968,25.55395],[82.8221,25.55503],[82.82283,25.55453],[82.82549,25.55445],[82.82841,25.55556],[82.82942,25.55642],[82.82973,25.55694],[82.82993,25.55982],[82.82968,25.56286],[82.82976,25.56406],[82.82989,25.56488],[82.82951,25.56672],[82.82951,25.5688],[82.83033,25.57052],[82.8318,25.57052],[82.83282,25.57041],[82.8347,25.56954],[82.83677,25.56827],[82.83868,25.56775],[82.84094,25.5666],[82.84177,25.56632],[82.84386,25.56608],[82.84537,25.56631],[82.84614,25.56631],[82.84709,25.56775],[82.84811,25.56971],[82.84823,25.57022],[82.85103,25.57535],[82.85421,25.57955],[82.85555,25.58099],[82.85681,25.58208],[82.85812,25.58278],[82.86236,25.58075],[82.86318,25.57983],[82.86513,25.57694],[82.86704,25.57384],[82.86778,25.5721],[82.86847,25.56998],[82.8711,25.56847],[82.87365,25.56852],[82.88061,25.57006],[82.88296,25.57053],[82.88429,25.5707],[82.88611,25.57184],[82.88821,25.57236],[82.89296,25.57211],[82.89515,25.57216],[82.89629,25.57204],[82.89745,25.57209],[82.90015,25.57162],[82.90313,25.57195],[82.90559,25.57263],[82.90749,25.57256],[82.91167,25.57155],[82.91293,25.57211],[82.9147,25.57256],[82.91629,25.57318],[82.91731,25.57345],[82.92028,25.57313],[82.92123,25.57278],[82.92197,25.57213],[82.92526,25.57012],[82.92647,25.56888],[82.92791,25.56719],[82.92892,25.56398],[82.92918,25.56294],[82.93018,25.56119],[82.93093,25.55892],[82.93206,25.55659],[82.93296,25.55449],[82.93396,25.55303],[82.93591,25.54971],[82.93716,25.54806],[82.93811,25.54569],[82.9379,25.54386],[82.93611,25.53961],[82.93656,25.53807],[82.93633,25.53292],[82.93778,25.53049],[82.94044,25.52919],[82.94291,25.52817],[82.94576,25.52742],[82.94936,25.52706],[82.95247,25.52749],[82.95361,25.52757],[82.95455,25.52793],[82.9564,25.5295],[82.96046,25.5345],[82.96295,25.53795],[82.9638,25.53964],[82.96489,25.54259],[82.96553,25.54396],[82.96655,25.54552],[82.9698,25.54957],[82.97063,25.55123],[82.97089,25.55288],[82.97147,25.55405],[82.97388,25.55647],[82.97496,25.55665],[82.97932,25.55673],[82.9815,25.55638],[82.98302,25.55595],[82.98724,25.55502],[82.99134,25.55349],[82.99728,25.54914],[83.00011,25.54933],[83.00285,25.55101],[83.00333,25.55423],[83.00124,25.5565],[82.99696,25.55615],[82.9993,25.56193],[83.00823,25.5736],[83.01307,25.57808],[83.01736,25.57739],[83.0207,25.57326],[83.03264,25.54522],[83.03554,25.54231],[83.03934,25.5433],[83.04423,25.54709],[83.05082,25.55642],[83.05482,25.55872],[83.05896,25.55809],[83.06367,25.55332]]]}}],"state":"Uttar Pradesh","source":"geohacker/india (Datameet-derived), Census 2011 boundaries"}