{"type": "FeatureCollection", "features": [{"type": "Feature", "properties": {"SUBDISTRICT": "Shimla ( Rural )", "STATE": "Himachal Pradesh", "shapeID": "7132399B19583550907417", "source": "geoBoundaries gbOpen IND ADM3 (ODbL 1.0); source: Local Government Directory lgdirectory.gov.in via Pathways Data", "DISTRICT": "Shimla"}, "geometry": {"type": "Polygon", "coordinates": [[[77.026, 31.0873], [77.0392, 31.0683], [77.0585, 31.09], [77.0783, 31.0851], [77.0867, 31.0658], [77.0677, 31.0506], [77.106, 31.0314], [77.1299, 31.0293], [77.1448, 31.0209], [77.1489, 31.0085], [77.162, 31.0063], [77.1755, 31.0338], [77.2032, 31.0455], [77.2172, 31.0634], [77.269, 31.0625], [77.2902, 31.0278], [77.3034, 31.0186], [77.3009, 30.9879], [77.3069, 30.9697], [77.321, 30.9759], [77.3294, 30.9932], [77.3145, 31.0027], [77.3069, 31.0375], [77.2957, 31.0521], [77.295, 31.0727], [77.3031, 31.09], [77.2884, 31.0963], [77.2772, 31.0917], [77.2669, 31.1082], [77.2945, 31.128], [77.2944, 31.1349], [77.2893, 31.1398], [77.2793, 31.1289], [77.2779, 31.1368], [77.2551, 31.1393], [77.2539, 31.1582], [77.222, 31.186], [77.2166, 31.1998], [77.1983, 31.2092], [77.1828, 31.1953], [77.1844, 31.1857], [77.1617, 31.1764], [77.1605, 31.1675], [77.1371, 31.1752], [77.1155, 31.1676], [77.1043, 31.1699], [77.1041, 31.1828], [77.0818, 31.1925], [77.0533, 31.1742], [77.0444, 31.1754], [77.0528, 31.1606], [77.0393, 31.1564], [77.0551, 31.1389], [77.0427, 31.1407], [77.0417, 31.1275], [77.0561, 31.1039], [77.0268, 31.0918], [77.026, 31.0873]], [[77.1148, 31.108], [77.1283, 31.1047], [77.1389, 31.1226], [77.1586, 31.1264], [77.1715, 31.1166], [77.1709, 31.1375], [77.183, 31.1178], [77.2007, 31.1121], [77.2291, 31.131], [77.2232, 31.1469], [77.2304, 31.1314], [77.2169, 31.1102], [77.2055, 31.1089], [77.2099, 31.1061], [77.2067, 31.0992], [77.1996, 31.1064], [77.1926, 31.1038], [77.1941, 31.09], [77.1857, 31.0896], [77.1936, 31.0752], [77.1799, 31.0724], [77.1753, 31.0858], [77.1706, 31.08], [77.1626, 31.0904], [77.1523, 31.0847], [77.1442, 31.0957], [77.1394, 31.0951], [77.1372, 31.0781], [77.1355, 31.0884], [77.1264, 31.091], [77.1282, 31.1007], [77.1183, 31.0991], [77.1149, 31.1059], [77.1148, 31.108]]]}}, {"type": "Feature", "properties": {"SUBDISTRICT": "Nurpur", "STATE": "Himachal Pradesh", "shapeID": "7132399B98292272372457", "source": "geoBoundaries gbOpen IND ADM3 (ODbL 1.0); source: Local Government Directory lgdirectory.gov.in via Pathways Data", "DISTRICT": "Kangra"}, "geometry": {"type": "Polygon", "coordinates": [[[75.7504, 32.2364], [75.7541, 32.2255], [75.7865, 32.2275], [75.7909, 32.233], [75.7869, 32.2412], [75.7965, 32.2399], [75.8064, 32.2503], [75.8252, 32.2455], [75.8269, 32.2348], [75.8296, 32.2437], [75.8485, 32.2545], [75.8465, 32.2423], [75.869, 32.251], [75.8661, 32.2418], [75.8812, 32.2418], [75.8794, 32.2272], [75.9005, 32.2165], [75.876, 32.2092], [75.8814, 32.2084], [75.8797, 32.1999], [75.8633, 32.1798], [75.8762, 32.173], [75.8863, 32.1519], [75.9202, 32.1511], [75.9265, 32.1523], [75.9228, 32.1602], [75.9395, 32.171], [75.9208, 32.2066], [75.9433, 32.215], [75.9493, 32.231], [75.9409, 32.2414], [75.9437, 32.2524], [75.9661, 32.244], [75.9789, 32.2653], [76.0308, 32.2538], [76.0333, 32.2578], [76.0251, 32.2599], [76.0329, 32.2702], [76.017, 32.2908], [76.0236, 32.3183], [76.0157, 32.3182], [76.0198, 32.3379], [75.9746, 32.3909], [75.9377, 32.3955], [75.9269, 32.4087], [75.8877, 32.398], [75.7987, 32.3219], [75.7584, 32.2778], [75.7706, 32.2503], [75.7657, 32.2385], [75.7507, 32.2364], [75.7504, 32.2364]]]}}, {"type": "Feature", "properties": {"SUBDISTRICT": "Dhatwal", "STATE": "Himachal Pradesh", "shapeID": "7132399B55144090664311", "source": "geoBoundaries gbOpen IND ADM3 (ODbL 1.0); source: Local Government Directory lgdirectory.gov.in via Pathways Data", "DISTRICT": "Hamirpur"}, "geometry": {"type": "Polygon", "coordinates": [[[76.517, 31.5679], [76.523, 31.5476], [76.5207, 31.51], [76.5323, 31.5017], [76.5301, 31.4838], [76.5366, 31.4671], [76.5219, 31.4643], [76.5329, 31.4613], [76.5605, 31.4293], [76.5723, 31.4318], [76.5897, 31.4221], [76.5933, 31.4257], [76.6142, 31.4187], [76.6272, 31.4452], [76.6102, 31.4698], [76.608, 31.4906], [76.6207, 31.5279], [76.6146, 31.5463], [76.5769, 31.5748], [76.5657, 31.5643], [76.5406, 31.5672], [76.529, 31.5765], [76.5171, 31.5742], [76.517, 31.5679]]]}}, {"type": "Feature", "properties": {"SUBDISTRICT": "Dodra Kwar", "STATE": "Himachal Pradesh", "shapeID": "7132399B91801331071919", "source": "geoBoundaries gbOpen IND ADM3 (ODbL 1.0); source: Local Government Directory lgdirectory.gov.in via Pathways Data", "DISTRICT": "Shimla"}, "geometry": {"type": "Polygon", "coordinates": [[[77.9693, 31.1741], [77.9841, 31.1605], [78.0073, 31.1624], [78.029, 31.1502], [78.031, 31.1668], [78.0447, 31.1806], [78.0687, 31.1882], [78.1026, 31.1861], [78.1341, 31.2093], [78.1498, 31.2114], [78.1628, 31.2268], [78.1864, 31.2271], [78.2025, 31.2174], [78.2152, 31.2209], [78.2218, 31.2324], [78.2476, 31.2302], [78.2841, 31.2666], [78.3085, 31.2612], [78.3135, 31.2834], [78.2954, 31.2928], [78.3018, 31.3151], [78.2919, 31.3238], [78.26, 31.3278], [78.2446, 31.3421], [78.2147, 31.3256], [78.1594, 31.35], [78.1046, 31.3271], [78.083, 31.3109], [78.0417, 31.2666], [77.9901, 31.1888], [77.9694, 31.1742], [77.9693, 31.1741]]]}}, {"type": "Feature", "properties": {"SUBDISTRICT": "Jogindarnagar", "STATE": "Himachal Pradesh", "shapeID": "7132399B19760131213640", "source": "geoBoundaries gbOpen IND ADM3 (ODbL 1.0); source: Local Government Directory lgdirectory.gov.in via Pathways Data", "DISTRICT": "Mandi"}, "geometry": {"type": "Polygon", "coordinates": [[[76.6679, 32.035], [76.699, 32.0163], [76.717, 31.9878], [76.7517, 31.9602], [76.7493, 31.9526], [76.764, 31.9392], [76.7675, 31.9136], [76.8047, 31.9199], [76.8102, 31.8783], [76.8309, 31.8644], [76.8403, 31.848], [76.841, 31.8271], [76.8572, 31.8232], [76.848, 31.84], [76.8656, 31.8712], [76.8529, 31.8833], [76.8422, 31.8872], [76.8402, 31.8804], [76.8367, 31.8862], [76.8547, 31.9091], [76.8452, 31.9251], [76.8674, 31.9306], [76.8749, 31.9446], [76.8708, 31.9731], [76.852, 31.9936], [76.8491, 32.006], [76.8319, 32.0171], [76.8268, 32.0354], [76.7934, 32.0449], [76.7905, 32.0571], [76.7769, 32.0689], [76.7381, 32.0301], [76.7141, 32.0351], [76.7029, 32.049], [76.6885, 32.0518], [76.6712, 32.0378], [76.6679, 32.035]]]}}, {"type": "Feature", "properties": {"SUBDISTRICT": "Chaurah", "STATE": "Himachal Pradesh", "shapeID": "7132399B8746522464501", "source": "geoBoundaries gbOpen IND ADM3 (ODbL 1.0); source: Local Government Directory lgdirectory.gov.in via Pathways Data", "DISTRICT": "Chamba"}, "geometry": {"type": "Polygon", "coordinates": [[[75.9299, 32.9014], [75.9351, 32.8883], [75.9586, 32.8666], [75.9734, 32.8649], [76.0048, 32.8356], [76.0095, 32.8189], [76.0021, 32.8045], [76.0327, 32.8005], [76.052, 32.8065], [76.0994, 32.8021], [76.1244, 32.8072], [76.1141, 32.7959], [76.1188, 32.7697], [76.1417, 32.7857], [76.1494, 32.7828], [76.1532, 32.7747], [76.1483, 32.7634], [76.1215, 32.7502], [76.0948, 32.7215], [76.1337, 32.6784], [76.1532, 32.6765], [76.1794, 32.6846], [76.1876, 32.6805], [76.2007, 32.6923], [76.2135, 32.694], [76.2841, 32.681], [76.3232, 32.6435], [76.3659, 32.6327], [76.3831, 32.6417], [76.391, 32.6224], [76.4007, 32.616], [76.433, 32.6223], [76.4432, 32.6376], [76.446, 32.6744], [76.4264, 32.6882], [76.4309, 32.6989], [76.4255, 32.7124], [76.4036, 32.7276], [76.3849, 32.7747], [76.3853, 32.7924], [76.3697, 32.8083], [76.3694, 32.8311], [76.3581, 32.8366], [76.356, 32.8481], [76.3659, 32.8557], [76.3495, 32.869], [76.3641, 32.8806], [76.3744, 32.9135], [76.3467, 32.9259], [76.3305, 32.9413], [76.3281, 32.9477], [76.3443, 32.9578], [76.3351, 32.9772], [76.2657, 32.9936], [76.2481, 32.9923], [76.2282, 33.0178], [76.2291, 33.0283], [76.1694, 33.0229], [76.1454, 33.0101], [76.1108, 33.0049], [76.0992, 32.9688], [76.0674, 32.9443], [76.045, 32.9375], [76.0341, 32.9177], [76.0042, 32.9007], [75.9506, 32.8845], [75.931, 32.906], [75.9299, 32.9014]]]}}, {"type": "Feature", "properties": {"SUBDISTRICT": "Jawali", "STATE": "Himachal Pradesh", "shapeID": "7132399B56977195769507", "source": "geoBoundaries gbOpen IND ADM3 (ODbL 1.0); source: Local Government Directory lgdirectory.gov.in via Pathways Data", "DISTRICT": "Kangra"}, "geometry": {"type": "Polygon", "coordinates": [[[75.9208, 32.2066], [75.942, 32.1672], [75.9531, 32.171], [75.9749, 32.163], [75.9774, 32.128], [76.0013, 32.0827], [76.0021, 32.0682], [76.011, 32.0603], [76.0285, 32.1048], [76.0346, 32.0881], [76.0447, 32.0849], [76.0684, 32.0952], [76.0764, 32.1229], [76.0889, 32.1264], [76.0858, 32.1326], [76.092, 32.1378], [76.0872, 32.1445], [76.0585, 32.1583], [76.037, 32.1966], [76.0251, 32.1988], [76.0384, 32.2198], [76.0265, 32.2335], [76.0331, 32.2385], [76.0239, 32.2487], [76.0192, 32.2246], [76.006, 32.2345], [76.0159, 32.2451], [76.0127, 32.2481], [76.0, 32.2347], [76.0003, 32.2464], [75.9907, 32.2455], [75.9956, 32.2294], [75.9859, 32.224], [75.9654, 32.2437], [75.9437, 32.2524], [75.9409, 32.2414], [75.9493, 32.231], [75.9433, 32.215], [75.9383, 32.2091], [75.9215, 32.2085], [75.9208, 32.2066]]]}}, {"type": "Feature", "properties": {"SUBDISTRICT": "Indora", "STATE": "Himachal Pradesh", "shapeID": "7132399B32284785830701", "source": "geoBoundaries gbOpen IND ADM3 (ODbL 1.0); source: Local Government Directory lgdirectory.gov.in via Pathways Data", "DISTRICT": "Kangra"}, "geometry": {"type": "Polygon", "coordinates": [[[75.5936, 32.0814], [75.6134, 32.0657], [75.6643, 32.0768], [75.7048, 32.061], [75.7254, 32.0354], [75.7542, 32.0343], [75.7931, 32.0632], [75.8134, 32.0429], [75.8291, 32.057], [75.8435, 32.0409], [75.8494, 32.0415], [75.8548, 32.0611], [75.8455, 32.064], [75.8386, 32.0885], [75.8297, 32.0894], [75.8225, 32.1011], [75.8054, 32.1062], [75.8021, 32.1128], [75.7717, 32.1119], [75.7858, 32.1283], [75.8297, 32.1485], [75.8305, 32.1344], [75.8389, 32.1458], [75.8535, 32.1443], [75.848, 32.126], [75.8671, 32.1042], [75.8794, 32.1036], [75.8968, 32.1285], [75.8908, 32.1321], [75.8838, 32.1604], [75.8682, 32.1546], [75.8518, 32.1587], [75.8472, 32.1503], [75.8382, 32.1569], [75.8621, 32.1639], [75.8661, 32.1714], [75.854, 32.1688], [75.854, 32.1785], [75.8434, 32.1789], [75.8326, 32.1672], [75.8184, 32.1713], [75.8147, 32.1837], [75.7941, 32.1723], [75.7959, 32.1657], [75.8086, 32.1674], [75.8082, 32.1558], [75.7977, 32.1486], [75.7705, 32.1716], [75.7346, 32.1705], [75.7421, 32.1867], [75.7182, 32.209], [75.7372, 32.2238], [75.7339, 32.2394], [75.7218, 32.2344], [75.7098, 32.2378], [75.6996, 32.2295], [75.6998, 32.2394], [75.683, 32.2331], [75.6775, 32.2385], [75.6659, 32.2368], [75.6585, 32.2489], [75.6423, 32.2531], [75.6179, 32.2381], [75.6372, 32.2311], [75.6352, 32.2187], [75.6273, 32.2155], [75.6257, 32.1944], [75.6353, 32.185], [75.6713, 32.1763], [75.6769, 32.1644], [75.6706, 32.1457], [75.6119, 32.0917], [75.5936, 32.0814]]]}}, {"type": "Feature", "properties": {"SUBDISTRICT": "Dera Gopipur", "STATE": "Himachal Pradesh", "shapeID": "7132399B72244239466843", "source": "geoBoundaries gbOpen IND ADM3 (ODbL 1.0); source: Local Government Directory lgdirectory.gov.in via Pathways Data", "DISTRICT": "Kangra"}, "geometry": {"type": "Polygon", "coordinates": [[[76.0977, 31.8208], [76.1149, 31.8055], [76.151, 31.7975], [76.1496, 31.8065], [76.1637, 31.8072], [76.1538, 31.8258], [76.1688, 31.8218], [76.1631, 31.8295], [76.1739, 31.8384], [76.2045, 31.8325], [76.1979, 31.8228], [76.2022, 31.8198], [76.2231, 31.8392], [76.2514, 31.8474], [76.2453, 31.8537], [76.2516, 31.8708], [76.2718, 31.8594], [76.2799, 31.8674], [76.2918, 31.8623], [76.3164, 31.8886], [76.3306, 31.8872], [76.3342, 31.88], [76.3258, 31.9003], [76.2897, 31.9363], [76.2652, 31.9415], [76.2333, 31.9935], [76.2119, 31.9826], [76.2122, 31.9764], [76.2223, 31.9741], [76.2158, 31.9433], [76.2059, 31.9386], [76.2138, 31.9308], [76.2092, 31.9275], [76.2146, 31.9181], [76.1784, 31.8976], [76.1647, 31.9108], [76.1388, 31.8794], [76.1417, 31.8571], [76.1624, 31.8718], [76.1498, 31.8476], [76.1254, 31.8454], [76.1213, 31.8488], [76.1297, 31.8651], [76.1054, 31.8663], [76.1031, 31.8587], [76.1202, 31.8473], [76.1194, 31.8362], [76.0998, 31.8219], [76.0977, 31.8208]], [[76.3008, 31.8947], [76.3102, 31.9018], [76.3164, 31.8886], [76.3043, 31.8885], [76.3014, 31.8943], [76.3008, 31.8947]], [[76.2907, 31.878], [76.2966, 31.8879], [76.3058, 31.8806], [76.2924, 31.877], [76.2962, 31.8687], [76.2908, 31.8759], [76.2907, 31.878]]]}}, {"type": "Feature", "properties": {"SUBDISTRICT": "Thural", "STATE": "Himachal Pradesh", "shapeID": "7132399B4205342845666", "source": "geoBoundaries gbOpen IND ADM3 (ODbL 1.0); source: Local Government Directory lgdirectory.gov.in via Pathways Data", "DISTRICT": "Kangra"}, "geometry": {"type": "Polygon", "coordinates": [[[76.4111, 31.937], [76.4149, 31.9234], [76.4506, 31.8862], [76.4544, 31.8743], [76.4798, 31.8873], [76.4821, 31.8789], [76.4993, 31.8705], [76.4977, 31.8995], [76.4892, 31.8969], [76.4841, 31.9052], [76.5006, 31.9338], [76.4775, 31.938], [76.4893, 31.9437], [76.4872, 31.9718], [76.4743, 31.9702], [76.4751, 31.9658], [76.4668, 31.9722], [76.45, 31.9664], [76.448, 31.9615], [76.4539, 31.9607], [76.4428, 31.9545], [76.439, 31.9425], [76.4295, 31.9363], [76.4122, 31.9376], [76.4111, 31.937]]]}}, {"type": "Feature", "properties": {"SUBDISTRICT": "Palampur", "STATE": "Himachal Pradesh", "shapeID": "7132399B4155398535797", "source": "geoBoundaries gbOpen IND ADM3 (ODbL 1.0); source: Local Government Directory lgdirectory.gov.in via Pathways Data", "DISTRICT": "Kangra"}, "geometry": {"type": "Polygon", "coordinates": [[[76.4189, 32.1378], [76.4371, 32.1356], [76.4449, 32.1136], [76.4249, 32.1029], [76.4218, 32.0743], [76.4271, 32.0586], [76.4455, 32.0453], [76.4546, 32.049], [76.4647, 32.0419], [76.4689, 32.026], [76.4712, 32.0393], [76.4966, 32.037], [76.505, 32.0449], [76.5115, 32.0424], [76.507, 32.0339], [76.5137, 32.0327], [76.5081, 32.0275], [76.5193, 32.0285], [76.5158, 32.0363], [76.5231, 32.0525], [76.5146, 32.0621], [76.5193, 32.0688], [76.5149, 32.0734], [76.5275, 32.0772], [76.5407, 32.0693], [76.5427, 32.0739], [76.5495, 32.069], [76.5478, 32.0601], [76.5567, 32.0743], [76.5684, 32.0658], [76.5948, 32.0706], [76.5865, 32.0927], [76.6097, 32.1023], [76.5949, 32.1112], [76.6132, 32.1407], [76.6135, 32.1591], [76.6391, 32.1799], [76.6517, 32.1731], [76.6722, 32.1792], [76.625, 32.1925], [76.5901, 32.2211], [76.5245, 32.2377], [76.5044, 32.2333], [76.4821, 32.2519], [76.4682, 32.2481], [76.4724, 32.2038], [76.4492, 32.1763], [76.4479, 32.1543], [76.4206, 32.1405], [76.4189, 32.1378]], [[76.4678, 32.0657], [76.4766, 32.0684], [76.4734, 32.0623], [76.4683, 32.0653], [76.4678, 32.0657]]]}}, {"type": "Feature", "properties": {"SUBDISTRICT": "Sundarnagar", "STATE": "Himachal Pradesh", "shapeID": "7132399B1383787886433", "source": "geoBoundaries gbOpen IND ADM3 (ODbL 1.0); source: Local Government Directory lgdirectory.gov.in via Pathways Data", "DISTRICT": "Mandi"}, "geometry": {"type": "Polygon", "coordinates": [[[76.8401, 31.4989], [76.8475, 31.4858], [76.8411, 31.4819], [76.8427, 31.4716], [76.8529, 31.4697], [76.8577, 31.4597], [76.886, 31.4698], [76.9096, 31.4444], [76.92, 31.4482], [76.9493, 31.4327], [76.9625, 31.434], [76.9578, 31.4477], [76.9723, 31.4609], [76.9781, 31.4559], [76.9967, 31.4657], [77.0056, 31.4604], [77.0248, 31.4673], [77.0308, 31.4615], [77.0421, 31.4725], [76.9863, 31.4808], [76.9778, 31.4857], [76.9779, 31.5055], [76.945, 31.5121], [76.9469, 31.524], [76.9323, 31.5457], [76.9377, 31.5565], [76.9274, 31.5772], [76.9311, 31.5847], [76.9016, 31.5834], [76.8942, 31.5687], [76.8812, 31.569], [76.8676, 31.5544], [76.8678, 31.5384], [76.8556, 31.5294], [76.8468, 31.5035], [76.8408, 31.501], [76.8401, 31.4989]]]}}, {"type": "Feature", "properties": {"SUBDISTRICT": "Mandi", "STATE": "Himachal Pradesh", "shapeID": "7132399B23368555517701", "source": "geoBoundaries gbOpen IND ADM3 (ODbL 1.0); source: Local Government Directory lgdirectory.gov.in via Pathways Data", "DISTRICT": "Mandi"}, "geometry": {"type": "Polygon", "coordinates": [[[76.8601, 31.6996], [76.8718, 31.6881], [76.8644, 31.663], [76.8699, 31.6465], [76.8759, 31.6566], [76.8917, 31.6394], [76.9057, 31.65], [76.9138, 31.6439], [76.9356, 31.6469], [76.9403, 31.6426], [76.9461, 31.6647], [76.9805, 31.6536], [76.977, 31.6435], [76.9716, 31.6434], [76.9859, 31.6328], [77.0059, 31.633], [77.0061, 31.6225], [77.044, 31.6321], [77.0568, 31.6459], [77.0579, 31.6519], [77.0478, 31.6545], [77.0512, 31.6619], [77.1048, 31.6839], [77.1034, 31.6939], [77.0898, 31.7019], [77.0879, 31.7148], [77.0761, 31.7221], [77.0777, 31.7468], [77.0594, 31.7451], [77.059, 31.7601], [77.0383, 31.7609], [77.0554, 31.748], [77.049, 31.7374], [77.0333, 31.7394], [77.0274, 31.7471], [76.9899, 31.7409], [76.9755, 31.75], [76.9825, 31.7592], [76.975, 31.7646], [76.9808, 31.7801], [76.9786, 31.7888], [76.974, 31.7864], [76.9685, 31.7935], [76.9769, 31.8022], [76.9644, 31.8187], [76.9536, 31.7935], [76.929, 31.7918], [76.9125, 31.7819], [76.9249, 31.7665], [76.9068, 31.7664], [76.903, 31.7608], [76.9113, 31.7502], [76.9031, 31.7334], [76.9127, 31.7225], [76.8989, 31.7157], [76.9039, 31.7048], [76.8612, 31.6997], [76.8601, 31.6996]]]}}, {"type": "Feature", "properties": {"SUBDISTRICT": "Thunag", "STATE": "Himachal Pradesh", "shapeID": "7132399B36899944793477", "source": "geoBoundaries gbOpen IND ADM3 (ODbL 1.0); source: Local Government Directory lgdirectory.gov.in via Pathways Data", "DISTRICT": "Mandi"}, "geometry": {"type": "Polygon", "coordinates": [[[77.0981, 31.5491], [77.1071, 31.5311], [77.132, 31.5145], [77.1437, 31.4878], [77.1669, 31.4808], [77.179, 31.4251], [77.1977, 31.4252], [77.2058, 31.4418], [77.2227, 31.4385], [77.2224, 31.4465], [77.2285, 31.4448], [77.2354, 31.453], [77.2267, 31.4677], [77.23, 31.4819], [77.238, 31.4819], [77.2436, 31.497], [77.2527, 31.4934], [77.2542, 31.5029], [77.2663, 31.5042], [77.2739, 31.5144], [77.266, 31.521], [77.2688, 31.5371], [77.2545, 31.5721], [77.2563, 31.5911], [77.2373, 31.6161], [77.2161, 31.6254], [77.2135, 31.6334], [77.1998, 31.633], [77.1905, 31.6412], [77.1943, 31.6463], [77.1776, 31.6564], [77.1398, 31.6511], [77.1393, 31.6341], [77.1468, 31.6199], [77.1332, 31.6148], [77.137, 31.6089], [77.1445, 31.6153], [77.1514, 31.6127], [77.1381, 31.6048], [77.1461, 31.6048], [77.1419, 31.5988], [77.1492, 31.5917], [77.1443, 31.5766], [77.1344, 31.5648], [77.0982, 31.5516], [77.0981, 31.5491]]]}}, {"type": "Feature", "properties": {"SUBDISTRICT": "Chachyot", "STATE": "Himachal Pradesh", "shapeID": "7132399B34117191098476", "source": "geoBoundaries gbOpen IND ADM3 (ODbL 1.0); source: Local Government Directory lgdirectory.gov.in via Pathways Data", "DISTRICT": "Mandi"}, "geometry": {"type": "Polygon", "coordinates": [[[76.977, 31.4964], [76.9778, 31.4857], [76.9868, 31.4806], [77.0182, 31.473], [77.0458, 31.4757], [77.0753, 31.4621], [77.1019, 31.4648], [77.1188, 31.4574], [77.1407, 31.4708], [77.1461, 31.4855], [77.132, 31.5145], [77.1071, 31.5311], [77.0982, 31.5516], [77.135, 31.5653], [77.1493, 31.5912], [77.1419, 31.5988], [77.1461, 31.6048], [77.1381, 31.6048], [77.1514, 31.6127], [77.1357, 31.6095], [77.1333, 31.6157], [77.1466, 31.6195], [77.1429, 31.6257], [77.1299, 31.6229], [77.1159, 31.6452], [77.0848, 31.6585], [77.0846, 31.6762], [77.0512, 31.6619], [77.0478, 31.6545], [77.0579, 31.6519], [77.0568, 31.6459], [77.044, 31.6321], [77.0163, 31.6285], [76.9981, 31.6169], [76.9967, 31.5599], [77.006, 31.545], [77.0067, 31.5244], [77.0172, 31.5106], [77.0055, 31.5013], [76.9794, 31.5081], [76.977, 31.4967], [76.977, 31.4964]]]}}, {"type": "Feature", "properties": {"SUBDISTRICT": "Nihri", "STATE": "Himachal Pradesh", "shapeID": "7132399B74791374496208", "source": "geoBoundaries gbOpen IND ADM3 (ODbL 1.0); source: Local Government Directory lgdirectory.gov.in via Pathways Data", "DISTRICT": "Mandi"}, "geometry": {"type": "Polygon", "coordinates": [[[76.9232, 31.3653], [76.9427, 31.348], [76.9435, 31.3344], [77.0319, 31.2752], [77.0679, 31.2597], [77.062, 31.2747], [77.0712, 31.2776], [77.0687, 31.2886], [77.0493, 31.2995], [77.047, 31.3379], [77.0519, 31.3395], [77.0468, 31.3436], [77.0577, 31.35], [77.0626, 31.3462], [77.0895, 31.3524], [77.0835, 31.3541], [77.0832, 31.3759], [77.0935, 31.3808], [77.0922, 31.3929], [77.1006, 31.402], [77.1105, 31.4041], [77.1026, 31.4112], [77.1047, 31.4228], [77.0972, 31.423], [77.0941, 31.4316], [77.1071, 31.4438], [77.0928, 31.4639], [77.0753, 31.4621], [77.0458, 31.4757], [77.0308, 31.4615], [77.0248, 31.4673], [77.0056, 31.4604], [76.9967, 31.4657], [76.9781, 31.4559], [76.9712, 31.4604], [76.9578, 31.4477], [76.9625, 31.434], [76.9502, 31.4327], [76.959, 31.4227], [76.9549, 31.4051], [76.9333, 31.386], [76.9236, 31.3656], [76.9232, 31.3653]]]}}, {"type": "Feature", "properties": {"SUBDISTRICT": "Karsog", "STATE": "Himachal Pradesh", "shapeID": "7132399B86823403308496", "source": "geoBoundaries gbOpen IND ADM3 (ODbL 1.0); source: Local Government Directory lgdirectory.gov.in via Pathways Data", "DISTRICT": "Mandi"}, "geometry": {"type": "Polygon", "coordinates": [[[77.0468, 31.3425], [77.0519, 31.3395], [77.047, 31.3379], [77.0493, 31.2995], [77.0687, 31.2886], [77.0712, 31.2776], [77.062, 31.2747], [77.0679, 31.2597], [77.0953, 31.2445], [77.1217, 31.247], [77.1273, 31.2313], [77.1393, 31.2284], [77.1618, 31.2308], [77.1902, 31.2552], [77.1966, 31.2443], [77.2046, 31.2446], [77.2196, 31.26], [77.2484, 31.2542], [77.2706, 31.2756], [77.2827, 31.2658], [77.3056, 31.2713], [77.3367, 31.2982], [77.3413, 31.3226], [77.3579, 31.3519], [77.3854, 31.3583], [77.3908, 31.3713], [77.3808, 31.4179], [77.3323, 31.4551], [77.3148, 31.4521], [77.3014, 31.4377], [77.2785, 31.431], [77.259, 31.4315], [77.2577, 31.439], [77.2444, 31.4459], [77.2237, 31.4471], [77.2227, 31.4385], [77.2058, 31.4418], [77.1977, 31.4252], [77.1804, 31.4258], [77.1658, 31.4158], [77.1693, 31.4065], [77.157, 31.4026], [77.162, 31.393], [77.1567, 31.3892], [77.1654, 31.3731], [77.1445, 31.3695], [77.1379, 31.3485], [77.1248, 31.3537], [77.1363, 31.339], [77.126, 31.3244], [77.0914, 31.3225], [77.0783, 31.3413], [77.0959, 31.347], [77.0927, 31.3532], [77.0626, 31.3462], [77.0577, 31.35], [77.0468, 31.3436], [77.0468, 31.3425]]]}}, {"type": "Feature", "properties": {"SUBDISTRICT": "Solan", "STATE": "Himachal Pradesh", "shapeID": "7132399B81250211442468", "source": "geoBoundaries gbOpen IND ADM3 (ODbL 1.0); source: Local Government Directory lgdirectory.gov.in via Pathways Data", "DISTRICT": "Solan"}, "geometry": {"type": "Polygon", "coordinates": [[[76.9446, 31.0377], [76.9581, 31.0151], [76.9652, 31.0143], [76.9649, 31.0036], [76.9894, 30.9625], [76.9833, 30.9575], [76.9949, 30.9616], [77.0372, 30.9149], [77.0349, 30.9065], [77.0431, 30.8979], [77.0347, 30.8918], [77.0646, 30.8627], [77.0697, 30.8432], [77.0445, 30.8445], [77.0345, 30.839], [77.0136, 30.8432], [77.0439, 30.8088], [77.0441, 30.7807], [77.05, 30.7714], [77.0813, 30.7903], [77.0882, 30.8286], [77.1049, 30.8345], [77.1192, 30.8535], [77.1555, 30.8566], [77.1664, 30.8449], [77.1772, 30.846], [77.18, 30.8621], [77.2146, 30.8763], [77.1851, 30.904], [77.1525, 30.9215], [77.135, 30.9486], [77.1224, 30.9503], [77.1185, 30.9386], [77.1113, 30.9373], [77.0884, 30.9479], [77.0696, 30.9729], [77.0398, 30.9718], [77.0273, 30.9861], [77.0301, 30.9985], [77.0193, 30.9963], [77.0214, 31.0058], [77.0124, 31.0069], [77.0072, 31.0261], [77.019, 31.0456], [76.999, 31.0531], [77.0076, 31.0622], [76.9973, 31.0787], [76.9738, 31.0642], [76.974, 31.0561], [76.947, 31.0542], [76.9447, 31.0386], [76.9446, 31.0377]]]}}, {"type": "Feature", "properties": {"SUBDISTRICT": "Theog", "STATE": "Himachal Pradesh", "shapeID": "7132399B51404583208500", "source": "geoBoundaries gbOpen IND ADM3 (ODbL 1.0); source: Local Government Directory lgdirectory.gov.in via Pathways Data", "DISTRICT": "Shimla"}, "geometry": {"type": "Polygon", "coordinates": [[[77.2669, 31.11], [77.2772, 31.0917], [77.2884, 31.0963], [77.3038, 31.0886], [77.295, 31.0727], [77.2957, 31.0521], [77.3069, 31.0375], [77.3145, 31.0027], [77.3294, 30.9937], [77.3239, 30.9797], [77.3375, 31.0009], [77.3633, 31.0098], [77.3737, 31.0222], [77.4178, 30.9954], [77.4215, 31.0313], [77.4392, 31.0481], [77.4338, 31.0525], [77.4187, 31.0423], [77.4119, 31.0446], [77.4128, 31.0579], [77.4031, 31.0623], [77.3985, 31.0779], [77.4328, 31.0625], [77.4444, 31.067], [77.4531, 31.0938], [77.4734, 31.0891], [77.4721, 31.0999], [77.448, 31.1104], [77.4637, 31.1288], [77.4613, 31.1389], [77.4701, 31.1414], [77.4807, 31.1722], [77.4827, 31.2022], [77.4536, 31.2154], [77.4475, 31.2382], [77.4303, 31.2313], [77.4121, 31.2338], [77.392, 31.2537], [77.3791, 31.2495], [77.3658, 31.2649], [77.3388, 31.2434], [77.3255, 31.2164], [77.2833, 31.2011], [77.2949, 31.1881], [77.2859, 31.1744], [77.2875, 31.157], [77.2785, 31.156], [77.295, 31.1285], [77.2676, 31.1115], [77.2669, 31.11]]]}}, {"type": "Feature", "properties": {"SUBDISTRICT": "Manali", "STATE": "Himachal Pradesh", "shapeID": "7132399B6948810434196", "source": "geoBoundaries gbOpen IND ADM3 (ODbL 1.0); source: Local Government Directory lgdirectory.gov.in via Pathways Data", "DISTRICT": "Kullu"}, "geometry": {"type": "Polygon", "coordinates": [[[77.0216, 32.1525], [77.0485, 32.1227], [77.1202, 32.1127], [77.1393, 32.1152], [77.1658, 32.1342], [77.1664, 32.1509], [77.2167, 32.1528], [77.2768, 32.1777], [77.3074, 32.21], [77.3242, 32.2452], [77.3456, 32.2551], [77.3506, 32.2672], [77.336, 32.3085], [77.3309, 32.3072], [77.3224, 32.3254], [77.2836, 32.3445], [77.2769, 32.3584], [77.2462, 32.3764], [77.2292, 32.3744], [77.2038, 32.3895], [77.1963, 32.4014], [77.1508, 32.416], [77.1098, 32.3993], [77.0747, 32.397], [77.0524, 32.3665], [77.0409, 32.3399], [77.045, 32.3228], [77.0307, 32.3067], [77.0367, 32.2903], [77.0302, 32.2719], [77.0317, 32.2474], [77.0524, 32.226], [77.0377, 32.207], [77.0229, 32.1623], [77.0216, 32.1525]]]}}, {"type": "Feature", "properties": {"SUBDISTRICT": "Bhoranj", "STATE": "Himachal Pradesh", "shapeID": "7132399B600729193020", "source": "geoBoundaries gbOpen IND ADM3 (ODbL 1.0); source: Local Government Directory lgdirectory.gov.in via Pathways Data", "DISTRICT": "Hamirpur"}, "geometry": {"type": "Polygon", "coordinates": [[[76.5772, 31.6537], [76.603, 31.6379], [76.5995, 31.6239], [76.5917, 31.6211], [76.5983, 31.6151], [76.5917, 31.5903], [76.6157, 31.5958], [76.6228, 31.5771], [76.6321, 31.5755], [76.6447, 31.5873], [76.6668, 31.5829], [76.7054, 31.599], [76.7298, 31.5854], [76.7156, 31.6307], [76.7277, 31.6649], [76.6937, 31.6822], [76.6886, 31.7088], [76.676, 31.7148], [76.6739, 31.7321], [76.6665, 31.7388], [76.6466, 31.7433], [76.6223, 31.713], [76.6133, 31.6714], [76.6022, 31.6684], [76.603, 31.659], [76.5909, 31.6512], [76.5773, 31.6543], [76.5772, 31.6537]]]}}, {"type": "Feature", "properties": {"SUBDISTRICT": "Bharwain", "STATE": "Himachal Pradesh", "shapeID": "7132399B5733422283897", "source": "geoBoundaries gbOpen IND ADM3 (ODbL 1.0); source: Local Government Directory lgdirectory.gov.in via Pathways Data", "DISTRICT": "Una"}, "geometry": {"type": "Polygon", "coordinates": [[[75.996, 31.8505], [76.0036, 31.826], [76.0386, 31.795], [76.0832, 31.7784], [76.0933, 31.7553], [76.1131, 31.7422], [76.124, 31.7421], [76.1434, 31.7498], [76.1535, 31.7788], [76.1448, 31.7809], [76.1325, 31.8001], [76.0904, 31.8236], [76.0827, 31.8444], [76.0728, 31.8391], [76.0381, 31.8639], [76.0086, 31.8631], [76.0, 31.851], [75.996, 31.8505]]]}}, {"type": "Feature", "properties": {"SUBDISTRICT": "Nadaun", "STATE": "Himachal Pradesh", "shapeID": "7132399B44497190240671", "source": "geoBoundaries gbOpen IND ADM3 (ODbL 1.0); source: Local Government Directory lgdirectory.gov.in via Pathways Data", "DISTRICT": "Hamirpur"}, "geometry": {"type": "Polygon", "coordinates": [[[76.3011, 31.7826], [76.3128, 31.7686], [76.308, 31.7578], [76.3196, 31.7313], [76.3149, 31.7186], [76.3661, 31.6423], [76.369, 31.6613], [76.3778, 31.6654], [76.3671, 31.6816], [76.3724, 31.6878], [76.3973, 31.6902], [76.3899, 31.7159], [76.4111, 31.7219], [76.389, 31.7436], [76.4556, 31.738], [76.4525, 31.7462], [76.4622, 31.7544], [76.4386, 31.7725], [76.4426, 31.796], [76.4374, 31.7997], [76.4145, 31.796], [76.4127, 31.7847], [76.3992, 31.7976], [76.3823, 31.7809], [76.3701, 31.7776], [76.3526, 31.7934], [76.3144, 31.7781], [76.3013, 31.7879], [76.3011, 31.7826]]]}}, {"type": "Feature", "properties": {"SUBDISTRICT": "Nahan", "STATE": "Himachal Pradesh", "shapeID": "7132399B13027670849882", "source": "geoBoundaries gbOpen IND ADM3 (ODbL 1.0); source: Local Government Directory lgdirectory.gov.in via Pathways Data", "DISTRICT": "Sirmaur"}, "geometry": {"type": "Polygon", "coordinates": [[[77.1246, 30.563], [77.1442, 30.5371], [77.1985, 30.5214], [77.2128, 30.5021], [77.2156, 30.4758], [77.2398, 30.4841], [77.2649, 30.4799], [77.2766, 30.4621], [77.3238, 30.449], [77.3355, 30.4575], [77.3525, 30.459], [77.3592, 30.4573], [77.3699, 30.4374], [77.3827, 30.4412], [77.3778, 30.4598], [77.4013, 30.4795], [77.3984, 30.5135], [77.4052, 30.5171], [77.3929, 30.5267], [77.4023, 30.5533], [77.4143, 30.5636], [77.4081, 30.5618], [77.4013, 30.5799], [77.374, 30.5916], [77.3765, 30.6171], [77.355, 30.6256], [77.3576, 30.6316], [77.3508, 30.6368], [77.3301, 30.6365], [77.289, 30.656], [77.2676, 30.6554], [77.269, 30.6487], [77.2639, 30.6568], [77.2366, 30.654], [77.2046, 30.6744], [77.1958, 30.6957], [77.1669, 30.6878], [77.166, 30.6499], [77.1757, 30.6343], [77.1707, 30.5952], [77.126, 30.5639], [77.1246, 30.563]]]}}, {"type": "Feature", "properties": {"SUBDISTRICT": "Chamba", "STATE": "Himachal Pradesh", "shapeID": "7132399B26814075434711", "source": "geoBoundaries gbOpen IND ADM3 (ODbL 1.0); source: Local Government Directory lgdirectory.gov.in via Pathways Data", "DISTRICT": "Chamba"}, "geometry": {"type": "Polygon", "coordinates": [[[76.0057, 32.6037], [76.0123, 32.5923], [76.0302, 32.5822], [76.026, 32.5693], [76.0335, 32.553], [76.026, 32.5239], [76.0464, 32.5262], [76.0679, 32.4916], [76.1175, 32.4867], [76.1233, 32.4581], [76.1388, 32.4523], [76.1545, 32.4243], [76.1947, 32.4144], [76.2238, 32.3955], [76.2595, 32.393], [76.2666, 32.3737], [76.284, 32.3679], [76.2949, 32.3401], [76.3598, 32.3222], [76.3818, 32.328], [76.3913, 32.3195], [76.3988, 32.3287], [76.3833, 32.342], [76.4006, 32.3796], [76.3998, 32.4049], [76.39, 32.4073], [76.3977, 32.4139], [76.3418, 32.4182], [76.3369, 32.4247], [76.3423, 32.4277], [76.3397, 32.4421], [76.3307, 32.4575], [76.3168, 32.4562], [76.3055, 32.4251], [76.2857, 32.4229], [76.2796, 32.4346], [76.2898, 32.4427], [76.2881, 32.45], [76.2726, 32.4591], [76.2695, 32.4471], [76.256, 32.4421], [76.2191, 32.4543], [76.1866, 32.4436], [76.1873, 32.4848], [76.17, 32.4889], [76.1627, 32.4824], [76.1614, 32.4904], [76.1707, 32.497], [76.1669, 32.5061], [76.1762, 32.5094], [76.207, 32.4765], [76.2603, 32.4728], [76.248, 32.4862], [76.2428, 32.4831], [76.2412, 32.5006], [76.2289, 32.5124], [76.2434, 32.515], [76.2404, 32.5297], [76.2745, 32.5267], [76.3005, 32.5358], [76.3031, 32.5079], [76.3068, 32.5237], [76.3186, 32.5286], [76.3455, 32.5568], [76.3478, 32.5336], [76.3378, 32.529], [76.3809, 32.5218], [76.3905, 32.5451], [76.3844, 32.5484], [76.3937, 32.5515], [76.3951, 32.5632], [76.4142, 32.5535], [76.4079, 32.54], [76.4174, 32.5193], [76.4045, 32.5195], [76.4209, 32.5064], [76.4499, 32.53], [76.4501, 32.5545], [76.4601, 32.5704], [76.457, 32.6046], [76.4734, 32.6202], [76.4617, 32.6478], [76.4655, 32.6531], [76.4427, 32.6596], [76.4432, 32.6376], [76.4363, 32.624], [76.4007, 32.616], [76.391, 32.6224], [76.3831, 32.6417], [76.3695, 32.633], [76.3504, 32.6335], [76.3225, 32.644], [76.2841, 32.681], [76.2135, 32.694], [76.2007, 32.6923], [76.1867, 32.6804], [76.1954, 32.6701], [76.1924, 32.6611], [76.1635, 32.6501], [76.1549, 32.6334], [76.1465, 32.633], [76.1449, 32.6213], [76.1418, 32.6272], [76.1333, 32.6237], [76.1141, 32.6291], [76.1046, 32.6404], [76.1248, 32.6392], [76.1359, 32.6475], [76.1353, 32.6536], [76.1257, 32.6468], [76.0961, 32.645], [76.0916, 32.625], [76.0728, 32.6193], [76.0695, 32.6125], [76.0287, 32.6151], [76.0057, 32.6047], [76.0057, 32.6037]]]}}, {"type": "Feature", "properties": {"SUBDISTRICT": "Bharari", "STATE": "Himachal Pradesh", "shapeID": "7132399B7050882345608", "source": "geoBoundaries gbOpen IND ADM3 (ODbL 1.0); source: Local Government Directory lgdirectory.gov.in via Pathways Data", "DISTRICT": "Bilaspur"}, "geometry": {"type": "Polygon", "coordinates": [[[76.6143, 31.547], [76.6207, 31.5279], [76.6168, 31.5094], [76.6232, 31.5072], [76.6186, 31.4961], [76.6515, 31.4762], [76.6512, 31.4835], [76.6671, 31.4852], [76.6745, 31.4792], [76.677, 31.4877], [76.6885, 31.4787], [76.6922, 31.4822], [76.6889, 31.4878], [76.6962, 31.4954], [76.6917, 31.518], [76.6992, 31.5274], [76.6974, 31.5358], [76.7293, 31.5669], [76.729, 31.5872], [76.7054, 31.599], [76.6668, 31.5829], [76.6447, 31.5873], [76.6221, 31.5735], [76.6194, 31.5573], [76.6143, 31.547]]]}}, {"type": "Feature", "properties": {"SUBDISTRICT": "Darlaghat", "STATE": "Himachal Pradesh", "shapeID": "7132399B79707604315391", "source": "geoBoundaries gbOpen IND ADM3 (ODbL 1.0); source: Local Government Directory lgdirectory.gov.in via Pathways Data", "DISTRICT": "Solan"}, "geometry": {"type": "Polygon", "coordinates": [[[76.867, 31.2463], [76.8835, 31.2239], [76.898, 31.2263], [76.8984, 31.2095], [76.9099, 31.215], [76.91, 31.2224], [76.9423, 31.2152], [76.9506, 31.2201], [76.9613, 31.2115], [76.967, 31.1948], [76.984, 31.2077], [76.9893, 31.1919], [77.0041, 31.1879], [77.0052, 31.2031], [77.02, 31.2185], [77.0128, 31.234], [77.0048, 31.2371], [77.0151, 31.2716], [77.0031, 31.2978], [76.9435, 31.3344], [76.9427, 31.348], [76.9209, 31.367], [76.8758, 31.3544], [76.8819, 31.3403], [76.8761, 31.3313], [76.895, 31.3192], [76.9194, 31.3137], [76.928, 31.3022], [76.9163, 31.2841], [76.8987, 31.2781], [76.8966, 31.2648], [76.8764, 31.2621], [76.8679, 31.2482], [76.867, 31.2463]]]}}, {"type": "Feature", "properties": {"SUBDISTRICT": "Ani", "STATE": "Himachal Pradesh", "shapeID": "7132399B17981344984394", "source": "geoBoundaries gbOpen IND ADM3 (ODbL 1.0); source: Local Government Directory lgdirectory.gov.in via Pathways Data", "DISTRICT": "Kullu"}, "geometry": {"type": "Polygon", "coordinates": [[[77.3167, 31.5244], [77.3314, 31.4579], [77.3842, 31.4118], [77.3829, 31.3939], [77.3909, 31.3834], [77.3867, 31.3613], [77.402, 31.3621], [77.4299, 31.3415], [77.4787, 31.3526], [77.4595, 31.3756], [77.4972, 31.4021], [77.4874, 31.4176], [77.4896, 31.4672], [77.507, 31.4948], [77.5259, 31.5002], [77.5145, 31.5067], [77.5106, 31.5177], [77.4949, 31.5215], [77.5005, 31.532], [77.4964, 31.5514], [77.4621, 31.5639], [77.4401, 31.5605], [77.4305, 31.5369], [77.4, 31.5417], [77.3534, 31.5352], [77.3505, 31.5282], [77.3193, 31.5289], [77.3167, 31.5244]]]}}, {"type": "Feature", "properties": {"SUBDISTRICT": "Pangi", "STATE": "Himachal Pradesh", "shapeID": "7132399B72565204953479", "source": "geoBoundaries gbOpen IND ADM3 (ODbL 1.0); source: Local Government Directory lgdirectory.gov.in via Pathways Data", "DISTRICT": "Chamba"}, "geometry": {"type": "Polygon", "coordinates": [[[76.2282, 33.0178], [76.2481, 32.9923], [76.2657, 32.9936], [76.3351, 32.9772], [76.3443, 32.9578], [76.3281, 32.9477], [76.3305, 32.9413], [76.3467, 32.9259], [76.3744, 32.9135], [76.3641, 32.8806], [76.349, 32.8662], [76.3649, 32.8591], [76.356, 32.8481], [76.3581, 32.8366], [76.3694, 32.8311], [76.3714, 32.8068], [76.3772, 32.8198], [76.3932, 32.8232], [76.4104, 32.8415], [76.4439, 32.8538], [76.4556, 32.8521], [76.4734, 32.8053], [76.5133, 32.8032], [76.5469, 32.8129], [76.6124, 32.8542], [76.6401, 32.8418], [76.6568, 32.8488], [76.6709, 32.8458], [76.685, 32.8541], [76.6978, 32.8782], [76.7175, 32.8903], [76.7192, 32.9228], [76.7633, 32.9297], [76.7913, 32.9608], [76.7798, 32.9612], [76.7767, 32.9807], [76.7872, 32.9884], [76.7745, 32.994], [76.7757, 33.0148], [76.7568, 33.0257], [76.7556, 33.0446], [76.7459, 33.0535], [76.7359, 33.0831], [76.7408, 33.1209], [76.7477, 33.1305], [76.7477, 33.1786], [76.7146, 33.1807], [76.7031, 33.1732], [76.6689, 33.1711], [76.6448, 33.1618], [76.6174, 33.1731], [76.6151, 33.1874], [76.6019, 33.1925], [76.5997, 33.2063], [76.5653, 33.209], [76.552, 33.1989], [76.5137, 33.1956], [76.4868, 33.1795], [76.4094, 33.1864], [76.3734, 33.1544], [76.3094, 33.12], [76.2924, 33.1038], [76.2726, 33.0521], [76.2546, 33.0324], [76.2291, 33.0283], [76.2293, 33.0224], [76.2282, 33.0178]]]}}, {"type": "Feature", "properties": {"SUBDISTRICT": "Saluni", "STATE": "Himachal Pradesh", "shapeID": "7132399B8153343202923", "source": "geoBoundaries gbOpen IND ADM3 (ODbL 1.0); source: Local Government Directory lgdirectory.gov.in via Pathways Data", "DISTRICT": "Chamba"}, "geometry": {"type": "Polygon", "coordinates": [[[75.8041, 32.8938], [75.8113, 32.8706], [75.8249, 32.8536], [75.8904, 32.8139], [75.929, 32.7571], [75.9299, 32.7387], [75.9575, 32.7275], [75.9703, 32.7121], [75.9959, 32.7076], [76.007, 32.7136], [76.0187, 32.6957], [76.0581, 32.6791], [76.1215, 32.7502], [76.1506, 32.7669], [76.1531, 32.7765], [76.1437, 32.7858], [76.1181, 32.7706], [76.1141, 32.7959], [76.1251, 32.8071], [76.0994, 32.8021], [76.052, 32.8065], [76.0327, 32.8005], [76.0021, 32.8045], [76.0095, 32.8189], [76.0031, 32.8378], [75.9734, 32.8649], [75.9627, 32.864], [75.9351, 32.8883], [75.9309, 32.9066], [75.8839, 32.9306], [75.8507, 32.9351], [75.8247, 32.9303], [75.815, 32.9199], [75.8167, 32.9044], [75.8065, 32.8945], [75.8041, 32.8938]]]}}, {"type": "Feature", "properties": {"SUBDISTRICT": "Bhalai", "STATE": "Himachal Pradesh", "shapeID": "7132399B59613743080706", "source": "geoBoundaries gbOpen IND ADM3 (ODbL 1.0); source: Local Government Directory lgdirectory.gov.in via Pathways Data", "DISTRICT": "Chamba"}, "geometry": {"type": "Polygon", "coordinates": [[[75.9129, 32.691], [75.9217, 32.6722], [75.9417, 32.6541], [75.9269, 32.6235], [75.9391, 32.6227], [75.9606, 32.5906], [75.9655, 32.5987], [76.0159, 32.6121], [76.017, 32.6218], [76.0304, 32.6309], [76.0277, 32.6508], [76.0581, 32.6791], [76.0187, 32.6957], [76.007, 32.7136], [75.9959, 32.7076], [75.9703, 32.7121], [75.9575, 32.7275], [75.9306, 32.7387], [75.9154, 32.7002], [75.9129, 32.691]]]}}, {"type": "Feature", "properties": {"SUBDISTRICT": "Dalhousie", "STATE": "Himachal Pradesh", "shapeID": "7132399B68586888242369", "source": "geoBoundaries gbOpen IND ADM3 (ODbL 1.0); source: Local Government Directory lgdirectory.gov.in via Pathways Data", "DISTRICT": "Chamba"}, "geometry": {"type": "Polygon", "coordinates": [[[75.8465, 32.5244], [75.8544, 32.5251], [75.8712, 32.4993], [75.8911, 32.4825], [75.9238, 32.5093], [75.9608, 32.5112], [75.9619, 32.5053], [75.9498, 32.4949], [75.9712, 32.4904], [76.026, 32.5239], [76.0335, 32.553], [76.026, 32.5693], [76.0302, 32.5822], [76.0112, 32.5934], [76.0071, 32.608], [75.9916, 32.6088], [75.9633, 32.5975], [75.9606, 32.5906], [75.9361, 32.6233], [75.9269, 32.6235], [75.8496, 32.5299], [75.8465, 32.5244]]]}}, {"type": "Feature", "properties": {"SUBDISTRICT": "Bhattiyat", "STATE": "Himachal Pradesh", "shapeID": "7132399B23543402154229", "source": "geoBoundaries gbOpen IND ADM3 (ODbL 1.0); source: Local Government Directory lgdirectory.gov.in via Pathways Data", "DISTRICT": "Chamba"}, "geometry": {"type": "Polygon", "coordinates": [[[75.9448, 32.3931], [75.9746, 32.3909], [75.9835, 32.3818], [75.9858, 32.3971], [75.9953, 32.405], [76.011, 32.3916], [76.0435, 32.3885], [76.0708, 32.3943], [76.0741, 32.3861], [76.0905, 32.3933], [76.1211, 32.3821], [76.1339, 32.4014], [76.1316, 32.4105], [76.1545, 32.4243], [76.1388, 32.4523], [76.1233, 32.4581], [76.1175, 32.4867], [76.0679, 32.4916], [76.0488, 32.5243], [76.0392, 32.5267], [76.0192, 32.5213], [75.9891, 32.5001], [75.9931, 32.4632], [75.9786, 32.4605], [75.9878, 32.432], [75.9716, 32.4246], [75.964, 32.4098], [75.9529, 32.4114], [75.9454, 32.3973], [75.9448, 32.3931]]]}}, {"type": "Feature", "properties": {"SUBDISTRICT": "Sihunta", "STATE": "Himachal Pradesh", "shapeID": "7132399B82748200470140", "source": "geoBoundaries gbOpen IND ADM3 (ODbL 1.0); source: Local Government Directory lgdirectory.gov.in via Pathways Data", "DISTRICT": "Chamba"}, "geometry": {"type": "Polygon", "coordinates": [[[75.9835, 32.3818], [76.0198, 32.3379], [76.0157, 32.3182], [76.0236, 32.3183], [76.017, 32.2908], [76.0311, 32.2705], [76.0474, 32.2644], [76.0866, 32.2711], [76.1198, 32.2568], [76.1226, 32.2284], [76.1437, 32.2254], [76.1686, 32.237], [76.1769, 32.2249], [76.1842, 32.2324], [76.1805, 32.2454], [76.1866, 32.2727], [76.168, 32.2837], [76.1628, 32.2982], [76.1604, 32.3179], [76.1735, 32.3403], [76.1665, 32.3538], [76.2058, 32.374], [76.2238, 32.3955], [76.1947, 32.4144], [76.1563, 32.4273], [76.1316, 32.4105], [76.1339, 32.4014], [76.1211, 32.3821], [76.0905, 32.3933], [76.0741, 32.3861], [76.0708, 32.3943], [76.0435, 32.3885], [76.011, 32.3916], [75.9953, 32.405], [75.9844, 32.3884], [75.9835, 32.3818]]]}}, {"type": "Feature", "properties": {"SUBDISTRICT": "Holi", "STATE": "Himachal Pradesh", "shapeID": "7132399B24806191447859", "source": "geoBoundaries gbOpen IND ADM3 (ODbL 1.0); source: Local Government Directory lgdirectory.gov.in via Pathways Data", "DISTRICT": "Chamba"}, "geometry": {"type": "Polygon", "coordinates": [[[76.3596, 32.3222], [76.3791, 32.2972], [76.4197, 32.2799], [76.4245, 32.2645], [76.4496, 32.262], [76.4638, 32.2487], [76.4821, 32.2519], [76.5044, 32.2333], [76.5245, 32.2377], [76.5901, 32.2211], [76.625, 32.1925], [76.6659, 32.1802], [76.6824, 32.1797], [76.6984, 32.1968], [76.7093, 32.1987], [76.7397, 32.1887], [76.7713, 32.2212], [76.7715, 32.2425], [76.7782, 32.2486], [76.7699, 32.254], [76.7797, 32.268], [76.7707, 32.2817], [76.7762, 32.2911], [76.7721, 32.3085], [76.7857, 32.3166], [76.7457, 32.3731], [76.6789, 32.3732], [76.665, 32.3671], [76.651, 32.339], [76.6306, 32.3794], [76.6186, 32.3834], [76.6017, 32.372], [76.5906, 32.3798], [76.6011, 32.3969], [76.5965, 32.4081], [76.558, 32.4089], [76.5123, 32.4447], [76.4809, 32.4468], [76.4794, 32.4637], [76.4593, 32.4764], [76.4398, 32.4692], [76.4239, 32.4541], [76.4268, 32.438], [76.4592, 32.4062], [76.4259, 32.393], [76.4119, 32.3718], [76.3916, 32.3636], [76.3836, 32.3389], [76.398, 32.3298], [76.3989, 32.3229], [76.3886, 32.32], [76.3818, 32.328], [76.3598, 32.3222], [76.3596, 32.3222]]]}}, {"type": "Feature", "properties": {"SUBDISTRICT": "Brahmaur", "STATE": "Himachal Pradesh", "shapeID": "7132399B65695608718228", "source": "geoBoundaries gbOpen IND ADM3 (ODbL 1.0); source: Local Government Directory lgdirectory.gov.in via Pathways Data", "DISTRICT": "Chamba"}, "geometry": {"type": "Polygon", "coordinates": [[[76.3744, 32.4638], [76.3793, 32.4577], [76.4109, 32.4517], [76.4112, 32.4298], [76.39, 32.4073], [76.3998, 32.4049], [76.4016, 32.3869], [76.3946, 32.3616], [76.4137, 32.3735], [76.4259, 32.393], [76.4592, 32.4062], [76.4268, 32.438], [76.4239, 32.4541], [76.4398, 32.4692], [76.4593, 32.4764], [76.4794, 32.4637], [76.4809, 32.4468], [76.5123, 32.4447], [76.558, 32.4089], [76.5965, 32.4081], [76.6011, 32.3969], [76.5906, 32.3798], [76.6017, 32.372], [76.6186, 32.3834], [76.6306, 32.3794], [76.6533, 32.3386], [76.665, 32.3671], [76.6789, 32.3732], [76.7071, 32.3694], [76.7444, 32.3741], [76.7565, 32.3591], [76.7782, 32.3621], [76.7879, 32.3746], [76.7869, 32.4062], [76.803, 32.4122], [76.8242, 32.4371], [76.8653, 32.4611], [76.8538, 32.4763], [76.8832, 32.5199], [76.8742, 32.5217], [76.8734, 32.5315], [76.8659, 32.5334], [76.8392, 32.5264], [76.828, 32.5385], [76.802, 32.5342], [76.7815, 32.5525], [76.7677, 32.5473], [76.7578, 32.5584], [76.7397, 32.5607], [76.7149, 32.5382], [76.7008, 32.5464], [76.7091, 32.5614], [76.7055, 32.5733], [76.6803, 32.57], [76.6495, 32.5804], [76.6299, 32.5742], [76.6248, 32.5862], [76.6315, 32.603], [76.6045, 32.6104], [76.6036, 32.6257], [76.5936, 32.6425], [76.5501, 32.6582], [76.5303, 32.6578], [76.5167, 32.6669], [76.4628, 32.6507], [76.4734, 32.6202], [76.457, 32.6046], [76.4601, 32.5704], [76.4501, 32.5545], [76.4499, 32.53], [76.4171, 32.504], [76.4049, 32.4811], [76.3754, 32.4712], [76.3744, 32.4638]]]}}, {"type": "Feature", "properties": {"SUBDISTRICT": "Harchakian", "STATE": "Himachal Pradesh", "shapeID": "7132399B84401597880115", "source": "geoBoundaries gbOpen IND ADM3 (ODbL 1.0); source: Local Government Directory lgdirectory.gov.in via Pathways Data", "DISTRICT": "Kangra"}, "geometry": {"type": "Polygon", "coordinates": [[[76.0504, 32.1734], [76.0623, 32.155], [76.0914, 32.139], [76.0865, 32.1296], [76.1051, 32.0909], [76.1167, 32.0924], [76.1184, 32.0984], [76.13, 32.0912], [76.1437, 32.095], [76.1686, 32.0855], [76.1786, 32.0679], [76.1899, 32.072], [76.1824, 32.0841], [76.1952, 32.0929], [76.1857, 32.1124], [76.1706, 32.117], [76.1664, 32.1467], [76.1437, 32.1328], [76.1307, 32.1524], [76.1332, 32.1571], [76.1415, 32.1497], [76.144, 32.1543], [76.1305, 32.1675], [76.1027, 32.1525], [76.0556, 32.1761], [76.0513, 32.1732], [76.0504, 32.1734]]]}}, {"type": "Feature", "properties": {"SUBDISTRICT": "Shahpur", "STATE": "Himachal Pradesh", "shapeID": "7132399B33067168449473", "source": "geoBoundaries gbOpen IND ADM3 (ODbL 1.0); source: Local Government Directory lgdirectory.gov.in via Pathways Data", "DISTRICT": "Kangra"}, "geometry": {"type": "MultiPolygon", "coordinates": [[[[76.1283, 32.2209], [76.1355, 32.2103], [76.1451, 32.2147], [76.1463, 32.2073], [76.1333, 32.1796], [76.1416, 32.1699], [76.1338, 32.1683], [76.1469, 32.1566], [76.1415, 32.1497], [76.1318, 32.1563], [76.1331, 32.1437], [76.1437, 32.1328], [76.1664, 32.1467], [76.1706, 32.117], [76.1891, 32.1379], [76.2061, 32.1465], [76.2187, 32.1389], [76.238, 32.1438], [76.2553, 32.1362], [76.2677, 32.1492], [76.2686, 32.159], [76.277, 32.1607], [76.28, 32.1784], [76.2539, 32.1715], [76.273, 32.2106], [76.2715, 32.2242], [76.2583, 32.2356], [76.2371, 32.2296], [76.2464, 32.2515], [76.2274, 32.2545], [76.207, 32.2455], [76.2023, 32.2362], [76.1881, 32.2435], [76.1769, 32.2249], [76.1686, 32.237], [76.1293, 32.2227], [76.1283, 32.2209]]], [[[76.1651, 32.3222], [76.1705, 32.3156], [76.1909, 32.3311], [76.2049, 32.2986], [76.2122, 32.3036], [76.2252, 32.298], [76.2251, 32.2916], [76.2398, 32.291], [76.247, 32.3026], [76.2438, 32.318], [76.2705, 32.3478], [76.2722, 32.3751], [76.2617, 32.3797], [76.2595, 32.393], [76.2232, 32.3955], [76.2058, 32.374], [76.1665, 32.3538], [76.1735, 32.3403], [76.1657, 32.3227], [76.1651, 32.3222]]]]}}, {"type": "Feature", "properties": {"SUBDISTRICT": "Dharmsala", "STATE": "Himachal Pradesh", "shapeID": "7132399B3083838255661", "source": "geoBoundaries gbOpen IND ADM3 (ODbL 1.0); source: Local Government Directory lgdirectory.gov.in via Pathways Data", "DISTRICT": "Kangra"}, "geometry": {"type": "Polygon", "coordinates": [[[76.2367, 32.2314], [76.2574, 32.2358], [76.2715, 32.2242], [76.273, 32.2106], [76.2539, 32.1715], [76.28, 32.1784], [76.2768, 32.1567], [76.3134, 32.141], [76.3192, 32.1466], [76.3459, 32.1412], [76.3598, 32.1632], [76.3783, 32.168], [76.3775, 32.1449], [76.4008, 32.1515], [76.3894, 32.1346], [76.4104, 32.1409], [76.4167, 32.1362], [76.4479, 32.1543], [76.4492, 32.1763], [76.4724, 32.2038], [76.4682, 32.2481], [76.4405, 32.2657], [76.4245, 32.2645], [76.4197, 32.2799], [76.3791, 32.2972], [76.3558, 32.3266], [76.3386, 32.3262], [76.3254, 32.3358], [76.2949, 32.3401], [76.284, 32.3679], [76.2734, 32.3754], [76.2705, 32.3478], [76.2438, 32.318], [76.2471, 32.2897], [76.3018, 32.2805], [76.303, 32.2751], [76.3093, 32.288], [76.311, 32.2736], [76.2859, 32.2599], [76.2873, 32.2651], [76.2608, 32.2678], [76.237, 32.234], [76.2367, 32.2314]]]}}, {"type": "Feature", "properties": {"SUBDISTRICT": "Kangra", "STATE": "Himachal Pradesh", "shapeID": "7132399B96442639546476", "source": "geoBoundaries gbOpen IND ADM3 (ODbL 1.0); source: Local Government Directory lgdirectory.gov.in via Pathways Data", "DISTRICT": "Kangra"}, "geometry": {"type": "Polygon", "coordinates": [[[76.1719, 32.1169], [76.1857, 32.1124], [76.1952, 32.0929], [76.1824, 32.0841], [76.1899, 32.072], [76.1786, 32.0679], [76.1892, 32.034], [76.1968, 32.0272], [76.1931, 32.0206], [76.201, 32.0236], [76.2095, 32.0063], [76.2158, 32.0134], [76.2255, 32.0075], [76.2526, 31.9631], [76.2542, 31.9745], [76.2597, 31.9746], [76.2541, 31.9898], [76.264, 32.004], [76.2528, 32.0125], [76.2702, 32.0309], [76.2907, 32.038], [76.3022, 32.0685], [76.2923, 32.0775], [76.293, 32.0849], [76.3033, 32.0851], [76.3056, 32.0929], [76.299, 32.0959], [76.3044, 32.0995], [76.3343, 32.1111], [76.336, 32.1328], [76.3426, 32.131], [76.3432, 32.1362], [76.3192, 32.1466], [76.3113, 32.1412], [76.2719, 32.1605], [76.2553, 32.1362], [76.238, 32.1438], [76.2187, 32.1389], [76.2061, 32.1465], [76.1891, 32.1379], [76.174, 32.1182], [76.1719, 32.1169]]]}}, {"type": "Feature", "properties": {"SUBDISTRICT": "Nagrota Bagwan", "STATE": "Himachal Pradesh", "shapeID": "7132399B96434238219971", "source": "geoBoundaries gbOpen IND ADM3 (ODbL 1.0); source: Local Government Directory lgdirectory.gov.in via Pathways Data", "DISTRICT": "Kangra"}, "geometry": {"type": "Polygon", "coordinates": [[[76.2912, 32.0814], [76.3022, 32.0685], [76.3152, 32.0725], [76.3204, 32.0529], [76.3439, 32.054], [76.3551, 32.0613], [76.3612, 32.0549], [76.3486, 32.02], [76.3929, 32.0388], [76.4028, 32.0566], [76.4007, 32.0758], [76.4081, 32.0811], [76.4227, 32.0751], [76.4249, 32.1029], [76.4449, 32.1136], [76.4331, 32.1374], [76.4147, 32.1355], [76.4104, 32.1409], [76.3894, 32.1346], [76.4008, 32.1515], [76.3775, 32.1449], [76.3783, 32.168], [76.3598, 32.1632], [76.3459, 32.1412], [76.3328, 32.142], [76.3438, 32.134], [76.336, 32.1328], [76.3343, 32.1111], [76.3021, 32.098], [76.3033, 32.0851], [76.2977, 32.0887], [76.2921, 32.0823], [76.2912, 32.0814]]]}}, {"type": "Feature", "properties": {"SUBDISTRICT": "Baroh", "STATE": "Himachal Pradesh", "shapeID": "7132399B68269737724498", "source": "geoBoundaries gbOpen IND ADM3 (ODbL 1.0); source: Local Government Directory lgdirectory.gov.in via Pathways Data", "DISTRICT": "Kangra"}, "geometry": {"type": "Polygon", "coordinates": [[[76.2528, 32.0125], [76.264, 32.004], [76.2541, 31.9898], [76.2597, 31.9746], [76.2542, 31.9745], [76.2531, 31.9654], [76.2686, 31.9407], [76.284, 31.9435], [76.3027, 31.9576], [76.4005, 31.9662], [76.4237, 31.9782], [76.4064, 32.0085], [76.3671, 32.0126], [76.3629, 32.0248], [76.348, 32.0205], [76.3612, 32.0549], [76.3551, 32.0613], [76.3439, 32.054], [76.3204, 32.0529], [76.3152, 32.0725], [76.3028, 32.0698], [76.2907, 32.038], [76.2702, 32.0309], [76.2533, 32.0132], [76.2528, 32.0125]]]}}, {"type": "Feature", "properties": {"SUBDISTRICT": "Jawalamukhi", "STATE": "Himachal Pradesh", "shapeID": "7132399B18933827789106", "source": "geoBoundaries gbOpen IND ADM3 (ODbL 1.0); source: Local Government Directory lgdirectory.gov.in via Pathways Data", "DISTRICT": "Kangra"}, "geometry": {"type": "MultiPolygon", "coordinates": [[[[76.3008, 31.8947], [76.3043, 31.8885], [76.3164, 31.8886], [76.3102, 31.9018], [76.3018, 31.8951], [76.3008, 31.8947]]], [[[76.2453, 31.8537], [76.2905, 31.8252], [76.3087, 31.7801], [76.3213, 31.7789], [76.3526, 31.7934], [76.3701, 31.7776], [76.3823, 31.7809], [76.3992, 31.7976], [76.4046, 31.7938], [76.3691, 31.8312], [76.3385, 31.8861], [76.3342, 31.88], [76.3306, 31.8872], [76.3083, 31.8856], [76.2918, 31.8623], [76.2799, 31.8674], [76.2718, 31.8594], [76.2516, 31.8708], [76.2457, 31.8552], [76.2453, 31.8537]]], [[[76.2907, 31.878], [76.2962, 31.8687], [76.2924, 31.877], [76.3058, 31.8806], [76.2966, 31.8879], [76.2922, 31.8799], [76.2907, 31.878]]]]}}, {"type": "Feature", "properties": {"SUBDISTRICT": "Jaswan", "STATE": "Himachal Pradesh", "shapeID": "7132399B4228129490206", "source": "geoBoundaries gbOpen IND ADM3 (ODbL 1.0); source: Local Government Directory lgdirectory.gov.in via Pathways Data", "DISTRICT": "Kangra"}, "geometry": {"type": "Polygon", "coordinates": [[[75.9072, 31.9504], [75.959, 31.8562], [75.9897, 31.8496], [76.0, 31.851], [76.0086, 31.8631], [76.0381, 31.8639], [76.0608, 31.8491], [76.0768, 31.8508], [76.0728, 31.8635], [76.0622, 31.8637], [76.0674, 31.8826], [76.0505, 31.8746], [76.0438, 31.8816], [76.0476, 31.8922], [76.0339, 31.8914], [76.0236, 31.9064], [76.0262, 31.9164], [76.0411, 31.9265], [76.0398, 31.9474], [76.012, 31.957], [76.0011, 31.9674], [75.9579, 31.9659], [75.9429, 31.9771], [75.9093, 31.9519], [75.9072, 31.9504]]]}}, {"type": "Feature", "properties": {"SUBDISTRICT": "Rakkar", "STATE": "Himachal Pradesh", "shapeID": "7132399B46923229797612", "source": "geoBoundaries gbOpen IND ADM3 (ODbL 1.0); source: Local Government Directory lgdirectory.gov.in via Pathways Data", "DISTRICT": "Kangra"}, "geometry": {"type": "Polygon", "coordinates": [[[76.2001, 31.779], [76.2239, 31.7427], [76.2896, 31.6866], [76.3196, 31.7313], [76.308, 31.7578], [76.3128, 31.7686], [76.3011, 31.7826], [76.3008, 31.8088], [76.2905, 31.8252], [76.2783, 31.8304], [76.2681, 31.8109], [76.2575, 31.8208], [76.2566, 31.8075], [76.2632, 31.8073], [76.259, 31.7996], [76.2337, 31.7912], [76.2245, 31.7996], [76.2002, 31.7797], [76.2001, 31.779]]]}}, {"type": "Feature", "properties": {"SUBDISTRICT": "Khundian", "STATE": "Himachal Pradesh", "shapeID": "7132399B98182644383941", "source": "geoBoundaries gbOpen IND ADM3 (ODbL 1.0); source: Local Government Directory lgdirectory.gov.in via Pathways Data", "DISTRICT": "Kangra"}, "geometry": {"type": "Polygon", "coordinates": [[[76.3269, 31.9147], [76.3329, 31.8883], [76.3629, 31.8474], [76.3746, 31.8496], [76.376, 31.8604], [76.3913, 31.8634], [76.4207, 31.8442], [76.4252, 31.8497], [76.4461, 31.8474], [76.4487, 31.8583], [76.4586, 31.8634], [76.4506, 31.8862], [76.4149, 31.9234], [76.4122, 31.9507], [76.4192, 31.9549], [76.4074, 31.9632], [76.4112, 31.971], [76.3641, 31.9643], [76.3688, 31.9571], [76.363, 31.9507], [76.3774, 31.9567], [76.3796, 31.9411], [76.3707, 31.9354], [76.3606, 31.9404], [76.3554, 31.931], [76.345, 31.9303], [76.3517, 31.9154], [76.327, 31.9147], [76.3269, 31.9147]]]}}, {"type": "Feature", "properties": {"SUBDISTRICT": "Dhira", "STATE": "Himachal Pradesh", "shapeID": "7132399B80188445700345", "source": "geoBoundaries gbOpen IND ADM3 (ODbL 1.0); source: Local Government Directory lgdirectory.gov.in via Pathways Data", "DISTRICT": "Kangra"}, "geometry": {"type": "Polygon", "coordinates": [[[76.3629, 32.0248], [76.3671, 32.0126], [76.4064, 32.0085], [76.4238, 31.9788], [76.4128, 31.9745], [76.4074, 31.964], [76.419, 31.9556], [76.4125, 31.9525], [76.4145, 31.9389], [76.4295, 31.9363], [76.4539, 31.9607], [76.448, 31.9615], [76.45, 31.9664], [76.4668, 31.9722], [76.4751, 31.9658], [76.4743, 31.9702], [76.4859, 31.9723], [76.4874, 31.9657], [76.4958, 31.9751], [76.4867, 31.9798], [76.4833, 31.9914], [76.468, 31.9982], [76.4597, 32.0186], [76.4715, 32.0232], [76.4647, 32.0419], [76.4546, 32.049], [76.4435, 32.0465], [76.4271, 32.0586], [76.4218, 32.0743], [76.4081, 32.0811], [76.3991, 32.0724], [76.4031, 32.059], [76.3959, 32.0417], [76.3645, 32.0251], [76.3629, 32.0248]]]}}, {"type": "Feature", "properties": {"SUBDISTRICT": "Jaisinghpur", "STATE": "Himachal Pradesh", "shapeID": "7132399B20728611846388", "source": "geoBoundaries gbOpen IND ADM3 (ODbL 1.0); source: Local Government Directory lgdirectory.gov.in via Pathways Data", "DISTRICT": "Kangra"}, "geometry": {"type": "Polygon", "coordinates": [[[76.5007, 31.943], [76.5065, 31.9241], [76.5166, 31.9214], [76.5095, 31.9074], [76.5395, 31.8728], [76.5921, 31.8962], [76.6494, 31.8721], [76.6782, 31.8734], [76.6765, 31.8957], [76.6649, 31.9068], [76.667, 31.918], [76.6159, 31.9244], [76.6097, 31.9371], [76.6154, 31.9448], [76.6153, 31.9643], [76.605, 31.9843], [76.6102, 31.9888], [76.5921, 31.9984], [76.58, 31.9859], [76.568, 31.9905], [76.569, 32.0124], [76.5303, 32.0036], [76.5338, 31.9822], [76.5128, 31.962], [76.5051, 31.9627], [76.5007, 31.9431], [76.5007, 31.943]]]}}, {"type": "Feature", "properties": {"SUBDISTRICT": "Baijnath", "STATE": "Himachal Pradesh", "shapeID": "7132399B98233850555585", "source": "geoBoundaries gbOpen IND ADM3 (ODbL 1.0); source: Local Government Directory lgdirectory.gov.in via Pathways Data", "DISTRICT": "Kangra"}, "geometry": {"type": "Polygon", "coordinates": [[[76.5676, 32.0684], [76.5754, 32.0624], [76.5734, 32.0225], [76.6164, 31.9959], [76.6202, 31.9792], [76.6507, 31.9756], [76.6566, 31.9625], [76.6778, 31.952], [76.6896, 31.955], [76.6804, 31.9871], [76.6647, 32.0121], [76.6628, 32.0307], [76.6885, 32.0518], [76.7029, 32.049], [76.7141, 32.0351], [76.7381, 32.0301], [76.7696, 32.0644], [76.722, 32.0937], [76.7251, 32.1141], [76.7375, 32.1244], [76.7056, 32.1626], [76.7202, 32.1959], [76.6984, 32.1968], [76.6824, 32.1797], [76.6658, 32.1738], [76.6391, 32.1799], [76.6187, 32.1656], [76.61, 32.1487], [76.6132, 32.1407], [76.5949, 32.1112], [76.6097, 32.1023], [76.5865, 32.0927], [76.596, 32.0715], [76.5684, 32.0685], [76.5676, 32.0684]]]}}, {"type": "Feature", "properties": {"SUBDISTRICT": "Multhan", "STATE": "Himachal Pradesh", "shapeID": "7132399B4271861192956", "source": "geoBoundaries gbOpen IND ADM3 (ODbL 1.0); source: Local Government Directory lgdirectory.gov.in via Pathways Data", "DISTRICT": "Kangra"}, "geometry": {"type": "Polygon", "coordinates": [[[76.7055, 32.1662], [76.7076, 32.1561], [76.7375, 32.1244], [76.7251, 32.1141], [76.722, 32.0937], [76.7696, 32.0644], [76.8011, 32.0736], [76.8037, 32.0659], [76.8424, 32.0411], [76.8873, 32.0576], [76.9298, 32.0594], [76.9439, 32.0666], [76.9387, 32.0929], [76.9462, 32.1124], [76.9887, 32.1109], [76.9846, 32.1316], [76.987, 32.1543], [76.9995, 32.1823], [76.995, 32.1869], [77.0055, 32.2], [77.0386, 32.2071], [77.0524, 32.226], [77.0317, 32.2474], [77.0302, 32.2719], [77.0367, 32.2903], [77.0307, 32.3067], [77.045, 32.3228], [77.0409, 32.3399], [77.0524, 32.3665], [77.0692, 32.3834], [77.0808, 32.4091], [77.0785, 32.4173], [77.069, 32.417], [77.0588, 32.4292], [76.9814, 32.405], [76.9526, 32.4032], [76.9537, 32.4247], [76.9192, 32.4167], [76.9121, 32.4199], [76.9178, 32.4357], [76.9096, 32.4417], [76.8915, 32.4388], [76.9079, 32.4602], [76.9088, 32.4672], [76.9013, 32.4702], [76.8653, 32.4611], [76.8242, 32.4371], [76.8113, 32.4186], [76.7869, 32.4062], [76.7879, 32.3746], [76.7782, 32.3621], [76.7541, 32.3583], [76.7857, 32.3166], [76.7721, 32.3085], [76.7762, 32.2911], [76.7707, 32.2817], [76.7797, 32.268], [76.7699, 32.254], [76.7782, 32.2486], [76.7715, 32.2425], [76.7713, 32.2212], [76.7397, 32.1887], [76.7202, 32.1959], [76.7126, 32.1876], [76.7147, 32.1746], [76.7069, 32.1675], [76.7055, 32.1662]]]}}, {"type": "Feature", "properties": {"SUBDISTRICT": "Udaipur", "STATE": "Himachal Pradesh", "shapeID": "7132399B51984421957313", "source": "geoBoundaries gbOpen IND ADM3 (ODbL 1.0); source: Local Government Directory lgdirectory.gov.in via Pathways Data", "DISTRICT": "Lahul and Spiti"}, "geometry": {"type": "Polygon", "coordinates": [[[76.3752, 32.81], [76.4036, 32.7276], [76.4255, 32.7124], [76.4309, 32.6989], [76.4264, 32.6882], [76.446, 32.6744], [76.4427, 32.6596], [76.4642, 32.6527], [76.5167, 32.6669], [76.5303, 32.6578], [76.5501, 32.6582], [76.5757, 32.6495], [76.5936, 32.6425], [76.6089, 32.6062], [76.6315, 32.603], [76.6248, 32.5862], [76.6299, 32.5742], [76.6495, 32.5804], [76.6803, 32.57], [76.7055, 32.5733], [76.7091, 32.5614], [76.7008, 32.5464], [76.7149, 32.5382], [76.7397, 32.5607], [76.7578, 32.5584], [76.7677, 32.5473], [76.7815, 32.5525], [76.8049, 32.534], [76.8745, 32.6317], [76.8775, 32.6479], [76.8993, 32.6781], [76.9012, 32.6944], [76.9159, 32.7129], [76.9219, 32.7629], [76.9146, 32.8004], [76.9422, 32.8125], [76.9522, 32.8237], [76.9441, 32.8372], [76.9537, 32.8457], [76.9597, 32.884], [76.9715, 32.8957], [76.9668, 32.9132], [76.9514, 32.9292], [76.9887, 32.9643], [77.0047, 32.9676], [77.0051, 32.9888], [77.0129, 32.99], [76.9352, 33.0323], [76.9085, 33.0795], [76.9121, 33.0939], [76.9026, 33.0962], [76.8951, 33.113], [76.8866, 33.1191], [76.8623, 33.1112], [76.8519, 33.1194], [76.8552, 33.1253], [76.8459, 33.1306], [76.8471, 33.1366], [76.8213, 33.1547], [76.816, 33.1723], [76.8245, 33.1838], [76.8213, 33.1929], [76.8366, 33.2046], [76.8291, 33.2145], [76.8464, 33.2455], [76.832, 33.2465], [76.8244, 33.2353], [76.8035, 33.2528], [76.7816, 33.2535], [76.7734, 33.2487], [76.7804, 33.2387], [76.7779, 33.2238], [76.7485, 33.1844], [76.7477, 33.1305], [76.7358, 33.097], [76.7375, 33.0754], [76.7556, 33.0446], [76.7568, 33.0257], [76.7757, 33.0148], [76.7745, 32.994], [76.7872, 32.9884], [76.7767, 32.9807], [76.7798, 32.9612], [76.7913, 32.9608], [76.7737, 32.9377], [76.7633, 32.9297], [76.7192, 32.9228], [76.7175, 32.8903], [76.6978, 32.8782], [76.685, 32.8541], [76.6709, 32.8458], [76.6568, 32.8488], [76.6401, 32.8418], [76.6124, 32.8542], [76.5469, 32.8129], [76.5133, 32.8032], [76.4734, 32.8053], [76.4556, 32.8521], [76.4439, 32.8538], [76.4104, 32.8415], [76.3932, 32.8232], [76.3772, 32.8198], [76.3752, 32.81]]]}}, {"type": "Feature", "properties": {"SUBDISTRICT": "Kullu", "STATE": "Himachal Pradesh", "shapeID": "7132399B41878208476248", "source": "geoBoundaries gbOpen IND ADM3 (ODbL 1.0); source: Local Government Directory lgdirectory.gov.in via Pathways Data", "DISTRICT": "Kullu"}, "geometry": {"type": "Polygon", "coordinates": [[[76.9387, 32.0929], [76.944, 32.0447], [76.9772, 32.0237], [76.982, 32.0], [76.9786, 31.9835], [77.0244, 31.9205], [77.0305, 31.8934], [77.0563, 31.8591], [77.1028, 31.8929], [77.1203, 31.9095], [77.1276, 31.9264], [77.1638, 31.9472], [77.1848, 32.0123], [77.2277, 32.0624], [77.3033, 32.1915], [77.2954, 32.1962], [77.2768, 32.1777], [77.2167, 32.1528], [77.1664, 32.1509], [77.1658, 32.1342], [77.1529, 32.1208], [77.1202, 32.1127], [77.0485, 32.1227], [77.0312, 32.1376], [77.0216, 32.1525], [77.0377, 32.207], [77.0211, 32.2061], [77.0055, 32.2], [76.995, 32.1869], [76.9995, 32.1823], [76.987, 32.1543], [76.9846, 32.1316], [76.9887, 32.1109], [76.9462, 32.1124], [76.9424, 32.099], [76.9387, 32.0929]]]}}, {"type": "Feature", "properties": {"SUBDISTRICT": "Banjar", "STATE": "Himachal Pradesh", "shapeID": "7132399B90840549441427", "source": "geoBoundaries gbOpen IND ADM3 (ODbL 1.0); source: Local Government Directory lgdirectory.gov.in via Pathways Data", "DISTRICT": "Kullu"}, "geometry": {"type": "Polygon", "coordinates": [[[77.2835, 31.6915], [77.3058, 31.6618], [77.2988, 31.6533], [77.3071, 31.6108], [77.3017, 31.5927], [77.3063, 31.5464], [77.3193, 31.5289], [77.3505, 31.5282], [77.3534, 31.5352], [77.3687, 31.5389], [77.4333, 31.5379], [77.4423, 31.5614], [77.4621, 31.5639], [77.4964, 31.5514], [77.5119, 31.5739], [77.5311, 31.5713], [77.539, 31.5924], [77.5637, 31.6038], [77.5685, 31.6127], [77.563, 31.6285], [77.5758, 31.6389], [77.5999, 31.6384], [77.6266, 31.6556], [77.649, 31.6607], [77.6859, 31.7035], [77.7092, 31.7028], [77.7348, 31.7146], [77.7508, 31.7138], [77.7562, 31.7198], [77.7526, 31.7515], [77.763, 31.762], [77.7785, 31.7527], [77.7772, 31.7654], [77.7587, 31.7867], [77.7356, 31.7937], [77.7289, 31.8049], [77.7306, 31.8181], [77.718, 31.8315], [77.7264, 31.8403], [77.6853, 31.8466], [77.6673, 31.8629], [77.6354, 31.8765], [77.5842, 31.8612], [77.5742, 31.8661], [77.4956, 31.8672], [77.4566, 31.8761], [77.4421, 31.8715], [77.4586, 31.8107], [77.4499, 31.766], [77.4633, 31.732], [77.4556, 31.7193], [77.4427, 31.7162], [77.4276, 31.7239], [77.403, 31.7098], [77.3739, 31.7233], [77.3343, 31.7162], [77.2992, 31.7224], [77.2908, 31.7175], [77.2962, 31.6991], [77.2878, 31.6954], [77.2835, 31.6915]]]}}, {"type": "Feature", "properties": {"SUBDISTRICT": "Padhar", "STATE": "Himachal Pradesh", "shapeID": "7132399B26948357380237", "source": "geoBoundaries gbOpen IND ADM3 (ODbL 1.0); source: Local Government Directory lgdirectory.gov.in via Pathways Data", "DISTRICT": "Mandi"}, "geometry": {"type": "Polygon", "coordinates": [[[76.8367, 31.8862], [76.8402, 31.8804], [76.8422, 31.8872], [76.8529, 31.8833], [76.8656, 31.8712], [76.8558, 31.8618], [76.848, 31.8387], [76.9011, 31.7815], [76.9545, 31.7944], [76.9644, 31.8152], [76.9622, 31.8241], [76.9672, 31.8291], [76.9761, 31.8259], [76.9679, 31.8425], [76.9732, 31.851], [76.9651, 31.8613], [76.9904, 31.8751], [77.0129, 31.8687], [77.0162, 31.8964], [77.0272, 31.9064], [77.0244, 31.9205], [76.9831, 31.9762], [76.9514, 31.9651], [76.9358, 31.9528], [76.9235, 31.9277], [76.9095, 31.9392], [76.911, 31.9494], [76.9006, 31.9548], [76.9057, 31.9601], [76.8959, 31.9606], [76.881, 31.9754], [76.8708, 31.9727], [76.8735, 31.9356], [76.8452, 31.9251], [76.8547, 31.9091], [76.8374, 31.8869], [76.8367, 31.8862]]]}}, {"type": "Feature", "properties": {"SUBDISTRICT": "Lad Bharol", "STATE": "Himachal Pradesh", "shapeID": "7132399B99138238892367", "source": "geoBoundaries gbOpen IND ADM3 (ODbL 1.0); source: Local Government Directory lgdirectory.gov.in via Pathways Data", "DISTRICT": "Mandi"}, "geometry": {"type": "Polygon", "coordinates": [[[76.6628, 32.0307], [76.6692, 32.0008], [76.6845, 31.977], [76.6941, 31.9326], [76.6779, 31.9079], [76.6761, 31.8836], [76.7102, 31.8765], [76.7208, 31.8818], [76.7192, 31.8679], [76.7566, 31.8507], [76.7525, 31.8688], [76.7685, 31.8748], [76.761, 31.8831], [76.7512, 31.8835], [76.7535, 31.89], [76.7628, 31.8909], [76.7583, 31.8995], [76.743, 31.9028], [76.7717, 31.9059], [76.764, 31.9392], [76.7493, 31.9526], [76.7517, 31.9602], [76.7065, 31.9996], [76.699, 32.0163], [76.6757, 32.0336], [76.6657, 32.0331], [76.6628, 32.0307]]]}}, {"type": "Feature", "properties": {"SUBDISTRICT": "Sandhol", "STATE": "Himachal Pradesh", "shapeID": "7132399B86378950820316", "source": "geoBoundaries gbOpen IND ADM3 (ODbL 1.0); source: Local Government Directory lgdirectory.gov.in via Pathways Data", "DISTRICT": "Mandi"}, "geometry": {"type": "Polygon", "coordinates": [[[76.6212, 31.7901], [76.6229, 31.7842], [76.6414, 31.7827], [76.679, 31.8106], [76.6948, 31.8055], [76.7041, 31.8167], [76.7146, 31.8141], [76.7337, 31.8363], [76.7318, 31.8498], [76.7159, 31.844], [76.696, 31.8675], [76.7224, 31.877], [76.7208, 31.8818], [76.7102, 31.8765], [76.6784, 31.8864], [76.6782, 31.8734], [76.6407, 31.8747], [76.6282, 31.8427], [76.6214, 31.7907], [76.6212, 31.7901]]]}}, {"type": "Feature", "properties": {"SUBDISTRICT": "Dharmpur", "STATE": "Himachal Pradesh", "shapeID": "7132399B7133262972482", "source": "geoBoundaries gbOpen IND ADM3 (ODbL 1.0); source: Local Government Directory lgdirectory.gov.in via Pathways Data", "DISTRICT": "Mandi"}, "geometry": {"type": "Polygon", "coordinates": [[[76.6541, 31.782], [76.6557, 31.7763], [76.6715, 31.7816], [76.741, 31.7583], [76.7443, 31.7724], [76.7725, 31.7732], [76.7685, 31.7852], [76.7778, 31.7941], [76.7797, 31.7873], [76.7897, 31.7927], [76.7832, 31.7971], [76.7859, 31.8207], [76.7791, 31.8242], [76.7727, 31.8161], [76.751, 31.8392], [76.7556, 31.8524], [76.726, 31.8632], [76.7137, 31.8769], [76.6963, 31.8665], [76.7159, 31.844], [76.7318, 31.8498], [76.7331, 31.8352], [76.7146, 31.8141], [76.7041, 31.8167], [76.6948, 31.8055], [76.679, 31.8106], [76.6574, 31.7979], [76.6545, 31.7844], [76.6541, 31.782]]]}}, {"type": "Feature", "properties": {"SUBDISTRICT": "Kotli", "STATE": "Himachal Pradesh", "shapeID": "7132399B45077582176453", "source": "geoBoundaries gbOpen IND ADM3 (ODbL 1.0); source: Local Government Directory lgdirectory.gov.in via Pathways Data", "DISTRICT": "Mandi"}, "geometry": {"type": "Polygon", "coordinates": [[[76.8131, 31.8158], [76.8183, 31.8086], [76.8155, 31.7776], [76.8295, 31.75], [76.8294, 31.7234], [76.8378, 31.7189], [76.8474, 31.6993], [76.9031, 31.7045], [76.8989, 31.7157], [76.9127, 31.7225], [76.9031, 31.7334], [76.9113, 31.7502], [76.903, 31.7608], [76.9068, 31.7664], [76.9239, 31.7643], [76.9216, 31.7742], [76.9136, 31.7828], [76.9011, 31.7815], [76.8603, 31.8237], [76.8519, 31.821], [76.8404, 31.827], [76.838, 31.8213], [76.8143, 31.8162], [76.8131, 31.8158]]]}}, {"type": "Feature", "properties": {"SUBDISTRICT": "Sarkaghat", "STATE": "Himachal Pradesh", "shapeID": "7132399B56508421724386", "source": "geoBoundaries gbOpen IND ADM3 (ODbL 1.0); source: Local Government Directory lgdirectory.gov.in via Pathways Data", "DISTRICT": "Mandi"}, "geometry": {"type": "Polygon", "coordinates": [[[76.6869, 31.7014], [76.6937, 31.6822], [76.7277, 31.6649], [76.7162, 31.6211], [76.7261, 31.6006], [76.7381, 31.6009], [76.7408, 31.5832], [76.7509, 31.5801], [76.7475, 31.5993], [76.767, 31.6021], [76.7723, 31.6088], [76.7567, 31.6208], [76.76, 31.6301], [76.7522, 31.6346], [76.7537, 31.6553], [76.7412, 31.6549], [76.7389, 31.6602], [76.7669, 31.6521], [76.7793, 31.6594], [76.7753, 31.6919], [76.7542, 31.716], [76.7631, 31.719], [76.7559, 31.729], [76.7622, 31.7405], [76.7561, 31.7511], [76.7284, 31.7625], [76.7155, 31.7433], [76.7246, 31.7339], [76.6912, 31.7195], [76.6878, 31.7024], [76.6869, 31.7014]]]}}, {"type": "Feature", "properties": {"SUBDISTRICT": "Bhadrota", "STATE": "Himachal Pradesh", "shapeID": "7132399B5168939511085", "source": "geoBoundaries gbOpen IND ADM3 (ODbL 1.0); source: Local Government Directory lgdirectory.gov.in via Pathways Data", "DISTRICT": "Mandi"}, "geometry": {"type": "Polygon", "coordinates": [[[76.7389, 31.6602], [76.7559, 31.6511], [76.7522, 31.6346], [76.7594, 31.6322], [76.7567, 31.6208], [76.7648, 31.6119], [76.7723, 31.6088], [76.775, 31.6172], [76.7885, 31.6183], [76.7944, 31.5927], [76.8042, 31.5913], [76.8059, 31.6208], [76.8364, 31.6643], [76.8309, 31.6802], [76.8503, 31.698], [76.8378, 31.7189], [76.8079, 31.7371], [76.7748, 31.7258], [76.7724, 31.7343], [76.7596, 31.7391], [76.7559, 31.729], [76.7631, 31.719], [76.7542, 31.716], [76.7753, 31.6919], [76.7791, 31.657], [76.7669, 31.6521], [76.7429, 31.6592], [76.7389, 31.6602]]]}}, {"type": "Feature", "properties": {"SUBDISTRICT": "Baldwara", "STATE": "Himachal Pradesh", "shapeID": "7132399B11085239638584", "source": "geoBoundaries gbOpen IND ADM3 (ODbL 1.0); source: Local Government Directory lgdirectory.gov.in via Pathways Data", "DISTRICT": "Mandi"}, "geometry": {"type": "Polygon", "coordinates": [[[76.7261, 31.6006], [76.7313, 31.5822], [76.7284, 31.5638], [76.7349, 31.5627], [76.7303, 31.5466], [76.7397, 31.525], [76.7328, 31.5199], [76.7671, 31.5201], [76.789, 31.4952], [76.8128, 31.4938], [76.8229, 31.4966], [76.81, 31.5201], [76.8104, 31.5398], [76.8269, 31.5716], [76.8218, 31.5732], [76.8285, 31.5773], [76.8241, 31.5882], [76.8308, 31.5889], [76.8357, 31.6004], [76.8212, 31.5984], [76.8178, 31.6139], [76.8079, 31.6189], [76.8051, 31.5936], [76.7989, 31.589], [76.793, 31.6143], [76.7816, 31.6193], [76.7676, 31.6024], [76.7481, 31.6], [76.7454, 31.5888], [76.751, 31.5805], [76.7464, 31.5786], [76.7395, 31.5852], [76.7381, 31.6009], [76.7308, 31.6019], [76.7261, 31.6006]]]}}, {"type": "Feature", "properties": {"SUBDISTRICT": "Bali Chowki", "STATE": "Himachal Pradesh", "shapeID": "7132399B15855665467512", "source": "geoBoundaries gbOpen IND ADM3 (ODbL 1.0); source: Local Government Directory lgdirectory.gov.in via Pathways Data", "DISTRICT": "Mandi"}, "geometry": {"type": "Polygon", "coordinates": [[[77.082, 31.6684], [77.0959, 31.6506], [77.1159, 31.6452], [77.1306, 31.6227], [77.1429, 31.6257], [77.1403, 31.6517], [77.1791, 31.6556], [77.1943, 31.6463], [77.1905, 31.6412], [77.1998, 31.633], [77.2135, 31.6334], [77.2161, 31.6254], [77.2373, 31.6161], [77.2563, 31.5911], [77.2545, 31.5721], [77.2681, 31.542], [77.2647, 31.5297], [77.27, 31.5161], [77.2905, 31.5068], [77.3013, 31.5218], [77.3198, 31.5297], [77.3019, 31.5575], [77.3071, 31.6108], [77.2988, 31.6533], [77.3058, 31.6618], [77.2738, 31.7012], [77.2253, 31.7248], [77.1847, 31.7006], [77.1187, 31.6912], [77.0871, 31.6783], [77.0823, 31.6699], [77.082, 31.6684]]]}}, {"type": "Feature", "properties": {"SUBDISTRICT": "Hamirpur", "STATE": "Himachal Pradesh", "shapeID": "7132399B48708657262923", "source": "geoBoundaries gbOpen IND ADM3 (ODbL 1.0); source: Local Government Directory lgdirectory.gov.in via Pathways Data", "DISTRICT": "Hamirpur"}, "geometry": {"type": "Polygon", "coordinates": [[[76.4443, 31.6762], [76.4504, 31.674], [76.4468, 31.6626], [76.4563, 31.6551], [76.4782, 31.655], [76.4754, 31.6404], [76.4848, 31.6429], [76.4843, 31.6255], [76.4903, 31.6212], [76.5087, 31.6221], [76.5265, 31.636], [76.5241, 31.6454], [76.5347, 31.6535], [76.5574, 31.6245], [76.5854, 31.6183], [76.5826, 31.6102], [76.5661, 31.6114], [76.5943, 31.5731], [76.6014, 31.5521], [76.6146, 31.5463], [76.6168, 31.5657], [76.6321, 31.5755], [76.6228, 31.5771], [76.6157, 31.5958], [76.5913, 31.5913], [76.5975, 31.5981], [76.5983, 31.6151], [76.5917, 31.6211], [76.5995, 31.6239], [76.603, 31.6379], [76.5773, 31.6543], [76.59, 31.6508], [76.5997, 31.6557], [76.6022, 31.6684], [76.6133, 31.6714], [76.6131, 31.6871], [76.5604, 31.693], [76.5574, 31.7129], [76.5697, 31.732], [76.5529, 31.7297], [76.5457, 31.7402], [76.5186, 31.7466], [76.5092, 31.7425], [76.5109, 31.7554], [76.4826, 31.7462], [76.4727, 31.7488], [76.4753, 31.7559], [76.4618, 31.7518], [76.452, 31.7448], [76.468, 31.7048], [76.4628, 31.6958], [76.4533, 31.7022], [76.4464, 31.6996], [76.4523, 31.6964], [76.4443, 31.6783], [76.4443, 31.6762]]]}}, {"type": "Feature", "properties": {"SUBDISTRICT": "Amb", "STATE": "Himachal Pradesh", "shapeID": "7132399B53452524201751", "source": "geoBoundaries gbOpen IND ADM3 (ODbL 1.0); source: Local Government Directory lgdirectory.gov.in via Pathways Data", "DISTRICT": "Una"}, "geometry": {"type": "Polygon", "coordinates": [[[76.0279, 31.6787], [76.0427, 31.677], [76.0605, 31.6492], [76.0854, 31.6353], [76.0921, 31.6122], [76.1085, 31.6125], [76.1159, 31.6058], [76.1226, 31.5881], [76.1389, 31.5736], [76.14, 31.5589], [76.1618, 31.5671], [76.1939, 31.5486], [76.2008, 31.5611], [76.2194, 31.5669], [76.2348, 31.584], [76.2169, 31.5778], [76.177, 31.5989], [76.1958, 31.6119], [76.1848, 31.6419], [76.192, 31.6486], [76.2124, 31.65], [76.2162, 31.6696], [76.2508, 31.7045], [76.2541, 31.7164], [76.2239, 31.7427], [76.2038, 31.7729], [76.1827, 31.77], [76.1803, 31.784], [76.1661, 31.7936], [76.1298, 31.7997], [76.1537, 31.7782], [76.1434, 31.7498], [76.1131, 31.7422], [76.0933, 31.7553], [76.0883, 31.7658], [76.0761, 31.7424], [76.0846, 31.7263], [76.0794, 31.7115], [76.0559, 31.7104], [76.0607, 31.6957], [76.0344, 31.6834], [76.0279, 31.6787]]]}}, {"type": "Feature", "properties": {"SUBDISTRICT": "Bangana", "STATE": "Himachal Pradesh", "shapeID": "7132399B55174987955596", "source": "geoBoundaries gbOpen IND ADM3 (ODbL 1.0); source: Local Government Directory lgdirectory.gov.in via Pathways Data", "DISTRICT": "Una"}, "geometry": {"type": "Polygon", "coordinates": [[[76.27, 31.6325], [76.2936, 31.5929], [76.3656, 31.5753], [76.3897, 31.5339], [76.3937, 31.5105], [76.4094, 31.4981], [76.4437, 31.4493], [76.449, 31.4166], [76.4719, 31.4244], [76.4737, 31.4402], [76.4792, 31.4419], [76.4645, 31.4464], [76.4705, 31.4587], [76.4357, 31.5222], [76.4394, 31.5368], [76.3944, 31.6201], [76.3571, 31.6522], [76.3139, 31.7217], [76.2947, 31.6912], [76.2817, 31.684], [76.2739, 31.6658], [76.2903, 31.6389], [76.2713, 31.6341], [76.27, 31.6325]]]}}, {"type": "Feature", "properties": {"SUBDISTRICT": "Una", "STATE": "Himachal Pradesh", "shapeID": "7132399B97051253300571", "source": "geoBoundaries gbOpen IND ADM3 (ODbL 1.0); source: Local Government Directory lgdirectory.gov.in via Pathways Data", "DISTRICT": "Una"}, "geometry": {"type": "Polygon", "coordinates": [[[76.1736, 31.5608], [76.1779, 31.5317], [76.1884, 31.5135], [76.2135, 31.4804], [76.2295, 31.4756], [76.2483, 31.4568], [76.2622, 31.4216], [76.2774, 31.4015], [76.2872, 31.413], [76.2849, 31.4296], [76.3198, 31.4271], [76.3145, 31.4458], [76.3616, 31.4538], [76.3367, 31.5047], [76.3143, 31.5323], [76.3023, 31.5176], [76.2873, 31.516], [76.2846, 31.5412], [76.2652, 31.5529], [76.2682, 31.5691], [76.2435, 31.5882], [76.227, 31.5811], [76.2194, 31.5669], [76.2008, 31.5611], [76.1939, 31.5486], [76.1776, 31.558], [76.1736, 31.5608]]]}}, {"type": "Feature", "properties": {"SUBDISTRICT": "Ghumarwin", "STATE": "Himachal Pradesh", "shapeID": "7132399B64019339963474", "source": "geoBoundaries gbOpen IND ADM3 (ODbL 1.0); source: Local Government Directory lgdirectory.gov.in via Pathways Data", "DISTRICT": "Bilaspur"}, "geometry": {"type": "Polygon", "coordinates": [[[76.608, 31.4906], [76.6102, 31.4698], [76.6272, 31.4452], [76.6174, 31.4257], [76.6648, 31.4457], [76.6747, 31.4436], [76.6757, 31.4204], [76.7181, 31.3887], [76.7124, 31.3644], [76.726, 31.3654], [76.7314, 31.3832], [76.7561, 31.3892], [76.7521, 31.3953], [76.7603, 31.3971], [76.7652, 31.4093], [76.8042, 31.4057], [76.7987, 31.4191], [76.8058, 31.4329], [76.7972, 31.4456], [76.8025, 31.4567], [76.798, 31.4762], [76.7859, 31.4841], [76.7863, 31.5017], [76.7671, 31.5201], [76.7328, 31.5199], [76.7397, 31.525], [76.7303, 31.5466], [76.7349, 31.5627], [76.7293, 31.5669], [76.6974, 31.5358], [76.6913, 31.5138], [76.6962, 31.4954], [76.6885, 31.4787], [76.677, 31.4877], [76.6745, 31.4792], [76.6671, 31.4852], [76.6512, 31.4835], [76.6515, 31.4762], [76.6186, 31.4961], [76.6232, 31.5072], [76.6168, 31.5094], [76.6096, 31.4941], [76.608, 31.4906]]]}}, {"type": "Feature", "properties": {"SUBDISTRICT": "Jhanduta", "STATE": "Himachal Pradesh", "shapeID": "7132399B68074227635476", "source": "geoBoundaries gbOpen IND ADM3 (ODbL 1.0); source: Local Government Directory lgdirectory.gov.in via Pathways Data", "DISTRICT": "Bilaspur"}, "geometry": {"type": "Polygon", "coordinates": [[[76.4528, 31.4832], [76.4705, 31.4587], [76.4645, 31.4464], [76.4792, 31.4419], [76.4737, 31.4402], [76.4719, 31.4244], [76.4665, 31.4241], [76.4703, 31.4148], [76.4862, 31.4082], [76.4925, 31.394], [76.5063, 31.3889], [76.527, 31.3658], [76.5342, 31.3664], [76.5451, 31.3497], [76.557, 31.347], [76.5727, 31.3099], [76.5873, 31.3121], [76.5953, 31.305], [76.5922, 31.2878], [76.6146, 31.2894], [76.6105, 31.2715], [76.6151, 31.2644], [76.6294, 31.2672], [76.6507, 31.2512], [76.6778, 31.2524], [76.698, 31.2787], [76.6908, 31.2992], [76.7147, 31.2998], [76.7288, 31.2848], [76.7464, 31.3017], [76.751, 31.3146], [76.7453, 31.3314], [76.753, 31.3346], [76.7443, 31.3512], [76.7124, 31.3644], [76.7181, 31.3887], [76.6757, 31.4204], [76.6747, 31.4436], [76.6648, 31.4457], [76.6249, 31.4307], [76.6142, 31.4187], [76.5933, 31.4257], [76.5897, 31.4221], [76.5723, 31.4318], [76.5605, 31.4293], [76.5329, 31.4613], [76.5177, 31.4679], [76.5131, 31.4603], [76.459, 31.486], [76.4528, 31.4832]]]}}, {"type": "Feature", "properties": {"SUBDISTRICT": "Naina Devi", "STATE": "Himachal Pradesh", "shapeID": "7132399B63506001738152", "source": "geoBoundaries gbOpen IND ADM3 (ODbL 1.0); source: Local Government Directory lgdirectory.gov.in via Pathways Data", "DISTRICT": "Bilaspur"}, "geometry": {"type": "Polygon", "coordinates": [[[76.3934, 31.3886], [76.4623, 31.3032], [76.4425, 31.2865], [76.4451, 31.2801], [76.4808, 31.3074], [76.5026, 31.2705], [76.5283, 31.2802], [76.5321, 31.2594], [76.5419, 31.267], [76.5453, 31.2806], [76.5512, 31.281], [76.5489, 31.2524], [76.5599, 31.2529], [76.5846, 31.2771], [76.6156, 31.2478], [76.5899, 31.2227], [76.5946, 31.2133], [76.6303, 31.2263], [76.64, 31.2239], [76.6385, 31.2179], [76.6494, 31.2098], [76.6941, 31.217], [76.7326, 31.2402], [76.7654, 31.2283], [76.7499, 31.2607], [76.7395, 31.2633], [76.7366, 31.2713], [76.7299, 31.268], [76.7162, 31.2859], [76.7227, 31.2899], [76.7147, 31.2998], [76.6908, 31.2992], [76.698, 31.2787], [76.6778, 31.2524], [76.6507, 31.2512], [76.6294, 31.2672], [76.6151, 31.2644], [76.6105, 31.2715], [76.6146, 31.2894], [76.5922, 31.2878], [76.5953, 31.305], [76.5873, 31.3121], [76.5727, 31.3099], [76.557, 31.347], [76.5451, 31.3497], [76.5342, 31.3664], [76.527, 31.3658], [76.5063, 31.3889], [76.4925, 31.394], [76.4862, 31.4082], [76.4721, 31.4134], [76.4665, 31.4241], [76.435, 31.4115], [76.4173, 31.4126], [76.3988, 31.427], [76.3958, 31.408], [76.4045, 31.3947], [76.3939, 31.3888], [76.3934, 31.3886]]]}}, {"type": "Feature", "properties": {"SUBDISTRICT": "Bilaspur Sadar", "STATE": "Himachal Pradesh", "shapeID": "7132399B97106684728462", "source": "geoBoundaries gbOpen IND ADM3 (ODbL 1.0); source: Local Government Directory lgdirectory.gov.in via Pathways Data", "DISTRICT": "Bilaspur"}, "geometry": {"type": "Polygon", "coordinates": [[[76.7162, 31.2859], [76.7299, 31.268], [76.7366, 31.2713], [76.7395, 31.2633], [76.7499, 31.2607], [76.7654, 31.2283], [76.7791, 31.2205], [76.8079, 31.2304], [76.8194, 31.2281], [76.7997, 31.2505], [76.8173, 31.2641], [76.7993, 31.2896], [76.7996, 31.2988], [76.8096, 31.3061], [76.8113, 31.3185], [76.8049, 31.3279], [76.8173, 31.3376], [76.8106, 31.3568], [76.8312, 31.3406], [76.8423, 31.3415], [76.8699, 31.3258], [76.8802, 31.3274], [76.8757, 31.3672], [76.8652, 31.3811], [76.8835, 31.3883], [76.8806, 31.4118], [76.8035, 31.425], [76.7987, 31.4191], [76.8042, 31.4057], [76.7652, 31.4093], [76.7603, 31.3971], [76.7521, 31.3953], [76.7561, 31.3892], [76.7314, 31.3832], [76.7226, 31.3648], [76.7478, 31.3485], [76.753, 31.3346], [76.7453, 31.3314], [76.751, 31.3146], [76.7464, 31.3017], [76.7288, 31.2848], [76.7219, 31.2903], [76.7177, 31.2869], [76.7162, 31.2859]]]}}, {"type": "Feature", "properties": {"SUBDISTRICT": "Lahul", "STATE": "Himachal Pradesh", "shapeID": "7132399B86036760790489", "source": "geoBoundaries gbOpen IND ADM3 (ODbL 1.0); source: Local Government Directory lgdirectory.gov.in via Pathways Data", "DISTRICT": "Lahul and Spiti"}, "geometry": {"type": "Polygon", "coordinates": [[[76.8049, 32.534], [76.828, 32.5385], [76.8392, 32.5264], [76.8734, 32.5315], [76.8742, 32.5217], [76.8832, 32.5199], [76.8572, 32.483], [76.8558, 32.4696], [76.8653, 32.4611], [76.8937, 32.4694], [76.9088, 32.4672], [76.8915, 32.4388], [76.9096, 32.4417], [76.9178, 32.4357], [76.9121, 32.4199], [76.926, 32.4156], [76.9537, 32.4247], [76.9526, 32.4032], [76.962, 32.4033], [77.0588, 32.4292], [77.069, 32.417], [77.0785, 32.4173], [77.0747, 32.397], [77.1098, 32.3993], [77.1508, 32.416], [77.1963, 32.4014], [77.2038, 32.3895], [77.2292, 32.3744], [77.2462, 32.3764], [77.2769, 32.3584], [77.2836, 32.3445], [77.3083, 32.3361], [77.3264, 32.3216], [77.3476, 32.284], [77.3506, 32.2672], [77.345, 32.2539], [77.3701, 32.2227], [77.3955, 32.2187], [77.4285, 32.194], [77.4631, 32.1989], [77.4739, 32.2281], [77.5003, 32.2212], [77.5145, 32.2019], [77.525, 32.1999], [77.5322, 32.2001], [77.5332, 32.2136], [77.5455, 32.2228], [77.5643, 32.2092], [77.5731, 32.1887], [77.6521, 32.1478], [77.6625, 32.1287], [77.688, 32.1057], [77.7449, 32.0888], [77.762, 32.0917], [77.7704, 32.1091], [77.7634, 32.1216], [77.7767, 32.1384], [77.7984, 32.1497], [77.8055, 32.1832], [77.7414, 32.194], [77.7024, 32.2042], [77.6901, 32.2132], [77.6959, 32.2517], [77.7253, 32.2892], [77.7468, 32.2986], [77.7537, 32.3198], [77.6888, 32.3679], [77.6536, 32.3706], [77.6392, 32.3854], [77.6106, 32.3931], [77.6243, 32.4165], [77.6345, 32.4593], [77.6212, 32.5072], [77.5908, 32.5254], [77.5894, 32.566], [77.6353, 32.586], [77.6261, 32.6143], [77.6317, 32.626], [77.5802, 32.6741], [77.5932, 32.7045], [77.5853, 32.7232], [77.5611, 32.7256], [77.5363, 32.7473], [77.5395, 32.7609], [77.5504, 32.7568], [77.5801, 32.771], [77.6069, 32.7606], [77.6173, 32.7757], [77.6141, 32.8025], [77.6216, 32.8393], [77.5989, 32.8811], [77.595, 32.9267], [77.5626, 32.9093], [77.5374, 32.885], [77.5121, 32.8791], [77.5023, 32.8842], [77.4729, 32.8594], [77.4539, 32.8636], [77.4434, 32.8814], [77.4278, 32.8759], [77.415, 32.8847], [77.4052, 32.8833], [77.3773, 32.8573], [77.3803, 32.8443], [77.374, 32.823], [77.3535, 32.8166], [77.3392, 32.8201], [77.3227, 32.8519], [77.2989, 32.8535], [77.2759, 32.8743], [77.2652, 32.8628], [77.2564, 32.8631], [77.2424, 32.878], [77.2459, 32.8935], [77.2066, 32.9081], [77.1915, 32.9292], [77.1751, 32.9113], [77.1638, 32.9121], [77.1664, 32.9395], [77.1638, 32.9546], [77.153, 32.9591], [77.1541, 32.9787], [77.1209, 32.9855], [77.1148, 32.9759], [77.0926, 32.9716], [77.0836, 32.9839], [77.053, 32.9981], [77.0376, 32.9902], [77.0051, 32.9888], [77.0047, 32.9676], [76.9887, 32.9643], [76.9514, 32.9292], [76.9668, 32.9132], [76.9715, 32.8957], [76.9597, 32.884], [76.9537, 32.8457], [76.9441, 32.8372], [76.9522, 32.8237], [76.9422, 32.8125], [76.9146, 32.8004], [76.9219, 32.7629], [76.9159, 32.7129], [76.9012, 32.6944], [76.8993, 32.6781], [76.8775, 32.6479], [76.8745, 32.6317], [76.8294, 32.5752], [76.8063, 32.5348], [76.8049, 32.534]]]}}, {"type": "Feature", "properties": {"SUBDISTRICT": "Spiti", "STATE": "Himachal Pradesh", "shapeID": "7132399B708656805338", "source": "geoBoundaries gbOpen IND ADM3 (ODbL 1.0); source: Local Government Directory lgdirectory.gov.in via Pathways Data", "DISTRICT": "Lahul and Spiti"}, "geometry": {"type": "Polygon", "coordinates": [[[77.5363, 32.7473], [77.5611, 32.7256], [77.5853, 32.7232], [77.5932, 32.7045], [77.5802, 32.6741], [77.6317, 32.626], [77.6261, 32.6143], [77.6353, 32.586], [77.5894, 32.566], [77.5908, 32.5254], [77.6212, 32.5072], [77.6345, 32.4593], [77.6243, 32.4165], [77.6106, 32.3931], [77.6392, 32.3854], [77.6536, 32.3706], [77.6888, 32.3679], [77.7537, 32.3198], [77.7468, 32.2986], [77.7253, 32.2892], [77.6959, 32.2517], [77.6901, 32.2132], [77.7024, 32.2042], [77.7414, 32.194], [77.8055, 32.1832], [77.7984, 32.1497], [77.7767, 32.1384], [77.7634, 32.1216], [77.7704, 32.1091], [77.7649, 32.0948], [77.7449, 32.0888], [77.746, 32.0776], [77.766, 32.052], [77.7641, 32.0408], [77.7917, 32.0183], [77.7758, 32.0075], [77.8011, 31.9858], [77.7821, 31.9668], [77.7697, 31.9432], [77.7839, 31.9152], [77.8068, 31.8956], [77.8311, 31.8953], [77.869, 31.8827], [77.8501, 31.8708], [77.8409, 31.8554], [77.8497, 31.8295], [77.8483, 31.8057], [77.8992, 31.753], [77.9367, 31.7487], [77.9455, 31.7848], [78.01, 31.7755], [78.0261, 31.7603], [78.0582, 31.7835], [78.0835, 31.7875], [78.0968, 31.833], [78.0854, 31.8451], [78.0941, 31.8532], [78.09, 31.8584], [78.124, 31.8675], [78.1731, 31.8629], [78.1892, 31.8722], [78.1833, 31.8878], [78.1845, 31.9158], [78.2025, 31.9329], [78.2728, 31.9362], [78.3028, 31.927], [78.3119, 31.9382], [78.3434, 31.9342], [78.3714, 31.9604], [78.4018, 31.955], [78.4219, 31.9379], [78.457, 31.9396], [78.4544, 31.95], [78.4605, 31.9592], [78.4201, 31.9896], [78.438, 32.0435], [78.4492, 32.0551], [78.4822, 32.0483], [78.4838, 32.0421], [78.5426, 32.0635], [78.5879, 32.0605], [78.6013, 32.0524], [78.624, 32.0631], [78.6051, 32.0812], [78.5664, 32.0965], [78.5391, 32.1158], [78.459, 32.1963], [78.4561, 32.205], [78.4656, 32.2303], [78.4956, 32.2492], [78.4975, 32.257], [78.4925, 32.3078], [78.4738, 32.3301], [78.4841, 32.3489], [78.4822, 32.3587], [78.4597, 32.3837], [78.4856, 32.4181], [78.4704, 32.4515], [78.4468, 32.4751], [78.4362, 32.4781], [78.4263, 32.5064], [78.405, 32.5285], [78.3278, 32.4722], [78.296, 32.5043], [78.3167, 32.5257], [78.3142, 32.5739], [78.3494, 32.5813], [78.4066, 32.6197], [78.3887, 32.6346], [78.381, 32.6685], [78.3958, 32.7159], [78.3892, 32.7303], [78.3894, 32.7584], [78.3627, 32.7601], [78.3056, 32.7345], [78.316, 32.7214], [78.3136, 32.7094], [78.2544, 32.6913], [78.251, 32.6803], [78.2307, 32.6658], [78.2017, 32.6605], [78.1882, 32.6739], [78.1703, 32.6757], [78.1537, 32.667], [78.1391, 32.639], [78.111, 32.6589], [78.0966, 32.6495], [78.0829, 32.621], [78.0515, 32.6324], [78.052, 32.6124], [78.059, 32.602], [78.0533, 32.5886], [78.0, 32.5832], [77.9718, 32.6228], [77.9702, 32.6372], [77.9565, 32.6449], [77.9378, 32.6764], [77.9209, 32.69], [77.9271, 32.7184], [77.9362, 32.7278], [77.9296, 32.7335], [77.9329, 32.7631], [77.9173, 32.7724], [77.8987, 32.7725], [77.8848, 32.7874], [77.8868, 32.7975], [77.8791, 32.8133], [77.8655, 32.8256], [77.843, 32.8371], [77.8261, 32.8332], [77.8169, 32.8431], [77.7856, 32.8557], [77.7793, 32.8621], [77.7839, 32.8776], [77.7907, 32.8882], [77.8049, 32.889], [77.8081, 32.9027], [77.7306, 32.9693], [77.7217, 32.9636], [77.7131, 32.9753], [77.6976, 32.9753], [77.6889, 32.9838], [77.6833, 32.9836], [77.6713, 32.9569], [77.6309, 32.939], [77.6019, 32.9414], [77.595, 32.9267], [77.5989, 32.8811], [77.6223, 32.8336], [77.6141, 32.8025], [77.6173, 32.7757], [77.6102, 32.7648], [77.5992, 32.7603], [77.5801, 32.771], [77.5558, 32.7583], [77.5435, 32.7618], [77.5366, 32.7571], [77.5363, 32.7473]]]}}, {"type": "Feature", "properties": {"SUBDISTRICT": "Arki", "STATE": "Himachal Pradesh", "shapeID": "7132399B47266737210513", "source": "geoBoundaries gbOpen IND ADM3 (ODbL 1.0); source: Local Government Directory lgdirectory.gov.in via Pathways Data", "DISTRICT": "Solan"}, "geometry": {"type": "Polygon", "coordinates": [[[76.8221, 31.227], [76.8467, 31.1855], [76.8513, 31.1651], [76.8639, 31.1656], [76.8744, 31.15], [76.9, 31.1388], [76.9091, 31.1371], [76.9088, 31.1438], [76.9157, 31.1462], [76.905, 31.115], [76.9166, 31.1066], [76.9163, 31.098], [76.9253, 31.0983], [76.9203, 31.0787], [76.9243, 31.0648], [76.933, 31.0622], [76.933, 31.0467], [76.9492, 31.045], [76.9419, 31.0585], [76.943, 31.0748], [76.9589, 31.0827], [76.9668, 31.08], [76.9926, 31.1165], [77.0092, 31.1159], [77.0125, 31.1371], [77.0339, 31.1589], [77.0041, 31.1879], [76.9893, 31.1919], [76.9867, 31.2071], [76.9782, 31.2074], [76.967, 31.1948], [76.9613, 31.2115], [76.9506, 31.2201], [76.9423, 31.2152], [76.91, 31.2224], [76.9099, 31.215], [76.8984, 31.2095], [76.898, 31.2263], [76.8739, 31.2185], [76.8607, 31.2188], [76.8378, 31.232], [76.8258, 31.2255], [76.8221, 31.227]]]}}, {"type": "Feature", "properties": {"SUBDISTRICT": "Ramshahr", "STATE": "Himachal Pradesh", "shapeID": "7132399B30931807535874", "source": "geoBoundaries gbOpen IND ADM3 (ODbL 1.0); source: Local Government Directory lgdirectory.gov.in via Pathways Data", "DISTRICT": "Solan"}, "geometry": {"type": "Polygon", "coordinates": [[[76.7032, 31.1786], [76.7258, 31.1688], [76.7466, 31.1704], [76.7628, 31.1534], [76.7621, 31.1433], [76.7769, 31.142], [76.7711, 31.1312], [76.7626, 31.1296], [76.768, 31.114], [76.7638, 31.096], [76.7715, 31.0783], [76.7824, 31.0754], [76.8065, 31.045], [76.8369, 31.0286], [76.8567, 31.0264], [76.8543, 31.0389], [76.8647, 31.0515], [76.886, 31.0469], [76.9015, 31.0545], [76.8777, 31.0996], [76.8862, 31.1123], [76.8552, 31.1434], [76.8569, 31.1595], [76.8494, 31.167], [76.8467, 31.1855], [76.8221, 31.227], [76.8079, 31.2304], [76.7862, 31.2226], [76.7668, 31.1995], [76.7499, 31.1916], [76.7493, 31.1853], [76.7364, 31.1813], [76.7206, 31.1964], [76.7036, 31.1793], [76.7032, 31.1786]]]}}, {"type": "Feature", "properties": {"SUBDISTRICT": "Nalagarh", "STATE": "Himachal Pradesh", "shapeID": "7132399B356333899728", "source": "geoBoundaries gbOpen IND ADM3 (ODbL 1.0); source: Local Government Directory lgdirectory.gov.in via Pathways Data", "DISTRICT": "Solan"}, "geometry": {"type": "Polygon", "coordinates": [[[76.6126, 31.0503], [76.6272, 31.0187], [76.6236, 31.0009], [76.6722, 30.9722], [76.7394, 31.0104], [76.759, 31.012], [76.7683, 31.0246], [76.8069, 31.0447], [76.7824, 31.0754], [76.7715, 31.0783], [76.7645, 31.0939], [76.768, 31.114], [76.7626, 31.1296], [76.7754, 31.136], [76.7717, 31.145], [76.7631, 31.1428], [76.7508, 31.1506], [76.7401, 31.1393], [76.7025, 31.1323], [76.6943, 31.1163], [76.6415, 31.0939], [76.6291, 31.0966], [76.6186, 31.0751], [76.6232, 31.0574], [76.6164, 31.0528], [76.6126, 31.0503]]]}}, {"type": "Feature", "properties": {"SUBDISTRICT": "Krishangarh", "STATE": "Himachal Pradesh", "shapeID": "7132399B70404576882328", "source": "geoBoundaries gbOpen IND ADM3 (ODbL 1.0); source: Local Government Directory lgdirectory.gov.in via Pathways Data", "DISTRICT": "Solan"}, "geometry": {"type": "Polygon", "coordinates": [[[76.8543, 31.0384], [76.8717, 30.9977], [76.8904, 30.9966], [76.8835, 30.9912], [76.8897, 30.9892], [76.8871, 30.9762], [76.877, 30.9756], [76.8703, 30.9626], [76.8771, 30.9518], [76.8935, 30.95], [76.8934, 30.9334], [76.9145, 30.9366], [76.9109, 30.9295], [76.9254, 30.921], [76.9482, 30.9312], [76.9501, 30.9422], [76.9685, 30.9529], [76.9693, 30.9644], [76.9761, 30.9655], [76.9831, 30.9575], [76.9894, 30.9621], [76.9649, 31.0036], [76.9652, 31.0143], [76.9493, 31.0259], [76.9461, 31.0439], [76.9325, 31.0472], [76.932, 31.0638], [76.9132, 31.0613], [76.9024, 31.071], [76.8939, 31.0705], [76.9015, 31.0545], [76.886, 31.0469], [76.8694, 31.0535], [76.8543, 31.0389], [76.8543, 31.0384]]]}}, {"type": "Feature", "properties": {"SUBDISTRICT": "Kasauli", "STATE": "Himachal Pradesh", "shapeID": "7132399B4863670764689", "source": "geoBoundaries gbOpen IND ADM3 (ODbL 1.0); source: Local Government Directory lgdirectory.gov.in via Pathways Data", "DISTRICT": "Solan"}, "geometry": {"type": "Polygon", "coordinates": [[[76.9193, 30.8889], [76.9401, 30.8506], [76.941, 30.8335], [76.9563, 30.8253], [76.9672, 30.8073], [76.9925, 30.7948], [77.0019, 30.811], [77.0115, 30.8103], [77.0135, 30.785], [77.002, 30.773], [77.0179, 30.7623], [77.0181, 30.7484], [77.0287, 30.7478], [77.0317, 30.7589], [77.05, 30.7714], [77.0441, 30.7807], [77.0439, 30.8088], [77.0136, 30.8432], [77.038, 30.8391], [77.0702, 30.847], [77.0646, 30.8627], [77.0548, 30.8672], [77.0547, 30.8771], [77.0347, 30.8918], [77.0431, 30.8979], [77.0349, 30.9065], [77.0372, 30.9149], [76.9949, 30.9616], [76.9836, 30.9574], [76.9761, 30.9655], [76.9676, 30.9631], [76.9685, 30.9529], [76.9501, 30.9422], [76.9482, 30.9312], [76.9245, 30.92], [76.9203, 30.8917], [76.9193, 30.8889]]]}}, {"type": "Feature", "properties": {"SUBDISTRICT": "Kandaghat", "STATE": "Himachal Pradesh", "shapeID": "7132399B90903888353305", "source": "geoBoundaries gbOpen IND ADM3 (ODbL 1.0); source: Local Government Directory lgdirectory.gov.in via Pathways Data", "DISTRICT": "Solan"}, "geometry": {"type": "Polygon", "coordinates": [[[77.0273, 30.9882], [77.0459, 30.9687], [77.0706, 30.9723], [77.0765, 30.9594], [77.0977, 30.9412], [77.1165, 30.937], [77.1224, 30.9503], [77.135, 30.9486], [77.1525, 30.9215], [77.1851, 30.904], [77.1986, 30.888], [77.207, 30.8873], [77.2175, 30.9038], [77.2347, 30.9023], [77.2462, 30.9188], [77.2405, 30.9397], [77.252, 30.9476], [77.2347, 30.9603], [77.2027, 30.9698], [77.2086, 30.9911], [77.1864, 31.0091], [77.1712, 31.0048], [77.1489, 31.0085], [77.1448, 31.0209], [77.1299, 31.0293], [77.0952, 31.0368], [77.087, 31.027], [77.1029, 31.0258], [77.0972, 31.0165], [77.0694, 31.0294], [77.0529, 31.0189], [77.0489, 31.0008], [77.0301, 30.9985], [77.0288, 30.9901], [77.0273, 30.9882]]]}}, {"type": "Feature", "properties": {"SUBDISTRICT": "Rajgarh", "STATE": "Himachal Pradesh", "shapeID": "7132399B73865265921900", "source": "geoBoundaries gbOpen IND ADM3 (ODbL 1.0); source: Local Government Directory lgdirectory.gov.in via Pathways Data", "DISTRICT": "Sirmaur"}, "geometry": {"type": "Polygon", "coordinates": [[[77.2061, 30.8886], [77.2325, 30.8685], [77.2311, 30.8556], [77.2421, 30.8495], [77.2627, 30.8069], [77.2763, 30.8087], [77.3024, 30.766], [77.3148, 30.7617], [77.3134, 30.746], [77.32, 30.7427], [77.3422, 30.7736], [77.3531, 30.7783], [77.3488, 30.7882], [77.3588, 30.7946], [77.3604, 30.8065], [77.3515, 30.8168], [77.3611, 30.82], [77.3756, 30.8134], [77.3809, 30.8156], [77.3777, 30.8203], [77.3935, 30.824], [77.4007, 30.8326], [77.4225, 30.8257], [77.4391, 30.8362], [77.4529, 30.863], [77.4341, 30.8756], [77.3842, 30.8805], [77.3587, 30.8953], [77.3523, 30.8923], [77.3555, 30.8964], [77.3428, 30.8914], [77.3517, 30.9018], [77.3469, 30.905], [77.3386, 30.9044], [77.3287, 30.8908], [77.3196, 30.8969], [77.3172, 30.9086], [77.3238, 30.9237], [77.3404, 30.927], [77.3392, 30.9354], [77.3287, 30.9336], [77.3193, 30.9406], [77.3167, 30.9311], [77.3082, 30.9543], [77.3057, 30.9471], [77.2873, 30.9514], [77.2656, 30.9407], [77.2609, 30.9284], [77.2404, 30.9138], [77.2347, 30.9023], [77.2175, 30.9038], [77.2092, 30.8913], [77.2061, 30.8886]]]}}, {"type": "Feature", "properties": {"SUBDISTRICT": "Nohra", "STATE": "Himachal Pradesh", "shapeID": "7132399B48104734096364", "source": "geoBoundaries gbOpen IND ADM3 (ODbL 1.0); source: Local Government Directory lgdirectory.gov.in via Pathways Data", "DISTRICT": "Sirmaur"}, "geometry": {"type": "Polygon", "coordinates": [[[77.32, 30.7427], [77.3302, 30.7216], [77.3577, 30.7087], [77.3791, 30.6866], [77.4171, 30.7099], [77.4284, 30.7328], [77.4453, 30.7259], [77.4562, 30.7319], [77.4635, 30.7608], [77.4905, 30.7587], [77.5204, 30.7724], [77.5246, 30.7836], [77.493, 30.7941], [77.493, 30.8409], [77.4774, 30.8649], [77.4612, 30.866], [77.4529, 30.863], [77.4414, 30.8389], [77.4253, 30.8266], [77.4033, 30.8331], [77.3777, 30.8203], [77.3778, 30.814], [77.3611, 30.82], [77.3515, 30.8168], [77.3604, 30.8065], [77.3588, 30.7946], [77.3488, 30.7882], [77.3531, 30.7783], [77.3417, 30.773], [77.3214, 30.7438], [77.32, 30.7427]]]}}, {"type": "Feature", "properties": {"SUBDISTRICT": "Pachhad", "STATE": "Himachal Pradesh", "shapeID": "7132399B40716599751848", "source": "geoBoundaries gbOpen IND ADM3 (ODbL 1.0); source: Local Government Directory lgdirectory.gov.in via Pathways Data", "DISTRICT": "Sirmaur"}, "geometry": {"type": "Polygon", "coordinates": [[[77.0181, 30.7484], [77.0314, 30.7364], [77.0417, 30.7393], [77.0471, 30.7513], [77.0903, 30.7406], [77.1158, 30.7266], [77.1133, 30.7181], [77.1309, 30.7137], [77.1645, 30.6867], [77.1958, 30.6957], [77.2084, 30.6713], [77.2366, 30.654], [77.2639, 30.6568], [77.269, 30.6487], [77.2676, 30.6554], [77.2807, 30.6549], [77.2781, 30.661], [77.2945, 30.6704], [77.2959, 30.683], [77.3274, 30.7104], [77.3197, 30.7202], [77.3028, 30.7153], [77.2929, 30.7215], [77.2964, 30.7335], [77.3087, 30.7421], [77.2825, 30.7439], [77.2819, 30.7707], [77.2695, 30.7828], [77.2448, 30.7869], [77.2352, 30.7662], [77.2152, 30.784], [77.1992, 30.7709], [77.1903, 30.7815], [77.186, 30.7733], [77.1823, 30.7846], [77.1667, 30.7725], [77.1772, 30.7868], [77.1788, 30.8026], [77.1656, 30.7993], [77.1639, 30.8117], [77.1476, 30.8161], [77.1246, 30.8138], [77.126, 30.8194], [77.1055, 30.8351], [77.0882, 30.8286], [77.0813, 30.7903], [77.0344, 30.7614], [77.0287, 30.7478], [77.0206, 30.7486], [77.0181, 30.7484]]]}}, {"type": "Feature", "properties": {"SUBDISTRICT": "Renuka", "STATE": "Himachal Pradesh", "shapeID": "7132399B30498320960310", "source": "geoBoundaries gbOpen IND ADM3 (ODbL 1.0); source: Local Government Directory lgdirectory.gov.in via Pathways Data", "DISTRICT": "Sirmaur"}, "geometry": {"type": "Polygon", "coordinates": [[[77.3791, 30.6866], [77.3892, 30.6805], [77.3882, 30.6737], [77.4018, 30.673], [77.4159, 30.6601], [77.4215, 30.6377], [77.433, 30.6347], [77.4427, 30.6219], [77.44, 30.6004], [77.4549, 30.5978], [77.4524, 30.5905], [77.4591, 30.5844], [77.4746, 30.5866], [77.4894, 30.5799], [77.5098, 30.5846], [77.528, 30.5984], [77.5353, 30.6193], [77.5611, 30.6323], [77.5662, 30.6506], [77.5653, 30.6804], [77.5402, 30.6963], [77.5345, 30.7125], [77.5245, 30.7168], [77.5316, 30.7292], [77.5198, 30.7478], [77.4961, 30.7569], [77.4854, 30.7437], [77.4578, 30.7429], [77.4562, 30.7319], [77.4453, 30.7259], [77.432, 30.7345], [77.4171, 30.7181], [77.4171, 30.7099], [77.3816, 30.6873], [77.3791, 30.6866]]]}}, {"type": "Feature", "properties": {"SUBDISTRICT": "Dadahu", "STATE": "Himachal Pradesh", "shapeID": "7132399B12447453706454", "source": "geoBoundaries gbOpen IND ADM3 (ODbL 1.0); source: Local Government Directory lgdirectory.gov.in via Pathways Data", "DISTRICT": "Sirmaur"}, "geometry": {"type": "Polygon", "coordinates": [[[77.2779, 30.6598], [77.3301, 30.6365], [77.3552, 30.6342], [77.3543, 30.6263], [77.3775, 30.6151], [77.3733, 30.5926], [77.4013, 30.5799], [77.4081, 30.5618], [77.4294, 30.5701], [77.4397, 30.5647], [77.453, 30.574], [77.4549, 30.5978], [77.44, 30.6004], [77.4427, 30.6219], [77.433, 30.6347], [77.4215, 30.6377], [77.4159, 30.6601], [77.4018, 30.673], [77.3882, 30.6737], [77.3884, 30.6813], [77.3367, 30.7199], [77.3289, 30.7227], [77.3312, 30.7148], [77.3157, 30.6959], [77.2959, 30.683], [77.2945, 30.6704], [77.2781, 30.661], [77.2779, 30.6598]]]}}, {"type": "Feature", "properties": {"SUBDISTRICT": "Paonta Sahib", "STATE": "Himachal Pradesh", "shapeID": "7132399B2351685417171", "source": "geoBoundaries gbOpen IND ADM3 (ODbL 1.0); source: Local Government Directory lgdirectory.gov.in via Pathways Data", "DISTRICT": "Sirmaur"}, "geometry": {"type": "Polygon", "coordinates": [[[77.3762, 30.4536], [77.3827, 30.4412], [77.3935, 30.4415], [77.395, 30.4346], [77.4072, 30.4296], [77.4137, 30.414], [77.4637, 30.4605], [77.4693, 30.4536], [77.4665, 30.4356], [77.4528, 30.4196], [77.429, 30.4081], [77.448, 30.3989], [77.5, 30.4078], [77.5061, 30.4283], [77.523, 30.444], [77.556, 30.3924], [77.5837, 30.3798], [77.5941, 30.3853], [77.5861, 30.3882], [77.5803, 30.4065], [77.588, 30.4162], [77.6089, 30.4203], [77.6269, 30.4327], [77.6438, 30.4312], [77.6535, 30.4474], [77.6924, 30.4468], [77.7246, 30.4723], [77.7811, 30.4994], [77.8127, 30.5064], [77.8257, 30.5331], [77.8168, 30.5588], [77.7918, 30.5524], [77.7754, 30.5581], [77.7572, 30.5849], [77.7251, 30.6008], [77.7036, 30.5605], [77.6899, 30.5483], [77.6909, 30.5334], [77.6768, 30.527], [77.6693, 30.527], [77.6609, 30.541], [77.6347, 30.5499], [77.6254, 30.5648], [77.614, 30.5604], [77.5697, 30.5693], [77.5639, 30.563], [77.5362, 30.573], [77.5225, 30.5709], [77.5098, 30.5846], [77.4622, 30.5824], [77.4524, 30.5905], [77.4483, 30.5682], [77.4378, 30.5648], [77.4294, 30.5701], [77.4023, 30.5533], [77.3929, 30.5267], [77.4052, 30.5171], [77.3984, 30.5135], [77.4013, 30.4795], [77.377, 30.4578], [77.3762, 30.4536]]]}}, {"type": "Feature", "properties": {"SUBDISTRICT": "Kamrau", "STATE": "Himachal Pradesh", "shapeID": "7132399B39334799100206", "source": "geoBoundaries gbOpen IND ADM3 (ODbL 1.0); source: Local Government Directory lgdirectory.gov.in via Pathways Data", "DISTRICT": "Sirmaur"}, "geometry": {"type": "Polygon", "coordinates": [[[77.5098, 30.5846], [77.5225, 30.5709], [77.5362, 30.573], [77.5639, 30.563], [77.5697, 30.5693], [77.614, 30.5604], [77.6254, 30.5648], [77.6319, 30.5521], [77.6609, 30.541], [77.6693, 30.527], [77.6888, 30.5308], [77.6899, 30.5483], [77.7036, 30.5605], [77.723, 30.5994], [77.7438, 30.5928], [77.7457, 30.6022], [77.7519, 30.6032], [77.768, 30.5958], [77.7702, 30.6154], [77.7957, 30.6144], [77.7849, 30.6236], [77.7887, 30.6362], [77.7763, 30.6483], [77.78, 30.655], [77.7643, 30.6537], [77.7379, 30.6387], [77.6614, 30.6521], [77.5947, 30.6412], [77.5976, 30.6287], [77.5921, 30.6251], [77.5738, 30.6237], [77.5603, 30.6323], [77.5397, 30.6228], [77.528, 30.5984], [77.513, 30.5865], [77.5098, 30.5846]]]}}, {"type": "Feature", "properties": {"SUBDISTRICT": "Shalai", "STATE": "Himachal Pradesh", "shapeID": "7132399B41809364027310", "source": "geoBoundaries gbOpen IND ADM3 (ODbL 1.0); source: Local Government Directory lgdirectory.gov.in via Pathways Data", "DISTRICT": "Sirmaur"}, "geometry": {"type": "Polygon", "coordinates": [[[77.5331, 30.71], [77.5402, 30.6963], [77.5653, 30.6804], [77.5611, 30.6323], [77.5738, 30.6237], [77.5921, 30.6251], [77.5976, 30.6287], [77.5942, 30.6409], [77.6196, 30.6464], [77.6641, 30.652], [77.7379, 30.6387], [77.7643, 30.6537], [77.78, 30.655], [77.7763, 30.6483], [77.7822, 30.6469], [77.7928, 30.6589], [77.7796, 30.6604], [77.7472, 30.681], [77.7549, 30.7058], [77.7342, 30.7335], [77.7211, 30.7408], [77.7151, 30.7403], [77.7181, 30.7346], [77.7099, 30.7254], [77.6715, 30.7236], [77.6497, 30.7055], [77.6261, 30.71], [77.5884, 30.697], [77.5745, 30.7157], [77.5551, 30.7049], [77.5612, 30.7218], [77.5492, 30.7121], [77.5333, 30.7112], [77.5331, 30.71]]]}}, {"type": "Feature", "properties": {"SUBDISTRICT": "Rampur", "STATE": "Himachal Pradesh", "shapeID": "7132399B10426604843866", "source": "geoBoundaries gbOpen IND ADM3 (ODbL 1.0); source: Local Government Directory lgdirectory.gov.in via Pathways Data", "DISTRICT": "Shimla"}, "geometry": {"type": "Polygon", "coordinates": [[[77.5419, 31.3726], [77.5606, 31.3602], [77.5669, 31.3647], [77.5786, 31.3597], [77.5865, 31.3666], [77.6643, 31.3601], [77.6678, 31.3709], [77.6968, 31.3835], [77.7037, 31.4485], [77.7129, 31.4567], [77.7512, 31.456], [77.773, 31.4427], [77.8191, 31.4425], [77.8103, 31.4625], [77.7809, 31.4816], [77.7608, 31.5193], [77.7676, 31.5288], [77.7922, 31.5349], [77.8099, 31.5609], [77.8354, 31.5628], [77.8392, 31.5796], [77.8143, 31.611], [77.8249, 31.6381], [77.8122, 31.6632], [77.7947, 31.6738], [77.7835, 31.6949], [77.7508, 31.7138], [77.7348, 31.7146], [77.7156, 31.7042], [77.6859, 31.7035], [77.6479, 31.6577], [77.6634, 31.6347], [77.6535, 31.6293], [77.6486, 31.613], [77.6561, 31.5783], [77.6993, 31.5419], [77.7066, 31.4968], [77.6887, 31.4865], [77.671, 31.4628], [77.6282, 31.446], [77.6231, 31.4235], [77.634, 31.3974], [77.63, 31.391], [77.5914, 31.3955], [77.5478, 31.382], [77.5419, 31.3726]]]}}, {"type": "Feature", "properties": {"SUBDISTRICT": "Nankhari", "STATE": "Himachal Pradesh", "shapeID": "7132399B41299911309688", "source": "geoBoundaries gbOpen IND ADM3 (ODbL 1.0); source: Local Government Directory lgdirectory.gov.in via Pathways Data", "DISTRICT": "Shimla"}, "geometry": {"type": "Polygon", "coordinates": [[[77.5068, 31.2522], [77.5575, 31.2497], [77.5687, 31.2545], [77.5886, 31.2497], [77.5985, 31.2646], [77.6325, 31.2679], [77.6651, 31.2827], [77.6727, 31.3098], [77.6626, 31.3622], [77.6303, 31.3664], [77.616, 31.3604], [77.5865, 31.3666], [77.5786, 31.3597], [77.5669, 31.3647], [77.5606, 31.3602], [77.5419, 31.3726], [77.5317, 31.3535], [77.5484, 31.3304], [77.5344, 31.3214], [77.5154, 31.2939], [77.512, 31.2826], [77.5313, 31.2714], [77.5167, 31.2557], [77.5096, 31.2646], [77.509, 31.2542], [77.5068, 31.2522]]]}}, {"type": "Feature", "properties": {"SUBDISTRICT": "Kumharsain", "STATE": "Himachal Pradesh", "shapeID": "7132399B18283211099612", "source": "geoBoundaries gbOpen IND ADM3 (ODbL 1.0); source: Local Government Directory lgdirectory.gov.in via Pathways Data", "DISTRICT": "Shimla"}, "geometry": {"type": "Polygon", "coordinates": [[[77.3213, 31.2881], [77.3365, 31.2836], [77.3414, 31.273], [77.3559, 31.2651], [77.3654, 31.2655], [77.3799, 31.249], [77.392, 31.2537], [77.4121, 31.2338], [77.4303, 31.2313], [77.4475, 31.2382], [77.4536, 31.2154], [77.4777, 31.2073], [77.4785, 31.2023], [77.5002, 31.2162], [77.5048, 31.251], [77.4661, 31.2701], [77.4665, 31.2867], [77.4497, 31.2996], [77.4674, 31.2979], [77.4759, 31.3069], [77.4754, 31.325], [77.4991, 31.3308], [77.4983, 31.3361], [77.4625, 31.3309], [77.447, 31.343], [77.4188, 31.3462], [77.402, 31.3621], [77.3719, 31.3588], [77.3529, 31.3456], [77.3367, 31.2982], [77.3248, 31.293], [77.3213, 31.2881]]]}}, {"type": "Feature", "properties": {"SUBDISTRICT": "Seoni", "STATE": "Himachal Pradesh", "shapeID": "7132399B8376952586248", "source": "geoBoundaries gbOpen IND ADM3 (ODbL 1.0); source: Local Government Directory lgdirectory.gov.in via Pathways Data", "DISTRICT": "Shimla"}, "geometry": {"type": "Polygon", "coordinates": [[[77.0031, 31.2978], [77.0151, 31.2716], [77.0048, 31.2371], [77.0128, 31.234], [77.0191, 31.2197], [77.0381, 31.2233], [77.0576, 31.2044], [77.1041, 31.1828], [77.1036, 31.1703], [77.1135, 31.1673], [77.1371, 31.1752], [77.1605, 31.1675], [77.1617, 31.1764], [77.1844, 31.1857], [77.1828, 31.1953], [77.1968, 31.2039], [77.1886, 31.2254], [77.2073, 31.2466], [77.1966, 31.2443], [77.1902, 31.2552], [77.1618, 31.2308], [77.1326, 31.2287], [77.1217, 31.247], [77.0834, 31.2479], [77.0124, 31.292], [77.0031, 31.2978]]]}}, {"type": "Feature", "properties": {"SUBDISTRICT": "Chaupal", "STATE": "Himachal Pradesh", "shapeID": "7132399B8264496209264", "source": "geoBoundaries gbOpen IND ADM3 (ODbL 1.0); source: Local Government Directory lgdirectory.gov.in via Pathways Data", "DISTRICT": "Shimla"}, "geometry": {"type": "Polygon", "coordinates": [[[77.4113, 30.9264], [77.435, 30.894], [77.4321, 30.8722], [77.4518, 30.8626], [77.5001, 30.8702], [77.5334, 30.8666], [77.5527, 30.8982], [77.5919, 30.8926], [77.5989, 30.9205], [77.5898, 30.9259], [77.5903, 30.9335], [77.6254, 30.9393], [77.607, 30.9656], [77.6063, 30.9768], [77.6807, 31.0383], [77.6559, 31.0454], [77.6487, 31.0612], [77.6196, 31.0694], [77.5769, 31.0631], [77.5532, 31.0685], [77.535, 31.0502], [77.5376, 31.0392], [77.5297, 31.0298], [77.5283, 31.0074], [77.518, 30.9999], [77.5191, 30.9911], [77.4742, 31.014], [77.4606, 30.986], [77.4727, 30.9675], [77.4554, 30.9738], [77.4426, 30.9675], [77.4425, 30.945], [77.4133, 30.9272], [77.4113, 30.9264]]]}}, {"type": "Feature", "properties": {"SUBDISTRICT": "Nerua", "STATE": "Himachal Pradesh", "shapeID": "7132399B93608377565663", "source": "geoBoundaries gbOpen IND ADM3 (ODbL 1.0); source: Local Government Directory lgdirectory.gov.in via Pathways Data", "DISTRICT": "Shimla"}, "geometry": {"type": "Polygon", "coordinates": [[[77.5895, 30.9269], [77.5989, 30.9205], [77.5896, 30.8912], [77.6195, 30.8679], [77.6152, 30.8519], [77.6539, 30.854], [77.67, 30.8253], [77.6937, 30.8101], [77.6858, 30.7823], [77.7022, 30.7639], [77.7184, 30.7743], [77.7334, 30.8036], [77.7584, 30.8251], [77.7455, 30.8461], [77.7558, 30.8595], [77.7559, 30.8736], [77.7686, 30.8777], [77.7793, 30.8605], [77.8035, 30.8538], [77.7976, 30.8673], [77.7996, 30.8886], [77.815, 30.908], [77.8076, 30.9213], [77.7598, 30.9176], [77.7607, 30.9293], [77.7509, 30.935], [77.7488, 30.955], [77.7658, 30.9704], [77.762, 30.9825], [77.7748, 31.0099], [77.7654, 31.0297], [77.7288, 31.0318], [77.7277, 31.0406], [77.7119, 31.0538], [77.6821, 31.0457], [77.6775, 31.0337], [77.623, 30.9952], [77.606, 30.976], [77.607, 30.9656], [77.6254, 30.9393], [77.5903, 30.9335], [77.5895, 30.9275], [77.5895, 30.9269]]]}}, {"type": "Feature", "properties": {"SUBDISTRICT": "Jubbal", "STATE": "Himachal Pradesh", "shapeID": "7132399B84164876270000", "source": "geoBoundaries gbOpen IND ADM3 (ODbL 1.0); source: Local Government Directory lgdirectory.gov.in via Pathways Data", "DISTRICT": "Shimla"}, "geometry": {"type": "Polygon", "coordinates": [[[77.6231, 31.0681], [77.6487, 31.0612], [77.6559, 31.0454], [77.6777, 31.0397], [77.7112, 31.0537], [77.719, 31.0483], [77.7255, 31.0596], [77.7464, 31.0688], [77.7458, 31.0779], [77.7341, 31.0804], [77.7282, 31.0959], [77.7642, 31.0972], [77.7677, 31.1134], [77.7546, 31.1249], [77.7348, 31.1298], [77.7533, 31.1393], [77.7482, 31.1522], [77.734, 31.1542], [77.7127, 31.1695], [77.7018, 31.137], [77.6395, 31.1319], [77.6325, 31.1056], [77.6348, 31.0782], [77.6231, 31.0681]]]}}, {"type": "Feature", "properties": {"SUBDISTRICT": "Kotkhai", "STATE": "Himachal Pradesh", "shapeID": "7132399B9619760403462", "source": "geoBoundaries gbOpen IND ADM3 (ODbL 1.0); source: Local Government Directory lgdirectory.gov.in via Pathways Data", "DISTRICT": "Shimla"}, "geometry": {"type": "Polygon", "coordinates": [[[77.448, 31.1104], [77.4721, 31.0999], [77.4732, 31.0837], [77.5024, 31.081], [77.5035, 31.0754], [77.5394, 31.0586], [77.554, 31.069], [77.5769, 31.0631], [77.6231, 31.0681], [77.6348, 31.0782], [77.6325, 31.1056], [77.6397, 31.132], [77.6318, 31.1344], [77.63, 31.1519], [77.607, 31.1579], [77.5968, 31.1902], [77.5817, 31.2094], [77.5792, 31.2235], [77.5925, 31.2327], [77.5859, 31.2533], [77.5048, 31.251], [77.5002, 31.2162], [77.4823, 31.2035], [77.4807, 31.1722], [77.4701, 31.1414], [77.4613, 31.1389], [77.4637, 31.1288], [77.4482, 31.1109], [77.448, 31.1104]]]}}, {"type": "Feature", "properties": {"SUBDISTRICT": "Rohru", "STATE": "Himachal Pradesh", "shapeID": "7132399B69318532532196", "source": "geoBoundaries gbOpen IND ADM3 (ODbL 1.0); source: Local Government Directory lgdirectory.gov.in via Pathways Data", "DISTRICT": "Shimla"}, "geometry": {"type": "Polygon", "coordinates": [[[77.607, 31.1579], [77.63, 31.1519], [77.6318, 31.1344], [77.648, 31.1313], [77.7018, 31.137], [77.7123, 31.156], [77.7117, 31.1694], [77.734, 31.1542], [77.7478, 31.1525], [77.7519, 31.1451], [77.8027, 31.1638], [77.818, 31.1521], [77.83, 31.151], [77.8254, 31.1871], [77.81, 31.205], [77.819, 31.2225], [77.8161, 31.2376], [77.8, 31.273], [77.7708, 31.2939], [77.756, 31.3173], [77.7503, 31.3094], [77.7245, 31.3084], [77.6867, 31.3218], [77.6709, 31.3151], [77.6651, 31.2827], [77.6307, 31.2666], [77.6368, 31.2519], [77.6656, 31.2305], [77.6899, 31.2009], [77.6775, 31.186], [77.6335, 31.1774], [77.6306, 31.1678], [77.6082, 31.1637], [77.6073, 31.1587], [77.607, 31.1579]]]}}, {"type": "Feature", "properties": {"SUBDISTRICT": "Chirgaon", "STATE": "Himachal Pradesh", "shapeID": "7132399B15504627595573", "source": "geoBoundaries gbOpen IND ADM3 (ODbL 1.0); source: Local Government Directory lgdirectory.gov.in via Pathways Data", "DISTRICT": "Shimla"}, "geometry": {"type": "Polygon", "coordinates": [[[77.8263, 31.3352], [77.8486, 31.3258], [77.8575, 31.3144], [77.8595, 31.2982], [77.847, 31.2686], [77.8572, 31.261], [77.8517, 31.2209], [77.8754, 31.2116], [77.8666, 31.2051], [77.8714, 31.1983], [77.8784, 31.2003], [77.897, 31.1898], [77.8836, 31.1688], [77.8996, 31.1376], [77.9022, 31.1501], [77.9294, 31.152], [77.9885, 31.1873], [78.0588, 31.2859], [78.096, 31.3223], [78.1594, 31.35], [78.1533, 31.3599], [78.166, 31.3782], [78.1596, 31.3874], [78.1467, 31.3876], [78.1264, 31.4058], [78.1104, 31.4095], [78.1036, 31.4198], [78.0546, 31.4187], [78.0244, 31.4008], [77.9656, 31.4024], [77.9537, 31.3867], [77.9227, 31.3767], [77.8794, 31.3728], [77.8538, 31.3631], [77.8479, 31.3437], [77.8279, 31.3359], [77.8263, 31.3352]]]}}, {"type": "Feature", "properties": {"SUBDISTRICT": "Poo", "STATE": "Himachal Pradesh", "shapeID": "7132399B47341877256616", "source": "geoBoundaries gbOpen IND ADM3 (ODbL 1.0); source: Local Government Directory lgdirectory.gov.in via Pathways Data", "DISTRICT": "Kinnaur"}, "geometry": {"type": "Polygon", "coordinates": [[[78.1713, 31.8628], [78.1888, 31.8464], [78.1987, 31.8219], [78.2075, 31.8241], [78.2211, 31.8127], [78.2419, 31.8182], [78.2718, 31.7987], [78.2938, 31.7982], [78.2974, 31.7869], [78.3277, 31.7648], [78.3251, 31.7572], [78.3396, 31.7331], [78.3602, 31.7247], [78.3736, 31.7366], [78.3831, 31.7272], [78.4029, 31.7302], [78.3891, 31.7201], [78.3869, 31.7098], [78.406, 31.6942], [78.4151, 31.6666], [78.4312, 31.6472], [78.4404, 31.6477], [78.4467, 31.6702], [78.4659, 31.668], [78.4841, 31.675], [78.5248, 31.6698], [78.5719, 31.6778], [78.6011, 31.665], [78.616, 31.6675], [78.6389, 31.6521], [78.6945, 31.6401], [78.7378, 31.6514], [78.7505, 31.6691], [78.7492, 31.6809], [78.7558, 31.6812], [78.7404, 31.711], [78.7231, 31.7233], [78.723, 31.7419], [78.7133, 31.7572], [78.6975, 31.7726], [78.7046, 31.8142], [78.723, 31.8225], [78.7277, 31.8323], [78.7335, 31.8563], [78.7309, 31.8773], [78.7019, 31.882], [78.6954, 31.8727], [78.6638, 31.8622], [78.6272, 31.817], [78.5754, 31.7963], [78.5317, 31.7874], [78.484, 31.8204], [78.467, 31.8462], [78.4702, 31.8708], [78.4546, 31.9107], [78.4524, 31.9379], [78.4219, 31.9379], [78.4018, 31.955], [78.3714, 31.9604], [78.3434, 31.9342], [78.3119, 31.9382], [78.3028, 31.927], [78.2728, 31.9362], [78.2025, 31.9329], [78.1845, 31.9158], [78.1833, 31.8878], [78.1892, 31.8722], [78.1731, 31.8629], [78.1713, 31.8628]]]}}, {"type": "Feature", "properties": {"SUBDISTRICT": "Morang", "STATE": "Himachal Pradesh", "shapeID": "7132399B3847608978515", "source": "geoBoundaries gbOpen IND ADM3 (ODbL 1.0); source: Local Government Directory lgdirectory.gov.in via Pathways Data", "DISTRICT": "Kinnaur"}, "geometry": {"type": "Polygon", "coordinates": [[[78.0537, 31.7783], [78.0648, 31.7782], [78.0749, 31.7668], [78.1019, 31.7574], [78.0847, 31.7363], [78.0835, 31.7179], [78.0935, 31.7135], [78.0927, 31.704], [78.1109, 31.6984], [78.1435, 31.7036], [78.1881, 31.6883], [78.1926, 31.6997], [78.2457, 31.6937], [78.2823, 31.675], [78.3137, 31.647], [78.3162, 31.6412], [78.297, 31.6359], [78.2966, 31.6304], [78.3287, 31.5872], [78.3262, 31.5603], [78.359, 31.5416], [78.3711, 31.5198], [78.3715, 31.4824], [78.4049, 31.4763], [78.4073, 31.4605], [78.4228, 31.4486], [78.4175, 31.4338], [78.4245, 31.423], [78.458, 31.4254], [78.4523, 31.4083], [78.4593, 31.3977], [78.4798, 31.387], [78.5007, 31.3916], [78.5014, 31.3823], [78.5239, 31.3712], [78.5469, 31.3709], [78.5406, 31.3547], [78.5542, 31.3461], [78.5847, 31.3429], [78.5876, 31.332], [78.6073, 31.34], [78.6359, 31.3333], [78.6547, 31.3432], [78.6901, 31.3388], [78.7005, 31.3425], [78.7008, 31.3498], [78.728, 31.3515], [78.7464, 31.3678], [78.7601, 31.3466], [78.7674, 31.3445], [78.7608, 31.3559], [78.7672, 31.3801], [78.797, 31.4372], [78.7827, 31.4618], [78.7553, 31.4829], [78.7329, 31.4805], [78.7197, 31.5069], [78.7312, 31.529], [78.7764, 31.5513], [78.8423, 31.6109], [78.8373, 31.6232], [78.8045, 31.6416], [78.7963, 31.6774], [78.7648, 31.674], [78.7492, 31.6809], [78.7505, 31.6691], [78.7378, 31.6514], [78.6945, 31.6401], [78.6389, 31.6521], [78.616, 31.6675], [78.6011, 31.665], [78.5719, 31.6778], [78.5248, 31.6698], [78.4841, 31.675], [78.4659, 31.668], [78.4467, 31.6702], [78.4404, 31.6477], [78.4312, 31.6472], [78.4151, 31.6666], [78.406, 31.6942], [78.3869, 31.7098], [78.3891, 31.7201], [78.4029, 31.7302], [78.3831, 31.7272], [78.3736, 31.7366], [78.3602, 31.7247], [78.3396, 31.7331], [78.3251, 31.7572], [78.3277, 31.7648], [78.2974, 31.7869], [78.2938, 31.7982], [78.2718, 31.7987], [78.2419, 31.8182], [78.2211, 31.8127], [78.2075, 31.8241], [78.1987, 31.8219], [78.179, 31.8577], [78.1489, 31.8678], [78.09, 31.8584], [78.0941, 31.8532], [78.0854, 31.8451], [78.0968, 31.833], [78.0835, 31.7875], [78.0549, 31.7804], [78.0537, 31.7783]]]}}, {"type": "Feature", "properties": {"SUBDISTRICT": "Nichar", "STATE": "Himachal Pradesh", "shapeID": "7132399B84002534330250", "source": "geoBoundaries gbOpen IND ADM3 (ODbL 1.0); source: Local Government Directory lgdirectory.gov.in via Pathways Data", "DISTRICT": "Kinnaur"}, "geometry": {"type": "Polygon", "coordinates": [[[77.7508, 31.7138], [77.7835, 31.6949], [77.7947, 31.6738], [77.8122, 31.6632], [77.8249, 31.6381], [77.8143, 31.611], [77.8392, 31.5796], [77.8354, 31.5628], [77.8452, 31.5274], [77.8409, 31.507], [77.856, 31.5059], [77.8594, 31.5114], [77.8695, 31.504], [77.8826, 31.4869], [77.8801, 31.4708], [77.8982, 31.4568], [77.9027, 31.443], [77.9281, 31.4244], [77.9489, 31.4221], [77.9607, 31.4142], [77.9637, 31.4025], [77.9768, 31.4016], [78.0244, 31.4008], [78.0546, 31.4187], [78.0693, 31.4156], [78.0888, 31.4222], [78.1047, 31.4158], [78.1171, 31.4301], [78.1183, 31.4555], [78.1357, 31.4655], [78.1316, 31.4785], [78.1412, 31.4958], [78.1394, 31.5158], [78.122, 31.5185], [78.0867, 31.5117], [78.0807, 31.5031], [78.0782, 31.5132], [78.0598, 31.5214], [78.0514, 31.5077], [78.0431, 31.5125], [78.0383, 31.5283], [78.0447, 31.5335], [78.0366, 31.5436], [78.0111, 31.5465], [78.0266, 31.5544], [78.0406, 31.5731], [78.0408, 31.5914], [78.0689, 31.5952], [78.0757, 31.5779], [78.0955, 31.6055], [78.1108, 31.6132], [78.1307, 31.598], [78.1101, 31.589], [78.1211, 31.5769], [78.1549, 31.5852], [78.1627, 31.5946], [78.1569, 31.6054], [78.1721, 31.627], [78.1652, 31.6281], [78.1569, 31.644], [78.1408, 31.6481], [78.1296, 31.6398], [78.1116, 31.6694], [78.1111, 31.681], [78.1302, 31.699], [78.0927, 31.704], [78.0935, 31.7135], [78.0835, 31.7179], [78.0847, 31.7363], [78.0992, 31.7597], [78.0749, 31.7668], [78.0648, 31.7782], [78.0537, 31.7783], [78.0261, 31.7603], [78.01, 31.7755], [77.9455, 31.7848], [77.9422, 31.7584], [77.9306, 31.7469], [77.8992, 31.753], [77.8668, 31.7833], [77.8553, 31.7812], [77.8568, 31.7682], [77.8491, 31.7548], [77.8108, 31.7607], [77.7796, 31.7521], [77.763, 31.762], [77.7526, 31.7515], [77.7562, 31.7198], [77.7519, 31.7168], [77.7508, 31.7138]]]}}, {"type": "Feature", "properties": {"SUBDISTRICT": "Sangla", "STATE": "Himachal Pradesh", "shapeID": "7132399B65165089418573", "source": "geoBoundaries gbOpen IND ADM3 (ODbL 1.0); source: Local Government Directory lgdirectory.gov.in via Pathways Data", "DISTRICT": "Kinnaur"}, "geometry": {"type": "Polygon", "coordinates": [[[78.1047, 31.4158], [78.1467, 31.3876], [78.1534, 31.3907], [78.1633, 31.3838], [78.166, 31.3782], [78.1533, 31.3599], [78.1642, 31.3446], [78.2147, 31.3256], [78.2446, 31.3421], [78.26, 31.3278], [78.2919, 31.3238], [78.3018, 31.3151], [78.2954, 31.2928], [78.3067, 31.2859], [78.3321, 31.2803], [78.3844, 31.2831], [78.3886, 31.2744], [78.3965, 31.2766], [78.4127, 31.2429], [78.4295, 31.246], [78.4346, 31.255], [78.4593, 31.2393], [78.4817, 31.216], [78.4852, 31.1988], [78.5522, 31.2017], [78.5818, 31.2287], [78.6106, 31.2314], [78.6496, 31.2169], [78.6628, 31.1896], [78.675, 31.1982], [78.7227, 31.1899], [78.7728, 31.1896], [78.8103, 31.1999], [78.8184, 31.1941], [78.8128, 31.1774], [78.8269, 31.1643], [78.8339, 31.142], [78.8865, 31.1021], [78.9119, 31.1004], [78.9189, 31.1102], [78.9278, 31.1109], [78.9356, 31.1023], [78.9573, 31.0998], [78.9808, 31.1101], [79.0118, 31.1101], [79.0044, 31.1321], [78.991, 31.1455], [78.9927, 31.1649], [78.9872, 31.1772], [78.9615, 31.1884], [78.9512, 31.2005], [78.9505, 31.2172], [78.931, 31.22], [78.9226, 31.2396], [78.8816, 31.2748], [78.868, 31.2997], [78.8521, 31.3027], [78.8395, 31.2887], [78.7975, 31.2931], [78.7739, 31.3108], [78.7677, 31.3441], [78.7464, 31.3678], [78.728, 31.3515], [78.7008, 31.3498], [78.7005, 31.3425], [78.6901, 31.3388], [78.6547, 31.3432], [78.6359, 31.3333], [78.6073, 31.34], [78.5876, 31.332], [78.5847, 31.3429], [78.5542, 31.3461], [78.5406, 31.3547], [78.5469, 31.3709], [78.5239, 31.3712], [78.5014, 31.3823], [78.5007, 31.3916], [78.4798, 31.387], [78.4593, 31.3977], [78.4523, 31.4083], [78.4558, 31.4271], [78.4374, 31.4199], [78.4245, 31.423], [78.4175, 31.4338], [78.4228, 31.4486], [78.4073, 31.4605], [78.4049, 31.4763], [78.3715, 31.4824], [78.3281, 31.4531], [78.3161, 31.4566], [78.3045, 31.4706], [78.2177, 31.4779], [78.1742, 31.5177], [78.154, 31.5279], [78.138, 31.5202], [78.1412, 31.4958], [78.1316, 31.4785], [78.1357, 31.4655], [78.1183, 31.4555], [78.1161, 31.4277], [78.1047, 31.4158]]]}}, {"type": "Feature", "properties": {"SUBDISTRICT": "Sainj", "STATE": "Himachal Pradesh", "shapeID": "7132399B24964729549835", "source": "geoBoundaries gbOpen IND ADM3 (ODbL 1.0); source: Local Government Directory lgdirectory.gov.in via Pathways Data", "DISTRICT": "Kullu"}, "geometry": {"type": "Polygon", "coordinates": [[[77.2095, 31.76], [77.2175, 31.721], [77.2253, 31.7248], [77.2386, 31.7191], [77.2835, 31.6915], [77.2962, 31.6991], [77.2908, 31.7175], [77.2992, 31.7224], [77.3343, 31.7162], [77.3739, 31.7233], [77.403, 31.7098], [77.4276, 31.7239], [77.4427, 31.7162], [77.4556, 31.7193], [77.4633, 31.732], [77.4499, 31.766], [77.4586, 31.8107], [77.4421, 31.8715], [77.3586, 31.8197], [77.3055, 31.8087], [77.2714, 31.787], [77.2223, 31.7669], [77.2095, 31.76]]]}}, {"type": "Feature", "properties": {"SUBDISTRICT": "Barsar", "STATE": "Himachal Pradesh", "shapeID": "7132399B63961241766659", "source": "geoBoundaries gbOpen IND ADM3 (ODbL 1.0); source: Local Government Directory lgdirectory.gov.in via Pathways Data", "DISTRICT": "Hamirpur"}, "geometry": {"type": "Polygon", "coordinates": [[[76.3956, 31.6137], [76.4394, 31.5368], [76.4392, 31.514], [76.459, 31.486], [76.5131, 31.4603], [76.5177, 31.4679], [76.536, 31.4654], [76.5301, 31.4838], [76.5323, 31.5017], [76.5207, 31.51], [76.5197, 31.5758], [76.5008, 31.5857], [76.5167, 31.5976], [76.4962, 31.606], [76.5068, 31.621], [76.4749, 31.6226], [76.4847, 31.6145], [76.4858, 31.6021], [76.4732, 31.5985], [76.4587, 31.5837], [76.4338, 31.5916], [76.418, 31.6178], [76.3983, 31.6156], [76.3956, 31.6137]]]}}, {"type": "Feature", "properties": {"SUBDISTRICT": "Galore", "STATE": "Himachal Pradesh", "shapeID": "7132399B82509214407130", "source": "geoBoundaries gbOpen IND ADM3 (ODbL 1.0); source: Local Government Directory lgdirectory.gov.in via Pathways Data", "DISTRICT": "Hamirpur"}, "geometry": {"type": "Polygon", "coordinates": [[[76.3819, 31.6707], [76.384, 31.6634], [76.4003, 31.6614], [76.3834, 31.6425], [76.3879, 31.634], [76.383, 31.6301], [76.3938, 31.615], [76.4161, 31.6187], [76.4338, 31.5916], [76.4587, 31.5837], [76.4732, 31.5985], [76.4858, 31.6021], [76.4847, 31.6145], [76.4749, 31.6226], [76.4843, 31.6255], [76.488, 31.6386], [76.4826, 31.6439], [76.4754, 31.6404], [76.4782, 31.655], [76.4563, 31.6551], [76.4468, 31.6626], [76.4475, 31.6758], [76.4168, 31.6633], [76.4124, 31.6701], [76.3938, 31.6742], [76.3819, 31.6707]]]}}, {"type": "Feature", "properties": {"SUBDISTRICT": "Baddi", "STATE": "Himachal Pradesh", "shapeID": "7132399B17399098768121", "source": "geoBoundaries gbOpen IND ADM3 (ODbL 1.0); source: Local Government Directory lgdirectory.gov.in via Pathways Data", "DISTRICT": "Solan"}, "geometry": {"type": "Polygon", "coordinates": [[[76.6722, 30.9722], [76.6818, 30.9664], [76.7078, 30.969], [76.7262, 30.9599], [76.7396, 30.9358], [76.7622, 30.9256], [76.7834, 30.9028], [76.8238, 30.9267], [76.8279, 30.9177], [76.8233, 30.9031], [76.8293, 30.8923], [76.8659, 30.8669], [76.9157, 30.8934], [76.9193, 30.8889], [76.9254, 30.921], [76.9109, 30.9295], [76.9145, 30.9366], [76.8934, 30.9334], [76.8909, 30.9518], [76.8771, 30.9518], [76.8703, 30.9626], [76.877, 30.9756], [76.8871, 30.9762], [76.8897, 30.9892], [76.8835, 30.9912], [76.8904, 30.9966], [76.8735, 30.9957], [76.8573, 31.0269], [76.8369, 31.0286], [76.8069, 31.0447], [76.7683, 31.0246], [76.759, 31.012], [76.7446, 31.0125], [76.7271, 31.0014], [76.6722, 30.9722]]]}}, {"type": "Feature", "properties": {"SUBDISTRICT": "Ronhat", "STATE": "Himachal Pradesh", "shapeID": "7132399B29288148575567", "source": "geoBoundaries gbOpen IND ADM3 (ODbL 1.0); source: Local Government Directory lgdirectory.gov.in via Pathways Data", "DISTRICT": "Sirmaur"}, "geometry": {"type": "Polygon", "coordinates": [[[77.574, 30.7717], [77.5767, 30.7584], [77.5889, 30.7535], [77.6009, 30.7357], [77.6042, 30.7224], [77.5938, 30.7139], [77.5931, 30.6979], [77.6261, 30.71], [77.6497, 30.7055], [77.6715, 30.7236], [77.707, 30.7243], [77.7184, 30.7357], [77.7054, 30.7435], [77.7022, 30.7639], [77.6854, 30.7867], [77.6646, 30.8014], [77.66, 30.7991], [77.6578, 30.806], [77.6243, 30.8081], [77.617, 30.7907], [77.5871, 30.7732], [77.574, 30.7732], [77.574, 30.7717]]]}}, {"type": "Feature", "properties": {"SUBDISTRICT": "Cheta", "STATE": "Himachal Pradesh", "shapeID": "7132399B983667706455", "source": "geoBoundaries gbOpen IND ADM3 (ODbL 1.0); source: Local Government Directory lgdirectory.gov.in via Pathways Data", "DISTRICT": "Shimla"}, "geometry": {"type": "Polygon", "coordinates": [[[77.4775, 30.8647], [77.493, 30.8409], [77.493, 30.7941], [77.5033, 30.7917], [77.5055, 30.8025], [77.5199, 30.8125], [77.5711, 30.819], [77.5507, 30.8285], [77.5478, 30.8389], [77.5326, 30.848], [77.5442, 30.8519], [77.5793, 30.8435], [77.5824, 30.8519], [77.5931, 30.8513], [77.5957, 30.8565], [77.5663, 30.8812], [77.5457, 30.8888], [77.5315, 30.8659], [77.5001, 30.8702], [77.478, 30.8654], [77.4775, 30.8647]]]}}, {"type": "Feature", "properties": {"SUBDISTRICT": "Kalpa", "STATE": "Himachal Pradesh", "shapeID": "7132399B23928615276136", "source": "geoBoundaries gbOpen IND ADM3 (ODbL 1.0); source: Local Government Directory lgdirectory.gov.in via Pathways Data", "DISTRICT": "Kinnaur"}, "geometry": {"type": "Polygon", "coordinates": [[[78.1111, 31.681], [78.1126, 31.6667], [78.1296, 31.6398], [78.1408, 31.6481], [78.1569, 31.644], [78.1652, 31.6281], [78.178, 31.6264], [78.195, 31.6055], [78.1943, 31.5655], [78.1776, 31.5553], [78.1728, 31.5331], [78.1629, 31.5231], [78.2014, 31.4955], [78.2058, 31.4843], [78.2272, 31.4739], [78.3045, 31.4706], [78.3161, 31.4566], [78.3281, 31.4531], [78.3711, 31.4808], [78.3711, 31.5198], [78.359, 31.5416], [78.3262, 31.5603], [78.3287, 31.5872], [78.296, 31.6341], [78.316, 31.6443], [78.2888, 31.6702], [78.2457, 31.6937], [78.1926, 31.6997], [78.1881, 31.6883], [78.1773, 31.6893], [78.1435, 31.7036], [78.1316, 31.703], [78.1126, 31.6823], [78.1111, 31.681]]]}}, {"type": "Feature", "properties": {"SUBDISTRICT": "Tikar", "STATE": "Himachal Pradesh", "shapeID": "7132399B46704212269087", "source": "geoBoundaries gbOpen IND ADM3 (ODbL 1.0); source: Local Government Directory lgdirectory.gov.in via Pathways Data", "DISTRICT": "Shimla"}, "geometry": {"type": "Polygon", "coordinates": [[[77.5791, 31.2224], [77.6082, 31.1637], [77.6297, 31.1672], [77.6335, 31.1774], [77.6775, 31.186], [77.6899, 31.2022], [77.6368, 31.2519], [77.6319, 31.2682], [77.5938, 31.2615], [77.5886, 31.2497], [77.5925, 31.2327], [77.5792, 31.2235], [77.5791, 31.2224]]]}}, {"type": "Feature", "properties": {"SUBDISTRICT": "Hangrang", "STATE": "Himachal Pradesh", "shapeID": "7132399B13797646762284", "source": "geoBoundaries gbOpen IND ADM3 (ODbL 1.0); source: Local Government Directory lgdirectory.gov.in via Pathways Data", "DISTRICT": "Kinnaur"}, "geometry": {"type": "Polygon", "coordinates": [[[78.4201, 31.9896], [78.4605, 31.9592], [78.4528, 31.9277], [78.4702, 31.8708], [78.467, 31.8462], [78.484, 31.8204], [78.5317, 31.7874], [78.5754, 31.7963], [78.6272, 31.817], [78.6638, 31.8622], [78.6954, 31.8727], [78.7019, 31.882], [78.7309, 31.8773], [78.7335, 31.8563], [78.7463, 31.9072], [78.7156, 31.9609], [78.6475, 32.021], [78.624, 32.0631], [78.6013, 32.0524], [78.5879, 32.0605], [78.5426, 32.0635], [78.4838, 32.0421], [78.4822, 32.0483], [78.4492, 32.0551], [78.438, 32.0435], [78.4207, 31.9961], [78.4201, 31.9896]]]}}, {"type": "Feature", "properties": {"SUBDISTRICT": "Aut", "STATE": "Himachal Pradesh", "shapeID": "7132399B29420247064862", "source": "geoBoundaries gbOpen IND ADM3 (ODbL 1.0); source: Local Government Directory lgdirectory.gov.in via Pathways Data", "DISTRICT": "Mandi"}, "geometry": {"type": "Polygon", "coordinates": [[[77.0739, 31.8345], [77.0893, 31.8177], [77.0878, 31.8002], [77.103, 31.7993], [77.127, 31.7743], [77.1263, 31.7507], [77.0771, 31.7459], [77.0761, 31.7221], [77.0879, 31.7148], [77.0898, 31.7019], [77.1034, 31.6939], [77.1048, 31.6839], [77.1192, 31.6913], [77.1847, 31.7006], [77.2183, 31.7214], [77.1906, 31.8147], [77.1761, 31.8262], [77.1804, 31.8416], [77.0787, 31.8331], [77.0739, 31.8345]]]}}, {"type": "Feature", "properties": {"SUBDISTRICT": "Fatehpur", "STATE": "Himachal Pradesh", "shapeID": "7132399B72774980158512", "source": "geoBoundaries gbOpen IND ADM3 (ODbL 1.0); source: Local Government Directory lgdirectory.gov.in via Pathways Data", "DISTRICT": "Kangra"}, "geometry": {"type": "Polygon", "coordinates": [[[75.7542, 32.0343], [75.7992, 31.9935], [75.8512, 31.9807], [75.8565, 31.9727], [75.8811, 31.9678], [75.9072, 31.9504], [75.9285, 31.9622], [75.9371, 31.9756], [75.9513, 31.9733], [75.9718, 31.9801], [75.9691, 31.9897], [75.984, 32.0047], [75.98, 32.0218], [75.9908, 32.0233], [75.9866, 32.026], [75.9908, 32.0264], [75.9898, 32.0633], [75.992, 32.0582], [76.0046, 32.0602], [76.0018, 32.0541], [76.006, 32.0572], [76.0072, 32.0524], [76.0116, 32.0586], [76.0021, 32.0682], [76.0013, 32.0827], [75.9774, 32.128], [75.9749, 32.163], [75.9547, 32.1705], [75.9342, 32.1692], [75.9228, 32.1602], [75.9265, 32.1523], [75.8863, 32.1519], [75.8965, 32.1267], [75.8794, 32.1036], [75.8671, 32.1042], [75.848, 32.126], [75.8499, 32.1455], [75.8389, 32.1458], [75.8305, 32.1344], [75.8306, 32.1483], [75.8236, 32.1472], [75.7858, 32.1283], [75.7717, 32.1119], [75.8021, 32.1128], [75.8054, 32.1062], [75.8225, 32.1011], [75.8297, 32.0894], [75.8401, 32.0863], [75.8455, 32.064], [75.8548, 32.0611], [75.8546, 32.0473], [75.8435, 32.0409], [75.8268, 32.057], [75.8134, 32.0429], [75.7931, 32.0632], [75.7644, 32.0425], [75.7542, 32.0343]]]}}, {"type": "Feature", "properties": {"SUBDISTRICT": "Shimla (urban)", "STATE": "Himachal Pradesh", "shapeID": "7132399B8531359619625", "source": "geoBoundaries gbOpen IND ADM3 (ODbL 1.0); source: Local Government Directory lgdirectory.gov.in via Pathways Data", "DISTRICT": "Shimla"}, "geometry": {"type": "Polygon", "coordinates": [[[77.1148, 31.108], [77.1181, 31.0992], [77.1282, 31.1007], [77.1264, 31.091], [77.1355, 31.0884], [77.1372, 31.0781], [77.1394, 31.0951], [77.1442, 31.0957], [77.1523, 31.0847], [77.1626, 31.0904], [77.1706, 31.08], [77.1753, 31.0858], [77.1808, 31.0724], [77.1946, 31.0758], [77.1861, 31.0844], [77.1866, 31.092], [77.1941, 31.09], [77.1926, 31.1038], [77.1996, 31.1064], [77.2067, 31.0992], [77.2099, 31.1061], [77.2055, 31.1089], [77.2169, 31.1102], [77.2304, 31.131], [77.2232, 31.1469], [77.2291, 31.131], [77.2007, 31.1121], [77.183, 31.1178], [77.1709, 31.1375], [77.1715, 31.1166], [77.1586, 31.1264], [77.1389, 31.1226], [77.1283, 31.1047], [77.1151, 31.1092], [77.1148, 31.108]]]}}, {"type": "Feature", "properties": {"SUBDISTRICT": "Junga", "STATE": "Himachal Pradesh", "shapeID": "7132399B96676609581129", "source": "geoBoundaries gbOpen IND ADM3 (ODbL 1.0); source: Local Government Directory lgdirectory.gov.in via Pathways Data", "DISTRICT": "Shimla"}, "geometry": {"type": "Polygon", "coordinates": [[[77.162, 31.0063], [77.1864, 31.0091], [77.2086, 30.9911], [77.2027, 30.9698], [77.2347, 30.9603], [77.252, 30.9476], [77.2405, 30.9397], [77.2462, 30.9188], [77.2609, 30.9284], [77.2656, 30.9407], [77.3006, 30.9567], [77.3017, 30.9681], [77.3077, 30.969], [77.3009, 30.9879], [77.3034, 31.0186], [77.2902, 31.0278], [77.269, 31.0625], [77.2172, 31.0634], [77.2032, 31.0455], [77.1755, 31.0338], [77.1636, 31.0089], [77.162, 31.0063]]]}}, {"type": "Feature", "properties": {"SUBDISTRICT": "Haroli", "STATE": "Himachal Pradesh", "shapeID": "7132399B16369778665664", "source": "geoBoundaries gbOpen IND ADM3 (ODbL 1.0); source: Local Government Directory lgdirectory.gov.in via Pathways Data", "DISTRICT": "Una"}, "geometry": {"type": "Polygon", "coordinates": [[[76.154, 31.433], [76.1708, 31.4023], [76.2021, 31.3989], [76.2353, 31.3801], [76.2334, 31.3705], [76.2284, 31.3776], [76.2214, 31.3734], [76.2182, 31.3526], [76.226, 31.339], [76.2477, 31.3342], [76.2513, 31.3111], [76.2695, 31.3125], [76.2751, 31.3033], [76.31, 31.3167], [76.3162, 31.3238], [76.31, 31.3397], [76.315, 31.3416], [76.2622, 31.4216], [76.2483, 31.4568], [76.2311, 31.4743], [76.1842, 31.456], [76.1588, 31.4375], [76.154, 31.433]]]}}, {"type": "Feature", "properties": {"SUBDISTRICT": "Tira Sujanpur", "STATE": "Himachal Pradesh", "shapeID": "7132399B52465197631303", "source": "geoBoundaries gbOpen IND ADM3 (ODbL 1.0); source: Local Government Directory lgdirectory.gov.in via Pathways Data", "DISTRICT": "Hamirpur"}, "geometry": {"type": "Polygon", "coordinates": [[[76.4374, 31.7997], [76.4426, 31.796], [76.4386, 31.7725], [76.4632, 31.7511], [76.4753, 31.7559], [76.4727, 31.7488], [76.4826, 31.7462], [76.5109, 31.7554], [76.5092, 31.7425], [76.5186, 31.7466], [76.5457, 31.7402], [76.5529, 31.7297], [76.5756, 31.7305], [76.599, 31.7461], [76.5737, 31.7665], [76.5717, 31.7894], [76.5801, 31.821], [76.5731, 31.8327], [76.575, 31.8426], [76.5832, 31.8435], [76.595, 31.8339], [76.6169, 31.8517], [76.6282, 31.8427], [76.6407, 31.8747], [76.606, 31.894], [76.5684, 31.8898], [76.5169, 31.8583], [76.5199, 31.844], [76.4703, 31.8292], [76.4741, 31.8108], [76.4592, 31.8182], [76.4554, 31.814], [76.4615, 31.8053], [76.4449, 31.8029], [76.4463, 31.8102], [76.4403, 31.8101], [76.4382, 31.8027], [76.4374, 31.7997]]]}}, {"type": "Feature", "properties": {"SUBDISTRICT": "Nirmand", "STATE": "Himachal Pradesh", "shapeID": "7132399B17956686623108", "source": "geoBoundaries gbOpen IND ADM3 (ODbL 1.0); source: Local Government Directory lgdirectory.gov.in via Pathways Data", "DISTRICT": "Kullu"}, "geometry": {"type": "Polygon", "coordinates": [[[77.4896, 31.4672], [77.4898, 31.4625], [77.5433, 31.4581], [77.5561, 31.4515], [77.5332, 31.4418], [77.5543, 31.419], [77.5593, 31.4259], [77.5636, 31.4233], [77.5835, 31.3919], [77.6005, 31.3959], [77.6197, 31.3885], [77.634, 31.3974], [77.6231, 31.4235], [77.6282, 31.446], [77.671, 31.4628], [77.709, 31.5024], [77.6993, 31.5419], [77.6561, 31.5783], [77.6486, 31.613], [77.6535, 31.6293], [77.6634, 31.6347], [77.649, 31.6607], [77.6423, 31.6606], [77.5999, 31.6384], [77.5758, 31.6389], [77.563, 31.6285], [77.5685, 31.6127], [77.5637, 31.6038], [77.539, 31.5924], [77.5311, 31.5713], [77.5207, 31.5759], [77.507, 31.5685], [77.4964, 31.5514], [77.5005, 31.532], [77.4949, 31.5215], [77.5106, 31.5177], [77.5145, 31.5067], [77.5259, 31.5002], [77.507, 31.4948], [77.4901, 31.4687], [77.4896, 31.4672]]]}}, {"type": "Feature", "properties": {"SUBDISTRICT": "Namhol", "STATE": "Himachal Pradesh", "shapeID": "7132399B73598865990372", "source": "geoBoundaries gbOpen IND ADM3 (ODbL 1.0); source: Local Government Directory lgdirectory.gov.in via Pathways Data", "DISTRICT": "Bilaspur"}, "geometry": {"type": "Polygon", "coordinates": [[[76.7991, 31.295], [76.8173, 31.2641], [76.7997, 31.2505], [76.8076, 31.2392], [76.8258, 31.2255], [76.8378, 31.232], [76.8607, 31.2188], [76.8739, 31.2185], [76.8835, 31.2239], [76.867, 31.2463], [76.8719, 31.2569], [76.8966, 31.2648], [76.8987, 31.2781], [76.9163, 31.2841], [76.928, 31.3022], [76.9194, 31.3137], [76.8802, 31.3274], [76.8699, 31.3258], [76.8423, 31.3415], [76.8312, 31.3406], [76.8106, 31.3568], [76.8173, 31.3376], [76.8049, 31.3279], [76.8113, 31.3185], [76.8096, 31.3061], [76.7996, 31.2988], [76.7991, 31.295]]]}}, {"type": "Feature", "properties": {"SUBDISTRICT": "Dharwala", "STATE": "Himachal Pradesh", "shapeID": "7132399B12164942241223", "source": "geoBoundaries gbOpen IND ADM3 (ODbL 1.0); source: Local Government Directory lgdirectory.gov.in via Pathways Data", "DISTRICT": "Chamba"}, "geometry": {"type": "Polygon", "coordinates": [[[76.1606, 32.4867], [76.1627, 32.4824], [76.17, 32.4889], [76.1873, 32.4848], [76.1866, 32.4436], [76.2191, 32.4543], [76.256, 32.4421], [76.2695, 32.4471], [76.2726, 32.4591], [76.2881, 32.45], [76.2898, 32.4427], [76.2796, 32.4346], [76.2857, 32.4229], [76.3055, 32.4251], [76.3168, 32.4562], [76.3307, 32.4575], [76.3421, 32.429], [76.3371, 32.4226], [76.3463, 32.4155], [76.3977, 32.4139], [76.4112, 32.4298], [76.4094, 32.4536], [76.3836, 32.4563], [76.3744, 32.4638], [76.3811, 32.4764], [76.4049, 32.4811], [76.4209, 32.5064], [76.4045, 32.5195], [76.4174, 32.5193], [76.4079, 32.54], [76.4142, 32.5535], [76.3951, 32.5632], [76.3937, 32.5515], [76.3844, 32.5484], [76.3905, 32.5451], [76.3809, 32.5218], [76.3378, 32.529], [76.3478, 32.5336], [76.3455, 32.5568], [76.3186, 32.5286], [76.3068, 32.5237], [76.3031, 32.5079], [76.3005, 32.5358], [76.2745, 32.5267], [76.2404, 32.5297], [76.2434, 32.515], [76.2289, 32.5124], [76.2412, 32.5006], [76.2428, 32.4831], [76.248, 32.4862], [76.2603, 32.4728], [76.207, 32.4765], [76.1762, 32.5094], [76.1669, 32.5061], [76.1707, 32.497], [76.1614, 32.4904], [76.1606, 32.4867]]]}}, {"type": "Feature", "properties": {"SUBDISTRICT": "Kakira", "STATE": "Himachal Pradesh", "shapeID": "7132399B53434009301881", "source": "geoBoundaries gbOpen IND ADM3 (ODbL 1.0); source: Local Government Directory lgdirectory.gov.in via Pathways Data", "DISTRICT": "Chamba"}, "geometry": {"type": "Polygon", "coordinates": [[[75.8911, 32.4825], [75.9473, 32.4303], [75.948, 32.4163], [75.9269, 32.4087], [75.9377, 32.3955], [75.9448, 32.3931], [75.9529, 32.4114], [75.964, 32.4098], [75.9716, 32.4246], [75.9878, 32.432], [75.9786, 32.4605], [75.9931, 32.4632], [75.9891, 32.5001], [75.9712, 32.4904], [75.9528, 32.4914], [75.9498, 32.4959], [75.9619, 32.5053], [75.9608, 32.5112], [75.9252, 32.5096], [75.8917, 32.4838], [75.8911, 32.4825]]]}}, {"type": "Feature", "properties": {"SUBDISTRICT": "Pukhri", "STATE": "Himachal Pradesh", "shapeID": "7132399B57233900363756", "source": "geoBoundaries gbOpen IND ADM3 (ODbL 1.0); source: Local Government Directory lgdirectory.gov.in via Pathways Data", "DISTRICT": "Chamba"}, "geometry": {"type": "Polygon", "coordinates": [[[76.0155, 32.6182], [76.0191, 32.6112], [76.0571, 32.6171], [76.0695, 32.6125], [76.0728, 32.6193], [76.0916, 32.625], [76.0961, 32.645], [76.1257, 32.6468], [76.1353, 32.6536], [76.1359, 32.6475], [76.1248, 32.6392], [76.1046, 32.6404], [76.1141, 32.6291], [76.1333, 32.6237], [76.1418, 32.6272], [76.1449, 32.6213], [76.1465, 32.633], [76.1549, 32.6334], [76.1635, 32.6501], [76.191, 32.6602], [76.1954, 32.6701], [76.1794, 32.6846], [76.1532, 32.6765], [76.1337, 32.6784], [76.0977, 32.7208], [76.0277, 32.6508], [76.0304, 32.6309], [76.0159, 32.6201], [76.0155, 32.6182]]]}}, {"type": "Feature", "properties": {"SUBDISTRICT": "Tauni Devi Bamson", "STATE": "Himachal Pradesh", "shapeID": "7132399B70946511690915", "source": "geoBoundaries gbOpen IND ADM3 (ODbL 1.0); source: Local Government Directory lgdirectory.gov.in via Pathways Data", "DISTRICT": "Hamirpur"}, "geometry": {"type": "Polygon", "coordinates": [[[76.5567, 31.6983], [76.568, 31.6884], [76.6131, 31.6871], [76.6223, 31.713], [76.6466, 31.7433], [76.6367, 31.7498], [76.6212, 31.7901], [76.6282, 31.8427], [76.6129, 31.851], [76.595, 31.8339], [76.5762, 31.8453], [76.5731, 31.8327], [76.5801, 31.821], [76.5717, 31.7894], [76.5737, 31.7665], [76.5931, 31.7544], [76.5988, 31.7437], [76.5724, 31.7303], [76.5571, 31.7076], [76.5567, 31.6983]]]}}, {"type": "Feature", "properties": {"SUBDISTRICT": "Kangoo", "STATE": "Himachal Pradesh", "shapeID": "7132399B39974688522925", "source": "geoBoundaries gbOpen IND ADM3 (ODbL 1.0); source: Local Government Directory lgdirectory.gov.in via Pathways Data", "DISTRICT": "Hamirpur"}, "geometry": {"type": "Polygon", "coordinates": [[[76.3661, 31.6466], [76.3842, 31.6304], [76.3834, 31.6425], [76.4003, 31.6614], [76.384, 31.6634], [76.3819, 31.6707], [76.3985, 31.6745], [76.4168, 31.6633], [76.4448, 31.6738], [76.4523, 31.6964], [76.4464, 31.6996], [76.4533, 31.7022], [76.4628, 31.6958], [76.468, 31.7048], [76.4556, 31.738], [76.4196, 31.7371], [76.3901, 31.7448], [76.4111, 31.7219], [76.3899, 31.7159], [76.3973, 31.6902], [76.3724, 31.6878], [76.3671, 31.6816], [76.3778, 31.6654], [76.369, 31.6613], [76.3687, 31.6493], [76.3661, 31.6466]]]}}, {"type": "Feature", "properties": {"SUBDISTRICT": "Bhota", "STATE": "Himachal Pradesh", "shapeID": "7132399B71530370951740", "source": "geoBoundaries gbOpen IND ADM3 (ODbL 1.0); source: Local Government Directory lgdirectory.gov.in via Pathways Data", "DISTRICT": "Hamirpur"}, "geometry": {"type": "Polygon", "coordinates": [[[76.4962, 31.6084], [76.5003, 31.6009], [76.5167, 31.5976], [76.5016, 31.5839], [76.5406, 31.5672], [76.5657, 31.5643], [76.5747, 31.5751], [76.5984, 31.5627], [76.5661, 31.6114], [76.5826, 31.6102], [76.5854, 31.6183], [76.5574, 31.6245], [76.5347, 31.6535], [76.5241, 31.6454], [76.5265, 31.636], [76.4964, 31.6086], [76.4962, 31.6084]]]}}, {"type": "Feature", "properties": {"SUBDISTRICT": "Alampur", "STATE": "Himachal Pradesh", "shapeID": "7132399B21459662313829", "source": "geoBoundaries gbOpen IND ADM3 (ODbL 1.0); source: Local Government Directory lgdirectory.gov.in via Pathways Data", "DISTRICT": "Kangra"}, "geometry": {"type": "Polygon", "coordinates": [[[76.4444, 31.851], [76.4564, 31.8342], [76.4701, 31.8291], [76.5199, 31.844], [76.5169, 31.8583], [76.5395, 31.8728], [76.5095, 31.9074], [76.5166, 31.9214], [76.5065, 31.9241], [76.5007, 31.943], [76.4841, 31.9052], [76.4892, 31.8969], [76.4977, 31.8995], [76.4993, 31.8705], [76.4821, 31.8789], [76.4798, 31.8873], [76.4544, 31.8743], [76.4586, 31.8634], [76.4453, 31.8524], [76.4444, 31.851]]]}}, {"type": "Feature", "properties": {"SUBDISTRICT": "Bhawarna", "STATE": "Himachal Pradesh", "shapeID": "7132399B56306869537668", "source": "geoBoundaries gbOpen IND ADM3 (ODbL 1.0); source: Local Government Directory lgdirectory.gov.in via Pathways Data", "DISTRICT": "Kangra"}, "geometry": {"type": "Polygon", "coordinates": [[[76.4597, 32.0186], [76.468, 31.9982], [76.4833, 31.9914], [76.4867, 31.9798], [76.4954, 31.977], [76.4874, 31.9657], [76.4921, 31.958], [76.4893, 31.9437], [76.4775, 31.938], [76.4965, 31.935], [76.5051, 31.9627], [76.5166, 31.9647], [76.5339, 31.9829], [76.5298, 32.0134], [76.5094, 32.0253], [76.5137, 32.0327], [76.507, 32.0339], [76.5089, 32.0443], [76.4966, 32.037], [76.4712, 32.0393], [76.4715, 32.0232], [76.4598, 32.0193], [76.4597, 32.0186]]]}}, {"type": "Feature", "properties": {"SUBDISTRICT": "Chadiyar", "STATE": "Himachal Pradesh", "shapeID": "7132399B70560277719708", "source": "geoBoundaries gbOpen IND ADM3 (ODbL 1.0); source: Local Government Directory lgdirectory.gov.in via Pathways Data", "DISTRICT": "Kangra"}, "geometry": {"type": "Polygon", "coordinates": [[[76.605, 31.9843], [76.6153, 31.9643], [76.6154, 31.9448], [76.6097, 31.9371], [76.6159, 31.9244], [76.6637, 31.921], [76.6649, 31.9068], [76.6765, 31.8957], [76.6941, 31.9326], [76.6896, 31.955], [76.6718, 31.9517], [76.6566, 31.9625], [76.6507, 31.9756], [76.6202, 31.9792], [76.6148, 31.9894], [76.6105, 31.987], [76.605, 31.9843]]]}}, {"type": "Feature", "properties": {"SUBDISTRICT": "Dadasiba", "STATE": "Himachal Pradesh", "shapeID": "7132399B14144393764391", "source": "geoBoundaries gbOpen IND ADM3 (ODbL 1.0); source: Local Government Directory lgdirectory.gov.in via Pathways Data", "DISTRICT": "Kangra"}, "geometry": {"type": "Polygon", "coordinates": [[[76.0236, 31.9064], [76.0339, 31.8914], [76.0476, 31.8922], [76.0438, 31.8816], [76.0505, 31.8746], [76.0674, 31.8826], [76.0622, 31.8637], [76.0728, 31.8635], [76.0768, 31.8508], [76.0608, 31.8491], [76.0728, 31.8391], [76.0827, 31.8444], [76.0904, 31.8236], [76.0977, 31.8208], [76.1194, 31.8362], [76.1194, 31.8489], [76.1031, 31.8587], [76.1062, 31.8668], [76.1297, 31.8651], [76.1213, 31.8488], [76.1254, 31.8454], [76.1515, 31.8488], [76.1624, 31.8718], [76.1417, 31.8571], [76.1424, 31.8848], [76.1658, 31.9117], [76.1782, 31.8976], [76.1959, 31.9088], [76.1812, 31.9326], [76.1678, 31.9396], [76.1511, 31.9262], [76.0804, 31.9456], [76.0398, 31.9474], [76.0411, 31.9265], [76.0262, 31.9164], [76.025, 31.9076], [76.0236, 31.9064]]]}}, {"type": "Feature", "properties": {"SUBDISTRICT": "Dareeni", "STATE": "Himachal Pradesh", "shapeID": "7132399B448140608456", "source": "geoBoundaries gbOpen IND ADM3 (ODbL 1.0); source: Local Government Directory lgdirectory.gov.in via Pathways Data", "DISTRICT": "Kangra"}, "geometry": {"type": "Polygon", "coordinates": [[[76.1604, 32.3179], [76.168, 32.2837], [76.1866, 32.2727], [76.183, 32.2365], [76.1886, 32.2436], [76.2068, 32.2379], [76.207, 32.2455], [76.2274, 32.2545], [76.248, 32.2499], [76.2623, 32.2683], [76.2873, 32.2651], [76.2859, 32.2599], [76.311, 32.2736], [76.3093, 32.288], [76.303, 32.2751], [76.3018, 32.2805], [76.2725, 32.2877], [76.2495, 32.2859], [76.247, 32.3026], [76.2398, 32.291], [76.2251, 32.2916], [76.2252, 32.298], [76.2122, 32.3036], [76.2049, 32.2986], [76.1909, 32.3311], [76.1705, 32.3156], [76.1631, 32.3203], [76.1604, 32.3179]]]}}, {"type": "Feature", "properties": {"SUBDISTRICT": "Gangath", "STATE": "Himachal Pradesh", "shapeID": "7132399B34363403321269", "source": "geoBoundaries gbOpen IND ADM3 (ODbL 1.0); source: Local Government Directory lgdirectory.gov.in via Pathways Data", "DISTRICT": "Kangra"}, "geometry": {"type": "Polygon", "coordinates": [[[75.6585, 32.2489], [75.6659, 32.2368], [75.6775, 32.2385], [75.683, 32.2331], [75.6998, 32.2394], [75.6996, 32.2295], [75.7098, 32.2378], [75.7218, 32.2344], [75.7339, 32.2394], [75.7372, 32.2238], [75.7182, 32.209], [75.7421, 32.1867], [75.7346, 32.1705], [75.7705, 32.1716], [75.7977, 32.1486], [75.8082, 32.1558], [75.8086, 32.1674], [75.7959, 32.1657], [75.7941, 32.1723], [75.8147, 32.1837], [75.8184, 32.1713], [75.8326, 32.1672], [75.8434, 32.1789], [75.854, 32.1785], [75.854, 32.1688], [75.8661, 32.1714], [75.8621, 32.1639], [75.8382, 32.1569], [75.8472, 32.1503], [75.8518, 32.1587], [75.8682, 32.1546], [75.8838, 32.1604], [75.8634, 32.1851], [75.8797, 32.1999], [75.8814, 32.2084], [75.876, 32.2092], [75.9006, 32.2187], [75.8794, 32.2272], [75.8812, 32.2418], [75.8661, 32.2418], [75.869, 32.251], [75.8465, 32.2423], [75.8485, 32.2545], [75.8296, 32.2437], [75.8269, 32.2348], [75.8252, 32.2455], [75.8064, 32.2503], [75.7965, 32.2399], [75.7869, 32.2412], [75.7909, 32.233], [75.7865, 32.2275], [75.7541, 32.2255], [75.7504, 32.2364], [75.7657, 32.2385], [75.7706, 32.2503], [75.7584, 32.2778], [75.6912, 32.2638], [75.6592, 32.2493], [75.6585, 32.2489]]]}}, {"type": "Feature", "properties": {"SUBDISTRICT": "Haripur", "STATE": "Himachal Pradesh", "shapeID": "7132399B82879419042633", "source": "geoBoundaries gbOpen IND ADM3 (ODbL 1.0); source: Local Government Directory lgdirectory.gov.in via Pathways Data", "DISTRICT": "Kangra"}, "geometry": {"type": "Polygon", "coordinates": [[[75.9429, 31.9771], [75.9542, 31.9667], [75.9967, 31.9683], [76.0372, 31.9478], [76.0804, 31.9456], [76.1511, 31.9262], [76.1678, 31.9396], [76.1812, 31.9326], [76.1981, 31.9068], [76.2097, 31.9126], [76.214, 31.9304], [76.2059, 31.9386], [76.2158, 31.9433], [76.2223, 31.9741], [76.2122, 31.9764], [76.2116, 31.982], [76.2332, 31.9941], [76.2233, 32.0092], [76.2158, 32.0134], [76.2095, 32.0063], [76.201, 32.0236], [76.1931, 32.0206], [76.1968, 32.0272], [76.1686, 32.0855], [76.1437, 32.095], [76.13, 32.0912], [76.1184, 32.0984], [76.109, 32.0887], [76.1054, 32.0749], [76.1169, 32.0457], [76.0863, 32.0172], [76.0575, 32.0262], [76.0437, 32.0419], [76.053, 32.0449], [76.0523, 32.0514], [76.0656, 32.0523], [76.0423, 32.0688], [76.0447, 32.0849], [76.0346, 32.0881], [76.0285, 32.1048], [76.0089, 32.0528], [76.002, 32.0537], [76.0046, 32.0602], [75.992, 32.0582], [75.9898, 32.0633], [75.9908, 32.0264], [75.9866, 32.026], [75.9908, 32.0233], [75.98, 32.0218], [75.984, 32.0047], [75.9691, 31.9897], [75.9718, 31.9801], [75.9513, 31.9733], [75.9438, 31.9769], [75.9429, 31.9771]]]}}, {"type": "Feature", "properties": {"SUBDISTRICT": "Kotla", "STATE": "Himachal Pradesh", "shapeID": "7132399B46461114415043", "source": "geoBoundaries gbOpen IND ADM3 (ODbL 1.0); source: Local Government Directory lgdirectory.gov.in via Pathways Data", "DISTRICT": "Kangra"}, "geometry": {"type": "Polygon", "coordinates": [[[75.9654, 32.2437], [75.9859, 32.224], [75.9956, 32.2294], [75.9907, 32.2455], [76.0003, 32.2464], [76.0, 32.2347], [76.0127, 32.2481], [76.0159, 32.2451], [76.006, 32.2345], [76.0192, 32.2246], [76.0239, 32.2487], [76.0331, 32.2385], [76.0265, 32.2335], [76.0384, 32.2198], [76.0248, 32.1994], [76.037, 32.1966], [76.0476, 32.1778], [76.1027, 32.1525], [76.1305, 32.1675], [76.1444, 32.1548], [76.1465, 32.1594], [76.1338, 32.1683], [76.1411, 32.1685], [76.1406, 32.1737], [76.1333, 32.1796], [76.1451, 32.2147], [76.134, 32.2109], [76.1283, 32.2209], [76.1331, 32.2283], [76.1226, 32.2284], [76.1198, 32.2568], [76.0866, 32.2711], [76.0474, 32.2644], [76.0329, 32.2702], [76.0256, 32.262], [76.0333, 32.2578], [76.0267, 32.2514], [75.9789, 32.2653], [75.9661, 32.244], [75.9654, 32.2437]]]}}, {"type": "Feature", "properties": {"SUBDISTRICT": "Lagru", "STATE": "Himachal Pradesh", "shapeID": "7132399B25943743978916", "source": "geoBoundaries gbOpen IND ADM3 (ODbL 1.0); source: Local Government Directory lgdirectory.gov.in via Pathways Data", "DISTRICT": "Kangra"}, "geometry": {"type": "Polygon", "coordinates": [[[76.2765, 31.9406], [76.2897, 31.9363], [76.3285, 31.8967], [76.3334, 31.9009], [76.3269, 31.9147], [76.3517, 31.9154], [76.345, 31.9303], [76.3554, 31.931], [76.3606, 31.9404], [76.3707, 31.9354], [76.3796, 31.9411], [76.3774, 31.9567], [76.363, 31.9507], [76.3688, 31.9571], [76.3641, 31.9643], [76.3027, 31.9576], [76.2774, 31.9418], [76.2765, 31.9406]]]}}, {"type": "Feature", "properties": {"SUBDISTRICT": "Majheen", "STATE": "Himachal Pradesh", "shapeID": "7132399B74321972307706", "source": "geoBoundaries gbOpen IND ADM3 (ODbL 1.0); source: Local Government Directory lgdirectory.gov.in via Pathways Data", "DISTRICT": "Kangra"}, "geometry": {"type": "Polygon", "coordinates": [[[76.3629, 31.8474], [76.3691, 31.8312], [76.4127, 31.7847], [76.4145, 31.796], [76.4366, 31.7969], [76.4403, 31.8101], [76.4463, 31.8102], [76.4449, 31.8029], [76.4615, 31.8053], [76.4554, 31.814], [76.4592, 31.8182], [76.4741, 31.8108], [76.4701, 31.8291], [76.4542, 31.8362], [76.4495, 31.8496], [76.4252, 31.8497], [76.4207, 31.8442], [76.3913, 31.8634], [76.3735, 31.859], [76.3746, 31.8496], [76.3671, 31.8473], [76.3629, 31.8474]]]}}, {"type": "Feature", "properties": {"SUBDISTRICT": "Nagrota Surian", "STATE": "Himachal Pradesh", "shapeID": "7132399B93820622910131", "source": "geoBoundaries gbOpen IND ADM3 (ODbL 1.0); source: Local Government Directory lgdirectory.gov.in via Pathways Data", "DISTRICT": "Kangra"}, "geometry": {"type": "Polygon", "coordinates": [[[76.0401, 32.0769], [76.0423, 32.0688], [76.0656, 32.0523], [76.0523, 32.0514], [76.053, 32.0449], [76.0437, 32.0419], [76.0575, 32.0262], [76.0863, 32.0172], [76.1169, 32.0457], [76.1054, 32.0749], [76.1109, 32.0903], [76.1051, 32.0909], [76.0889, 32.1264], [76.0764, 32.1229], [76.0684, 32.0952], [76.0447, 32.0849], [76.0401, 32.0769]]]}}, {"type": "Feature", "properties": {"SUBDISTRICT": "Panchrukhi", "STATE": "Himachal Pradesh", "shapeID": "7132399B82139608169140", "source": "geoBoundaries gbOpen IND ADM3 (ODbL 1.0); source: Local Government Directory lgdirectory.gov.in via Pathways Data", "DISTRICT": "Kangra"}, "geometry": {"type": "Polygon", "coordinates": [[[76.5081, 32.0275], [76.5164, 32.024], [76.5145, 32.0188], [76.5284, 32.0152], [76.5311, 32.0038], [76.569, 32.0124], [76.5678, 31.9911], [76.5787, 31.9863], [76.5921, 31.9984], [76.6146, 31.989], [76.6164, 31.9959], [76.5734, 32.0225], [76.5747, 32.0657], [76.5567, 32.0743], [76.5478, 32.0601], [76.5495, 32.069], [76.5427, 32.0739], [76.5407, 32.0693], [76.5275, 32.0772], [76.5149, 32.0734], [76.5233, 32.0452], [76.5158, 32.0363], [76.5202, 32.0288], [76.5088, 32.0274], [76.5081, 32.0275]]]}}, {"type": "Feature", "properties": {"SUBDISTRICT": "Pragpur", "STATE": "Himachal Pradesh", "shapeID": "7132399B17934923626919", "source": "geoBoundaries gbOpen IND ADM3 (ODbL 1.0); source: Local Government Directory lgdirectory.gov.in via Pathways Data", "DISTRICT": "Kangra"}, "geometry": {"type": "Polygon", "coordinates": [[[76.1496, 31.8065], [76.151, 31.7975], [76.1803, 31.784], [76.1827, 31.77], [76.1896, 31.7681], [76.2245, 31.7996], [76.2337, 31.7912], [76.259, 31.7996], [76.2632, 31.8073], [76.2566, 31.8075], [76.2575, 31.8208], [76.2648, 31.8097], [76.2695, 31.8121], [76.2783, 31.8304], [76.2514, 31.8474], [76.2231, 31.8392], [76.1976, 31.819], [76.2045, 31.8325], [76.1739, 31.8384], [76.1631, 31.8295], [76.1688, 31.8218], [76.1538, 31.8258], [76.1636, 31.8063], [76.1518, 31.8065], [76.1496, 31.8065]]]}}, {"type": "Feature", "properties": {"SUBDISTRICT": "Sulah", "STATE": "Himachal Pradesh", "shapeID": "7132399B13450857967673", "source": "geoBoundaries gbOpen IND ADM3 (ODbL 1.0); source: Local Government Directory lgdirectory.gov.in via Pathways Data", "DISTRICT": "Kangra"}, "geometry": {"type": "Polygon", "coordinates": [[[76.4678, 32.0657], [76.4756, 32.065], [76.4678, 32.0657], [76.4678, 32.0657]]]}}, {"type": "Feature", "properties": {"SUBDISTRICT": "Tapri", "STATE": "Himachal Pradesh", "shapeID": "7132399B59651095830059", "source": "geoBoundaries gbOpen IND ADM3 (ODbL 1.0); source: Local Government Directory lgdirectory.gov.in via Pathways Data", "DISTRICT": "Kinnaur"}, "geometry": {"type": "Polygon", "coordinates": [[[78.0111, 31.5465], [78.0366, 31.5436], [78.0447, 31.5335], [78.0383, 31.5283], [78.0431, 31.5125], [78.0514, 31.5077], [78.0598, 31.5214], [78.0682, 31.5211], [78.0807, 31.5031], [78.0867, 31.5117], [78.122, 31.5185], [78.1394, 31.5158], [78.14, 31.5241], [78.154, 31.5279], [78.1634, 31.5238], [78.1728, 31.5331], [78.1776, 31.5553], [78.1929, 31.5633], [78.1972, 31.5756], [78.1919, 31.5845], [78.1973, 31.5917], [78.195, 31.6055], [78.1721, 31.627], [78.1569, 31.6054], [78.1627, 31.5946], [78.1549, 31.5852], [78.1211, 31.5769], [78.1101, 31.589], [78.1307, 31.598], [78.1108, 31.6132], [78.0955, 31.6055], [78.0757, 31.5779], [78.0689, 31.5952], [78.0408, 31.5914], [78.0406, 31.5731], [78.0266, 31.5544], [78.0113, 31.548], [78.0111, 31.5465]]]}}, {"type": "Feature", "properties": {"SUBDISTRICT": "Bhuntar", "STATE": "Himachal Pradesh", "shapeID": "7132399B24155964358248", "source": "geoBoundaries gbOpen IND ADM3 (ODbL 1.0); source: Local Government Directory lgdirectory.gov.in via Pathways Data", "DISTRICT": "Kullu"}, "geometry": {"type": "Polygon", "coordinates": [[[77.0563, 31.8591], [77.0613, 31.8561], [77.0595, 31.8349], [77.0831, 31.8296], [77.1051, 31.8385], [77.1804, 31.8416], [77.1761, 31.8262], [77.1876, 31.8215], [77.1982, 31.7791], [77.2095, 31.76], [77.3055, 31.8087], [77.3586, 31.8197], [77.4475, 31.8741], [77.5842, 31.8612], [77.6354, 31.8765], [77.6673, 31.8629], [77.6853, 31.8466], [77.7264, 31.8403], [77.718, 31.8315], [77.7306, 31.8181], [77.7289, 31.8049], [77.7356, 31.7937], [77.7587, 31.7867], [77.7733, 31.7734], [77.7785, 31.7527], [77.8108, 31.7607], [77.8491, 31.7548], [77.8568, 31.7682], [77.8553, 31.7812], [77.8668, 31.7833], [77.8483, 31.8057], [77.8497, 31.8295], [77.8392, 31.8486], [77.8501, 31.8708], [77.869, 31.8827], [77.8311, 31.8953], [77.8068, 31.8956], [77.7839, 31.9152], [77.7697, 31.9432], [77.7821, 31.9668], [77.8011, 31.9858], [77.7758, 32.0075], [77.7917, 32.0183], [77.7641, 32.0408], [77.766, 32.052], [77.746, 32.0776], [77.7447, 32.0916], [77.688, 32.1057], [77.6625, 32.1287], [77.6521, 32.1478], [77.5731, 32.1887], [77.5643, 32.2092], [77.5455, 32.2228], [77.5332, 32.2136], [77.5322, 32.2001], [77.525, 32.1999], [77.5145, 32.2019], [77.5003, 32.2212], [77.4739, 32.2281], [77.4631, 32.1989], [77.4229, 32.1945], [77.4171, 32.2052], [77.3955, 32.2187], [77.3841, 32.2171], [77.3574, 32.2327], [77.345, 32.2539], [77.3487, 32.2621], [77.3193, 32.239], [77.3116, 32.2166], [77.2954, 32.1962], [77.3044, 32.1891], [77.2926, 32.1681], [77.2277, 32.0624], [77.1848, 32.0123], [77.1638, 31.9472], [77.1276, 31.9264], [77.1203, 31.9095], [77.0765, 31.8693], [77.058, 31.86], [77.0563, 31.8591]]]}}, {"type": "Feature", "properties": {"SUBDISTRICT": "Nither", "STATE": "Himachal Pradesh", "shapeID": "7132399B53920765720333", "source": "geoBoundaries gbOpen IND ADM3 (ODbL 1.0); source: Local Government Directory lgdirectory.gov.in via Pathways Data", "DISTRICT": "Kullu"}, "geometry": {"type": "Polygon", "coordinates": [[[77.4595, 31.3756], [77.4787, 31.3526], [77.4985, 31.3561], [77.5257, 31.3512], [77.5542, 31.3865], [77.5835, 31.3919], [77.5636, 31.4233], [77.5593, 31.4259], [77.5543, 31.419], [77.5332, 31.4418], [77.5561, 31.4515], [77.5433, 31.4581], [77.4898, 31.4625], [77.4874, 31.4176], [77.4972, 31.4021], [77.4624, 31.3786], [77.4595, 31.3756]]]}}, {"type": "Feature", "properties": {"SUBDISTRICT": "Balh", "STATE": "Himachal Pradesh", "shapeID": "7132399B98521286164995", "source": "geoBoundaries gbOpen IND ADM3 (ODbL 1.0); source: Local Government Directory lgdirectory.gov.in via Pathways Data", "DISTRICT": "Mandi"}, "geometry": {"type": "Polygon", "coordinates": [[[76.8583, 31.5581], [76.8674, 31.5525], [76.8812, 31.569], [76.8957, 31.57], [76.9016, 31.5834], [76.9311, 31.5847], [76.9274, 31.5772], [76.9377, 31.5565], [76.9323, 31.5457], [76.9469, 31.524], [76.945, 31.5121], [77.0055, 31.5013], [77.0172, 31.5106], [77.0067, 31.5244], [77.006, 31.545], [76.9963, 31.5638], [77.0009, 31.5745], [76.9979, 31.6155], [77.0061, 31.6225], [77.0059, 31.633], [76.9859, 31.6328], [76.9748, 31.6402], [76.9716, 31.6434], [76.9811, 31.6529], [76.9735, 31.6578], [76.9461, 31.6647], [76.9417, 31.6429], [76.9138, 31.6439], [76.9057, 31.65], [76.8954, 31.6399], [76.8881, 31.6474], [76.8736, 31.6393], [76.8648, 31.6249], [76.8725, 31.6078], [76.8608, 31.5865], [76.8652, 31.5682], [76.8588, 31.5598], [76.8583, 31.5581]]]}}, {"type": "Feature", "properties": {"SUBDISTRICT": "Chhatri", "STATE": "Himachal Pradesh", "shapeID": "7132399B98897717273404", "source": "geoBoundaries gbOpen IND ADM3 (ODbL 1.0); source: Local Government Directory lgdirectory.gov.in via Pathways Data", "DISTRICT": "Mandi"}, "geometry": {"type": "Polygon", "coordinates": [[[77.2267, 31.4677], [77.2354, 31.453], [77.2285, 31.4448], [77.2444, 31.4459], [77.2604, 31.4313], [77.2933, 31.4334], [77.3148, 31.4521], [77.3342, 31.4536], [77.3179, 31.5072], [77.3193, 31.5289], [77.3013, 31.5218], [77.2905, 31.5068], [77.2739, 31.5144], [77.2663, 31.5042], [77.2542, 31.5029], [77.2527, 31.4934], [77.2436, 31.497], [77.238, 31.4819], [77.23, 31.4819], [77.2288, 31.4711], [77.2267, 31.4677]]]}}, {"type": "Feature", "properties": {"SUBDISTRICT": "Dehar", "STATE": "Himachal Pradesh", "shapeID": "7132399B5861276661655", "source": "geoBoundaries gbOpen IND ADM3 (ODbL 1.0); source: Local Government Directory lgdirectory.gov.in via Pathways Data", "DISTRICT": "Mandi"}, "geometry": {"type": "Polygon", "coordinates": [[[76.7859, 31.4841], [76.798, 31.4762], [76.8033, 31.4514], [76.7972, 31.4456], [76.8037, 31.4403], [76.8041, 31.4226], [76.8806, 31.4118], [76.8835, 31.3883], [76.8652, 31.3811], [76.8757, 31.3672], [76.8758, 31.3544], [76.9232, 31.3653], [76.9333, 31.386], [76.958, 31.4133], [76.959, 31.4227], [76.9448, 31.4384], [76.92, 31.4482], [76.9096, 31.4444], [76.886, 31.4698], [76.8577, 31.4597], [76.8529, 31.4697], [76.8427, 31.4716], [76.8411, 31.4819], [76.8475, 31.4858], [76.8401, 31.4989], [76.7887, 31.493], [76.7859, 31.4841]]]}}, {"type": "Feature", "properties": {"SUBDISTRICT": "Katoula", "STATE": "Himachal Pradesh", "shapeID": "7132399B10445458560882", "source": "geoBoundaries gbOpen IND ADM3 (ODbL 1.0); source: Local Government Directory lgdirectory.gov.in via Pathways Data", "DISTRICT": "Mandi"}, "geometry": {"type": "Polygon", "coordinates": [[[76.9619, 31.8232], [76.9769, 31.8022], [76.9685, 31.7935], [76.974, 31.7864], [76.9786, 31.7888], [76.9808, 31.7695], [76.975, 31.7646], [76.9825, 31.7592], [76.9755, 31.75], [76.982, 31.7441], [76.986, 31.747], [76.9899, 31.7409], [77.0053, 31.7472], [77.0189, 31.7421], [77.0274, 31.7471], [77.0333, 31.7394], [77.0516, 31.738], [77.0554, 31.748], [77.0392, 31.7591], [77.0445, 31.7626], [77.059, 31.7601], [77.0594, 31.7451], [77.127, 31.7518], [77.125, 31.7799], [77.1104, 31.7865], [77.103, 31.7993], [77.0891, 31.7989], [77.0893, 31.8177], [77.0739, 31.8345], [77.0595, 31.8349], [77.0613, 31.8561], [77.0305, 31.8934], [77.0272, 31.9064], [77.0162, 31.8964], [77.0129, 31.8687], [76.9904, 31.8751], [76.9651, 31.8613], [76.9732, 31.851], [76.9679, 31.8425], [76.9761, 31.8259], [76.9672, 31.8291], [76.9621, 31.8238], [76.9619, 31.8232]]]}}, {"type": "Feature", "properties": {"SUBDISTRICT": "Makridi", "STATE": "Himachal Pradesh", "shapeID": "7132399B87202851599417", "source": "geoBoundaries gbOpen IND ADM3 (ODbL 1.0); source: Local Government Directory lgdirectory.gov.in via Pathways Data", "DISTRICT": "Mandi"}, "geometry": {"type": "Polygon", "coordinates": [[[76.743, 31.9023], [76.7575, 31.9], [76.763, 31.8913], [76.7515, 31.8879], [76.7685, 31.8748], [76.7525, 31.8688], [76.7575, 31.8543], [76.7507, 31.8409], [76.7727, 31.8161], [76.7863, 31.8318], [76.8143, 31.8162], [76.838, 31.8213], [76.841, 31.8271], [76.8387, 31.8514], [76.8074, 31.884], [76.8102, 31.902], [76.8047, 31.9199], [76.7675, 31.9136], [76.7701, 31.9042], [76.743, 31.9028], [76.743, 31.9023]]]}}, {"type": "Feature", "properties": {"SUBDISTRICT": "Mandap", "STATE": "Himachal Pradesh", "shapeID": "7132399B39975549235896", "source": "geoBoundaries gbOpen IND ADM3 (ODbL 1.0); source: Local Government Directory lgdirectory.gov.in via Pathways Data", "DISTRICT": "Mandi"}, "geometry": {"type": "Polygon", "coordinates": [[[76.741, 31.7583], [76.7561, 31.7511], [76.7748, 31.7258], [76.8059, 31.7374], [76.8291, 31.7252], [76.8316, 31.735], [76.8155, 31.7776], [76.8181, 31.8095], [76.8124, 31.8185], [76.7873, 31.8318], [76.7791, 31.8242], [76.7873, 31.8182], [76.7831, 31.7981], [76.7897, 31.7927], [76.7797, 31.7873], [76.7778, 31.7941], [76.7685, 31.7852], [76.7725, 31.7732], [76.7636, 31.7754], [76.7579, 31.769], [76.746, 31.773], [76.7421, 31.7641], [76.741, 31.7583]]]}}, {"type": "Feature", "properties": {"SUBDISTRICT": "Pangna", "STATE": "Himachal Pradesh", "shapeID": "7132399B56195145193220", "source": "geoBoundaries gbOpen IND ADM3 (ODbL 1.0); source: Local Government Directory lgdirectory.gov.in via Pathways Data", "DISTRICT": "Mandi"}, "geometry": {"type": "Polygon", "coordinates": [[[77.0783, 31.3413], [77.0914, 31.3225], [77.126, 31.3244], [77.1363, 31.339], [77.1248, 31.3537], [77.1379, 31.3485], [77.1445, 31.3695], [77.1654, 31.3731], [77.158, 31.3794], [77.162, 31.393], [77.157, 31.4026], [77.1679, 31.4042], [77.1658, 31.4158], [77.179, 31.4251], [77.1669, 31.4808], [77.1467, 31.4867], [77.1416, 31.4719], [77.1243, 31.4576], [77.0928, 31.4639], [77.1071, 31.4438], [77.0941, 31.4316], [77.0972, 31.423], [77.1047, 31.4228], [77.1026, 31.4112], [77.1105, 31.4041], [77.1006, 31.402], [77.0922, 31.3929], [77.0935, 31.3808], [77.0832, 31.3759], [77.0835, 31.3541], [77.0947, 31.3523], [77.0959, 31.347], [77.08, 31.3437], [77.0783, 31.3413]]]}}, {"type": "Feature", "properties": {"SUBDISTRICT": "Rewalsar", "STATE": "Himachal Pradesh", "shapeID": "7132399B5434305511629", "source": "geoBoundaries gbOpen IND ADM3 (ODbL 1.0); source: Local Government Directory lgdirectory.gov.in via Pathways Data", "DISTRICT": "Mandi"}, "geometry": {"type": "Polygon", "coordinates": [[[76.8059, 31.6208], [76.8178, 31.6139], [76.8212, 31.5984], [76.8362, 31.5994], [76.8308, 31.5889], [76.8241, 31.5882], [76.8285, 31.5773], [76.8218, 31.5732], [76.8269, 31.5716], [76.8103, 31.5391], [76.81, 31.5201], [76.823, 31.4961], [76.8338, 31.4949], [76.8468, 31.5035], [76.8556, 31.5294], [76.8678, 31.5384], [76.8674, 31.5525], [76.8583, 31.5581], [76.8652, 31.5682], [76.8608, 31.5865], [76.8725, 31.6078], [76.8648, 31.6249], [76.8736, 31.6393], [76.8836, 31.6426], [76.8759, 31.6566], [76.8716, 31.6469], [76.866, 31.6543], [76.8726, 31.6817], [76.8686, 31.6925], [76.8601, 31.6996], [76.8476, 31.6977], [76.8316, 31.6811], [76.8364, 31.6643], [76.8063, 31.6213], [76.8059, 31.6208]]]}}, {"type": "Feature", "properties": {"SUBDISTRICT": "Tihra", "STATE": "Himachal Pradesh", "shapeID": "7132399B97367494213040", "source": "geoBoundaries gbOpen IND ADM3 (ODbL 1.0); source: Local Government Directory lgdirectory.gov.in via Pathways Data", "DISTRICT": "Mandi"}, "geometry": {"type": "Polygon", "coordinates": [[[76.6229, 31.7842], [76.6367, 31.7498], [76.6739, 31.7321], [76.6722, 31.7218], [76.6886, 31.7088], [76.6869, 31.7014], [76.6912, 31.7195], [76.7246, 31.7339], [76.7155, 31.7433], [76.7284, 31.7625], [76.6715, 31.7816], [76.6557, 31.7763], [76.6548, 31.7933], [76.6414, 31.7827], [76.6251, 31.784], [76.6229, 31.7842]]]}}, {"type": "Feature", "properties": {"SUBDISTRICT": "Tikken", "STATE": "Himachal Pradesh", "shapeID": "7132399B10634552574824", "source": "geoBoundaries gbOpen IND ADM3 (ODbL 1.0); source: Local Government Directory lgdirectory.gov.in via Pathways Data", "DISTRICT": "Mandi"}, "geometry": {"type": "Polygon", "coordinates": [[[76.7804, 32.0647], [76.7905, 32.0571], [76.7934, 32.0449], [76.8268, 32.0354], [76.8319, 32.0171], [76.8491, 32.006], [76.852, 31.9936], [76.8708, 31.9727], [76.881, 31.9754], [76.8959, 31.9606], [76.9057, 31.9601], [76.9006, 31.9548], [76.911, 31.9494], [76.9095, 31.9392], [76.9194, 31.9358], [76.918, 31.9283], [76.9281, 31.9328], [76.9333, 31.9496], [76.9514, 31.9651], [76.9831, 31.9762], [76.9772, 32.0237], [76.944, 32.0447], [76.9394, 32.0628], [76.8873, 32.0576], [76.8424, 32.0411], [76.8037, 32.0659], [76.8011, 32.0736], [76.7871, 32.0734], [76.7809, 32.0661], [76.7804, 32.0647]]]}}, {"type": "Feature", "properties": {"SUBDISTRICT": "Deha", "STATE": "Himachal Pradesh", "shapeID": "7132399B5813302517309", "source": "geoBoundaries gbOpen IND ADM3 (ODbL 1.0); source: Local Government Directory lgdirectory.gov.in via Pathways Data", "DISTRICT": "Shimla"}, "geometry": {"type": "Polygon", "coordinates": [[[77.3982, 31.0728], [77.4128, 31.0579], [77.4147, 31.0427], [77.4384, 31.0502], [77.4226, 31.0336], [77.4163, 31.0055], [77.4178, 30.9954], [77.4408, 30.9759], [77.4426, 30.9675], [77.4554, 30.9738], [77.4727, 30.9675], [77.4606, 30.986], [77.4742, 31.014], [77.5191, 30.9911], [77.518, 30.9999], [77.5283, 31.0074], [77.5394, 31.0586], [77.5035, 31.0754], [77.5024, 31.081], [77.4732, 31.0837], [77.4734, 31.0891], [77.4559, 31.0951], [77.4494, 31.0899], [77.4444, 31.067], [77.4328, 31.0625], [77.3985, 31.0779], [77.3982, 31.0728]]]}}, {"type": "Feature", "properties": {"SUBDISTRICT": "Dhami", "STATE": "Himachal Pradesh", "shapeID": "7132399B94805648945364", "source": "geoBoundaries gbOpen IND ADM3 (ODbL 1.0); source: Local Government Directory lgdirectory.gov.in via Pathways Data", "DISTRICT": "Shimla"}, "geometry": {"type": "Polygon", "coordinates": [[[76.9926, 31.1165], [77.0001, 31.1054], [77.0467, 31.1161], [77.0414, 31.1385], [77.0551, 31.1389], [77.0393, 31.1564], [77.0528, 31.1606], [77.0444, 31.1754], [77.0533, 31.1742], [77.0818, 31.1925], [77.0498, 31.2099], [77.0381, 31.2233], [77.0222, 31.2212], [77.0052, 31.2031], [77.0041, 31.1879], [77.0339, 31.1589], [77.0125, 31.1371], [77.0092, 31.1159], [76.996, 31.1173], [76.9926, 31.1165]]]}}, {"type": "Feature", "properties": {"SUBDISTRICT": "Jalog", "STATE": "Himachal Pradesh", "shapeID": "7132399B2111499388828", "source": "geoBoundaries gbOpen IND ADM3 (ODbL 1.0); source: Local Government Directory lgdirectory.gov.in via Pathways Data", "DISTRICT": "Shimla"}, "geometry": {"type": "Polygon", "coordinates": [[[77.1886, 31.2254], [77.1973, 31.2092], [77.2166, 31.1998], [77.222, 31.186], [77.2539, 31.1582], [77.2545, 31.1398], [77.2779, 31.1368], [77.2793, 31.1289], [77.2871, 31.1342], [77.2874, 31.1455], [77.2785, 31.156], [77.2875, 31.157], [77.2859, 31.1744], [77.2949, 31.1893], [77.2833, 31.2011], [77.3255, 31.2164], [77.3388, 31.2434], [77.3661, 31.2649], [77.3469, 31.2697], [77.3365, 31.2836], [77.3213, 31.2881], [77.3019, 31.2697], [77.2827, 31.2658], [77.2706, 31.2756], [77.2484, 31.2542], [77.2196, 31.26], [77.1929, 31.2297], [77.1886, 31.2254]]]}}, {"type": "Feature", "properties": {"SUBDISTRICT": "Jangla", "STATE": "Himachal Pradesh", "shapeID": "7132399B96123169507974", "source": "geoBoundaries gbOpen IND ADM3 (ODbL 1.0); source: Local Government Directory lgdirectory.gov.in via Pathways Data", "DISTRICT": "Shimla"}, "geometry": {"type": "Polygon", "coordinates": [[[77.7566, 31.3166], [77.7708, 31.2939], [77.8, 31.273], [77.8126, 31.2487], [77.819, 31.2225], [77.81, 31.205], [77.8254, 31.1871], [77.83, 31.151], [77.8537, 31.1467], [77.8764, 31.1633], [77.8841, 31.1591], [77.8836, 31.1688], [77.8972, 31.1835], [77.8884, 31.1968], [77.8663, 31.2029], [77.8754, 31.2116], [77.8517, 31.2209], [77.8572, 31.261], [77.847, 31.2686], [77.8595, 31.2982], [77.8542, 31.3213], [77.8263, 31.3352], [77.7779, 31.3255], [77.7612, 31.3286], [77.7573, 31.3194], [77.7566, 31.3166]]]}}, {"type": "Feature", "properties": {"SUBDISTRICT": "Kotgarh", "STATE": "Himachal Pradesh", "shapeID": "7132399B63996141793916", "source": "geoBoundaries gbOpen IND ADM3 (ODbL 1.0); source: Local Government Directory lgdirectory.gov.in via Pathways Data", "DISTRICT": "Shimla"}, "geometry": {"type": "Polygon", "coordinates": [[[77.447, 31.343], [77.4625, 31.3309], [77.4983, 31.3361], [77.4991, 31.3308], [77.4754, 31.325], [77.4759, 31.3069], [77.4674, 31.2979], [77.4516, 31.302], [77.4499, 31.2976], [77.4665, 31.2867], [77.4661, 31.2701], [77.4849, 31.2569], [77.5048, 31.251], [77.5106, 31.2648], [77.5167, 31.2557], [77.5313, 31.2722], [77.5125, 31.2866], [77.5344, 31.3214], [77.5484, 31.3304], [77.5449, 31.3403], [77.5339, 31.3535], [77.4985, 31.3561], [77.4543, 31.3476], [77.447, 31.343]]]}}, {"type": "Feature", "properties": {"SUBDISTRICT": "Kupvi", "STATE": "Himachal Pradesh", "shapeID": "7132399B34543593492671", "source": "geoBoundaries gbOpen IND ADM3 (ODbL 1.0); source: Local Government Directory lgdirectory.gov.in via Pathways Data", "DISTRICT": "Shimla"}, "geometry": {"type": "Polygon", "coordinates": [[[77.5029, 30.7964], [77.5243, 30.7829], [77.5329, 30.7975], [77.5526, 30.7964], [77.5449, 30.7737], [77.6022, 30.7812], [77.6205, 30.7943], [77.6243, 30.8081], [77.6578, 30.806], [77.66, 30.7991], [77.6646, 30.8014], [77.6854, 30.7864], [77.6939, 30.7996], [77.6937, 30.8101], [77.67, 30.8253], [77.6531, 30.8548], [77.6165, 30.8509], [77.619, 30.8685], [77.5845, 30.8944], [77.563, 30.8996], [77.5527, 30.8982], [77.5457, 30.8888], [77.5733, 30.876], [77.5957, 30.8565], [77.5931, 30.8513], [77.5824, 30.8519], [77.5793, 30.8435], [77.5338, 30.8508], [77.5507, 30.8285], [77.5711, 30.819], [77.5199, 30.8125], [77.5055, 30.8025], [77.5029, 30.7964]]]}}, {"type": "Feature", "properties": {"SUBDISTRICT": "Sarahan", "STATE": "Himachal Pradesh", "shapeID": "7132399B25843759997702", "source": "geoBoundaries gbOpen IND ADM3 (ODbL 1.0); source: Local Government Directory lgdirectory.gov.in via Pathways Data", "DISTRICT": "Shimla"}, "geometry": {"type": "Polygon", "coordinates": [[[77.7608, 31.5193], [77.7809, 31.4816], [77.8103, 31.4625], [77.8147, 31.443], [77.8407, 31.4451], [77.8922, 31.4628], [77.8801, 31.4708], [77.8826, 31.4869], [77.8695, 31.504], [77.8594, 31.5114], [77.856, 31.5059], [77.8409, 31.507], [77.8452, 31.5274], [77.8354, 31.5628], [77.8099, 31.5609], [77.7922, 31.5349], [77.7676, 31.5288], [77.7608, 31.5193]]]}}, {"type": "Feature", "properties": {"SUBDISTRICT": "Taklech", "STATE": "Himachal Pradesh", "shapeID": "7132399B49201713390963", "source": "geoBoundaries gbOpen IND ADM3 (ODbL 1.0); source: Local Government Directory lgdirectory.gov.in via Pathways Data", "DISTRICT": "Shimla"}, "geometry": {"type": "Polygon", "coordinates": [[[77.6643, 31.3601], [77.6709, 31.3151], [77.6867, 31.3218], [77.7409, 31.3076], [77.7545, 31.3115], [77.7605, 31.3284], [77.7779, 31.3255], [77.8263, 31.3352], [77.8473, 31.3432], [77.8547, 31.3637], [77.9537, 31.3867], [77.9656, 31.4024], [77.9489, 31.4221], [77.9281, 31.4244], [77.9027, 31.443], [77.8922, 31.4628], [77.827, 31.4416], [77.773, 31.4427], [77.7512, 31.456], [77.7129, 31.4567], [77.7037, 31.4485], [77.6968, 31.3835], [77.6678, 31.3709], [77.6643, 31.3601]]]}}, {"type": "Feature", "properties": {"SUBDISTRICT": "Sarawati Nagar", "STATE": "Himachal Pradesh", "shapeID": "7132399B27675549691553", "source": "geoBoundaries gbOpen IND ADM3 (ODbL 1.0); source: Local Government Directory lgdirectory.gov.in via Pathways Data", "DISTRICT": "Shimla"}, "geometry": {"type": "Polygon", "coordinates": [[[77.719, 31.0483], [77.7288, 31.0318], [77.7667, 31.0287], [77.7756, 31.005], [77.762, 30.9825], [77.7658, 30.9704], [77.7852, 30.971], [77.8165, 30.9504], [77.8314, 30.9489], [77.8332, 30.9554], [77.8189, 30.9563], [77.8107, 30.9651], [77.828, 30.9942], [77.8205, 31.0021], [77.8238, 31.0091], [77.8108, 31.0095], [77.8078, 31.0181], [77.8118, 31.0298], [77.8295, 31.0293], [77.8151, 31.0575], [77.8292, 31.0563], [77.8392, 31.0698], [77.8574, 31.0767], [77.8661, 31.1064], [77.8933, 31.12], [77.9, 31.1384], [77.8771, 31.1634], [77.8537, 31.1467], [77.8193, 31.1515], [77.8027, 31.1638], [77.7568, 31.1488], [77.7516, 31.1369], [77.7348, 31.1298], [77.7593, 31.1219], [77.7693, 31.1032], [77.7642, 31.0972], [77.7282, 31.0959], [77.7341, 31.0804], [77.7458, 31.0779], [77.7464, 31.0688], [77.7218, 31.0565], [77.719, 31.0483]]]}}, {"type": "Feature", "properties": {"SUBDISTRICT": "Haripurdhar", "STATE": "Himachal Pradesh", "shapeID": "7132399B65298269464862", "source": "geoBoundaries gbOpen IND ADM3 (ODbL 1.0); source: Local Government Directory lgdirectory.gov.in via Pathways Data", "DISTRICT": "Sirmaur"}, "geometry": {"type": "Polygon", "coordinates": [[[77.4572, 30.7444], [77.4854, 30.7437], [77.4976, 30.7568], [77.5198, 30.7478], [77.5316, 30.7292], [77.5245, 30.7168], [77.5481, 30.7119], [77.5612, 30.7218], [77.5551, 30.7049], [77.5745, 30.7157], [77.5884, 30.697], [77.5938, 30.7139], [77.6039, 30.7216], [77.5963, 30.7434], [77.5756, 30.7599], [77.5742, 30.7746], [77.5884, 30.7766], [77.5449, 30.7737], [77.5529, 30.7929], [77.5486, 30.7975], [77.5296, 30.7958], [77.5204, 30.7724], [77.4922, 30.7592], [77.4635, 30.7608], [77.458, 30.7464], [77.4572, 30.7444]]]}}, {"type": "Feature", "properties": {"SUBDISTRICT": "Narag", "STATE": "Himachal Pradesh", "shapeID": "7132399B86740339927952", "source": "geoBoundaries gbOpen IND ADM3 (ODbL 1.0); source: Local Government Directory lgdirectory.gov.in via Pathways Data", "DISTRICT": "Sirmaur"}, "geometry": {"type": "Polygon", "coordinates": [[[77.1055, 30.8351], [77.126, 30.8194], [77.1246, 30.8138], [77.1476, 30.8161], [77.1639, 30.8117], [77.1656, 30.7993], [77.1788, 30.8026], [77.1772, 30.7868], [77.1667, 30.7725], [77.1823, 30.7846], [77.186, 30.7733], [77.1903, 30.7815], [77.1992, 30.7709], [77.2152, 30.784], [77.2352, 30.7662], [77.2448, 30.7869], [77.2695, 30.7828], [77.2819, 30.7707], [77.2825, 30.7439], [77.3087, 30.7421], [77.2964, 30.7335], [77.2965, 30.7174], [77.3168, 30.7211], [77.3274, 30.711], [77.3312, 30.7148], [77.3241, 30.7405], [77.3134, 30.746], [77.3148, 30.7617], [77.3024, 30.766], [77.2753, 30.8097], [77.2627, 30.8069], [77.2421, 30.8495], [77.2311, 30.8556], [77.2331, 30.8667], [77.2251, 30.8707], [77.224, 30.8787], [77.2144, 30.8808], [77.1953, 30.8651], [77.18, 30.8621], [77.1772, 30.846], [77.1664, 30.8449], [77.1555, 30.8566], [77.1192, 30.8535], [77.107, 30.8367], [77.1055, 30.8351]]]}}, {"type": "Feature", "properties": {"SUBDISTRICT": "Pajhota", "STATE": "Himachal Pradesh", "shapeID": "7132399B61293300349089", "source": "geoBoundaries gbOpen IND ADM3 (ODbL 1.0); source: Local Government Directory lgdirectory.gov.in via Pathways Data", "DISTRICT": "Sirmaur"}, "geometry": {"type": "Polygon", "coordinates": [[[77.2873, 30.9514], [77.3057, 30.9471], [77.3082, 30.9543], [77.3167, 30.9311], [77.3193, 30.9406], [77.3287, 30.9336], [77.3392, 30.9354], [77.3404, 30.927], [77.3238, 30.9237], [77.3172, 30.9086], [77.3196, 30.8969], [77.3287, 30.8908], [77.3386, 30.9044], [77.3469, 30.905], [77.3517, 30.9018], [77.3428, 30.8914], [77.3555, 30.8964], [77.3523, 30.8923], [77.3587, 30.8953], [77.3842, 30.8805], [77.4341, 30.8756], [77.435, 30.894], [77.4113, 30.9264], [77.4425, 30.945], [77.4408, 30.9759], [77.3942, 31.0121], [77.3737, 31.0222], [77.3633, 31.0098], [77.3375, 31.0009], [77.321, 30.9759], [77.3017, 30.9681], [77.3006, 30.9567], [77.2873, 30.9514], [77.2873, 30.9514]]]}}, {"type": "Feature", "properties": {"SUBDISTRICT": "Kunihar", "STATE": "Himachal Pradesh", "shapeID": "7132399B70121492300474", "source": "geoBoundaries gbOpen IND ADM3 (ODbL 1.0); source: Local Government Directory lgdirectory.gov.in via Pathways Data", "DISTRICT": "Solan"}, "geometry": {"type": "MultiPolygon", "coordinates": [[[[76.9417, 31.0674], [76.9464, 31.0519], [76.9732, 31.0558], [76.9738, 31.0642], [77.0008, 31.0832], [76.9959, 31.0996], [76.9856, 31.1042], [76.9668, 31.08], [76.9589, 31.0827], [76.943, 31.0748], [76.9417, 31.0674]]], [[[76.8535, 31.1634], [76.8552, 31.1434], [76.8868, 31.1108], [76.8777, 31.0996], [76.8933, 31.0708], [76.9024, 31.071], [76.9132, 31.0613], [76.9243, 31.0648], [76.9203, 31.0833], [76.9253, 31.0983], [76.9163, 31.098], [76.9166, 31.1066], [76.905, 31.115], [76.9157, 31.1462], [76.9088, 31.1438], [76.9091, 31.1371], [76.9, 31.1388], [76.8744, 31.15], [76.8579, 31.1668], [76.8535, 31.1634]]]]}}, {"type": "Feature", "properties": {"SUBDISTRICT": "Mamlig", "STATE": "Himachal Pradesh", "shapeID": "7132399B16908421394796", "source": "geoBoundaries gbOpen IND ADM3 (ODbL 1.0); source: Local Government Directory lgdirectory.gov.in via Pathways Data", "DISTRICT": "Solan"}, "geometry": {"type": "Polygon", "coordinates": [[[76.9852, 31.1073], [76.9964, 31.0989], [76.998, 31.0748], [77.0074, 31.0641], [76.999, 31.0531], [77.019, 31.0456], [77.0072, 31.0261], [77.0137, 31.0043], [77.0214, 31.0058], [77.0184, 30.9969], [77.0489, 31.0008], [77.0529, 31.0189], [77.0694, 31.0294], [77.0939, 31.0155], [77.1026, 31.0222], [77.087, 31.027], [77.0952, 31.0368], [77.0677, 31.0506], [77.0867, 31.0658], [77.0783, 31.0851], [77.0585, 31.09], [77.0392, 31.0683], [77.0348, 31.0798], [77.0279, 31.0817], [77.0268, 31.0918], [77.0561, 31.1039], [77.0467, 31.1161], [77.0001, 31.1054], [76.9927, 31.1136], [76.9855, 31.1086], [76.9852, 31.1073]]]}}, {"type": "Feature", "properties": {"SUBDISTRICT": "Panjehra", "STATE": "Himachal Pradesh", "shapeID": "7132399B1487785903452", "source": "geoBoundaries gbOpen IND ADM3 (ODbL 1.0); source: Local Government Directory lgdirectory.gov.in via Pathways Data", "DISTRICT": "Solan"}, "geometry": {"type": "Polygon", "coordinates": [[[76.6031, 31.1245], [76.6375, 31.1148], [76.6395, 31.107], [76.6291, 31.0966], [76.6415, 31.0939], [76.6996, 31.1188], [76.7025, 31.1323], [76.7401, 31.1393], [76.7508, 31.1506], [76.7612, 31.1463], [76.7628, 31.1534], [76.7466, 31.1704], [76.7258, 31.1688], [76.7033, 31.1778], [76.7206, 31.1964], [76.7364, 31.1813], [76.7493, 31.1853], [76.7499, 31.1916], [76.7668, 31.1995], [76.7862, 31.2226], [76.7791, 31.2205], [76.7749, 31.2271], [76.7326, 31.2402], [76.6941, 31.217], [76.6494, 31.2098], [76.6197, 31.194], [76.6043, 31.1797], [76.6039, 31.1541], [76.6126, 31.148], [76.6056, 31.1292], [76.6031, 31.1245]]]}}, {"type": "Feature", "properties": {"SUBDISTRICT": "Birhu Kalan", "STATE": "Himachal Pradesh", "shapeID": "7132399B90772863413579", "source": "geoBoundaries gbOpen IND ADM3 (ODbL 1.0); source: Local Government Directory lgdirectory.gov.in via Pathways Data", "DISTRICT": "Una"}, "geometry": {"type": "Polygon", "coordinates": [[[76.3098, 31.5858], [76.319, 31.5672], [76.3122, 31.5323], [76.3584, 31.4693], [76.3678, 31.4351], [76.3619, 31.4167], [76.3654, 31.4079], [76.3733, 31.4131], [76.371, 31.4271], [76.3774, 31.4388], [76.3895, 31.4196], [76.3872, 31.4111], [76.3958, 31.408], [76.3988, 31.427], [76.4173, 31.4126], [76.449, 31.4166], [76.4437, 31.4493], [76.4094, 31.4981], [76.3937, 31.5105], [76.3897, 31.5339], [76.3656, 31.5753], [76.3119, 31.5898], [76.3098, 31.5858]]]}}, {"type": "Feature", "properties": {"SUBDISTRICT": "Dulahar", "STATE": "Himachal Pradesh", "shapeID": "7132399B54326070441567", "source": "geoBoundaries gbOpen IND ADM3 (ODbL 1.0); source: Local Government Directory lgdirectory.gov.in via Pathways Data", "DISTRICT": "Una"}, "geometry": {"type": "Polygon", "coordinates": [[[76.148, 31.3805], [76.1535, 31.3509], [76.1802, 31.3392], [76.1867, 31.3044], [76.2202, 31.3028], [76.2513, 31.3111], [76.2477, 31.3342], [76.22, 31.3457], [76.2214, 31.3734], [76.2284, 31.3776], [76.2334, 31.3705], [76.2364, 31.3782], [76.2262, 31.3895], [76.1708, 31.4023], [76.1526, 31.3847], [76.148, 31.3805]]]}}, {"type": "Feature", "properties": {"SUBDISTRICT": "Gagret", "STATE": "Himachal Pradesh", "shapeID": "7132399B28364344807569", "source": "geoBoundaries gbOpen IND ADM3 (ODbL 1.0); source: Local Government Directory lgdirectory.gov.in via Pathways Data", "DISTRICT": "Una"}, "geometry": {"type": "Polygon", "coordinates": [[[76.0117, 31.6673], [76.0191, 31.6614], [76.0171, 31.6449], [76.0319, 31.6199], [76.0543, 31.6067], [76.0574, 31.5902], [76.0782, 31.5613], [76.1233, 31.5556], [76.1382, 31.5575], [76.1402, 31.5644], [76.1159, 31.6058], [76.1085, 31.6125], [76.0921, 31.6122], [76.0854, 31.6353], [76.0605, 31.6492], [76.0427, 31.677], [76.0267, 31.6784], [76.0118, 31.6698], [76.0117, 31.6673]]]}}, {"type": "Feature", "properties": {"SUBDISTRICT": "Ghanari", "STATE": "Himachal Pradesh", "shapeID": "7132399B46169255129931", "source": "geoBoundaries gbOpen IND ADM3 (ODbL 1.0); source: Local Government Directory lgdirectory.gov.in via Pathways Data", "DISTRICT": "Una"}, "geometry": {"type": "Polygon", "coordinates": [[[75.9364, 31.8159], [75.974, 31.7481], [75.972, 31.739], [75.9805, 31.732], [75.9902, 31.6938], [76.0066, 31.6829], [76.0118, 31.6698], [76.0607, 31.6957], [76.0559, 31.7104], [76.0794, 31.7115], [76.0846, 31.7263], [76.0761, 31.7424], [76.088, 31.7634], [76.085, 31.7748], [76.0386, 31.795], [76.0036, 31.826], [75.996, 31.8505], [75.959, 31.8562], [75.9861, 31.8132], [75.9676, 31.8226], [75.9414, 31.8151], [75.9364, 31.8159]]]}}, {"type": "Feature", "properties": {"SUBDISTRICT": "Ispur", "STATE": "Himachal Pradesh", "shapeID": "7132399B46141163162249", "source": "geoBoundaries gbOpen IND ADM3 (ODbL 1.0); source: Local Government Directory lgdirectory.gov.in via Pathways Data", "DISTRICT": "Una"}, "geometry": {"type": "Polygon", "coordinates": [[[76.0782, 31.5613], [76.1223, 31.4931], [76.1221, 31.4802], [76.1423, 31.4416], [76.1561, 31.431], [76.1732, 31.4492], [76.2244, 31.4756], [76.2135, 31.4804], [76.1884, 31.5135], [76.1779, 31.5317], [76.1731, 31.5611], [76.1573, 31.5678], [76.1233, 31.5556], [76.0786, 31.5613], [76.0782, 31.5613]]]}}, {"type": "Feature", "properties": {"SUBDISTRICT": "Jol", "STATE": "Himachal Pradesh", "shapeID": "7132399B89661498669830", "source": "geoBoundaries gbOpen IND ADM3 (ODbL 1.0); source: Local Government Directory lgdirectory.gov.in via Pathways Data", "DISTRICT": "Una"}, "geometry": {"type": "Polygon", "coordinates": [[[76.1767, 31.5999], [76.2169, 31.5778], [76.2405, 31.5882], [76.2533, 31.5826], [76.2682, 31.5691], [76.2658, 31.5513], [76.2846, 31.5412], [76.2873, 31.516], [76.3023, 31.5176], [76.3122, 31.5323], [76.319, 31.5672], [76.3066, 31.5897], [76.2872, 31.5974], [76.2707, 31.6255], [76.2731, 31.6354], [76.2903, 31.6389], [76.2739, 31.6658], [76.2871, 31.6887], [76.2712, 31.7057], [76.2541, 31.7164], [76.2508, 31.7045], [76.2162, 31.6696], [76.2124, 31.65], [76.1855, 31.6427], [76.1958, 31.6119], [76.1773, 31.6004], [76.1767, 31.5999]]]}}, {"type": "Feature", "properties": {"SUBDISTRICT": "Mehatpur", "STATE": "Himachal Pradesh", "shapeID": "7132399B91572988465711", "source": "geoBoundaries gbOpen IND ADM3 (ODbL 1.0); source: Local Government Directory lgdirectory.gov.in via Pathways Data", "DISTRICT": null}, "geometry": {"type": "Polygon", "coordinates": [[[76.2774, 31.4015], [76.315, 31.3416], [76.3318, 31.3497], [76.3441, 31.3427], [76.3507, 31.3504], [76.3437, 31.377], [76.3323, 31.3786], [76.33, 31.3999], [76.3436, 31.3986], [76.3654, 31.4079], [76.3619, 31.4167], [76.3678, 31.4351], [76.3616, 31.4538], [76.3145, 31.4458], [76.3198, 31.4271], [76.2849, 31.4296], [76.2872, 31.413], [76.2774, 31.4015]]]}}]}