{"type":"FeatureCollection","features":[{"type":"Feature","properties":{"SUBDISTRICT":"Mohammad Ganj","STATE":"Jharkhand","shapeID":"7132399B43465703420426","source":"geoBoundaries gbOpen IND ADM3 (ODbL 1.0); source: Local Government Directory lgdirectory.gov.in via Pathways Data","DISTRICT":"Palamu"},"geometry":{"type":"Polygon","coordinates":[[[83.8318,24.4209],[83.8547,24.4013],[83.939,24.3952],[83.9308,24.4052],[83.9322,24.4163],[83.924,24.4159],[83.9296,24.429],[83.9095,24.4396],[83.9024,24.4623],[83.9045,24.4821],[83.8973,24.4841],[83.8981,24.4895],[83.9071,24.4861],[83.9106,24.4952],[83.9227,24.4987],[83.9163,24.5018],[83.9131,24.5188],[83.8963,24.5247],[83.8963,24.5166],[83.8874,24.5186],[83.8928,24.5372],[83.8352,24.5322],[83.8334,24.4257],[83.8318,24.4209]]]}},{"type":"Feature","properties":{"SUBDISTRICT":"Purbi Tundi*","STATE":"Jharkhand","shapeID":"7132399B70596439165920","source":"geoBoundaries gbOpen IND ADM3 (ODbL 1.0); source: Local Government Directory lgdirectory.gov.in via Pathways Data","DISTRICT":"Dhanbad"},"geometry":{"type":"Polygon","coordinates":[[[86.5168,23.9709],[86.5186,23.962],[86.5342,23.9541],[86.5191,23.9371],[86.5329,23.9286],[86.5348,23.9197],[86.5235,23.8953],[86.558,23.8812],[86.5654,23.8712],[86.5752,23.8789],[86.579,23.8562],[86.6133,23.8802],[86.6247,23.9093],[86.6397,23.9213],[86.6347,23.938],[86.6142,23.9422],[86.5964,23.9539],[86.5751,23.9828],[86.5234,23.9843],[86.5234,23.9753],[86.517,23.9714],[86.5168,23.9709]]]}},{"type":"Feature","properties":{"SUBDISTRICT":"Ketar*","STATE":"Jharkhand","shapeID":"7132399B24461287242188","source":"geoBoundaries gbOpen IND ADM3 (ODbL 1.0); source: Local Government Directory lgdirectory.gov.in via Pathways Data","DISTRICT":"Garhwa"},"geometry":{"type":"Polygon","coordinates":[[[83.4921,24.5045],[83.5003,24.4844],[83.5241,24.4798],[83.5437,24.4656],[83.5446,24.4604],[83.523,24.4479],[83.5376,24.4318],[83.5633,24.4413],[83.5675,24.4501],[83.609,24.4615],[83.6469,24.462],[83.6508,24.4546],[83.642,24.4403],[83.6553,24.4429],[83.6858,24.4812],[83.7025,24.4899],[83.7064,24.5052],[83.6903,24.5146],[83.608,24.5122],[83.5503,24.525],[83.5061,24.5259],[83.4946,24.5232],[83.494,24.5154],[83.4921,24.5045]]]}},{"type":"Feature","properties":{"SUBDISTRICT":"Bashant Rai*","STATE":"Jharkhand","shapeID":"7132399B62734649216772","source":"geoBoundaries gbOpen IND ADM3 (ODbL 1.0); source: Local Government Directory lgdirectory.gov.in via Pathways Data","DISTRICT":"Godda"},"geometry":{"type":"Polygon","coordinates":[[[87.1499,25.0114],[87.1597,24.9916],[87.1546,24.9428],[87.1701,24.924],[87.1748,24.9296],[87.1849,24.9253],[87.1772,24.9358],[87.1805,24.9445],[87.1988,24.9295],[87.2064,24.9348],[87.2187,24.9309],[87.2,24.9498],[87.2005,24.9679],[87.2329,24.9629],[87.2348,24.9796],[87.2595,24.9839],[87.2545,24.9937],[87.2229,25.0087],[87.2238,25.0218],[87.2373,25.0241],[87.2089,25.0475],[87.1947,25.0461],[87.1945,25.0382],[87.1674,25.0369],[87.1528,25.0249],[87.15,25.0127],[87.1499,25.0114]]]}},{"type":"Feature","properties":{"SUBDISTRICT":"Karma Tanr Vidyasagar*","STATE":"Jharkhand","shapeID":"7132399B30834187148992","source":"geoBoundaries gbOpen IND ADM3 (ODbL 1.0); source: Local Government Directory lgdirectory.gov.in via Pathways Data","DISTRICT":"Jamtara"},"geometry":{"type":"Polygon","coordinates":[[[86.5988,24.1135],[86.649,24.0825],[86.6474,24.0714],[86.6632,24.0695],[86.6619,24.0596],[86.6707,24.0606],[86.6831,24.0423],[86.6578,24.0291],[86.6633,24.0211],[86.6809,24.0215],[86.6774,24.0159],[86.6827,24.0076],[86.697,24.0138],[86.7011,24.0336],[86.7201,24.025],[86.7195,24.0123],[86.7407,24.0119],[86.757,24.0191],[86.7777,24.0107],[86.7805,24.0197],[86.7879,24.0185],[86.7936,24.0258],[86.813,24.0125],[86.8353,24.0239],[86.8457,24.022],[86.8536,24.0298],[86.8133,24.0742],[86.7959,24.0695],[86.7882,24.059],[86.7741,24.0594],[86.7598,24.0727],[86.7607,24.0815],[86.7081,24.1028],[86.7011,24.1219],[86.7124,24.1471],[86.7016,24.1556],[86.6938,24.1538],[86.683,24.1193],[86.6699,24.1136],[86.6115,24.1238],[86.5991,24.1161],[86.5988,24.1135]]]}},{"type":"Feature","properties":{"SUBDISTRICT":"Nawadiha Bazar/Nawadiha*","STATE":"Jharkhand","shapeID":"7132399B20006171209967","source":"geoBoundaries gbOpen IND ADM3 (ODbL 1.0); source: Local Government Directory lgdirectory.gov.in via Pathways Data","DISTRICT":"Palamu"},"geometry":{"type":"Polygon","coordinates":[[[84.2203,24.3042],[84.2204,24.2888],[84.2512,24.2785],[84.2782,24.2968],[84.3061,24.2903],[84.3125,24.2812],[84.3377,24.2831],[84.3592,24.2917],[84.377,24.3216],[84.3939,24.3334],[84.4073,24.3744],[84.3925,24.379],[84.3897,24.3894],[84.3689,24.3863],[84.3434,24.3955],[84.3324,24.4233],[84.2977,24.4174],[84.2949,24.456],[84.2632,24.4521],[84.2782,24.4348],[84.2693,24.4269],[84.2546,24.4262],[84.2478,24.4166],[84.2719,24.4034],[84.2707,24.3826],[84.2604,24.3885],[84.2507,24.3851],[84.2531,24.3312],[84.2417,24.3271],[84.2435,24.3121],[84.2205,24.3059],[84.2203,24.3042]]]}},{"type":"Feature","properties":{"SUBDISTRICT":"Dandai","STATE":"Jharkhand","shapeID":"7132399B84010165104589","source":"geoBoundaries gbOpen IND ADM3 (ODbL 1.0); source: Local Government Directory lgdirectory.gov.in via Pathways Data","DISTRICT":"Garhwa"},"geometry":{"type":"Polygon","coordinates":[[[83.5461,24.0816],[83.6271,24.0573],[83.6535,24.0697],[83.6616,24.0422],[83.6828,24.0481],[83.6893,24.0587],[83.6875,24.0894],[83.7028,24.0954],[83.6983,24.1168],[83.6908,24.1258],[83.6571,24.122],[83.6482,24.1414],[83.6353,24.1489],[83.6304,24.1845],[83.6132,24.182],[83.5802,24.1632],[83.5768,24.1546],[83.582,24.143],[83.5521,24.09],[83.5461,24.0816]]]}},{"type":"Feature","properties":{"SUBDISTRICT":"Dumri","STATE":"Jharkhand","shapeID":"7132399B28039367095975","source":"geoBoundaries gbOpen IND ADM3 (ODbL 1.0); source: Local Government Directory lgdirectory.gov.in via Pathways Data","DISTRICT":"Giridih"},"geometry":{"type":"Polygon","coordinates":[[[85.9462,23.9276],[85.9575,23.9223],[85.962,23.9063],[85.9757,23.9133],[85.978,23.9039],[85.9929,23.8951],[85.9927,23.8824],[86.0019,23.8722],[86.0308,23.8965],[86.0689,23.8898],[86.0766,23.8802],[86.0854,23.8956],[86.11,23.8742],[86.1226,23.8747],[86.126,23.8623],[86.1382,23.8689],[86.1481,23.8771],[86.1534,23.9037],[86.1631,23.9099],[86.1337,23.9307],[86.1318,23.9435],[86.1234,23.9424],[86.1376,23.9762],[86.1778,23.984],[86.1793,23.9938],[86.1596,24.0027],[86.1591,24.0224],[86.1674,24.0333],[86.1604,24.0438],[86.1499,24.0497],[86.1401,24.0459],[86.1279,24.0612],[86.1387,24.0676],[86.1411,24.0875],[86.1658,24.0702],[86.1861,24.0656],[86.1968,24.0818],[86.2218,24.0972],[86.2159,24.1032],[86.224,24.1122],[86.2159,24.1323],[86.203,24.1317],[86.1836,24.1483],[86.17,24.1508],[86.1587,24.1678],[86.1412,24.1608],[86.1319,24.1707],[86.1292,24.1657],[86.1166,24.1716],[86.0813,24.1533],[86.0767,24.136],[86.0651,24.1315],[86.0671,24.1165],[86.0506,24.1141],[86.0466,24.1041],[86.058,24.0901],[86.0499,24.0785],[86.0552,24.0435],[86.0445,24.0437],[86.0374,24.028],[86.0123,24.0174],[85.9994,23.9796],[85.9775,23.9815],[85.9606,23.9725],[85.9547,23.961],[85.9638,23.9453],[85.9469,23.9344],[85.9462,23.9276]]]}},{"type":"Feature","properties":{"SUBDISTRICT":"Dumka","STATE":"Jharkhand","shapeID":"7132399B744354150478","source":"geoBoundaries gbOpen IND ADM3 (ODbL 1.0); source: Local Government Directory lgdirectory.gov.in via Pathways Data","DISTRICT":"Dumka"},"geometry":{"type":"Polygon","coordinates":[[[87.1983,24.2739],[87.2064,24.2695],[87.2059,24.2593],[87.2171,24.2422],[87.2364,24.2265],[87.2338,24.1986],[87.2429,24.1901],[87.2365,24.1904],[87.2383,24.185],[87.2481,24.1835],[87.2888,24.1525],[87.2801,24.136],[87.3213,24.1036],[87.3353,24.0808],[87.3541,24.0688],[87.3764,24.0751],[87.3728,24.09],[87.391,24.0982],[87.402,24.1149],[87.368,24.1426],[87.3703,24.1681],[87.3564,24.1708],[87.3532,24.1843],[87.322,24.176],[87.3046,24.1898],[87.311,24.2217],[87.3446,24.2251],[87.3511,24.2389],[87.3821,24.2397],[87.3965,24.2641],[87.4149,24.2786],[87.4006,24.2868],[87.3709,24.2885],[87.3626,24.3008],[87.3668,24.3085],[87.362,24.3186],[87.342,24.3163],[87.3319,24.3273],[87.3354,24.3795],[87.3545,24.3977],[87.3492,24.4277],[87.3105,24.4188],[87.3033,24.3969],[87.2773,24.4123],[87.2684,24.4002],[87.2483,24.4001],[87.2338,24.3926],[87.2352,24.3838],[87.245,24.38],[87.2403,24.3605],[87.2626,24.3501],[87.2455,24.3463],[87.2474,24.3413],[87.2572,24.3401],[87.2596,24.3287],[87.2793,24.3283],[87.2792,24.32],[87.2704,24.3132],[87.2458,24.3226],[87.2379,24.3121],[87.222,24.3277],[87.2116,24.3271],[87.2125,24.3151],[87.202,24.2951],[87.2089,24.2821],[87.1986,24.2763],[87.1983,24.2739]]]}},{"type":"Feature","properties":{"SUBDISTRICT":"Bandgaon","STATE":"Jharkhand","shapeID":"7132399B53680716802851","source":"geoBoundaries gbOpen IND ADM3 (ODbL 1.0); source: Local Government Directory lgdirectory.gov.in via Pathways Data","DISTRICT":"Pashchim Singhbhum"},"geometry":{"type":"Polygon","coordinates":[[[85.1382,22.7541],[85.1527,22.7434],[85.1855,22.7492],[85.1979,22.7658],[85.2376,22.7776],[85.2569,22.7656],[85.2499,22.7561],[85.254,22.7505],[85.2829,22.7476],[85.3022,22.7326],[85.3063,22.7346],[85.2989,22.7471],[85.2844,22.7581],[85.2906,22.7647],[85.32,22.7564],[85.326,22.7572],[85.3239,22.7694],[85.3349,22.768],[85.3434,22.7545],[85.3413,22.7396],[85.3503,22.7358],[85.3841,22.7532],[85.3888,22.747],[85.3793,22.7292],[85.3948,22.7277],[85.3923,22.7046],[85.3986,22.6988],[85.3882,22.6938],[85.3866,22.6862],[85.3987,22.686],[85.3694,22.655],[85.3711,22.6381],[85.381,22.6345],[85.397,22.636],[85.4158,22.6574],[85.4636,22.671],[85.5094,22.6635],[85.5277,22.6466],[85.5499,22.6488],[85.5614,22.6366],[85.5742,22.6377],[85.5827,22.6426],[85.5841,22.6569],[85.5768,22.6644],[85.5806,22.6798],[85.6065,22.6974],[85.5947,22.7207],[85.5979,22.7269],[85.5877,22.7293],[85.5809,22.7454],[85.5814,22.7717],[85.5448,22.7887],[85.5339,22.8019],[85.5018,22.814],[85.4703,22.8099],[85.4527,22.8431],[85.4304,22.8434],[85.4159,22.857],[85.3975,22.8546],[85.3961,22.8784],[85.378,22.8722],[85.3433,22.8958],[85.3232,22.8871],[85.3116,22.8916],[85.2821,22.8782],[85.2755,22.867],[85.2662,22.8655],[85.2704,22.8621],[85.2647,22.8534],[85.252,22.8505],[85.2526,22.8422],[85.2269,22.8429],[85.2021,22.8174],[85.1984,22.8234],[85.1919,22.8199],[85.1978,22.829],[85.1802,22.8297],[85.17,22.8404],[85.1585,22.8387],[85.1586,22.8246],[85.1402,22.7846],[85.1392,22.7568],[85.1382,22.7541]]]}},{"type":"Feature","properties":{"SUBDISTRICT":"Kharaundhi","STATE":"Jharkhand","shapeID":"7132399B71271011497334","source":"geoBoundaries gbOpen IND ADM3 (ODbL 1.0); source: Local Government Directory lgdirectory.gov.in via Pathways Data","DISTRICT":"Garhwa"},"geometry":{"type":"Polygon","coordinates":[[[83.3893,24.4545],[83.3977,24.4364],[83.4085,24.436],[83.408,24.4076],[83.4377,24.4027],[83.451,24.3718],[83.4734,24.364],[83.4818,24.3933],[83.5136,24.4079],[83.5049,24.4272],[83.5112,24.4378],[83.5446,24.4604],[83.5292,24.4775],[83.4966,24.488],[83.4946,24.5232],[83.4034,24.5025],[83.3921,24.4602],[83.3893,24.4545]]]}},{"type":"Feature","properties":{"SUBDISTRICT":"Nilambar-Pitambarpur(Lesliganj)","STATE":"Jharkhand","shapeID":"7132399B18901580660070","source":"geoBoundaries gbOpen IND ADM3 (ODbL 1.0); source: Local Government Directory lgdirectory.gov.in via Pathways Data","DISTRICT":"Palamu"},"geometry":{"type":"Polygon","coordinates":[[[84.1153,24.0346],[84.1347,24.0272],[84.1472,24.0142],[84.1906,24.0295],[84.215,23.9729],[84.2511,23.9781],[84.2507,23.9871],[84.2551,23.9806],[84.2646,23.9811],[84.3143,23.9966],[84.2759,24.0508],[84.2826,24.0601],[84.2766,24.08],[84.2449,24.0975],[84.2273,24.117],[84.1209,24.0817],[84.1417,24.0552],[84.1267,24.041],[84.1153,24.0346]]]}},{"type":"Feature","properties":{"SUBDISTRICT":"Manika","STATE":"Jharkhand","shapeID":"7132399B51968993880696","source":"geoBoundaries gbOpen IND ADM3 (ODbL 1.0); source: Local Government Directory lgdirectory.gov.in via Pathways Data","DISTRICT":"Latehar"},"geometry":{"type":"Polygon","coordinates":[[[84.2394,23.868],[84.2463,23.8567],[84.2397,23.8401],[84.2512,23.8163],[84.3054,23.7909],[84.3087,23.7578],[84.2993,23.6974],[84.3168,23.7146],[84.3621,23.7118],[84.3811,23.7296],[84.3973,23.7348],[84.4021,23.7432],[84.3826,23.773],[84.3988,23.8052],[84.4418,23.8291],[84.4615,23.8541],[84.5079,23.875],[84.5022,23.9085],[84.4648,23.9052],[84.4585,23.9428],[84.4343,23.9642],[84.3736,23.9423],[84.3302,23.9566],[84.3012,23.891],[84.2677,23.8785],[84.2553,23.8912],[84.2419,23.8855],[84.2397,23.8702],[84.2394,23.868]]]}},{"type":"Feature","properties":{"SUBDISTRICT":"Jamua","STATE":"Jharkhand","shapeID":"7132399B69959213733826","source":"geoBoundaries gbOpen IND ADM3 (ODbL 1.0); source: Local Government Directory lgdirectory.gov.in via Pathways Data","DISTRICT":"Giridih"},"geometry":{"type":"Polygon","coordinates":[[[86.0344,24.4323],[86.0492,24.4383],[86.0488,24.4133],[86.0588,24.4027],[86.0867,24.3969],[86.0813,24.3748],[86.0528,24.3622],[86.0451,24.3493],[86.0539,24.3452],[86.0546,24.3262],[86.0611,24.3273],[86.0554,24.3139],[86.0612,24.3089],[86.0533,24.2922],[86.0575,24.2862],[86.0694,24.2825],[86.1002,24.2897],[86.1424,24.2685],[86.1379,24.2588],[86.1714,24.2555],[86.1995,24.2408],[86.2102,24.2525],[86.2586,24.2448],[86.2651,24.2566],[86.2936,24.2483],[86.2969,24.2564],[86.3014,24.2545],[86.2921,24.2715],[86.2971,24.2757],[86.2899,24.2904],[86.291,24.3082],[86.3208,24.3179],[86.3239,24.3487],[86.3486,24.3721],[86.3617,24.3759],[86.3656,24.3886],[86.3648,24.4022],[86.3553,24.4034],[86.3448,24.4254],[86.3354,24.4292],[86.3344,24.441],[86.3101,24.4457],[86.2876,24.4354],[86.2799,24.4257],[86.2895,24.4156],[86.2497,24.3954],[86.2421,24.4084],[86.234,24.4102],[86.2339,24.4171],[86.2137,24.4226],[86.2125,24.4329],[86.1882,24.4433],[86.1313,24.447],[86.1155,24.4562],[86.1096,24.4489],[86.0936,24.4457],[86.0814,24.4499],[86.0763,24.4452],[86.0568,24.4534],[86.0365,24.4354],[86.0344,24.4323]]]}},{"type":"Feature","properties":{"SUBDISTRICT":"Giridih","STATE":"Jharkhand","shapeID":"7132399B41805542841250","source":"geoBoundaries gbOpen IND ADM3 (ODbL 1.0); source: Local Government Directory lgdirectory.gov.in via Pathways Data","DISTRICT":"Giridih"},"geometry":{"type":"Polygon","coordinates":[[[86.1319,24.1707],[86.1412,24.1608],[86.1587,24.1678],[86.17,24.1508],[86.1836,24.1483],[86.203,24.1317],[86.2159,24.1323],[86.224,24.1122],[86.2163,24.1008],[86.2629,24.0881],[86.2715,24.093],[86.2914,24.0845],[86.3018,24.0532],[86.3276,24.0505],[86.3331,24.0423],[86.3544,24.0337],[86.3801,24.0336],[86.3865,24.0437],[86.3935,24.0437],[86.4036,24.0319],[86.4002,24.0649],[86.4125,24.0853],[86.4054,24.0995],[86.4122,24.1],[86.4105,24.1064],[86.4207,24.1152],[86.412,24.1169],[86.4184,24.1289],[86.3941,24.1559],[86.3916,24.1472],[86.3798,24.1544],[86.4019,24.1868],[86.3861,24.1834],[86.3845,24.1918],[86.3185,24.202],[86.3123,24.2084],[86.3182,24.2329],[86.3134,24.2376],[86.338,24.2424],[86.321,24.2578],[86.3119,24.259],[86.3115,24.2533],[86.3018,24.2586],[86.2936,24.2483],[86.2651,24.2566],[86.2586,24.2448],[86.2102,24.2525],[86.1995,24.2408],[86.1714,24.2555],[86.168,24.2425],[86.1593,24.2385],[86.1499,24.2442],[86.1489,24.2396],[86.152,24.2186],[86.161,24.2215],[86.1676,24.2088],[86.1492,24.2034],[86.1323,24.1716],[86.1319,24.1707]]]}},{"type":"Feature","properties":{"SUBDISTRICT":"Palojori","STATE":"Jharkhand","shapeID":"7132399B96670318333275","source":"geoBoundaries gbOpen IND ADM3 (ODbL 1.0); source: Local Government Directory lgdirectory.gov.in via Pathways Data","DISTRICT":"Deoghar"},"geometry":{"type":"Polygon","coordinates":[[[86.8587,24.0952],[86.8711,24.0571],[86.8827,24.0598],[86.9226,24.0384],[86.9424,24.0363],[86.951,24.0445],[86.9761,24.0511],[86.9788,24.0695],[86.971,24.0854],[86.9757,24.0989],[86.9645,24.1065],[86.9673,24.1181],[86.9381,24.1254],[86.9417,24.1458],[86.9466,24.1555],[86.9599,24.1541],[86.9665,24.1684],[86.9828,24.1755],[86.9771,24.2051],[87.015,24.2046],[87.0433,24.1871],[87.0524,24.1956],[87.0484,24.2136],[87.0706,24.2411],[87.0381,24.2519],[87.0277,24.263],[87.0308,24.2864],[87.0243,24.2975],[86.9879,24.2987],[86.9784,24.2784],[86.9508,24.2916],[86.9322,24.2862],[86.9066,24.2929],[86.8846,24.264],[86.9042,24.2587],[86.8991,24.2535],[86.9079,24.2496],[86.9031,24.239],[86.9155,24.2316],[86.902,24.2287],[86.904,24.2109],[86.8673,24.1917],[86.8705,24.1851],[86.8787,24.1911],[86.8802,24.1773],[86.8919,24.1606],[86.8802,24.1475],[86.8838,24.1242],[86.859,24.0965],[86.8587,24.0952]]]}},{"type":"Feature","properties":{"SUBDISTRICT":"BHARNO","STATE":"Jharkhand","shapeID":"7132399B97827901293009","source":"geoBoundaries gbOpen IND ADM3 (ODbL 1.0); source: Local Government Directory lgdirectory.gov.in via Pathways Data","DISTRICT":"Gumla"},"geometry":{"type":"Polygon","coordinates":[[[84.7477,23.2089],[84.7509,23.1896],[84.7623,23.1907],[84.7635,23.1763],[84.7785,23.1746],[84.7796,23.1675],[84.7646,23.1543],[84.763,23.134],[84.7553,23.1327],[84.7498,23.1215],[84.7693,23.1153],[84.7635,23.1046],[84.7722,23.0922],[84.7604,23.0783],[84.7586,23.069],[84.769,23.0673],[84.7585,23.0415],[84.7733,23.0317],[84.795,23.04],[84.8278,23.031],[84.8323,23.0552],[84.8279,23.0597],[84.8331,23.0668],[84.8285,23.0873],[84.8538,23.101],[84.8479,23.1207],[84.8491,23.1625],[84.8785,23.1658],[84.8717,23.186],[84.8971,23.201],[84.9035,23.2172],[84.8692,23.2344],[84.8526,23.2639],[84.8572,23.2832],[84.8792,23.3071],[84.869,23.3231],[84.8579,23.3241],[84.849,23.3073],[84.8107,23.3063],[84.797,23.2946],[84.7779,23.29],[84.7727,23.2784],[84.7548,23.2674],[84.7597,23.2385],[84.7532,23.2308],[84.7731,23.2229],[84.7502,23.2092],[84.7477,23.2089]]]}},{"type":"Feature","properties":{"SUBDISTRICT":"Bhawnathpur","STATE":"Jharkhand","shapeID":"7132399B99673359238387","source":"geoBoundaries gbOpen IND ADM3 (ODbL 1.0); source: Local Government Directory lgdirectory.gov.in via Pathways Data","DISTRICT":"Garhwa"},"geometry":{"type":"Polygon","coordinates":[[[83.4717,24.3626],[83.4913,24.3545],[83.5031,24.3391],[83.5542,24.3487],[83.5597,24.329],[83.5711,24.3222],[83.608,24.3404],[83.6742,24.3603],[83.6997,24.3942],[83.7001,24.4123],[83.687,24.4271],[83.7376,24.4569],[83.7357,24.4754],[83.753,24.496],[83.7565,24.5096],[83.7245,24.504],[83.7065,24.5082],[83.7025,24.4899],[83.6858,24.4812],[83.6553,24.4429],[83.642,24.4403],[83.6503,24.4598],[83.6383,24.4631],[83.5675,24.4501],[83.5633,24.4413],[83.5376,24.4318],[83.523,24.4479],[83.519,24.4459],[83.5049,24.4272],[83.5136,24.4079],[83.4818,24.3933],[83.4734,24.364],[83.4717,24.3626]]]}},{"type":"Feature","properties":{"SUBDISTRICT":"Kandi","STATE":"Jharkhand","shapeID":"7132399B52345190999704","source":"geoBoundaries gbOpen IND ADM3 (ODbL 1.0); source: Local Government Directory lgdirectory.gov.in via Pathways Data","DISTRICT":"Garhwa"},"geometry":{"type":"Polygon","coordinates":[[[83.687,24.4271],[83.7001,24.4123],[83.6976,24.389],[83.7479,24.3896],[83.7605,24.3787],[83.7738,24.3834],[83.783,24.3679],[83.7941,24.3711],[83.7989,24.3814],[83.7916,24.3979],[83.8121,24.4155],[83.8285,24.4168],[83.8365,24.4343],[83.8352,24.5322],[83.8023,24.5285],[83.7565,24.5096],[83.753,24.496],[83.7357,24.4754],[83.7376,24.4569],[83.6937,24.4354],[83.687,24.4271]]]}},{"type":"Feature","properties":{"SUBDISTRICT":"Simaria","STATE":"Jharkhand","shapeID":"7132399B47643653430485","source":"geoBoundaries gbOpen IND ADM3 (ODbL 1.0); source: Local Government Directory lgdirectory.gov.in via Pathways Data","DISTRICT":"Chatra"},"geometry":{"type":"Polygon","coordinates":[[[84.7372,23.9912],[84.7536,23.9783],[84.7881,23.9797],[84.8197,23.9659],[84.8364,23.9511],[84.8829,23.9451],[84.8784,23.9682],[84.8929,23.9729],[84.8961,23.9858],[84.911,23.9771],[84.918,23.9882],[84.9363,23.9885],[84.9618,24.0036],[84.9801,24.0027],[84.9842,24.012],[85.0255,24.0227],[85.0461,24.0046],[85.0628,24.001],[85.0634,23.9915],[85.0894,23.9867],[85.0921,23.9749],[85.0866,23.9677],[85.0958,23.9651],[85.1081,23.9827],[85.1335,23.9842],[85.1573,23.9591],[85.1962,23.9569],[85.2132,23.9668],[85.2138,23.9848],[85.224,24.0031],[85.2362,24.0052],[85.2382,24.022],[85.261,24.0308],[85.2554,24.0493],[85.2583,24.0719],[85.2427,24.0869],[85.2082,24.0928],[85.1982,24.0748],[85.1786,24.0665],[85.1752,24.0479],[85.1546,24.0519],[85.1388,24.0413],[85.1263,24.0449],[85.1151,24.0574],[85.1136,24.0745],[85.0871,24.0899],[85.0784,24.1077],[85.057,24.0949],[85.038,24.0989],[85.0277,24.0904],[85.0151,24.0899],[85.0101,24.107],[84.9898,24.1225],[84.9681,24.1184],[84.9462,24.1307],[84.936,24.1224],[84.9192,24.1225],[84.9009,24.1092],[84.8759,24.1052],[84.8712,24.0881],[84.8871,24.0863],[84.889,24.0752],[84.8836,24.0522],[84.8527,24.0488],[84.8466,24.0624],[84.8358,24.0634],[84.8384,24.049],[84.8315,24.0384],[84.8063,24.0384],[84.8095,24.0203],[84.7977,24.0072],[84.7455,24.0045],[84.7381,23.9958],[84.7372,23.9912]]]}},{"type":"Feature","properties":{"SUBDISTRICT":"Deoghar","STATE":"Jharkhand","shapeID":"7132399B23496776325574","source":"geoBoundaries gbOpen IND ADM3 (ODbL 1.0); source: Local Government Directory lgdirectory.gov.in via Pathways Data","DISTRICT":"Deoghar"},"geometry":{"type":"Polygon","coordinates":[[[86.4907,24.4597],[86.4973,24.455],[86.5028,24.4622],[86.518,24.4598],[86.5244,24.4491],[86.5488,24.4658],[86.5651,24.46],[86.6001,24.4602],[86.6077,24.4716],[86.6176,24.4628],[86.64,24.4573],[86.6403,24.4499],[86.6628,24.4329],[86.6628,24.42],[86.652,24.4164],[86.6464,24.4057],[86.6278,24.4039],[86.6128,24.393],[86.6083,24.3741],[86.6258,24.3683],[86.6258,24.3591],[86.6179,24.3539],[86.6291,24.3472],[86.6472,24.3437],[86.6662,24.3553],[86.7011,24.3575],[86.7185,24.3724],[86.7224,24.3942],[86.7343,24.3981],[86.7413,24.4169],[86.71,24.4494],[86.7259,24.4709],[86.7196,24.4762],[86.7217,24.4828],[86.7289,24.4852],[86.7183,24.4879],[86.6985,24.5107],[86.6923,24.5607],[86.6838,24.567],[86.6745,24.5615],[86.6519,24.5681],[86.6474,24.577],[86.6245,24.5853],[86.6251,24.5955],[86.6131,24.5952],[86.6155,24.6082],[86.5901,24.5861],[86.5845,24.5687],[86.5609,24.5601],[86.5641,24.5493],[86.5529,24.5359],[86.5296,24.5364],[86.512,24.5186],[86.4934,24.4642],[86.4907,24.4597]]]}},{"type":"Feature","properties":{"SUBDISTRICT":"Devipur","STATE":"Jharkhand","shapeID":"7132399B35107462475605","source":"geoBoundaries gbOpen IND ADM3 (ODbL 1.0); source: Local Government Directory lgdirectory.gov.in via Pathways Data","DISTRICT":"Deoghar"},"geometry":{"type":"Polygon","coordinates":[[[86.4599,24.3724],[86.4713,24.3633],[86.4839,24.3655],[86.496,24.3503],[86.5266,24.3641],[86.5346,24.3643],[86.5417,24.3558],[86.5692,24.3556],[86.5767,24.3366],[86.6302,24.3123],[86.6248,24.3074],[86.6346,24.2982],[86.6525,24.327],[86.6724,24.3156],[86.6835,24.3203],[86.6811,24.3108],[86.6859,24.3131],[86.6901,24.307],[86.6966,24.3119],[86.7041,24.3088],[86.7123,24.2949],[86.7257,24.2935],[86.7312,24.2789],[86.7677,24.293],[86.7528,24.3192],[86.7449,24.3196],[86.7429,24.3304],[86.718,24.3436],[86.6848,24.3444],[86.687,24.3527],[86.6682,24.3554],[86.6472,24.3437],[86.6179,24.3539],[86.6268,24.3635],[86.6083,24.3741],[86.6128,24.393],[86.6278,24.4039],[86.6483,24.4067],[86.652,24.4164],[86.6625,24.4184],[86.6628,24.4329],[86.6403,24.4499],[86.6385,24.4585],[86.6176,24.4628],[86.6077,24.4716],[86.6001,24.4602],[86.5651,24.46],[86.5488,24.4658],[86.5244,24.4491],[86.5206,24.4588],[86.5018,24.4616],[86.4948,24.426],[86.4699,24.4194],[86.4719,24.386],[86.4612,24.375],[86.4599,24.3724]]]}},{"type":"Feature","properties":{"SUBDISTRICT":"Madhupur","STATE":"Jharkhand","shapeID":"7132399B95104607422583","source":"geoBoundaries gbOpen IND ADM3 (ODbL 1.0); source: Local Government Directory lgdirectory.gov.in via Pathways Data","DISTRICT":"Deoghar"},"geometry":{"type":"Polygon","coordinates":[[[86.46,24.3349],[86.4761,24.3263],[86.4729,24.3118],[86.4782,24.2985],[86.4909,24.2817],[86.503,24.2798],[86.5115,24.2615],[86.512,24.2025],[86.5229,24.216],[86.548,24.2212],[86.5571,24.2194],[86.5628,24.2096],[86.5909,24.2124],[86.6005,24.2329],[86.617,24.2238],[86.6237,24.2434],[86.6412,24.2405],[86.6619,24.2564],[86.6998,24.2456],[86.7145,24.2482],[86.7184,24.2385],[86.7424,24.2299],[86.7569,24.2362],[86.7498,24.2462],[86.7259,24.2465],[86.7257,24.2609],[86.7335,24.2639],[86.7257,24.2935],[86.7123,24.2949],[86.6991,24.3118],[86.6901,24.307],[86.6859,24.3131],[86.6811,24.3108],[86.6835,24.3203],[86.6724,24.3156],[86.6513,24.327],[86.6463,24.3095],[86.6346,24.2982],[86.6248,24.3074],[86.6302,24.3123],[86.5767,24.3366],[86.5692,24.3556],[86.5417,24.3558],[86.5346,24.3643],[86.5029,24.3566],[86.496,24.3503],[86.5054,24.3388],[86.4736,24.3527],[86.4604,24.3366],[86.46,24.3349]]]}},{"type":"Feature","properties":{"SUBDISTRICT":"Boarijor","STATE":"Jharkhand","shapeID":"7132399B53452928281163","source":"geoBoundaries gbOpen IND ADM3 (ODbL 1.0); source: Local Government Directory lgdirectory.gov.in via Pathways Data","DISTRICT":"Sahibganj"},"geometry":{"type":"MultiPolygon","coordinates":[[[[87.3322,25.0691],[87.3422,25.0237],[87.3329,24.9473],[87.3335,24.8866],[87.3414,24.882],[87.3571,24.8864],[87.4061,24.8563],[87.4438,24.8502],[87.4527,24.8594],[87.4711,24.8499],[87.477,24.853],[87.4881,24.8375],[87.4766,24.8294],[87.5027,24.8307],[87.4821,24.8579],[87.4931,24.8688],[87.4778,24.8796],[87.4903,24.8892],[87.4776,24.9286],[87.4878,24.9342],[87.4837,24.9426],[87.4966,24.9463],[87.4959,24.9721],[87.4789,24.9973],[87.4959,25.0129],[87.5038,25.0033],[87.5194,25.0356],[87.5175,25.0541],[87.5284,25.0627],[87.5156,25.0752],[87.5082,25.0749],[87.4987,25.0952],[87.4838,25.1066],[87.4568,25.0733],[87.4176,25.1197],[87.3897,25.1216],[87.3761,25.132],[87.3333,25.0735],[87.3322,25.0691]],[[87.3467,25.0535],[87.3519,25.0579],[87.3548,25.0503],[87.3467,25.052],[87.3467,25.0535]]],[[[87.5389,25.0583],[87.5535,25.0721],[87.5456,25.0761],[87.5393,25.0607],[87.5389,25.0583]]],[[[87.5106,25.0079],[87.515,25.0023],[87.5185,25.0066],[87.5136,25.0102],[87.5106,25.0079]]],[[[87.504,24.9693],[87.5161,24.9646],[87.5168,24.9699],[87.5057,24.9721],[87.504,24.9693]]],[[[87.5013,24.8078],[87.5066,24.8041],[87.5031,24.8117],[87.5122,24.8068],[87.507,24.8169],[87.5014,24.8095],[87.5013,24.8078]]]]}},{"type":"Feature","properties":{"SUBDISTRICT":"Satbarwa","STATE":"Jharkhand","shapeID":"7132399B99027135655612","source":"geoBoundaries gbOpen IND ADM3 (ODbL 1.0); source: Local Government Directory lgdirectory.gov.in via Pathways Data","DISTRICT":"Palamu"},"geometry":{"type":"Polygon","coordinates":[[[84.1859,23.9235],[84.1942,23.9111],[84.2076,23.91],[84.214,23.8914],[84.2309,23.8931],[84.2419,23.8855],[84.2553,23.8912],[84.2677,23.8785],[84.3012,23.891],[84.3302,23.9566],[84.3143,23.9966],[84.2646,23.9811],[84.2551,23.9806],[84.2507,23.9871],[84.2511,23.9781],[84.215,23.9729],[84.1882,23.9314],[84.1859,23.9235]]]}},{"type":"Feature","properties":{"SUBDISTRICT":"Borio","STATE":"Jharkhand","shapeID":"7132399B29484546575470","source":"geoBoundaries gbOpen IND ADM3 (ODbL 1.0); source: Local Government Directory lgdirectory.gov.in via Pathways Data","DISTRICT":"Sahibganj"},"geometry":{"type":"MultiPolygon","coordinates":[[[[87.4789,24.9973],[87.4955,24.9732],[87.5168,24.9699],[87.5168,24.9554],[87.5616,24.9598],[87.5708,24.9798],[87.577,24.9692],[87.6079,24.9735],[87.6166,24.9961],[87.6469,24.9872],[87.6481,24.9777],[87.6403,24.9758],[87.6467,24.9645],[87.6719,24.9621],[87.671,24.9695],[87.6798,24.9699],[87.6763,24.9846],[87.6886,24.9918],[87.6799,25.0039],[87.6881,25.0029],[87.6883,25.0123],[87.6695,25.0227],[87.6808,25.0433],[87.6856,25.0309],[87.6935,25.0314],[87.6909,25.0396],[87.6967,25.0417],[87.6885,25.051],[87.6923,25.0573],[87.6724,25.0621],[87.6752,25.0782],[87.6614,25.0823],[87.6603,25.0885],[87.6736,25.0879],[87.6879,25.0983],[87.6927,25.0945],[87.697,25.1037],[87.6884,25.1171],[87.7082,25.1176],[87.7212,25.1277],[87.704,25.1328],[87.7079,25.1426],[87.6864,25.1569],[87.6867,25.1626],[87.7038,25.1663],[87.7124,25.1799],[87.6981,25.2079],[87.7053,25.2226],[87.6906,25.2281],[87.6893,25.2424],[87.6693,25.2402],[87.6686,25.2332],[87.6555,25.2347],[87.6501,25.2209],[87.6366,25.2255],[87.6325,25.2369],[87.6172,25.2275],[87.6197,25.1989],[87.6138,25.1945],[87.6034,25.2007],[87.5836,25.1825],[87.5939,25.1746],[87.6047,25.1498],[87.5882,25.1443],[87.5949,25.1199],[87.5706,25.1164],[87.5642,25.103],[87.5573,25.1055],[87.55,25.0914],[87.5548,25.0817],[87.5477,25.0767],[87.5535,25.0721],[87.547,25.0711],[87.5446,25.0583],[87.5389,25.0583],[87.5376,25.075],[87.525,25.0722],[87.5214,25.0675],[87.5287,25.0609],[87.5175,25.0541],[87.5197,25.0379],[87.513,25.016],[87.5038,25.0033],[87.4959,25.0129],[87.4793,24.9984],[87.4789,24.9973]],[[87.5106,25.0079],[87.518,25.0086],[87.515,25.0023],[87.5106,25.0079]]],[[[87.5635,24.953],[87.5756,24.9478],[87.5796,24.9528],[87.5755,24.965],[87.5639,24.9549],[87.5635,24.953]]],[[[87.6384,24.9554],[87.6475,24.9488],[87.651,24.9581],[87.6393,24.9572],[87.6384,24.9554]]]]}},{"type":"Feature","properties":{"SUBDISTRICT":"Barhait","STATE":"Jharkhand","shapeID":"7132399B86965405995326","source":"geoBoundaries gbOpen IND ADM3 (ODbL 1.0); source: Local Government Directory lgdirectory.gov.in via Pathways Data","DISTRICT":"Sahibganj"},"geometry":{"type":"Polygon","coordinates":[[[87.4776,24.9286],[87.4903,24.8892],[87.4778,24.8796],[87.4931,24.8688],[87.4821,24.8579],[87.5014,24.835],[87.5252,24.7823],[87.5431,24.7875],[87.5388,24.8024],[87.5539,24.8116],[87.5714,24.7947],[87.602,24.7953],[87.6222,24.7844],[87.624,24.791],[87.6487,24.7937],[87.6433,24.807],[87.632,24.8039],[87.6229,24.8169],[87.6204,24.8137],[87.6185,24.8241],[87.6365,24.8299],[87.6388,24.843],[87.6528,24.8524],[87.6635,24.8483],[87.6708,24.8687],[87.6771,24.8625],[87.6942,24.869],[87.7037,24.8799],[87.7045,24.8996],[87.7317,24.9167],[87.7097,24.9174],[87.7123,24.9302],[87.7065,24.9338],[87.7087,24.9453],[87.7009,24.9606],[87.7048,24.967],[87.6954,24.9698],[87.6955,24.9566],[87.6889,24.9515],[87.6954,24.9488],[87.6958,24.9382],[87.6816,24.9492],[87.6839,24.9408],[87.6768,24.9374],[87.6854,24.9329],[87.688,24.9224],[87.6794,24.9077],[87.6657,24.9311],[87.644,24.9152],[87.6494,24.9328],[87.6362,24.9339],[87.6381,24.9426],[87.6554,24.9444],[87.6384,24.9554],[87.651,24.9581],[87.6403,24.9758],[87.6481,24.9777],[87.6476,24.9856],[87.6179,24.9961],[87.6079,24.9735],[87.577,24.9692],[87.5708,24.9798],[87.5571,24.959],[87.5168,24.9554],[87.5056,24.9732],[87.4955,24.9732],[87.4966,24.9463],[87.4837,24.9426],[87.4878,24.9342],[87.4777,24.9287],[87.4776,24.9286]],[[87.5635,24.953],[87.5755,24.965],[87.5785,24.9494],[87.5644,24.9521],[87.5635,24.953]]]}},{"type":"Feature","properties":{"SUBDISTRICT":"Taljhari","STATE":"Jharkhand","shapeID":"7132399B85850883020692","source":"geoBoundaries gbOpen IND ADM3 (ODbL 1.0); source: Local Government Directory lgdirectory.gov.in via Pathways Data","DISTRICT":"Sahibganj"},"geometry":{"type":"Polygon","coordinates":[[[87.6362,24.9339],[87.6494,24.9328],[87.6459,24.9141],[87.6657,24.9311],[87.6794,24.9077],[87.688,24.9225],[87.6854,24.9329],[87.6768,24.9374],[87.6839,24.9408],[87.6816,24.9492],[87.6958,24.9382],[87.6954,24.9488],[87.6889,24.9515],[87.6955,24.9566],[87.6954,24.9698],[87.7048,24.967],[87.7047,24.9516],[87.7184,24.9415],[87.7305,24.9438],[87.7422,24.9316],[87.7599,24.9279],[87.7348,24.9221],[87.7634,24.918],[87.7629,24.9241],[87.7738,24.9318],[87.7807,24.9255],[87.7925,24.9263],[87.7944,24.9426],[87.8054,24.933],[87.8254,24.9619],[87.8255,24.9697],[87.8047,24.9792],[87.784,24.9747],[87.7522,24.9906],[87.7563,24.9972],[87.7328,25.005],[87.749,25.0677],[87.7483,25.0744],[87.739,25.0765],[87.7463,25.0826],[87.7515,25.1363],[87.7701,25.157],[87.772,25.1671],[87.7329,25.2392],[87.7244,25.2468],[87.6939,25.2447],[87.6872,25.2325],[87.7053,25.2226],[87.6981,25.2079],[87.7124,25.1799],[87.7038,25.1663],[87.6867,25.1626],[87.6864,25.1569],[87.7079,25.1426],[87.704,25.1328],[87.7212,25.1277],[87.7082,25.1176],[87.6884,25.1171],[87.697,25.1037],[87.6927,25.0945],[87.6879,25.0983],[87.6736,25.0879],[87.6603,25.0885],[87.6614,25.0823],[87.6752,25.0782],[87.6724,25.0621],[87.6923,25.0573],[87.6885,25.051],[87.6966,25.0403],[87.6909,25.0396],[87.6938,25.0324],[87.689,25.0291],[87.6848,25.0423],[87.6794,25.0427],[87.6822,25.0384],[87.6695,25.0227],[87.6883,25.0123],[87.6881,25.0029],[87.6801,25.0059],[87.6886,24.9918],[87.6763,24.9846],[87.6788,24.9678],[87.671,24.9695],[87.6732,24.9626],[87.6606,24.9599],[87.6515,24.9627],[87.6475,24.9488],[87.6554,24.9444],[87.6393,24.9439],[87.6365,24.9366],[87.6362,24.9339]]]}},{"type":"Feature","properties":{"SUBDISTRICT":"Pathna","STATE":"Jharkhand","shapeID":"7132399B59933949615315","source":"geoBoundaries gbOpen IND ADM3 (ODbL 1.0); source: Local Government Directory lgdirectory.gov.in via Pathways Data","DISTRICT":"Sahibganj"},"geometry":{"type":"Polygon","coordinates":[[[87.5872,24.7792],[87.6073,24.7763],[87.6112,24.7667],[87.623,24.7738],[87.626,24.7645],[87.6736,24.7548],[87.684,24.739],[87.7064,24.7374],[87.7079,24.7265],[87.7156,24.728],[87.74,24.7671],[87.7895,24.8854],[87.813,24.9116],[87.8042,24.9158],[87.8381,24.9561],[87.8541,24.9579],[87.8382,24.97],[87.8255,24.9697],[87.8054,24.933],[87.7944,24.9426],[87.7925,24.9263],[87.7807,24.9255],[87.7738,24.9318],[87.7629,24.9241],[87.7634,24.918],[87.7348,24.9221],[87.7599,24.9279],[87.7063,24.9505],[87.7136,24.9222],[87.7097,24.9174],[87.7317,24.9167],[87.7045,24.8996],[87.7037,24.8799],[87.6942,24.869],[87.6771,24.8625],[87.6708,24.8687],[87.6635,24.8483],[87.6528,24.8524],[87.6388,24.843],[87.6365,24.8299],[87.6185,24.8241],[87.6204,24.8137],[87.6229,24.8169],[87.632,24.8039],[87.6433,24.807],[87.6487,24.7937],[87.624,24.791],[87.6216,24.7836],[87.5962,24.7922],[87.5894,24.7808],[87.5872,24.7792]]]}},{"type":"Feature","properties":{"SUBDISTRICT":"Maheshpur","STATE":"Jharkhand","shapeID":"7132399B49995735963284","source":"geoBoundaries gbOpen IND ADM3 (ODbL 1.0); source: Local Government Directory lgdirectory.gov.in via Pathways Data","DISTRICT":"Pakur"},"geometry":{"type":"Polygon","coordinates":[[[87.59,24.4996],[87.5954,24.4205],[87.6136,24.4247],[87.6175,24.4165],[87.6285,24.4156],[87.6284,24.4002],[87.6481,24.388],[87.6727,24.39],[87.6737,24.3659],[87.6909,24.3714],[87.7303,24.3602],[87.7274,24.3436],[87.7439,24.3324],[87.7383,24.3222],[87.7516,24.3174],[87.7613,24.305],[87.7695,24.3242],[87.7662,24.3347],[87.8025,24.3835],[87.7976,24.3978],[87.815,24.4079],[87.8103,24.4195],[87.8037,24.4125],[87.7898,24.4159],[87.7973,24.4251],[87.7961,24.4391],[87.8076,24.4514],[87.82,24.4526],[87.8229,24.4697],[87.8142,24.4778],[87.828,24.4956],[87.8153,24.4933],[87.8118,24.5118],[87.8036,24.4931],[87.7977,24.4985],[87.8051,24.5055],[87.8026,24.5399],[87.8115,24.5464],[87.8045,24.5601],[87.7728,24.5727],[87.7746,24.5829],[87.7456,24.5795],[87.6783,24.5892],[87.5913,24.5013],[87.59,24.4996]]]}},{"type":"Feature","properties":{"SUBDISTRICT":"Gobindpur","STATE":"Jharkhand","shapeID":"7132399B40172431290507","source":"geoBoundaries gbOpen IND ADM3 (ODbL 1.0); source: Local Government Directory lgdirectory.gov.in via Pathways Data","DISTRICT":"Dhanbad"},"geometry":{"type":"Polygon","coordinates":[[[86.3342,23.9149],[86.3636,23.9001],[86.3656,23.8833],[86.401,23.8663],[86.3972,23.855],[86.4083,23.8322],[86.4396,23.8378],[86.4562,23.8266],[86.4674,23.8366],[86.4588,23.8391],[86.4623,23.8468],[86.471,23.8472],[86.4832,23.835],[86.4896,23.8358],[86.5169,23.7978],[86.5417,23.7968],[86.5561,23.7801],[86.5711,23.7787],[86.5727,23.7886],[86.5827,23.7919],[86.6027,23.7787],[86.6339,23.7968],[86.6308,23.8094],[86.6377,23.8148],[86.6366,23.8244],[86.6479,23.8262],[86.639,23.8424],[86.6391,23.8638],[86.6263,23.8744],[86.6411,23.8852],[86.644,23.8955],[86.6202,23.8959],[86.6133,23.8802],[86.579,23.8562],[86.5752,23.8789],[86.5654,23.8712],[86.558,23.8812],[86.4864,23.911],[86.4727,23.9105],[86.4747,23.903],[86.4585,23.9041],[86.4584,23.8862],[86.4463,23.8851],[86.4147,23.913],[86.4027,23.915],[86.4017,23.9304],[86.4141,23.9324],[86.4019,23.9458],[86.3865,23.9354],[86.3763,23.9419],[86.3643,23.9356],[86.3502,23.9417],[86.3355,23.9163],[86.3342,23.9149]]]}},{"type":"Feature","properties":{"SUBDISTRICT":"Bermo","STATE":"Jharkhand","shapeID":"7132399B47365598771625","source":"geoBoundaries gbOpen IND ADM3 (ODbL 1.0); source: Local Government Directory lgdirectory.gov.in via Pathways Data","DISTRICT":"Bokaro"},"geometry":{"type":"Polygon","coordinates":[[[85.8854,23.8052],[85.9006,23.786],[85.9078,23.7871],[85.9173,23.7644],[85.9366,23.7532],[85.9345,23.7409],[85.9725,23.7348],[85.9889,23.7244],[86.0074,23.7386],[86.0466,23.7452],[86.0683,23.7723],[86.0594,23.7817],[86.041,23.7817],[86.0299,23.8038],[85.9547,23.7963],[85.9232,23.8103],[85.9226,23.8199],[85.9062,23.8314],[85.8859,23.8074],[85.8854,23.8052]]]}},{"type":"Feature","properties":{"SUBDISTRICT":"Jaridih","STATE":"Jharkhand","shapeID":"7132399B16327977945807","source":"geoBoundaries gbOpen IND ADM3 (ODbL 1.0); source: Local Government Directory lgdirectory.gov.in via Pathways Data","DISTRICT":"Bokaro"},"geometry":{"type":"Polygon","coordinates":[[[85.948,23.4966],[85.9649,23.4904],[85.9555,23.4863],[85.9526,23.4697],[85.959,23.4615],[86.0264,23.4898],[86.0474,23.4922],[86.0576,23.5009],[86.0388,23.5067],[86.0377,23.5228],[86.0272,23.5473],[86.0169,23.5535],[86.0171,23.563],[86.0415,23.5769],[86.0435,23.5853],[86.0623,23.5902],[86.0646,23.6089],[86.0372,23.6116],[86.0269,23.6193],[86.0346,23.6253],[86.043,23.6227],[86.0305,23.6356],[86.0485,23.6364],[86.0516,23.645],[86.0614,23.639],[86.0702,23.6472],[86.0637,23.6617],[86.0839,23.6719],[86.0795,23.6806],[86.1109,23.7086],[86.0908,23.7337],[86.063,23.7049],[86.0693,23.699],[86.0509,23.6913],[86.053,23.6824],[86.0413,23.6798],[86.0313,23.6636],[86.0181,23.6808],[86.0143,23.6749],[86.0061,23.6815],[86.0008,23.6711],[85.9905,23.6737],[85.9906,23.6806],[85.9773,23.6729],[85.9747,23.6788],[85.9714,23.6726],[85.9631,23.682],[85.9514,23.6664],[85.9493,23.6564],[85.9704,23.6404],[85.9633,23.6327],[85.9662,23.6242],[85.9848,23.6089],[85.9652,23.5946],[85.9633,23.5788],[85.9846,23.5807],[85.9928,23.5669],[85.9888,23.5407],[85.9706,23.5358],[85.9645,23.5118],[85.9714,23.511],[85.9753,23.5003],[85.9547,23.5035],[85.9487,23.4985],[85.948,23.4966]]]}},{"type":"Feature","properties":{"SUBDISTRICT":"Nagaruntari","STATE":"Jharkhand","shapeID":"7132399B68863615433283","source":"geoBoundaries gbOpen IND ADM3 (ODbL 1.0); source: Local Government Directory lgdirectory.gov.in via Pathways Data","DISTRICT":"Garhwa"},"geometry":{"type":"Polygon","coordinates":[[[83.3834,24.3124],[83.3884,24.2995],[83.4083,24.2843],[83.4097,24.2651],[83.4012,24.2513],[83.4222,24.2511],[83.4361,24.2379],[83.4618,24.2352],[83.4932,24.2138],[83.517,24.2293],[83.5403,24.2311],[83.5487,24.2671],[83.5748,24.2794],[83.5711,24.3222],[83.5597,24.329],[83.5575,24.3464],[83.5031,24.3391],[83.4913,24.3545],[83.4683,24.367],[83.4489,24.3599],[83.4344,24.3389],[83.4111,24.3364],[83.3837,24.3135],[83.3834,24.3124]]]}},{"type":"Feature","properties":{"SUBDISTRICT":"Bishunpura","STATE":"Jharkhand","shapeID":"7132399B51579303415883","source":"geoBoundaries gbOpen IND ADM3 (ODbL 1.0); source: Local Government Directory lgdirectory.gov.in via Pathways Data","DISTRICT":"Garhwa"},"geometry":{"type":"Polygon","coordinates":[[[83.5707,24.3192],[83.5752,24.2843],[83.6053,24.2803],[83.6045,24.2731],[83.6128,24.2708],[83.6137,24.2594],[83.6077,24.2587],[83.6051,24.2466],[83.6149,24.2467],[83.6268,24.2618],[83.633,24.2554],[83.6391,24.2582],[83.6332,24.2619],[83.636,24.2681],[83.6566,24.2689],[83.6532,24.2766],[83.6681,24.2899],[83.6698,24.3145],[83.6459,24.3174],[83.6442,24.3501],[83.5711,24.3222],[83.5707,24.3192]]]}},{"type":"Feature","properties":{"SUBDISTRICT":"Barhi","STATE":"Jharkhand","shapeID":"7132399B12979005945595","source":"geoBoundaries gbOpen IND ADM3 (ODbL 1.0); source: Local Government Directory lgdirectory.gov.in via Pathways Data","DISTRICT":"Hazaribag"},"geometry":{"type":"Polygon","coordinates":[[[85.3191,24.2954],[85.3197,24.2824],[85.3401,24.2791],[85.3485,24.2704],[85.3466,24.2594],[85.3577,24.2577],[85.3614,24.23],[85.3931,24.2313],[85.3992,24.2186],[85.4078,24.2184],[85.4109,24.2301],[85.4372,24.225],[85.4567,24.2136],[85.4521,24.2018],[85.4795,24.1865],[85.5039,24.1902],[85.5576,24.1699],[85.5629,24.1928],[85.5803,24.1926],[85.5876,24.2019],[85.6008,24.1996],[85.6032,24.2211],[85.6307,24.2294],[85.6445,24.2686],[85.66,24.2687],[85.6646,24.2925],[85.6583,24.2937],[85.6602,24.3117],[85.6507,24.3051],[85.6353,24.3064],[85.6232,24.3196],[85.6072,24.3122],[85.5888,24.3315],[85.5854,24.318],[85.5611,24.3249],[85.5535,24.3099],[85.5393,24.3096],[85.5266,24.2925],[85.5189,24.3002],[85.499,24.3034],[85.5058,24.3275],[85.5174,24.3389],[85.5083,24.3527],[85.4948,24.3478],[85.4859,24.333],[85.4755,24.3359],[85.4612,24.329],[85.4483,24.3404],[85.4333,24.3363],[85.4327,24.3513],[85.4236,24.3619],[85.4117,24.3508],[85.4042,24.3532],[85.3846,24.3425],[85.3835,24.3265],[85.3757,24.3221],[85.38,24.3163],[85.3597,24.2996],[85.3273,24.3209],[85.3216,24.3153],[85.3277,24.3067],[85.32,24.2969],[85.3191,24.2954]]]}},{"type":"Feature","properties":{"SUBDISTRICT":"Ichak","STATE":"Jharkhand","shapeID":"7132399B97623553901985","source":"geoBoundaries gbOpen IND ADM3 (ODbL 1.0); source: Local Government Directory lgdirectory.gov.in via Pathways Data","DISTRICT":"Hazaribag"},"geometry":{"type":"Polygon","coordinates":[[[85.2816,24.1362],[85.3146,24.0891],[85.3323,24.0944],[85.3454,24.0832],[85.3602,24.0994],[85.3766,24.0874],[85.3917,24.0588],[85.4234,24.0564],[85.4236,24.0499],[85.457,24.0263],[85.5107,24.0256],[85.5172,24.05],[85.5378,24.0452],[85.5465,24.0618],[85.5617,24.0634],[85.5775,24.079],[85.5948,24.0783],[85.5861,24.1075],[85.5983,24.1226],[85.5871,24.1284],[85.5587,24.1247],[85.5401,24.1305],[85.5459,24.1563],[85.5648,24.1534],[85.5684,24.1624],[85.5039,24.1902],[85.4795,24.1865],[85.4484,24.1989],[85.4289,24.181],[85.4301,24.1675],[85.4046,24.165],[85.3987,24.1681],[85.3982,24.1796],[85.3861,24.1784],[85.3851,24.1651],[85.3748,24.1705],[85.3667,24.1701],[85.3633,24.1602],[85.3377,24.1651],[85.3263,24.1553],[85.3306,24.1483],[85.2968,24.1487],[85.2844,24.1447],[85.2832,24.1374],[85.2816,24.1362]]]}},{"type":"Feature","properties":{"SUBDISTRICT":"Katkamsandi","STATE":"Jharkhand","shapeID":"7132399B76502198343516","source":"geoBoundaries gbOpen IND ADM3 (ODbL 1.0); source: Local Government Directory lgdirectory.gov.in via Pathways Data","DISTRICT":"Hazaribag"},"geometry":{"type":"Polygon","coordinates":[[[85.1412,24.2156],[85.1556,24.1892],[85.1509,24.1666],[85.1555,24.1702],[85.1628,24.1631],[85.1617,24.1562],[85.1796,24.1376],[85.1724,24.1304],[85.1755,24.121],[85.1819,24.1207],[85.1771,24.1172],[85.1798,24.1065],[85.2479,24.0831],[85.2583,24.0719],[85.2554,24.0493],[85.2614,24.0342],[85.3001,24.0241],[85.2954,24.015],[85.306,24.0184],[85.3112,24.0301],[85.3298,24.0154],[85.3452,24.0233],[85.3549,24.0184],[85.3543,24.0382],[85.3819,24.08],[85.3602,24.0994],[85.3482,24.0839],[85.3323,24.0944],[85.3166,24.0881],[85.2879,24.1219],[85.2816,24.1362],[85.2844,24.1447],[85.3312,24.1509],[85.3235,24.158],[85.3204,24.1836],[85.3105,24.1965],[85.2932,24.1985],[85.2884,24.2182],[85.2748,24.2261],[85.2564,24.2222],[85.2355,24.2337],[85.2191,24.2289],[85.181,24.2384],[85.1637,24.2381],[85.1536,24.2185],[85.1425,24.2169],[85.1412,24.2156]]]}},{"type":"Feature","properties":{"SUBDISTRICT":"Barkagaon","STATE":"Jharkhand","shapeID":"7132399B33429914838264","source":"geoBoundaries gbOpen IND ADM3 (ODbL 1.0); source: Local Government Directory lgdirectory.gov.in via Pathways Data","DISTRICT":"Hazaribag"},"geometry":{"type":"Polygon","coordinates":[[[85.1439,23.8248],[85.1481,23.8152],[85.1968,23.7769],[85.1886,23.7652],[85.1751,23.7694],[85.1721,23.7628],[85.1727,23.7324],[85.1868,23.7241],[85.1855,23.7103],[85.2357,23.6941],[85.2469,23.7151],[85.2644,23.6942],[85.2832,23.6911],[85.2848,23.6859],[85.3144,23.687],[85.3163,23.6939],[85.3265,23.6932],[85.3411,23.7033],[85.3377,23.6934],[85.3585,23.6762],[85.3723,23.7112],[85.3724,23.7383],[85.3661,23.7479],[85.3682,23.7834],[85.4037,23.7713],[85.4086,23.7828],[85.3984,23.7872],[85.3959,23.8115],[85.4115,23.8249],[85.4361,23.8675],[85.4446,23.8714],[85.4285,23.8862],[85.4055,23.8995],[85.3842,23.8965],[85.3782,23.889],[85.3203,23.889],[85.2976,23.8965],[85.2746,23.9157],[85.2826,23.9291],[85.2739,23.9344],[85.281,23.9493],[85.2517,23.9461],[85.2422,23.9566],[85.2494,23.9637],[85.243,23.9739],[85.246,23.9798],[85.2368,23.9829],[85.2276,23.968],[85.2135,23.9699],[85.197,23.9604],[85.1976,23.9284],[85.1908,23.9389],[85.1953,23.9477],[85.1878,23.956],[85.1848,23.9381],[85.1937,23.866],[85.1789,23.8606],[85.179,23.8543],[85.1526,23.8548],[85.1448,23.8257],[85.1439,23.8248]]]}},{"type":"Feature","properties":{"SUBDISTRICT":"Jarmundi","STATE":"Jharkhand","shapeID":"7132399B74704332535209","source":"geoBoundaries gbOpen IND ADM3 (ODbL 1.0); source: Local Government Directory lgdirectory.gov.in via Pathways Data","DISTRICT":"Dumka"},"geometry":{"type":"Polygon","coordinates":[[[86.8914,24.4379],[86.8917,24.4272],[86.9062,24.4282],[86.899,24.4201],[86.9092,24.4067],[86.9513,24.4163],[86.9301,24.3782],[86.9385,24.3752],[86.9423,24.3516],[86.9687,24.347],[86.9686,24.3081],[86.9733,24.3012],[87.0215,24.2983],[87.0307,24.3174],[87.0376,24.3036],[87.0543,24.2978],[87.0633,24.2838],[87.0737,24.2859],[87.0734,24.2926],[87.0879,24.304],[87.091,24.3321],[87.0795,24.3532],[87.0997,24.3493],[87.1051,24.3562],[87.138,24.3556],[87.1399,24.3641],[87.1295,24.3834],[87.1487,24.387],[87.1534,24.3943],[87.155,24.4222],[87.1464,24.429],[87.1406,24.4633],[87.1611,24.4688],[87.1516,24.4797],[87.1444,24.4761],[87.1419,24.4886],[87.1464,24.4912],[87.1285,24.5103],[87.1102,24.5019],[87.1085,24.4922],[87.0783,24.5063],[87.0668,24.4764],[87.0521,24.4698],[87.0116,24.4908],[86.9995,24.4904],[86.991,24.5051],[86.9714,24.4985],[86.9388,24.5005],[86.9334,24.4831],[86.9189,24.4899],[86.9117,24.4808],[86.9133,24.4593],[86.9052,24.4446],[86.8916,24.4391],[86.8914,24.4379]]]}},{"type":"Feature","properties":{"SUBDISTRICT":"Kathikund","STATE":"Jharkhand","shapeID":"7132399B35154480629312","source":"geoBoundaries gbOpen IND ADM3 (ODbL 1.0); source: Local Government Directory lgdirectory.gov.in via Pathways Data","DISTRICT":"Dumka"},"geometry":{"type":"Polygon","coordinates":[[[87.3318,24.355],[87.3322,24.3265],[87.342,24.3163],[87.362,24.3186],[87.3668,24.3085],[87.3629,24.2998],[87.3731,24.2876],[87.4006,24.2868],[87.4242,24.278],[87.4419,24.286],[87.473,24.2797],[87.4781,24.2873],[87.4962,24.2878],[87.5129,24.2979],[87.52,24.2914],[87.5344,24.2923],[87.538,24.2807],[87.5464,24.2846],[87.5483,24.276],[87.5397,24.2761],[87.5384,24.2679],[87.5574,24.2505],[87.576,24.2517],[87.582,24.2602],[87.6151,24.2593],[87.6168,24.3114],[87.6106,24.3448],[87.5957,24.3363],[87.5706,24.3335],[87.55,24.3395],[87.5556,24.3476],[87.5459,24.3687],[87.5318,24.3681],[87.528,24.3757],[87.5272,24.382],[87.5348,24.3864],[87.5215,24.3846],[87.5165,24.4032],[87.5084,24.3982],[87.5026,24.4021],[87.4921,24.4248],[87.4753,24.4372],[87.484,24.4439],[87.4852,24.4648],[87.4953,24.4571],[87.4984,24.4666],[87.4812,24.4986],[87.4701,24.478],[87.4558,24.4835],[87.4528,24.4752],[87.4343,24.4764],[87.4312,24.4853],[87.4175,24.4856],[87.4118,24.4531],[87.3954,24.4606],[87.3727,24.4572],[87.3765,24.4813],[87.3532,24.498],[87.3537,24.4412],[87.3482,24.4282],[87.3545,24.3977],[87.3354,24.3795],[87.3343,24.3603],[87.3318,24.355]]]}},{"type":"Feature","properties":{"SUBDISTRICT":"Shikaripara","STATE":"Jharkhand","shapeID":"7132399B8265231167356","source":"geoBoundaries gbOpen IND ADM3 (ODbL 1.0); source: Local Government Directory lgdirectory.gov.in via Pathways Data","DISTRICT":"Dumka"},"geometry":{"type":"Polygon","coordinates":[[[87.3041,24.1935],[87.3204,24.1763],[87.3532,24.1843],[87.3604,24.17],[87.3801,24.1752],[87.3895,24.1849],[87.4154,24.1866],[87.4173,24.1969],[87.4374,24.1982],[87.4462,24.2094],[87.4582,24.2102],[87.4618,24.1854],[87.4744,24.1795],[87.4708,24.1578],[87.4824,24.1439],[87.4793,24.131],[87.4855,24.122],[87.522,24.1126],[87.5442,24.0894],[87.5613,24.084],[87.5812,24.0869],[87.5743,24.1084],[87.5829,24.112],[87.5868,24.125],[87.6126,24.1305],[87.5745,24.1572],[87.5848,24.1631],[87.6326,24.1647],[87.6457,24.1565],[87.6851,24.1496],[87.6975,24.156],[87.7017,24.1769],[87.6975,24.1877],[87.6833,24.1927],[87.676,24.2073],[87.6428,24.2131],[87.6481,24.2316],[87.6408,24.2438],[87.6468,24.2513],[87.582,24.2602],[87.576,24.2517],[87.5574,24.2505],[87.5384,24.2679],[87.5397,24.2761],[87.5483,24.276],[87.5464,24.2846],[87.538,24.2807],[87.5344,24.2923],[87.52,24.2914],[87.5129,24.2979],[87.4962,24.2878],[87.4781,24.2873],[87.473,24.2797],[87.4419,24.286],[87.4271,24.278],[87.4146,24.2803],[87.3821,24.2397],[87.3511,24.2389],[87.3446,24.2251],[87.311,24.2217],[87.3056,24.1971],[87.3041,24.1935]]]}},{"type":"Feature","properties":{"SUBDISTRICT":"Jama","STATE":"Jharkhand","shapeID":"7132399B87983827969165","source":"geoBoundaries gbOpen IND ADM3 (ODbL 1.0); source: Local Government Directory lgdirectory.gov.in via Pathways Data","DISTRICT":"Dumka"},"geometry":{"type":"Polygon","coordinates":[[[87.0215,24.2983],[87.0308,24.2864],[87.0277,24.263],[87.0381,24.2519],[87.0676,24.2453],[87.0777,24.2317],[87.1007,24.2233],[87.1188,24.2256],[87.1432,24.215],[87.151,24.2235],[87.1588,24.1942],[87.1764,24.1912],[87.1872,24.1803],[87.1997,24.1874],[87.2429,24.1901],[87.2338,24.1986],[87.2364,24.2265],[87.2094,24.252],[87.2064,24.2695],[87.1986,24.2709],[87.1987,24.2783],[87.2089,24.2821],[87.2032,24.3048],[87.2154,24.3289],[87.2379,24.3121],[87.2458,24.3226],[87.275,24.314],[87.2801,24.3249],[87.2711,24.3318],[87.2596,24.3287],[87.2572,24.3401],[87.2474,24.3413],[87.2455,24.3463],[87.2626,24.3501],[87.2403,24.3605],[87.2443,24.3813],[87.2178,24.3994],[87.2159,24.408],[87.2066,24.4124],[87.1993,24.3968],[87.1848,24.3987],[87.1852,24.3901],[87.1684,24.3826],[87.1623,24.3833],[87.1604,24.3959],[87.1513,24.3944],[87.1487,24.387],[87.1317,24.3863],[87.1295,24.3797],[87.1399,24.3641],[87.1365,24.3549],[87.1051,24.3562],[87.0997,24.3493],[87.0795,24.3532],[87.0913,24.3279],[87.0879,24.304],[87.0734,24.2926],[87.0737,24.2859],[87.0615,24.2844],[87.0543,24.2978],[87.0376,24.3036],[87.0307,24.3174],[87.0215,24.2983],[87.0215,24.2983]]]}},{"type":"Feature","properties":{"SUBDISTRICT":"Masalia","STATE":"Jharkhand","shapeID":"7132399B75786196455934","source":"geoBoundaries gbOpen IND ADM3 (ODbL 1.0); source: Local Government Directory lgdirectory.gov.in via Pathways Data","DISTRICT":"Dumka"},"geometry":{"type":"Polygon","coordinates":[[[86.9381,24.1254],[86.9673,24.1181],[86.9645,24.1065],[86.9749,24.1001],[86.9813,24.1052],[86.9809,24.1186],[86.9867,24.1171],[86.9861,24.1073],[87.0016,24.1068],[87.0025,24.1188],[87.0168,24.12],[87.0231,24.1415],[87.0636,24.1311],[87.0734,24.1189],[87.0724,24.111],[87.1084,24.0995],[87.1319,24.0527],[87.1459,24.0395],[87.2089,24.0302],[87.2441,24.032],[87.2502,24.0631],[87.2374,24.0858],[87.2094,24.1112],[87.213,24.1223],[87.2502,24.1174],[87.2629,24.1058],[87.2886,24.0982],[87.3058,24.0808],[87.3353,24.0808],[87.3213,24.1036],[87.2801,24.136],[87.2888,24.1525],[87.2481,24.1835],[87.2349,24.1912],[87.1901,24.1854],[87.1872,24.1803],[87.1764,24.1912],[87.1588,24.1942],[87.151,24.2235],[87.1432,24.215],[87.1188,24.2256],[87.1007,24.2233],[87.0701,24.2404],[87.0484,24.2136],[87.0524,24.1956],[87.0433,24.1871],[87.015,24.2046],[86.9768,24.2049],[86.9828,24.1755],[86.9665,24.1684],[86.9599,24.1541],[86.9466,24.1555],[86.9381,24.1282],[86.9381,24.1254]]]}},{"type":"Feature","properties":{"SUBDISTRICT":"Fatehpur","STATE":"Jharkhand","shapeID":"7132399B96397639186214","source":"geoBoundaries gbOpen IND ADM3 (ODbL 1.0); source: Local Government Directory lgdirectory.gov.in via Pathways Data","DISTRICT":"Jamtara"},"geometry":{"type":"Polygon","coordinates":[[[86.8381,24.046],[86.8525,24.0326],[86.845,24.0198],[86.8677,23.9894],[86.8731,23.9676],[86.887,23.9588],[86.8998,23.9639],[86.8881,23.9841],[86.8917,24.0149],[86.9118,24.0086],[86.9053,23.9991],[86.9201,23.9931],[86.9156,23.9774],[86.9517,23.9648],[86.9792,23.9834],[86.9828,23.9966],[86.9902,23.9885],[87.0102,23.9934],[87.0118,24.0059],[87.0015,24.0062],[87.0144,24.0316],[87.0282,24.0215],[87.0252,24.0146],[87.0319,24.0135],[87.0371,23.9984],[87.0469,24.0019],[87.0511,23.9962],[87.0656,24.0029],[87.0707,23.9958],[87.0798,24.0043],[87.1097,23.9989],[87.112,24.01],[87.1335,24.0085],[87.1216,24.0337],[87.1315,24.033],[87.1391,24.0462],[87.1084,24.0995],[87.0724,24.111],[87.0734,24.1189],[87.0636,24.1311],[87.0231,24.1415],[87.0168,24.12],[87.0025,24.1188],[86.9996,24.1051],[86.9861,24.1073],[86.9867,24.1171],[86.9809,24.1186],[86.9813,24.1052],[86.971,24.0854],[86.9788,24.0695],[86.9761,24.0511],[86.951,24.0445],[86.9424,24.0363],[86.9226,24.0384],[86.8827,24.0598],[86.8464,24.0459],[86.8381,24.046]]]}},{"type":"Feature","properties":{"SUBDISTRICT":"Namkum","STATE":"Jharkhand","shapeID":"7132399B59865153099818","source":"geoBoundaries gbOpen IND ADM3 (ODbL 1.0); source: Local Government Directory lgdirectory.gov.in via Pathways Data","DISTRICT":"Ranchi"},"geometry":{"type":"Polygon","coordinates":[[[85.1819,23.1932],[85.2082,23.1847],[85.2152,23.1895],[85.2148,23.2029],[85.2334,23.2009],[85.2383,23.2112],[85.2488,23.2108],[85.2483,23.2003],[85.255,23.198],[85.2506,23.183],[85.2624,23.1704],[85.2822,23.1639],[85.2877,23.1527],[85.3046,23.1604],[85.3047,23.1831],[85.3254,23.1545],[85.3448,23.1524],[85.3567,23.1614],[85.3733,23.156],[85.373,23.1442],[85.3941,23.1345],[85.4178,23.1415],[85.4301,23.1357],[85.444,23.1391],[85.44,23.1575],[85.4509,23.1777],[85.4735,23.1773],[85.4774,23.1861],[85.4884,23.1899],[85.4793,23.2032],[85.4964,23.2128],[85.51,23.2167],[85.523,23.2012],[85.5275,23.2063],[85.5453,23.2045],[85.5367,23.223],[85.5483,23.2336],[85.541,23.2346],[85.5458,23.2574],[85.5587,23.2701],[85.5344,23.2892],[85.5104,23.2933],[85.5012,23.301],[85.4918,23.2949],[85.4959,23.3067],[85.4501,23.3122],[85.4363,23.3434],[85.442,23.3545],[85.4566,23.3506],[85.4748,23.3304],[85.4949,23.3277],[85.4995,23.3359],[85.4775,23.3564],[85.4304,23.3759],[85.4198,23.373],[85.4063,23.3578],[85.388,23.3576],[85.3785,23.3369],[85.3788,23.3177],[85.3446,23.319],[85.3365,23.2994],[85.328,23.3006],[85.3228,23.2944],[85.3106,23.2984],[85.3155,23.2814],[85.2843,23.2621],[85.2819,23.2566],[85.288,23.2535],[85.2783,23.2241],[85.2611,23.2472],[85.2665,23.2677],[85.2587,23.2412],[85.2507,23.2381],[85.2374,23.246],[85.2485,23.2637],[85.2331,23.2697],[85.2055,23.2642],[85.2032,23.2574],[85.2143,23.2476],[85.2,23.2253],[85.1879,23.2309],[85.1849,23.2218],[85.1947,23.2162],[85.1952,23.2044],[85.1824,23.195],[85.1819,23.1932]]]}},{"type":"Feature","properties":{"SUBDISTRICT":"Murhu","STATE":"Jharkhand","shapeID":"7132399B16994474089756","source":"geoBoundaries gbOpen IND ADM3 (ODbL 1.0); source: Local Government Directory lgdirectory.gov.in via Pathways Data","DISTRICT":"Ranchi"},"geometry":{"type":"Polygon","coordinates":[[[85.104,22.8033],[85.1257,22.8095],[85.1422,22.8249],[85.1586,22.8246],[85.1611,22.8396],[85.1751,22.8386],[85.1802,22.8297],[85.1978,22.829],[85.1919,22.8199],[85.1984,22.8234],[85.2,22.8172],[85.2145,22.8318],[85.2194,22.8296],[85.2269,22.8429],[85.2502,22.8404],[85.252,22.8505],[85.2647,22.8534],[85.2704,22.8621],[85.2662,22.8655],[85.2755,22.867],[85.2821,22.8782],[85.3183,22.8933],[85.3257,22.8877],[85.3154,22.9045],[85.296,22.9052],[85.3006,22.9222],[85.3333,22.9309],[85.3495,22.9253],[85.3546,22.9321],[85.3909,22.9395],[85.3911,22.9543],[85.4088,22.9545],[85.408,22.9689],[85.3977,22.9741],[85.3999,22.9871],[85.3533,22.9966],[85.3619,23.025],[85.3728,23.0267],[85.3761,23.0403],[85.3701,23.044],[85.3457,23.0386],[85.3418,23.0606],[85.3347,23.0371],[85.3062,23.0455],[85.2996,23.0412],[85.2999,23.0306],[85.2824,23.0236],[85.2871,23.0144],[85.3064,23.0135],[85.3081,23.0037],[85.2976,23.0031],[85.2867,22.9771],[85.2487,22.9771],[85.2444,22.9676],[85.236,22.9679],[85.2239,22.9733],[85.2239,22.9841],[85.2378,22.9921],[85.2368,23.0061],[85.2271,23.0101],[85.2287,23.0203],[85.221,23.0217],[85.2191,23.032],[85.2052,23.0352],[85.1764,23.0572],[85.1731,23.0717],[85.1503,23.0724],[85.1549,23.0516],[85.1368,23.0417],[85.135,23.05],[85.126,23.0449],[85.1247,23.033],[85.1461,23.0168],[85.1679,23.0152],[85.1698,23.0022],[85.1584,22.9933],[85.1301,23.0041],[85.1252,22.9855],[85.1509,22.974],[85.1437,22.9507],[85.1367,22.9457],[85.1391,22.9354],[85.1611,22.9353],[85.1715,22.9142],[85.158,22.9052],[85.1612,22.8963],[85.138,22.8749],[85.1365,22.8619],[85.1208,22.8509],[85.1247,22.833],[85.1042,22.8043],[85.104,22.8033]]]}},{"type":"Feature","properties":{"SUBDISTRICT":"Ghaghra","STATE":"Jharkhand","shapeID":"7132399B49958227549762","source":"geoBoundaries gbOpen IND ADM3 (ODbL 1.0); source: Local Government Directory lgdirectory.gov.in via Pathways Data","DISTRICT":"Gumla"},"geometry":{"type":"Polygon","coordinates":[[[84.2877,23.2432],[84.3068,23.238],[84.3021,23.2255],[84.3452,23.2091],[84.3575,23.2242],[84.3766,23.2265],[84.3843,23.2374],[84.398,23.2308],[84.4057,23.2374],[84.4223,23.2335],[84.4327,23.2237],[84.4332,23.2118],[84.4556,23.2063],[84.4559,23.2178],[84.45,23.221],[84.4567,23.2276],[84.4712,23.2073],[84.4616,23.202],[84.4571,23.1888],[84.4792,23.1934],[84.4914,23.1887],[84.4976,23.1791],[84.5175,23.1771],[84.522,23.1648],[84.5296,23.1672],[84.5508,23.1459],[84.5631,23.1476],[84.5605,23.1404],[84.5846,23.1398],[84.603,23.1303],[84.6183,23.1959],[84.6291,23.1994],[84.6282,23.2078],[84.6427,23.2084],[84.6244,23.235],[84.5889,23.2395],[84.5551,23.2601],[84.567,23.2711],[84.5676,23.2915],[84.5784,23.3073],[84.5651,23.3146],[84.5441,23.3423],[84.5205,23.3447],[84.4974,23.3736],[84.4856,23.3643],[84.4783,23.3469],[84.461,23.3578],[84.4598,23.3749],[84.4256,23.3696],[84.4028,23.307],[84.3735,23.2984],[84.3483,23.2786],[84.3276,23.2813],[84.3033,23.2752],[84.2883,23.2452],[84.2877,23.2432]]]}},{"type":"Feature","properties":{"SUBDISTRICT":"Chakradharpur","STATE":"Jharkhand","shapeID":"7132399B85614328380098","source":"geoBoundaries gbOpen IND ADM3 (ODbL 1.0); source: Local Government Directory lgdirectory.gov.in via Pathways Data","DISTRICT":"Pashchim Singhbhum"},"geometry":{"type":"Polygon","coordinates":[[[85.5339,22.8019],[85.5448,22.7887],[85.5826,22.7703],[85.5809,22.7454],[85.5877,22.7293],[85.5979,22.7269],[85.5947,22.7207],[85.6066,22.6998],[85.5806,22.6798],[85.5768,22.6644],[85.5841,22.6569],[85.5827,22.6426],[85.5736,22.6414],[85.5796,22.6252],[85.5988,22.6233],[85.5945,22.6102],[85.5834,22.6091],[85.5768,22.5773],[85.5873,22.547],[85.6009,22.5487],[85.6324,22.5827],[85.6757,22.5956],[85.6773,22.6129],[85.6961,22.6201],[85.689,22.6301],[85.6626,22.6377],[85.661,22.6487],[85.6695,22.6552],[85.6683,22.6617],[85.7023,22.6636],[85.7116,22.6581],[85.7256,22.6847],[85.7512,22.6733],[85.7578,22.693],[85.7442,22.6833],[85.7177,22.6982],[85.7042,22.7333],[85.7104,22.7414],[85.7353,22.7421],[85.7367,22.75],[85.7258,22.7565],[85.7177,22.7727],[85.7251,22.8004],[85.6941,22.8207],[85.6894,22.8304],[85.6802,22.8309],[85.6761,22.8396],[85.6534,22.8378],[85.6415,22.8212],[85.6031,22.8274],[85.5918,22.8168],[85.5755,22.8162],[85.5717,22.8054],[85.5368,22.8021],[85.5339,22.8019]]]}},{"type":"Feature","properties":{"SUBDISTRICT":"Khuntpani","STATE":"Jharkhand","shapeID":"7132399B86963305306526","source":"geoBoundaries gbOpen IND ADM3 (ODbL 1.0); source: Local Government Directory lgdirectory.gov.in via Pathways Data","DISTRICT":"Pashchim Singhbhum"},"geometry":{"type":"Polygon","coordinates":[[[85.5616,22.5228],[85.5681,22.5214],[85.5667,22.4779],[85.6075,22.4866],[85.6057,22.4763],[85.6469,22.4687],[85.6516,22.4803],[85.6695,22.4755],[85.6752,22.487],[85.6957,22.4946],[85.7096,22.511],[85.7378,22.4998],[85.7553,22.5063],[85.7232,22.5251],[85.7297,22.5339],[85.7212,22.5423],[85.7467,22.544],[85.7586,22.5543],[85.7403,22.5642],[85.7462,22.5744],[85.7817,22.5847],[85.8112,22.6098],[85.8296,22.5986],[85.843,22.6078],[85.8441,22.6036],[85.8579,22.6062],[85.8625,22.5975],[85.8689,22.6045],[85.8812,22.6021],[85.9013,22.6119],[85.8905,22.6225],[85.8858,22.6155],[85.8747,22.6164],[85.8756,22.6268],[85.8832,22.6324],[85.8697,22.6565],[85.8768,22.68],[85.8696,22.6893],[85.8716,22.7056],[85.8666,22.7124],[85.8488,22.7028],[85.84,22.707],[85.8392,22.717],[85.8183,22.7098],[85.8051,22.7147],[85.8075,22.7067],[85.7888,22.7052],[85.787,22.6972],[85.7582,22.6962],[85.7512,22.6733],[85.73,22.686],[85.7116,22.6581],[85.7023,22.6636],[85.6683,22.6617],[85.6695,22.6552],[85.661,22.6487],[85.6626,22.6377],[85.689,22.6301],[85.6961,22.6201],[85.6773,22.6129],[85.6757,22.5956],[85.6324,22.5827],[85.6119,22.5649],[85.6031,22.5523],[85.6129,22.5502],[85.6098,22.5457],[85.6268,22.5456],[85.6285,22.5404],[85.5646,22.5344],[85.5623,22.5297],[85.5616,22.5228]]]}},{"type":"Feature","properties":{"SUBDISTRICT":"Goilkera","STATE":"Jharkhand","shapeID":"7132399B61199551695256","source":"geoBoundaries gbOpen IND ADM3 (ODbL 1.0); source: Local Government Directory lgdirectory.gov.in via Pathways Data","DISTRICT":"Pashchim Singhbhum"},"geometry":{"type":"Polygon","coordinates":[[[85.2215,22.498],[85.2231,22.4888],[85.2485,22.4708],[85.2599,22.4493],[85.2777,22.4486],[85.2679,22.4187],[85.3031,22.4058],[85.2677,22.3785],[85.2561,22.3509],[85.2758,22.3484],[85.2947,22.3674],[85.3174,22.3674],[85.3156,22.3613],[85.3251,22.3615],[85.3135,22.3536],[85.3064,22.3373],[85.3104,22.3262],[85.3246,22.3167],[85.3467,22.3427],[85.3643,22.3484],[85.3672,22.3598],[85.3955,22.3693],[85.4311,22.3684],[85.4524,22.3999],[85.4597,22.3922],[85.4728,22.4042],[85.4811,22.3993],[85.4923,22.4088],[85.4791,22.4164],[85.4783,22.4399],[85.4607,22.473],[85.4737,22.4958],[85.4796,22.4909],[85.4873,22.4994],[85.4948,22.4943],[85.506,22.5035],[85.4984,22.509],[85.5005,22.5225],[85.4936,22.5256],[85.528,22.5166],[85.5616,22.5228],[85.5646,22.5344],[85.6285,22.5404],[85.6221,22.5474],[85.6098,22.5457],[85.6101,22.5519],[85.5821,22.5503],[85.5768,22.5773],[85.5628,22.5852],[85.562,22.571],[85.5529,22.5697],[85.553,22.5622],[85.5342,22.5639],[85.5281,22.5543],[85.5201,22.5545],[85.5179,22.5701],[85.5101,22.5638],[85.5077,22.5674],[85.5059,22.5594],[85.4826,22.5562],[85.4756,22.5451],[85.4755,22.5275],[85.4435,22.5106],[85.4331,22.5225],[85.4187,22.5201],[85.4045,22.5273],[85.3972,22.539],[85.4051,22.5479],[85.4017,22.5518],[85.3808,22.5418],[85.3902,22.568],[85.3739,22.5737],[85.3721,22.5867],[85.3611,22.5883],[85.3482,22.6057],[85.3519,22.6265],[85.3443,22.6416],[85.3323,22.6356],[85.3287,22.625],[85.3116,22.6277],[85.2899,22.6198],[85.286,22.6035],[85.2785,22.6025],[85.2761,22.5676],[85.2577,22.5692],[85.2317,22.5856],[85.2228,22.5625],[85.2502,22.536],[85.2283,22.5249],[85.2292,22.505],[85.2232,22.4991],[85.2215,22.498]]]}},{"type":"Feature","properties":{"SUBDISTRICT":"Manoharpur","STATE":"Jharkhand","shapeID":"7132399B96279193397924","source":"geoBoundaries gbOpen IND ADM3 (ODbL 1.0); source: Local Government Directory lgdirectory.gov.in via Pathways Data","DISTRICT":"Pashchim Singhbhum"},"geometry":{"type":"Polygon","coordinates":[[[84.9863,22.0881],[85.0,22.0807],[85.0136,22.0866],[85.0264,22.1068],[85.0335,22.1046],[85.0503,22.1141],[85.0759,22.1106],[85.1018,22.1029],[85.1061,22.0881],[85.1252,22.07],[85.1472,22.0771],[85.1619,22.074],[85.1771,22.0518],[85.1707,22.0688],[85.1831,22.0703],[85.1898,22.0585],[85.217,22.0468],[85.2202,22.0273],[85.2265,22.0285],[85.2249,22.0395],[85.2341,22.0606],[85.2206,22.0578],[85.2324,22.071],[85.2345,22.0896],[85.2226,22.1055],[85.2256,22.1249],[85.2179,22.1259],[85.2113,22.1374],[85.238,22.1423],[85.257,22.1587],[85.283,22.1449],[85.2793,22.1624],[85.3002,22.1912],[85.3409,22.2354],[85.3533,22.2375],[85.3621,22.2491],[85.3604,22.2581],[85.3865,22.255],[85.4158,22.2989],[85.4149,22.3069],[85.4012,22.3132],[85.4026,22.3351],[85.3855,22.3425],[85.3986,22.3495],[85.3958,22.3561],[85.4059,22.3681],[85.3672,22.3598],[85.3643,22.3484],[85.3467,22.3427],[85.3246,22.3167],[85.3104,22.3262],[85.3064,22.3373],[85.3135,22.3536],[85.3251,22.3615],[85.3156,22.3613],[85.3174,22.3674],[85.2947,22.3674],[85.2758,22.3484],[85.2561,22.3509],[85.2677,22.3785],[85.3031,22.4058],[85.2679,22.4187],[85.2777,22.4486],[85.2599,22.4493],[85.2485,22.4708],[85.2231,22.4888],[85.2172,22.4729],[85.1953,22.4619],[85.1821,22.4445],[85.1888,22.418],[85.1621,22.4181],[85.1697,22.4087],[85.1657,22.3902],[85.1568,22.383],[85.1227,22.3824],[85.1207,22.3737],[85.1119,22.3723],[85.0892,22.3838],[85.0805,22.3517],[85.0994,22.3442],[85.0944,22.3172],[85.1204,22.3174],[85.1209,22.2937],[85.1117,22.2943],[85.0769,22.2754],[85.0807,22.2542],[85.0745,22.2467],[85.0759,22.2339],[85.0534,22.1891],[85.0542,22.1776],[85.0318,22.1574],[85.0376,22.1407],[85.0302,22.1154],[84.9865,22.0901],[84.9863,22.0881]]]}},{"type":"Feature","properties":{"SUBDISTRICT":"Noamundi","STATE":"Jharkhand","shapeID":"7132399B60539735173651","source":"geoBoundaries gbOpen IND ADM3 (ODbL 1.0); source: Local Government Directory lgdirectory.gov.in via Pathways Data","DISTRICT":"Pashchim Singhbhum"},"geometry":{"type":"Polygon","coordinates":[[[85.2113,22.1374],[85.2179,22.1259],[85.2256,22.1249],[85.2226,22.1055],[85.2345,22.0896],[85.2324,22.071],[85.2206,22.0578],[85.2341,22.0606],[85.2249,22.0395],[85.2265,22.0285],[85.2202,22.0273],[85.2212,22.0144],[85.2372,22.004],[85.2804,22.0837],[85.3063,22.1107],[85.3292,22.1286],[85.3516,22.1306],[85.3676,22.1251],[85.3643,22.1415],[85.3694,22.1581],[85.4165,22.1597],[85.4919,22.1202],[85.5209,22.1119],[85.5456,22.0904],[85.5723,22.0908],[85.5599,22.1134],[85.5695,22.1217],[85.5695,22.1407],[85.5473,22.1655],[85.5572,22.1813],[85.5514,22.1966],[85.5553,22.1998],[85.5799,22.1904],[85.586,22.2235],[85.6045,22.2487],[85.6045,22.2824],[85.6327,22.2863],[85.6316,22.2922],[85.6374,22.293],[85.6252,22.3239],[85.6292,22.3423],[85.6233,22.3538],[85.6032,22.3536],[85.5651,22.3684],[85.5631,22.3526],[85.5789,22.3338],[85.5562,22.3299],[85.5243,22.3105],[85.5133,22.314],[85.5119,22.3306],[85.5065,22.3287],[85.5174,22.3455],[85.5129,22.3493],[85.496,22.3379],[85.4968,22.3151],[85.4147,22.3046],[85.3865,22.255],[85.3604,22.2581],[85.3621,22.2491],[85.3533,22.2375],[85.3409,22.2354],[85.3002,22.1912],[85.2793,22.1624],[85.283,22.1449],[85.257,22.1587],[85.238,22.1423],[85.2129,22.1388],[85.2113,22.1374]]]}},{"type":"Feature","properties":{"SUBDISTRICT":"Tonto","STATE":"Jharkhand","shapeID":"7132399B29786133479541","source":"geoBoundaries gbOpen IND ADM3 (ODbL 1.0); source: Local Government Directory lgdirectory.gov.in via Pathways Data","DISTRICT":"Pashchim Singhbhum"},"geometry":{"type":"Polygon","coordinates":[[[85.3855,22.3425],[85.4026,22.3351],[85.4012,22.3132],[85.4147,22.3046],[85.4411,22.3057],[85.4666,22.315],[85.4968,22.3151],[85.496,22.3379],[85.5157,22.3494],[85.5065,22.3287],[85.5119,22.3306],[85.5133,22.314],[85.5289,22.3106],[85.5562,22.3299],[85.5789,22.3338],[85.5631,22.3526],[85.5651,22.3684],[85.6032,22.3536],[85.6199,22.3572],[85.6256,22.3456],[85.6363,22.351],[85.6552,22.3485],[85.6526,22.3409],[85.6626,22.3157],[85.6803,22.3141],[85.703,22.3364],[85.7128,22.3349],[85.7214,22.3542],[85.7361,22.3501],[85.7383,22.3643],[85.7599,22.3583],[85.7479,22.3819],[85.7564,22.4062],[85.7342,22.3998],[85.7266,22.4164],[85.7316,22.4281],[85.7449,22.4285],[85.7421,22.4508],[85.7505,22.4601],[85.7299,22.4535],[85.7194,22.4609],[85.7355,22.4818],[85.7621,22.4821],[85.764,22.4952],[85.7859,22.5002],[85.7836,22.5065],[85.7636,22.5102],[85.7378,22.4998],[85.7096,22.511],[85.6957,22.4946],[85.6752,22.487],[85.6695,22.4755],[85.6516,22.4803],[85.6469,22.4687],[85.6386,22.4673],[85.6057,22.4763],[85.6075,22.4866],[85.5667,22.4779],[85.5681,22.5214],[85.5186,22.5165],[85.4968,22.5268],[85.4984,22.509],[85.506,22.5035],[85.4948,22.4943],[85.4873,22.4994],[85.4796,22.4909],[85.4737,22.4958],[85.4607,22.473],[85.4783,22.4399],[85.4791,22.4164],[85.4923,22.4088],[85.4811,22.3993],[85.4728,22.4042],[85.4597,22.3922],[85.4524,22.3999],[85.4329,22.3698],[85.4059,22.3681],[85.3958,22.3561],[85.3986,22.3495],[85.3885,22.3453],[85.3855,22.3425]]]}},{"type":"Feature","properties":{"SUBDISTRICT":"Nimdih","STATE":"Jharkhand","shapeID":"7132399B91465695055504","source":"geoBoundaries gbOpen IND ADM3 (ODbL 1.0); source: Local Government Directory lgdirectory.gov.in via Pathways Data","DISTRICT":"Saraikela Kharsawan"},"geometry":{"type":"Polygon","coordinates":[[[86.0166,23.0238],[86.0364,23.0072],[86.0591,23.0128],[86.0599,23.0046],[86.0679,23.0121],[86.0822,23.0013],[86.0778,22.9667],[86.0747,22.9757],[86.0678,22.9729],[86.0699,22.961],[86.0633,22.9507],[86.1567,22.9397],[86.1741,22.9263],[86.1752,22.9141],[86.2061,22.9022],[86.2095,22.9504],[86.2566,22.9693],[86.2508,22.9982],[86.2182,22.9945],[86.2096,23.0006],[86.2101,23.0159],[86.1814,23.0156],[86.166,23.0417],[86.1595,23.0398],[86.1542,23.0553],[86.1404,23.0655],[86.1424,23.0856],[86.1216,23.0961],[86.103,23.0942],[86.0959,23.0828],[86.0752,23.0912],[86.06,23.0824],[86.0522,23.0664],[86.0437,23.0683],[86.0296,23.0583],[86.0176,23.027],[86.0166,23.0238]]]}},{"type":"Feature","properties":{"SUBDISTRICT":"Litipara","STATE":"Jharkhand","shapeID":"7132399B29873720752523","source":"geoBoundaries gbOpen IND ADM3 (ODbL 1.0); source: Local Government Directory lgdirectory.gov.in via Pathways Data","DISTRICT":"Pakur"},"geometry":{"type":"Polygon","coordinates":[[[87.448,24.7363],[87.4701,24.7091],[87.4852,24.6642],[87.484,24.6457],[87.4978,24.6472],[87.5223,24.628],[87.5385,24.6258],[87.5324,24.6228],[87.5437,24.6098],[87.549,24.6188],[87.5413,24.626],[87.5503,24.6328],[87.5582,24.6255],[87.5773,24.626],[87.5918,24.6432],[87.5897,24.6311],[87.5828,24.6279],[87.5923,24.6189],[87.6031,24.6221],[87.6001,24.6361],[87.6311,24.6426],[87.6365,24.633],[87.6628,24.6311],[87.6595,24.6228],[87.6647,24.6143],[87.6527,24.6023],[87.671,24.59],[87.6971,24.6826],[87.6859,24.6932],[87.7031,24.7006],[87.7156,24.728],[87.7079,24.7265],[87.7064,24.7374],[87.684,24.739],[87.6736,24.7548],[87.626,24.7645],[87.623,24.7738],[87.6112,24.7667],[87.6073,24.7763],[87.5887,24.7761],[87.5962,24.7922],[87.6222,24.7844],[87.602,24.7953],[87.5714,24.7947],[87.5539,24.8116],[87.5388,24.8024],[87.5431,24.7875],[87.5354,24.782],[87.5126,24.7802],[87.5039,24.7693],[87.4826,24.7755],[87.4691,24.772],[87.4485,24.7379],[87.448,24.7363]],[[87.5117,24.6446],[87.5379,24.6452],[87.527,24.6349],[87.513,24.6432],[87.5117,24.6446]]]}},{"type":"Feature","properties":{"SUBDISTRICT":"Chauparan","STATE":"Jharkhand","shapeID":"7132399B44976803421664","source":"geoBoundaries gbOpen IND ADM3 (ODbL 1.0); source: Local Government Directory lgdirectory.gov.in via Pathways Data","DISTRICT":"Hazaribag"},"geometry":{"type":"Polygon","coordinates":[[[85.0996,24.3817],[85.1256,24.3383],[85.1416,24.3417],[85.1405,24.362],[85.1448,24.3635],[85.1572,24.3628],[85.1724,24.3449],[85.2004,24.3347],[85.2112,24.3485],[85.2317,24.3527],[85.2797,24.3417],[85.3041,24.3483],[85.3259,24.3277],[85.3492,24.3263],[85.3478,24.3165],[85.3404,24.3132],[85.3555,24.2994],[85.38,24.3163],[85.3757,24.3221],[85.3835,24.3265],[85.3846,24.3425],[85.4229,24.3598],[85.4136,24.3638],[85.4201,24.3815],[85.4078,24.3831],[85.4091,24.3939],[85.4003,24.4027],[85.4089,24.4134],[85.4216,24.4113],[85.4293,24.4284],[85.4409,24.4274],[85.4124,24.4525],[85.4095,24.4879],[85.3923,24.487],[85.3844,24.4768],[85.3631,24.4761],[85.3324,24.4907],[85.3347,24.5151],[85.3585,24.5238],[85.357,24.5287],[85.2896,24.5269],[85.289,24.4974],[85.2536,24.4955],[85.231,24.4714],[85.16,24.4643],[85.1571,24.456],[85.1659,24.4514],[85.1765,24.4297],[85.1624,24.4182],[85.1222,24.4092],[85.1012,24.3859],[85.0996,24.3817]]]}},{"type":"Feature","properties":{"SUBDISTRICT":"Kanke","STATE":"Jharkhand","shapeID":"7132399B6079709173874","source":"geoBoundaries gbOpen IND ADM3 (ODbL 1.0); source: Local Government Directory lgdirectory.gov.in via Pathways Data","DISTRICT":"Ranchi"},"geometry":{"type":"Polygon","coordinates":[[[85.1724,23.4905],[85.1727,23.4829],[85.2004,23.4769],[85.2068,23.4501],[85.2254,23.4474],[85.2065,23.4179],[85.2048,23.4013],[85.1853,23.3966],[85.1916,23.38],[85.1871,23.3641],[85.2317,23.354],[85.2439,23.3226],[85.2095,23.3337],[85.2113,23.3231],[85.2352,23.2869],[85.2296,23.2835],[85.2322,23.2692],[85.249,23.2633],[85.2374,23.246],[85.247,23.2381],[85.2587,23.2412],[85.2665,23.2677],[85.2611,23.2472],[85.275,23.2243],[85.2804,23.2257],[85.2866,23.2479],[85.2843,23.2621],[85.3155,23.2814],[85.3106,23.2984],[85.3228,23.2944],[85.328,23.3006],[85.3365,23.2994],[85.3446,23.319],[85.3788,23.3177],[85.3785,23.3369],[85.388,23.3576],[85.4063,23.3578],[85.4198,23.373],[85.4295,23.3738],[85.4357,23.3863],[85.4314,23.4038],[85.4427,23.3998],[85.4484,23.4071],[85.4419,23.4108],[85.4437,23.4327],[85.4167,23.4574],[85.4271,23.4642],[85.4261,23.4715],[85.3688,23.4979],[85.3569,23.4958],[85.3503,23.5088],[85.3212,23.5268],[85.3154,23.5377],[85.3207,23.5385],[85.326,23.5678],[85.2683,23.5802],[85.2426,23.6029],[85.2306,23.5985],[85.2074,23.6058],[85.1816,23.5995],[85.18,23.5929],[85.2147,23.5868],[85.1935,23.5812],[85.1978,23.5647],[85.1873,23.5534],[85.1824,23.5356],[85.1886,23.5323],[85.1839,23.5155],[85.189,23.5091],[85.1738,23.492],[85.1724,23.4905]]]}},{"type":"Feature","properties":{"SUBDISTRICT":"Angara","STATE":"Jharkhand","shapeID":"7132399B28860161258255","source":"geoBoundaries gbOpen IND ADM3 (ODbL 1.0); source: Local Government Directory lgdirectory.gov.in via Pathways Data","DISTRICT":"Ranchi"},"geometry":{"type":"Polygon","coordinates":[[[85.4304,23.3759],[85.4775,23.3564],[85.4995,23.3359],[85.4949,23.3277],[85.4748,23.3304],[85.4566,23.3506],[85.442,23.3545],[85.4363,23.3434],[85.4501,23.3122],[85.4959,23.3067],[85.4918,23.2949],[85.5012,23.301],[85.5701,23.2699],[85.5886,23.2708],[85.5844,23.2855],[85.6107,23.2863],[85.6494,23.2496],[85.6542,23.2505],[85.6539,23.2701],[85.6623,23.2804],[85.6555,23.2891],[85.6615,23.2999],[85.6764,23.3015],[85.6795,23.3088],[85.701,23.3021],[85.7069,23.307],[85.7296,23.3047],[85.7382,23.3198],[85.7389,23.3366],[85.7565,23.3606],[85.7523,23.4006],[85.7484,23.3962],[85.7436,23.4021],[85.7062,23.403],[85.6857,23.4228],[85.656,23.4247],[85.6143,23.454],[85.6117,23.4673],[85.5901,23.4827],[85.5749,23.4863],[85.5683,23.4819],[85.5581,23.4505],[85.5287,23.4541],[85.5203,23.4499],[85.5213,23.4438],[85.5073,23.4481],[85.5011,23.4365],[85.4854,23.4467],[85.48,23.4279],[85.4737,23.4247],[85.4669,23.4329],[85.4555,23.4244],[85.4455,23.4296],[85.4419,23.4108],[85.4482,23.4045],[85.4427,23.3998],[85.4314,23.4038],[85.4328,23.378],[85.4304,23.3759]]]}},{"type":"Feature","properties":{"SUBDISTRICT":"Bardiha","STATE":"Jharkhand","shapeID":"7132399B2507189377559","source":"geoBoundaries gbOpen IND ADM3 (ODbL 1.0); source: Local Government Directory lgdirectory.gov.in via Pathways Data","DISTRICT":"Garhwa"},"geometry":{"type":"Polygon","coordinates":[[[83.6436,24.3373],[83.6459,24.3174],[83.6686,24.3159],[83.666,24.3048],[83.6867,24.3021],[83.7024,24.3065],[83.7118,24.3192],[83.7241,24.3173],[83.7368,24.3358],[83.7695,24.3196],[83.7687,24.336],[83.7822,24.3467],[83.7715,24.3601],[83.7783,24.3709],[83.7764,24.3812],[83.7579,24.3793],[83.7479,24.3896],[83.6976,24.389],[83.6742,24.3603],[83.6451,24.3478],[83.6436,24.3373]]]}},{"type":"Feature","properties":{"SUBDISTRICT":"Dhurki","STATE":"Jharkhand","shapeID":"7132399B71953359949193","source":"geoBoundaries gbOpen IND ADM3 (ODbL 1.0); source: Local Government Directory lgdirectory.gov.in via Pathways Data","DISTRICT":"Garhwa"},"geometry":{"type":"Polygon","coordinates":[[[83.3313,24.1005],[83.3876,24.099],[83.4063,24.0797],[83.4331,24.0831],[83.439,24.0573],[83.4553,24.0419],[83.4866,24.038],[83.5173,24.0248],[83.5344,24.0469],[83.5381,24.0758],[83.5605,24.1002],[83.5688,24.1262],[83.582,24.143],[83.5775,24.1585],[83.6035,24.177],[83.583,24.1812],[83.5453,24.1739],[83.5215,24.1841],[83.5161,24.1749],[83.4844,24.1779],[83.4806,24.1642],[83.4547,24.159],[83.4453,24.1745],[83.4275,24.1808],[83.4084,24.1846],[83.3765,24.1783],[83.3567,24.1256],[83.3439,24.108],[83.3313,24.1005]]]}},{"type":"Feature","properties":{"SUBDISTRICT":"Ramkanda","STATE":"Jharkhand","shapeID":"7132399B74759907525491","source":"geoBoundaries gbOpen IND ADM3 (ODbL 1.0); source: Local Government Directory lgdirectory.gov.in via Pathways Data","DISTRICT":"Garhwa"},"geometry":{"type":"Polygon","coordinates":[[[83.7394,23.7971],[83.8383,23.8048],[83.8553,23.816],[83.9035,23.8213],[83.9302,23.869],[83.9232,23.8933],[83.9281,23.9311],[83.9122,23.9373],[83.8896,23.9697],[83.8847,23.9877],[83.8726,23.9909],[83.8582,23.9765],[83.8582,23.9573],[83.834,23.9532],[83.8255,23.9087],[83.8414,23.8948],[83.8105,23.8718],[83.7714,23.8675],[83.7559,23.8597],[83.7396,23.8014],[83.7394,23.7971]]]}},{"type":"Feature","properties":{"SUBDISTRICT":"Sarath","STATE":"Jharkhand","shapeID":"7132399B30411922887418","source":"geoBoundaries gbOpen IND ADM3 (ODbL 1.0); source: Local Government Directory lgdirectory.gov.in via Pathways Data","DISTRICT":"Deoghar"},"geometry":{"type":"Polygon","coordinates":[[[86.7251,24.2583],[86.7259,24.2465],[86.7498,24.2462],[86.7571,24.2393],[86.7435,24.2192],[86.7509,24.1947],[86.7392,24.1925],[86.7348,24.174],[86.753,24.1618],[86.7576,24.1863],[86.7629,24.1873],[86.7698,24.1826],[86.7589,24.165],[86.7671,24.1615],[86.7796,24.1721],[86.7848,24.1596],[86.7806,24.1455],[86.7652,24.1387],[86.7679,24.1273],[86.7888,24.126],[86.7854,24.1141],[86.7907,24.0987],[86.7636,24.0945],[86.7598,24.0727],[86.7741,24.0594],[86.7882,24.059],[86.7959,24.0695],[86.8133,24.0742],[86.8366,24.046],[86.8711,24.0571],[86.8587,24.0952],[86.8838,24.1242],[86.8802,24.1475],[86.8921,24.1626],[86.8802,24.1773],[86.8787,24.1911],[86.8705,24.1851],[86.8673,24.1917],[86.904,24.2109],[86.902,24.2287],[86.9155,24.2316],[86.9031,24.239],[86.9079,24.2496],[86.8991,24.2535],[86.9042,24.2587],[86.8846,24.264],[86.8919,24.2787],[86.8775,24.289],[86.8843,24.3012],[86.8731,24.3105],[86.8458,24.2885],[86.8367,24.2689],[86.8415,24.2497],[86.8312,24.2423],[86.8188,24.2501],[86.829,24.2634],[86.8114,24.265],[86.8139,24.2809],[86.8022,24.2923],[86.7726,24.2871],[86.7677,24.293],[86.7548,24.2906],[86.7508,24.2832],[86.7336,24.284],[86.7335,24.2639],[86.7253,24.2592],[86.7251,24.2583]]]}},{"type":"Feature","properties":{"SUBDISTRICT":"Medininagar(Daltonganj)","STATE":"Jharkhand","shapeID":"7132399B78989381477803","source":"geoBoundaries gbOpen IND ADM3 (ODbL 1.0); source: Local Government Directory lgdirectory.gov.in via Pathways Data","DISTRICT":"Palamu"},"geometry":{"type":"Polygon","coordinates":[[[84.0421,24.054],[84.0596,24.0303],[84.0692,23.9995],[84.1188,23.9605],[84.1305,23.9397],[84.1601,23.9403],[84.1721,23.9318],[84.1882,23.9314],[84.215,23.9729],[84.1906,24.0295],[84.1472,24.0142],[84.1347,24.0272],[84.1167,24.0327],[84.1417,24.0552],[84.1209,24.0817],[84.1047,24.0899],[84.0815,24.0909],[84.0471,24.1062],[84.0442,24.0581],[84.0421,24.054]]]}},{"type":"Feature","properties":{"SUBDISTRICT":"Meral (Pipra Kalan)","STATE":"Jharkhand","shapeID":"7132399B65740933832100","source":"geoBoundaries gbOpen IND ADM3 (ODbL 1.0); source: Local Government Directory lgdirectory.gov.in via Pathways Data","DISTRICT":"Garhwa"},"geometry":{"type":"Polygon","coordinates":[[[83.6399,24.1988],[83.6626,24.1663],[83.6611,24.144],[83.6482,24.1414],[83.6571,24.122],[83.6908,24.1258],[83.6983,24.1168],[83.7028,24.0954],[83.6875,24.0894],[83.6893,24.0587],[83.7284,24.0555],[83.7962,24.082],[83.7942,24.1125],[83.773,24.1101],[83.7654,24.1257],[83.7538,24.1258],[83.7228,24.144],[83.721,24.1782],[83.7479,24.1835],[83.761,24.1738],[83.7972,24.1898],[83.8044,24.2306],[83.824,24.2535],[83.8272,24.2809],[83.8102,24.295],[83.8055,24.2849],[83.7891,24.2799],[83.7417,24.2279],[83.7338,24.2092],[83.7273,24.2086],[83.7113,24.2153],[83.7067,24.227],[83.7193,24.2544],[83.7112,24.2771],[83.6944,24.2885],[83.6567,24.2796],[83.6533,24.2746],[83.665,24.2428],[83.6478,24.2118],[83.6399,24.1988]]]}},{"type":"Feature","properties":{"SUBDISTRICT":"Bengabad","STATE":"Jharkhand","shapeID":"7132399B31701702327122","source":"geoBoundaries gbOpen IND ADM3 (ODbL 1.0); source: Local Government Directory lgdirectory.gov.in via Pathways Data","DISTRICT":"Giridih"},"geometry":{"type":"Polygon","coordinates":[[[86.2898,24.2955],[86.2971,24.2757],[86.2918,24.275],[86.2943,24.2645],[86.3115,24.2533],[86.3119,24.259],[86.321,24.2578],[86.338,24.2424],[86.3134,24.2376],[86.3182,24.2329],[86.3123,24.2084],[86.3277,24.1974],[86.3845,24.1918],[86.3861,24.1834],[86.4176,24.1938],[86.4166,24.2102],[86.4218,24.2135],[86.4619,24.2157],[86.4648,24.2285],[86.4859,24.2337],[86.4844,24.2399],[86.5087,24.2429],[86.512,24.2592],[86.5042,24.2784],[86.488,24.2846],[86.4729,24.3118],[86.4761,24.3263],[86.46,24.3349],[86.4736,24.3527],[86.5054,24.3388],[86.4932,24.3571],[86.4839,24.3655],[86.4713,24.3633],[86.4599,24.3724],[86.4525,24.3694],[86.4218,24.3802],[86.4049,24.4012],[86.3796,24.4168],[86.3598,24.4429],[86.3344,24.441],[86.3354,24.4292],[86.3448,24.4254],[86.3553,24.4034],[86.3648,24.4022],[86.3617,24.3759],[86.3287,24.3555],[86.3215,24.3413],[86.3208,24.3179],[86.2915,24.3091],[86.2912,24.2967],[86.2898,24.2955]]]}},{"type":"Feature","properties":{"SUBDISTRICT":"Kanha Chatti","STATE":"Jharkhand","shapeID":"7132399B10186019455963","source":"geoBoundaries gbOpen IND ADM3 (ODbL 1.0); source: Local Government Directory lgdirectory.gov.in via Pathways Data","DISTRICT":"Chatra"},"geometry":{"type":"Polygon","coordinates":[[[84.9547,24.3534],[84.9588,24.3337],[84.9686,24.3209],[84.9574,24.306],[84.9693,24.2993],[84.9683,24.271],[84.9884,24.2704],[84.9887,24.2597],[84.9776,24.2567],[84.9747,24.245],[85.0076,24.2383],[85.0307,24.2506],[85.0441,24.2461],[85.0684,24.2722],[85.112,24.2813],[85.1137,24.3169],[85.1256,24.3383],[85.0996,24.3817],[85.0726,24.387],[85.0817,24.4086],[85.0833,24.44],[85.0646,24.4166],[85.0393,24.4255],[84.9976,24.4123],[84.9758,24.3761],[84.9586,24.3654],[84.9549,24.3557],[84.9547,24.3534]]]}},{"type":"Feature","properties":{"SUBDISTRICT":"Jharia-Cum-Jorapokhar-Cum-Sindri","STATE":"Jharkhand","shapeID":"7132399B35146537237157","source":"geoBoundaries gbOpen IND ADM3 (ODbL 1.0); source: Local Government Directory lgdirectory.gov.in via Pathways Data","DISTRICT":"Dhanbad"},"geometry":{"type":"Polygon","coordinates":[[[86.3654,23.6947],[86.3766,23.6906],[86.3778,23.6743],[86.3848,23.6679],[86.4002,23.6695],[86.4189,23.6549],[86.4495,23.6469],[86.4722,23.6315],[86.4871,23.637],[86.5294,23.6303],[86.5445,23.637],[86.5386,23.646],[86.5442,23.6562],[86.5326,23.6713],[86.5325,23.6943],[86.5262,23.6975],[86.5106,23.6923],[86.4989,23.7024],[86.488,23.7026],[86.4616,23.6657],[86.441,23.683],[86.4584,23.6989],[86.4614,23.7252],[86.4248,23.7828],[86.4109,23.7779],[86.3925,23.7479],[86.3895,23.7376],[86.394,23.7335],[86.3873,23.7271],[86.3928,23.7121],[86.3691,23.7082],[86.3655,23.6961],[86.3654,23.6947]]]}},{"type":"Feature","properties":{"SUBDISTRICT":"Bishunpur","STATE":"Jharkhand","shapeID":"7132399B53310747812155","source":"geoBoundaries gbOpen IND ADM3 (ODbL 1.0); source: Local Government Directory lgdirectory.gov.in via Pathways Data","DISTRICT":"Gumla"},"geometry":{"type":"Polygon","coordinates":[[[84.2192,23.3481],[84.2431,23.3038],[84.2533,23.2955],[84.2364,23.2717],[84.2471,23.2613],[84.2693,23.2802],[84.2939,23.2544],[84.3033,23.2752],[84.3276,23.2813],[84.3483,23.2786],[84.3735,23.2984],[84.4028,23.307],[84.4256,23.3696],[84.4598,23.3749],[84.463,23.3897],[84.4551,23.4003],[84.431,23.3982],[84.422,23.4194],[84.4221,23.4289],[84.4579,23.4826],[84.4491,23.5325],[84.457,23.5753],[84.4354,23.5958],[84.4149,23.5911],[84.3515,23.6109],[84.3346,23.605],[84.3162,23.5733],[84.3182,23.4944],[84.3016,23.4831],[84.2772,23.4835],[84.2376,23.449],[84.2434,23.3913],[84.2295,23.3564],[84.2192,23.3481]]]}},{"type":"Feature","properties":{"SUBDISTRICT":"Khelari","STATE":"Jharkhand","shapeID":"7132399B70256212403087","source":"geoBoundaries gbOpen IND ADM3 (ODbL 1.0); source: Local Government Directory lgdirectory.gov.in via Pathways Data","DISTRICT":"Ranchi"},"geometry":{"type":"Polygon","coordinates":[[[84.9193,23.6526],[84.9422,23.6317],[84.9703,23.6249],[84.975,23.6357],[84.9987,23.637],[85.0049,23.6572],[85.0371,23.6575],[85.0392,23.6774],[85.0428,23.658],[85.0577,23.6543],[85.0625,23.6668],[85.0793,23.6729],[85.0583,23.6925],[85.0715,23.6992],[85.0684,23.7115],[85.0498,23.7113],[85.0361,23.6896],[85.0177,23.687],[85.0117,23.6929],[85.0072,23.6783],[84.9975,23.6812],[84.9877,23.7035],[84.9686,23.715],[84.9639,23.7138],[84.9621,23.6956],[84.9493,23.7014],[84.935,23.6908],[84.9356,23.6814],[84.923,23.6693],[84.9243,23.664],[84.9193,23.6526]]]}},{"type":"Feature","properties":{"SUBDISTRICT":"Latehar","STATE":"Jharkhand","shapeID":"7132399B17398979976410","source":"geoBoundaries gbOpen IND ADM3 (ODbL 1.0); source: Local Government Directory lgdirectory.gov.in via Pathways Data","DISTRICT":"Latehar"},"geometry":{"type":"Polygon","coordinates":[[[84.3615,23.682],[84.3855,23.6297],[84.3921,23.6341],[84.4441,23.6253],[84.452,23.6584],[84.4899,23.6718],[84.5198,23.6657],[84.5319,23.6485],[84.537,23.62],[84.5598,23.6171],[84.5735,23.6563],[84.587,23.6599],[84.58,23.6976],[84.5926,23.7373],[84.5896,23.7631],[84.5927,23.7707],[84.6044,23.7697],[84.6077,23.7792],[84.6186,23.7849],[84.6158,23.8219],[84.5822,23.8541],[84.5519,23.8603],[84.5376,23.8717],[84.5079,23.875],[84.4615,23.8541],[84.4418,23.8291],[84.3988,23.8052],[84.3826,23.773],[84.4014,23.7391],[84.3621,23.7118],[84.3615,23.6823],[84.3615,23.682]]]}},{"type":"Feature","properties":{"SUBDISTRICT":"Untari Road","STATE":"Jharkhand","shapeID":"7132399B47670320015686","source":"geoBoundaries gbOpen IND ADM3 (ODbL 1.0); source: Local Government Directory lgdirectory.gov.in via Pathways Data","DISTRICT":"Palamu"},"geometry":{"type":"Polygon","coordinates":[[[83.7987,24.369],[83.8116,24.3428],[83.8102,24.295],[83.8272,24.2809],[83.8377,24.2561],[83.8482,24.263],[83.843,24.268],[83.8534,24.304],[83.8792,24.3111],[83.8843,24.3335],[83.8937,24.3434],[83.8842,24.3461],[83.887,24.3579],[83.8985,24.3632],[83.8894,24.3753],[83.8979,24.3897],[83.8966,24.3999],[83.8547,24.4013],[83.8318,24.4209],[83.799,24.3723],[83.7987,24.369]]]}},{"type":"Feature","properties":{"SUBDISTRICT":"Basia","STATE":"Jharkhand","shapeID":"7132399B45640978934507","source":"geoBoundaries gbOpen IND ADM3 (ODbL 1.0); source: Local Government Directory lgdirectory.gov.in via Pathways Data","DISTRICT":"Gumla"},"geometry":{"type":"Polygon","coordinates":[[[84.6772,22.8153],[84.7298,22.8],[84.7365,22.8059],[84.7323,22.7765],[84.7402,22.771],[84.7479,22.7835],[84.7508,22.7727],[84.7401,22.7355],[84.7664,22.7245],[84.776,22.7303],[84.7686,22.7508],[84.7717,22.7601],[84.7807,22.7586],[84.7856,22.7454],[84.8057,22.7352],[84.8104,22.7436],[84.7968,22.7731],[84.8014,22.7979],[84.8253,22.7978],[84.8348,22.8044],[84.8458,22.8006],[84.8374,22.8192],[84.8515,22.8336],[84.8219,22.8338],[84.8095,22.8451],[84.8166,22.8855],[84.8026,22.8908],[84.796,22.9079],[84.8006,22.9273],[84.8197,22.9387],[84.8294,22.968],[84.8003,22.9811],[84.8079,23.0051],[84.8218,22.9971],[84.8367,23.0061],[84.8324,23.0161],[84.8215,23.0201],[84.8239,23.0318],[84.795,23.04],[84.771,23.032],[84.7125,23.0679],[84.7009,23.0494],[84.7159,23.043],[84.7175,23.0229],[84.7069,23.0231],[84.7098,23.0159],[84.6979,23.006],[84.7067,22.9904],[84.695,22.9813],[84.6996,22.9602],[84.6912,22.9529],[84.7113,22.9178],[84.7152,22.897],[84.7038,22.8948],[84.7072,22.8887],[84.6974,22.8799],[84.7027,22.8748],[84.7023,22.8501],[84.6973,22.8423],[84.6841,22.8406],[84.6775,22.8185],[84.6772,22.8153]]]}},{"type":"Feature","properties":{"SUBDISTRICT":"Gumla","STATE":"Jharkhand","shapeID":"7132399B34015552442537","source":"geoBoundaries gbOpen IND ADM3 (ODbL 1.0); source: Local Government Directory lgdirectory.gov.in via Pathways Data","DISTRICT":"Gumla"},"geometry":{"type":"Polygon","coordinates":[[[84.3971,23.2246],[84.413,23.2174],[84.4189,23.2059],[84.4149,23.1927],[84.424,23.192],[84.4178,23.1649],[84.4371,23.1506],[84.4258,23.137],[84.4367,23.1278],[84.4562,23.1248],[84.4601,23.1173],[84.4575,23.1016],[84.4627,23.093],[84.4525,23.0726],[84.4679,23.0634],[84.4592,23.0473],[84.4744,23.0317],[84.4684,22.9998],[84.4906,23.0024],[84.5196,22.9863],[84.54,22.9662],[84.568,22.9633],[84.5758,22.9788],[84.5896,22.9769],[84.5894,22.9652],[84.6104,22.9517],[84.6288,22.9621],[84.6451,22.9563],[84.6571,22.9783],[84.6713,22.9713],[84.6749,22.9546],[84.6912,22.9529],[84.6996,22.9602],[84.695,22.9813],[84.7067,22.9904],[84.6976,23.0045],[84.7095,23.0193],[84.6865,23.0318],[84.6833,23.0592],[84.6392,23.0834],[84.636,23.1067],[84.621,23.1067],[84.5931,23.1361],[84.5605,23.1404],[84.5619,23.148],[84.5566,23.1428],[84.5508,23.1459],[84.5296,23.1672],[84.522,23.1648],[84.511,23.1807],[84.4976,23.1791],[84.4948,23.1871],[84.4792,23.1934],[84.4571,23.1888],[84.4616,23.202],[84.4712,23.2073],[84.4573,23.2273],[84.45,23.221],[84.4559,23.2178],[84.4564,23.2062],[84.4332,23.2118],[84.4327,23.2237],[84.4223,23.2335],[84.4057,23.2374],[84.3976,23.2277],[84.3971,23.2246]]]}},{"type":"Feature","properties":{"SUBDISTRICT":"Shaligram Ram Narayanpur(Hunterganj)","STATE":"Jharkhand","shapeID":"7132399B4396992500840","source":"geoBoundaries gbOpen IND ADM3 (ODbL 1.0); source: Local Government Directory lgdirectory.gov.in via Pathways Data","DISTRICT":"Chatra"},"geometry":{"type":"Polygon","coordinates":[[[84.664,24.3904],[84.6692,24.3785],[84.6838,24.3755],[84.6889,24.3669],[84.6845,24.3614],[84.7197,24.3534],[84.7424,24.3341],[84.7311,24.3286],[84.7151,24.2834],[84.7215,24.2637],[84.7347,24.2485],[84.7585,24.2548],[84.7834,24.2908],[84.7948,24.2978],[84.8179,24.2746],[84.8495,24.2928],[84.9116,24.3053],[84.9524,24.3019],[84.9676,24.3153],[84.9547,24.3534],[84.9686,24.3746],[84.9016,24.3751],[84.9077,24.3822],[84.9054,24.3939],[84.8852,24.4227],[84.8875,24.4628],[84.8747,24.4669],[84.867,24.4566],[84.8548,24.4659],[84.8417,24.4525],[84.8408,24.4695],[84.8345,24.47],[84.84,24.5114],[84.8269,24.5247],[84.809,24.521],[84.8027,24.5293],[84.7873,24.5047],[84.7494,24.4963],[84.7323,24.4728],[84.7139,24.4722],[84.6863,24.4562],[84.6736,24.431],[84.6752,24.4128],[84.6656,24.3936],[84.664,24.3904]]]}},{"type":"Feature","properties":{"SUBDISTRICT":"Pratappur","STATE":"Jharkhand","shapeID":"7132399B23585789580042","source":"geoBoundaries gbOpen IND ADM3 (ODbL 1.0); source: Local Government Directory lgdirectory.gov.in via Pathways Data","DISTRICT":"Chatra"},"geometry":{"type":"MultiPolygon","coordinates":[[[[84.4497,24.2496],[84.4539,24.2408],[84.4669,24.2352],[84.4773,24.2132],[84.4953,24.2032],[84.5208,24.2108],[84.5409,24.2067],[84.5452,24.2162],[84.5539,24.2173],[84.5745,24.2099],[84.5882,24.2261],[84.575,24.2291],[84.5748,24.241],[84.5896,24.2553],[84.6048,24.2553],[84.6307,24.2439],[84.6356,24.2557],[84.6541,24.2546],[84.6564,24.2629],[84.6619,24.2623],[84.6718,24.2447],[84.684,24.2427],[84.6885,24.2498],[84.7088,24.2494],[84.7111,24.2558],[84.726,24.2601],[84.7159,24.29],[84.7311,24.3286],[84.7417,24.3354],[84.7114,24.3573],[84.6845,24.3614],[84.6859,24.3724],[84.6692,24.3785],[84.6656,24.3936],[84.6303,24.4038],[84.5892,24.4013],[84.5875,24.4102],[84.5799,24.4122],[84.5665,24.3969],[84.5732,24.3838],[84.5533,24.3735],[84.5289,24.3761],[84.5354,24.3647],[84.5268,24.3457],[84.5329,24.3393],[84.5181,24.317],[84.5106,24.3153],[84.5097,24.2944],[84.4894,24.2842],[84.4855,24.271],[84.4598,24.2742],[84.4517,24.2553],[84.4497,24.2496]],[[84.5057,24.2703],[84.5134,24.291],[84.5225,24.2735],[84.5303,24.2712],[84.5236,24.2612],[84.5058,24.2691],[84.5057,24.2703]]],[[[84.4851,24.3159],[84.5032,24.3211],[84.509,24.3277],[84.5048,24.3341],[84.4887,24.3182],[84.4851,24.3159]]]]}},{"type":"Feature","properties":{"SUBDISTRICT":"Kunda","STATE":"Jharkhand","shapeID":"7132399B38354667190005","source":"geoBoundaries gbOpen IND ADM3 (ODbL 1.0); source: Local Government Directory lgdirectory.gov.in via Pathways Data","DISTRICT":"Chatra"},"geometry":{"type":"Polygon","coordinates":[[[84.5287,24.2079],[84.5518,24.1555],[84.5711,24.1434],[84.569,24.1276],[84.5512,24.106],[84.5551,24.0823],[84.5748,24.0741],[84.617,24.094],[84.6406,24.1148],[84.6428,24.1294],[84.6686,24.1483],[84.7064,24.1526],[84.7071,24.1674],[84.7186,24.1715],[84.7246,24.1817],[84.749,24.1775],[84.7582,24.2053],[84.7725,24.2039],[84.7741,24.21],[84.7859,24.2128],[84.7845,24.2212],[84.7971,24.2259],[84.7901,24.2698],[84.775,24.2773],[84.7585,24.2548],[84.7445,24.2473],[84.7328,24.2494],[84.726,24.2601],[84.7111,24.2558],[84.7088,24.2494],[84.6885,24.2498],[84.684,24.2427],[84.6718,24.2447],[84.6619,24.2623],[84.6564,24.2629],[84.6541,24.2546],[84.6356,24.2557],[84.6307,24.2439],[84.6048,24.2553],[84.5896,24.2553],[84.5748,24.241],[84.575,24.2291],[84.5882,24.2261],[84.5745,24.2099],[84.5539,24.2173],[84.5452,24.2162],[84.5409,24.2067],[84.5308,24.2097],[84.5287,24.2079]]]}},{"type":"Feature","properties":{"SUBDISTRICT":"Lawalaung","STATE":"Jharkhand","shapeID":"7132399B79349424630889","source":"geoBoundaries gbOpen IND ADM3 (ODbL 1.0); source: Local Government Directory lgdirectory.gov.in via Pathways Data","DISTRICT":"Chatra"},"geometry":{"type":"Polygon","coordinates":[[[84.5462,24.0157],[84.5628,23.9876],[84.6031,23.9889],[84.6244,24.0039],[84.6308,23.9897],[84.6434,24.0109],[84.6739,24.0188],[84.6892,24.0316],[84.6954,24.0244],[84.7002,24.0361],[84.7298,24.0426],[84.7407,24.0308],[84.7455,24.0045],[84.7933,24.0058],[84.8088,24.018],[84.8063,24.0384],[84.8315,24.0384],[84.8384,24.049],[84.8333,24.0623],[84.8466,24.0624],[84.8566,24.0479],[84.8836,24.0522],[84.8868,24.0583],[84.8871,24.0863],[84.8712,24.0881],[84.867,24.104],[84.8403,24.1143],[84.8426,24.1196],[84.8298,24.1166],[84.824,24.1271],[84.8101,24.1282],[84.8164,24.1343],[84.8096,24.1413],[84.793,24.1369],[84.7573,24.1642],[84.7501,24.1588],[84.7464,24.1799],[84.7338,24.1763],[84.7246,24.1817],[84.7186,24.1715],[84.7071,24.1674],[84.7064,24.1526],[84.6705,24.149],[84.652,24.1369],[84.6428,24.1294],[84.6406,24.1148],[84.617,24.094],[84.5748,24.0741],[84.5551,24.0823],[84.5471,24.0202],[84.5462,24.0157]]]}},{"type":"Feature","properties":{"SUBDISTRICT":"Chatra","STATE":"Jharkhand","shapeID":"7132399B77876057722789","source":"geoBoundaries gbOpen IND ADM3 (ODbL 1.0); source: Local Government Directory lgdirectory.gov.in via Pathways Data","DISTRICT":"Chatra"},"geometry":{"type":"Polygon","coordinates":[[[84.7474,24.167],[84.7501,24.1588],[84.7573,24.1642],[84.793,24.1369],[84.8096,24.1413],[84.8164,24.1343],[84.8101,24.1282],[84.824,24.1271],[84.8298,24.1166],[84.8426,24.1196],[84.8403,24.1143],[84.872,24.0987],[84.8802,24.109],[84.9009,24.1092],[84.9192,24.1225],[84.936,24.1224],[84.9462,24.1307],[84.9681,24.1184],[84.9868,24.1207],[84.9908,24.1255],[84.986,24.1342],[84.999,24.135],[85.0008,24.1437],[85.0178,24.1392],[85.0233,24.145],[85.0145,24.1608],[84.9876,24.1696],[84.9841,24.1775],[85.014,24.221],[85.0021,24.2265],[84.9993,24.2413],[84.9757,24.243],[84.9776,24.2567],[84.9887,24.2597],[84.9884,24.2704],[84.9683,24.271],[84.9693,24.2993],[84.9574,24.306],[84.9025,24.3042],[84.8495,24.2928],[84.8179,24.2746],[84.7948,24.2978],[84.7846,24.2919],[84.775,24.2773],[84.7901,24.2698],[84.7971,24.2259],[84.7845,24.2212],[84.7859,24.2128],[84.7741,24.21],[84.7725,24.2039],[84.7582,24.2053],[84.7497,24.1679],[84.7474,24.167]]]}},{"type":"Feature","properties":{"SUBDISTRICT":"Itkhori","STATE":"Jharkhand","shapeID":"7132399B68400177481313","source":"geoBoundaries gbOpen IND ADM3 (ODbL 1.0); source: Local Government Directory lgdirectory.gov.in via Pathways Data","DISTRICT":"Chatra"},"geometry":{"type":"Polygon","coordinates":[[[85.0604,24.2598],[85.0926,24.2565],[85.1045,24.2485],[85.1057,24.2388],[85.0969,24.2285],[85.1074,24.2239],[85.1302,24.2217],[85.1238,24.2341],[85.1343,24.2383],[85.1487,24.2176],[85.1637,24.2381],[85.2245,24.2318],[85.227,24.2379],[85.2197,24.2464],[85.2234,24.2574],[85.2134,24.2614],[85.207,24.2871],[85.2159,24.2923],[85.2126,24.3043],[85.22,24.3028],[85.2255,24.3191],[85.2316,24.3199],[85.2318,24.3327],[85.2452,24.3351],[85.2484,24.3488],[85.2325,24.3527],[85.2112,24.3485],[85.2004,24.3347],[85.1724,24.3449],[85.1572,24.3628],[85.1405,24.362],[85.1416,24.3417],[85.1256,24.3383],[85.1137,24.3169],[85.112,24.2813],[85.0684,24.2722],[85.0627,24.2615],[85.0604,24.2598]]]}},{"type":"Feature","properties":{"SUBDISTRICT":"Khunti","STATE":"Jharkhand","shapeID":"7132399B29619792626353","source":"geoBoundaries gbOpen IND ADM3 (ODbL 1.0); source: Local Government Directory lgdirectory.gov.in via Pathways Data","DISTRICT":"Ranchi"},"geometry":{"type":"Polygon","coordinates":[[[85.1574,23.0923],[85.185,23.0793],[85.1838,23.0705],[85.1731,23.0717],[85.1764,23.0572],[85.2052,23.0352],[85.2191,23.032],[85.221,23.0217],[85.2287,23.0203],[85.226,23.0119],[85.2368,23.0061],[85.238,22.9941],[85.2239,22.9841],[85.2239,22.9733],[85.236,22.9679],[85.2444,22.9676],[85.2487,22.9771],[85.2867,22.9771],[85.2976,23.0031],[85.3081,23.0037],[85.3064,23.0135],[85.2871,23.0144],[85.2824,23.0236],[85.2999,23.0306],[85.2996,23.0412],[85.3062,23.0455],[85.3347,23.0371],[85.3418,23.0606],[85.3457,23.0386],[85.3701,23.044],[85.3761,23.0403],[85.3728,23.0267],[85.3619,23.025],[85.3533,22.9966],[85.3971,22.9884],[85.3967,22.9805],[85.4163,22.9842],[85.4195,22.9741],[85.4451,22.9742],[85.5047,23.0128],[85.5052,23.0208],[85.4914,23.0234],[85.489,23.0344],[85.469,23.0423],[85.4621,23.0353],[85.4552,23.0448],[85.4361,23.0484],[85.4345,23.0661],[85.4446,23.0822],[85.4299,23.0906],[85.4274,23.1231],[85.4216,23.1317],[85.4301,23.1357],[85.4178,23.1415],[85.3882,23.1362],[85.373,23.1442],[85.3733,23.156],[85.3567,23.1614],[85.3448,23.1524],[85.3254,23.1545],[85.3047,23.1831],[85.3046,23.1604],[85.2877,23.1527],[85.2822,23.1639],[85.2624,23.1704],[85.2506,23.183],[85.255,23.198],[85.2483,23.2003],[85.2488,23.2108],[85.2383,23.2112],[85.2334,23.2009],[85.2133,23.2015],[85.2152,23.1895],[85.2016,23.1777],[85.2023,23.1704],[85.2089,23.1692],[85.2052,23.1542],[85.1932,23.1428],[85.1728,23.1466],[85.158,23.0933],[85.1574,23.0923]]]}},{"type":"Feature","properties":{"SUBDISTRICT":"Erki(Tamar II)","STATE":"Jharkhand","shapeID":"7132399B39033026058371","source":"geoBoundaries gbOpen IND ADM3 (ODbL 1.0); source: Local Government Directory lgdirectory.gov.in via Pathways Data","DISTRICT":"Ranchi"},"geometry":{"type":"Polygon","coordinates":[[[85.2942,22.9091],[85.3154,22.9045],[85.3257,22.8877],[85.3433,22.8958],[85.378,22.8722],[85.3961,22.8784],[85.3975,22.8546],[85.4159,22.857],[85.4304,22.8434],[85.4527,22.8431],[85.4703,22.8099],[85.4835,22.8086],[85.4955,22.8155],[85.5368,22.8021],[85.5531,22.806],[85.5521,22.8247],[85.5588,22.8252],[85.5732,22.8615],[85.5955,22.872],[85.5963,22.8534],[85.6092,22.8547],[85.635,22.8837],[85.6167,22.8868],[85.5811,22.9086],[85.5956,22.9207],[85.5955,22.9316],[85.6056,22.9322],[85.6112,22.9445],[85.6188,22.9459],[85.6132,22.9776],[85.6178,22.9824],[85.6338,22.9733],[85.6559,22.9749],[85.668,22.9878],[85.656,22.9979],[85.6579,23.0087],[85.6415,23.0113],[85.6355,23.0294],[85.6498,23.0365],[85.6447,23.0449],[85.6335,23.0482],[85.6146,23.0394],[85.5975,23.04],[85.6083,23.0512],[85.632,23.0575],[85.6333,23.0729],[85.6277,23.0779],[85.5946,23.0778],[85.586,23.0691],[85.5689,23.0747],[85.5681,23.0644],[85.5547,23.07],[85.5476,23.0571],[85.523,23.072],[85.4718,23.0659],[85.4369,23.0698],[85.4392,23.0451],[85.4552,23.0448],[85.4621,23.0353],[85.469,23.0423],[85.489,23.0344],[85.4914,23.0234],[85.5052,23.0208],[85.5047,23.0128],[85.4451,22.9742],[85.4195,22.9741],[85.4163,22.9842],[85.4071,22.9851],[85.3977,22.9741],[85.408,22.9689],[85.4088,22.9545],[85.3911,22.9543],[85.3909,22.9395],[85.3546,22.9321],[85.3495,22.9253],[85.3169,22.9292],[85.3006,22.9222],[85.2945,22.9111],[85.2942,22.9091]]]}},{"type":"Feature","properties":{"SUBDISTRICT":"Kuchai","STATE":"Jharkhand","shapeID":"7132399B8018571981534","source":"geoBoundaries gbOpen IND ADM3 (ODbL 1.0); source: Local Government Directory lgdirectory.gov.in via Pathways Data","DISTRICT":"Saraikela Kharsawan"},"geometry":{"type":"Polygon","coordinates":[[[85.5519,22.8237],[85.5531,22.806],[85.5717,22.8054],[85.5755,22.8162],[85.5918,22.8168],[85.6031,22.8274],[85.6415,22.8212],[85.6534,22.8378],[85.6761,22.8396],[85.6802,22.8309],[85.6894,22.8304],[85.6941,22.8207],[85.7251,22.8004],[85.7177,22.7727],[85.7258,22.7565],[85.7367,22.75],[85.7338,22.7372],[85.7676,22.7224],[85.7794,22.7265],[85.7771,22.7327],[85.7902,22.7431],[85.7895,22.7798],[85.801,22.7665],[85.8011,22.781],[85.8148,22.7706],[85.8195,22.7877],[85.829,22.7867],[85.8214,22.798],[85.8323,22.7968],[85.8353,22.8101],[85.8297,22.8203],[85.8188,22.8222],[85.8125,22.8365],[85.8532,22.8425],[85.8536,22.8471],[85.8421,22.8493],[85.8505,22.8697],[85.8494,22.8867],[85.8185,22.8904],[85.8076,22.9034],[85.7924,22.9054],[85.7886,22.9133],[85.7769,22.9131],[85.7662,22.9232],[85.7282,22.9257],[85.713,22.9188],[85.6897,22.9228],[85.684,22.9202],[85.6855,22.9082],[85.6518,22.9014],[85.6486,22.9175],[85.6398,22.9212],[85.6158,22.8969],[85.6167,22.8868],[85.635,22.8837],[85.6136,22.8584],[85.5976,22.8523],[85.5955,22.872],[85.5732,22.8615],[85.5588,22.8252],[85.5521,22.8247],[85.5519,22.8237]]]}},{"type":"Feature","properties":{"SUBDISTRICT":"Kharsawan","STATE":"Jharkhand","shapeID":"7132399B8266905807139","source":"geoBoundaries gbOpen IND ADM3 (ODbL 1.0); source: Local Government Directory lgdirectory.gov.in via Pathways Data","DISTRICT":"Saraikela Kharsawan"},"geometry":{"type":"Polygon","coordinates":[[[85.7042,22.7257],[85.7177,22.6982],[85.7459,22.6832],[85.7597,22.6969],[85.787,22.6972],[85.7888,22.7052],[85.8039,22.7042],[85.8051,22.7147],[85.8183,22.7098],[85.8419,22.7205],[85.8573,22.716],[85.8613,22.7224],[85.8836,22.7239],[85.8966,22.7366],[85.8829,22.7426],[85.884,22.7545],[85.9171,22.7664],[85.9351,22.8062],[85.9277,22.8107],[85.9288,22.8351],[85.9029,22.8379],[85.9063,22.8527],[85.881,22.8512],[85.878,22.8655],[85.8505,22.8697],[85.8421,22.8493],[85.8536,22.8471],[85.8522,22.8401],[85.8125,22.8365],[85.8188,22.8222],[85.831,22.8191],[85.8331,22.7976],[85.8226,22.8013],[85.8293,22.7875],[85.8195,22.7877],[85.8155,22.7707],[85.8045,22.7824],[85.7999,22.7668],[85.7895,22.7798],[85.7928,22.7561],[85.7866,22.7461],[85.7902,22.7431],[85.7771,22.7327],[85.7794,22.7265],[85.761,22.7237],[85.7333,22.7382],[85.7104,22.7414],[85.7043,22.7273],[85.7042,22.7257]]]}},{"type":"Feature","properties":{"SUBDISTRICT":"Ramna","STATE":"Jharkhand","shapeID":"7132399B66445839007558","source":"geoBoundaries gbOpen IND ADM3 (ODbL 1.0); source: Local Government Directory lgdirectory.gov.in via Pathways Data","DISTRICT":"Garhwa"},"geometry":{"type":"Polygon","coordinates":[[[83.5043,24.2179],[83.5215,24.1841],[83.5362,24.175],[83.583,24.1812],[83.608,24.1773],[83.6304,24.1845],[83.6353,24.1489],[83.6482,24.1414],[83.6611,24.144],[83.6626,24.1663],[83.6399,24.1988],[83.665,24.2428],[83.6566,24.2689],[83.636,24.2681],[83.6332,24.2619],[83.6391,24.2582],[83.633,24.2554],[83.6268,24.2618],[83.6149,24.2467],[83.6051,24.2466],[83.6143,24.2663],[83.6045,24.2731],[83.6066,24.2796],[83.5755,24.2844],[83.5718,24.2762],[83.5487,24.2671],[83.5403,24.2311],[83.5114,24.2242],[83.5043,24.2179]]]}},{"type":"Feature","properties":{"SUBDISTRICT":"Mayur Hand","STATE":"Jharkhand","shapeID":"7132399B33864487918596","source":"geoBoundaries gbOpen IND ADM3 (ODbL 1.0); source: Local Government Directory lgdirectory.gov.in via Pathways Data","DISTRICT":"Chatra"},"geometry":{"type":"Polygon","coordinates":[[[85.207,24.2871],[85.2134,24.2614],[85.2234,24.2574],[85.2197,24.2464],[85.227,24.2379],[85.2245,24.2318],[85.245,24.2316],[85.2564,24.2222],[85.2748,24.2261],[85.2912,24.2108],[85.3053,24.2102],[85.2984,24.2336],[85.3046,24.2362],[85.3003,24.2407],[85.3058,24.25],[85.3217,24.256],[85.3152,24.2685],[85.3214,24.2707],[85.3199,24.3004],[85.3277,24.3067],[85.3216,24.3153],[85.3303,24.3205],[85.3434,24.3079],[85.3409,24.3155],[85.3469,24.3153],[85.3492,24.3263],[85.3259,24.3277],[85.3041,24.3483],[85.2879,24.3413],[85.249,24.35],[85.2452,24.3351],[85.2318,24.3327],[85.2316,24.3199],[85.2255,24.3191],[85.22,24.3028],[85.2126,24.3043],[85.2159,24.2923],[85.2078,24.2882],[85.207,24.2871]]]}},{"type":"Feature","properties":{"SUBDISTRICT":"Gidhaur","STATE":"Jharkhand","shapeID":"7132399B21899939843129","source":"geoBoundaries gbOpen IND ADM3 (ODbL 1.0); source: Local Government Directory lgdirectory.gov.in via Pathways Data","DISTRICT":"Chatra"},"geometry":{"type":"Polygon","coordinates":[[[84.9841,24.1775],[84.9876,24.1696],[85.0145,24.1608],[85.0235,24.1436],[85.0416,24.1443],[85.0486,24.1515],[85.0668,24.1436],[85.0835,24.152],[85.0875,24.1443],[85.1176,24.1481],[85.1231,24.1343],[85.1329,24.1367],[85.1393,24.1272],[85.1671,24.1239],[85.1785,24.1309],[85.1628,24.1631],[85.1555,24.1702],[85.1509,24.1666],[85.1556,24.1892],[85.1415,24.2139],[85.1471,24.2195],[85.1443,24.2291],[85.1343,24.2383],[85.1238,24.2341],[85.1302,24.2217],[85.0987,24.2261],[85.1059,24.2466],[85.0926,24.2565],[85.0572,24.2596],[85.0441,24.2461],[85.0307,24.2506],[85.0031,24.2393],[85.0021,24.2265],[85.014,24.221],[84.9847,24.1785],[84.9841,24.1775]]]}},{"type":"Feature","properties":{"SUBDISTRICT":"Pathalgora","STATE":"Jharkhand","shapeID":"7132399B28317616482709","source":"geoBoundaries gbOpen IND ADM3 (ODbL 1.0); source: Local Government Directory lgdirectory.gov.in via Pathways Data","DISTRICT":"Chatra"},"geometry":{"type":"Polygon","coordinates":[[[84.986,24.1342],[84.9925,24.1179],[85.0101,24.107],[85.0151,24.0899],[85.0277,24.0904],[85.038,24.0989],[85.057,24.0949],[85.0784,24.1077],[85.0871,24.0899],[85.1136,24.0745],[85.1151,24.0574],[85.1263,24.0449],[85.143,24.0411],[85.1546,24.0519],[85.1752,24.0479],[85.1786,24.0665],[85.1982,24.0748],[85.2074,24.0871],[85.1993,24.1013],[85.1787,24.1077],[85.1819,24.1207],[85.1755,24.121],[85.1771,24.1268],[85.1393,24.1272],[85.1329,24.1367],[85.1231,24.1343],[85.1176,24.1481],[85.0875,24.1443],[85.0835,24.152],[85.0668,24.1436],[85.0486,24.1515],[85.0422,24.1445],[85.0291,24.1464],[85.0178,24.1392],[85.0008,24.1437],[84.999,24.135],[84.9868,24.1342],[84.986,24.1342]]]}},{"type":"Feature","properties":{"SUBDISTRICT":"Tandwa","STATE":"Jharkhand","shapeID":"7132399B77483839754334","source":"geoBoundaries gbOpen IND ADM3 (ODbL 1.0); source: Local Government Directory lgdirectory.gov.in via Pathways Data","DISTRICT":"Chatra"},"geometry":{"type":"Polygon","coordinates":[[[84.8784,23.9682],[84.8829,23.9451],[84.9231,23.9506],[84.9333,23.9398],[84.9268,23.9118],[84.9401,23.9057],[84.9496,23.8814],[84.9496,23.8743],[84.9294,23.8584],[84.9432,23.8527],[84.9477,23.8423],[84.9449,23.8026],[84.9119,23.8018],[84.903,23.7751],[84.9278,23.7679],[84.9385,23.729],[84.9614,23.7214],[84.961,23.712],[84.9725,23.7147],[84.9877,23.7035],[84.9975,23.6812],[85.0072,23.6783],[85.0117,23.6929],[85.0177,23.687],[85.0361,23.6896],[85.0414,23.7033],[85.0551,23.7138],[85.0705,23.7078],[85.0715,23.6992],[85.0583,23.6925],[85.0778,23.6689],[85.1075,23.664],[85.1115,23.6903],[85.121,23.7062],[85.1013,23.7154],[85.1009,23.7225],[85.0882,23.727],[85.089,23.733],[85.1078,23.7301],[85.1084,23.7451],[85.1338,23.7515],[85.1311,23.7583],[85.1435,23.7715],[85.0832,23.7921],[85.0745,23.8263],[85.0462,23.8388],[85.0437,23.8519],[85.0276,23.8669],[85.0261,23.8774],[85.0355,23.8833],[85.0346,23.8983],[85.051,23.9046],[85.0491,23.9355],[85.04,23.9394],[85.03,23.9574],[85.0284,23.9839],[85.0468,23.9868],[85.0475,24.0039],[85.0279,24.0218],[85.0121,24.0209],[84.9842,24.012],[84.9801,24.0027],[84.9618,24.0036],[84.9363,23.9885],[84.918,23.9882],[84.911,23.9771],[84.8961,23.9858],[84.8929,23.9729],[84.8829,23.9696],[84.8784,23.9682]]]}},{"type":"Feature","properties":{"SUBDISTRICT":"Koderma","STATE":"Jharkhand","shapeID":"7132399B80894939339819","source":"geoBoundaries gbOpen IND ADM3 (ODbL 1.0); source: Local Government Directory lgdirectory.gov.in via Pathways Data","DISTRICT":"Koderma"},"geometry":{"type":"Polygon","coordinates":[[[85.4403,24.5363],[85.4467,24.5126],[85.4546,24.5053],[85.4588,24.468],[85.4746,24.4696],[85.4885,24.4583],[85.483,24.4249],[85.4913,24.4155],[85.4902,24.388],[85.4986,24.3992],[85.5059,24.3867],[85.5257,24.3842],[85.5396,24.3926],[85.5482,24.3893],[85.5692,24.4044],[85.5878,24.3816],[85.6088,24.3733],[85.6237,24.3807],[85.6483,24.3669],[85.6517,24.3806],[85.6876,24.3878],[85.6944,24.404],[85.6886,24.4245],[85.6924,24.4326],[85.6835,24.4387],[85.6915,24.4472],[85.6831,24.4508],[85.6815,24.4768],[85.6744,24.4857],[85.6775,24.4952],[85.6716,24.5009],[85.679,24.5229],[85.6709,24.5349],[85.673,24.552],[85.6623,24.5806],[85.6224,24.5833],[85.6052,24.5979],[85.5835,24.6033],[85.5698,24.5916],[85.5752,24.5655],[85.5616,24.5564],[85.5438,24.5655],[85.5434,24.5363],[85.5253,24.5249],[85.5094,24.5317],[85.5095,24.5432],[85.5014,24.5509],[85.4493,24.5397],[85.4403,24.5363]]]}},{"type":"Feature","properties":{"SUBDISTRICT":"Domchanch","STATE":"Jharkhand","shapeID":"7132399B8933942629529","source":"geoBoundaries gbOpen IND ADM3 (ODbL 1.0); source: Local Government Directory lgdirectory.gov.in via Pathways Data","DISTRICT":"Koderma"},"geometry":{"type":"Polygon","coordinates":[[[85.6623,24.5806],[85.673,24.552],[85.6709,24.5349],[85.679,24.5229],[85.6712,24.5099],[85.6779,24.4922],[85.6749,24.4828],[85.6815,24.4768],[85.6831,24.4508],[85.6915,24.4472],[85.6835,24.4387],[85.6924,24.4326],[85.6886,24.4245],[85.6944,24.404],[85.6876,24.3878],[85.7039,24.3968],[85.7112,24.3864],[85.7407,24.3811],[85.7391,24.3733],[85.7651,24.3588],[85.7725,24.361],[85.7718,24.372],[85.7868,24.3713],[85.7825,24.3783],[85.7905,24.3918],[85.8126,24.4094],[85.8072,24.4421],[85.8203,24.4674],[85.8179,24.5016],[85.8303,24.4988],[85.8264,24.5143],[85.8345,24.5413],[85.8321,24.5712],[85.8196,24.5848],[85.8304,24.6021],[85.8109,24.5971],[85.7904,24.6136],[85.7806,24.6115],[85.7686,24.6207],[85.7497,24.6186],[85.7363,24.6082],[85.6875,24.614],[85.6868,24.6082],[85.6782,24.6096],[85.6772,24.5884],[85.6628,24.5807],[85.6623,24.5806]]]}},{"type":"Feature","properties":{"SUBDISTRICT":"Jainagar","STATE":"Jharkhand","shapeID":"7132399B97797421331203","source":"geoBoundaries gbOpen IND ADM3 (ODbL 1.0); source: Local Government Directory lgdirectory.gov.in via Pathways Data","DISTRICT":"Koderma"},"geometry":{"type":"Polygon","coordinates":[[[85.4902,24.388],[85.5072,24.372],[85.5073,24.3489],[85.5174,24.3389],[85.5058,24.3275],[85.499,24.3034],[85.5189,24.3002],[85.5266,24.2925],[85.5393,24.3096],[85.5535,24.3099],[85.559,24.3238],[85.5854,24.318],[85.5899,24.3316],[85.6072,24.3122],[85.6232,24.3196],[85.6353,24.3064],[85.6507,24.3051],[85.6602,24.3117],[85.6616,24.2925],[85.6793,24.2901],[85.6809,24.3139],[85.7066,24.2967],[85.7055,24.2883],[85.7172,24.2717],[85.7303,24.2713],[85.7495,24.2823],[85.7774,24.2641],[85.7911,24.2755],[85.7892,24.3028],[85.7992,24.3117],[85.7822,24.3282],[85.7845,24.3407],[85.7658,24.3509],[85.7651,24.3588],[85.7512,24.3706],[85.7391,24.3733],[85.7407,24.3811],[85.7112,24.3864],[85.7039,24.3968],[85.6936,24.3881],[85.6517,24.3806],[85.6483,24.3669],[85.6237,24.3807],[85.6088,24.3733],[85.5878,24.3816],[85.5692,24.4044],[85.5482,24.3893],[85.5396,24.3926],[85.5257,24.3842],[85.5059,24.3867],[85.4986,24.3992],[85.4903,24.3903],[85.4902,24.388]]]}},{"type":"Feature","properties":{"SUBDISTRICT":"Chandwara","STATE":"Jharkhand","shapeID":"7132399B40481477960299","source":"geoBoundaries gbOpen IND ADM3 (ODbL 1.0); source: Local Government Directory lgdirectory.gov.in via Pathways Data","DISTRICT":"Hazaribag"},"geometry":{"type":"Polygon","coordinates":[[[85.3304,24.4975],[85.3471,24.4793],[85.361,24.4762],[85.3844,24.4768],[85.3923,24.487],[85.4095,24.4879],[85.4124,24.4525],[85.4414,24.425],[85.4293,24.4284],[85.4216,24.4113],[85.4089,24.4134],[85.4001,24.399],[85.4091,24.3939],[85.4078,24.3831],[85.4201,24.3815],[85.4136,24.3638],[85.4327,24.3513],[85.4333,24.3363],[85.4483,24.3404],[85.4612,24.329],[85.4755,24.3359],[85.4859,24.333],[85.5096,24.36],[85.5072,24.372],[85.4879,24.3964],[85.4913,24.4155],[85.483,24.4249],[85.4885,24.4583],[85.4746,24.4696],[85.4588,24.468],[85.4546,24.5053],[85.4467,24.5126],[85.4403,24.5363],[85.3904,24.5587],[85.3677,24.5562],[85.3975,24.5424],[85.3898,24.5328],[85.3416,24.5208],[85.3306,24.501],[85.3304,24.4975]]]}},{"type":"Feature","properties":{"SUBDISTRICT":"Markacho","STATE":"Jharkhand","shapeID":"7132399B36032894398976","source":"geoBoundaries gbOpen IND ADM3 (ODbL 1.0); source: Local Government Directory lgdirectory.gov.in via Pathways Data","DISTRICT":"Koderma"},"geometry":{"type":"Polygon","coordinates":[[[85.7636,24.3557],[85.7845,24.3407],[85.7822,24.3282],[85.7992,24.3117],[85.7892,24.3028],[85.7918,24.2908],[85.8272,24.2771],[85.8499,24.2784],[85.8473,24.2497],[85.8557,24.2508],[85.8655,24.2675],[85.889,24.2609],[85.9017,24.2793],[85.8994,24.3162],[85.8794,24.3224],[85.8827,24.3971],[85.8588,24.4315],[85.8822,24.4549],[85.8929,24.4844],[85.8947,24.5184],[85.8878,24.5287],[85.8345,24.5413],[85.8264,24.5143],[85.8303,24.4988],[85.8179,24.5016],[85.8203,24.4674],[85.8072,24.4421],[85.8126,24.4094],[85.7905,24.3918],[85.7825,24.3783],[85.7868,24.3713],[85.7718,24.372],[85.7725,24.361],[85.7651,24.3588],[85.7636,24.3557]]]}},{"type":"Feature","properties":{"SUBDISTRICT":"Gawan","STATE":"Jharkhand","shapeID":"7132399B66659750681813","source":"geoBoundaries gbOpen IND ADM3 (ODbL 1.0); source: Local Government Directory lgdirectory.gov.in via Pathways Data","DISTRICT":"Giridih"},"geometry":{"type":"Polygon","coordinates":[[[85.7902,24.6176],[85.8109,24.5971],[85.8304,24.6021],[85.8196,24.5848],[85.8321,24.5712],[85.8359,24.5391],[85.8878,24.5287],[85.8937,24.5234],[85.8936,24.5088],[85.9181,24.4964],[85.927,24.4995],[85.9264,24.5127],[85.9159,24.5159],[85.9374,24.527],[85.9294,24.5346],[85.9377,24.5356],[85.9357,24.5407],[85.9431,24.5459],[85.952,24.5397],[85.975,24.5491],[85.9693,24.5619],[85.9793,24.5826],[85.9995,24.592],[86.0008,24.5976],[85.9925,24.5995],[86.0135,24.6059],[86.0131,24.6171],[86.0176,24.6172],[86.0086,24.6269],[85.9647,24.6291],[85.9777,24.6615],[85.9857,24.661],[85.9902,24.6714],[85.9824,24.6729],[85.9802,24.6864],[85.9744,24.6857],[85.9721,24.6925],[85.9808,24.7261],[85.977,24.7339],[85.9495,24.7348],[85.9174,24.754],[85.907,24.7407],[85.9114,24.7288],[85.8812,24.7335],[85.8467,24.7252],[85.8422,24.7115],[85.8527,24.7045],[85.8662,24.6597],[85.8238,24.6641],[85.7945,24.6219],[85.7902,24.6176]]]}},{"type":"Feature","properties":{"SUBDISTRICT":"Dhanwar","STATE":"Jharkhand","shapeID":"7132399B32876159295664","source":"geoBoundaries gbOpen IND ADM3 (ODbL 1.0); source: Local Government Directory lgdirectory.gov.in via Pathways Data","DISTRICT":"Giridih"},"geometry":{"type":"Polygon","coordinates":[[[85.8588,24.4315],[85.8827,24.3971],[85.8794,24.3224],[85.8994,24.3162],[85.9019,24.2814],[85.9268,24.2814],[85.9241,24.2946],[85.9314,24.3036],[85.9809,24.3027],[85.9811,24.3116],[85.9996,24.3087],[86.0048,24.3179],[86.028,24.3022],[86.057,24.298],[86.0611,24.3273],[86.0546,24.3262],[86.0539,24.3452],[86.0451,24.3493],[86.0528,24.3622],[86.0813,24.3748],[86.0867,24.3969],[86.0588,24.4027],[86.0488,24.4133],[86.0492,24.4383],[86.0344,24.4323],[86.0525,24.4463],[86.0444,24.4499],[86.0349,24.4692],[86.0052,24.4868],[85.9801,24.4783],[85.9761,24.4895],[85.9862,24.4925],[85.9869,24.5039],[85.9763,24.5143],[85.9527,24.5061],[85.9284,24.506],[85.9181,24.4964],[85.8936,24.5088],[85.8929,24.4844],[85.8822,24.4549],[85.8594,24.4357],[85.8588,24.4315]]]}},{"type":"Feature","properties":{"SUBDISTRICT":"Gande","STATE":"Jharkhand","shapeID":"7132399B11840262826989","source":"geoBoundaries gbOpen IND ADM3 (ODbL 1.0); source: Local Government Directory lgdirectory.gov.in via Pathways Data","DISTRICT":"Giridih"},"geometry":{"type":"Polygon","coordinates":[[[86.3798,24.1544],[86.3916,24.1472],[86.3941,24.1559],[86.4184,24.1289],[86.412,24.1169],[86.4207,24.1152],[86.4105,24.1064],[86.4122,24.1],[86.4054,24.0995],[86.4125,24.0853],[86.4002,24.0649],[86.4036,24.0319],[86.4331,24.02],[86.4554,24.019],[86.4796,24.0061],[86.4977,24.007],[86.4916,24.0183],[86.4947,24.0308],[86.504,24.0316],[86.5088,24.0249],[86.5134,24.0341],[86.539,24.0412],[86.5518,24.0594],[86.5527,24.0754],[86.576,24.1315],[86.5558,24.145],[86.4841,24.1478],[86.5023,24.1786],[86.4998,24.1978],[86.5093,24.2022],[86.5142,24.2197],[86.5091,24.2315],[86.5155,24.2354],[86.507,24.2439],[86.4844,24.2399],[86.4859,24.2337],[86.4648,24.2285],[86.4619,24.2157],[86.4166,24.2102],[86.4182,24.1947],[86.4019,24.1868],[86.3801,24.156],[86.3798,24.1544]]]}},{"type":"Feature","properties":{"SUBDISTRICT":"Birni","STATE":"Jharkhand","shapeID":"7132399B64337147607124","source":"geoBoundaries gbOpen IND ADM3 (ODbL 1.0); source: Local Government Directory lgdirectory.gov.in via Pathways Data","DISTRICT":"Giridih"},"geometry":{"type":"Polygon","coordinates":[[[85.8626,24.2379],[85.8697,24.2331],[85.8809,24.2395],[85.887,24.2336],[85.8794,24.2024],[85.8879,24.1963],[85.9092,24.1937],[85.9193,24.208],[85.9487,24.2086],[85.9537,24.2208],[85.9633,24.2127],[85.9843,24.2121],[85.9946,24.1864],[86.0053,24.1777],[85.9928,24.1627],[86.013,24.152],[86.0356,24.1582],[86.0338,24.1766],[86.0382,24.1786],[86.052,24.1644],[86.0813,24.1533],[86.1166,24.1716],[86.1292,24.1657],[86.1492,24.2034],[86.1676,24.2088],[86.161,24.2215],[86.152,24.2186],[86.1489,24.2396],[86.1499,24.2442],[86.1593,24.2385],[86.168,24.2425],[86.1714,24.2555],[86.1379,24.2588],[86.1424,24.2685],[86.1002,24.2897],[86.0694,24.2825],[86.0575,24.2862],[86.0515,24.3014],[86.028,24.3022],[86.0048,24.3179],[85.9996,24.3087],[85.9811,24.3116],[85.9809,24.3027],[85.9431,24.3068],[85.9264,24.3014],[85.9268,24.2814],[85.9019,24.2814],[85.8821,24.2498],[85.8655,24.2435],[85.8626,24.2379]]]}},{"type":"Feature","properties":{"SUBDISTRICT":"Bagodar","STATE":"Jharkhand","shapeID":"7132399B85664153097817","source":"geoBoundaries gbOpen IND ADM3 (ODbL 1.0); source: Local Government Directory lgdirectory.gov.in via Pathways Data","DISTRICT":"Giridih"},"geometry":{"type":"Polygon","coordinates":[[[85.7167,24.1365],[85.723,24.1223],[85.7463,24.108],[85.7526,24.0828],[85.7753,24.0798],[85.7813,24.0883],[85.803,24.0886],[85.8082,24.0736],[85.8365,24.0614],[85.8436,24.0433],[85.851,24.0425],[85.8578,24.0523],[85.8726,24.0496],[85.8859,24.0284],[85.9085,24.0267],[85.9102,24.0141],[85.926,24.0094],[85.9178,24.0022],[85.9278,23.9872],[85.9262,23.9719],[85.9467,23.9611],[85.9547,23.961],[85.9679,23.9795],[85.9994,23.9796],[86.0123,24.0174],[86.0374,24.028],[86.0445,24.0437],[86.0552,24.0435],[86.0514,24.0751],[86.0407,24.079],[86.0375,24.0714],[86.0249,24.0742],[85.991,24.0608],[85.9831,24.0767],[85.9752,24.0723],[85.9716,24.0878],[85.9437,24.0911],[85.9475,24.1092],[85.9357,24.1137],[85.9335,24.1242],[85.9201,24.1258],[85.9166,24.117],[85.8892,24.1171],[85.8795,24.1081],[85.865,24.117],[85.8215,24.1244],[85.827,24.1325],[85.8001,24.1389],[85.7974,24.1482],[85.7873,24.1448],[85.7751,24.1507],[85.7724,24.1598],[85.7558,24.17],[85.7172,24.1437],[85.7167,24.1365]]]}},{"type":"Feature","properties":{"SUBDISTRICT":"Suriya","STATE":"Jharkhand","shapeID":"7132399B83861975021405","source":"geoBoundaries gbOpen IND ADM3 (ODbL 1.0); source: Local Government Directory lgdirectory.gov.in via Pathways Data","DISTRICT":"Giridih"},"geometry":{"type":"Polygon","coordinates":[[[85.7647,24.1644],[85.7751,24.1507],[85.7873,24.1448],[85.7974,24.1482],[85.8001,24.1389],[85.827,24.1325],[85.8215,24.1244],[85.865,24.117],[85.8795,24.1081],[85.8892,24.1171],[85.9166,24.117],[85.9201,24.1258],[85.9335,24.1242],[85.9357,24.1137],[85.9475,24.1092],[85.9437,24.0911],[85.9716,24.0878],[85.9752,24.0723],[85.9831,24.0767],[85.991,24.0608],[86.0249,24.0742],[86.0375,24.0714],[86.0407,24.079],[86.0514,24.0751],[86.058,24.0901],[86.0466,24.1041],[86.0506,24.1141],[86.0671,24.1165],[86.0651,24.1315],[86.0767,24.136],[86.0809,24.1542],[86.052,24.1644],[86.0396,24.1786],[86.0338,24.1766],[86.0338,24.1566],[86.015,24.1518],[86.0003,24.1558],[85.9925,24.1665],[86.005,24.1795],[85.9946,24.1864],[85.9896,24.2058],[85.981,24.2137],[85.9633,24.2127],[85.9537,24.2208],[85.9487,24.2086],[85.9193,24.208],[85.9092,24.1937],[85.8794,24.2024],[85.8513,24.1903],[85.8382,24.2015],[85.8252,24.1905],[85.7942,24.1833],[85.7743,24.1863],[85.7671,24.1656],[85.7647,24.1644]]]}},{"type":"Feature","properties":{"SUBDISTRICT":"Pirtanr","STATE":"Jharkhand","shapeID":"7132399B8641735785747","source":"geoBoundaries gbOpen IND ADM3 (ODbL 1.0); source: Local Government Directory lgdirectory.gov.in via Pathways Data","DISTRICT":"Giridih"},"geometry":{"type":"Polygon","coordinates":[[[86.1227,23.9401],[86.1318,23.9435],[86.1288,23.9385],[86.1463,23.9175],[86.1551,23.93],[86.2109,23.94],[86.2554,23.9324],[86.271,23.921],[86.2905,23.9225],[86.3065,23.9115],[86.3184,23.9172],[86.3287,23.9588],[86.3551,23.9898],[86.3549,24.0014],[86.3351,24.0143],[86.3363,24.0206],[86.347,24.0242],[86.3456,24.0374],[86.3276,24.0505],[86.3018,24.0532],[86.2925,24.0832],[86.2826,24.0897],[86.2715,24.093],[86.2629,24.0881],[86.251,24.0954],[86.2216,24.0984],[86.1834,24.0649],[86.1411,24.0875],[86.1387,24.0676],[86.1282,24.0593],[86.1419,24.045],[86.1499,24.0497],[86.1604,24.0438],[86.1674,24.0333],[86.1591,24.0224],[86.1596,24.0027],[86.1784,23.9953],[86.1747,23.9875],[86.1793,23.985],[86.1376,23.9762],[86.1234,23.9424],[86.1227,23.9401]]]}},{"type":"Feature","properties":{"SUBDISTRICT":"Mohanpur","STATE":"Jharkhand","shapeID":"7132399B92639999628771","source":"geoBoundaries gbOpen IND ADM3 (ODbL 1.0); source: Local Government Directory lgdirectory.gov.in via Pathways Data","DISTRICT":"Deoghar"},"geometry":{"type":"Polygon","coordinates":[[[86.6876,24.5659],[86.6984,24.5424],[86.6943,24.5225],[86.6985,24.5107],[86.7183,24.4879],[86.7289,24.4852],[86.7217,24.4828],[86.7196,24.4762],[86.7259,24.4709],[86.71,24.4494],[86.7264,24.4269],[86.7369,24.4239],[86.7385,24.4135],[86.7736,24.4076],[86.7755,24.4241],[86.7881,24.4406],[86.82,24.4318],[86.8085,24.4152],[86.8337,24.3883],[86.8455,24.3915],[86.8644,24.4129],[86.8796,24.4075],[86.8837,24.4259],[86.8917,24.4272],[86.8921,24.4436],[86.9052,24.4446],[86.9115,24.4558],[86.9117,24.4808],[86.9191,24.4855],[86.9171,24.5397],[86.8991,24.5558],[86.8901,24.5554],[86.8824,24.5683],[86.8606,24.5514],[86.8448,24.555],[86.8431,24.5692],[86.8063,24.5655],[86.8137,24.5778],[86.8118,24.5954],[86.7917,24.6181],[86.8004,24.6016],[86.793,24.6003],[86.7832,24.6206],[86.7816,24.6164],[86.757,24.6188],[86.7517,24.5904],[86.7377,24.5767],[86.6928,24.5713],[86.6876,24.5659]]]}},{"type":"Feature","properties":{"SUBDISTRICT":"Torpa","STATE":"Jharkhand","shapeID":"7132399B53967933013226","source":"geoBoundaries gbOpen IND ADM3 (ODbL 1.0); source: Local Government Directory lgdirectory.gov.in via Pathways Data","DISTRICT":"Ranchi"},"geometry":{"type":"Polygon","coordinates":[[[84.9328,22.8997],[84.9434,22.8513],[84.9516,22.8597],[84.9718,22.856],[84.9743,22.8684],[85.0006,22.8727],[85.0105,22.898],[85.0387,22.8976],[85.047,22.8809],[85.0413,22.8762],[85.0245,22.881],[85.0165,22.8755],[85.0404,22.8525],[85.0636,22.851],[85.0623,22.8417],[85.0542,22.8375],[85.0653,22.8267],[85.0941,22.8455],[85.1247,22.833],[85.1208,22.8509],[85.1365,22.8619],[85.138,22.8749],[85.1612,22.8963],[85.158,22.9052],[85.1715,22.9142],[85.1611,22.9353],[85.1391,22.9354],[85.1367,22.9457],[85.1437,22.9507],[85.1509,22.974],[85.1252,22.9855],[85.1301,23.0041],[85.1584,22.9933],[85.1698,23.0022],[85.1693,23.0133],[85.1368,23.022],[85.1247,23.033],[85.126,23.0449],[85.135,23.05],[85.1147,23.0574],[85.0858,23.0301],[85.0737,23.0278],[85.0712,23.0204],[85.038,23.0227],[85.0365,22.9992],[85.021,23.001],[85.0105,22.9905],[84.9987,22.9985],[84.9926,22.9891],[84.9583,22.9913],[84.9456,22.9543],[84.9619,22.9364],[84.962,22.9153],[84.9413,22.9212],[84.9329,22.9045],[84.9328,22.8997]]]}},{"type":"Feature","properties":{"SUBDISTRICT":"Sarwan","STATE":"Jharkhand","shapeID":"7132399B81605772668435","source":"geoBoundaries gbOpen IND ADM3 (ODbL 1.0); source: Local Government Directory lgdirectory.gov.in via Pathways Data","DISTRICT":"Deoghar"},"geometry":{"type":"Polygon","coordinates":[[[86.6821,24.3541],[86.687,24.3527],[86.6848,24.3444],[86.718,24.3436],[86.7429,24.3304],[86.7449,24.3196],[86.7528,24.3192],[86.7717,24.2872],[86.8098,24.2891],[86.8114,24.265],[86.829,24.2634],[86.8188,24.2501],[86.8312,24.2423],[86.8405,24.2475],[86.8376,24.273],[86.8628,24.3042],[86.8528,24.314],[86.8688,24.3262],[86.8687,24.3323],[86.8658,24.344],[86.8392,24.356],[86.8411,24.3596],[86.8216,24.3615],[86.8322,24.389],[86.8085,24.4152],[86.82,24.4318],[86.7881,24.4406],[86.7755,24.4241],[86.7736,24.4076],[86.7385,24.4135],[86.7343,24.3981],[86.7204,24.391],[86.7185,24.3724],[86.7011,24.3575],[86.6835,24.3557],[86.6821,24.3541]]]}},{"type":"Feature","properties":{"SUBDISTRICT":"Sona Rai Tharhi","STATE":"Jharkhand","shapeID":"7132399B7134755416551","source":"geoBoundaries gbOpen IND ADM3 (ODbL 1.0); source: Local Government Directory lgdirectory.gov.in via Pathways Data","DISTRICT":"Deoghar"},"geometry":{"type":"Polygon","coordinates":[[[86.8216,24.3615],[86.8363,24.3621],[86.8658,24.344],[86.8688,24.3262],[86.8528,24.3116],[86.8628,24.3042],[86.8714,24.3107],[86.8816,24.3044],[86.8841,24.2952],[86.8775,24.289],[86.8851,24.2794],[86.8919,24.2787],[86.9078,24.2932],[86.9236,24.2865],[86.9508,24.2916],[86.9802,24.2786],[86.9905,24.2963],[86.9686,24.3081],[86.9687,24.347],[86.9423,24.3516],[86.9385,24.3752],[86.9301,24.3782],[86.9498,24.4172],[86.9092,24.4067],[86.899,24.4201],[86.9062,24.4282],[86.8851,24.4274],[86.8796,24.4075],[86.8644,24.4129],[86.8455,24.3915],[86.8322,24.389],[86.8226,24.3621],[86.8216,24.3615]]]}},{"type":"Feature","properties":{"SUBDISTRICT":"Margo Munda","STATE":"Jharkhand","shapeID":"7132399B68280687111579","source":"geoBoundaries gbOpen IND ADM3 (ODbL 1.0); source: Local Government Directory lgdirectory.gov.in via Pathways Data","DISTRICT":"Deoghar"},"geometry":{"type":"Polygon","coordinates":[[[86.4841,24.1478],[86.5558,24.145],[86.5833,24.1274],[86.6055,24.1265],[86.6198,24.1183],[86.654,24.1179],[86.6465,24.1422],[86.6565,24.1374],[86.6624,24.1579],[86.6534,24.1605],[86.6505,24.173],[86.6626,24.1758],[86.6642,24.1926],[86.6755,24.1959],[86.6669,24.2045],[86.6668,24.2311],[86.6528,24.2275],[86.6515,24.235],[86.6355,24.2422],[86.6237,24.2434],[86.617,24.2238],[86.6005,24.2329],[86.5909,24.2124],[86.5722,24.2078],[86.5532,24.221],[86.5229,24.216],[86.516,24.2023],[86.4998,24.1978],[86.5023,24.1786],[86.4852,24.1496],[86.4841,24.1478]]]}},{"type":"Feature","properties":{"SUBDISTRICT":"Karon","STATE":"Jharkhand","shapeID":"7132399B23504713783544","source":"geoBoundaries gbOpen IND ADM3 (ODbL 1.0); source: Local Government Directory lgdirectory.gov.in via Pathways Data","DISTRICT":"Deoghar"},"geometry":{"type":"Polygon","coordinates":[[[86.6409,24.2371],[86.6515,24.235],[86.6528,24.2275],[86.6668,24.2311],[86.6669,24.2045],[86.6755,24.1959],[86.6642,24.1926],[86.6626,24.1758],[86.6505,24.173],[86.6534,24.1605],[86.6624,24.1579],[86.6565,24.1374],[86.6465,24.1422],[86.654,24.1179],[86.6699,24.1136],[86.683,24.1193],[86.6938,24.1538],[86.7016,24.1556],[86.7124,24.1471],[86.7011,24.1219],[86.7081,24.1028],[86.7607,24.0815],[86.7636,24.0945],[86.7907,24.0987],[86.7854,24.1141],[86.7888,24.126],[86.7679,24.1273],[86.7652,24.1387],[86.7806,24.1455],[86.7852,24.1571],[86.7806,24.171],[86.7671,24.1615],[86.7589,24.165],[86.7698,24.1826],[86.7629,24.1873],[86.7576,24.1863],[86.753,24.1618],[86.7348,24.174],[86.7392,24.1925],[86.7509,24.1947],[86.7438,24.2164],[86.7469,24.2298],[86.7184,24.2385],[86.7145,24.2482],[86.6998,24.2456],[86.6631,24.2564],[86.6409,24.24],[86.6409,24.2371]]]}},{"type":"Feature","properties":{"SUBDISTRICT":"Meherma","STATE":"Jharkhand","shapeID":"7132399B33932798248417","source":"geoBoundaries gbOpen IND ADM3 (ODbL 1.0); source: Local Government Directory lgdirectory.gov.in via Pathways Data","DISTRICT":"Godda"},"geometry":{"type":"Polygon","coordinates":[[[87.2971,25.0898],[87.3162,25.0742],[87.3323,25.0725],[87.3761,25.132],[87.3897,25.1216],[87.4155,25.1204],[87.4282,25.1113],[87.4305,25.1219],[87.4241,25.1319],[87.4082,25.144],[87.3923,25.147],[87.4067,25.1672],[87.4188,25.1679],[87.4197,25.1819],[87.4267,25.1785],[87.4319,25.1908],[87.4257,25.1939],[87.4258,25.2047],[87.4345,25.21],[87.3978,25.228],[87.3832,25.2231],[87.3759,25.2055],[87.3296,25.2235],[87.3167,25.1703],[87.3211,25.1655],[87.304,25.1352],[87.3006,25.0984],[87.2971,25.0898]]]}},{"type":"Feature","properties":{"SUBDISTRICT":"Thakurgangti","STATE":"Jharkhand","shapeID":"7132399B13222428952536","source":"geoBoundaries gbOpen IND ADM3 (ODbL 1.0); source: Local Government Directory lgdirectory.gov.in via Pathways Data","DISTRICT":"Godda"},"geometry":{"type":"Polygon","coordinates":[[[87.3923,25.147],[87.4082,25.144],[87.4241,25.1319],[87.4305,25.1219],[87.4267,25.109],[87.4568,25.0733],[87.4829,25.1093],[87.4967,25.119],[87.508,25.142],[87.4781,25.1952],[87.4345,25.21],[87.4258,25.2047],[87.4257,25.1939],[87.4319,25.1908],[87.4267,25.1785],[87.4197,25.1819],[87.4188,25.1679],[87.4067,25.1672],[87.4026,25.1556],[87.3963,25.1588],[87.3925,25.1494],[87.3923,25.147]]]}},{"type":"Feature","properties":{"SUBDISTRICT":"Sagma","STATE":"Jharkhand","shapeID":"7132399B79491367185245","source":"geoBoundaries gbOpen IND ADM3 (ODbL 1.0); source: Local Government Directory lgdirectory.gov.in via Pathways Data","DISTRICT":"Garhwa"},"geometry":{"type":"Polygon","coordinates":[[[83.3765,24.1783],[83.4141,24.1839],[83.4453,24.1745],[83.4547,24.159],[83.4722,24.1592],[83.4806,24.1642],[83.4844,24.1779],[83.5161,24.1749],[83.5215,24.1841],[83.5043,24.2179],[83.4973,24.2198],[83.4932,24.2138],[83.4618,24.2352],[83.4361,24.2379],[83.4222,24.2511],[83.4012,24.2513],[83.3851,24.2347],[83.3861,24.1999],[83.3771,24.1797],[83.3765,24.1783]]]}},{"type":"Feature","properties":{"SUBDISTRICT":"Mahagama","STATE":"Jharkhand","shapeID":"7132399B90812531278328","source":"geoBoundaries gbOpen IND ADM3 (ODbL 1.0); source: Local Government Directory lgdirectory.gov.in via Pathways Data","DISTRICT":"Godda"},"geometry":{"type":"Polygon","coordinates":[[[87.1674,25.0369],[87.1945,25.0382],[87.1947,25.0461],[87.2089,25.0475],[87.2373,25.0241],[87.2238,25.0218],[87.2229,25.0087],[87.2545,24.9937],[87.2644,24.9752],[87.3294,24.9668],[87.3369,24.9777],[87.3422,25.0237],[87.3333,25.0735],[87.3162,25.0742],[87.3081,25.0854],[87.2763,25.0942],[87.2648,25.1052],[87.2459,25.1],[87.2399,25.0864],[87.2174,25.0901],[87.2036,25.0742],[87.1827,25.0646],[87.1688,25.0394],[87.1674,25.0369]]]}},{"type":"Feature","properties":{"SUBDISTRICT":"Pathargama","STATE":"Jharkhand","shapeID":"7132399B75430563701133","source":"geoBoundaries gbOpen IND ADM3 (ODbL 1.0); source: Local Government Directory lgdirectory.gov.in via Pathways Data","DISTRICT":"Godda"},"geometry":{"type":"Polygon","coordinates":[[[87.1525,24.9135],[87.1629,24.8968],[87.1795,24.9009],[87.1761,24.8922],[87.1902,24.8776],[87.1997,24.8896],[87.2052,24.8836],[87.2185,24.884],[87.2201,24.8913],[87.2325,24.8857],[87.2535,24.9],[87.2589,24.8986],[87.2554,24.8813],[87.2612,24.8769],[87.2592,24.8818],[87.2666,24.8876],[87.2973,24.8731],[87.311,24.8903],[87.3335,24.8866],[87.3369,24.9777],[87.3294,24.9668],[87.2644,24.9752],[87.2595,24.9839],[87.2401,24.9832],[87.2329,24.9629],[87.2005,24.9679],[87.2,24.9498],[87.2187,24.9309],[87.2064,24.9348],[87.1988,24.9295],[87.1779,24.944],[87.1849,24.9253],[87.1748,24.9296],[87.1701,24.924],[87.1643,24.9338],[87.1536,24.9185],[87.1525,24.9135]]]}},{"type":"Feature","properties":{"SUBDISTRICT":"Poreyahat","STATE":"Jharkhand","shapeID":"7132399B89376782425503","source":"geoBoundaries gbOpen IND ADM3 (ODbL 1.0); source: Local Government Directory lgdirectory.gov.in via Pathways Data","DISTRICT":"Godda"},"geometry":{"type":"Polygon","coordinates":[[[87.055,24.6394],[87.0878,24.6387],[87.1068,24.6293],[87.1231,24.6336],[87.1373,24.6177],[87.1665,24.6144],[87.1707,24.6053],[87.1866,24.6023],[87.1866,24.5951],[87.1948,24.5908],[87.2184,24.5908],[87.2373,24.5802],[87.2706,24.598],[87.2799,24.5895],[87.3023,24.5901],[87.3078,24.5757],[87.319,24.5689],[87.3188,24.5571],[87.3552,24.5133],[87.3532,24.498],[87.3716,24.4879],[87.371,24.5568],[87.336,24.5825],[87.3225,24.6105],[87.3022,24.6234],[87.2941,24.6604],[87.2822,24.6773],[87.2622,24.6989],[87.2454,24.705],[87.2465,24.7152],[87.2273,24.7221],[87.2162,24.7627],[87.1966,24.7754],[87.1792,24.8015],[87.1736,24.8251],[87.1624,24.8183],[87.1602,24.798],[87.1481,24.799],[87.1299,24.8259],[87.1212,24.8322],[87.1171,24.8285],[87.1126,24.8068],[87.1025,24.8048],[87.0888,24.78],[87.0922,24.7591],[87.0795,24.7439],[87.0872,24.7368],[87.0878,24.7254],[87.0606,24.6715],[87.0563,24.6444],[87.055,24.6394]]]}},{"type":"Feature","properties":{"SUBDISTRICT":"Sundarpahari","STATE":"Jharkhand","shapeID":"7132399B42234212308076","source":"geoBoundaries gbOpen IND ADM3 (ODbL 1.0); source: Local Government Directory lgdirectory.gov.in via Pathways Data","DISTRICT":"Godda"},"geometry":{"type":"Polygon","coordinates":[[[87.3298,24.8125],[87.3748,24.5453],[87.3716,24.4879],[87.3765,24.4813],[87.3715,24.4616],[87.3774,24.4556],[87.3954,24.4606],[87.4118,24.4531],[87.3974,24.4832],[87.4011,24.5002],[87.4161,24.4978],[87.4518,24.5245],[87.4749,24.5312],[87.4658,24.5619],[87.4742,24.5761],[87.4596,24.5822],[87.4617,24.5943],[87.4819,24.6058],[87.4852,24.6642],[87.4701,24.7091],[87.448,24.7363],[87.4691,24.772],[87.4826,24.7755],[87.5039,24.7693],[87.5126,24.7802],[87.5252,24.7823],[87.5175,24.8027],[87.5031,24.8117],[87.5066,24.8041],[87.5016,24.8064],[87.507,24.8169],[87.5027,24.8307],[87.4766,24.8294],[87.4881,24.8375],[87.477,24.853],[87.4711,24.8499],[87.4527,24.8594],[87.4438,24.8502],[87.4061,24.8563],[87.3571,24.8864],[87.3414,24.882],[87.3335,24.8866],[87.3298,24.8136],[87.3298,24.8125]]]}},{"type":"Feature","properties":{"SUBDISTRICT":"Sahibganj","STATE":"Jharkhand","shapeID":"7132399B3220961274891","source":"geoBoundaries gbOpen IND ADM3 (ODbL 1.0); source: Local Government Directory lgdirectory.gov.in via Pathways Data","DISTRICT":"Sahibganj"},"geometry":{"type":"Polygon","coordinates":[[[87.4875,25.2956],[87.4936,25.2781],[87.5005,25.2759],[87.5028,25.258],[87.5248,25.2554],[87.5437,25.2631],[87.5718,25.2478],[87.5712,25.2385],[87.5771,25.2366],[87.5841,25.25],[87.5999,25.2498],[87.6157,25.2447],[87.616,25.2384],[87.6292,25.2388],[87.6281,25.2313],[87.6325,25.2369],[87.6366,25.2255],[87.6501,25.2209],[87.6555,25.2347],[87.6686,25.2332],[87.6693,25.2402],[87.7244,25.2468],[87.7501,25.2118],[87.7408,25.2295],[87.7516,25.234],[87.7366,25.2537],[87.7136,25.2569],[87.7117,25.2751],[87.6949,25.2854],[87.6993,25.3035],[87.6865,25.3048],[87.69,25.3106],[87.6577,25.3077],[87.6319,25.3191],[87.6286,25.3113],[87.6195,25.316],[87.6128,25.3118],[87.5871,25.3285],[87.5936,25.341],[87.586,25.3488],[87.5731,25.3343],[87.5534,25.3314],[87.5457,25.2821],[87.5354,25.2801],[87.5189,25.2926],[87.5049,25.2927],[87.4961,25.3056],[87.4924,25.2965],[87.4875,25.2956]]]}},{"type":"Feature","properties":{"SUBDISTRICT":"Mandro","STATE":"Jharkhand","shapeID":"7132399B76098756013310","source":"geoBoundaries gbOpen IND ADM3 (ODbL 1.0); source: Local Government Directory lgdirectory.gov.in via Pathways Data","DISTRICT":"Sahibganj"},"geometry":{"type":"Polygon","coordinates":[[[87.4778,25.2229],[87.4781,25.1952],[87.508,25.142],[87.4838,25.1066],[87.4987,25.0952],[87.5082,25.0749],[87.5214,25.0675],[87.5332,25.077],[87.5404,25.0684],[87.5548,25.0817],[87.55,25.0914],[87.5573,25.1055],[87.5642,25.103],[87.5706,25.1164],[87.5949,25.1199],[87.5882,25.1443],[87.6047,25.1498],[87.5939,25.1746],[87.5836,25.1825],[87.6034,25.2007],[87.6138,25.1945],[87.6193,25.1984],[87.6163,25.2056],[87.6219,25.2157],[87.6164,25.2258],[87.6298,25.2381],[87.5868,25.2505],[87.5754,25.2368],[87.5718,25.2478],[87.5437,25.2631],[87.5229,25.2552],[87.4937,25.2624],[87.4786,25.2414],[87.479,25.2319],[87.4778,25.2229]]]}},{"type":"Feature","properties":{"SUBDISTRICT":"Rajmahal","STATE":"Jharkhand","shapeID":"7132399B27190712535814","source":"geoBoundaries gbOpen IND ADM3 (ODbL 1.0); source: Local Government Directory lgdirectory.gov.in via Pathways Data","DISTRICT":"Sahibganj"},"geometry":{"type":"Polygon","coordinates":[[[87.7322,25.0113],[87.7328,25.005],[87.7563,24.9972],[87.7522,24.9906],[87.7698,24.9815],[87.7808,24.9805],[87.7891,25.0091],[87.8057,24.9988],[87.832,25.0047],[87.8346,24.9935],[87.8156,24.9932],[87.8362,24.9908],[87.8482,25.0041],[87.855,24.9966],[87.8575,25.0237],[87.8725,25.0381],[87.8458,25.054],[87.8391,25.0717],[87.8135,25.0701],[87.7821,25.092],[87.7749,25.1277],[87.7903,25.2002],[87.7909,25.241],[87.789,25.2467],[87.7366,25.2537],[87.7516,25.234],[87.7408,25.2295],[87.7501,25.2034],[87.772,25.1671],[87.7701,25.157],[87.7515,25.1363],[87.7463,25.0826],[87.739,25.0765],[87.7483,25.0744],[87.749,25.0677],[87.7328,25.0152],[87.7322,25.0113]],[[87.7643,24.9966],[87.7745,24.9948],[87.7719,24.9891],[87.7665,24.9915],[87.7643,24.9966]]]}},{"type":"Feature","properties":{"SUBDISTRICT":"Udhwa","STATE":"Jharkhand","shapeID":"7132399B19613229080778","source":"geoBoundaries gbOpen IND ADM3 (ODbL 1.0); source: Local Government Directory lgdirectory.gov.in via Pathways Data","DISTRICT":"Sahibganj"},"geometry":{"type":"MultiPolygon","coordinates":[[[[87.7808,24.9805],[87.7865,24.974],[87.8047,24.9792],[87.8382,24.97],[87.8541,24.9579],[87.8381,24.9561],[87.8042,24.9158],[87.813,24.9116],[87.801,24.8985],[87.8336,24.893],[87.8378,24.8867],[87.86,24.888],[87.89,24.8775],[87.891,24.871],[87.9069,24.8627],[87.9137,24.8727],[87.9007,24.9057],[87.8932,24.9633],[87.875,25.0124],[87.881,25.0187],[87.8972,25.0108],[87.8725,25.0381],[87.8575,25.0237],[87.855,24.9966],[87.8482,25.0041],[87.8362,24.9908],[87.8189,24.9909],[87.8154,24.9963],[87.8346,24.9935],[87.832,25.0047],[87.8057,24.9988],[87.7891,25.0091],[87.7812,24.9827],[87.7808,24.9805]]],[[[87.7643,24.9966],[87.7719,24.9891],[87.7745,24.9948],[87.7669,24.9982],[87.7643,24.9966]]]]}},{"type":"Feature","properties":{"SUBDISTRICT":"Barharwa","STATE":"Jharkhand","shapeID":"7132399B85646901707305","source":"geoBoundaries gbOpen IND ADM3 (ODbL 1.0); source: Local Government Directory lgdirectory.gov.in via Pathways Data","DISTRICT":"Sahibganj"},"geometry":{"type":"Polygon","coordinates":[[[87.74,24.7671],[87.7534,24.7693],[87.7445,24.7575],[87.7668,24.7482],[87.7875,24.7581],[87.8015,24.7313],[87.797,24.7239],[87.8489,24.7217],[87.8429,24.7412],[87.8306,24.7532],[87.8192,24.7543],[87.8233,24.767],[87.8428,24.7888],[87.8405,24.7642],[87.8598,24.7653],[87.8819,24.7947],[87.8729,24.8239],[87.8918,24.8206],[87.9037,24.8255],[87.8992,24.8301],[87.903,24.8437],[87.8943,24.8539],[87.9146,24.8566],[87.891,24.871],[87.89,24.8775],[87.801,24.8985],[87.7772,24.8615],[87.7418,24.771],[87.74,24.7671]]]}},{"type":"Feature","properties":{"SUBDISTRICT":"Amrapara","STATE":"Jharkhand","shapeID":"7132399B62547628833312","source":"geoBoundaries gbOpen IND ADM3 (ODbL 1.0); source: Local Government Directory lgdirectory.gov.in via Pathways Data","DISTRICT":"Pakur"},"geometry":{"type":"MultiPolygon","coordinates":[[[[87.4324,24.5123],[87.4361,24.5006],[87.444,24.4977],[87.4554,24.5051],[87.4775,24.5029],[87.4946,24.5195],[87.5412,24.518],[87.5567,24.4994],[87.563,24.4997],[87.5659,24.5145],[87.5724,24.5187],[87.59,24.4996],[87.6778,24.5876],[87.6803,24.5964],[87.6733,24.6023],[87.671,24.59],[87.6527,24.6023],[87.6647,24.6143],[87.6595,24.6228],[87.6628,24.6311],[87.6365,24.633],[87.6311,24.6426],[87.6001,24.6361],[87.6031,24.6221],[87.5923,24.6189],[87.5828,24.6279],[87.5897,24.6311],[87.5918,24.6432],[87.5773,24.626],[87.5582,24.6255],[87.5503,24.6328],[87.5413,24.626],[87.549,24.6188],[87.5437,24.6098],[87.5324,24.6228],[87.5385,24.6258],[87.5223,24.628],[87.4978,24.6472],[87.484,24.6457],[87.4819,24.6058],[87.4617,24.5943],[87.4596,24.5822],[87.4742,24.5761],[87.4658,24.5619],[87.4756,24.533],[87.4336,24.5129],[87.4324,24.5123]]],[[[87.5117,24.6446],[87.5303,24.6362],[87.5379,24.6452],[87.5121,24.6448],[87.5117,24.6446]]]]}},{"type":"Feature","properties":{"SUBDISTRICT":"Hiranpur","STATE":"Jharkhand","shapeID":"7132399B97016188221862","source":"geoBoundaries gbOpen IND ADM3 (ODbL 1.0); source: Local Government Directory lgdirectory.gov.in via Pathways Data","DISTRICT":"Pakur"},"geometry":{"type":"Polygon","coordinates":[[[87.6733,24.6023],[87.6803,24.5964],[87.6783,24.5892],[87.7652,24.5815],[87.7783,24.6083],[87.7754,24.6591],[87.7894,24.6699],[87.7912,24.7005],[87.8052,24.7162],[87.797,24.7239],[87.8015,24.7313],[87.7875,24.7581],[87.7668,24.7482],[87.7445,24.7575],[87.7534,24.7693],[87.7357,24.7664],[87.7031,24.7006],[87.6859,24.6932],[87.6971,24.6826],[87.6736,24.6038],[87.6733,24.6023]]]}},{"type":"Feature","properties":{"SUBDISTRICT":"Pakaur","STATE":"Jharkhand","shapeID":"7132399B6919560735199","source":"geoBoundaries gbOpen IND ADM3 (ODbL 1.0); source: Local Government Directory lgdirectory.gov.in via Pathways Data","DISTRICT":"Pakur"},"geometry":{"type":"Polygon","coordinates":[[[87.7649,24.5823],[87.8141,24.5774],[87.8296,24.5607],[87.8533,24.5522],[87.8556,24.559],[87.8924,24.5639],[87.8966,24.5808],[87.9105,24.585],[87.9132,24.6093],[87.8912,24.6063],[87.8786,24.6146],[87.9067,24.6137],[87.9074,24.627],[87.8897,24.6278],[87.9094,24.6316],[87.9185,24.6596],[87.8918,24.6752],[87.9085,24.7156],[87.883,24.7401],[87.8726,24.7304],[87.8429,24.7412],[87.8489,24.7217],[87.8069,24.7257],[87.7912,24.7005],[87.7894,24.6699],[87.7754,24.6591],[87.7783,24.6083],[87.7649,24.5835],[87.7649,24.5823]]]}},{"type":"Feature","properties":{"SUBDISTRICT":"Pakuria","STATE":"Jharkhand","shapeID":"7132399B42080415575124","source":"geoBoundaries gbOpen IND ADM3 (ODbL 1.0); source: Local Government Directory lgdirectory.gov.in via Pathways Data","DISTRICT":"Pakur"},"geometry":{"type":"Polygon","coordinates":[[[87.5952,24.4096],[87.6168,24.3114],[87.6157,24.2578],[87.6522,24.25],[87.6621,24.2369],[87.667,24.2464],[87.6864,24.2479],[87.7077,24.2614],[87.7154,24.2935],[87.7381,24.2893],[87.7571,24.3061],[87.7521,24.3169],[87.7378,24.3233],[87.7436,24.3335],[87.7274,24.3436],[87.7303,24.3602],[87.6909,24.3714],[87.6737,24.3659],[87.6727,24.39],[87.6481,24.388],[87.6284,24.4002],[87.6296,24.4145],[87.6163,24.4173],[87.6136,24.4247],[87.5953,24.4166],[87.5952,24.4096]]]}},{"type":"Feature","properties":{"SUBDISTRICT":"Tundi","STATE":"Jharkhand","shapeID":"7132399B1392842644996","source":"geoBoundaries gbOpen IND ADM3 (ODbL 1.0); source: Local Government Directory lgdirectory.gov.in via Pathways Data","DISTRICT":"Dhanbad"},"geometry":{"type":"Polygon","coordinates":[[[86.315,23.9115],[86.3224,23.9059],[86.3345,23.9117],[86.3502,23.9417],[86.3643,23.9356],[86.3763,23.9419],[86.3865,23.9354],[86.4019,23.9458],[86.4141,23.9324],[86.4017,23.9304],[86.4027,23.915],[86.4147,23.913],[86.4463,23.8851],[86.4553,23.8831],[86.4585,23.9041],[86.4747,23.903],[86.4727,23.9105],[86.4864,23.911],[86.5235,23.8953],[86.5281,23.8986],[86.5335,23.9266],[86.5191,23.9371],[86.5342,23.9541],[86.5172,23.9654],[86.5234,23.9843],[86.4855,23.9938],[86.4796,24.0061],[86.4554,24.019],[86.406,24.029],[86.3896,24.0444],[86.3721,24.0323],[86.3437,24.0367],[86.347,24.0242],[86.3363,24.0206],[86.3351,24.0143],[86.3549,24.0014],[86.3551,23.9898],[86.3287,23.9588],[86.3184,23.9172],[86.315,23.9115]]]}},{"type":"Feature","properties":{"SUBDISTRICT":"Topchanchi","STATE":"Jharkhand","shapeID":"7132399B47700600690549","source":"geoBoundaries gbOpen IND ADM3 (ODbL 1.0); source: Local Government Directory lgdirectory.gov.in via Pathways Data","DISTRICT":"Dhanbad"},"geometry":{"type":"Polygon","coordinates":[[[86.1292,23.8682],[86.1519,23.8355],[86.1692,23.8423],[86.1863,23.8397],[86.1876,23.8445],[86.1992,23.8379],[86.2171,23.8459],[86.2807,23.8328],[86.2812,23.8479],[86.293,23.8383],[86.3126,23.8452],[86.3141,23.8576],[86.3063,23.8648],[86.313,23.8839],[86.3061,23.8957],[86.3184,23.9172],[86.3065,23.9115],[86.2905,23.9225],[86.271,23.921],[86.2554,23.9324],[86.2109,23.94],[86.153,23.9293],[86.1463,23.9175],[86.1631,23.9099],[86.1534,23.9037],[86.1481,23.8771],[86.1317,23.8682],[86.1292,23.8682]]]}},{"type":"Feature","properties":{"SUBDISTRICT":"Baghmara-Cum-Katras","STATE":"Jharkhand","shapeID":"7132399B58059472119738","source":"geoBoundaries gbOpen IND ADM3 (ODbL 1.0); source: Local Government Directory lgdirectory.gov.in via Pathways Data","DISTRICT":"Dhanbad"},"geometry":{"type":"Polygon","coordinates":[[[86.1519,23.8355],[86.1664,23.8054],[86.171,23.7729],[86.1837,23.7633],[86.186,23.7394],[86.1981,23.7206],[86.2231,23.7102],[86.2363,23.7155],[86.2615,23.7108],[86.283,23.7182],[86.3058,23.7093],[86.3174,23.712],[86.325,23.7055],[86.3353,23.7161],[86.3269,23.7371],[86.33,23.7628],[86.3161,23.7718],[86.3274,23.8038],[86.3505,23.7983],[86.3527,23.8071],[86.3662,23.8074],[86.3731,23.7987],[86.3837,23.7983],[86.3895,23.8092],[86.3878,23.8248],[86.4076,23.8328],[86.3972,23.855],[86.401,23.8663],[86.3656,23.8833],[86.3584,23.9051],[86.3365,23.9134],[86.3224,23.9059],[86.315,23.9115],[86.3061,23.8957],[86.313,23.8839],[86.3063,23.8648],[86.3141,23.8576],[86.3126,23.8452],[86.293,23.8383],[86.2812,23.8479],[86.2807,23.8328],[86.2171,23.8459],[86.1992,23.8379],[86.1876,23.8445],[86.1863,23.8397],[86.1783,23.8432],[86.1568,23.8376],[86.1519,23.8355]]]}},{"type":"Feature","properties":{"SUBDISTRICT":"Dhanbad-Cum-Kenduadih-Cum-Jagata","STATE":"Jharkhand","shapeID":"7132399B52906978228708","source":"geoBoundaries gbOpen IND ADM3 (ODbL 1.0); source: Local Government Directory lgdirectory.gov.in via Pathways Data","DISTRICT":"Dhanbad"},"geometry":{"type":"Polygon","coordinates":[[[86.3161,23.7718],[86.33,23.7628],[86.3269,23.7371],[86.3353,23.7161],[86.325,23.7055],[86.3371,23.7025],[86.3452,23.7122],[86.3908,23.7098],[86.3873,23.7271],[86.394,23.7352],[86.3895,23.7376],[86.4109,23.7779],[86.4284,23.7808],[86.4421,23.7549],[86.4576,23.7696],[86.4593,23.7804],[86.4708,23.7622],[86.4796,23.7649],[86.4882,23.7775],[86.4808,23.7854],[86.5021,23.8189],[86.4896,23.8358],[86.467,23.848],[86.4588,23.8391],[86.4674,23.8366],[86.4562,23.8266],[86.4396,23.8378],[86.4239,23.8377],[86.4168,23.8302],[86.3979,23.8324],[86.3878,23.8248],[86.3895,23.8092],[86.3837,23.7983],[86.3731,23.7987],[86.3662,23.8074],[86.3527,23.8071],[86.3505,23.7983],[86.3285,23.8046],[86.3167,23.7755],[86.3161,23.7718]]]}},{"type":"Feature","properties":{"SUBDISTRICT":"Baliapur","STATE":"Jharkhand","shapeID":"7132399B60797261153015","source":"geoBoundaries gbOpen IND ADM3 (ODbL 1.0); source: Local Government Directory lgdirectory.gov.in via Pathways Data","DISTRICT":"Dhanbad"},"geometry":{"type":"Polygon","coordinates":[[[86.441,23.683],[86.4616,23.6657],[86.488,23.7026],[86.4989,23.7024],[86.5106,23.6923],[86.5262,23.6975],[86.5325,23.6943],[86.5326,23.6713],[86.5442,23.6562],[86.5386,23.646],[86.5445,23.637],[86.5963,23.6642],[86.5872,23.6789],[86.5743,23.6821],[86.5792,23.7095],[86.5643,23.7101],[86.5617,23.7378],[86.5382,23.7465],[86.5356,23.7558],[86.5387,23.7712],[86.5676,23.7669],[86.5664,23.7813],[86.554,23.7805],[86.5417,23.7968],[86.5169,23.7978],[86.5021,23.8189],[86.4808,23.7854],[86.4883,23.7792],[86.481,23.7663],[86.4708,23.7622],[86.4593,23.7804],[86.4576,23.7696],[86.4464,23.7627],[86.4614,23.7252],[86.4584,23.6989],[86.4422,23.6845],[86.441,23.683]]]}},{"type":"Feature","properties":{"SUBDISTRICT":"Nirsa-Cum-Chirkunda","STATE":"Jharkhand","shapeID":"7132399B26338032940994","source":"geoBoundaries gbOpen IND ADM3 (ODbL 1.0); source: Local Government Directory lgdirectory.gov.in via Pathways Data","DISTRICT":"Dhanbad"},"geometry":{"type":"Polygon","coordinates":[[[86.6202,23.8959],[86.6448,23.8943],[86.6263,23.8744],[86.6391,23.8638],[86.639,23.8424],[86.6479,23.8262],[86.6375,23.8261],[86.6377,23.8148],[86.6308,23.8094],[86.6347,23.798],[86.6242,23.7955],[86.6207,23.7868],[86.6447,23.7838],[86.6466,23.7655],[86.6731,23.7696],[86.7105,23.7604],[86.7144,23.7679],[86.7376,23.7578],[86.7528,23.7831],[86.7637,23.7825],[86.7643,23.7963],[86.7815,23.8001],[86.7863,23.8208],[86.8013,23.8269],[86.7698,23.8626],[86.7477,23.8673],[86.7337,23.8596],[86.7256,23.8687],[86.7209,23.8961],[86.7109,23.9071],[86.6622,23.9258],[86.6599,23.9331],[86.6347,23.938],[86.6397,23.9213],[86.6269,23.9123],[86.622,23.8988],[86.6202,23.8959]]]}},{"type":"Feature","properties":{"SUBDISTRICT":"Nawadih","STATE":"Jharkhand","shapeID":"7132399B71086146933450","source":"geoBoundaries gbOpen IND ADM3 (ODbL 1.0); source: Local Government Directory lgdirectory.gov.in via Pathways Data","DISTRICT":"Bokaro"},"geometry":{"type":"Polygon","coordinates":[[[85.9041,23.8317],[85.9226,23.8199],[85.9232,23.8103],[85.9547,23.7963],[86.0299,23.8038],[86.041,23.7817],[86.0594,23.7817],[86.0713,23.7714],[86.0973,23.7784],[86.1012,23.7845],[86.0878,23.7873],[86.0853,23.7961],[86.0956,23.7989],[86.1027,23.8122],[86.122,23.8098],[86.1234,23.8244],[86.1305,23.8261],[86.1577,23.8248],[86.1292,23.8682],[86.126,23.8623],[86.1226,23.8747],[86.11,23.8742],[86.0878,23.8953],[86.0766,23.8802],[86.0689,23.8898],[86.0308,23.8965],[86.0019,23.8722],[85.9927,23.8824],[85.9929,23.8951],[85.978,23.9039],[85.9757,23.9133],[85.962,23.9063],[85.9575,23.9223],[85.9462,23.9276],[85.9351,23.9185],[85.9323,23.8832],[85.9041,23.8318],[85.9041,23.8317]]]}},{"type":"Feature","properties":{"SUBDISTRICT":"Chandrapura","STATE":"Jharkhand","shapeID":"7132399B37045469308950","source":"geoBoundaries gbOpen IND ADM3 (ODbL 1.0); source: Local Government Directory lgdirectory.gov.in via Pathways Data","DISTRICT":"Bokaro"},"geometry":{"type":"Polygon","coordinates":[[[86.0282,23.7396],[86.0286,23.7192],[86.0386,23.714],[86.071,23.7227],[86.0864,23.7349],[86.1362,23.7223],[86.1724,23.7224],[86.1885,23.7334],[86.1852,23.7579],[86.171,23.7729],[86.1631,23.816],[86.1517,23.8277],[86.1422,23.8217],[86.1234,23.8244],[86.1204,23.809],[86.1027,23.8122],[86.0956,23.7989],[86.0853,23.7961],[86.0878,23.7873],[86.1012,23.7845],[86.0973,23.7784],[86.0683,23.7723],[86.0466,23.7452],[86.0308,23.7411],[86.0282,23.7396]]]}},{"type":"Feature","properties":{"SUBDISTRICT":"Gomia","STATE":"Jharkhand","shapeID":"7132399B1116202314798","source":"geoBoundaries gbOpen IND ADM3 (ODbL 1.0); source: Local Government Directory lgdirectory.gov.in via Pathways Data","DISTRICT":"Bokaro"},"geometry":{"type":"Polygon","coordinates":[[[85.6354,23.8221],[85.6396,23.7949],[85.6612,23.7741],[85.6895,23.7934],[85.696,23.7763],[85.6813,23.7473],[85.6592,23.742],[85.6635,23.7064],[85.6497,23.619],[85.6614,23.5924],[85.6827,23.5707],[85.6923,23.5746],[85.7103,23.6029],[85.7235,23.6061],[85.747,23.5997],[85.7814,23.6145],[85.7938,23.6456],[85.806,23.6503],[85.8241,23.6908],[85.848,23.7122],[85.8582,23.7153],[85.8702,23.7047],[85.8799,23.7052],[85.8936,23.7103],[85.9003,23.7211],[85.9446,23.7238],[85.9564,23.736],[85.9328,23.7425],[85.9366,23.7532],[85.9173,23.7644],[85.9078,23.7871],[85.9006,23.786],[85.8859,23.8082],[85.8628,23.8129],[85.8452,23.8422],[85.8321,23.8817],[85.8063,23.9141],[85.7891,23.9253],[85.7702,23.9058],[85.7545,23.9092],[85.7438,23.9256],[85.7426,23.9548],[85.7363,23.9618],[85.7305,23.9628],[85.6994,23.9343],[85.7015,23.914],[85.6678,23.888],[85.6604,23.8735],[85.6642,23.8528],[85.6365,23.8388],[85.6357,23.8274],[85.6354,23.8221]]]}},{"type":"Feature","properties":{"SUBDISTRICT":"Peterwar","STATE":"Jharkhand","shapeID":"7132399B95679890005501","source":"geoBoundaries gbOpen IND ADM3 (ODbL 1.0); source: Local Government Directory lgdirectory.gov.in via Pathways Data","DISTRICT":"Bokaro"},"geometry":{"type":"Polygon","coordinates":[[[85.8024,23.6487],[85.8167,23.6054],[85.8459,23.5496],[85.8612,23.5535],[85.873,23.6],[85.8875,23.6177],[85.9057,23.6244],[85.9116,23.6391],[85.9025,23.6735],[85.9062,23.6898],[85.9187,23.6844],[85.9211,23.6885],[85.9561,23.6849],[85.9714,23.6726],[85.9747,23.6788],[85.9773,23.6729],[85.9906,23.6806],[85.9905,23.6737],[86.0008,23.6711],[86.0047,23.6814],[86.0143,23.6749],[86.0181,23.6808],[86.0313,23.6636],[86.0413,23.6798],[86.053,23.6824],[86.0509,23.6913],[86.0693,23.699],[86.063,23.7049],[86.0908,23.7337],[86.0386,23.714],[86.0286,23.7192],[86.0288,23.7379],[86.0222,23.7413],[86.0074,23.7386],[85.9907,23.7243],[85.9725,23.7348],[85.9564,23.736],[85.9446,23.7238],[85.9003,23.7211],[85.8936,23.7103],[85.8799,23.7052],[85.8702,23.7047],[85.8549,23.7151],[85.8241,23.6908],[85.806,23.6503],[85.8024,23.6487]]]}},{"type":"Feature","properties":{"SUBDISTRICT":"Kasmar","STATE":"Jharkhand","shapeID":"7132399B49801753334746","source":"geoBoundaries gbOpen IND ADM3 (ODbL 1.0); source: Local Government Directory lgdirectory.gov.in via Pathways Data","DISTRICT":"Bokaro"},"geometry":{"type":"Polygon","coordinates":[[[85.8459,23.5496],[85.8713,23.5215],[85.8588,23.512],[85.8711,23.5134],[85.8704,23.5011],[85.878,23.4945],[85.8746,23.4803],[85.9125,23.4736],[85.9441,23.4571],[85.959,23.4615],[85.9526,23.4697],[85.9555,23.4863],[85.9651,23.4894],[85.9483,23.4947],[85.9498,23.5027],[85.9753,23.5003],[85.9714,23.511],[85.9645,23.5118],[85.9706,23.5358],[85.9888,23.5407],[85.9928,23.5669],[85.9855,23.5803],[85.9706,23.5765],[85.963,23.5833],[85.9652,23.5946],[85.9848,23.6089],[85.9662,23.6242],[85.9633,23.6327],[85.9692,23.6423],[85.9493,23.6564],[85.9631,23.682],[85.9211,23.6885],[85.9187,23.6844],[85.9076,23.6902],[85.9025,23.6735],[85.912,23.6407],[85.9063,23.6256],[85.8875,23.6177],[85.874,23.6013],[85.8635,23.555],[85.8474,23.55],[85.8459,23.5496]]]}},{"type":"Feature","properties":{"SUBDISTRICT":"Chas","STATE":"Jharkhand","shapeID":"7132399B97332891776089","source":"geoBoundaries gbOpen IND ADM3 (ODbL 1.0); source: Local Government Directory lgdirectory.gov.in via Pathways Data","DISTRICT":"Bokaro"},"geometry":{"type":"Polygon","coordinates":[[[86.0269,23.6193],[86.0372,23.6116],[86.0646,23.6089],[86.0623,23.5902],[86.053,23.5857],[86.0773,23.5804],[86.0789,23.57],[86.1255,23.5758],[86.1327,23.5686],[86.1542,23.5673],[86.1523,23.5605],[86.1593,23.5535],[86.1489,23.5293],[86.1605,23.5211],[86.1611,23.5062],[86.1512,23.496],[86.1515,23.4751],[86.1783,23.4805],[86.1851,23.4771],[86.1847,23.4697],[86.23,23.4593],[86.2265,23.4839],[86.2383,23.4942],[86.2434,23.4944],[86.2439,23.4871],[86.2518,23.4896],[86.2463,23.501],[86.2578,23.5064],[86.2556,23.5143],[86.2661,23.5181],[86.269,23.5396],[86.2744,23.536],[86.2915,23.5448],[86.2854,23.5548],[86.2953,23.5865],[86.2823,23.5909],[86.2757,23.6106],[86.2569,23.6101],[86.2504,23.6267],[86.2624,23.631],[86.2757,23.6236],[86.2984,23.6333],[86.2951,23.6528],[86.3104,23.6577],[86.3173,23.6672],[86.2969,23.6765],[86.3025,23.6774],[86.3045,23.6885],[86.2969,23.6963],[86.3109,23.7092],[86.2786,23.7184],[86.2615,23.7108],[86.2363,23.7155],[86.2145,23.7111],[86.1885,23.7334],[86.1724,23.7224],[86.1385,23.7221],[86.0908,23.7337],[86.1109,23.7086],[86.0795,23.6806],[86.0839,23.6719],[86.0637,23.6617],[86.0702,23.6472],[86.0614,23.639],[86.0516,23.645],[86.0485,23.6364],[86.0305,23.6356],[86.043,23.6227],[86.0288,23.6216],[86.0269,23.6193]]]}},{"type":"Feature","properties":{"SUBDISTRICT":"Chandankiyari","STATE":"Jharkhand","shapeID":"7132399B67754275773883","source":"geoBoundaries gbOpen IND ADM3 (ODbL 1.0); source: Local Government Directory lgdirectory.gov.in via Pathways Data","DISTRICT":"Bokaro"},"geometry":{"type":"Polygon","coordinates":[[[86.2265,23.4839],[86.2312,23.4719],[86.2446,23.4717],[86.2306,23.4378],[86.237,23.4316],[86.2454,23.4338],[86.2491,23.4217],[86.2589,23.427],[86.2525,23.4362],[86.2843,23.4432],[86.2955,23.425],[86.3058,23.4222],[86.3192,23.4282],[86.3181,23.4394],[86.3116,23.4383],[86.306,23.4458],[86.332,23.4597],[86.3372,23.4493],[86.3462,23.4545],[86.3437,23.4632],[86.3577,23.4657],[86.3548,23.4746],[86.3613,23.4836],[86.3778,23.4847],[86.3764,23.4923],[86.3644,23.4916],[86.3595,23.4985],[86.3627,23.5149],[86.3734,23.5246],[86.3638,23.545],[86.3887,23.574],[86.3868,23.5863],[86.412,23.5899],[86.4331,23.6123],[86.4454,23.611],[86.4457,23.6315],[86.4722,23.6315],[86.4495,23.6469],[86.4189,23.6549],[86.4002,23.6695],[86.3848,23.6679],[86.3778,23.6743],[86.3766,23.6906],[86.3654,23.6947],[86.3671,23.7092],[86.3452,23.7122],[86.3356,23.7025],[86.3174,23.712],[86.2969,23.6963],[86.3045,23.6885],[86.3025,23.6774],[86.2969,23.6765],[86.3173,23.6672],[86.3104,23.6577],[86.2951,23.6528],[86.2984,23.6333],[86.2757,23.6236],[86.2624,23.631],[86.2504,23.6267],[86.2569,23.6101],[86.2757,23.6106],[86.2823,23.5909],[86.2953,23.5865],[86.2854,23.5548],[86.2915,23.5448],[86.2744,23.536],[86.269,23.5396],[86.2661,23.5181],[86.2556,23.5143],[86.2578,23.5064],[86.2463,23.501],[86.2518,23.4896],[86.2439,23.4871],[86.2434,23.4944],[86.2383,23.4942],[86.2268,23.484],[86.2265,23.4839]]]}},{"type":"Feature","properties":{"SUBDISTRICT":"Kisko","STATE":"Jharkhand","shapeID":"7132399B94892926157891","source":"geoBoundaries gbOpen IND ADM3 (ODbL 1.0); source: Local Government Directory lgdirectory.gov.in via Pathways Data","DISTRICT":"Lohardaga"},"geometry":{"type":"Polygon","coordinates":[[[84.5269,23.4974],[84.536,23.4755],[84.5333,23.4607],[84.5705,23.4375],[84.5519,23.4405],[84.5668,23.4253],[84.559,23.4117],[84.5878,23.4024],[84.5933,23.4143],[84.6033,23.4133],[84.6122,23.4226],[84.6082,23.4295],[84.6177,23.4583],[84.6467,23.4779],[84.6347,23.484],[84.6311,23.4934],[84.6475,23.4967],[84.6464,23.5093],[84.6706,23.5063],[84.671,23.5324],[84.6604,23.5549],[84.6603,23.5707],[84.6461,23.5902],[84.6457,23.619],[84.6384,23.6276],[84.6343,23.6539],[84.6183,23.6604],[84.5759,23.6597],[84.5598,23.6171],[84.5767,23.5944],[84.5576,23.5589],[84.5636,23.5493],[84.5567,23.5376],[84.5624,23.5294],[84.5887,23.5181],[84.5813,23.5039],[84.5676,23.4968],[84.5611,23.5095],[84.5273,23.498],[84.5269,23.4974]]]}},{"type":"Feature","properties":{"SUBDISTRICT":"Peshrar","STATE":"Jharkhand","shapeID":"7132399B62354576756837","source":"geoBoundaries gbOpen IND ADM3 (ODbL 1.0); source: Local Government Directory lgdirectory.gov.in via Pathways Data","DISTRICT":"Lohardaga"},"geometry":{"type":"Polygon","coordinates":[[[84.3743,23.6061],[84.4149,23.5911],[84.4354,23.5958],[84.457,23.5753],[84.4491,23.5325],[84.4579,23.4826],[84.4221,23.4289],[84.422,23.4194],[84.431,23.3982],[84.4602,23.3961],[84.4585,23.3687],[84.4701,23.3498],[84.4834,23.3488],[84.4856,23.3643],[84.4951,23.3731],[84.5099,23.3633],[84.5139,23.375],[84.5009,23.3851],[84.526,23.4275],[84.5472,23.4205],[84.556,23.4327],[84.5519,23.4405],[84.5705,23.4375],[84.5333,23.4607],[84.536,23.4755],[84.5269,23.4974],[84.5611,23.5095],[84.5676,23.4968],[84.5813,23.5039],[84.5887,23.5181],[84.5624,23.5294],[84.5567,23.5376],[84.5636,23.5493],[84.5576,23.5589],[84.5767,23.5944],[84.5598,23.6171],[84.537,23.62],[84.5319,23.6485],[84.5198,23.6657],[84.4839,23.6714],[84.452,23.6584],[84.4441,23.6253],[84.3869,23.633],[84.3774,23.6107],[84.3743,23.6061]]]}},{"type":"Feature","properties":{"SUBDISTRICT":"Kuru","STATE":"Jharkhand","shapeID":"7132399B61600802638693","source":"geoBoundaries gbOpen IND ADM3 (ODbL 1.0); source: Local Government Directory lgdirectory.gov.in via Pathways Data","DISTRICT":"Lohardaga"},"geometry":{"type":"Polygon","coordinates":[[[84.6425,23.6104],[84.6461,23.5902],[84.6603,23.5707],[84.6718,23.5167],[84.681,23.5472],[84.7012,23.5395],[84.7304,23.4738],[84.7432,23.4697],[84.7597,23.4741],[84.7715,23.4587],[84.7853,23.4554],[84.7822,23.4504],[84.7897,23.4524],[84.7965,23.4462],[84.8087,23.4676],[84.8137,23.4611],[84.8385,23.4599],[84.8453,23.483],[84.8734,23.4783],[84.8695,23.4908],[84.8747,23.4963],[84.8894,23.4876],[84.8949,23.4982],[84.9113,23.4854],[84.9127,23.4984],[84.9017,23.5158],[84.866,23.5179],[84.8659,23.5717],[84.8238,23.5309],[84.8107,23.5261],[84.7905,23.5404],[84.7891,23.5631],[84.7687,23.5626],[84.765,23.572],[84.7605,23.5435],[84.7516,23.5434],[84.7356,23.5891],[84.7056,23.63],[84.6985,23.6179],[84.686,23.6117],[84.658,23.6062],[84.6457,23.619],[84.6442,23.6117],[84.6425,23.6104]]]}},{"type":"Feature","properties":{"SUBDISTRICT":"Kairo","STATE":"Jharkhand","shapeID":"7132399B20104920987918","source":"geoBoundaries gbOpen IND ADM3 (ODbL 1.0); source: Local Government Directory lgdirectory.gov.in via Pathways Data","DISTRICT":"Lohardaga"},"geometry":{"type":"Polygon","coordinates":[[[84.7465,23.4548],[84.7493,23.4308],[84.7605,23.4157],[84.7581,23.4026],[84.7724,23.3988],[84.7916,23.4088],[84.7928,23.4179],[84.7768,23.4254],[84.7802,23.4373],[84.7907,23.4266],[84.8018,23.4286],[84.8024,23.4224],[84.8132,23.4214],[84.8017,23.4184],[84.8124,23.3779],[84.8308,23.3668],[84.8608,23.3652],[84.8659,23.4255],[84.9112,23.4847],[84.8967,23.4975],[84.8894,23.4876],[84.8747,23.4963],[84.8695,23.4908],[84.8734,23.4783],[84.8453,23.483],[84.8385,23.4599],[84.8137,23.4611],[84.8087,23.4676],[84.7965,23.4462],[84.7897,23.4524],[84.7822,23.4504],[84.7822,23.443],[84.7681,23.4445],[84.761,23.4473],[84.7617,23.456],[84.7474,23.4559],[84.7465,23.4548]]]}},{"type":"Feature","properties":{"SUBDISTRICT":"Lohardaga","STATE":"Jharkhand","shapeID":"7132399B56906723895137","source":"geoBoundaries gbOpen IND ADM3 (ODbL 1.0); source: Local Government Directory lgdirectory.gov.in via Pathways Data","DISTRICT":"Lohardaga"},"geometry":{"type":"Polygon","coordinates":[[[84.6126,23.4514],[84.6331,23.4438],[84.6306,23.4323],[84.641,23.4281],[84.6313,23.3976],[84.6413,23.3924],[84.653,23.4105],[84.6916,23.4061],[84.6969,23.4012],[84.6937,23.3836],[84.7069,23.3778],[84.7416,23.3892],[84.7473,23.3937],[84.7437,23.4051],[84.7614,23.4103],[84.7493,23.4308],[84.7472,23.4581],[84.7617,23.456],[84.7619,23.4463],[84.7822,23.443],[84.7853,23.4554],[84.7715,23.4587],[84.7597,23.4741],[84.7409,23.4698],[84.7282,23.4752],[84.7073,23.5343],[84.6909,23.5466],[84.6755,23.5417],[84.6706,23.5063],[84.6464,23.5093],[84.6475,23.4967],[84.6311,23.4934],[84.6347,23.484],[84.6467,23.4779],[84.6128,23.4517],[84.6126,23.4514]]]}},{"type":"Feature","properties":{"SUBDISTRICT":"Senha","STATE":"Jharkhand","shapeID":"7132399B9235214188268","source":"geoBoundaries gbOpen IND ADM3 (ODbL 1.0); source: Local Government Directory lgdirectory.gov.in via Pathways Data","DISTRICT":"Lohardaga"},"geometry":{"type":"Polygon","coordinates":[[[84.5009,23.3851],[84.5139,23.375],[84.507,23.3638],[84.5205,23.3447],[84.5441,23.3423],[84.5742,23.3083],[84.589,23.3106],[84.6104,23.3011],[84.6307,23.2997],[84.6441,23.3131],[84.6608,23.3023],[84.6794,23.3042],[84.6898,23.316],[84.6725,23.3271],[84.6751,23.337],[84.6973,23.3418],[84.6966,23.3559],[84.72,23.3587],[84.7247,23.3685],[84.7203,23.3842],[84.6976,23.3787],[84.6967,23.4025],[84.6916,23.4061],[84.6546,23.4109],[84.6426,23.3926],[84.6321,23.3961],[84.641,23.4281],[84.6306,23.4323],[84.6331,23.4438],[84.6126,23.4514],[84.6161,23.4416],[84.6082,23.4295],[84.6122,23.4226],[84.6033,23.4133],[84.5933,23.4143],[84.5878,23.4024],[84.5601,23.4105],[84.5668,23.4253],[84.5543,23.4324],[84.5472,23.4205],[84.526,23.4275],[84.5024,23.3899],[84.5009,23.3851]]]}},{"type":"Feature","properties":{"SUBDISTRICT":"Bhandra","STATE":"Jharkhand","shapeID":"7132399B34069141341890","source":"geoBoundaries gbOpen IND ADM3 (ODbL 1.0); source: Local Government Directory lgdirectory.gov.in via Pathways Data","DISTRICT":"Lohardaga"},"geometry":{"type":"Polygon","coordinates":[[[84.6725,23.3271],[84.6898,23.316],[84.7005,23.3302],[84.712,23.3267],[84.7201,23.3147],[84.7512,23.3132],[84.7518,23.28],[84.7646,23.274],[84.7779,23.29],[84.797,23.2946],[84.8107,23.3063],[84.849,23.3073],[84.8579,23.3241],[84.869,23.3231],[84.8647,23.3577],[84.8509,23.3674],[84.8308,23.3668],[84.8124,23.3779],[84.8017,23.4184],[84.8132,23.4214],[84.8024,23.4224],[84.8018,23.4286],[84.7907,23.4266],[84.7802,23.4373],[84.7768,23.4254],[84.7928,23.4179],[84.7904,23.4073],[84.7724,23.3988],[84.7482,23.4092],[84.7437,23.4051],[84.7462,23.3924],[84.7203,23.3842],[84.7247,23.3685],[84.72,23.3587],[84.7019,23.3595],[84.6947,23.3529],[84.6973,23.3418],[84.6765,23.3381],[84.6729,23.3299],[84.6725,23.3271]]]}},{"type":"Feature","properties":{"SUBDISTRICT":"Patamda","STATE":"Jharkhand","shapeID":"7132399B31506715758718","source":"geoBoundaries gbOpen IND ADM3 (ODbL 1.0); source: Local Government Directory lgdirectory.gov.in via Pathways Data","DISTRICT":"Purba Singhbhum"},"geometry":{"type":"Polygon","coordinates":[[[86.3166,22.834],[86.3671,22.816],[86.4051,22.81],[86.4243,22.7972],[86.4394,22.8316],[86.4383,22.8635],[86.4524,22.8618],[86.4525,22.8864],[86.4685,22.8996],[86.438,22.9187],[86.4384,22.9263],[86.4637,22.9358],[86.4759,22.9523],[86.49,22.9372],[86.5021,22.9504],[86.5238,22.9472],[86.5321,22.9637],[86.544,22.9647],[86.5457,22.9901],[86.5177,22.9691],[86.5054,22.9714],[86.5131,22.9756],[86.5029,22.9927],[86.4508,22.9879],[86.4219,22.9976],[86.3857,22.9683],[86.3841,22.9605],[86.3683,22.9547],[86.3636,22.9366],[86.3454,22.9213],[86.3457,22.9096],[86.3204,22.898],[86.3206,22.878],[86.3312,22.8732],[86.3342,22.864],[86.3323,22.841],[86.3181,22.8353],[86.3166,22.834]]]}},{"type":"Feature","properties":{"SUBDISTRICT":"Boram","STATE":"Jharkhand","shapeID":"7132399B55821639139737","source":"geoBoundaries gbOpen IND ADM3 (ODbL 1.0); source: Local Government Directory lgdirectory.gov.in via Pathways Data","DISTRICT":"Purba Singhbhum"},"geometry":{"type":"Polygon","coordinates":[[[86.2061,22.9022],[86.2115,22.8936],[86.2316,22.8856],[86.2266,22.858],[86.2678,22.8419],[86.3166,22.834],[86.3323,22.841],[86.3342,22.864],[86.3312,22.8732],[86.3206,22.878],[86.3204,22.898],[86.3457,22.9096],[86.3454,22.9213],[86.3636,22.9366],[86.3683,22.9547],[86.3841,22.9605],[86.3966,22.9766],[86.386,22.9935],[86.3656,22.9994],[86.3561,22.9919],[86.347,22.996],[86.3378,22.9916],[86.3178,22.9979],[86.3039,23.016],[86.2997,23.0108],[86.2851,23.0134],[86.267,22.9983],[86.2508,22.9982],[86.2566,22.9693],[86.2516,22.9647],[86.2095,22.9504],[86.2074,22.9152],[86.2061,22.9022]]]}},{"type":"Feature","properties":{"SUBDISTRICT":"Golmuri-Cum-Jugsalai","STATE":"Jharkhand","shapeID":"7132399B44851663601524","source":"geoBoundaries gbOpen IND ADM3 (ODbL 1.0); source: Local Government Directory lgdirectory.gov.in via Pathways Data","DISTRICT":"Purba Singhbhum"},"geometry":{"type":"Polygon","coordinates":[[[86.174,22.7919],[86.1965,22.7736],[86.1855,22.7454],[86.1872,22.6953],[86.1947,22.6912],[86.2067,22.6999],[86.2167,22.6928],[86.2211,22.7013],[86.239,22.702],[86.2444,22.7168],[86.2587,22.7135],[86.2763,22.7199],[86.2849,22.7286],[86.2804,22.7369],[86.2869,22.7472],[86.3016,22.7369],[86.3216,22.7519],[86.3356,22.7453],[86.3599,22.753],[86.3739,22.7364],[86.4175,22.7257],[86.4338,22.7354],[86.4378,22.7499],[86.4542,22.7571],[86.4217,22.7796],[86.4181,22.7895],[86.4243,22.7972],[86.4051,22.81],[86.3671,22.816],[86.3016,22.8399],[86.2678,22.8419],[86.2266,22.858],[86.2173,22.8171],[86.2055,22.8176],[86.1921,22.8279],[86.18,22.8024],[86.174,22.7919]]]}},{"type":"Feature","properties":{"SUBDISTRICT":"Ghatshila","STATE":"Jharkhand","shapeID":"7132399B23319608991018","source":"geoBoundaries gbOpen IND ADM3 (ODbL 1.0); source: Local Government Directory lgdirectory.gov.in via Pathways Data","DISTRICT":"Purba Singhbhum"},"geometry":{"type":"Polygon","coordinates":[[[86.3709,22.6809],[86.3796,22.6593],[86.3748,22.6504],[86.3785,22.6389],[86.4012,22.6292],[86.4117,22.6324],[86.4423,22.5937],[86.4817,22.5627],[86.522,22.5679],[86.5464,22.596],[86.5584,22.5866],[86.5729,22.5884],[86.5908,22.6033],[86.6113,22.6094],[86.6394,22.6046],[86.642,22.6342],[86.642,22.6585],[86.6232,22.6767],[86.5861,22.6923],[86.5446,22.7239],[86.5154,22.7193],[86.512,22.7048],[86.4932,22.7265],[86.4844,22.7256],[86.4595,22.7628],[86.4494,22.7617],[86.4542,22.7571],[86.4378,22.7499],[86.4338,22.7354],[86.4175,22.7257],[86.3825,22.7356],[86.3815,22.7217],[86.3739,22.7216],[86.3716,22.7152],[86.3805,22.7014],[86.3711,22.6829],[86.3709,22.6809]]]}},{"type":"Feature","properties":{"SUBDISTRICT":"Potka","STATE":"Jharkhand","shapeID":"7132399B72110705874644","source":"geoBoundaries gbOpen IND ADM3 (ODbL 1.0); source: Local Government Directory lgdirectory.gov.in via Pathways Data","DISTRICT":"Purba Singhbhum"},"geometry":{"type":"Polygon","coordinates":[[[86.066,22.5539],[86.113,22.4883],[86.208,22.4738],[86.2147,22.4663],[86.2238,22.4717],[86.2171,22.4632],[86.226,22.4526],[86.2707,22.4431],[86.2906,22.4536],[86.2915,22.4754],[86.2819,22.497],[86.2909,22.5038],[86.3089,22.504],[86.3194,22.5268],[86.3415,22.5181],[86.3565,22.5439],[86.3506,22.5771],[86.3566,22.5875],[86.3263,22.6222],[86.3309,22.6403],[86.3344,22.644],[86.3401,22.6388],[86.343,22.6444],[86.3362,22.6553],[86.3423,22.6704],[86.3592,22.659],[86.3796,22.6569],[86.3709,22.6809],[86.3804,22.7061],[86.3716,22.7152],[86.3739,22.7216],[86.3815,22.7217],[86.3831,22.7317],[86.3675,22.7405],[86.3631,22.7521],[86.3356,22.7453],[86.3216,22.7519],[86.3016,22.7369],[86.2869,22.7472],[86.2795,22.7226],[86.2587,22.7135],[86.2414,22.7157],[86.239,22.702],[86.2179,22.6981],[86.2166,22.6814],[86.1976,22.6843],[86.195,22.6729],[86.1796,22.6781],[86.1747,22.67],[86.1657,22.6707],[86.1495,22.6239],[86.0664,22.5558],[86.066,22.5539]]]}},{"type":"Feature","properties":{"SUBDISTRICT":"Musabani","STATE":"Jharkhand","shapeID":"7132399B78901194911280","source":"geoBoundaries gbOpen IND ADM3 (ODbL 1.0); source: Local Government Directory lgdirectory.gov.in via Pathways Data","DISTRICT":"Purba Singhbhum"},"geometry":{"type":"Polygon","coordinates":[[[86.3263,22.6321],[86.3319,22.6122],[86.3566,22.5875],[86.3506,22.5771],[86.3565,22.5439],[86.3438,22.5243],[86.351,22.5209],[86.3511,22.5071],[86.3632,22.488],[86.3674,22.4837],[86.3844,22.4906],[86.4166,22.461],[86.4432,22.4526],[86.4666,22.4684],[86.4805,22.4438],[86.5048,22.4431],[86.5064,22.4526],[86.4956,22.4581],[86.4925,22.4702],[86.4989,22.4746],[86.505,22.4681],[86.5131,22.4982],[86.4896,22.5053],[86.5026,22.5238],[86.472,22.5462],[86.4817,22.5627],[86.4423,22.5937],[86.415,22.6298],[86.3814,22.6361],[86.3756,22.6565],[86.357,22.66],[86.3469,22.6721],[86.3362,22.6553],[86.3421,22.648],[86.3401,22.6388],[86.3344,22.644],[86.3274,22.6344],[86.3263,22.6321]]]}},{"type":"Feature","properties":{"SUBDISTRICT":"Dhalbhumgarh","STATE":"Jharkhand","shapeID":"7132399B21166180209300","source":"geoBoundaries gbOpen IND ADM3 (ODbL 1.0); source: Local Government Directory lgdirectory.gov.in via Pathways Data","DISTRICT":"Purba Singhbhum"},"geometry":{"type":"Polygon","coordinates":[[[86.4711,22.5485],[86.5026,22.5238],[86.4908,22.504],[86.5131,22.4982],[86.5437,22.4653],[86.5487,22.4691],[86.5462,22.4632],[86.5583,22.4462],[86.5928,22.4246],[86.597,22.4156],[86.6079,22.429],[86.6099,22.4436],[86.6067,22.4729],[86.5907,22.4898],[86.5965,22.5189],[86.6117,22.5462],[86.6133,22.5624],[86.6535,22.595],[86.6394,22.6046],[86.6191,22.6041],[86.6134,22.6096],[86.5908,22.6033],[86.5729,22.5884],[86.5584,22.5866],[86.5464,22.596],[86.522,22.5679],[86.4886,22.5673],[86.4712,22.5495],[86.4711,22.5485]]]}},{"type":"Feature","properties":{"SUBDISTRICT":"Gurbandha","STATE":"Jharkhand","shapeID":"7132399B15831973916281","source":"geoBoundaries gbOpen IND ADM3 (ODbL 1.0); source: Local Government Directory lgdirectory.gov.in via Pathways Data","DISTRICT":"Purba Singhbhum"},"geometry":{"type":"Polygon","coordinates":[[[86.4848,22.3512],[86.5053,22.3447],[86.5133,22.3278],[86.529,22.3224],[86.5261,22.3153],[86.5377,22.3021],[86.5452,22.3076],[86.5573,22.2992],[86.5759,22.2968],[86.5837,22.3017],[86.5962,22.2788],[86.6137,22.2827],[86.6323,22.2708],[86.6398,22.2731],[86.6507,22.2653],[86.6529,22.2472],[86.6648,22.2537],[86.6622,22.3178],[86.6403,22.3465],[86.6118,22.3611],[86.6016,22.3893],[86.5871,22.3969],[86.597,22.4156],[86.5941,22.4235],[86.5597,22.4446],[86.5462,22.4632],[86.5487,22.4691],[86.5437,22.4653],[86.5175,22.4931],[86.5125,22.4936],[86.505,22.4681],[86.4989,22.4746],[86.4925,22.4702],[86.4956,22.4581],[86.507,22.4506],[86.4974,22.4365],[86.4888,22.4353],[86.4893,22.4254],[86.5087,22.4146],[86.5068,22.3966],[86.4934,22.3888],[86.493,22.3817],[86.4988,22.3808],[86.4853,22.3519],[86.4848,22.3512]]]}},{"type":"Feature","properties":{"SUBDISTRICT":"Chakulia","STATE":"Jharkhand","shapeID":"7132399B1003401675824","source":"geoBoundaries gbOpen IND ADM3 (ODbL 1.0); source: Local Government Directory lgdirectory.gov.in via Pathways Data","DISTRICT":"Purba Singhbhum"},"geometry":{"type":"Polygon","coordinates":[[[86.5868,22.4029],[86.5871,22.3969],[86.6016,22.3893],[86.6118,22.3611],[86.6249,22.3527],[86.6268,22.3614],[86.6481,22.3634],[86.6525,22.3699],[86.6573,22.3651],[86.6696,22.3908],[86.6832,22.3924],[86.6942,22.4085],[86.7231,22.418],[86.7273,22.4018],[86.7926,22.381],[86.8266,22.3586],[86.8271,22.3507],[86.8355,22.3495],[86.846,22.3729],[86.8433,22.3824],[86.8499,22.3961],[86.8438,22.4051],[86.8103,22.4202],[86.769,22.4266],[86.7566,22.4544],[86.7503,22.4742],[86.7534,22.4823],[86.7943,22.4782],[86.8031,22.4876],[86.7961,22.4973],[86.8037,22.5024],[86.7879,22.528],[86.7892,22.5478],[86.7696,22.5542],[86.7726,22.5644],[86.7651,22.5759],[86.7112,22.5838],[86.6625,22.5762],[86.6535,22.595],[86.6133,22.5624],[86.6117,22.5462],[86.5965,22.5189],[86.5907,22.4898],[86.6067,22.4729],[86.6099,22.4436],[86.607,22.4271],[86.5878,22.4056],[86.5868,22.4029]]]}},{"type":"Feature","properties":{"SUBDISTRICT":"Baharagora","STATE":"Jharkhand","shapeID":"7132399B33831422995465","source":"geoBoundaries gbOpen IND ADM3 (ODbL 1.0); source: Local Government Directory lgdirectory.gov.in via Pathways Data","DISTRICT":"Purba Singhbhum"},"geometry":{"type":"Polygon","coordinates":[[[86.6264,22.361],[86.6265,22.3534],[86.6403,22.3465],[86.6622,22.3178],[86.6682,22.259],[86.6529,22.2472],[86.6534,22.2397],[86.675,22.2408],[86.6873,22.2235],[86.7602,22.212],[86.7803,22.2187],[86.7778,22.2344],[86.785,22.2358],[86.7972,22.2279],[86.7875,22.2294],[86.7811,22.2178],[86.8051,22.2177],[86.8149,22.242],[86.8026,22.238],[86.7979,22.2428],[86.7953,22.2668],[86.8057,22.2659],[86.8046,22.245],[86.814,22.2505],[86.8169,22.2679],[86.8214,22.2533],[86.8278,22.2653],[86.8906,22.2561],[86.8901,22.3007],[86.8457,22.3177],[86.8342,22.3285],[86.8355,22.3495],[86.8271,22.3507],[86.8266,22.3586],[86.7748,22.3896],[86.7273,22.4018],[86.7256,22.4174],[86.6942,22.4085],[86.6832,22.3924],[86.6696,22.3908],[86.6573,22.3651],[86.6525,22.3699],[86.6481,22.3634],[86.6268,22.3614],[86.6264,22.361]]]}},{"type":"Feature","properties":{"SUBDISTRICT":"Hussainabad","STATE":"Jharkhand","shapeID":"7132399B90017404696525","source":"geoBoundaries gbOpen IND ADM3 (ODbL 1.0); source: Local Government Directory lgdirectory.gov.in via Pathways Data","DISTRICT":"Palamu"},"geometry":{"type":"Polygon","coordinates":[[[83.9304,24.4068],[83.939,24.3952],[83.9746,24.4066],[84.0081,24.3887],[84.0193,24.3895],[84.0272,24.4055],[84.0494,24.4095],[84.0369,24.4155],[84.0285,24.4306],[84.035,24.4569],[84.055,24.4803],[84.0646,24.4815],[84.07,24.469],[84.1089,24.4674],[84.109,24.487],[84.0943,24.5139],[84.0974,24.5332],[84.0861,24.5443],[84.0802,24.5688],[84.0675,24.5762],[84.0691,24.5886],[84.0607,24.5872],[84.0545,24.6115],[84.0319,24.6282],[84.0,24.6371],[83.9653,24.5755],[83.9336,24.5461],[83.9405,24.5261],[83.9674,24.5339],[83.986,24.5169],[83.9897,24.4993],[83.9673,24.4927],[83.9906,24.4874],[83.9935,24.4787],[83.9729,24.4733],[83.9631,24.4323],[83.9482,24.4172],[83.9322,24.4163],[83.9305,24.4071],[83.9304,24.4068]],[[83.9749,24.5335],[83.9866,24.5311],[83.9752,24.5319],[83.9749,24.5335]]]}},{"type":"Feature","properties":{"SUBDISTRICT":"Haidernagar","STATE":"Jharkhand","shapeID":"7132399B50343089565303","source":"geoBoundaries gbOpen IND ADM3 (ODbL 1.0); source: Local Government Directory lgdirectory.gov.in via Pathways Data","DISTRICT":"Palamu"},"geometry":{"type":"MultiPolygon","coordinates":[[[[83.8866,24.5213],[83.8924,24.5157],[83.8963,24.5247],[83.9131,24.5188],[83.9163,24.5018],[83.9227,24.4987],[83.9106,24.4952],[83.9071,24.4861],[83.8981,24.4895],[83.8973,24.4841],[83.9045,24.4821],[83.9024,24.4623],[83.9095,24.4396],[83.9296,24.429],[83.924,24.4159],[83.9482,24.4172],[83.9631,24.4323],[83.9729,24.4733],[83.9935,24.4787],[83.9906,24.4874],[83.9673,24.4927],[83.9897,24.4993],[83.986,24.5169],[83.9742,24.5229],[83.9711,24.533],[83.9439,24.5248],[83.9336,24.5461],[83.8928,24.5372],[83.8868,24.523],[83.8866,24.5213]]],[[[83.9749,24.5335],[83.9765,24.5283],[83.9866,24.5311],[83.9749,24.5351],[83.9749,24.5335]]]]}},{"type":"Feature","properties":{"SUBDISTRICT":"Hariharganj","STATE":"Jharkhand","shapeID":"7132399B38285375461593","source":"geoBoundaries gbOpen IND ADM3 (ODbL 1.0); source: Local Government Directory lgdirectory.gov.in via Pathways Data","DISTRICT":"Palamu"},"geometry":{"type":"Polygon","coordinates":[[[84.1805,24.5413],[84.19,24.523],[84.2051,24.5139],[84.2223,24.5211],[84.2283,24.5108],[84.2252,24.502],[84.2426,24.4981],[84.2359,24.49],[84.2526,24.4742],[84.2365,24.4704],[84.2336,24.4566],[84.2558,24.4455],[84.2632,24.4521],[84.2949,24.456],[84.2985,24.4169],[84.3258,24.4198],[84.3269,24.4289],[84.3382,24.428],[84.3226,24.4471],[84.3008,24.4504],[84.2928,24.4654],[84.3018,24.4803],[84.3293,24.4893],[84.3332,24.4962],[84.3051,24.5626],[84.2769,24.5637],[84.2795,24.5534],[84.2877,24.5513],[84.2661,24.5371],[84.2648,24.5302],[84.2419,24.543],[84.2427,24.5526],[84.2283,24.5497],[84.2251,24.5346],[84.2166,24.5366],[84.2076,24.5564],[84.1806,24.5465],[84.1805,24.5413]]]}},{"type":"Feature","properties":{"SUBDISTRICT":"Pipra","STATE":"Jharkhand","shapeID":"7132399B55330776912671","source":"geoBoundaries gbOpen IND ADM3 (ODbL 1.0); source: Local Government Directory lgdirectory.gov.in via Pathways Data","DISTRICT":"Palamu"},"geometry":{"type":"Polygon","coordinates":[[[84.1077,24.4804],[84.1087,24.4753],[84.123,24.475],[84.1233,24.4474],[84.157,24.4431],[84.2082,24.4503],[84.2128,24.4466],[84.1998,24.4375],[84.2061,24.4182],[84.2296,24.4258],[84.2558,24.4455],[84.2336,24.4566],[84.2365,24.4704],[84.2526,24.4742],[84.2359,24.49],[84.2426,24.4981],[84.2252,24.502],[84.2283,24.5108],[84.2223,24.5211],[84.2051,24.5139],[84.1941,24.5219],[84.1869,24.5098],[84.1688,24.512],[84.1613,24.517],[84.1721,24.5331],[84.1683,24.5376],[84.1537,24.5396],[84.144,24.5287],[84.1476,24.5042],[84.1326,24.4977],[84.1302,24.4861],[84.1082,24.4829],[84.1077,24.4804]]]}},{"type":"Feature","properties":{"SUBDISTRICT":"Chhatarpur","STATE":"Jharkhand","shapeID":"7132399B95592938586593","source":"geoBoundaries gbOpen IND ADM3 (ODbL 1.0); source: Local Government Directory lgdirectory.gov.in via Pathways Data","DISTRICT":"Palamu"},"geometry":{"type":"Polygon","coordinates":[[[84.0285,24.4306],[84.0369,24.4155],[84.058,24.3999],[84.0553,24.3771],[84.0461,24.3672],[84.0497,24.3515],[84.0355,24.3267],[84.0532,24.3214],[84.0583,24.302],[84.0987,24.3053],[84.1236,24.2455],[84.1397,24.2364],[84.2151,24.2456],[84.2315,24.2581],[84.2389,24.2763],[84.2517,24.278],[84.2204,24.2888],[84.2205,24.3059],[84.2435,24.3121],[84.2417,24.3271],[84.2531,24.3312],[84.2507,24.3851],[84.2604,24.3885],[84.2707,24.3826],[84.2719,24.4034],[84.2478,24.4166],[84.2546,24.4262],[84.2693,24.4269],[84.2787,24.4398],[84.2604,24.4497],[84.2296,24.4258],[84.2061,24.4182],[84.1998,24.4375],[84.2128,24.4466],[84.2082,24.4503],[84.157,24.4431],[84.1233,24.4474],[84.123,24.475],[84.1087,24.4753],[84.1089,24.4674],[84.0775,24.4674],[84.0601,24.4818],[84.035,24.4569],[84.0288,24.4341],[84.0285,24.4306]]]}},{"type":"Feature","properties":{"SUBDISTRICT":"Pandu","STATE":"Jharkhand","shapeID":"7132399B23591848646233","source":"geoBoundaries gbOpen IND ADM3 (ODbL 1.0); source: Local Government Directory lgdirectory.gov.in via Pathways Data","DISTRICT":"Palamu"},"geometry":{"type":"Polygon","coordinates":[[[83.8786,24.3157],[83.8906,24.2977],[83.9162,24.2926],[83.9874,24.3115],[83.9948,24.3202],[84.0174,24.3226],[84.0403,24.3635],[84.0553,24.3771],[84.058,24.3999],[84.0494,24.4095],[84.0272,24.4055],[84.0226,24.3921],[84.0136,24.3885],[83.9746,24.4066],[83.9515,24.4034],[83.9459,24.3952],[83.8966,24.3999],[83.8979,24.3897],[83.8894,24.3753],[83.8983,24.3614],[83.887,24.3579],[83.8842,24.3461],[83.8937,24.3434],[83.8804,24.3196],[83.8786,24.3157]]]}},{"type":"Feature","properties":{"SUBDISTRICT":"Bishrampur","STATE":"Jharkhand","shapeID":"7132399B90774639688809","source":"geoBoundaries gbOpen IND ADM3 (ODbL 1.0); source: Local Government Directory lgdirectory.gov.in via Pathways Data","DISTRICT":"Palamu"},"geometry":{"type":"Polygon","coordinates":[[[83.8377,24.2561],[83.8626,24.2322],[83.8805,24.2042],[83.9317,24.1698],[83.9557,24.1569],[83.9972,24.1621],[84.0099,24.1804],[84.01,24.1856],[83.9965,24.1893],[83.9978,24.1983],[84.0098,24.2136],[83.9883,24.2276],[83.9869,24.2354],[83.9588,24.2339],[83.9685,24.2441],[83.9683,24.2551],[83.9761,24.2551],[83.9799,24.2639],[84.009,24.2604],[83.9949,24.2694],[83.9978,24.2825],[83.9822,24.2939],[83.995,24.3003],[84.0158,24.2952],[84.0311,24.3071],[84.0354,24.3311],[84.0497,24.3515],[84.0461,24.3672],[84.0174,24.3226],[83.9948,24.3202],[83.9874,24.3115],[83.9162,24.2926],[83.8906,24.2977],[83.8792,24.3111],[83.8534,24.304],[83.843,24.268],[83.8482,24.263],[83.8421,24.2612],[83.8377,24.2561]]]}},{"type":"Feature","properties":{"SUBDISTRICT":"Nawa Bazar","STATE":"Jharkhand","shapeID":"7132399B16210392561788","source":"geoBoundaries gbOpen IND ADM3 (ODbL 1.0); source: Local Government Directory lgdirectory.gov.in via Pathways Data","DISTRICT":"Palamu"},"geometry":{"type":"Polygon","coordinates":[[[83.9588,24.2339],[83.9869,24.2354],[83.9883,24.2276],[84.0098,24.2136],[83.9965,24.1893],[84.01,24.1856],[83.9972,24.1621],[84.0096,24.1535],[84.0269,24.1622],[84.0649,24.2022],[84.0898,24.2302],[84.0952,24.2475],[84.1236,24.2455],[84.0987,24.3053],[84.0583,24.302],[84.0532,24.3214],[84.0376,24.3237],[84.0311,24.3071],[84.0179,24.2958],[83.995,24.3003],[83.983,24.2948],[83.9978,24.2825],[83.9949,24.2694],[84.009,24.2604],[83.9799,24.2639],[83.9761,24.2551],[83.9683,24.2551],[83.9685,24.2441],[83.959,24.2343],[83.9588,24.2339]]]}},{"type":"Feature","properties":{"SUBDISTRICT":"Patan","STATE":"Jharkhand","shapeID":"7132399B44992390214429","source":"geoBoundaries gbOpen IND ADM3 (ODbL 1.0); source: Local Government Directory lgdirectory.gov.in via Pathways Data","DISTRICT":"Palamu"},"geometry":{"type":"Polygon","coordinates":[[[84.0471,24.1062],[84.1209,24.0817],[84.2188,24.1174],[84.2342,24.1096],[84.2453,24.1524],[84.2755,24.1553],[84.3141,24.1806],[84.309,24.2056],[84.3243,24.2278],[84.3232,24.2536],[84.3106,24.261],[84.3125,24.2812],[84.3061,24.2903],[84.2728,24.2959],[84.2517,24.278],[84.2389,24.2763],[84.2315,24.2581],[84.2151,24.2456],[84.1397,24.2364],[84.1416,24.2267],[84.1317,24.2205],[84.1452,24.2071],[84.142,24.1988],[84.1233,24.2077],[84.1138,24.2032],[84.1064,24.1972],[84.1111,24.1817],[84.1045,24.166],[84.093,24.1629],[84.095,24.1373],[84.1114,24.1322],[84.1094,24.1257],[84.0925,24.1194],[84.0815,24.1281],[84.0694,24.1227],[84.0495,24.1293],[84.048,24.1115],[84.0471,24.1062]]]}},{"type":"Feature","properties":{"SUBDISTRICT":"Padwa","STATE":"Jharkhand","shapeID":"7132399B86257098453671","source":"geoBoundaries gbOpen IND ADM3 (ODbL 1.0); source: Local Government Directory lgdirectory.gov.in via Pathways Data","DISTRICT":"Palamu"},"geometry":{"type":"Polygon","coordinates":[[[84.0269,24.1622],[84.0412,24.15],[84.0495,24.1293],[84.0694,24.1227],[84.0815,24.1281],[84.0925,24.1194],[84.1094,24.1257],[84.1125,24.131],[84.095,24.1373],[84.0905,24.1524],[84.093,24.1629],[84.1026,24.1633],[84.1111,24.1817],[84.1064,24.1972],[84.1233,24.2077],[84.142,24.1988],[84.1452,24.2071],[84.1317,24.2205],[84.1416,24.2267],[84.1397,24.2364],[84.1322,24.2437],[84.0952,24.2475],[84.0898,24.2302],[84.0409,24.1805],[84.0269,24.1622]]]}},{"type":"Feature","properties":{"SUBDISTRICT":"Tarhasi","STATE":"Jharkhand","shapeID":"7132399B46638822081782","source":"geoBoundaries gbOpen IND ADM3 (ODbL 1.0); source: Local Government Directory lgdirectory.gov.in via Pathways Data","DISTRICT":"Palamu"},"geometry":{"type":"MultiPolygon","coordinates":[[[[84.2342,24.1096],[84.2766,24.08],[84.2848,24.0908],[84.3085,24.097],[84.3204,24.0974],[84.3255,24.0892],[84.3609,24.0922],[84.362,24.106],[84.376,24.1108],[84.3812,24.1544],[84.362,24.1542],[84.358,24.1649],[84.3555,24.159],[84.3141,24.1475],[84.3095,24.1752],[84.2755,24.1553],[84.2453,24.1524],[84.2395,24.1214],[84.2342,24.1096]]],[[[84.3887,24.109],[84.4356,24.0992],[84.4347,24.0904],[84.4582,24.1003],[84.4706,24.0942],[84.4822,24.0984],[84.4788,24.0916],[84.4885,24.081],[84.5085,24.099],[84.5156,24.098],[84.5213,24.1106],[84.5295,24.1077],[84.5366,24.1165],[84.5544,24.1136],[84.569,24.1276],[84.5711,24.1434],[84.547,24.1641],[84.5293,24.1317],[84.5049,24.1348],[84.499,24.1275],[84.4661,24.1651],[84.4475,24.1485],[84.4241,24.1459],[84.4221,24.1722],[84.404,24.1566],[84.3921,24.1145],[84.3887,24.109]]]]}},{"type":"Feature","properties":{"SUBDISTRICT":"Panki","STATE":"Jharkhand","shapeID":"7132399B51425347444295","source":"geoBoundaries gbOpen IND ADM3 (ODbL 1.0); source: Local Government Directory lgdirectory.gov.in via Pathways Data","DISTRICT":"Palamu"},"geometry":{"type":"Polygon","coordinates":[[[84.2759,24.0508],[84.3124,24.0001],[84.3302,23.9566],[84.3736,23.9423],[84.4394,23.9626],[84.4585,23.9428],[84.4613,23.9096],[84.4707,23.9043],[84.5022,23.9085],[84.4976,23.9282],[84.5107,23.9415],[84.5467,23.9428],[84.5448,23.961],[84.5645,23.9876],[84.5462,24.0157],[84.5527,24.0343],[84.5474,24.0477],[84.5551,24.0823],[84.5544,24.1136],[84.5366,24.1165],[84.5295,24.1077],[84.5213,24.1106],[84.5156,24.098],[84.5085,24.099],[84.4885,24.081],[84.4788,24.0916],[84.4822,24.0984],[84.4706,24.0942],[84.4582,24.1003],[84.4347,24.0904],[84.4356,24.0992],[84.3962,24.1035],[84.3829,24.1133],[84.362,24.106],[84.3609,24.0922],[84.3255,24.0892],[84.3204,24.0974],[84.2848,24.0908],[84.2766,24.08],[84.2826,24.0601],[84.2785,24.0545],[84.2759,24.0508]]]}},{"type":"Feature","properties":{"SUBDISTRICT":"Barwadih","STATE":"Jharkhand","shapeID":"7132399B24055787140061","source":"geoBoundaries gbOpen IND ADM3 (ODbL 1.0); source: Local Government Directory lgdirectory.gov.in via Pathways Data","DISTRICT":"Latehar"},"geometry":{"type":"Polygon","coordinates":[[[83.9785,23.7394],[83.9819,23.7143],[83.9972,23.7166],[83.9994,23.706],[84.0176,23.7053],[84.031,23.6929],[84.0553,23.701],[84.0493,23.6726],[84.0754,23.656],[84.0973,23.6603],[84.1072,23.6553],[84.1429,23.6559],[84.2053,23.6636],[84.2174,23.6843],[84.2528,23.7024],[84.2699,23.698],[84.2783,23.6732],[84.286,23.6709],[84.299,23.672],[84.3288,23.6955],[84.3627,23.6977],[84.3621,23.7118],[84.3168,23.7146],[84.2993,23.6974],[84.3087,23.7578],[84.3054,23.7909],[84.2512,23.8163],[84.2397,23.8401],[84.2463,23.8567],[84.2394,23.868],[84.2419,23.8855],[84.2309,23.8931],[84.2103,23.8938],[84.2076,23.91],[84.1942,23.9111],[84.1859,23.9235],[84.1882,23.9314],[84.1721,23.9318],[84.1601,23.9403],[84.1305,23.9397],[84.1319,23.9201],[84.1258,23.9111],[84.1073,23.8971],[84.0898,23.893],[84.0926,23.8701],[84.0477,23.8519],[84.0505,23.8317],[84.0401,23.8256],[84.0457,23.812],[84.0306,23.7976],[84.0075,23.7877],[84.0071,23.7644],[83.9961,23.7612],[83.9962,23.7461],[83.9794,23.7418],[83.9785,23.7394]]]}},{"type":"Feature","properties":{"SUBDISTRICT":"Mahuadanr","STATE":"Jharkhand","shapeID":"7132399B19504979441725","source":"geoBoundaries gbOpen IND ADM3 (ODbL 1.0); source: Local Government Directory lgdirectory.gov.in via Pathways Data","DISTRICT":"Latehar"},"geometry":{"type":"Polygon","coordinates":[[[83.9731,23.3819],[83.9821,23.3655],[84.0137,23.3536],[84.028,23.3762],[84.0506,23.3748],[84.0572,23.3527],[84.0752,23.3349],[84.1063,23.3461],[84.1737,23.3327],[84.2192,23.3481],[84.236,23.3658],[84.2434,23.3913],[84.2376,23.449],[84.2772,23.4835],[84.2324,23.497],[84.2274,23.5067],[84.2317,23.5215],[84.2078,23.5557],[84.1766,23.5519],[84.1597,23.5237],[84.1325,23.5195],[84.0971,23.5502],[84.094,23.5645],[84.0825,23.5663],[84.0794,23.5882],[84.0734,23.5934],[84.0651,23.5979],[84.053,23.5909],[84.0346,23.5953],[84.0292,23.5927],[84.03,23.5447],[84.016,23.5001],[84.0045,23.4937],[83.9864,23.4612],[83.9768,23.456],[83.9867,23.4273],[83.975,23.3937],[83.9731,23.3819]]]}},{"type":"Feature","properties":{"SUBDISTRICT":"Balumath","STATE":"Jharkhand","shapeID":"7132399B60603314396227","source":"geoBoundaries gbOpen IND ADM3 (ODbL 1.0); source: Local Government Directory lgdirectory.gov.in via Pathways Data","DISTRICT":"Latehar"},"geometry":{"type":"Polygon","coordinates":[[[84.6127,23.8247],[84.6218,23.7779],[84.6409,23.7648],[84.6681,23.7809],[84.6798,23.7641],[84.7049,23.7906],[84.7046,23.7741],[84.72,23.7689],[84.7356,23.7816],[84.7443,23.7622],[84.7409,23.753],[84.7641,23.7453],[84.7803,23.7575],[84.8103,23.7458],[84.832,23.7479],[84.8459,23.7311],[84.8628,23.7437],[84.8844,23.7465],[84.8786,23.7181],[84.8859,23.7013],[84.863,23.6806],[84.8652,23.6671],[84.9004,23.6843],[84.923,23.6693],[84.9356,23.6814],[84.935,23.6908],[84.9493,23.7014],[84.9621,23.6956],[84.9614,23.7214],[84.9385,23.729],[84.9278,23.7679],[84.903,23.7751],[84.9119,23.8018],[84.9449,23.8026],[84.9477,23.8423],[84.9432,23.8527],[84.93,23.86],[84.9189,23.856],[84.9109,23.8179],[84.8964,23.8171],[84.8903,23.8204],[84.8982,23.8312],[84.8904,23.8475],[84.8748,23.8501],[84.8715,23.8592],[84.8368,23.8567],[84.8217,23.8327],[84.7999,23.8329],[84.7898,23.8338],[84.792,23.8442],[84.7724,23.8679],[84.7605,23.8672],[84.751,23.8752],[84.7271,23.8783],[84.7256,23.8671],[84.7042,23.8604],[84.6982,23.849],[84.6881,23.8467],[84.6595,23.8634],[84.6623,23.8681],[84.6556,23.8757],[84.6323,23.8596],[84.6338,23.8515],[84.6215,23.8401],[84.6306,23.8295],[84.6166,23.8278],[84.6127,23.8247]]]}},{"type":"Feature","properties":{"SUBDISTRICT":"Bariyatu","STATE":"Jharkhand","shapeID":"7132399B5303641966300","source":"geoBoundaries gbOpen IND ADM3 (ODbL 1.0); source: Local Government Directory lgdirectory.gov.in via Pathways Data","DISTRICT":"Latehar"},"geometry":{"type":"Polygon","coordinates":[[[84.6341,23.9932],[84.6725,23.9764],[84.6725,23.9918],[84.6861,23.9959],[84.6927,23.9788],[84.7172,23.9715],[84.7488,23.9715],[84.7202,23.95],[84.7008,23.9588],[84.6992,23.932],[84.6798,23.9208],[84.6689,23.9228],[84.6674,23.9121],[84.6576,23.9103],[84.6625,23.8976],[84.7213,23.8948],[84.7271,23.8783],[84.7724,23.8679],[84.792,23.8442],[84.7898,23.8338],[84.8217,23.8327],[84.8368,23.8567],[84.8715,23.8592],[84.8748,23.8501],[84.8904,23.8475],[84.8971,23.8359],[84.8926,23.8174],[84.9109,23.8179],[84.9209,23.8597],[84.9496,23.8743],[84.9401,23.9057],[84.9268,23.9118],[84.9352,23.9348],[84.9231,23.9506],[84.8893,23.9428],[84.8364,23.9511],[84.8197,23.9659],[84.7881,23.9797],[84.7485,23.9803],[84.7381,23.9867],[84.7455,24.0045],[84.7435,24.019],[84.7378,24.0376],[84.7298,24.0426],[84.7002,24.0361],[84.6954,24.0244],[84.6892,24.0316],[84.6739,24.0188],[84.6434,24.0109],[84.6379,23.9973],[84.6341,23.9932]]]}},{"type":"Feature","properties":{"SUBDISTRICT":"Herhanj","STATE":"Jharkhand","shapeID":"7132399B95447825862004","source":"geoBoundaries gbOpen IND ADM3 (ODbL 1.0); source: Local Government Directory lgdirectory.gov.in via Pathways Data","DISTRICT":"Latehar"},"geometry":{"type":"Polygon","coordinates":[[[84.497,23.9248],[84.504,23.9122],[84.5079,23.875],[84.5376,23.8717],[84.5519,23.8603],[84.5822,23.8541],[84.6127,23.8247],[84.6238,23.8257],[84.6311,23.8312],[84.6215,23.8401],[84.6449,23.8718],[84.6596,23.8745],[84.6595,23.8634],[84.6881,23.8467],[84.6982,23.849],[84.7042,23.8604],[84.7256,23.8671],[84.7213,23.8948],[84.6979,23.8985],[84.689,23.8944],[84.6735,23.9005],[84.6652,23.8966],[84.6576,23.9103],[84.6674,23.9121],[84.6689,23.9228],[84.6946,23.9257],[84.7008,23.9588],[84.7202,23.95],[84.7488,23.9715],[84.7172,23.9715],[84.6927,23.9788],[84.6861,23.9959],[84.6725,23.9918],[84.6751,23.977],[84.6662,23.9777],[84.6618,23.9842],[84.6462,23.9841],[84.6341,23.9932],[84.6308,23.9897],[84.6244,24.0039],[84.6031,23.9889],[84.5645,23.9876],[84.5448,23.961],[84.5467,23.9428],[84.5107,23.9415],[84.4976,23.9282],[84.497,23.9248]]]}},{"type":"Feature","properties":{"SUBDISTRICT":"Chandwa","STATE":"Jharkhand","shapeID":"7132399B55762065749277","source":"geoBoundaries gbOpen IND ADM3 (ODbL 1.0); source: Local Government Directory lgdirectory.gov.in via Pathways Data","DISTRICT":"Latehar"},"geometry":{"type":"Polygon","coordinates":[[[84.58,23.6976],[84.587,23.6599],[84.6183,23.6604],[84.6343,23.6539],[84.6384,23.6276],[84.658,23.6062],[84.6985,23.6179],[84.7056,23.63],[84.7356,23.5891],[84.7516,23.5434],[84.7605,23.5435],[84.765,23.572],[84.7687,23.5626],[84.7891,23.5631],[84.7905,23.5404],[84.8107,23.5261],[84.8238,23.5309],[84.8659,23.5717],[84.8687,23.5436],[84.8729,23.5445],[84.8767,23.5576],[84.8965,23.5587],[84.9059,23.5815],[84.9117,23.543],[84.9241,23.5528],[84.9347,23.5501],[84.9331,23.5718],[84.9455,23.6077],[84.9421,23.6362],[84.92,23.6489],[84.923,23.6693],[84.9085,23.6822],[84.8946,23.6831],[84.8636,23.6688],[84.863,23.6806],[84.8859,23.7013],[84.8786,23.7181],[84.8824,23.7474],[84.8429,23.7315],[84.832,23.7479],[84.8103,23.7458],[84.7803,23.7575],[84.7641,23.7453],[84.7439,23.7517],[84.7356,23.7816],[84.7163,23.7687],[84.7024,23.7762],[84.7049,23.7906],[84.6798,23.7641],[84.6681,23.7809],[84.6467,23.7639],[84.6263,23.7727],[84.6186,23.7849],[84.6077,23.7792],[84.6044,23.7697],[84.5927,23.7707],[84.5926,23.7373],[84.5815,23.7082],[84.58,23.6976]]]}},{"type":"Feature","properties":{"SUBDISTRICT":"Padma","STATE":"Jharkhand","shapeID":"7132399B36220319995501","source":"geoBoundaries gbOpen IND ADM3 (ODbL 1.0); source: Local Government Directory lgdirectory.gov.in via Pathways Data","DISTRICT":"Hazaribag"},"geometry":{"type":"Polygon","coordinates":[[[85.2912,24.2108],[85.2932,24.1985],[85.3105,24.1965],[85.3204,24.1836],[85.3263,24.1553],[85.3437,24.1661],[85.3641,24.1604],[85.3681,24.1704],[85.3851,24.1651],[85.3861,24.1784],[85.3982,24.1796],[85.3987,24.1681],[85.4046,24.165],[85.4301,24.1675],[85.4286,24.1796],[85.4353,24.1908],[85.4484,24.1989],[85.4609,24.1956],[85.451,24.2037],[85.4567,24.2136],[85.4404,24.2239],[85.4109,24.2301],[85.4078,24.2184],[85.3992,24.2186],[85.3931,24.2313],[85.3614,24.23],[85.3577,24.2577],[85.3466,24.2594],[85.3485,24.2704],[85.3282,24.282],[85.3197,24.2824],[85.3214,24.2707],[85.3154,24.2698],[85.3212,24.2545],[85.3107,24.2539],[85.3003,24.2407],[85.3053,24.2102],[85.2929,24.2104],[85.2912,24.2108]]]}},{"type":"Feature","properties":{"SUBDISTRICT":"Tati Jhariya","STATE":"Jharkhand","shapeID":"7132399B83161357932954","source":"geoBoundaries gbOpen IND ADM3 (ODbL 1.0); source: Local Government Directory lgdirectory.gov.in via Pathways Data","DISTRICT":"Hazaribag"},"geometry":{"type":"Polygon","coordinates":[[[85.5847,24.0311],[85.6023,24.0235],[85.5975,24.008],[85.6043,23.9986],[85.6401,23.9967],[85.6441,23.9852],[85.6641,23.9741],[85.6579,23.9727],[85.6537,23.9584],[85.6277,23.9661],[85.626,23.9561],[85.6157,23.953],[85.6132,23.9455],[85.6233,23.9312],[85.616,23.9247],[85.6398,23.9177],[85.6559,23.9237],[85.6578,23.9411],[85.6677,23.9471],[85.6935,23.9461],[85.6994,23.9343],[85.7275,23.9606],[85.7197,23.9734],[85.6875,23.9675],[85.6856,23.9857],[85.6938,23.9903],[85.6938,24.0039],[85.6995,24.0071],[85.7174,24.0047],[85.7388,24.015],[85.7578,24.0426],[85.6902,24.0992],[85.6225,24.093],[85.6175,24.1066],[85.5983,24.1226],[85.5861,24.1075],[85.5945,24.0913],[85.5918,24.0712],[85.6038,24.0657],[85.6353,24.071],[85.6216,24.0477],[85.6168,24.0557],[85.5976,24.0578],[85.5857,24.0323],[85.5847,24.0311]]]}},{"type":"Feature","properties":{"SUBDISTRICT":"Daru","STATE":"Jharkhand","shapeID":"7132399B75376004037755","source":"geoBoundaries gbOpen IND ADM3 (ODbL 1.0); source: Local Government Directory lgdirectory.gov.in via Pathways Data","DISTRICT":"Hazaribag"},"geometry":{"type":"Polygon","coordinates":[[[85.5114,24.0385],[85.5139,24.0199],[85.5326,24.0152],[85.5132,24.0052],[85.53,23.9932],[85.5206,23.9863],[85.5349,23.9668],[85.531,23.959],[85.5443,23.9452],[85.5628,23.9391],[85.5589,23.9244],[85.5663,23.9227],[85.5691,23.9079],[85.5811,23.9046],[85.5931,23.9245],[85.6034,23.9173],[85.6031,23.924],[85.6144,23.9233],[85.6233,23.9312],[85.6132,23.9455],[85.6157,23.953],[85.626,23.9561],[85.6277,23.9661],[85.6537,23.9584],[85.6579,23.9727],[85.664,23.9726],[85.6441,23.9852],[85.6401,23.9967],[85.6043,23.9986],[85.5975,24.008],[85.6023,24.0235],[85.5847,24.0311],[85.5976,24.0578],[85.6168,24.0557],[85.6216,24.0477],[85.6353,24.071],[85.6038,24.0657],[85.5918,24.0712],[85.5948,24.0783],[85.5775,24.079],[85.5617,24.0634],[85.5465,24.0618],[85.5378,24.0452],[85.5172,24.05],[85.5116,24.0407],[85.5114,24.0385]]]}},{"type":"Feature","properties":{"SUBDISTRICT":"Barkatha","STATE":"Jharkhand","shapeID":"7132399B81278064142439","source":"geoBoundaries gbOpen IND ADM3 (ODbL 1.0); source: Local Government Directory lgdirectory.gov.in via Pathways Data","DISTRICT":"Hazaribag"},"geometry":{"type":"Polygon","coordinates":[[[85.5382,24.1367],[85.5483,24.1261],[85.5935,24.1264],[85.6175,24.1066],[85.6225,24.093],[85.6902,24.0992],[85.7344,24.0625],[85.7526,24.0673],[85.7571,24.0809],[85.7493,24.0892],[85.7463,24.108],[85.723,24.1223],[85.7167,24.1365],[85.7172,24.1437],[85.7384,24.1546],[85.7398,24.1765],[85.7554,24.1888],[85.7558,24.2011],[85.7441,24.211],[85.7515,24.2269],[85.7404,24.2303],[85.7318,24.2129],[85.7191,24.2201],[85.7084,24.2104],[85.7011,24.214],[85.6975,24.222],[85.7037,24.2282],[85.6896,24.2408],[85.6879,24.2577],[85.6955,24.272],[85.7146,24.2744],[85.7066,24.2967],[85.6809,24.3139],[85.6793,24.2901],[85.6646,24.2925],[85.66,24.2687],[85.6445,24.2686],[85.6307,24.2294],[85.6032,24.2211],[85.6008,24.1996],[85.5876,24.2019],[85.5803,24.1926],[85.5629,24.1928],[85.5574,24.1681],[85.5684,24.1624],[85.5663,24.1566],[85.5459,24.1563],[85.5388,24.1373],[85.5382,24.1367]]]}},{"type":"Feature","properties":{"SUBDISTRICT":"Chalkusa","STATE":"Jharkhand","shapeID":"7132399B57840461755088","source":"geoBoundaries gbOpen IND ADM3 (ODbL 1.0); source: Local Government Directory lgdirectory.gov.in via Pathways Data","DISTRICT":"Hazaribag"},"geometry":{"type":"Polygon","coordinates":[[[85.6876,24.2518],[85.6896,24.2408],[85.7037,24.2282],[85.6975,24.222],[85.7073,24.2107],[85.7191,24.2201],[85.7318,24.2129],[85.7404,24.2303],[85.7515,24.2269],[85.7441,24.211],[85.7558,24.2011],[85.7554,24.1888],[85.7398,24.1765],[85.7421,24.1637],[85.7558,24.17],[85.7671,24.1656],[85.7779,24.1877],[85.7942,24.1833],[85.8252,24.1905],[85.8382,24.2015],[85.8595,24.1903],[85.8824,24.2069],[85.8845,24.2377],[85.8697,24.2331],[85.8626,24.2379],[85.889,24.2609],[85.8655,24.2675],[85.8557,24.2508],[85.8473,24.2497],[85.8491,24.2789],[85.8272,24.2771],[85.7918,24.2908],[85.7911,24.2755],[85.7784,24.2642],[85.7495,24.2823],[85.7303,24.2713],[85.6978,24.2734],[85.6886,24.2537],[85.6876,24.2518]]]}},{"type":"Feature","properties":{"SUBDISTRICT":"Hazaribag","STATE":"Jharkhand","shapeID":"7132399B37802487181237","source":"geoBoundaries gbOpen IND ADM3 (ODbL 1.0); source: Local Government Directory lgdirectory.gov.in via Pathways Data","DISTRICT":"Hazaribag"},"geometry":{"type":"Polygon","coordinates":[[[85.3502,23.8909],[85.3782,23.889],[85.3842,23.8965],[85.4055,23.8995],[85.4497,23.8714],[85.4566,23.878],[85.4774,23.8805],[85.473,23.8999],[85.5116,23.9086],[85.521,23.92],[85.5358,23.9238],[85.5443,23.9452],[85.531,23.959],[85.5349,23.9668],[85.5269,23.9842],[85.5207,23.985],[85.53,23.9932],[85.5132,24.0052],[85.5315,24.0161],[85.5139,24.0199],[85.5146,24.0273],[85.457,24.0263],[85.4236,24.0499],[85.4234,24.0564],[85.3917,24.0588],[85.3764,24.0752],[85.3535,24.0363],[85.3504,24.0026],[85.3621,23.9857],[85.3792,23.9791],[85.3809,23.9607],[85.3551,23.935],[85.3508,23.8937],[85.3502,23.8909]]]}},{"type":"Feature","properties":{"SUBDISTRICT":"Katamdag","STATE":"Jharkhand","shapeID":"7132399B21121496626799","source":"geoBoundaries gbOpen IND ADM3 (ODbL 1.0); source: Local Government Directory lgdirectory.gov.in via Pathways Data","DISTRICT":"Hazaribag"},"geometry":{"type":"Polygon","coordinates":[[[85.2127,23.9798],[85.2135,23.9699],[85.2264,23.9674],[85.2348,23.9824],[85.246,23.9798],[85.243,23.9739],[85.2494,23.9637],[85.2422,23.9566],[85.2504,23.9472],[85.2817,23.9483],[85.2739,23.9344],[85.2827,23.9303],[85.2759,23.9138],[85.2976,23.8965],[85.3203,23.889],[85.3502,23.8909],[85.3551,23.935],[85.3803,23.9582],[85.3792,23.9791],[85.3621,23.9857],[85.3504,24.0026],[85.3491,24.0218],[85.3298,24.0154],[85.3112,24.0301],[85.2971,24.0145],[85.3001,24.0241],[85.2614,24.0342],[85.2382,24.022],[85.2369,24.0063],[85.2229,24.0021],[85.2127,23.98],[85.2127,23.9798]]]}},{"type":"Feature","properties":{"SUBDISTRICT":"Keredari","STATE":"Jharkhand","shapeID":"7132399B32127265787620","source":"geoBoundaries gbOpen IND ADM3 (ODbL 1.0); source: Local Government Directory lgdirectory.gov.in via Pathways Data","DISTRICT":"Hazaribag"},"geometry":{"type":"Polygon","coordinates":[[[85.0261,23.8774],[85.0462,23.8388],[85.0745,23.8263],[85.0832,23.7921],[85.1427,23.7748],[85.1379,23.7603],[85.1311,23.7583],[85.1338,23.7515],[85.1084,23.7451],[85.1078,23.7301],[85.089,23.733],[85.0882,23.727],[85.1009,23.7225],[85.1013,23.7154],[85.121,23.7062],[85.1115,23.6903],[85.1075,23.664],[85.158,23.6744],[85.1656,23.6664],[85.1888,23.7098],[85.1868,23.7241],[85.1735,23.7296],[85.1721,23.7628],[85.1751,23.7694],[85.1886,23.7652],[85.1972,23.7756],[85.1481,23.8152],[85.1439,23.8248],[85.1526,23.8548],[85.179,23.8543],[85.1877,23.8674],[85.1934,23.8653],[85.1848,23.9381],[85.1906,23.9551],[85.1953,23.9477],[85.1919,23.9338],[85.1976,23.9284],[85.1962,23.9569],[85.1573,23.9591],[85.1335,23.9842],[85.1081,23.9827],[85.0958,23.9651],[85.0866,23.9677],[85.0908,23.9852],[85.0634,23.9915],[85.0637,24.0],[85.0515,24.0065],[85.0468,23.9868],[85.0284,23.9839],[85.03,23.9574],[85.04,23.9394],[85.0491,23.9355],[85.051,23.9046],[85.0346,23.8983],[85.0355,23.8833],[85.0268,23.8778],[85.0261,23.8774]]]}},{"type":"Feature","properties":{"SUBDISTRICT":"Churchu","STATE":"Jharkhand","shapeID":"7132399B50036496805619","source":"geoBoundaries gbOpen IND ADM3 (ODbL 1.0); source: Local Government Directory lgdirectory.gov.in via Pathways Data","DISTRICT":"Hazaribag"},"geometry":{"type":"Polygon","coordinates":[[[85.3948,23.807],[85.4008,23.7857],[85.4173,23.7878],[85.456,23.7777],[85.5117,23.8134],[85.5202,23.8106],[85.5245,23.8239],[85.5494,23.8258],[85.5551,23.8371],[85.5802,23.8378],[85.5969,23.8287],[85.6046,23.8319],[85.617,23.8612],[85.6114,23.8691],[85.6167,23.8781],[85.6101,23.8815],[85.6233,23.8958],[85.6215,23.9052],[85.6307,23.905],[85.6398,23.9177],[85.616,23.9247],[85.6031,23.924],[85.6034,23.9173],[85.5931,23.9245],[85.5875,23.9089],[85.5735,23.9066],[85.5663,23.9227],[85.5589,23.9244],[85.5628,23.9391],[85.5443,23.9452],[85.5283,23.9185],[85.5232,23.9213],[85.5116,23.9086],[85.473,23.8999],[85.4774,23.8805],[85.4361,23.8675],[85.4306,23.8521],[85.4196,23.8457],[85.4115,23.8249],[85.3949,23.8084],[85.3948,23.807]]]}},{"type":"Feature","properties":{"SUBDISTRICT":"Patratu","STATE":"Jharkhand","shapeID":"7132399B97680590293166","source":"geoBoundaries gbOpen IND ADM3 (ODbL 1.0); source: Local Government Directory lgdirectory.gov.in via Pathways Data","DISTRICT":"Hazaribag"},"geometry":{"type":"Polygon","coordinates":[[[85.2042,23.6391],[85.2091,23.622],[85.2364,23.6196],[85.2443,23.5962],[85.2683,23.5802],[85.3209,23.5698],[85.3362,23.5596],[85.3659,23.5619],[85.3859,23.5502],[85.3914,23.5617],[85.4049,23.5553],[85.4141,23.561],[85.4526,23.5494],[85.4716,23.5575],[85.4727,23.5714],[85.4884,23.5629],[85.4837,23.554],[85.4942,23.5435],[85.5159,23.5446],[85.5056,23.5702],[85.5174,23.5763],[85.509,23.5782],[85.5091,23.5925],[85.5001,23.6036],[85.4834,23.5935],[85.4591,23.6418],[85.4416,23.632],[85.425,23.6337],[85.4144,23.6419],[85.415,23.6491],[85.4008,23.6499],[85.3955,23.6614],[85.3859,23.6575],[85.3806,23.673],[85.3629,23.6708],[85.3377,23.6934],[85.3411,23.7033],[85.3265,23.6932],[85.3163,23.6939],[85.3144,23.687],[85.2848,23.6859],[85.2832,23.6911],[85.2644,23.6942],[85.2469,23.7151],[85.2357,23.6941],[85.2376,23.6828],[85.225,23.6751],[85.2221,23.655],[85.2139,23.6553],[85.2055,23.6434],[85.2042,23.6391]]]}},{"type":"Feature","properties":{"SUBDISTRICT":"Dulmi","STATE":"Jharkhand","shapeID":"7132399B65060805836682","source":"geoBoundaries gbOpen IND ADM3 (ODbL 1.0); source: Local Government Directory lgdirectory.gov.in via Pathways Data","DISTRICT":"Hazaribag"},"geometry":{"type":"Polygon","coordinates":[[[85.5709,23.5148],[85.589,23.5031],[85.5971,23.4926],[85.5901,23.4827],[85.5935,23.4765],[85.6117,23.4673],[85.6143,23.454],[85.6311,23.447],[85.6279,23.442],[85.6633,23.4222],[85.6857,23.4228],[85.6867,23.4527],[85.6965,23.4698],[85.733,23.4888],[85.727,23.4925],[85.7331,23.5061],[85.7164,23.5172],[85.7096,23.5105],[85.6976,23.5149],[85.6909,23.5068],[85.6581,23.5143],[85.6527,23.5298],[85.6392,23.5342],[85.6423,23.5475],[85.5964,23.574],[85.5907,23.5607],[85.5972,23.5564],[85.5839,23.5425],[85.6019,23.5366],[85.6059,23.5221],[85.6001,23.5146],[85.5809,23.5268],[85.5732,23.5166],[85.5709,23.5148]]]}},{"type":"Feature","properties":{"SUBDISTRICT":"Mandu","STATE":"Jharkhand","shapeID":"7132399B34474252827025","source":"geoBoundaries gbOpen IND ADM3 (ODbL 1.0); source: Local Government Directory lgdirectory.gov.in via Pathways Data","DISTRICT":"Hazaribag"},"geometry":{"type":"Polygon","coordinates":[[[85.4493,23.6612],[85.4727,23.6367],[85.5213,23.6211],[85.5298,23.6283],[85.5293,23.6599],[85.5454,23.6509],[85.5457,23.6126],[85.5588,23.6139],[85.5627,23.6202],[85.5803,23.6161],[85.5871,23.6205],[85.6046,23.614],[85.6077,23.6048],[85.6178,23.6006],[85.6539,23.6039],[85.6497,23.619],[85.6635,23.7064],[85.6592,23.742],[85.6813,23.7473],[85.696,23.7763],[85.6895,23.7934],[85.6653,23.7733],[85.6451,23.7863],[85.6396,23.7949],[85.6365,23.8388],[85.6642,23.8528],[85.6604,23.8735],[85.6678,23.888],[85.7015,23.914],[85.6935,23.9461],[85.664,23.9459],[85.6578,23.9411],[85.6559,23.9237],[85.6427,23.921],[85.6307,23.905],[85.6215,23.9052],[85.6233,23.8958],[85.6101,23.8815],[85.6167,23.8781],[85.6114,23.8691],[85.617,23.8612],[85.6046,23.8319],[85.5969,23.8287],[85.5802,23.8378],[85.5551,23.8371],[85.5494,23.8258],[85.5245,23.8239],[85.5202,23.8106],[85.5117,23.8134],[85.456,23.7777],[85.4623,23.7589],[85.4965,23.752],[85.5011,23.7443],[85.4902,23.7378],[85.4932,23.7223],[85.485,23.7208],[85.479,23.7032],[85.4687,23.7019],[85.4655,23.6869],[85.454,23.6877],[85.45,23.6632],[85.4493,23.6612]]]}},{"type":"Feature","properties":{"SUBDISTRICT":"Ramgarh","STATE":"Jharkhand","shapeID":"7132399B36387099156103","source":"geoBoundaries gbOpen IND ADM3 (ODbL 1.0); source: Local Government Directory lgdirectory.gov.in via Pathways Data","DISTRICT":"Hazaribag"},"geometry":{"type":"Polygon","coordinates":[[[85.463,23.6269],[85.4741,23.6184],[85.4834,23.5935],[85.5001,23.6036],[85.5091,23.5925],[85.509,23.5782],[85.5248,23.5751],[85.5288,23.561],[85.5204,23.5428],[85.5247,23.5366],[85.5328,23.5322],[85.5403,23.5393],[85.5513,23.538],[85.5709,23.5148],[85.5809,23.5268],[85.6001,23.5146],[85.6059,23.5221],[85.6019,23.5366],[85.5839,23.5425],[85.5972,23.5564],[85.5907,23.5607],[85.5964,23.574],[85.6405,23.5473],[85.6736,23.5771],[85.6539,23.6039],[85.6178,23.6006],[85.6077,23.6048],[85.6046,23.614],[85.5871,23.6205],[85.5803,23.6161],[85.5627,23.6202],[85.5588,23.6139],[85.5457,23.6126],[85.5454,23.6509],[85.5276,23.6604],[85.5304,23.6343],[85.5241,23.6212],[85.4951,23.6337],[85.4907,23.629],[85.4714,23.6377],[85.4641,23.6314],[85.463,23.6269]]]}},{"type":"Feature","properties":{"SUBDISTRICT":"Gola","STATE":"Jharkhand","shapeID":"7132399B82067992307077","source":"geoBoundaries gbOpen IND ADM3 (ODbL 1.0); source: Local Government Directory lgdirectory.gov.in via Pathways Data","DISTRICT":"Hazaribag"},"geometry":{"type":"Polygon","coordinates":[[[85.684,23.4451],[85.6863,23.4215],[85.7062,23.403],[85.7436,23.4021],[85.7484,23.3962],[85.7646,23.4078],[85.7698,23.4016],[85.7782,23.4122],[85.8042,23.4173],[85.8095,23.411],[85.8337,23.4092],[85.8325,23.4018],[85.8491,23.3839],[85.86,23.3837],[85.8624,23.3926],[85.8715,23.3924],[85.8769,23.3835],[85.8909,23.3893],[85.8846,23.41],[85.869,23.4119],[85.8657,23.4528],[85.8722,23.4721],[85.8803,23.4781],[85.8746,23.4803],[85.878,23.4945],[85.8704,23.5011],[85.8711,23.5134],[85.8588,23.512],[85.8713,23.5215],[85.8492,23.5416],[85.8167,23.6054],[85.8024,23.6487],[85.7938,23.6456],[85.7814,23.6145],[85.747,23.5997],[85.7564,23.5858],[85.75,23.5843],[85.7496,23.5725],[85.745,23.574],[85.7394,23.5648],[85.7395,23.5489],[85.734,23.5473],[85.7413,23.5453],[85.7345,23.5447],[85.7313,23.5358],[85.7373,23.5221],[85.7282,23.5092],[85.7331,23.5061],[85.727,23.4925],[85.733,23.4888],[85.6965,23.4698],[85.6851,23.4498],[85.684,23.4451]]]}},{"type":"Feature","properties":{"SUBDISTRICT":"Saraiyahat","STATE":"Jharkhand","shapeID":"7132399B42555021455961","source":"geoBoundaries gbOpen IND ADM3 (ODbL 1.0); source: Local Government Directory lgdirectory.gov.in via Pathways Data","DISTRICT":"Dumka"},"geometry":{"type":"Polygon","coordinates":[[[86.9039,24.5815],[86.9196,24.5293],[86.9189,24.4899],[86.9334,24.4831],[86.9388,24.5005],[86.9714,24.4985],[86.991,24.5051],[86.9995,24.4904],[87.0116,24.4908],[87.0521,24.4698],[87.0668,24.4764],[87.0783,24.5063],[87.1085,24.4922],[87.1102,24.5019],[87.1304,24.5119],[87.1374,24.5279],[87.1573,24.521],[87.1627,24.5303],[87.1523,24.5446],[87.1381,24.5415],[87.1147,24.5588],[87.1139,24.5663],[87.0893,24.5702],[87.086,24.5964],[87.1074,24.6071],[87.114,24.6191],[87.1088,24.6293],[87.0878,24.6387],[87.055,24.6394],[87.0503,24.625],[87.0563,24.6077],[87.0426,24.6142],[87.0334,24.6103],[87.0302,24.6221],[87.0161,24.6072],[86.9771,24.6312],[86.9514,24.6275],[86.9546,24.6436],[86.9361,24.6437],[86.9401,24.6274],[86.9249,24.6203],[86.904,24.5855],[86.9039,24.5815]]]}},{"type":"Feature","properties":{"SUBDISTRICT":"Ramgarh","STATE":"Jharkhand","shapeID":"7132399B53588523639099","source":"geoBoundaries gbOpen IND ADM3 (ODbL 1.0); source: Local Government Directory lgdirectory.gov.in via Pathways Data","DISTRICT":"Dumka"},"geometry":{"type":"Polygon","coordinates":[[[87.0849,24.5849],[87.0893,24.5702],[87.1139,24.5663],[87.1147,24.5588],[87.1381,24.5415],[87.1523,24.5446],[87.1618,24.5334],[87.1582,24.5211],[87.1374,24.5279],[87.1285,24.5103],[87.1464,24.4912],[87.1419,24.4886],[87.1444,24.4761],[87.1516,24.4797],[87.1611,24.4688],[87.1405,24.4616],[87.1464,24.429],[87.155,24.4222],[87.1534,24.3943],[87.1604,24.3959],[87.1623,24.3833],[87.1852,24.3901],[87.1848,24.3987],[87.196,24.3946],[87.2066,24.4124],[87.2272,24.3922],[87.2684,24.4002],[87.2773,24.4123],[87.3033,24.3969],[87.3105,24.4188],[87.3435,24.4233],[87.3537,24.4412],[87.3497,24.4937],[87.3552,24.5133],[87.3188,24.5571],[87.319,24.5689],[87.3078,24.5757],[87.3023,24.5901],[87.2799,24.5895],[87.2706,24.598],[87.2373,24.5802],[87.2184,24.5908],[87.1948,24.5908],[87.1866,24.5951],[87.1866,24.6023],[87.1707,24.6053],[87.1691,24.6134],[87.1373,24.6177],[87.1196,24.6347],[87.1088,24.6293],[87.1114,24.6106],[87.0871,24.5975],[87.0852,24.5858],[87.0849,24.5849]]]}},{"type":"Feature","properties":{"SUBDISTRICT":"Gopikandar","STATE":"Jharkhand","shapeID":"7132399B57475122066938","source":"geoBoundaries gbOpen IND ADM3 (ODbL 1.0); source: Local Government Directory lgdirectory.gov.in via Pathways Data","DISTRICT":"Dumka"},"geometry":{"type":"Polygon","coordinates":[[[87.3974,24.4832],[87.4123,24.4548],[87.4175,24.4856],[87.4312,24.4853],[87.4343,24.4764],[87.4528,24.4752],[87.4558,24.4835],[87.4701,24.478],[87.4812,24.4986],[87.4984,24.4666],[87.4953,24.4571],[87.4852,24.4648],[87.484,24.4439],[87.4753,24.4372],[87.4921,24.4248],[87.5026,24.4021],[87.5084,24.3982],[87.5165,24.4032],[87.5215,24.3846],[87.5348,24.3864],[87.5272,24.382],[87.528,24.3757],[87.5318,24.3681],[87.5459,24.3687],[87.5556,24.3476],[87.55,24.3395],[87.5706,24.3335],[87.5957,24.3363],[87.6106,24.3448],[87.5952,24.4096],[87.5922,24.4927],[87.5777,24.5164],[87.5688,24.5172],[87.563,24.4997],[87.5567,24.4994],[87.5412,24.518],[87.4946,24.5195],[87.4775,24.5029],[87.4554,24.5051],[87.444,24.4977],[87.4361,24.5006],[87.4324,24.5123],[87.4161,24.4978],[87.4011,24.5002],[87.3984,24.4887],[87.3974,24.4832]]]}},{"type":"Feature","properties":{"SUBDISTRICT":"Ranishwar","STATE":"Jharkhand","shapeID":"7132399B7835683723329","source":"geoBoundaries gbOpen IND ADM3 (ODbL 1.0); source: Local Government Directory lgdirectory.gov.in via Pathways Data","DISTRICT":"Dumka"},"geometry":{"type":"Polygon","coordinates":[[[87.2094,24.1112],[87.2499,24.0688],[87.2489,24.0438],[87.2879,24.0286],[87.3376,24.0327],[87.3376,24.0192],[87.3294,24.0192],[87.3206,24.0061],[87.3331,23.9977],[87.3533,23.9975],[87.3618,24.0109],[87.4315,23.9921],[87.4344,23.9836],[87.4442,23.9799],[87.4541,23.986],[87.4631,23.9832],[87.4634,23.9952],[87.4465,24.005],[87.4519,24.0101],[87.4387,24.0102],[87.4537,24.018],[87.4878,24.0154],[87.4963,24.0251],[87.5064,24.024],[87.5141,24.0364],[87.5129,24.0473],[87.4963,24.0537],[87.4993,24.0643],[87.494,24.0713],[87.5064,24.075],[87.5109,24.0837],[87.4951,24.0871],[87.5021,24.1009],[87.4987,24.1168],[87.4793,24.131],[87.4824,24.1439],[87.4708,24.1578],[87.4744,24.1795],[87.4618,24.1854],[87.4569,24.2107],[87.4462,24.2094],[87.4374,24.1982],[87.4173,24.1969],[87.4154,24.1866],[87.4004,24.1879],[87.3801,24.1752],[87.3696,24.1766],[87.3727,24.1552],[87.368,24.1426],[87.4021,24.1166],[87.391,24.0982],[87.3728,24.09],[87.3764,24.0751],[87.3541,24.0688],[87.3353,24.0808],[87.3058,24.0808],[87.2886,24.0982],[87.2629,24.1058],[87.2465,24.1183],[87.213,24.1223],[87.21,24.1123],[87.2094,24.1112]]]}},{"type":"Feature","properties":{"SUBDISTRICT":"Narayanpur","STATE":"Jharkhand","shapeID":"7132399B77511900051713","source":"geoBoundaries gbOpen IND ADM3 (ODbL 1.0); source: Local Government Directory lgdirectory.gov.in via Pathways Data","DISTRICT":"Jamtara"},"geometry":{"type":"Polygon","coordinates":[[[86.4795,24.0022],[86.4855,23.9938],[86.5234,23.9843],[86.5751,23.9828],[86.5863,23.9618],[86.6142,23.9422],[86.6554,23.9317],[86.6599,23.9331],[86.6482,23.9845],[86.6582,24.0039],[86.6774,23.9844],[86.6798,23.9695],[86.6862,23.9726],[86.6996,23.9526],[86.7361,23.9506],[86.7389,23.96],[86.7533,23.9588],[86.7504,23.9654],[86.7569,23.9727],[86.7523,23.9795],[86.7584,23.9924],[86.7502,23.9955],[86.7537,24.0079],[86.7805,24.0107],[86.757,24.0191],[86.7407,24.0119],[86.7195,24.0123],[86.7201,24.025],[86.7011,24.0336],[86.697,24.0138],[86.6827,24.0076],[86.6774,24.0159],[86.6809,24.0215],[86.6633,24.0211],[86.6578,24.0291],[86.6831,24.0423],[86.6707,24.0606],[86.6605,24.0612],[86.6632,24.0695],[86.6483,24.0703],[86.649,24.0825],[86.6323,24.0882],[86.6122,24.1077],[86.6,24.1094],[86.6004,24.1188],[86.6068,24.117],[86.6115,24.1238],[86.576,24.1315],[86.5527,24.0754],[86.5518,24.0594],[86.539,24.0412],[86.5134,24.0341],[86.5088,24.0249],[86.504,24.0316],[86.4947,24.0308],[86.4916,24.0183],[86.4977,24.007],[86.4796,24.0061],[86.4795,24.0022]]]}},{"type":"Feature","properties":{"SUBDISTRICT":"Jamtara","STATE":"Jharkhand","shapeID":"7132399B89290479954270","source":"geoBoundaries gbOpen IND ADM3 (ODbL 1.0); source: Local Government Directory lgdirectory.gov.in via Pathways Data","DISTRICT":"Jamtara"},"geometry":{"type":"Polygon","coordinates":[[[86.6481,23.9725],[86.6622,23.9258],[86.7109,23.9071],[86.7209,23.8961],[86.7256,23.8687],[86.7337,23.8596],[86.7477,23.8673],[86.7698,23.8626],[86.7936,23.8364],[86.8121,23.8299],[86.8194,23.814],[86.85,23.8236],[86.8626,23.8413],[86.8768,23.846],[86.8825,23.8153],[86.8878,23.8163],[86.8932,23.824],[86.8857,23.844],[86.8878,23.8584],[86.8808,23.8641],[86.9006,23.8817],[86.9124,23.8813],[86.8969,23.9065],[86.8848,23.9118],[86.8678,23.9619],[86.8757,23.9736],[86.8457,24.022],[86.8353,24.0239],[86.813,24.0125],[86.7936,24.0258],[86.7879,24.0185],[86.7805,24.0197],[86.7795,24.0089],[86.7537,24.0079],[86.7502,23.9955],[86.7584,23.9924],[86.7523,23.9795],[86.7569,23.9727],[86.7504,23.9654],[86.7533,23.9588],[86.7389,23.96],[86.7361,23.9506],[86.6996,23.9526],[86.6862,23.9726],[86.6798,23.9695],[86.6774,23.9844],[86.6595,24.0039],[86.6482,23.975],[86.6481,23.9725]]]}},{"type":"Feature","properties":{"SUBDISTRICT":"Dumri","STATE":"Jharkhand","shapeID":"7132399B54737977297015","source":"geoBoundaries gbOpen IND ADM3 (ODbL 1.0); source: Local Government Directory lgdirectory.gov.in via Pathways Data","DISTRICT":"Gumla"},"geometry":{"type":"Polygon","coordinates":[[[84.0362,23.1549],[84.0431,23.136],[84.06,23.1256],[84.0686,23.1111],[84.095,23.1107],[84.1233,23.0874],[84.13,23.0932],[84.1451,23.0882],[84.1596,23.1056],[84.1781,23.1071],[84.1801,23.1124],[84.1956,23.1057],[84.208,23.1084],[84.211,23.1271],[84.1981,23.1398],[84.1974,23.1514],[84.1824,23.1629],[84.1745,23.1825],[84.1573,23.1843],[84.162,23.2179],[84.203,23.2272],[84.212,23.2195],[84.2158,23.2039],[84.2261,23.2544],[84.2364,23.2717],[84.2205,23.2868],[84.2176,23.2999],[84.2017,23.3041],[84.1825,23.3357],[84.1737,23.3327],[84.1063,23.3461],[84.0752,23.3349],[84.0576,23.2419],[84.0655,23.2046],[84.0383,23.1622],[84.0362,23.1549]]]}},{"type":"Feature","properties":{"SUBDISTRICT":"Nala","STATE":"Jharkhand","shapeID":"7132399B80508336113180","source":"geoBoundaries gbOpen IND ADM3 (ODbL 1.0); source: Local Government Directory lgdirectory.gov.in via Pathways Data","DISTRICT":"Jamtara"},"geometry":{"type":"Polygon","coordinates":[[[86.8678,23.9619],[86.8848,23.9118],[86.8969,23.9065],[86.907,23.883],[86.9297,23.8676],[86.9309,23.8556],[86.9419,23.8467],[86.9567,23.8477],[86.9724,23.8671],[87.0398,23.8387],[87.0623,23.8181],[87.0898,23.8071],[87.101,23.8114],[87.1112,23.8014],[87.1214,23.8067],[87.1156,23.801],[87.1295,23.7969],[87.1445,23.802],[87.154,23.7963],[87.1717,23.8215],[87.1356,23.8527],[87.1291,23.8835],[87.1354,23.8879],[87.1101,23.9046],[87.1309,23.9429],[87.0944,23.9655],[87.0973,23.9705],[87.1113,23.9701],[87.0962,23.9848],[87.1027,24.0034],[87.0798,24.0043],[87.0707,23.9958],[87.0656,24.0029],[87.0511,23.9962],[87.0469,24.0019],[87.0371,23.9984],[87.0319,24.0135],[87.0252,24.0146],[87.0282,24.0215],[87.0144,24.0316],[87.0015,24.0062],[87.0118,24.0059],[87.0102,23.9934],[86.9902,23.9885],[86.9828,23.9966],[86.9792,23.9834],[86.9517,23.9648],[86.9156,23.9774],[86.9201,23.9931],[86.9053,23.9991],[86.9118,24.0086],[86.8917,24.0149],[86.8881,23.9841],[86.8998,23.9639],[86.887,23.9588],[86.8731,23.9676],[86.8688,23.9642],[86.8678,23.9619]]]}},{"type":"Feature","properties":{"SUBDISTRICT":"Kundhit","STATE":"Jharkhand","shapeID":"7132399B16649283592306","source":"geoBoundaries gbOpen IND ADM3 (ODbL 1.0); source: Local Government Directory lgdirectory.gov.in via Pathways Data","DISTRICT":"Jamtara"},"geometry":{"type":"Polygon","coordinates":[[[87.0944,23.9655],[87.1309,23.9429],[87.1095,23.9075],[87.1354,23.8879],[87.1291,23.8835],[87.1363,23.8688],[87.162,23.8667],[87.1859,23.8534],[87.1926,23.859],[87.2009,23.8561],[87.1938,23.8427],[87.2277,23.8595],[87.2415,23.8549],[87.2238,23.8327],[87.2343,23.8249],[87.2479,23.8281],[87.2604,23.8412],[87.2527,23.8532],[87.2483,23.8867],[87.2535,23.9088],[87.2577,23.9119],[87.2644,23.906],[87.267,23.88],[87.2756,23.8748],[87.2978,23.892],[87.2997,23.9004],[87.2903,23.9357],[87.2971,23.9405],[87.2971,23.9574],[87.2668,23.9679],[87.266,23.9798],[87.2733,23.9863],[87.268,24.0008],[87.2514,23.9993],[87.2386,24.0319],[87.15,24.0373],[87.1391,24.0462],[87.1315,24.033],[87.1216,24.0337],[87.1356,24.0112],[87.112,24.01],[87.1123,23.9997],[87.1046,24.0016],[87.0962,23.9848],[87.1108,23.9685],[87.0947,23.9682],[87.0944,23.9655]]]}},{"type":"Feature","properties":{"SUBDISTRICT":"Saraikela","STATE":"Jharkhand","shapeID":"7132399B63487845689859","source":"geoBoundaries gbOpen IND ADM3 (ODbL 1.0); source: Local Government Directory lgdirectory.gov.in via Pathways Data","DISTRICT":"Saraikela Kharsawan"},"geometry":{"type":"Polygon","coordinates":[[[85.8379,22.7142],[85.8488,22.7028],[85.863,22.7136],[85.8716,22.7056],[85.8685,22.6935],[85.8768,22.68],[85.8697,22.6565],[85.8832,22.6324],[85.8756,22.6268],[85.8747,22.6164],[85.8858,22.6155],[85.8888,22.6286],[85.912,22.625],[85.9186,22.6353],[85.9286,22.6294],[85.9285,22.6439],[85.9476,22.6383],[85.9506,22.6286],[85.9636,22.6358],[85.9704,22.6314],[85.987,22.6483],[85.9746,22.6711],[85.9804,22.6781],[85.9494,22.6859],[85.9451,22.6945],[85.953,22.6954],[85.953,22.7105],[85.9592,22.7146],[85.9569,22.7335],[85.9681,22.7508],[85.9629,22.7549],[85.9774,22.7525],[85.9743,22.7608],[85.9936,22.7706],[86.0122,22.769],[86.0084,22.785],[86.0173,22.787],[86.0214,22.8077],[86.0117,22.8097],[86.0159,22.8364],[86.0095,22.8401],[86.0101,22.852],[85.9969,22.8486],[85.9968,22.8541],[85.984,22.8563],[85.9067,22.8512],[85.9029,22.8379],[85.9288,22.8351],[85.9277,22.8107],[85.9353,22.8104],[85.924,22.7756],[85.9087,22.7596],[85.884,22.7545],[85.8829,22.7426],[85.8966,22.7366],[85.8836,22.7239],[85.8613,22.7224],[85.8573,22.716],[85.8419,22.7205],[85.8383,22.7143],[85.8379,22.7142]]]}},{"type":"Feature","properties":{"SUBDISTRICT":"Burmu","STATE":"Jharkhand","shapeID":"7132399B52513836160788","source":"geoBoundaries gbOpen IND ADM3 (ODbL 1.0); source: Local Government Directory lgdirectory.gov.in via Pathways Data","DISTRICT":"Ranchi"},"geometry":{"type":"Polygon","coordinates":[[[84.9897,23.5394],[85.0057,23.5326],[85.0417,23.5439],[85.0474,23.5528],[85.0596,23.5464],[85.0564,23.5286],[85.0748,23.5165],[85.0872,23.5175],[85.1034,23.5327],[85.1079,23.502],[85.095,23.4863],[85.1135,23.4776],[85.1157,23.4868],[85.1378,23.4803],[85.1467,23.4939],[85.1727,23.4829],[85.1724,23.4905],[85.189,23.5091],[85.1839,23.5155],[85.1886,23.5323],[85.1824,23.5356],[85.1873,23.5534],[85.1978,23.5647],[85.1935,23.5812],[85.2147,23.5868],[85.1773,23.5966],[85.2074,23.6058],[85.2306,23.5985],[85.2426,23.6029],[85.2364,23.6196],[85.2143,23.6194],[85.2043,23.6333],[85.2139,23.6553],[85.2221,23.655],[85.225,23.6751],[85.2376,23.6828],[85.2374,23.6913],[85.199,23.7083],[85.1888,23.7098],[85.1656,23.6664],[85.158,23.6744],[85.1075,23.664],[85.0778,23.6689],[85.0793,23.6729],[85.0625,23.6668],[85.0577,23.6543],[85.0428,23.658],[85.0392,23.6774],[85.0371,23.6575],[85.0049,23.6572],[84.9977,23.644],[84.9987,23.637],[85.0118,23.6385],[85.0013,23.633],[84.99,23.5999],[84.9956,23.5923],[85.0127,23.5904],[84.9992,23.5745],[84.9918,23.5741],[84.9973,23.5551],[84.99,23.5404],[84.9897,23.5394]]]}},{"type":"Feature","properties":{"SUBDISTRICT":"Ormanjhi","STATE":"Jharkhand","shapeID":"7132399B67488601449424","source":"geoBoundaries gbOpen IND ADM3 (ODbL 1.0); source: Local Government Directory lgdirectory.gov.in via Pathways Data","DISTRICT":"Ranchi"},"geometry":{"type":"Polygon","coordinates":[[[85.3154,23.5377],[85.3212,23.5268],[85.3503,23.5088],[85.3569,23.4958],[85.3688,23.4979],[85.4261,23.4715],[85.4271,23.4642],[85.4181,23.4546],[85.4253,23.4522],[85.4308,23.4392],[85.4555,23.4244],[85.4669,23.4329],[85.4781,23.4264],[85.4854,23.4467],[85.5011,23.4365],[85.5073,23.4481],[85.5213,23.4438],[85.5203,23.4499],[85.5287,23.4541],[85.5581,23.4505],[85.5683,23.4819],[85.5749,23.4863],[85.5901,23.4827],[85.5971,23.4926],[85.5513,23.538],[85.5403,23.5393],[85.5328,23.5322],[85.5247,23.5366],[85.5204,23.5428],[85.5288,23.561],[85.5225,23.577],[85.5056,23.5702],[85.5151,23.5543],[85.5108,23.5413],[85.4942,23.5435],[85.4837,23.554],[85.4884,23.5629],[85.4727,23.5714],[85.4716,23.5575],[85.4526,23.5494],[85.4141,23.561],[85.3997,23.5559],[85.3914,23.5617],[85.3859,23.5502],[85.3659,23.5619],[85.34,23.5586],[85.326,23.5678],[85.3207,23.5385],[85.3156,23.5395],[85.3154,23.5377]]]}},{"type":"Feature","properties":{"SUBDISTRICT":"Rahe","STATE":"Jharkhand","shapeID":"7132399B80408289195396","source":"geoBoundaries gbOpen IND ADM3 (ODbL 1.0); source: Local Government Directory lgdirectory.gov.in via Pathways Data","DISTRICT":"Ranchi"},"geometry":{"type":"Polygon","coordinates":[[[85.5361,23.2195],[85.5453,23.2045],[85.5555,23.2038],[85.5596,23.1969],[85.59,23.2023],[85.6239,23.1793],[85.6692,23.1965],[85.6789,23.1918],[85.7134,23.2023],[85.7221,23.2116],[85.7201,23.2218],[85.7351,23.2192],[85.7369,23.2255],[85.7426,23.2233],[85.7459,23.2358],[85.7434,23.2482],[85.7162,23.2638],[85.7097,23.2825],[85.7014,23.283],[85.6893,23.2978],[85.6669,23.3012],[85.6555,23.2891],[85.6623,23.2804],[85.6539,23.2701],[85.6533,23.2487],[85.6194,23.2733],[85.6163,23.2833],[85.5943,23.2885],[85.5823,23.2832],[85.587,23.2699],[85.5564,23.2725],[85.5588,23.2674],[85.5476,23.2601],[85.5416,23.2438],[85.541,23.2346],[85.5483,23.2336],[85.5367,23.223],[85.5361,23.2195]]]}},{"type":"Feature","properties":{"SUBDISTRICT":"Silli","STATE":"Jharkhand","shapeID":"7132399B3302992247905","source":"geoBoundaries gbOpen IND ADM3 (ODbL 1.0); source: Local Government Directory lgdirectory.gov.in via Pathways Data","DISTRICT":"Ranchi"},"geometry":{"type":"Polygon","coordinates":[[[85.6757,23.3077],[85.6764,23.3015],[85.7109,23.2814],[85.7162,23.2638],[85.7434,23.2482],[85.7459,23.2358],[85.7632,23.2354],[85.7794,23.221],[85.7992,23.2208],[85.8432,23.1802],[85.8503,23.186],[85.85,23.1964],[85.8377,23.1973],[85.8325,23.2653],[85.8398,23.2828],[85.8676,23.3054],[85.8669,23.317],[85.8841,23.3258],[85.8777,23.3322],[85.8792,23.3589],[85.8724,23.3669],[85.8914,23.3758],[85.9018,23.3726],[85.9005,23.3817],[85.8769,23.3835],[85.8674,23.3927],[85.8582,23.3827],[85.8491,23.3839],[85.8325,23.4018],[85.8337,23.4092],[85.7898,23.4164],[85.7711,23.4019],[85.7665,23.4084],[85.7523,23.4006],[85.7569,23.3622],[85.7389,23.3366],[85.7314,23.3064],[85.7069,23.307],[85.701,23.3021],[85.6795,23.3088],[85.6757,23.3077]]]}},{"type":"Feature","properties":{"SUBDISTRICT":"Sonahatu","STATE":"Jharkhand","shapeID":"7132399B87686564379389","source":"geoBoundaries gbOpen IND ADM3 (ODbL 1.0); source: Local Government Directory lgdirectory.gov.in via Pathways Data","DISTRICT":"Ranchi"},"geometry":{"type":"Polygon","coordinates":[[[85.6328,23.1814],[85.6439,23.1778],[85.6518,23.1652],[85.6514,23.1415],[85.6808,23.1393],[85.696,23.1279],[85.713,23.1325],[85.7172,23.1397],[85.726,23.1366],[85.7375,23.1537],[85.7465,23.139],[85.7592,23.1353],[85.7747,23.1095],[85.7782,23.0857],[85.7729,23.0814],[85.7851,23.0766],[85.7842,23.0839],[85.7977,23.0877],[85.798,23.0953],[85.8139,23.0981],[85.8218,23.1217],[85.8333,23.1274],[85.843,23.1469],[85.8554,23.1512],[85.8682,23.1473],[85.8697,23.1637],[85.8827,23.1636],[85.8839,23.1733],[85.8636,23.1966],[85.85,23.1964],[85.8503,23.186],[85.8386,23.1804],[85.8153,23.2104],[85.796,23.2222],[85.7794,23.221],[85.7632,23.2354],[85.743,23.2365],[85.7426,23.2233],[85.7369,23.2255],[85.7333,23.2185],[85.7201,23.2218],[85.7221,23.2116],[85.7134,23.2023],[85.6789,23.1918],[85.6692,23.1965],[85.6334,23.1819],[85.6328,23.1814]]]}},{"type":"Feature","properties":{"SUBDISTRICT":"Ratu","STATE":"Jharkhand","shapeID":"7132399B49716383203795","source":"geoBoundaries gbOpen IND ADM3 (ODbL 1.0); source: Local Government Directory lgdirectory.gov.in via Pathways Data","DISTRICT":"Ranchi"},"geometry":{"type":"Polygon","coordinates":[[[85.0976,23.3882],[85.1013,23.3702],[85.1202,23.3585],[85.1167,23.3355],[85.123,23.3327],[85.1365,23.3383],[85.142,23.3557],[85.1669,23.3492],[85.1708,23.357],[85.1835,23.3539],[85.1916,23.38],[85.1853,23.3966],[85.2048,23.4013],[85.2065,23.4179],[85.2254,23.4474],[85.2068,23.4501],[85.2004,23.4769],[85.1467,23.4939],[85.1272,23.443],[85.1385,23.4393],[85.1378,23.4264],[85.1053,23.4152],[85.1039,23.3954],[85.0981,23.3902],[85.0976,23.3882]]]}},{"type":"Feature","properties":{"SUBDISTRICT":"Chinia","STATE":"Jharkhand","shapeID":"7132399B30142526200218","source":"geoBoundaries gbOpen IND ADM3 (ODbL 1.0); source: Local Government Directory lgdirectory.gov.in via Pathways Data","DISTRICT":"Garhwa"},"geometry":{"type":"Polygon","coordinates":[[[83.5142,23.9908],[83.5201,23.9665],[83.5465,23.9331],[83.5779,23.9233],[83.6102,23.9395],[83.6456,23.9439],[83.6814,23.9338],[83.6944,23.9394],[83.6936,23.965],[83.7155,23.9781],[83.7238,23.9938],[83.7388,24.0041],[83.7404,24.0198],[83.751,24.0329],[83.7476,24.0606],[83.7237,24.0554],[83.6942,24.0607],[83.6675,24.0409],[83.6596,24.046],[83.6563,24.0688],[83.6271,24.0573],[83.5461,24.0816],[83.5381,24.0758],[83.5344,24.0469],[83.5173,24.0248],[83.5242,24.0101],[83.5152,24.0009],[83.5142,23.9908]]]}},{"type":"Feature","properties":{"SUBDISTRICT":"Nagri","STATE":"Jharkhand","shapeID":"7132399B57364899397279","source":"geoBoundaries gbOpen IND ADM3 (ODbL 1.0); source: Local Government Directory lgdirectory.gov.in via Pathways Data","DISTRICT":"Ranchi"},"geometry":{"type":"Polygon","coordinates":[[[85.0873,23.2791],[85.1199,23.2736],[85.126,23.2631],[85.1505,23.2518],[85.1628,23.2499],[85.1683,23.2581],[85.1871,23.2535],[85.1898,23.2329],[85.2,23.2253],[85.2143,23.2476],[85.2024,23.2607],[85.228,23.2655],[85.2299,23.2846],[85.2352,23.2869],[85.2095,23.3337],[85.244,23.3234],[85.2317,23.354],[85.2209,23.3524],[85.1956,23.3637],[85.1887,23.3638],[85.1835,23.3539],[85.1708,23.357],[85.1669,23.3492],[85.142,23.3557],[85.1365,23.3383],[85.123,23.3327],[85.1167,23.3355],[85.1202,23.3585],[85.1099,23.3633],[85.1062,23.339],[85.1113,23.3292],[85.1058,23.3152],[85.1131,23.2866],[85.1011,23.2856],[85.0997,23.295],[85.0912,23.2976],[85.0874,23.2828],[85.0873,23.2791]]]}},{"type":"Feature","properties":{"SUBDISTRICT":"Mandar","STATE":"Jharkhand","shapeID":"7132399B45564029329845","source":"geoBoundaries gbOpen IND ADM3 (ODbL 1.0); source: Local Government Directory lgdirectory.gov.in via Pathways Data","DISTRICT":"Ranchi"},"geometry":{"type":"Polygon","coordinates":[[[84.9044,23.4156],[84.9087,23.3833],[84.9226,23.3869],[84.9263,23.3956],[84.9432,23.3937],[84.9517,23.3774],[84.9664,23.3748],[84.962,23.3634],[84.9709,23.3459],[84.9819,23.3447],[84.9879,23.3569],[85.0023,23.3656],[85.0047,23.3439],[85.019,23.347],[85.0325,23.3392],[85.0484,23.3498],[85.0792,23.3487],[85.0962,23.3623],[85.1053,23.4152],[85.1326,23.4222],[85.1388,23.4295],[85.1385,23.4393],[85.1272,23.443],[85.1379,23.4605],[85.1378,23.4803],[85.1157,23.4868],[85.1135,23.4776],[85.0939,23.4871],[85.1079,23.502],[85.1034,23.5327],[85.0923,23.5274],[85.0852,23.5107],[85.0705,23.5104],[85.0577,23.494],[85.0446,23.4972],[85.0403,23.4853],[85.0258,23.4791],[85.0211,23.4658],[85.0091,23.4597],[85.0078,23.4514],[84.9799,23.4456],[84.9751,23.4507],[84.9709,23.4453],[84.9688,23.4501],[84.9564,23.4438],[84.953,23.4488],[84.9499,23.44],[84.9289,23.4517],[84.9222,23.4414],[84.9244,23.4181],[84.9044,23.417],[84.9044,23.4156]]]}},{"type":"Feature","properties":{"SUBDISTRICT":"Chanho","STATE":"Jharkhand","shapeID":"7132399B17458552920085","source":"geoBoundaries gbOpen IND ADM3 (ODbL 1.0); source: Local Government Directory lgdirectory.gov.in via Pathways Data","DISTRICT":"Ranchi"},"geometry":{"type":"Polygon","coordinates":[[[84.8634,23.4007],[84.8758,23.3907],[84.88,23.399],[84.904,23.4015],[84.9044,23.417],[84.9244,23.4181],[84.9222,23.4414],[84.9289,23.4517],[84.9499,23.44],[84.953,23.4488],[84.9564,23.4438],[84.9688,23.4501],[84.9709,23.4453],[84.9751,23.4507],[84.9799,23.4456],[85.0078,23.4514],[85.0091,23.4597],[85.0211,23.4658],[85.0258,23.4791],[85.0403,23.4853],[85.0446,23.4972],[85.0577,23.494],[85.0705,23.5104],[85.0868,23.5136],[85.0564,23.5286],[85.0596,23.5464],[85.0474,23.5528],[85.0417,23.5439],[85.0057,23.5326],[84.9901,23.5384],[84.9973,23.5551],[84.9918,23.5741],[84.9992,23.5745],[85.0127,23.5904],[84.9956,23.5923],[84.9899,23.6017],[85.0013,23.633],[85.012,23.6401],[84.975,23.6357],[84.9703,23.6249],[84.9422,23.6317],[84.9455,23.6077],[84.9331,23.5718],[84.9347,23.5501],[84.9241,23.5528],[84.9117,23.543],[84.9059,23.5815],[84.8965,23.5587],[84.8767,23.5576],[84.8687,23.5436],[84.8672,23.516],[84.9017,23.5158],[84.9127,23.4984],[84.9085,23.4791],[84.8659,23.4255],[84.8655,23.4096],[84.8634,23.4007]]]}},{"type":"Feature","properties":{"SUBDISTRICT":"Bero","STATE":"Jharkhand","shapeID":"7132399B35262627289901","source":"geoBoundaries gbOpen IND ADM3 (ODbL 1.0); source: Local Government Directory lgdirectory.gov.in via Pathways Data","DISTRICT":"Ranchi"},"geometry":{"type":"Polygon","coordinates":[[[84.8526,23.2639],[84.8692,23.2344],[84.903,23.2209],[84.8971,23.201],[84.8888,23.1946],[84.8985,23.1903],[84.9141,23.1967],[84.9307,23.1866],[84.9459,23.187],[84.9595,23.2121],[84.9573,23.2234],[84.9878,23.2277],[84.9929,23.2624],[85.0097,23.2541],[85.0039,23.2287],[85.0371,23.2412],[85.0279,23.2493],[85.0235,23.2663],[85.0255,23.2773],[85.0314,23.2794],[85.0299,23.2953],[85.0214,23.3],[85.0195,23.2937],[85.0074,23.294],[85.0159,23.3095],[85.035,23.3167],[85.0368,23.3414],[85.0224,23.3413],[85.019,23.347],[85.0047,23.3439],[85.0023,23.3656],[84.9879,23.3569],[84.9819,23.3447],[84.9709,23.3459],[84.962,23.3634],[84.965,23.3766],[84.9517,23.3774],[84.9377,23.3952],[84.9263,23.3956],[84.9226,23.3869],[84.9087,23.3833],[84.9073,23.4049],[84.88,23.399],[84.8758,23.3907],[84.8634,23.4007],[84.8604,23.3957],[84.863,23.3708],[84.8572,23.3618],[84.8647,23.3577],[84.869,23.3231],[84.8792,23.3071],[84.8572,23.2832],[84.853,23.2678],[84.8526,23.2639]]]}},{"type":"Feature","properties":{"SUBDISTRICT":"Lapung","STATE":"Jharkhand","shapeID":"7132399B11490205788225","source":"geoBoundaries gbOpen IND ADM3 (ODbL 1.0); source: Local Government Directory lgdirectory.gov.in via Pathways Data","DISTRICT":"Ranchi"},"geometry":{"type":"Polygon","coordinates":[[[84.8285,23.0873],[84.8398,23.0582],[84.8578,23.0535],[84.8637,23.0448],[84.8664,23.0228],[84.8846,23.0245],[84.8897,23.0118],[84.9007,23.0051],[84.9221,23.0087],[84.9188,23.0141],[84.9294,23.0233],[84.9351,23.0166],[84.9385,23.0329],[84.9507,23.0419],[84.9478,23.0739],[84.9821,23.081],[84.9921,23.0885],[84.9821,23.1085],[85.0118,23.1157],[85.0038,23.1364],[85.0156,23.1469],[85.0133,23.1565],[84.9985,23.1642],[85.0012,23.1837],[85.0474,23.2334],[85.0371,23.2412],[85.0039,23.2287],[85.0097,23.2541],[84.9962,23.2629],[84.9878,23.2277],[84.9573,23.2234],[84.9595,23.2121],[84.9459,23.187],[84.9307,23.1866],[84.9141,23.1967],[84.9036,23.1905],[84.8888,23.1946],[84.8737,23.1891],[84.8785,23.1658],[84.8513,23.1655],[84.8466,23.1532],[84.8538,23.101],[84.8304,23.0903],[84.8285,23.0873]]]}},{"type":"Feature","properties":{"SUBDISTRICT":"Bundu","STATE":"Jharkhand","shapeID":"7132399B35238176196453","source":"geoBoundaries gbOpen IND ADM3 (ODbL 1.0); source: Local Government Directory lgdirectory.gov.in via Pathways Data","DISTRICT":"Ranchi"},"geometry":{"type":"Polygon","coordinates":[[[85.4216,23.1317],[85.4274,23.1231],[85.4299,23.0906],[85.4446,23.0822],[85.4369,23.0698],[85.4718,23.0659],[85.523,23.072],[85.5476,23.0571],[85.5547,23.07],[85.5681,23.0644],[85.5689,23.0747],[85.586,23.0691],[85.5946,23.0778],[85.6277,23.0779],[85.6211,23.0895],[85.6415,23.0899],[85.6699,23.079],[85.6806,23.1014],[85.6732,23.114],[85.6977,23.1279],[85.6808,23.1393],[85.6514,23.1415],[85.6521,23.1641],[85.6439,23.1778],[85.6134,23.1837],[85.59,23.2023],[85.5596,23.1969],[85.5555,23.2038],[85.5275,23.2063],[85.523,23.2012],[85.5076,23.2169],[85.4793,23.2032],[85.4884,23.1899],[85.4774,23.1861],[85.4735,23.1773],[85.4538,23.181],[85.44,23.1575],[85.4455,23.1411],[85.4243,23.1319],[85.4216,23.1317]]]}},{"type":"Feature","properties":{"SUBDISTRICT":"Rania","STATE":"Jharkhand","shapeID":"7132399B74933683297292","source":"geoBoundaries gbOpen IND ADM3 (ODbL 1.0); source: Local Government Directory lgdirectory.gov.in via Pathways Data","DISTRICT":"Ranchi"},"geometry":{"type":"Polygon","coordinates":[[[84.9434,22.8513],[84.9557,22.8092],[84.979,22.7851],[85.0059,22.7844],[85.0108,22.7701],[85.0319,22.7537],[85.0179,22.6931],[85.0398,22.678],[85.0306,22.6451],[85.0389,22.6318],[85.0374,22.6207],[85.0555,22.6132],[85.0566,22.5933],[85.0651,22.5796],[85.0578,22.5741],[85.0633,22.5541],[85.0558,22.544],[85.0667,22.5312],[85.0735,22.5388],[85.0715,22.5597],[85.0925,22.5679],[85.0957,22.5902],[85.0753,22.608],[85.101,22.6466],[85.0969,22.6504],[85.1159,22.6578],[85.123,22.7086],[85.132,22.7166],[85.1297,22.7359],[85.1428,22.738],[85.1472,22.7449],[85.1382,22.7541],[85.1402,22.7846],[85.1586,22.8246],[85.1422,22.8249],[85.1257,22.8095],[85.104,22.8033],[85.1219,22.8258],[85.1196,22.8343],[85.0941,22.8455],[85.078,22.8303],[85.0653,22.8267],[85.0568,22.8324],[85.0542,22.8375],[85.0623,22.8417],[85.0636,22.851],[85.0404,22.8525],[85.0165,22.8755],[85.0245,22.881],[85.0419,22.8763],[85.0479,22.8821],[85.0387,22.8976],[85.024,22.9011],[85.0096,22.8973],[85.0006,22.8727],[84.9743,22.8684],[84.9718,22.856],[84.9468,22.8562],[84.9434,22.8513]]]}},{"type":"Feature","properties":{"SUBDISTRICT":"Sisai","STATE":"Jharkhand","shapeID":"7132399B30555440177701","source":"geoBoundaries gbOpen IND ADM3 (ODbL 1.0); source: Local Government Directory lgdirectory.gov.in via Pathways Data","DISTRICT":"Gumla"},"geometry":{"type":"Polygon","coordinates":[[[84.5541,23.2617],[84.5889,23.2395],[84.6244,23.235],[84.6413,23.2154],[84.6427,23.2084],[84.6282,23.2078],[84.6291,23.1994],[84.6183,23.1959],[84.614,23.1601],[84.604,23.1512],[84.6084,23.1387],[84.6027,23.1243],[84.621,23.1067],[84.638,23.105],[84.6402,23.0823],[84.6833,23.0592],[84.689,23.0303],[84.7172,23.0217],[84.7159,23.043],[84.7009,23.0494],[84.7125,23.0679],[84.7582,23.0445],[84.769,23.0673],[84.7586,23.069],[84.7604,23.0783],[84.7722,23.0922],[84.7635,23.1046],[84.7693,23.1153],[84.7498,23.1215],[84.7553,23.1327],[84.763,23.134],[84.7646,23.1543],[84.7796,23.1675],[84.7785,23.1746],[84.7635,23.1763],[84.7623,23.1907],[84.7509,23.1896],[84.7477,23.2089],[84.7731,23.2229],[84.7532,23.2308],[84.7597,23.2385],[84.7512,23.3132],[84.7201,23.3147],[84.712,23.3267],[84.7005,23.3302],[84.688,23.3119],[84.6689,23.3007],[84.6441,23.3131],[84.6307,23.2997],[84.5858,23.31],[84.5676,23.2915],[84.567,23.2711],[84.5542,23.2626],[84.5541,23.2617]]]}},{"type":"Feature","properties":{"SUBDISTRICT":"Kamdara","STATE":"Jharkhand","shapeID":"7132399B45846276700866","source":"geoBoundaries gbOpen IND ADM3 (ODbL 1.0); source: Local Government Directory lgdirectory.gov.in via Pathways Data","DISTRICT":"Gumla"},"geometry":{"type":"Polygon","coordinates":[[[84.796,22.9079],[84.8026,22.8908],[84.8166,22.8855],[84.8095,22.8451],[84.8219,22.8338],[84.8515,22.8336],[84.8374,22.8192],[84.8458,22.8006],[84.8348,22.8044],[84.8253,22.7978],[84.8014,22.7979],[84.7983,22.7824],[84.8201,22.7681],[84.8303,22.7525],[84.8419,22.7583],[84.847,22.7692],[84.8631,22.773],[84.8757,22.7959],[84.8828,22.7982],[84.8926,22.7861],[84.9048,22.7833],[84.9557,22.8092],[84.9375,22.8636],[84.9329,22.9045],[84.9413,22.9212],[84.962,22.9153],[84.9619,22.9364],[84.9229,22.9683],[84.9028,22.9706],[84.8924,22.987],[84.9001,23.0067],[84.8897,23.0118],[84.8846,23.0245],[84.8664,23.0228],[84.8578,23.0535],[84.8308,23.0668],[84.8278,23.031],[84.8207,23.0241],[84.8367,23.0061],[84.8218,22.9971],[84.8079,23.0051],[84.8003,22.9811],[84.8294,22.968],[84.8197,22.9387],[84.8006,22.9273],[84.7976,22.9097],[84.796,22.9079]]]}},{"type":"Feature","properties":{"SUBDISTRICT":"Chainpur","STATE":"Jharkhand","shapeID":"7132399B58676830008950","source":"geoBoundaries gbOpen IND ADM3 (ODbL 1.0); source: Local Government Directory lgdirectory.gov.in via Pathways Data","DISTRICT":"Gumla"},"geometry":{"type":"MultiPolygon","coordinates":[[[[84.1825,23.3357],[84.2017,23.3041],[84.2176,23.2999],[84.2205,23.2868],[84.2364,23.2717],[84.2533,23.2955],[84.2431,23.3038],[84.2192,23.3481],[84.1973,23.3418],[84.1825,23.3357]]],[[[84.1573,23.1843],[84.1745,23.1825],[84.1824,23.1629],[84.1974,23.1514],[84.1981,23.1398],[84.211,23.1271],[84.208,23.1084],[84.2389,23.1082],[84.2624,23.0734],[84.2737,23.07],[84.2948,23.0475],[84.3065,23.0492],[84.3252,23.072],[84.3669,23.0791],[84.3792,23.0866],[84.4148,23.0475],[84.4266,23.0435],[84.4319,23.0312],[84.4446,23.0297],[84.4652,23.0398],[84.4652,23.0465],[84.4592,23.0473],[84.4672,23.0655],[84.4525,23.0726],[84.4627,23.093],[84.4582,23.1221],[84.4258,23.137],[84.4371,23.1506],[84.4178,23.1649],[84.424,23.192],[84.4149,23.1927],[84.4188,23.2067],[84.41,23.2206],[84.3851,23.2374],[84.3766,23.2265],[84.3575,23.2242],[84.3493,23.21],[84.3353,23.2102],[84.3021,23.2255],[84.3068,23.238],[84.2891,23.2402],[84.2939,23.2544],[84.2738,23.2794],[84.2661,23.2798],[84.2471,23.2613],[84.2367,23.2682],[84.2261,23.2544],[84.2158,23.2039],[84.212,23.2195],[84.203,23.2272],[84.1659,23.2224],[84.1592,23.1891],[84.1573,23.1843]]]]}},{"type":"Feature","properties":{"SUBDISTRICT":"Raidih","STATE":"Jharkhand","shapeID":"7132399B96879521289862","source":"geoBoundaries gbOpen IND ADM3 (ODbL 1.0); source: Local Government Directory lgdirectory.gov.in via Pathways Data","DISTRICT":"Gumla"},"geometry":{"type":"Polygon","coordinates":[[[84.2922,22.7652],[84.3154,22.7636],[84.338,22.746],[84.3461,22.7597],[84.3631,22.7575],[84.381,22.7705],[84.4032,22.764],[84.4184,22.7976],[84.4149,22.8098],[84.4321,22.8113],[84.4349,22.8305],[84.445,22.8345],[84.4634,22.8807],[84.4748,22.8822],[84.4927,22.8984],[84.508,22.8921],[84.5307,22.9064],[84.5249,22.9305],[84.5103,22.9344],[84.5034,22.9433],[84.509,22.9608],[84.542,22.9603],[84.54,22.9662],[84.5196,22.9863],[84.4906,23.0024],[84.4684,22.9998],[84.4758,23.0236],[84.471,23.0375],[84.4319,23.0312],[84.4266,23.0435],[84.4148,23.0475],[84.3792,23.0866],[84.3669,23.0791],[84.3252,23.072],[84.3065,23.0492],[84.2948,23.0475],[84.3029,22.9961],[84.3137,22.9691],[84.3321,22.9809],[84.3775,22.9767],[84.3862,22.9505],[84.396,22.9404],[84.3966,22.9254],[84.3778,22.9033],[84.3851,22.8896],[84.3768,22.8663],[84.3364,22.8613],[84.3273,22.8512],[84.3246,22.819],[84.3169,22.8008],[84.2973,22.789],[84.2946,22.7727],[84.2922,22.7652]]]}},{"type":"Feature","properties":{"SUBDISTRICT":"Majhiaon","STATE":"Jharkhand","shapeID":"7132399B7401847979079","source":"geoBoundaries gbOpen IND ADM3 (ODbL 1.0); source: Local Government Directory lgdirectory.gov.in via Pathways Data","DISTRICT":"Garhwa"},"geometry":{"type":"Polygon","coordinates":[[[83.6653,24.2827],[83.6944,24.2885],[83.7112,24.2771],[83.7193,24.2544],[83.7067,24.227],[83.7113,24.2153],[83.7273,24.2086],[83.7338,24.2092],[83.7417,24.2279],[83.7842,24.2757],[83.8094,24.2887],[83.8132,24.3301],[83.7992,24.3747],[83.8285,24.4168],[83.8237,24.4177],[83.8121,24.4155],[83.7916,24.3979],[83.7989,24.3814],[83.7941,24.3711],[83.7725,24.3692],[83.7733,24.3546],[83.7822,24.3467],[83.7687,24.336],[83.7695,24.3196],[83.7368,24.3358],[83.7241,24.3173],[83.7118,24.3192],[83.6951,24.3033],[83.666,24.3048],[83.6681,24.2899],[83.6653,24.2827]]]}},{"type":"Feature","properties":{"SUBDISTRICT":"Palkot","STATE":"Jharkhand","shapeID":"7132399B35236719145699","source":"geoBoundaries gbOpen IND ADM3 (ODbL 1.0); source: Local Government Directory lgdirectory.gov.in via Pathways Data","DISTRICT":"Gumla"},"geometry":{"type":"Polygon","coordinates":[[[84.445,22.8345],[84.4847,22.8184],[84.4873,22.8053],[84.4968,22.7967],[84.5312,22.7945],[84.5322,22.7687],[84.5,22.7599],[84.4974,22.7487],[84.5122,22.7416],[84.5255,22.7614],[84.5429,22.7451],[84.5418,22.7273],[84.5594,22.7183],[84.563,22.7293],[84.5719,22.7311],[84.5727,22.7413],[84.6099,22.7419],[84.6132,22.7491],[84.6279,22.7413],[84.634,22.7494],[84.6488,22.7474],[84.6575,22.7522],[84.6648,22.7738],[84.6835,22.7749],[84.689,22.7827],[84.6781,22.794],[84.6888,22.8085],[84.6772,22.8153],[84.6775,22.8224],[84.6825,22.8237],[84.6841,22.8406],[84.6973,22.8423],[84.7023,22.8501],[84.7027,22.8748],[84.6974,22.8799],[84.7072,22.8887],[84.7038,22.8948],[84.7152,22.897],[84.7113,22.9178],[84.6912,22.9529],[84.6749,22.9546],[84.6713,22.9713],[84.6607,22.9776],[84.6451,22.9563],[84.6288,22.9621],[84.6104,22.9517],[84.5894,22.9652],[84.5896,22.9769],[84.5773,22.9789],[84.568,22.9633],[84.54,22.9662],[84.542,22.9603],[84.509,22.9608],[84.5034,22.9433],[84.5103,22.9344],[84.5249,22.9305],[84.5292,22.9028],[84.508,22.8921],[84.4927,22.8984],[84.4748,22.8822],[84.4634,22.8807],[84.4502,22.8464],[84.445,22.8345]]]}},{"type":"Feature","properties":{"SUBDISTRICT":"Simdega","STATE":"Jharkhand","shapeID":"7132399B54211984294775","source":"geoBoundaries gbOpen IND ADM3 (ODbL 1.0); source: Local Government Directory lgdirectory.gov.in via Pathways Data","DISTRICT":"Simdega"},"geometry":{"type":"Polygon","coordinates":[[[84.2166,22.6649],[84.2355,22.658],[84.2654,22.6657],[84.2824,22.6535],[84.2814,22.6327],[84.3031,22.6086],[84.3047,22.5789],[84.3282,22.5792],[84.3419,22.5916],[84.3604,22.5841],[84.3718,22.5927],[84.3832,22.5698],[84.391,22.5675],[84.4228,22.5877],[84.4486,22.5896],[84.4938,22.578],[84.5076,22.5852],[84.5312,22.5823],[84.5525,22.563],[84.5974,22.5617],[84.597,22.5684],[84.5734,22.5885],[84.5889,22.612],[84.6068,22.6185],[84.5946,22.6328],[84.5956,22.6596],[84.5725,22.7106],[84.5418,22.7273],[84.5429,22.7451],[84.5255,22.7614],[84.5122,22.7416],[84.5184,22.7174],[84.4985,22.7182],[84.4958,22.7036],[84.4793,22.7102],[84.4746,22.702],[84.4619,22.7056],[84.4674,22.6944],[84.4628,22.6598],[84.4681,22.6553],[84.4389,22.6468],[84.4407,22.6402],[84.4273,22.634],[84.4166,22.6354],[84.4139,22.6475],[84.4018,22.6527],[84.3992,22.6618],[84.3659,22.659],[84.3593,22.667],[84.3508,22.6563],[84.3422,22.6575],[84.3215,22.672],[84.3238,22.6831],[84.3054,22.683],[84.3009,22.6915],[84.3079,22.7023],[84.3064,22.7248],[84.3167,22.7253],[84.3318,22.7501],[84.3154,22.7636],[84.2671,22.7668],[84.2367,22.742],[84.2317,22.7292],[84.2392,22.6905],[84.2217,22.6665],[84.2166,22.6649]]]}},{"type":"Feature","properties":{"SUBDISTRICT":"Pakar Tanr","STATE":"Jharkhand","shapeID":"7132399B61390200371308","source":"geoBoundaries gbOpen IND ADM3 (ODbL 1.0); source: Local Government Directory lgdirectory.gov.in via Pathways Data","DISTRICT":"Simdega"},"geometry":{"type":"Polygon","coordinates":[[[84.3009,22.6915],[84.3054,22.683],[84.3238,22.6831],[84.3215,22.672],[84.3422,22.6575],[84.3508,22.6563],[84.3593,22.667],[84.3659,22.659],[84.3992,22.6618],[84.4199,22.6325],[84.4407,22.6402],[84.4389,22.6468],[84.4668,22.6532],[84.4627,22.664],[84.4674,22.6944],[84.4619,22.7056],[84.4746,22.702],[84.4793,22.7102],[84.4958,22.7036],[84.4985,22.7182],[84.5184,22.7174],[84.5122,22.7416],[84.5014,22.7423],[84.4972,22.7574],[84.5322,22.7687],[84.5339,22.7914],[84.5254,22.7971],[84.4968,22.7967],[84.4873,22.8053],[84.4847,22.8184],[84.445,22.8345],[84.4349,22.8305],[84.4321,22.8113],[84.4149,22.8098],[84.4184,22.7976],[84.4051,22.7655],[84.381,22.7705],[84.3631,22.7575],[84.3461,22.7597],[84.338,22.746],[84.3318,22.7501],[84.3167,22.7253],[84.3064,22.7248],[84.3037,22.6932],[84.3009,22.6915]]]}},{"type":"Feature","properties":{"SUBDISTRICT":"Kurdeg","STATE":"Jharkhand","shapeID":"7132399B34071272660945","source":"geoBoundaries gbOpen IND ADM3 (ODbL 1.0); source: Local Government Directory lgdirectory.gov.in via Pathways Data","DISTRICT":"Simdega"},"geometry":{"type":"Polygon","coordinates":[[[84.0064,22.5415],[84.0095,22.5229],[84.0646,22.5122],[84.0862,22.491],[84.1248,22.4736],[84.1308,22.5067],[84.1618,22.4921],[84.1837,22.4936],[84.1991,22.5079],[84.1699,22.5327],[84.1596,22.5331],[84.1567,22.5443],[84.1618,22.5539],[84.1942,22.566],[84.2118,22.5585],[84.2151,22.5655],[84.2395,22.5683],[84.2544,22.5778],[84.2498,22.5823],[84.2536,22.5856],[84.2369,22.5887],[84.2099,22.625],[84.1967,22.6285],[84.1887,22.6178],[84.1788,22.6169],[84.1718,22.6473],[84.1569,22.6364],[84.0874,22.6384],[84.0552,22.5961],[84.0284,22.5891],[84.0121,22.5715],[84.0092,22.5486],[84.0064,22.5415]]]}},{"type":"Feature","properties":{"SUBDISTRICT":"Kersai","STATE":"Jharkhand","shapeID":"7132399B39783921642188","source":"geoBoundaries gbOpen IND ADM3 (ODbL 1.0); source: Local Government Directory lgdirectory.gov.in via Pathways Data","DISTRICT":"Simdega"},"geometry":{"type":"Polygon","coordinates":[[[84.1248,22.4736],[84.1361,22.4757],[84.1444,22.4693],[84.1428,22.4229],[84.1594,22.4032],[84.1811,22.4313],[84.2125,22.4458],[84.2207,22.4661],[84.2192,22.4878],[84.2371,22.4889],[84.2467,22.497],[84.2731,22.4892],[84.2831,22.5183],[84.2778,22.5313],[84.2858,22.5396],[84.2847,22.5631],[84.3035,22.57],[84.3031,22.6086],[84.2833,22.6287],[84.2824,22.6535],[84.2699,22.664],[84.2261,22.6581],[84.2086,22.6671],[84.1718,22.6473],[84.1782,22.6179],[84.1887,22.6178],[84.1967,22.6285],[84.2099,22.625],[84.2369,22.5887],[84.2536,22.5856],[84.2537,22.576],[84.2151,22.5655],[84.2084,22.5576],[84.1942,22.566],[84.1618,22.5539],[84.1567,22.5443],[84.1596,22.5331],[84.1699,22.5327],[84.1991,22.5079],[84.1837,22.4936],[84.1618,22.4921],[84.1308,22.5067],[84.1259,22.4753],[84.1248,22.4736]]]}},{"type":"Feature","properties":{"SUBDISTRICT":"Thethaitangar","STATE":"Jharkhand","shapeID":"7132399B96493478548375","source":"geoBoundaries gbOpen IND ADM3 (ODbL 1.0); source: Local Government Directory lgdirectory.gov.in via Pathways Data","DISTRICT":"Simdega"},"geometry":{"type":"Polygon","coordinates":[[[84.2731,22.4892],[84.2857,22.4772],[84.3288,22.4606],[84.3362,22.4411],[84.4116,22.404],[84.4489,22.3756],[84.4547,22.3817],[84.4624,22.3778],[84.4844,22.3863],[84.4835,22.4085],[84.5086,22.4179],[84.5474,22.4232],[84.5717,22.4096],[84.5827,22.4103],[84.5869,22.4024],[84.6161,22.4238],[84.614,22.4293],[84.5957,22.4244],[84.6002,22.4335],[84.5885,22.4434],[84.5983,22.4718],[84.5786,22.4853],[84.5969,22.4986],[84.5943,22.5202],[84.6151,22.5572],[84.641,22.5833],[84.6191,22.6132],[84.6068,22.6185],[84.5889,22.612],[84.5734,22.5885],[84.597,22.5684],[84.5974,22.5617],[84.5912,22.5599],[84.5525,22.563],[84.5312,22.5823],[84.5076,22.5852],[84.4938,22.578],[84.4486,22.5896],[84.4228,22.5877],[84.391,22.5675],[84.3832,22.5698],[84.3718,22.5927],[84.3604,22.5841],[84.3419,22.5916],[84.3282,22.5792],[84.3047,22.5789],[84.3035,22.57],[84.2847,22.5631],[84.2858,22.5396],[84.2778,22.5313],[84.2831,22.5183],[84.2753,22.4989],[84.2731,22.4892]],[[84.5891,22.4124],[84.6044,22.4222],[84.5989,22.411],[84.5895,22.411],[84.5891,22.4124]]]}},{"type":"Feature","properties":{"SUBDISTRICT":"Kolebira","STATE":"Jharkhand","shapeID":"7132399B39463185972205","source":"geoBoundaries gbOpen IND ADM3 (ODbL 1.0); source: Local Government Directory lgdirectory.gov.in via Pathways Data","DISTRICT":"Simdega"},"geometry":{"type":"Polygon","coordinates":[[[84.5594,22.7183],[84.5725,22.7106],[84.5931,22.6657],[84.593,22.6389],[84.5992,22.624],[84.6191,22.6132],[84.6384,22.5886],[84.6475,22.6044],[84.6892,22.6062],[84.7002,22.6148],[84.7107,22.6138],[84.7091,22.6059],[84.7192,22.6028],[84.7478,22.6267],[84.7873,22.6203],[84.7996,22.6415],[84.8373,22.6401],[84.8328,22.657],[84.8396,22.6837],[84.8298,22.7036],[84.8156,22.7099],[84.8217,22.7172],[84.8169,22.7317],[84.7996,22.7349],[84.7758,22.7608],[84.7686,22.7508],[84.7747,22.728],[84.7603,22.7253],[84.7401,22.7355],[84.7508,22.7727],[84.7479,22.7835],[84.7402,22.771],[84.7323,22.7765],[84.7365,22.8059],[84.7298,22.8],[84.6884,22.811],[84.6781,22.794],[84.689,22.7827],[84.6835,22.7749],[84.6648,22.7738],[84.6575,22.7522],[84.634,22.7494],[84.6279,22.7413],[84.6132,22.7491],[84.6099,22.7419],[84.578,22.7431],[84.5612,22.7246],[84.5594,22.7183]]]}},{"type":"Feature","properties":{"SUBDISTRICT":"Bansjor","STATE":"Jharkhand","shapeID":"7132399B28110476980849","source":"geoBoundaries gbOpen IND ADM3 (ODbL 1.0); source: Local Government Directory lgdirectory.gov.in via Pathways Data","DISTRICT":"Simdega"},"geometry":{"type":"Polygon","coordinates":[[[84.5785,22.4872],[84.5983,22.4718],[84.5887,22.4394],[84.602,22.4276],[84.6388,22.4313],[84.6683,22.4166],[84.7505,22.4175],[84.7593,22.4447],[84.7737,22.4456],[84.7726,22.4549],[84.7865,22.4632],[84.7876,22.4582],[84.8063,22.4569],[84.8016,22.4697],[84.8091,22.4772],[84.8119,22.508],[84.806,22.5156],[84.7666,22.5028],[84.7668,22.4918],[84.7303,22.4934],[84.6936,22.4814],[84.6807,22.4831],[84.6754,22.4953],[84.6616,22.5022],[84.6357,22.4815],[84.6201,22.4847],[84.6092,22.5018],[84.5991,22.5022],[84.5831,22.4904],[84.5785,22.4872]]]}},{"type":"Feature","properties":{"SUBDISTRICT":"Bano","STATE":"Jharkhand","shapeID":"7132399B8915671523855","source":"geoBoundaries gbOpen IND ADM3 (ODbL 1.0); source: Local Government Directory lgdirectory.gov.in via Pathways Data","DISTRICT":"Simdega"},"geometry":{"type":"Polygon","coordinates":[[[84.7965,22.7778],[84.8104,22.7436],[84.8057,22.7352],[84.8169,22.7317],[84.8217,22.7216],[84.8156,22.7099],[84.8298,22.7036],[84.8396,22.6837],[84.8323,22.6451],[84.8428,22.6302],[84.8454,22.6152],[84.8378,22.6078],[84.8438,22.5826],[84.8629,22.5577],[84.8983,22.5676],[84.9051,22.5777],[84.9113,22.5752],[84.9144,22.5675],[84.9089,22.5654],[84.9238,22.5385],[84.919,22.535],[84.9228,22.5237],[84.9446,22.5211],[84.9463,22.511],[84.9607,22.5028],[84.9522,22.4966],[84.967,22.4827],[84.951,22.4686],[84.959,22.4423],[85.038,22.4726],[85.0398,22.4798],[85.0722,22.4796],[85.0802,22.4952],[85.0789,22.5194],[85.0558,22.544],[85.0633,22.5541],[85.0578,22.5741],[85.0651,22.5796],[85.0566,22.5933],[85.0555,22.6132],[85.0374,22.6207],[85.0389,22.6318],[85.0306,22.6451],[85.0398,22.678],[85.0179,22.6931],[85.0324,22.7519],[85.0108,22.7701],[85.0078,22.7827],[84.979,22.7851],[84.9557,22.8092],[84.9048,22.7833],[84.8926,22.7861],[84.8828,22.7982],[84.8719,22.7916],[84.8631,22.773],[84.847,22.7692],[84.832,22.7523],[84.7983,22.7824],[84.7965,22.7778]]]}},{"type":"Feature","properties":{"SUBDISTRICT":"Sonua","STATE":"Jharkhand","shapeID":"7132399B75918655655839","source":"geoBoundaries gbOpen IND ADM3 (ODbL 1.0); source: Local Government Directory lgdirectory.gov.in via Pathways Data","DISTRICT":"Pashchim Singhbhum"},"geometry":{"type":"Polygon","coordinates":[[[85.3482,22.6057],[85.3611,22.5883],[85.3721,22.5867],[85.3739,22.5737],[85.3902,22.568],[85.3802,22.5504],[85.3819,22.5404],[85.4017,22.5518],[85.4051,22.5479],[85.3972,22.539],[85.4045,22.5273],[85.4187,22.5201],[85.4331,22.5225],[85.4435,22.5106],[85.4755,22.5275],[85.4756,22.5451],[85.4861,22.5581],[85.5059,22.5594],[85.5077,22.5674],[85.5101,22.5638],[85.5179,22.5701],[85.5201,22.5545],[85.5281,22.5543],[85.5319,22.5633],[85.5538,22.5628],[85.5529,22.5697],[85.562,22.571],[85.5628,22.5852],[85.5768,22.5773],[85.5834,22.6091],[85.5945,22.6102],[85.5988,22.6233],[85.5796,22.6252],[85.5742,22.6377],[85.5614,22.6366],[85.5514,22.6484],[85.5277,22.6466],[85.5094,22.6635],[85.4636,22.671],[85.4158,22.6574],[85.397,22.636],[85.3607,22.6357],[85.3527,22.6285],[85.3487,22.6081],[85.3482,22.6057]]]}},{"type":"Feature","properties":{"SUBDISTRICT":"Gudri","STATE":"Jharkhand","shapeID":"7132399B32287475594762","source":"geoBoundaries gbOpen IND ADM3 (ODbL 1.0); source: Local Government Directory lgdirectory.gov.in via Pathways Data","DISTRICT":"Pashchim Singhbhum"},"geometry":{"type":"Polygon","coordinates":[[[85.0753,22.608],[85.0949,22.5924],[85.0925,22.5679],[85.1283,22.5926],[85.1655,22.5891],[85.2024,22.6059],[85.2277,22.6013],[85.2317,22.5856],[85.2405,22.5785],[85.2761,22.5676],[85.2785,22.6025],[85.286,22.6035],[85.2899,22.6198],[85.3116,22.6277],[85.3287,22.625],[85.3323,22.6356],[85.3443,22.6416],[85.3515,22.6218],[85.3546,22.6307],[85.3736,22.6421],[85.3694,22.655],[85.3987,22.686],[85.3866,22.6862],[85.3882,22.6938],[85.3986,22.6988],[85.3923,22.7046],[85.3948,22.7277],[85.3793,22.7292],[85.3888,22.747],[85.3841,22.7532],[85.3503,22.7358],[85.3413,22.7396],[85.3434,22.7545],[85.3349,22.768],[85.3239,22.7694],[85.326,22.7572],[85.32,22.7564],[85.2906,22.7647],[85.2844,22.7581],[85.2989,22.7471],[85.3063,22.7346],[85.3022,22.7326],[85.2829,22.7476],[85.254,22.7505],[85.2499,22.7561],[85.2569,22.7656],[85.2376,22.7776],[85.1979,22.7658],[85.1855,22.7492],[85.1472,22.7449],[85.1428,22.738],[85.1297,22.7359],[85.132,22.7166],[85.123,22.7086],[85.1159,22.6578],[85.0969,22.6504],[85.101,22.6466],[85.0803,22.6158],[85.0753,22.608]]]}},{"type":"Feature","properties":{"SUBDISTRICT":"Anandpur","STATE":"Jharkhand","shapeID":"7132399B33284467357246","source":"geoBoundaries gbOpen IND ADM3 (ODbL 1.0); source: Local Government Directory lgdirectory.gov.in via Pathways Data","DISTRICT":"Pashchim Singhbhum"},"geometry":{"type":"Polygon","coordinates":[[[85.0635,22.4476],[85.0701,22.4262],[85.0837,22.4113],[85.0892,22.3838],[85.1119,22.3723],[85.1207,22.3737],[85.1227,22.3824],[85.1568,22.383],[85.1657,22.3902],[85.1697,22.4087],[85.1621,22.4181],[85.1888,22.418],[85.1821,22.4445],[85.1953,22.4619],[85.2172,22.4729],[85.2215,22.498],[85.2292,22.505],[85.2283,22.5249],[85.2502,22.536],[85.2228,22.5625],[85.2334,22.5921],[85.2229,22.6036],[85.2005,22.6057],[85.1626,22.5886],[85.1283,22.5926],[85.0715,22.5597],[85.0752,22.5414],[85.0667,22.5312],[85.0811,22.5145],[85.0722,22.4796],[85.0801,22.4696],[85.0775,22.4588],[85.0638,22.448],[85.0635,22.4476]]]}},{"type":"Feature","properties":{"SUBDISTRICT":"Chaibasa","STATE":"Jharkhand","shapeID":"7132399B31357499058952","source":"geoBoundaries gbOpen IND ADM3 (ODbL 1.0); source: Local Government Directory lgdirectory.gov.in via Pathways Data","DISTRICT":"Pashchim Singhbhum"},"geometry":{"type":"Polygon","coordinates":[[[85.721,22.5416],[85.7297,22.5339],[85.7232,22.5251],[85.7362,22.5137],[85.7556,22.5051],[85.7664,22.5104],[85.7831,22.5067],[85.7904,22.4993],[85.8156,22.5087],[85.8144,22.5002],[85.8262,22.4835],[85.8497,22.4926],[85.8788,22.4842],[85.8782,22.4996],[85.9134,22.5405],[85.9144,22.5468],[85.8957,22.5607],[85.8848,22.559],[85.8747,22.5655],[85.876,22.5708],[85.9059,22.5809],[85.9179,22.604],[85.9013,22.6119],[85.8812,22.6021],[85.8689,22.6045],[85.8625,22.5975],[85.8579,22.6062],[85.8441,22.6036],[85.843,22.6078],[85.8296,22.5986],[85.8081,22.6089],[85.7817,22.5847],[85.7462,22.5744],[85.7403,22.5642],[85.7586,22.5543],[85.7487,22.5452],[85.7212,22.5423],[85.721,22.5416]]]}},{"type":"Feature","properties":{"SUBDISTRICT":"Tantnagar","STATE":"Jharkhand","shapeID":"7132399B11111679419941","source":"geoBoundaries gbOpen IND ADM3 (ODbL 1.0); source: Local Government Directory lgdirectory.gov.in via Pathways Data","DISTRICT":"Pashchim Singhbhum"},"geometry":{"type":"Polygon","coordinates":[[[85.8217,22.4031],[85.8306,22.3963],[85.8385,22.3719],[85.8505,22.3721],[85.8534,22.382],[85.8594,22.3829],[85.8637,22.3693],[85.8746,22.3697],[85.8991,22.3879],[85.904,22.4092],[85.9194,22.3906],[85.9414,22.401],[85.9474,22.3712],[85.9648,22.3689],[85.9721,22.359],[85.9843,22.3599],[85.9852,22.35],[85.9986,22.3418],[86.0226,22.3658],[86.0217,22.3765],[86.027,22.3786],[86.0145,22.4278],[85.9987,22.4256],[85.9593,22.4594],[85.964,22.4795],[85.9728,22.4894],[85.9357,22.4995],[85.9145,22.5251],[85.9062,22.5274],[85.8878,22.5135],[85.8782,22.4996],[85.8788,22.4842],[85.8703,22.486],[85.8671,22.4625],[85.8534,22.4575],[85.8562,22.4457],[85.8402,22.4384],[85.8398,22.4264],[85.822,22.4057],[85.8217,22.4031]]]}},{"type":"Feature","properties":{"SUBDISTRICT":"Manjhari","STATE":"Jharkhand","shapeID":"7132399B66956993771096","source":"geoBoundaries gbOpen IND ADM3 (ODbL 1.0); source: Local Government Directory lgdirectory.gov.in via Pathways Data","DISTRICT":"Pashchim Singhbhum"},"geometry":{"type":"Polygon","coordinates":[[[85.7539,22.3409],[85.7711,22.3312],[85.7658,22.3131],[85.7714,22.3166],[85.7757,22.3094],[85.8099,22.2996],[85.8087,22.2741],[85.8233,22.2546],[85.8426,22.2612],[85.8518,22.252],[85.8727,22.2537],[85.8744,22.2606],[85.8755,22.2525],[85.8863,22.249],[85.8964,22.25],[85.9013,22.2591],[85.9177,22.2557],[85.9443,22.2607],[85.9473,22.2541],[85.9593,22.2629],[85.9755,22.2471],[85.9876,22.2558],[85.9909,22.2709],[86.0142,22.2964],[86.049,22.3099],[86.0235,22.3082],[86.0142,22.3136],[86.0117,22.3196],[86.0262,22.333],[86.0105,22.3393],[86.0042,22.3347],[85.9852,22.35],[85.9843,22.3599],[85.9721,22.359],[85.9648,22.3689],[85.9474,22.3712],[85.9414,22.401],[85.9194,22.3906],[85.9048,22.4092],[85.8991,22.3879],[85.8746,22.3697],[85.8596,22.3714],[85.8594,22.3829],[85.8534,22.382],[85.8505,22.3721],[85.8385,22.3719],[85.8255,22.4001],[85.7832,22.3934],[85.7722,22.3854],[85.773,22.3729],[85.768,22.373],[85.7635,22.3522],[85.7544,22.343],[85.7539,22.3409]]]}},{"type":"Feature","properties":{"SUBDISTRICT":"Jhinkpani","STATE":"Jharkhand","shapeID":"7132399B56022967667288","source":"geoBoundaries gbOpen IND ADM3 (ODbL 1.0); source: Local Government Directory lgdirectory.gov.in via Pathways Data","DISTRICT":"Pashchim Singhbhum"},"geometry":{"type":"Polygon","coordinates":[[[85.7194,22.4609],[85.7299,22.4535],[85.7505,22.4601],[85.7421,22.4508],[85.7449,22.4285],[85.7316,22.4281],[85.7266,22.4164],[85.7342,22.3998],[85.7564,22.4062],[85.7479,22.3819],[85.7634,22.3556],[85.768,22.373],[85.773,22.3729],[85.7696,22.3783],[85.776,22.3802],[85.7734,22.3864],[85.787,22.3945],[85.8088,22.3935],[85.8243,22.3997],[85.822,22.4057],[85.8398,22.4264],[85.8402,22.4384],[85.8562,22.4457],[85.8534,22.4575],[85.8662,22.4614],[85.8704,22.4724],[85.8701,22.4891],[85.8396,22.4919],[85.8344,22.4845],[85.8242,22.484],[85.8156,22.5087],[85.7951,22.4996],[85.769,22.499],[85.7621,22.4821],[85.7355,22.4818],[85.7196,22.4616],[85.7194,22.4609]]]}},{"type":"Feature","properties":{"SUBDISTRICT":"Jagannathpur","STATE":"Jharkhand","shapeID":"7132399B26828631801090","source":"geoBoundaries gbOpen IND ADM3 (ODbL 1.0); source: Local Government Directory lgdirectory.gov.in via Pathways Data","DISTRICT":"Pashchim Singhbhum"},"geometry":{"type":"Polygon","coordinates":[[[85.5473,22.1655],[85.5695,22.1407],[85.5695,22.1217],[85.5599,22.1134],[85.5661,22.0989],[85.5971,22.0783],[85.6133,22.0856],[85.6171,22.0806],[85.6322,22.0835],[85.6506,22.0941],[85.6783,22.0636],[85.6779,22.0554],[85.6875,22.0527],[85.6938,22.06],[85.7283,22.0621],[85.747,22.0716],[85.7468,22.1183],[85.7074,22.1294],[85.722,22.1409],[85.7219,22.1548],[85.7328,22.1575],[85.7476,22.2263],[85.734,22.2269],[85.72,22.2153],[85.7022,22.2282],[85.6977,22.2431],[85.6821,22.2464],[85.6723,22.2358],[85.6539,22.2395],[85.6351,22.2686],[85.6338,22.2862],[85.6045,22.2824],[85.6045,22.2487],[85.586,22.2235],[85.5799,22.1904],[85.5525,22.1983],[85.5572,22.1813],[85.5476,22.1669],[85.5473,22.1655]]]}},{"type":"Feature","properties":{"SUBDISTRICT":"Kumardungi","STATE":"Jharkhand","shapeID":"7132399B43599134649635","source":"geoBoundaries gbOpen IND ADM3 (ODbL 1.0); source: Local Government Directory lgdirectory.gov.in via Pathways Data","DISTRICT":"Pashchim Singhbhum"},"geometry":{"type":"Polygon","coordinates":[[[85.8128,22.1512],[85.8132,22.1265],[85.8685,22.136],[85.8848,22.1218],[85.8854,22.1039],[85.8967,22.102],[85.9075,22.0846],[85.9255,22.0851],[85.9541,22.102],[85.9476,22.0882],[85.9547,22.0814],[85.9775,22.1162],[86.0083,22.117],[86.0004,22.1357],[86.0313,22.1931],[85.9593,22.2629],[85.9473,22.2541],[85.9443,22.2607],[85.9177,22.2557],[85.9013,22.2591],[85.8964,22.25],[85.8863,22.249],[85.8755,22.2525],[85.8744,22.2606],[85.8727,22.2537],[85.8518,22.252],[85.8426,22.2612],[85.82,22.2552],[85.8326,22.2351],[85.853,22.2263],[85.8582,22.2073],[85.83,22.2074],[85.8324,22.1832],[85.8133,22.1692],[85.8133,22.1516],[85.8128,22.1512]]]}},{"type":"Feature","properties":{"SUBDISTRICT":"Majhgaon","STATE":"Jharkhand","shapeID":"7132399B2626740605405","source":"geoBoundaries gbOpen IND ADM3 (ODbL 1.0); source: Local Government Directory lgdirectory.gov.in via Pathways Data","DISTRICT":"Pashchim Singhbhum"},"geometry":{"type":"Polygon","coordinates":[[[85.7391,22.1295],[85.7493,22.1127],[85.7441,22.1022],[85.747,22.0716],[85.7637,22.0889],[85.8079,22.1147],[85.8206,22.106],[85.8146,22.0958],[85.8339,22.0866],[85.8366,22.0809],[85.8202,22.074],[85.7938,22.0811],[85.7762,22.0552],[85.7848,22.0403],[85.7815,22.0323],[85.762,22.0124],[85.7666,21.9938],[85.7901,21.9827],[85.8212,21.9842],[85.8242,21.9741],[85.8969,21.9827],[85.9112,21.9708],[85.918,22.0089],[85.9345,22.0235],[85.9483,22.0232],[86.0083,22.117],[85.9775,22.1162],[85.9547,22.0814],[85.9476,22.0882],[85.9541,22.102],[85.9255,22.0851],[85.9049,22.0855],[85.8967,22.102],[85.8854,22.1039],[85.8848,22.1218],[85.8685,22.136],[85.8465,22.1361],[85.8422,22.1296],[85.8243,22.1259],[85.8079,22.1259],[85.7747,22.1412],[85.7678,22.1304],[85.7493,22.1373],[85.7393,22.1337],[85.7391,22.1295]]]}},{"type":"Feature","properties":{"SUBDISTRICT":"Chandil","STATE":"Jharkhand","shapeID":"7132399B72950770937557","source":"geoBoundaries gbOpen IND ADM3 (ODbL 1.0); source: Local Government Directory lgdirectory.gov.in via Pathways Data","DISTRICT":"Saraikela Kharsawan"},"geometry":{"type":"Polygon","coordinates":[[[85.8496,22.8716],[85.878,22.8655],[85.881,22.8512],[85.9575,22.8511],[86.0771,22.8784],[86.1284,22.864],[86.1454,22.8375],[86.1731,22.8448],[86.1727,22.8329],[86.2119,22.8159],[86.2184,22.8198],[86.2334,22.8792],[86.2316,22.8856],[86.2115,22.8936],[86.193,22.9102],[86.1752,22.9141],[86.1741,22.9263],[86.1567,22.9397],[86.0633,22.9507],[86.0699,22.961],[86.0678,22.9729],[86.0747,22.9757],[86.0778,22.9667],[86.0822,23.0013],[86.0679,23.0121],[86.0599,23.0046],[86.0591,23.0128],[86.0364,23.0072],[86.0166,23.0215],[86.0051,23.0206],[85.996,23.0034],[85.9846,22.9979],[85.9815,23.0046],[85.9414,23.0041],[85.8937,22.9906],[85.8855,22.9952],[85.8863,23.0036],[85.8681,22.9998],[85.8709,22.9874],[85.8793,22.9844],[85.8658,22.9462],[85.8775,22.9324],[85.8711,22.9125],[85.8592,22.9041],[85.8665,22.8877],[85.8505,22.8822],[85.8498,22.8743],[85.8496,22.8716]]]}},{"type":"Feature","properties":{"SUBDISTRICT":"Ichagarh","STATE":"Jharkhand","shapeID":"7132399B342098676722","source":"geoBoundaries gbOpen IND ADM3 (ODbL 1.0); source: Local Government Directory lgdirectory.gov.in via Pathways Data","DISTRICT":"Saraikela Kharsawan"},"geometry":{"type":"Polygon","coordinates":[[[85.7962,23.0925],[85.808,23.0832],[85.8217,23.0385],[85.8126,23.0138],[85.8197,23.0143],[85.8188,23.0043],[85.8266,22.9987],[85.8449,22.9923],[85.852,22.9513],[85.8707,22.9492],[85.8704,22.9711],[85.8793,22.9844],[85.8709,22.9874],[85.8681,22.9998],[85.877,23.0039],[85.8876,23.0026],[85.8855,22.9952],[85.8937,22.9906],[85.9414,23.0041],[85.9815,23.0046],[85.9846,22.9979],[85.996,23.0034],[86.0051,23.0206],[86.0166,23.0215],[86.0236,23.0401],[86.012,23.0499],[86.0073,23.0714],[85.9809,23.0799],[85.9771,23.0723],[85.9623,23.0754],[85.9549,23.0619],[85.9507,23.0642],[85.9442,23.0783],[85.9277,23.0844],[85.9188,23.0954],[85.9216,23.118],[85.8934,23.1236],[85.8892,23.1576],[85.8785,23.1652],[85.8697,23.1637],[85.8682,23.1473],[85.8554,23.1512],[85.843,23.1469],[85.8333,23.1274],[85.8218,23.1217],[85.8139,23.0981],[85.798,23.0953],[85.7962,23.0925]]]}},{"type":"Feature","properties":{"SUBDISTRICT":"Kukru","STATE":"Jharkhand","shapeID":"7132399B22898810212111","source":"geoBoundaries gbOpen IND ADM3 (ODbL 1.0); source: Local Government Directory lgdirectory.gov.in via Pathways Data","DISTRICT":"Saraikela Kharsawan"},"geometry":{"type":"Polygon","coordinates":[[[85.8887,23.152],[85.8934,23.1236],[85.9216,23.118],[85.9188,23.0954],[85.9277,23.0844],[85.9442,23.0783],[85.9507,23.0642],[85.9549,23.0619],[85.9623,23.0754],[85.9987,23.0768],[86.0109,23.0673],[86.012,23.0499],[86.0229,23.0406],[86.0296,23.0583],[86.0437,23.0683],[86.0522,23.0664],[86.06,23.0824],[86.0752,23.0912],[86.0959,23.0828],[86.103,23.0942],[86.0868,23.1068],[86.0759,23.1039],[86.0539,23.1111],[86.0543,23.1316],[86.0382,23.1475],[86.0239,23.1429],[85.9879,23.1483],[85.9275,23.1283],[85.9064,23.1504],[85.8892,23.1576],[85.8888,23.1528],[85.8887,23.152]]]}},{"type":"Feature","properties":{"SUBDISTRICT":"Adityapur(Gamharia)","STATE":"Jharkhand","shapeID":"7132399B85210455155119","source":"geoBoundaries gbOpen IND ADM3 (ODbL 1.0); source: Local Government Directory lgdirectory.gov.in via Pathways Data","DISTRICT":"Saraikela Kharsawan"},"geometry":{"type":"Polygon","coordinates":[[[85.9451,22.6945],[85.9541,22.684],[85.9772,22.6909],[85.9868,22.6822],[85.9976,22.6886],[86.005,22.7053],[86.0197,22.6966],[86.0441,22.6982],[86.0539,22.7181],[86.0653,22.7206],[86.0844,22.7165],[86.1021,22.7016],[86.133,22.7048],[86.1386,22.6983],[86.1872,22.6953],[86.1855,22.7454],[86.1965,22.7736],[86.174,22.7919],[86.1887,22.826],[86.1716,22.8341],[86.1731,22.8448],[86.1454,22.8375],[86.1284,22.864],[86.0733,22.8789],[85.9867,22.8562],[85.9968,22.8541],[85.9969,22.8486],[86.0101,22.852],[86.0095,22.8401],[86.0159,22.8364],[86.0117,22.8097],[86.0214,22.8077],[86.0173,22.787],[86.0084,22.785],[86.0106,22.7666],[85.9936,22.7706],[85.9743,22.7608],[85.9774,22.7525],[85.9617,22.7534],[85.9681,22.7508],[85.9569,22.7335],[85.9554,22.7231],[85.9606,22.722],[85.95,22.6953],[85.9451,22.6945]]]}},{"type":"Feature","properties":{"SUBDISTRICT":"Gobindpur(Rajnagar)","STATE":"Jharkhand","shapeID":"7132399B42349419460182","source":"geoBoundaries gbOpen IND ADM3 (ODbL 1.0); source: Local Government Directory lgdirectory.gov.in via Pathways Data","DISTRICT":"Saraikela Kharsawan"},"geometry":{"type":"Polygon","coordinates":[[[85.8743,22.5693],[85.9144,22.5468],[85.9062,22.5274],[85.9145,22.5251],[85.9357,22.4995],[85.9728,22.4894],[85.9751,22.5031],[85.9865,22.5131],[86.0017,22.5123],[86.0212,22.5278],[86.0278,22.5239],[86.034,22.5376],[86.0241,22.5469],[86.0443,22.5669],[86.066,22.5539],[86.1034,22.5811],[86.1174,22.6025],[86.1495,22.6239],[86.1657,22.6707],[86.1747,22.67],[86.1796,22.6781],[86.195,22.6729],[86.1976,22.6843],[86.2166,22.6814],[86.2177,22.6904],[86.2083,22.7002],[86.1947,22.6912],[86.1386,22.6983],[86.133,22.7048],[86.1021,22.7016],[86.0844,22.7165],[86.0653,22.7206],[86.0539,22.7181],[86.0441,22.6982],[86.0197,22.6966],[86.005,22.7053],[85.9943,22.6856],[85.9802,22.6832],[85.9772,22.6909],[85.9683,22.6864],[85.9804,22.6781],[85.9746,22.6711],[85.9872,22.6497],[85.9704,22.6314],[85.9636,22.6358],[85.9506,22.6286],[85.9476,22.6383],[85.9285,22.6439],[85.9286,22.6294],[85.9186,22.6353],[85.912,22.625],[85.8888,22.6286],[85.8937,22.6171],[85.9179,22.604],[85.9044,22.5783],[85.876,22.5708],[85.8743,22.5693]]]}},{"type":"Feature","properties":{"SUBDISTRICT":"Manatu","STATE":"Jharkhand","shapeID":"7132399B14847155274709","source":"geoBoundaries gbOpen IND ADM3 (ODbL 1.0); source: Local Government Directory lgdirectory.gov.in via Pathways Data","DISTRICT":"Palamu"},"geometry":{"type":"Polygon","coordinates":[[[84.3079,24.2746],[84.3106,24.261],[84.3232,24.2536],[84.326,24.2421],[84.3243,24.2278],[84.309,24.2056],[84.3141,24.1475],[84.3555,24.159],[84.358,24.1649],[84.362,24.1542],[84.3812,24.1544],[84.3731,24.1169],[84.376,24.1108],[84.3887,24.109],[84.404,24.1566],[84.4221,24.1722],[84.4241,24.1459],[84.4475,24.1485],[84.4661,24.1651],[84.499,24.1275],[84.5049,24.1348],[84.5293,24.1317],[84.5365,24.1384],[84.547,24.1641],[84.5287,24.2079],[84.4861,24.2061],[84.4669,24.2352],[84.4502,24.2461],[84.4598,24.2742],[84.4855,24.271],[84.4894,24.2842],[84.5009,24.2869],[84.4916,24.2968],[84.4961,24.3021],[84.486,24.3028],[84.487,24.315],[84.4694,24.3174],[84.462,24.3385],[84.4249,24.3312],[84.43,24.3589],[84.4024,24.3675],[84.3939,24.3334],[84.377,24.3216],[84.3592,24.2917],[84.3125,24.2812],[84.3079,24.2746]]]}},{"type":"Feature","properties":{"SUBDISTRICT":"Satgawan","STATE":"Jharkhand","shapeID":"7132399B81552715660070","source":"geoBoundaries gbOpen IND ADM3 (ODbL 1.0); source: Local Government Directory lgdirectory.gov.in via Pathways Data","DISTRICT":"Koderma"},"geometry":{"type":"Polygon","coordinates":[[[85.6552,24.6821],[85.6669,24.675],[85.6703,24.665],[85.6681,24.6469],[85.6782,24.6096],[85.7175,24.6135],[85.7363,24.6082],[85.7497,24.6186],[85.7686,24.6207],[85.7806,24.6115],[85.7904,24.6136],[85.8119,24.6539],[85.8238,24.6641],[85.8662,24.6597],[85.8527,24.7045],[85.8422,24.7115],[85.8467,24.7252],[85.8812,24.7335],[85.9114,24.7288],[85.907,24.7407],[85.9174,24.754],[85.8941,24.7858],[85.8966,24.7919],[85.8847,24.8005],[85.8341,24.8098],[85.825,24.8072],[85.8176,24.7947],[85.7842,24.7991],[85.7724,24.8127],[85.7437,24.8228],[85.728,24.7871],[85.7168,24.7811],[85.7117,24.769],[85.7151,24.7479],[85.7036,24.7137],[85.6866,24.694],[85.6565,24.6873],[85.6552,24.6821]]]}},{"type":"Feature","properties":{"SUBDISTRICT":"Garu","STATE":"Jharkhand","shapeID":"7132399B16784506699428","source":"geoBoundaries gbOpen IND ADM3 (ODbL 1.0); source: Local Government Directory lgdirectory.gov.in via Pathways Data","DISTRICT":"Latehar"},"geometry":{"type":"Polygon","coordinates":[[[84.0091,23.6233],[84.0292,23.5927],[84.053,23.5909],[84.0651,23.5979],[84.0734,23.5934],[84.0794,23.5882],[84.0825,23.5663],[84.094,23.5645],[84.0971,23.5502],[84.1325,23.5195],[84.1597,23.5237],[84.1766,23.5519],[84.2078,23.5557],[84.2317,23.5215],[84.2274,23.5067],[84.2324,23.497],[84.2947,23.4823],[84.3182,23.4944],[84.3162,23.5733],[84.3346,23.605],[84.3515,23.6109],[84.3743,23.6061],[84.3855,23.6297],[84.3615,23.682],[84.3627,23.6977],[84.3288,23.6955],[84.299,23.672],[84.286,23.6709],[84.2783,23.6732],[84.2699,23.698],[84.2528,23.7024],[84.2174,23.6843],[84.2053,23.6636],[84.1429,23.6559],[84.1072,23.6553],[84.0973,23.6603],[84.0754,23.656],[84.0493,23.6726],[84.0109,23.6267],[84.0091,23.6233]]]}},{"type":"Feature","properties":{"SUBDISTRICT":"Itki","STATE":"Jharkhand","shapeID":"7132399B1907829386887","source":"geoBoundaries gbOpen IND ADM3 (ODbL 1.0); source: Local Government Directory lgdirectory.gov.in via Pathways Data","DISTRICT":"Ranchi"},"geometry":{"type":"Polygon","coordinates":[[[85.0074,23.294],[85.0195,23.2937],[85.0214,23.3],[85.0299,23.2953],[85.0314,23.2794],[85.0255,23.2773],[85.0235,23.2663],[85.0273,23.2506],[85.0495,23.2312],[85.0646,23.2395],[85.0993,23.242],[85.1014,23.2536],[85.1135,23.2593],[85.113,23.2729],[85.0873,23.2791],[85.0905,23.2974],[85.0997,23.295],[85.1011,23.2856],[85.1131,23.2866],[85.1058,23.3152],[85.1113,23.3292],[85.1062,23.339],[85.1101,23.3621],[85.0964,23.3748],[85.0962,23.3623],[85.0809,23.3494],[85.0484,23.3498],[85.0368,23.3414],[85.035,23.3167],[85.0159,23.3095],[85.0078,23.2976],[85.0074,23.294]]]}},{"type":"Feature","properties":{"SUBDISTRICT":"Tamar I","STATE":"Jharkhand","shapeID":"7132399B95798803118358","source":"geoBoundaries gbOpen IND ADM3 (ODbL 1.0); source: Local Government Directory lgdirectory.gov.in via Pathways Data","DISTRICT":"Ranchi"},"geometry":{"type":"Polygon","coordinates":[[[85.5811,22.9086],[85.617,22.8911],[85.6162,22.8976],[85.6398,22.9212],[85.6486,22.9175],[85.6518,22.9014],[85.6855,22.9082],[85.684,22.9202],[85.6897,22.9228],[85.713,22.9188],[85.7527,22.9264],[85.7769,22.9131],[85.7886,22.9133],[85.7924,22.9054],[85.8076,22.9034],[85.8185,22.8904],[85.8494,22.8867],[85.8505,22.8822],[85.8665,22.8877],[85.8592,22.9041],[85.8711,22.9125],[85.8775,22.9324],[85.8659,22.9471],[85.8485,22.9534],[85.8449,22.9923],[85.8266,22.9987],[85.8188,23.0043],[85.8197,23.0143],[85.8126,23.0138],[85.8217,23.0385],[85.808,23.0832],[85.786,23.0853],[85.7851,23.0766],[85.7729,23.0814],[85.7782,23.0857],[85.7747,23.1095],[85.7592,23.1353],[85.7465,23.139],[85.7375,23.1537],[85.726,23.1366],[85.7172,23.1397],[85.7116,23.1319],[85.6981,23.1322],[85.6978,23.1243],[85.6739,23.1149],[85.6806,23.1014],[85.6689,23.0784],[85.6415,23.0899],[85.6211,23.0895],[85.6333,23.0729],[85.632,23.0575],[85.6083,23.0512],[85.5975,23.04],[85.6146,23.0394],[85.6335,23.0482],[85.6447,23.0449],[85.6498,23.0365],[85.6355,23.0294],[85.6415,23.0113],[85.6579,23.0087],[85.656,22.9979],[85.668,22.9878],[85.6559,22.9749],[85.6431,22.9727],[85.6155,22.9805],[85.6188,22.9459],[85.6112,22.9445],[85.6056,22.9322],[85.5955,22.9316],[85.594,22.9182],[85.5817,22.9113],[85.5811,22.9086]]]}},{"type":"Feature","properties":{"SUBDISTRICT":"Tisri","STATE":"Jharkhand","shapeID":"7132399B31381770693760","source":"geoBoundaries gbOpen IND ADM3 (ODbL 1.0); source: Local Government Directory lgdirectory.gov.in via Pathways Data","DISTRICT":"Giridih"},"geometry":{"type":"Polygon","coordinates":[[[85.9159,24.5159],[85.9317,24.5055],[85.9825,24.5117],[85.9868,24.4945],[85.9767,24.4914],[85.9801,24.4783],[86.0025,24.4836],[86.0089,24.4916],[86.0066,24.5359],[86.0344,24.5301],[86.0383,24.5469],[86.0493,24.5444],[86.0537,24.5263],[86.0603,24.5341],[86.0847,24.5276],[86.0962,24.5397],[86.1025,24.5281],[86.1136,24.5269],[86.1072,24.5148],[86.1149,24.511],[86.1221,24.5258],[86.1536,24.5157],[86.1664,24.5226],[86.1566,24.5375],[86.1585,24.5471],[86.1479,24.5519],[86.1577,24.5637],[86.1569,24.5784],[86.1646,24.5892],[86.1588,24.6003],[86.1399,24.6041],[86.1322,24.6124],[86.1249,24.6424],[86.1329,24.6547],[86.1326,24.6713],[86.1402,24.676],[86.1311,24.7056],[86.116,24.7327],[86.0933,24.7467],[86.0699,24.7521],[86.0458,24.7417],[86.0427,24.7477],[86.0597,24.7621],[86.0573,24.7799],[86.0164,24.7683],[86.0068,24.7517],[85.9827,24.7463],[85.9721,24.6925],[85.9744,24.6857],[85.9802,24.6864],[85.9824,24.6729],[85.9902,24.6714],[85.9857,24.661],[85.9777,24.6615],[85.9647,24.6291],[86.0086,24.6269],[86.0176,24.6172],[86.0131,24.6171],[86.0135,24.6059],[85.9925,24.5995],[86.0008,24.5976],[85.9995,24.592],[85.9793,24.5826],[85.9693,24.5619],[85.975,24.5491],[85.952,24.5397],[85.9386,24.5439],[85.9377,24.5356],[85.9294,24.5346],[85.9374,24.527],[85.916,24.5162],[85.9159,24.5159]]]}},{"type":"Feature","properties":{"SUBDISTRICT":"Deori","STATE":"Jharkhand","shapeID":"7132399B53842213661601","source":"geoBoundaries gbOpen IND ADM3 (ODbL 1.0); source: Local Government Directory lgdirectory.gov.in via Pathways Data","DISTRICT":"Giridih"},"geometry":{"type":"Polygon","coordinates":[[[86.0052,24.4868],[86.0349,24.4692],[86.0495,24.4479],[86.0568,24.4534],[86.0763,24.4452],[86.0814,24.4499],[86.0936,24.4457],[86.1096,24.4489],[86.1155,24.4562],[86.1313,24.447],[86.1986,24.4408],[86.2125,24.4329],[86.2137,24.4226],[86.2339,24.4171],[86.2483,24.3955],[86.2895,24.4156],[86.28,24.427],[86.3101,24.4457],[86.3073,24.4576],[86.2855,24.4628],[86.3188,24.5093],[86.3078,24.5327],[86.3162,24.5481],[86.3105,24.559],[86.3293,24.5848],[86.2991,24.5868],[86.2802,24.5834],[86.2833,24.5749],[86.2727,24.5826],[86.2706,24.5765],[86.2239,24.6124],[86.2222,24.5918],[86.1601,24.5858],[86.159,24.5668],[86.1479,24.5519],[86.1585,24.5471],[86.1566,24.5375],[86.1667,24.5284],[86.1639,24.5183],[86.1497,24.5162],[86.1221,24.5258],[86.1149,24.511],[86.1072,24.5148],[86.1136,24.5269],[86.1025,24.5281],[86.0962,24.5397],[86.0847,24.5276],[86.0603,24.5341],[86.0537,24.5263],[86.0493,24.5444],[86.0383,24.5469],[86.0344,24.5301],[86.0066,24.5359],[86.0111,24.5044],[86.0056,24.4875],[86.0052,24.4868]]]}},{"type":"Feature","properties":{"SUBDISTRICT":"Godda","STATE":"Jharkhand","shapeID":"7132399B30521807530556","source":"geoBoundaries gbOpen IND ADM3 (ODbL 1.0); source: Local Government Directory lgdirectory.gov.in via Pathways Data","DISTRICT":"Godda"},"geometry":{"type":"Polygon","coordinates":[[[87.0831,24.8126],[87.0967,24.8035],[87.1096,24.8049],[87.1212,24.8322],[87.1481,24.799],[87.1602,24.798],[87.1624,24.8183],[87.1736,24.8251],[87.1792,24.8015],[87.1966,24.7754],[87.2162,24.7627],[87.2273,24.7221],[87.2465,24.7152],[87.2454,24.705],[87.2622,24.6989],[87.2822,24.6773],[87.2941,24.6604],[87.3022,24.6234],[87.3225,24.6105],[87.336,24.5825],[87.371,24.5568],[87.33,24.8101],[87.3335,24.8866],[87.311,24.8903],[87.2973,24.8731],[87.2666,24.8876],[87.2592,24.8818],[87.2612,24.8769],[87.2554,24.8813],[87.2589,24.8986],[87.2535,24.9],[87.2325,24.8857],[87.2201,24.8913],[87.2185,24.884],[87.2052,24.8836],[87.1997,24.8896],[87.1902,24.8776],[87.1761,24.8922],[87.1795,24.9009],[87.1689,24.9012],[87.1539,24.8686],[87.1569,24.8592],[87.1205,24.8563],[87.1009,24.827],[87.0863,24.8251],[87.0836,24.815],[87.0831,24.8126]]]}},{"type":"Feature","properties":{"SUBDISTRICT":"Bishungarh","STATE":"Jharkhand","shapeID":"7132399B79302741964926","source":"geoBoundaries gbOpen IND ADM3 (ODbL 1.0); source: Local Government Directory lgdirectory.gov.in via Pathways Data","DISTRICT":"Hazaribag"},"geometry":{"type":"Polygon","coordinates":[[[85.6848,23.983],[85.6875,23.9675],[85.7107,23.9746],[85.7281,23.9671],[85.7275,23.9606],[85.7363,23.9618],[85.7426,23.9548],[85.7438,23.9256],[85.7545,23.9092],[85.7702,23.9058],[85.7891,23.9253],[85.8063,23.9141],[85.8321,23.8817],[85.8452,23.8422],[85.8628,23.8129],[85.8833,23.8076],[85.9015,23.8234],[85.9323,23.8832],[85.9305,23.8967],[85.9403,23.9275],[85.9462,23.9276],[85.9508,23.9416],[85.9638,23.9453],[85.9577,23.96],[85.9262,23.9719],[85.9278,23.9872],[85.9178,24.0022],[85.926,24.0094],[85.9102,24.0141],[85.9085,24.0267],[85.8859,24.0284],[85.8726,24.0496],[85.8578,24.0523],[85.851,24.0425],[85.8436,24.0433],[85.8365,24.0614],[85.8082,24.0736],[85.803,24.0886],[85.7813,24.0883],[85.7753,24.0798],[85.7571,24.0809],[85.7526,24.0673],[85.7354,24.0628],[85.7425,24.0505],[85.7578,24.0426],[85.7388,24.015],[85.7174,24.0047],[85.6938,24.0039],[85.6938,23.9903],[85.685,23.9837],[85.6848,23.983]]]}},{"type":"Feature","properties":{"SUBDISTRICT":"Garhwa","STATE":"Jharkhand","shapeID":"7132399B76839737468091","source":"geoBoundaries gbOpen IND ADM3 (ODbL 1.0); source: Local Government Directory lgdirectory.gov.in via Pathways Data","DISTRICT":"Garhwa"},"geometry":{"type":"Polygon","coordinates":[[[83.7208,24.1488],[83.7487,24.128],[83.7654,24.1257],[83.773,24.1101],[83.7956,24.1111],[83.7962,24.082],[83.7677,24.0703],[83.84,24.0414],[83.851,24.0528],[83.8658,24.0892],[83.8853,24.0999],[83.9034,24.1],[83.9029,24.1094],[83.9139,24.1114],[83.9283,24.1344],[83.9193,24.1594],[83.9317,24.1698],[83.8805,24.2042],[83.8626,24.2322],[83.8425,24.2488],[83.8272,24.2809],[83.824,24.2535],[83.8044,24.2306],[83.7972,24.1898],[83.761,24.1738],[83.7479,24.1835],[83.721,24.1782],[83.7221,24.161],[83.7208,24.1488]]]}},{"type":"Feature","properties":{"SUBDISTRICT":"Danda","STATE":"Jharkhand","shapeID":"7132399B56765267101244","source":"geoBoundaries gbOpen IND ADM3 (ODbL 1.0); source: Local Government Directory lgdirectory.gov.in via Pathways Data","DISTRICT":"Garhwa"},"geometry":{"type":"Polygon","coordinates":[[[83.9006,24.1057],[83.9034,24.1],[83.9257,24.106],[83.9355,24.1027],[83.9458,24.1137],[83.9717,24.1145],[83.9557,24.1569],[83.9317,24.1698],[83.9193,24.1594],[83.9283,24.1344],[83.9139,24.1114],[83.9011,24.1058],[83.9006,24.1057]]]}},{"type":"Feature","properties":{"SUBDISTRICT":"Dumaria","STATE":"Jharkhand","shapeID":"7132399B63518623367411","source":"geoBoundaries gbOpen IND ADM3 (ODbL 1.0); source: Local Government Directory lgdirectory.gov.in via Pathways Data","DISTRICT":"Purba Singhbhum"},"geometry":{"type":"Polygon","coordinates":[[[86.2809,22.4944],[86.2915,22.4754],[86.2906,22.4536],[86.2853,22.4491],[86.2935,22.4289],[86.3062,22.4189],[86.3308,22.3768],[86.3528,22.3627],[86.3582,22.3491],[86.4271,22.3177],[86.4387,22.3054],[86.4447,22.3096],[86.4438,22.3272],[86.4636,22.3259],[86.4839,22.3383],[86.4891,22.3482],[86.4848,22.3512],[86.4988,22.3808],[86.4926,22.3862],[86.5068,22.3966],[86.5087,22.4146],[86.4893,22.4254],[86.4888,22.4353],[86.4978,22.441],[86.4805,22.4438],[86.4666,22.4684],[86.4445,22.4526],[86.4166,22.461],[86.3844,22.4906],[86.3674,22.4837],[86.3523,22.5042],[86.351,22.5209],[86.3438,22.5243],[86.3395,22.5174],[86.3194,22.5268],[86.3089,22.504],[86.2909,22.5038],[86.2819,22.497],[86.2809,22.4944]]]}},{"type":"Feature","properties":{"SUBDISTRICT":"Ranka","STATE":"Jharkhand","shapeID":"7132399B77749697247606","source":"geoBoundaries gbOpen IND ADM3 (ODbL 1.0); source: Local Government Directory lgdirectory.gov.in via Pathways Data","DISTRICT":"Garhwa"},"geometry":{"type":"Polygon","coordinates":[[[83.5449,23.9142],[83.5569,23.8925],[83.5837,23.8841],[83.5652,23.8692],[83.5688,23.8627],[83.6571,23.8479],[83.6638,23.8434],[83.6658,23.8276],[83.6797,23.8199],[83.6895,23.8256],[83.7029,23.8205],[83.7031,23.8075],[83.7152,23.7949],[83.7394,23.7971],[83.7559,23.8597],[83.7714,23.8675],[83.8105,23.8718],[83.8421,23.8965],[83.8255,23.9087],[83.834,23.9532],[83.813,23.9599],[83.8284,23.9749],[83.8286,23.996],[83.8225,24.006],[83.84,24.0414],[83.7626,24.0709],[83.7476,24.0606],[83.7504,24.0283],[83.7404,24.0198],[83.7388,24.0041],[83.7238,23.9938],[83.7155,23.9781],[83.6936,23.965],[83.6914,23.9369],[83.6721,23.9333],[83.6373,23.9429],[83.6102,23.9395],[83.5779,23.9233],[83.5465,23.9331],[83.545,23.9157],[83.5449,23.9142]]]}},{"type":"Feature","properties":{"SUBDISTRICT":"Bhandaria","STATE":"Jharkhand","shapeID":"7132399B79440654996425","source":"geoBoundaries gbOpen IND ADM3 (ODbL 1.0); source: Local Government Directory lgdirectory.gov.in via Pathways Data","DISTRICT":"Garhwa"},"geometry":{"type":"Polygon","coordinates":[[[83.7152,23.7949],[83.7198,23.7723],[83.7369,23.7547],[83.7422,23.7136],[83.7222,23.6826],[83.7584,23.6535],[83.752,23.6458],[83.7943,23.6391],[83.7807,23.6304],[83.7534,23.6321],[83.7552,23.6268],[83.7723,23.6217],[83.7823,23.5997],[83.7935,23.5984],[83.8078,23.5834],[83.8183,23.5891],[83.9426,23.5635],[83.9369,23.594],[83.9452,23.6228],[84.0143,23.6327],[84.0493,23.6726],[84.0571,23.6977],[84.0521,23.7018],[84.031,23.6929],[84.0176,23.7053],[83.9994,23.706],[83.9972,23.7166],[83.9795,23.7156],[83.9837,23.7266],[83.9794,23.7418],[83.9943,23.7434],[83.9961,23.7612],[84.0071,23.7644],[84.0053,23.7829],[84.0142,23.8025],[83.9904,23.8123],[83.9703,23.8592],[83.9302,23.869],[83.9035,23.8213],[83.8553,23.816],[83.8383,23.8048],[83.7292,23.7992],[83.7152,23.7949]]]}},{"type":"Feature","properties":{"SUBDISTRICT":"Dadi","STATE":"Jharkhand","shapeID":"7132399B78167507683587","source":"geoBoundaries gbOpen IND ADM3 (ODbL 1.0); source: Local Government Directory lgdirectory.gov.in via Pathways Data","DISTRICT":"Hazaribag"},"geometry":{"type":"Polygon","coordinates":[[[85.3585,23.6762],[85.3629,23.6708],[85.3806,23.673],[85.3859,23.6575],[85.3955,23.6614],[85.4008,23.6499],[85.415,23.6491],[85.4144,23.6419],[85.425,23.6337],[85.4416,23.632],[85.4591,23.6418],[85.4674,23.6317],[85.4714,23.6377],[85.4499,23.6575],[85.454,23.6877],[85.4655,23.6869],[85.4687,23.7019],[85.479,23.7032],[85.485,23.7208],[85.4932,23.7223],[85.4902,23.7378],[85.5011,23.7443],[85.4965,23.752],[85.4623,23.7589],[85.456,23.7777],[85.4173,23.7878],[85.4076,23.7839],[85.4018,23.7702],[85.3682,23.7834],[85.3661,23.7479],[85.3724,23.7383],[85.3723,23.7112],[85.3608,23.6791],[85.3585,23.6762]]]}},{"type":"Feature","properties":{"SUBDISTRICT":"Bolba","STATE":"Jharkhand","shapeID":"7132399B28454054545836","source":"geoBoundaries gbOpen IND ADM3 (ODbL 1.0); source: Local Government Directory lgdirectory.gov.in via Pathways Data","DISTRICT":"Simdega"},"geometry":{"type":"Polygon","coordinates":[[[84.1594,22.4032],[84.201,22.3742],[84.2534,22.3761],[84.2731,22.3503],[84.2961,22.3398],[84.3742,22.3521],[84.4013,22.3464],[84.4329,22.3514],[84.4383,22.3626],[84.4337,22.3672],[84.4489,22.3756],[84.4116,22.404],[84.3362,22.4411],[84.3288,22.4606],[84.2535,22.4969],[84.2192,22.4878],[84.2207,22.4661],[84.2125,22.4458],[84.1811,22.4313],[84.1667,22.4069],[84.1594,22.4032]]]}},{"type":"Feature","properties":{"SUBDISTRICT":"Chitarpur","STATE":"Jharkhand","shapeID":"7132399B73171168734859","source":"geoBoundaries gbOpen IND ADM3 (ODbL 1.0); source: Local Government Directory lgdirectory.gov.in via Pathways Data","DISTRICT":"Hazaribag"},"geometry":{"type":"Polygon","coordinates":[[[85.6392,23.5342],[85.6527,23.5298],[85.6581,23.5143],[85.6831,23.5079],[85.6909,23.5068],[85.6976,23.5149],[85.7096,23.5105],[85.7164,23.5172],[85.7282,23.5091],[85.7367,23.5209],[85.7313,23.5358],[85.7345,23.5447],[85.7413,23.5453],[85.734,23.5473],[85.7395,23.5489],[85.7394,23.5648],[85.745,23.574],[85.7496,23.5725],[85.75,23.5843],[85.7564,23.5858],[85.747,23.5997],[85.7235,23.6061],[85.7016,23.5951],[85.6923,23.5746],[85.6827,23.5707],[85.6736,23.5776],[85.653,23.563],[85.6399,23.5354],[85.6392,23.5342]]]}},{"type":"Feature","properties":{"SUBDISTRICT":"Albert Ekka(Jari)","STATE":"Jharkhand","shapeID":"7132399B87006871615035","source":"geoBoundaries gbOpen IND ADM3 (ODbL 1.0); source: Local Government Directory lgdirectory.gov.in via Pathways Data","DISTRICT":"Gumla"},"geometry":{"type":"Polygon","coordinates":[[[84.1233,23.0874],[84.1336,23.0864],[84.138,23.0787],[84.1308,23.0379],[84.1513,22.9896],[84.1551,22.9653],[84.1749,22.9724],[84.1837,23.0219],[84.197,23.0251],[84.2053,23.0204],[84.2038,23.0055],[84.2219,22.9789],[84.2444,22.9819],[84.2579,22.9729],[84.2784,22.9904],[84.2759,22.9805],[84.2856,22.9628],[84.3137,22.9691],[84.3029,22.9961],[84.2948,23.0475],[84.2737,23.07],[84.2624,23.0734],[84.2389,23.1082],[84.2042,23.105],[84.1801,23.1124],[84.1781,23.1071],[84.1596,23.1056],[84.1451,23.0882],[84.1251,23.0912],[84.1233,23.0874]]]}},{"type":"Feature","properties":{"SUBDISTRICT":"Jaldega","STATE":"Jharkhand","shapeID":"7132399B4163415382611","source":"geoBoundaries gbOpen IND ADM3 (ODbL 1.0); source: Local Government Directory lgdirectory.gov.in via Pathways Data","DISTRICT":"Simdega"},"geometry":{"type":"Polygon","coordinates":[[[84.5942,22.5148],[84.5991,22.5022],[84.611,22.5013],[84.6201,22.4847],[84.6293,22.4808],[84.6554,22.4937],[84.6602,22.5022],[84.6884,22.4812],[84.7303,22.4934],[84.7668,22.4918],[84.7666,22.5028],[84.806,22.5156],[84.8119,22.508],[84.8091,22.4772],[84.8016,22.4697],[84.8063,22.4569],[84.7876,22.4582],[84.7865,22.4632],[84.7726,22.4549],[84.7737,22.4456],[84.8144,22.4496],[84.8193,22.4344],[84.8391,22.4292],[84.848,22.4376],[84.8619,22.4348],[84.8831,22.446],[84.8868,22.4204],[84.9264,22.4288],[84.9239,22.4372],[84.959,22.4556],[84.9514,22.4718],[84.967,22.4827],[84.9539,22.4919],[84.9534,22.4994],[84.9607,22.5028],[84.9463,22.511],[84.9446,22.5211],[84.9228,22.5237],[84.919,22.535],[84.9238,22.5385],[84.913,22.5505],[84.9089,22.5654],[84.9144,22.5675],[84.9077,22.5781],[84.8983,22.5676],[84.8737,22.558],[84.8552,22.5634],[84.8545,22.5732],[84.8438,22.5826],[84.8458,22.5901],[84.8396,22.5929],[84.8437,22.5995],[84.8383,22.6115],[84.8454,22.6152],[84.8414,22.6341],[84.8214,22.6428],[84.7982,22.6409],[84.7873,22.6203],[84.761,22.6286],[84.7458,22.626],[84.7225,22.6035],[84.7142,22.6022],[84.7107,22.6138],[84.7002,22.6148],[84.6892,22.6062],[84.6475,22.6044],[84.6384,22.5886],[84.641,22.5833],[84.6151,22.5572],[84.5943,22.5202],[84.5942,22.5148]]]}},{"type":"Feature","properties":{"SUBDISTRICT":"Chainpur","STATE":"Jharkhand","shapeID":"7132399B37382709294654","source":"geoBoundaries gbOpen IND ADM3 (ODbL 1.0); source: Local Government Directory lgdirectory.gov.in via Pathways Data","DISTRICT":"Palamu"},"geometry":{"type":"Polygon","coordinates":[[[83.813,23.9599],[83.834,23.9532],[83.8582,23.9573],[83.8645,23.987],[83.8847,23.9877],[83.8896,23.9697],[83.91,23.94],[83.9281,23.9311],[83.9232,23.8933],[83.9302,23.869],[83.9703,23.8592],[83.9904,23.8123],[84.012,23.8054],[84.014,23.7936],[84.0306,23.7976],[84.0457,23.812],[84.0401,23.8256],[84.0505,23.8317],[84.0477,23.8519],[84.0926,23.8701],[84.0898,23.893],[84.1073,23.8971],[84.1319,23.9201],[84.1305,23.9397],[84.1188,23.9605],[84.0692,23.9995],[84.0596,24.0303],[84.0436,24.0471],[84.0493,24.1375],[84.0269,24.1622],[84.0096,24.1535],[83.9972,24.1621],[83.9557,24.1569],[83.9717,24.1145],[83.9458,24.1137],[83.9355,24.1027],[83.8853,24.0999],[83.8658,24.0892],[83.8225,24.006],[83.8286,23.996],[83.8284,23.9749],[83.8158,23.9641],[83.813,23.9599]],[[83.9181,23.9471],[83.9446,23.9785],[83.9648,23.9473],[83.9533,23.9362],[83.9322,23.9337],[83.924,23.9459],[83.9181,23.9471]]]}},{"type":"Feature","properties":{"SUBDISTRICT":"Hat Gamharia","STATE":"Jharkhand","shapeID":"7132399B63032690965406","source":"geoBoundaries gbOpen IND ADM3 (ODbL 1.0); source: Local Government Directory lgdirectory.gov.in via Pathways Data","DISTRICT":"Pashchim Singhbhum"},"geometry":{"type":"Polygon","coordinates":[[[85.6247,22.335],[85.6374,22.293],[85.6316,22.2922],[85.6351,22.2686],[85.6539,22.2395],[85.6723,22.2358],[85.6821,22.2464],[85.6977,22.2431],[85.7022,22.2282],[85.72,22.2153],[85.734,22.2269],[85.7476,22.2263],[85.7328,22.1575],[85.7219,22.1548],[85.722,22.1409],[85.7092,22.1339],[85.7083,22.126],[85.7422,22.1189],[85.741,22.1374],[85.7678,22.1304],[85.7747,22.1412],[85.8132,22.1265],[85.8133,22.1692],[85.8324,22.1832],[85.83,22.2074],[85.8582,22.2073],[85.853,22.2263],[85.8326,22.2351],[85.8087,22.2741],[85.8091,22.3006],[85.7757,22.3094],[85.7714,22.3166],[85.7649,22.3143],[85.7715,22.3296],[85.7673,22.3369],[85.7542,22.3399],[85.7635,22.3522],[85.7599,22.3583],[85.7383,22.3643],[85.7361,22.3501],[85.7214,22.3542],[85.7128,22.3349],[85.703,22.3364],[85.6803,22.3141],[85.6626,22.3157],[85.6526,22.3409],[85.6552,22.3485],[85.6304,22.3499],[85.6255,22.3377],[85.6247,22.335]]]}},{"type":"Feature","properties":{"SUBDISTRICT":"Karra","STATE":"Jharkhand","shapeID":"7132399B88699396837253","source":"geoBoundaries gbOpen IND ADM3 (ODbL 1.0); source: Local Government Directory lgdirectory.gov.in via Pathways Data","DISTRICT":"Ranchi"},"geometry":{"type":"Polygon","coordinates":[[[84.8923,22.9961],[84.9028,22.9706],[84.9229,22.9683],[84.9326,22.9559],[84.9456,22.9543],[84.9583,22.9913],[84.9926,22.9891],[84.9987,22.9985],[85.0142,22.9913],[85.021,23.001],[85.0365,22.9992],[85.038,23.0227],[85.0712,23.0204],[85.0737,23.0278],[85.1047,23.044],[85.1126,23.0572],[85.1301,23.0541],[85.1368,23.0417],[85.1549,23.0516],[85.1503,23.0724],[85.1838,23.0705],[85.1843,23.08],[85.1574,23.0923],[85.1728,23.1466],[85.1932,23.1428],[85.2052,23.1542],[85.2089,23.1692],[85.2013,23.1722],[85.2033,23.1875],[85.1907,23.1866],[85.1819,23.1932],[85.1952,23.2044],[85.1947,23.2162],[85.1849,23.2218],[85.1904,23.232],[85.1881,23.2528],[85.1683,23.2581],[85.1628,23.2499],[85.1386,23.2553],[85.1143,23.2742],[85.113,23.2575],[85.1035,23.2559],[85.0993,23.242],[85.0474,23.2334],[85.0373,23.217],[85.0222,23.2102],[84.9986,23.1724],[84.9985,23.1642],[85.0133,23.1565],[85.0156,23.1469],[85.0038,23.1364],[85.0118,23.1157],[84.9821,23.1085],[84.9921,23.0885],[84.9478,23.0739],[84.9507,23.0419],[84.9385,23.0329],[84.9351,23.0166],[84.9275,23.0227],[84.9188,23.0141],[84.9221,23.0087],[84.9059,23.0083],[84.8953,22.9989],[84.8923,22.9961]]]}},{"type":"Feature","properties":{"SUBDISTRICT":"EGARKUND","STATE":"Jharkhand","shapeID":"7132399B99872860443762","source":"geoBoundaries gbOpen IND ADM3 (ODbL 1.0); source: Local Government Directory lgdirectory.gov.in via Pathways Data","DISTRICT":"Dhanbad"},"geometry":{"type":"Polygon","coordinates":[[[86.7304,23.7493],[86.7645,23.736],[86.7662,23.7169],[86.7976,23.6893],[86.8101,23.7417],[86.8216,23.7467],[86.8253,23.7629],[86.8223,23.778],[86.8033,23.7995],[86.8031,23.8258],[86.7863,23.8208],[86.7815,23.8001],[86.7643,23.7963],[86.7637,23.7825],[86.7528,23.7831],[86.7316,23.7512],[86.7304,23.7493]]]}},{"type":"Feature","properties":{"SUBDISTRICT":"KARIASOL","STATE":"Jharkhand","shapeID":"7132399B27967416736314","source":"geoBoundaries gbOpen IND ADM3 (ODbL 1.0); source: Local Government Directory lgdirectory.gov.in via Pathways Data","DISTRICT":"Dhanbad"},"geometry":{"type":"Polygon","coordinates":[[[86.5356,23.7558],[86.5382,23.7465],[86.5617,23.7378],[86.5643,23.7101],[86.5792,23.7095],[86.5743,23.6821],[86.5937,23.671],[86.6301,23.6747],[86.7166,23.6991],[86.7373,23.6957],[86.7437,23.6796],[86.7976,23.6893],[86.7662,23.7169],[86.7645,23.736],[86.7316,23.747],[86.7376,23.7578],[86.7257,23.7661],[86.7123,23.7679],[86.7105,23.7604],[86.6731,23.7696],[86.6466,23.7655],[86.6434,23.7847],[86.6131,23.7864],[86.6027,23.7787],[86.5827,23.7919],[86.5727,23.7886],[86.5676,23.7669],[86.5387,23.7712],[86.536,23.7567],[86.5356,23.7558]]]}},{"type":"Feature","properties":{"SUBDISTRICT":"BARGARH","STATE":"Jharkhand","shapeID":"7132399B47598699222134","source":"geoBoundaries gbOpen IND ADM3 (ODbL 1.0); source: Local Government Directory lgdirectory.gov.in via Pathways Data","DISTRICT":"Garhwa"},"geometry":{"type":"Polygon","coordinates":[[[83.7504,23.6406],[83.7534,23.6321],[83.7807,23.6304],[83.7938,23.6366],[83.7856,23.6434],[83.752,23.6458],[83.7504,23.6406]]]}},{"type":"Feature","properties":{"SUBDISTRICT":"RAMGARH","STATE":"Jharkhand","shapeID":"7132399B18745523674813","source":"geoBoundaries gbOpen IND ADM3 (ODbL 1.0); source: Local Government Directory lgdirectory.gov.in via Pathways Data","DISTRICT":"Palamu"},"geometry":{"type":"Polygon","coordinates":[[[83.9181,23.9471],[83.9304,23.9418],[83.9322,23.9337],[83.9533,23.9362],[83.9648,23.9473],[83.9446,23.9785],[83.9193,23.9494],[83.9181,23.9471]]]}}]}