{"type":"FeatureCollection","features":[{"type":"Feature","properties":{"SUBDISTRICT":"Villianur Taluk","STATE":"Tamil Nadu","shapeID":"7132399B18095883310797","source":"geoBoundaries gbOpen IND ADM3 (ODbL 1.0); source: Local Government Directory lgdirectory.gov.in via Pathways Data","DISTRICT":null},"geometry":{"type":"MultiPolygon","coordinates":[[[[79.6572,11.9899],[79.6661,11.9861],[79.6745,11.9912],[79.6802,11.9817],[79.686,11.9889],[79.714,11.9863],[79.7102,11.9753],[79.7165,11.9664],[79.6981,11.9607],[79.6931,11.9508],[79.7128,11.931],[79.7096,11.9456],[79.721,11.943],[79.7191,11.9273],[79.74,11.9059],[79.7311,11.9011],[79.7305,11.8894],[79.7066,11.8927],[79.7067,11.9121],[79.7176,11.9168],[79.6979,11.919],[79.6949,11.8936],[79.6754,11.8916],[79.6741,11.8799],[79.7056,11.8884],[79.7217,11.8802],[79.7504,11.8822],[79.7544,11.8613],[79.7588,11.8742],[79.7701,11.8723],[79.7691,11.8964],[79.7781,11.8973],[79.7812,11.9129],[79.7912,11.918],[79.7852,11.9226],[79.7947,11.9231],[79.7963,11.9309],[79.7929,11.9407],[79.7629,11.9433],[79.7626,11.9296],[79.752,11.9216],[79.7486,11.9616],[79.7294,11.9696],[79.7306,11.9817],[79.7504,11.9779],[79.7676,11.9938],[79.7496,12.0086],[79.7399,11.9922],[79.7207,11.9916],[79.7056,12.0105],[79.7064,12.0316],[79.6938,12.0334],[79.6741,12.011],[79.6621,12.0113],[79.6576,11.9924],[79.6572,11.9899]]],[[[79.6184,11.9701],[79.6417,11.9697],[79.6366,11.9964],[79.6498,12.0117],[79.6489,12.0235],[79.6225,12.0266],[79.6197,12.0004],[79.6275,11.9981],[79.6194,11.9828],[79.6272,11.9753],[79.6184,11.9701]]],[[[79.6544,11.9585],[79.6599,11.949],[79.6757,11.9479],[79.6849,11.9531],[79.6889,11.9719],[79.6626,11.9682],[79.6611,11.9574],[79.6545,11.9585],[79.6544,11.9585]]],[[[79.6199,11.9399],[79.6201,11.9244],[79.6292,11.9195],[79.6265,11.9024],[79.6417,11.9012],[79.6445,11.9076],[79.6627,11.9113],[79.6614,11.9161],[79.6725,11.9147],[79.671,11.9343],[79.6613,11.9375],[79.6582,11.9479],[79.6435,11.9447],[79.64,11.9363],[79.6205,11.9441],[79.6199,11.9399]]]]}},{"type":"Feature","properties":{"SUBDISTRICT":"Bahour Taluk","STATE":"Tamil Nadu","shapeID":"7132399B28982365310614","source":"geoBoundaries gbOpen IND ADM3 (ODbL 1.0); source: Local Government Directory lgdirectory.gov.in via Pathways Data","DISTRICT":"Cuddalore"},"geometry":{"type":"MultiPolygon","coordinates":[[[[79.5998,11.8798],[79.6024,11.8565],[79.629,11.8672],[79.6268,11.8524],[79.6502,11.849],[79.6643,11.8603],[79.6629,11.8668],[79.6492,11.8703],[79.6499,11.8803],[79.6421,11.8809],[79.6426,11.8861],[79.6367,11.8867],[79.6362,11.8805],[79.6228,11.8901],[79.6085,11.8773],[79.602,11.8826],[79.5998,11.8798]]],[[[79.7086,11.8682],[79.719,11.8527],[79.7219,11.8615],[79.7334,11.8628],[79.7456,11.8613],[79.743,11.8468],[79.7536,11.8495],[79.7534,11.8805],[79.7103,11.883],[79.7086,11.8682]]],[[[79.6409,11.8227],[79.6463,11.8162],[79.67,11.8149],[79.6708,11.8228],[79.6601,11.8263],[79.6579,11.8412],[79.6466,11.8424],[79.6437,11.8253],[79.6409,11.8227]]],[[[79.7133,11.7907],[79.7551,11.7742],[79.7635,11.7904],[79.7699,11.7904],[79.7701,11.7813],[79.7809,11.78],[79.7845,11.7878],[79.7965,11.7882],[79.8063,11.8316],[79.7995,11.8375],[79.7934,11.8329],[79.8019,11.829],[79.797,11.8231],[79.7823,11.8321],[79.7735,11.822],[79.7645,11.8228],[79.7634,11.8325],[79.7387,11.8428],[79.7293,11.8367],[79.7365,11.8086],[79.7267,11.8089],[79.7229,11.7966],[79.7139,11.7938],[79.7133,11.7907]]],[[[79.6933,11.8127],[79.704,11.8121],[79.7017,11.8202],[79.6939,11.8211],[79.6933,11.8127]]],[[[79.6754,11.8063],[79.6757,11.8015],[79.6905,11.8027],[79.6883,11.8118],[79.6759,11.8124],[79.6754,11.8063]]]]}},{"type":"Feature","properties":{"SUBDISTRICT":"Vadipatti","STATE":"Tamil Nadu","shapeID":"7132399B86246846901870","source":"geoBoundaries gbOpen IND ADM3 (ODbL 1.0); source: Local Government Directory lgdirectory.gov.in via Pathways Data","DISTRICT":"Madurai"},"geometry":{"type":"Polygon","coordinates":[[[77.8871,10.0673],[77.8894,10.0536],[77.8955,10.0531],[77.9066,10.0285],[77.9314,10.016],[77.9516,9.987],[77.9677,9.9809],[77.9704,9.988],[77.9849,9.9767],[77.9899,9.9924],[78.0129,9.9916],[78.0094,10.0013],[77.9993,10.0041],[78.0267,10.0095],[78.0431,10.0052],[78.0495,10.0414],[78.0655,10.0371],[78.0745,10.0454],[78.0828,10.044],[78.0834,10.0268],[78.0939,10.0041],[78.1165,10.0145],[78.1159,10.0281],[78.135,10.0186],[78.1404,10.0362],[78.1342,10.0415],[78.1362,10.0516],[78.1537,10.0594],[78.1768,10.0922],[78.1703,10.092],[78.1605,10.1106],[78.1636,10.1402],[78.1497,10.1745],[78.1215,10.1889],[78.072,10.1785],[78.0305,10.1793],[78.0191,10.1596],[78.0001,10.159],[77.9748,10.1312],[77.9528,10.1402],[77.9478,10.1334],[77.9547,10.1285],[77.9371,10.1067],[77.9381,10.0953],[77.9478,10.0904],[77.9199,10.083],[77.9203,10.0742],[77.8921,10.0703],[77.8871,10.0673]]]}},{"type":"Feature","properties":{"SUBDISTRICT":"Dindigulwest","STATE":"Tamil Nadu","shapeID":"7132399B5236860075466","source":"geoBoundaries gbOpen IND ADM3 (ODbL 1.0); source: Local Government Directory lgdirectory.gov.in via Pathways Data","DISTRICT":"Dindigul"},"geometry":{"type":"Polygon","coordinates":[[[77.72,10.3707],[77.7203,10.3438],[77.7374,10.3254],[77.7335,10.3084],[77.7647,10.2979],[77.7693,10.2897],[77.7866,10.2892],[77.7948,10.2948],[77.7886,10.3014],[77.7914,10.3064],[77.8193,10.2957],[77.8255,10.302],[77.8049,10.3223],[77.8267,10.3247],[77.8296,10.3159],[77.8415,10.3183],[77.8366,10.3258],[77.8592,10.3209],[77.8575,10.3313],[77.8806,10.336],[77.888,10.3458],[77.8979,10.3361],[77.9127,10.3375],[77.917,10.3467],[77.9374,10.3455],[77.9493,10.3284],[77.9572,10.3399],[77.9855,10.338],[77.9904,10.3427],[77.986,10.3718],[78.0118,10.384],[78.0088,10.4144],[77.9848,10.4157],[77.9872,10.4565],[77.9779,10.4626],[77.9795,10.4833],[77.9735,10.4913],[77.9426,10.5084],[77.9272,10.5085],[77.9135,10.5001],[77.8931,10.5214],[77.8557,10.5274],[77.8444,10.5159],[77.8399,10.4767],[77.8159,10.4894],[77.8111,10.4991],[77.7978,10.497],[77.783,10.4844],[77.7835,10.4676],[77.7598,10.4512],[77.7227,10.4087],[77.7302,10.3934],[77.721,10.3736],[77.72,10.3707]]]}},{"type":"Feature","properties":{"SUBDISTRICT":"Mettupalayam","STATE":"Tamil Nadu","shapeID":"7132399B64018602393465","source":"geoBoundaries gbOpen IND ADM3 (ODbL 1.0); source: Local Government Directory lgdirectory.gov.in via Pathways Data","DISTRICT":"Coimbatore"},"geometry":{"type":"Polygon","coordinates":[[[76.696,11.1654],[76.7067,11.1404],[76.7137,11.1397],[76.713,11.1495],[76.7199,11.148],[76.7324,11.1303],[76.7451,11.1329],[76.7504,11.1189],[76.7709,11.1299],[76.7943,11.1266],[76.7894,11.138],[76.8494,11.147],[76.8309,11.1608],[76.834,11.1727],[76.8468,11.1799],[76.8612,11.1755],[76.8687,11.1828],[76.8778,11.1795],[76.8782,11.1864],[76.8941,11.1974],[76.9126,11.195],[76.9232,11.2072],[76.9479,11.2112],[76.9504,11.2152],[76.9434,11.217],[76.9476,11.2276],[76.9633,11.2195],[76.9679,11.2254],[76.9756,11.2182],[76.9948,11.231],[77.0066,11.2282],[77.0056,11.2649],[77.0184,11.2666],[77.0225,11.2796],[77.0422,11.2823],[77.0452,11.3117],[77.0511,11.319],[77.0677,11.3161],[77.0723,11.3386],[77.0795,11.3396],[77.0946,11.3267],[77.0984,11.3374],[77.1371,11.3417],[77.127,11.3771],[77.1102,11.381],[77.1089,11.4054],[77.0913,11.4017],[77.0901,11.3918],[77.069,11.3815],[77.0676,11.4013],[77.0485,11.4005],[77.0322,11.3831],[77.0225,11.3852],[77.0257,11.3711],[77.0157,11.3673],[76.9742,11.3844],[76.948,11.3714],[76.9339,11.3743],[76.938,11.3654],[76.954,11.3666],[76.9525,11.3617],[76.9221,11.3596],[76.9214,11.353],[76.9087,11.3475],[76.9032,11.3492],[76.903,11.3593],[76.8922,11.3646],[76.8875,11.3485],[76.8796,11.3566],[76.8512,11.3384],[76.8628,11.3058],[76.8559,11.2918],[76.8432,11.2863],[76.81,11.295],[76.7995,11.2912],[76.7897,11.2769],[76.7733,11.2876],[76.7667,11.2831],[76.7686,11.2611],[76.7394,11.2447],[76.71,11.2619],[76.7015,11.2549],[76.7026,11.241],[76.7365,11.2142],[76.7279,11.2061],[76.7312,11.1923],[76.699,11.1728],[76.696,11.1654]]]}},{"type":"Feature","properties":{"SUBDISTRICT":"Sulur","STATE":"Tamil Nadu","shapeID":"7132399B9570196002099","source":"geoBoundaries gbOpen IND ADM3 (ODbL 1.0); source: Local Government Directory lgdirectory.gov.in via Pathways Data","DISTRICT":"Coimbatore"},"geometry":{"type":"Polygon","coordinates":[[[77.0286,10.9837],[77.0394,10.9528],[77.0562,10.9449],[77.0635,10.9284],[77.0495,10.8927],[77.0409,10.891],[77.0326,10.8769],[77.0361,10.8717],[77.1173,10.8845],[77.1225,10.8672],[77.1443,10.8643],[77.1484,10.8481],[77.1584,10.8468],[77.1575,10.8352],[77.172,10.7995],[77.2158,10.8046],[77.2091,10.7919],[77.2291,10.7791],[77.2629,10.7803],[77.28,10.7876],[77.2774,10.8015],[77.2989,10.8135],[77.2901,10.8311],[77.2899,10.8537],[77.2813,10.8507],[77.2635,10.8588],[77.2546,10.8968],[77.2284,10.909],[77.218,10.9041],[77.2037,10.9084],[77.1984,10.9207],[77.1787,10.9226],[77.1725,10.9366],[77.1757,10.942],[77.1658,10.9709],[77.1515,10.9949],[77.1732,11.0157],[77.1757,11.0331],[77.1634,11.0628],[77.2334,11.1002],[77.2513,11.1052],[77.2628,11.1015],[77.2653,11.1062],[77.243,11.1345],[77.234,11.136],[77.2298,11.1236],[77.223,11.1211],[77.1871,11.1477],[77.1829,11.1371],[77.1723,11.136],[77.18,11.1593],[77.1582,11.1655],[77.1553,11.1948],[77.1206,11.1968],[77.1037,11.1726],[77.0924,11.1683],[77.1116,11.1503],[77.116,11.1232],[77.1316,11.1286],[77.1291,11.1062],[77.1102,11.111],[77.0834,11.0907],[77.0857,11.0858],[77.0797,11.0875],[77.0665,11.0769],[77.0545,11.0816],[77.0494,11.0521],[77.0556,11.0384],[77.0411,11.0342],[77.0523,10.9961],[77.0466,10.9876],[77.0288,10.9848],[77.0286,10.9837]]]}},{"type":"Feature","properties":{"SUBDISTRICT":"Coimbatore North","STATE":"Tamil Nadu","shapeID":"7132399B13416522474475","source":"geoBoundaries gbOpen IND ADM3 (ODbL 1.0); source: Local Government Directory lgdirectory.gov.in via Pathways Data","DISTRICT":"Coimbatore"},"geometry":{"type":"MultiPolygon","coordinates":[[[[76.8707,11.0094],[76.877,10.9949],[76.8839,11.005],[76.9056,10.9997],[76.9165,11.0159],[76.9076,11.024],[76.8893,11.0245],[76.8852,11.0151],[76.8731,11.0098],[76.8707,11.0094]]],[[[77.052,11.0679],[77.0521,11.0688],[77.0521,11.0691],[77.0521,11.0691],[77.052,11.0679]]],[[[76.7444,11.1012],[76.7584,11.083],[76.7448,11.0717],[76.7475,11.0553],[76.7616,11.0546],[76.7777,11.0401],[76.8005,11.0576],[76.8457,11.0503],[76.863,11.0539],[76.8608,11.0445],[76.8885,11.0354],[76.897,11.0411],[76.9073,11.0303],[76.9146,11.0365],[76.9168,11.0313],[76.9493,11.0353],[76.9443,11.0542],[76.9809,11.0507],[76.9993,11.0575],[77.0043,11.0435],[77.0253,11.0458],[77.035,11.0263],[77.0556,11.0384],[77.0494,11.0521],[77.0545,11.0633],[77.0422,11.0737],[77.0454,11.0998],[77.0358,11.1017],[77.0365,11.1126],[77.0298,11.1198],[77.0486,11.1246],[77.0427,11.1435],[77.0355,11.1481],[77.017,11.1371],[77.0159,11.0972],[77.0012,11.1],[76.9856,11.0901],[76.9701,11.1041],[76.978,11.1171],[76.972,11.1405],[76.9746,11.1916],[76.9853,11.1981],[76.9982,11.1922],[77.0025,11.2079],[77.0149,11.2101],[77.0066,11.2282],[76.9965,11.2313],[76.9756,11.2182],[76.9679,11.2254],[76.9633,11.2195],[76.9476,11.2276],[76.9434,11.217],[76.9504,11.2152],[76.9479,11.2112],[76.9232,11.2072],[76.9126,11.195],[76.8941,11.1974],[76.8782,11.1864],[76.8778,11.1795],[76.8687,11.1828],[76.8612,11.1755],[76.8468,11.1799],[76.834,11.1727],[76.8309,11.1608],[76.8516,11.1481],[76.7894,11.138],[76.7943,11.1266],[76.7694,11.1291],[76.7504,11.1189],[76.7446,11.1028],[76.7444,11.1012]]]]}},{"type":"Feature","properties":{"SUBDISTRICT":"Thottiyam","STATE":"Tamil Nadu","shapeID":"7132399B47066860624705","source":"geoBoundaries gbOpen IND ADM3 (ODbL 1.0); source: Local Government Directory lgdirectory.gov.in via Pathways Data","DISTRICT":"Tiruchchirappalli"},"geometry":{"type":"Polygon","coordinates":[[[78.1648,11.0432],[78.1843,11.0394],[78.1974,11.0435],[78.1953,11.0212],[78.1685,11.0109],[78.184,10.977],[78.2081,10.9603],[78.2,10.9521],[78.1915,10.955],[78.1763,10.9483],[78.1715,10.9403],[78.1923,10.9454],[78.2194,10.9416],[78.256,10.9509],[78.343,10.9437],[78.3826,10.9502],[78.4155,10.9406],[78.4299,10.9656],[78.4171,10.971],[78.4049,11.0432],[78.3737,11.0521],[78.3626,11.0625],[78.3597,11.0454],[78.3505,11.0464],[78.3448,11.0245],[78.3289,11.0301],[78.324,11.0563],[78.2839,11.0762],[78.2647,11.067],[78.2482,11.0908],[78.2297,11.0931],[78.2365,11.0656],[78.2279,11.0522],[78.2204,11.0635],[78.2036,11.0717],[78.1957,11.0612],[78.1829,11.0669],[78.1658,11.0475],[78.1648,11.0432]]]}},{"type":"Feature","properties":{"SUBDISTRICT":"Thuraiyur","STATE":"Tamil Nadu","shapeID":"7132399B84222401862969","source":"geoBoundaries gbOpen IND ADM3 (ODbL 1.0); source: Local Government Directory lgdirectory.gov.in via Pathways Data","DISTRICT":"Tiruchchirappalli"},"geometry":{"type":"Polygon","coordinates":[[[78.4136,11.2032],[78.4245,11.1987],[78.4309,11.2044],[78.4349,11.1763],[78.4522,11.1754],[78.4651,11.1899],[78.4738,11.1878],[78.471,11.1808],[78.4851,11.1784],[78.4889,11.1539],[78.4832,11.1511],[78.484,11.1419],[78.4959,11.0668],[78.5173,11.0655],[78.5211,11.0547],[78.5455,11.0513],[78.5462,11.0608],[78.5545,11.049],[78.5672,11.0591],[78.5762,11.0522],[78.5808,11.0554],[78.5768,11.0635],[78.5875,11.0705],[78.5999,11.066],[78.6406,11.0859],[78.6645,11.0855],[78.669,11.0955],[78.651,11.1225],[78.6756,11.1296],[78.6948,11.1239],[78.6865,11.1302],[78.6788,11.1635],[78.6559,11.1671],[78.6799,11.1919],[78.7065,11.1947],[78.7097,11.2016],[78.7038,11.2088],[78.7164,11.2123],[78.7103,11.2263],[78.6997,11.2277],[78.7144,11.235],[78.7108,11.2429],[78.7169,11.2573],[78.7526,11.2809],[78.7391,11.2985],[78.7407,11.3137],[78.7353,11.3197],[78.6849,11.3229],[78.6693,11.3148],[78.6619,11.3163],[78.662,11.3292],[78.6423,11.3234],[78.634,11.3325],[78.6548,11.3426],[78.6611,11.3557],[78.6711,11.3553],[78.6876,11.378],[78.6654,11.3733],[78.6433,11.3424],[78.6224,11.3346],[78.6093,11.3365],[78.5911,11.3247],[78.5846,11.329],[78.5783,11.3145],[78.5611,11.314],[78.5538,11.32],[78.5492,11.3611],[78.5249,11.371],[78.5165,11.382],[78.506,11.3783],[78.51,11.3924],[78.4984,11.4026],[78.4864,11.4031],[78.4807,11.3861],[78.4638,11.3839],[78.4559,11.3469],[78.4605,11.339],[78.4477,11.3421],[78.4495,11.3293],[78.4562,11.3287],[78.4663,11.3108],[78.4395,11.2668],[78.4397,11.2564],[78.4153,11.2063],[78.4136,11.2032]]]}},{"type":"Feature","properties":{"SUBDISTRICT":"Tiruchirappalli West","STATE":"Tamil Nadu","shapeID":"7132399B37739082192756","source":"geoBoundaries gbOpen IND ADM3 (ODbL 1.0); source: Local Government Directory lgdirectory.gov.in via Pathways Data","DISTRICT":"Tiruchchirappalli"},"geometry":{"type":"Polygon","coordinates":[[[78.6372,10.8748],[78.6608,10.8674],[78.687,10.8449],[78.6751,10.8337],[78.6677,10.8445],[78.6465,10.8356],[78.6532,10.8308],[78.6526,10.8106],[78.6635,10.8091],[78.6572,10.7924],[78.6648,10.788],[78.7438,10.7902],[78.7327,10.8206],[78.7138,10.8254],[78.714,10.8375],[78.7523,10.8382],[78.752,10.8531],[78.7211,10.8588],[78.6719,10.8798],[78.6397,10.8828],[78.6379,10.8746],[78.6372,10.8748]]]}},{"type":"Feature","properties":{"SUBDISTRICT":"Veppanthattai","STATE":"Tamil Nadu","shapeID":"7132399B12708057812286","source":"geoBoundaries gbOpen IND ADM3 (ODbL 1.0); source: Local Government Directory lgdirectory.gov.in via Pathways Data","DISTRICT":"Perambalur"},"geometry":{"type":"Polygon","coordinates":[[[78.634,11.3325],[78.6423,11.3234],[78.662,11.3292],[78.6619,11.3163],[78.6693,11.3148],[78.6849,11.3229],[78.7353,11.3197],[78.7474,11.2874],[78.7963,11.292],[78.8089,11.3067],[78.8285,11.315],[78.8508,11.3123],[78.8588,11.3066],[78.8543,11.2919],[78.8815,11.2922],[78.8806,11.2732],[78.8946,11.2751],[78.9043,11.2873],[78.9175,11.2835],[78.9348,11.3011],[78.9453,11.3005],[78.9567,11.3133],[78.9546,11.3242],[78.9672,11.3254],[78.9726,11.3335],[78.997,11.3338],[79.0024,11.353],[78.9959,11.369],[78.9857,11.3682],[78.9873,11.3874],[78.9786,11.3902],[78.9866,11.3907],[78.9837,11.3989],[78.9651,11.4011],[78.9499,11.4145],[78.8717,11.5129],[78.8449,11.5196],[78.8355,11.5052],[78.8112,11.5039],[78.8097,11.481],[78.7998,11.4795],[78.7909,11.4517],[78.818,11.4368],[78.8223,11.4251],[78.806,11.4008],[78.8138,11.3933],[78.8087,11.3806],[78.7899,11.3851],[78.7575,11.4335],[78.7412,11.4473],[78.7001,11.4534],[78.6881,11.4321],[78.6517,11.4196],[78.6599,11.3776],[78.6717,11.373],[78.6876,11.378],[78.6711,11.3553],[78.6611,11.3557],[78.6548,11.3426],[78.638,11.3334],[78.634,11.3325]]]}},{"type":"Feature","properties":{"SUBDISTRICT":"Kunnam","STATE":"Tamil Nadu","shapeID":"7132399B18446045552553","source":"geoBoundaries gbOpen IND ADM3 (ODbL 1.0); source: Local Government Directory lgdirectory.gov.in via Pathways Data","DISTRICT":"Perambalur"},"geometry":{"type":"Polygon","coordinates":[[[78.9198,11.2846],[78.9304,11.2648],[78.9457,11.2632],[78.9459,11.2376],[78.9274,11.233],[78.9288,11.2155],[78.9438,11.203],[78.9417,11.176],[79.0017,11.1881],[79.0131,11.1865],[79.0158,11.1707],[79.0297,11.1697],[79.0368,11.2025],[79.0685,11.1941],[79.075,11.2037],[79.0934,11.1952],[79.1009,11.2261],[79.1133,11.2263],[79.1114,11.241],[79.124,11.2443],[79.1225,11.2593],[79.1094,11.2642],[79.1099,11.2827],[79.1286,11.2921],[79.1394,11.2849],[79.1411,11.3033],[79.124,11.3052],[79.1294,11.3261],[79.1563,11.3339],[79.1588,11.3438],[79.1496,11.3575],[79.1647,11.3664],[79.1649,11.3777],[79.1081,11.4011],[79.0817,11.3968],[79.0524,11.4016],[79.0343,11.3931],[78.9935,11.4043],[78.9837,11.3989],[78.9866,11.3907],[78.9786,11.3902],[78.9873,11.3874],[78.9857,11.3682],[78.9959,11.369],[79.0024,11.353],[78.997,11.3338],[78.9726,11.3335],[78.9672,11.3254],[78.9546,11.3242],[78.9567,11.3133],[78.9453,11.3005],[78.9348,11.3011],[78.9237,11.2864],[78.9198,11.2846]]]}},{"type":"Feature","properties":{"SUBDISTRICT":"Cuddalore","STATE":"Tamil Nadu","shapeID":"7132399B99913387031701","source":"geoBoundaries gbOpen IND ADM3 (ODbL 1.0); source: Local Government Directory lgdirectory.gov.in via Pathways Data","DISTRICT":"Cuddalore"},"geometry":{"type":"Polygon","coordinates":[[[79.5994,11.7274],[79.6094,11.7219],[79.6146,11.706],[79.6257,11.7103],[79.6523,11.6994],[79.6536,11.6793],[79.6892,11.6695],[79.7084,11.6704],[79.7035,11.6344],[79.7315,11.6225],[79.731,11.6108],[79.723,11.6053],[79.7269,11.5931],[79.7198,11.5808],[79.7197,11.5606],[79.7355,11.5676],[79.7586,11.5627],[79.762,11.6297],[79.783,11.7051],[79.7965,11.7882],[79.7845,11.7878],[79.7809,11.78],[79.7701,11.7813],[79.7699,11.7904],[79.7635,11.7904],[79.7551,11.7742],[79.7212,11.784],[79.7139,11.7938],[79.7229,11.7966],[79.7267,11.8089],[79.7365,11.8086],[79.7293,11.8367],[79.7387,11.8428],[79.7735,11.822],[79.7823,11.8321],[79.797,11.8231],[79.8019,11.829],[79.7934,11.8329],[79.7995,11.8375],[79.8063,11.8316],[79.8086,11.8452],[79.797,11.8548],[79.7824,11.855],[79.7734,11.8366],[79.7625,11.8472],[79.7703,11.8708],[79.7787,11.8714],[79.7754,11.86],[79.7831,11.8571],[79.7972,11.8941],[79.7863,11.8908],[79.7691,11.8964],[79.7701,11.8723],[79.7588,11.8742],[79.7536,11.8495],[79.743,11.8468],[79.7456,11.8613],[79.7219,11.8615],[79.719,11.8527],[79.7086,11.8682],[79.7108,11.8877],[79.6882,11.8842],[79.7028,11.8312],[79.6856,11.8324],[79.6906,11.8196],[79.6834,11.8122],[79.6883,11.8118],[79.6957,11.7885],[79.6942,11.7405],[79.6718,11.735],[79.6714,11.7263],[79.665,11.7298],[79.6662,11.7375],[79.6307,11.739],[79.6157,11.747],[79.6114,11.7358],[79.5995,11.7295],[79.5994,11.7274]],[[79.6933,11.8127],[79.6939,11.8211],[79.7017,11.8202],[79.704,11.8121],[79.6981,11.8124],[79.6933,11.8127]]]}},{"type":"Feature","properties":{"SUBDISTRICT":"Chidambaram","STATE":"Tamil Nadu","shapeID":"7132399B46161190049383","source":"geoBoundaries gbOpen IND ADM3 (ODbL 1.0); source: Local Government Directory lgdirectory.gov.in via Pathways Data","DISTRICT":"Cuddalore"},"geometry":{"type":"Polygon","coordinates":[[[79.5252,11.3867],[79.5322,11.3646],[79.558,11.3656],[79.5578,11.3539],[79.6199,11.3539],[79.621,11.365],[79.6359,11.3654],[79.629,11.3252],[79.6381,11.3386],[79.6468,11.3332],[79.6507,11.3376],[79.6521,11.3332],[79.6788,11.3334],[79.6826,11.3457],[79.6886,11.3464],[79.6943,11.3327],[79.6839,11.3232],[79.6923,11.3171],[79.7289,11.3474],[79.7605,11.3512],[79.7633,11.3752],[79.7715,11.3838],[79.7912,11.3682],[79.8356,11.356],[79.8249,11.3712],[79.809,11.4297],[79.806,11.4089],[79.7858,11.409],[79.7812,11.4213],[79.7698,11.4203],[79.7567,11.439],[79.7596,11.4578],[79.7465,11.4744],[79.7251,11.4603],[79.72,11.438],[79.714,11.4342],[79.6986,11.4463],[79.6785,11.4391],[79.6655,11.4426],[79.6598,11.4312],[79.6454,11.4394],[79.6121,11.4292],[79.6052,11.4385],[79.5953,11.4239],[79.5891,11.4413],[79.5738,11.4289],[79.5614,11.4484],[79.5546,11.4484],[79.5487,11.4318],[79.5328,11.4386],[79.5257,11.3904],[79.5252,11.3867]]]}},{"type":"Feature","properties":{"SUBDISTRICT":"Virudhachalam","STATE":"Tamil Nadu","shapeID":"7132399B60844582817830","source":"geoBoundaries gbOpen IND ADM3 (ODbL 1.0); source: Local Government Directory lgdirectory.gov.in via Pathways Data","DISTRICT":"Cuddalore"},"geometry":{"type":"Polygon","coordinates":[[[79.2104,11.5199],[79.2146,11.5139],[79.2481,11.5097],[79.2467,11.4989],[79.2269,11.4952],[79.2277,11.471],[79.2842,11.4765],[79.2924,11.459],[79.2876,11.4461],[79.3073,11.4332],[79.3131,11.4162],[79.3564,11.4193],[79.3619,11.4378],[79.3674,11.4369],[79.3194,11.4531],[79.3272,11.4626],[79.3382,11.4606],[79.3437,11.482],[79.3581,11.4808],[79.3607,11.473],[79.3768,11.4787],[79.4155,11.4665],[79.4355,11.4688],[79.4389,11.4454],[79.455,11.4228],[79.4608,11.4231],[79.4665,11.4278],[79.4619,11.4372],[79.4659,11.4564],[79.4964,11.4549],[79.4969,11.4654],[79.4778,11.4768],[79.478,11.4883],[79.4564,11.4893],[79.4511,11.4998],[79.434,11.4923],[79.4371,11.51],[79.4459,11.5148],[79.4406,11.5273],[79.4504,11.5269],[79.4632,11.5096],[79.4561,11.4989],[79.4788,11.4968],[79.4855,11.5108],[79.5247,11.5121],[79.5387,11.5412],[79.5346,11.5518],[79.5239,11.5534],[79.525,11.5638],[79.4946,11.5687],[79.4772,11.5266],[79.4686,11.5268],[79.4621,11.5375],[79.4624,11.5468],[79.4688,11.5471],[79.4653,11.5626],[79.4589,11.5618],[79.4559,11.5403],[79.45,11.5442],[79.4513,11.5575],[79.4398,11.5431],[79.4294,11.5401],[79.4485,11.5588],[79.4426,11.5606],[79.445,11.5842],[79.4373,11.6021],[79.4541,11.608],[79.4625,11.6148],[79.4587,11.6201],[79.4711,11.6191],[79.4718,11.624],[79.4477,11.634],[79.4297,11.666],[79.383,11.6787],[79.3613,11.6705],[79.3632,11.6598],[79.3327,11.6588],[79.3293,11.65],[79.3134,11.6428],[79.3107,11.6331],[79.2973,11.6343],[79.2898,11.6478],[79.2716,11.642],[79.2533,11.6508],[79.2394,11.6401],[79.2359,11.6274],[79.2227,11.6385],[79.2113,11.6342],[79.2113,11.6193],[79.2213,11.6021],[79.2368,11.5929],[79.2327,11.5839],[79.2378,11.5693],[79.2321,11.5625],[79.2473,11.5496],[79.2495,11.5377],[79.2111,11.5227],[79.2104,11.5199]]]}},{"type":"Feature","properties":{"SUBDISTRICT":"Sirkali","STATE":"Tamil Nadu","shapeID":"7132399B93798060882808","source":"geoBoundaries gbOpen IND ADM3 (ODbL 1.0); source: Local Government Directory lgdirectory.gov.in via Pathways Data","DISTRICT":"Nagapattinam"},"geometry":{"type":"Polygon","coordinates":[[[79.6437,11.2827],[79.6497,11.2549],[79.6451,11.2439],[79.6577,11.2422],[79.6591,11.2269],[79.6683,11.2269],[79.6667,11.2188],[79.6735,11.2157],[79.666,11.2006],[79.6739,11.1657],[79.6928,11.1786],[79.6952,11.1656],[79.7051,11.1747],[79.7218,11.168],[79.7039,11.1526],[79.694,11.1577],[79.6923,11.129],[79.7106,11.143],[79.7482,11.148],[79.7502,11.1546],[79.7619,11.1496],[79.8017,11.1549],[79.8382,11.1393],[79.8389,11.122],[79.8583,11.1155],[79.8538,11.2032],[79.8374,11.2974],[79.8377,11.3512],[79.8312,11.3667],[79.8356,11.356],[79.8303,11.3538],[79.7685,11.3829],[79.7605,11.3512],[79.7289,11.3474],[79.6766,11.3055],[79.6525,11.2997],[79.645,11.2874],[79.6437,11.2827]]]}},{"type":"Feature","properties":{"SUBDISTRICT":"Tharangambadi","STATE":"Tamil Nadu","shapeID":"7132399B58025909477318","source":"geoBoundaries gbOpen IND ADM3 (ODbL 1.0); source: Local Government Directory lgdirectory.gov.in via Pathways Data","DISTRICT":"Nagapattinam"},"geometry":{"type":"Polygon","coordinates":[[[79.668,11.0388],[79.6726,11.0147],[79.7031,11.0132],[79.7346,10.995],[79.7542,11.0044],[79.7696,10.9952],[79.7893,10.9949],[79.791,10.9864],[79.8005,10.9827],[79.8145,11.0003],[79.8419,11.0021],[79.8415,10.995],[79.8545,10.9878],[79.8583,11.1155],[79.8389,11.122],[79.8382,11.1393],[79.8108,11.1467],[79.8031,11.1547],[79.7619,11.1496],[79.7502,11.1546],[79.7482,11.148],[79.7106,11.143],[79.6923,11.129],[79.6932,11.1062],[79.7009,11.1035],[79.7006,11.0957],[79.7157,11.0946],[79.7167,11.0884],[79.6864,11.0786],[79.6916,11.0749],[79.6867,11.0627],[79.6705,11.0599],[79.6696,11.0391],[79.668,11.0388]]]}},{"type":"Feature","properties":{"SUBDISTRICT":"Nagapattinam","STATE":"Tamil Nadu","shapeID":"7132399B23923463401464","source":"geoBoundaries gbOpen IND ADM3 (ODbL 1.0); source: Local Government Directory lgdirectory.gov.in via Pathways Data","DISTRICT":"Nagapattinam"},"geometry":{"type":"Polygon","coordinates":[[[79.6331,10.8231],[79.6341,10.817],[79.6474,10.8172],[79.6614,10.8079],[79.6651,10.8194],[79.691,10.8183],[79.6896,10.8323],[79.7087,10.827],[79.7298,10.8314],[79.7262,10.8099],[79.7327,10.8113],[79.7366,10.7982],[79.7571,10.8161],[79.7419,10.8198],[79.7421,10.8261],[79.7535,10.8297],[79.7549,10.8224],[79.7701,10.8303],[79.783,10.8278],[79.7829,10.812],[79.8097,10.8085],[79.8002,10.8071],[79.8035,10.8008],[79.7933,10.7983],[79.7864,10.7848],[79.7662,10.7849],[79.7652,10.7667],[79.7727,10.7636],[79.774,10.7417],[79.7697,10.7419],[79.7717,10.734],[79.7612,10.738],[79.7599,10.7297],[79.7714,10.7182],[79.7634,10.7189],[79.7647,10.7054],[79.7486,10.6982],[79.7656,10.6996],[79.756,10.6813],[79.7753,10.6788],[79.7907,10.6873],[79.8004,10.6784],[79.8292,10.7006],[79.8294,10.6888],[79.8538,10.6863],[79.8519,10.8255],[79.8269,10.8178],[79.8377,10.8233],[79.8341,10.8463],[79.8265,10.8413],[79.8193,10.8453],[79.8129,10.8597],[79.8196,10.8562],[79.8309,10.8619],[79.8282,10.8692],[79.8108,10.8741],[79.8341,10.8785],[79.8097,10.886],[79.7998,10.8822],[79.7969,10.8904],[79.7878,10.8841],[79.8008,10.897],[79.7936,10.9036],[79.7833,10.9032],[79.7823,10.8911],[79.7746,10.891],[79.7692,10.9053],[79.766,10.8931],[79.7698,10.8952],[79.7735,10.887],[79.7618,10.885],[79.7655,10.9114],[79.7484,10.9084],[79.7474,10.9185],[79.7207,10.9249],[79.7193,10.9142],[79.7099,10.9199],[79.7107,10.9254],[79.7025,10.9187],[79.6831,10.9284],[79.6822,10.9142],[79.672,10.915],[79.6694,10.903],[79.6527,10.8859],[79.6574,10.8766],[79.6483,10.8746],[79.6524,10.8578],[79.6404,10.8564],[79.6536,10.8491],[79.6572,10.8383],[79.6502,10.8331],[79.6559,10.8276],[79.6347,10.8231],[79.6331,10.8231]]]}},{"type":"Feature","properties":{"SUBDISTRICT":"Kilvelur","STATE":"Tamil Nadu","shapeID":"7132399B79695773681191","source":"geoBoundaries gbOpen IND ADM3 (ODbL 1.0); source: Local Government Directory lgdirectory.gov.in via Pathways Data","DISTRICT":"Nagapattinam"},"geometry":{"type":"Polygon","coordinates":[[[79.6566,10.708],[79.6825,10.6912],[79.6803,10.6792],[79.6898,10.6702],[79.7097,10.6761],[79.7094,10.6575],[79.7217,10.6557],[79.7215,10.6639],[79.7361,10.6704],[79.7407,10.6624],[79.7674,10.6596],[79.7803,10.6455],[79.7757,10.636],[79.7994,10.6269],[79.7894,10.625],[79.7862,10.6158],[79.7789,10.6243],[79.7531,10.6142],[79.7637,10.6045],[79.7516,10.5942],[79.758,10.589],[79.7542,10.5777],[79.7843,10.5843],[79.7977,10.5806],[79.8016,10.5612],[79.8168,10.5449],[79.8596,10.5501],[79.8538,10.6863],[79.8294,10.6888],[79.8292,10.7006],[79.8196,10.6982],[79.807,10.6793],[79.7907,10.6873],[79.7753,10.6788],[79.7555,10.6816],[79.7656,10.6996],[79.7486,10.6976],[79.7542,10.7048],[79.7647,10.7054],[79.7634,10.7189],[79.7714,10.7182],[79.7599,10.7297],[79.7612,10.738],[79.7717,10.734],[79.7697,10.7419],[79.774,10.7417],[79.7727,10.7636],[79.7652,10.7667],[79.7662,10.7849],[79.7864,10.7848],[79.7933,10.7983],[79.8035,10.8008],[79.8002,10.8071],[79.8097,10.8085],[79.7829,10.812],[79.783,10.8278],[79.7631,10.8302],[79.7549,10.8224],[79.7535,10.8297],[79.7421,10.8261],[79.7419,10.8198],[79.7565,10.818],[79.7548,10.8099],[79.7366,10.7982],[79.7336,10.8052],[79.7104,10.7856],[79.7013,10.7661],[79.7047,10.7479],[79.6873,10.7318],[79.6948,10.7202],[79.6747,10.711],[79.6597,10.7156],[79.6581,10.7098],[79.6566,10.708]]]}},{"type":"Feature","properties":{"SUBDISTRICT":"Kudavasal","STATE":"Tamil Nadu","shapeID":"7132399B15694575050563","source":"geoBoundaries gbOpen IND ADM3 (ODbL 1.0); source: Local Government Directory lgdirectory.gov.in via Pathways Data","DISTRICT":"Thiruvarur"},"geometry":{"type":"Polygon","coordinates":[[[79.4238,10.8564],[79.4304,10.8498],[79.4416,10.8506],[79.4458,10.8413],[79.4609,10.8437],[79.4595,10.8329],[79.4473,10.8305],[79.4571,10.8147],[79.4799,10.789],[79.4952,10.7917],[79.5029,10.7867],[79.5085,10.7949],[79.5398,10.8083],[79.5363,10.8315],[79.5488,10.8333],[79.5505,10.8542],[79.566,10.8565],[79.5612,10.8605],[79.5653,10.8645],[79.5505,10.8605],[79.5533,10.8667],[79.5457,10.8732],[79.5531,10.8785],[79.5474,10.8853],[79.556,10.8876],[79.5628,10.9231],[79.5707,10.919],[79.5814,10.9225],[79.5822,10.9291],[79.602,10.9236],[79.6076,10.9537],[79.6453,10.9481],[79.6362,10.9695],[79.606,10.9785],[79.6085,10.9724],[79.5968,10.9711],[79.5898,10.981],[79.5791,10.981],[79.5767,10.9694],[79.5587,10.9735],[79.5572,10.9678],[79.5324,10.9641],[79.5273,10.9575],[79.5283,10.9691],[79.5149,10.9677],[79.5188,10.9436],[79.4996,10.9373],[79.4852,10.918],[79.4941,10.9146],[79.4939,10.9032],[79.5079,10.9013],[79.508,10.8954],[79.4905,10.8868],[79.4862,10.8677],[79.471,10.8707],[79.467,10.8619],[79.4579,10.8648],[79.4526,10.8563],[79.4479,10.8613],[79.446,10.8536],[79.432,10.8613],[79.4242,10.8574],[79.4238,10.8564]]]}},{"type":"Feature","properties":{"SUBDISTRICT":"Nannilam","STATE":"Tamil Nadu","shapeID":"7132399B26113302095417","source":"geoBoundaries gbOpen IND ADM3 (ODbL 1.0); source: Local Government Directory lgdirectory.gov.in via Pathways Data","DISTRICT":"Thiruvarur"},"geometry":{"type":"Polygon","coordinates":[[[79.5457,10.8748],[79.5536,10.8585],[79.557,10.865],[79.5674,10.8632],[79.5612,10.8615],[79.566,10.8565],[79.5602,10.8584],[79.5632,10.8498],[79.5796,10.8556],[79.5798,10.8472],[79.5704,10.8465],[79.5687,10.8386],[79.5871,10.8403],[79.5876,10.8334],[79.6009,10.8314],[79.593,10.8241],[79.6028,10.8212],[79.6148,10.7989],[79.6336,10.7971],[79.6497,10.8047],[79.6521,10.7978],[79.6707,10.796],[79.678,10.799],[79.6757,10.8036],[79.6474,10.8172],[79.6341,10.817],[79.6331,10.8231],[79.6562,10.8285],[79.6504,10.8307],[79.6572,10.8383],[79.6536,10.8491],[79.6404,10.8564],[79.6533,10.8599],[79.6483,10.8746],[79.6574,10.8766],[79.6527,10.8859],[79.6694,10.903],[79.672,10.915],[79.6822,10.9142],[79.6831,10.9284],[79.7025,10.9187],[79.7107,10.9254],[79.7099,10.9199],[79.7193,10.9142],[79.7244,10.9238],[79.7204,10.9312],[79.7275,10.9327],[79.7215,10.9363],[79.7383,10.9506],[79.7363,10.9558],[79.7319,10.9494],[79.7214,10.9504],[79.7207,10.967],[79.7438,10.9676],[79.7497,10.9564],[79.7626,10.9586],[79.7552,10.9739],[79.7609,10.9823],[79.7472,10.9863],[79.7469,10.9966],[79.7346,10.995],[79.6911,11.0159],[79.6505,11.0131],[79.6354,10.9966],[79.6336,10.9774],[79.606,10.9785],[79.6362,10.9695],[79.6453,10.9481],[79.6076,10.9537],[79.602,10.9236],[79.5822,10.9291],[79.5814,10.9225],[79.5707,10.919],[79.5628,10.9231],[79.556,10.8876],[79.5474,10.8853],[79.5531,10.8785],[79.5458,10.8761],[79.5457,10.8748]]]}},{"type":"Feature","properties":{"SUBDISTRICT":"Needamangalam","STATE":"Tamil Nadu","shapeID":"7132399B45721697915488","source":"geoBoundaries gbOpen IND ADM3 (ODbL 1.0); source: Local Government Directory lgdirectory.gov.in via Pathways Data","DISTRICT":"Thiruvarur"},"geometry":{"type":"Polygon","coordinates":[[[79.2997,10.7351],[79.3184,10.6864],[79.3174,10.6601],[79.3461,10.6549],[79.3428,10.667],[79.3542,10.6694],[79.3492,10.6837],[79.3879,10.672],[79.4014,10.6849],[79.3875,10.7038],[79.3962,10.7129],[79.4127,10.709],[79.4156,10.7015],[79.4325,10.7008],[79.4359,10.6927],[79.4483,10.6926],[79.461,10.7082],[79.4845,10.7112],[79.4926,10.7186],[79.4909,10.7388],[79.4832,10.7451],[79.5,10.752],[79.4971,10.7644],[79.5311,10.7671],[79.5345,10.7723],[79.5275,10.7783],[79.5242,10.7971],[79.5085,10.7949],[79.5029,10.7867],[79.4952,10.7917],[79.4799,10.789],[79.4656,10.8077],[79.4536,10.8037],[79.4566,10.7898],[79.451,10.7897],[79.4495,10.7817],[79.4402,10.7834],[79.4427,10.7741],[79.4204,10.773],[79.4057,10.7891],[79.3783,10.8013],[79.3571,10.791],[79.3483,10.7937],[79.3517,10.7883],[79.3447,10.7806],[79.3451,10.7672],[79.3622,10.7618],[79.3629,10.752],[79.3358,10.7382],[79.3203,10.7365],[79.3092,10.7453],[79.3015,10.7407],[79.2997,10.7351]]]}},{"type":"Feature","properties":{"SUBDISTRICT":"Mannargudi","STATE":"Tamil Nadu","shapeID":"7132399B30359138058022","source":"geoBoundaries gbOpen IND ADM3 (ODbL 1.0); source: Local Government Directory lgdirectory.gov.in via Pathways Data","DISTRICT":"Thiruvarur"},"geometry":{"type":"Polygon","coordinates":[[[79.3407,10.6572],[79.3474,10.6481],[79.3567,10.6469],[79.3526,10.6282],[79.3447,10.624],[79.3543,10.6063],[79.3474,10.6056],[79.3453,10.593],[79.3508,10.5832],[79.3626,10.578],[79.3957,10.5796],[79.4025,10.5756],[79.397,10.5582],[79.4111,10.5488],[79.4206,10.5482],[79.4272,10.5596],[79.4544,10.5565],[79.4534,10.5494],[79.4236,10.5413],[79.4243,10.5345],[79.4672,10.5122],[79.4565,10.4906],[79.4751,10.4932],[79.4847,10.4866],[79.481,10.4657],[79.4704,10.4578],[79.4749,10.4436],[79.4944,10.4342],[79.4963,10.4441],[79.5033,10.4444],[79.5073,10.4346],[79.5229,10.4324],[79.5284,10.4434],[79.5393,10.4427],[79.542,10.4498],[79.5304,10.4818],[79.5492,10.4868],[79.5506,10.4668],[79.5565,10.466],[79.5461,10.5036],[79.5647,10.5052],[79.5569,10.5229],[79.5779,10.5247],[79.5764,10.5396],[79.5882,10.5407],[79.5802,10.5483],[79.5847,10.5586],[79.5709,10.5714],[79.5818,10.5728],[79.5778,10.5787],[79.5568,10.5755],[79.5545,10.5973],[79.5444,10.5989],[79.5455,10.6144],[79.5739,10.5934],[79.5781,10.6045],[79.5884,10.6043],[79.5871,10.6138],[79.6036,10.6119],[79.6094,10.6193],[79.6094,10.6378],[79.5967,10.6422],[79.5984,10.6547],[79.5893,10.6557],[79.5889,10.6643],[79.5793,10.6646],[79.5727,10.6762],[79.5462,10.6687],[79.5461,10.664],[79.5333,10.6714],[79.5262,10.6568],[79.5043,10.6667],[79.504,10.6822],[79.4955,10.688],[79.4933,10.7055],[79.4859,10.7111],[79.461,10.7082],[79.4483,10.6926],[79.4359,10.6927],[79.4325,10.7008],[79.4156,10.7015],[79.4127,10.709],[79.3962,10.7129],[79.3875,10.7038],[79.3921,10.692],[79.4023,10.687],[79.3926,10.6748],[79.3739,10.6745],[79.3492,10.6837],[79.3542,10.6694],[79.3428,10.667],[79.3425,10.6562],[79.3407,10.6572]]]}},{"type":"Feature","properties":{"SUBDISTRICT":"Thiruthuraipoondi","STATE":"Tamil Nadu","shapeID":"7132399B85212204458157","source":"geoBoundaries gbOpen IND ADM3 (ODbL 1.0); source: Local Government Directory lgdirectory.gov.in via Pathways Data","DISTRICT":"Thiruvarur"},"geometry":{"type":"Polygon","coordinates":[[[79.4515,10.4309],[79.4661,10.4172],[79.4626,10.4079],[79.4746,10.4074],[79.4799,10.3983],[79.4799,10.3938],[79.4618,10.3927],[79.4709,10.3859],[79.4635,10.3722],[79.4774,10.3723],[79.4859,10.3806],[79.5079,10.3627],[79.5029,10.3479],[79.4785,10.3502],[79.4801,10.3368],[79.4949,10.3314],[79.494,10.3231],[79.4687,10.3247],[79.4869,10.3174],[79.5168,10.3166],[79.5122,10.3095],[79.6328,10.2898],[79.6378,10.3309],[79.6321,10.3487],[79.6375,10.3767],[79.6307,10.3949],[79.637,10.4172],[79.6336,10.445],[79.6617,10.4459],[79.671,10.4403],[79.694,10.449],[79.6824,10.479],[79.7048,10.4801],[79.6952,10.505],[79.7074,10.5059],[79.7325,10.5329],[79.716,10.5502],[79.7064,10.5444],[79.6827,10.5573],[79.6664,10.5556],[79.6731,10.5711],[79.6863,10.57],[79.6934,10.5802],[79.6755,10.5823],[79.6733,10.5973],[79.665,10.6004],[79.6625,10.6122],[79.6805,10.6159],[79.6736,10.6321],[79.6557,10.6403],[79.6457,10.6363],[79.6447,10.6433],[79.6295,10.6496],[79.6319,10.6576],[79.6161,10.6519],[79.6153,10.6428],[79.6116,10.6512],[79.5979,10.6481],[79.5967,10.6422],[79.6094,10.6378],[79.6094,10.6193],[79.6036,10.6119],[79.5871,10.6138],[79.5884,10.6043],[79.5781,10.6045],[79.5739,10.5934],[79.5455,10.6144],[79.5444,10.5989],[79.5545,10.5973],[79.5568,10.5755],[79.5778,10.5787],[79.5818,10.5728],[79.5709,10.5714],[79.5847,10.5586],[79.5802,10.5483],[79.5882,10.5407],[79.5764,10.5396],[79.5779,10.5247],[79.5569,10.5229],[79.5647,10.5052],[79.5461,10.5036],[79.5565,10.466],[79.5506,10.4668],[79.5522,10.4773],[79.5444,10.4872],[79.5304,10.4818],[79.5404,10.4599],[79.5393,10.4427],[79.5284,10.4434],[79.5229,10.4324],[79.5073,10.4346],[79.5033,10.4444],[79.4963,10.4441],[79.4944,10.4342],[79.4802,10.4416],[79.4521,10.4324],[79.4515,10.4309]]]}},{"type":"Feature","properties":{"SUBDISTRICT":"Kumbakonam","STATE":"Tamil Nadu","shapeID":"7132399B591053113299","source":"geoBoundaries gbOpen IND ADM3 (ODbL 1.0); source: Local Government Directory lgdirectory.gov.in via Pathways Data","DISTRICT":"Thanjavur"},"geometry":{"type":"MultiPolygon","coordinates":[[[[79.2865,10.9297],[79.2991,10.9315],[79.3307,10.9203],[79.3397,10.9075],[79.3544,10.9053],[79.3791,10.8888],[79.4004,10.8926],[79.464,10.8615],[79.471,10.8707],[79.4862,10.8677],[79.4905,10.8868],[79.508,10.8954],[79.5079,10.9013],[79.4939,10.9032],[79.4941,10.9146],[79.4852,10.918],[79.4996,10.9373],[79.5157,10.9388],[79.5196,10.9526],[79.5154,10.9522],[79.5111,10.9824],[79.5047,10.9761],[79.5084,10.9698],[79.5022,10.9672],[79.4935,10.9784],[79.4797,10.9776],[79.4732,10.9855],[79.4758,10.9805],[79.4637,10.9749],[79.4682,10.9728],[79.4531,10.9669],[79.4531,10.981],[79.4255,10.9613],[79.409,10.9639],[79.4096,10.9739],[79.4035,10.9729],[79.4164,10.9914],[79.4106,11.0125],[79.421,11.0147],[79.4078,11.019],[79.4203,11.025],[79.4231,11.0486],[79.4142,11.0596],[79.4009,11.0489],[79.3976,11.0645],[79.3574,11.0461],[79.3135,11.0147],[79.3238,10.9955],[79.3314,10.9943],[79.332,10.9639],[79.3235,10.9614],[79.3311,10.9447],[79.3132,10.9367],[79.3069,10.9436],[79.2865,10.9309],[79.2865,10.9297]]],[[[79.4158,10.9776],[79.4161,10.9773],[79.4161,10.9758],[79.4172,10.9774],[79.4191,10.9771],[79.42,10.9776],[79.4206,10.9807],[79.4193,10.9807],[79.4184,10.9804],[79.4174,10.9796],[79.4167,10.9788],[79.4161,10.9781],[79.4158,10.9776]]]]}},{"type":"Feature","properties":{"SUBDISTRICT":"Papanasam","STATE":"Tamil Nadu","shapeID":"7132399B99135192379822","source":"geoBoundaries gbOpen IND ADM3 (ODbL 1.0); source: Local Government Directory lgdirectory.gov.in via Pathways Data","DISTRICT":"Thanjavur"},"geometry":{"type":"MultiPolygon","coordinates":[[[[79.1392,10.935],[79.1544,10.915],[79.1523,10.8877],[79.1741,10.9013],[79.1817,10.8772],[79.1992,10.867],[79.1879,10.8661],[79.1835,10.8531],[79.212,10.8509],[79.2106,10.8453],[79.1922,10.8417],[79.1838,10.8297],[79.1933,10.8285],[79.1886,10.8084],[79.1984,10.8043],[79.2071,10.8099],[79.2029,10.7921],[79.2096,10.7921],[79.2092,10.7622],[79.2185,10.7516],[79.2299,10.7521],[79.2311,10.7389],[79.2444,10.7251],[79.2661,10.7187],[79.2701,10.7513],[79.2783,10.7578],[79.2847,10.7568],[79.288,10.7396],[79.2957,10.7349],[79.3092,10.7453],[79.3203,10.7365],[79.3469,10.7402],[79.3501,10.7488],[79.3629,10.752],[79.3622,10.7618],[79.3451,10.7672],[79.3447,10.7806],[79.3517,10.7883],[79.3483,10.7937],[79.3571,10.791],[79.3783,10.8013],[79.3859,10.7971],[79.3864,10.8066],[79.3436,10.8153],[79.3368,10.8107],[79.3338,10.818],[79.2981,10.8333],[79.3031,10.8602],[79.282,10.8702],[79.2765,10.8842],[79.2759,10.9008],[79.3029,10.8999],[79.2832,10.9193],[79.3008,10.9291],[79.2865,10.9309],[79.3069,10.9436],[79.3132,10.9367],[79.3311,10.9447],[79.3235,10.9614],[79.332,10.9639],[79.3314,10.9943],[79.3238,10.9955],[79.3119,11.0169],[79.2947,11.0136],[79.275,10.9883],[79.2139,10.9385],[79.2082,10.9374],[79.2051,10.9458],[79.1804,10.9379],[79.1415,10.9362],[79.1392,10.935]]],[[[79.1783,10.7861],[79.187,10.7799],[79.1995,10.7844],[79.1939,10.7921],[79.1791,10.7877],[79.1783,10.7861]]],[[[79.1731,10.7685],[79.1805,10.762],[79.1934,10.7628],[79.1766,10.7752],[79.1734,10.7698],[79.1731,10.7685]]],[[[79.2032,10.7633],[79.2072,10.7596],[79.2044,10.7646],[79.2032,10.7633]]]]}},{"type":"Feature","properties":{"SUBDISTRICT":"Thanjavur","STATE":"Tamil Nadu","shapeID":"7132399B95050537633460","source":"geoBoundaries gbOpen IND ADM3 (ODbL 1.0); source: Local Government Directory lgdirectory.gov.in via Pathways Data","DISTRICT":"Thanjavur"},"geometry":{"type":"Polygon","coordinates":[[[79.0041,10.7291],[79.0069,10.7129],[79.012,10.7128],[79.005,10.7064],[79.0096,10.6982],[79.0338,10.6935],[79.0182,10.6902],[79.0181,10.6745],[79.042,10.6766],[79.0638,10.6683],[79.0697,10.6723],[79.0658,10.654],[79.0709,10.6362],[79.1015,10.6239],[79.1053,10.6141],[79.1397,10.6404],[79.1575,10.6834],[79.1772,10.6963],[79.1964,10.6905],[79.2036,10.7091],[79.2136,10.6935],[79.2255,10.701],[79.2176,10.7115],[79.2295,10.7236],[79.2253,10.7378],[79.2327,10.7464],[79.2092,10.7622],[79.2096,10.7921],[79.2029,10.7921],[79.2025,10.8016],[79.2082,10.8082],[79.1918,10.8044],[79.1933,10.8285],[79.1838,10.8297],[79.1922,10.8417],[79.2106,10.8453],[79.212,10.8509],[79.1835,10.8531],[79.1879,10.8661],[79.1992,10.867],[79.1817,10.8772],[79.1741,10.9013],[79.1495,10.8747],[79.1618,10.8701],[79.1613,10.863],[79.1504,10.8663],[79.1529,10.8605],[79.1401,10.8552],[79.1351,10.8431],[79.1372,10.8341],[79.1494,10.8338],[79.1464,10.8213],[79.066,10.8169],[79.0558,10.8228],[79.0327,10.8114],[79.0346,10.7546],[79.0166,10.7342],[79.0044,10.7305],[79.0041,10.7291]],[[79.1783,10.7861],[79.1793,10.7905],[79.1959,10.7911],[79.1961,10.7826],[79.1855,10.7801],[79.1788,10.7857],[79.1783,10.7861]],[[79.1731,10.7685],[79.1766,10.7752],[79.1937,10.7668],[79.1923,10.7615],[79.1738,10.7667],[79.1731,10.7685]],[[79.2032,10.7633],[79.2044,10.7646],[79.2045,10.7647],[79.2068,10.764],[79.2076,10.7643],[79.2075,10.762],[79.2072,10.7596],[79.2055,10.7598],[79.2053,10.7601],[79.2042,10.7623],[79.2032,10.7633]]]}},{"type":"Feature","properties":{"SUBDISTRICT":"Karambakudi","STATE":"Tamil Nadu","shapeID":"7132399B4167916417896","source":"geoBoundaries gbOpen IND ADM3 (ODbL 1.0); source: Local Government Directory lgdirectory.gov.in via Pathways Data","DISTRICT":"Thanjavur"},"geometry":{"type":"MultiPolygon","coordinates":[[[[78.9195,10.4022],[78.9251,10.4087],[78.9336,10.4069],[78.9761,10.394],[78.9869,10.3832],[78.9878,10.3962],[79.0096,10.4012],[79.0117,10.4148],[79.0171,10.406],[79.0293,10.4045],[79.0244,10.389],[79.0467,10.3835],[79.0454,10.3721],[79.055,10.3821],[79.0618,10.3674],[79.0641,10.3735],[79.0771,10.3711],[79.0784,10.3779],[79.0967,10.3724],[79.1257,10.3753],[79.1466,10.3848],[79.1549,10.3989],[79.1305,10.4352],[79.1438,10.4434],[79.1409,10.4482],[79.1551,10.4488],[79.153,10.4624],[79.1582,10.4613],[79.1595,10.4461],[79.1763,10.4461],[79.1688,10.4549],[79.1954,10.4619],[79.1738,10.4809],[79.161,10.4717],[79.1536,10.4742],[79.1475,10.4848],[79.1336,10.4876],[79.1303,10.4941],[79.1404,10.4979],[79.1425,10.5126],[79.1554,10.5223],[79.1516,10.5286],[79.1854,10.5368],[79.1914,10.5777],[79.1795,10.5708],[79.1789,10.5859],[79.1732,10.5816],[79.1268,10.5935],[79.1158,10.5868],[79.1035,10.5398],[79.1187,10.5259],[79.116,10.5088],[79.1134,10.5036],[79.1072,10.5086],[79.1067,10.4974],[79.0998,10.4929],[79.0997,10.4721],[79.0949,10.4768],[79.0954,10.4692],[79.0752,10.4721],[79.0763,10.4669],[79.0635,10.4596],[79.0616,10.4367],[79.0427,10.4365],[79.0339,10.4569],[79.0589,10.4816],[79.0636,10.4956],[79.0391,10.5216],[79.0363,10.5024],[79.0256,10.4944],[79.0094,10.4982],[79.0134,10.4802],[79.0286,10.4792],[79.0283,10.4732],[79.0154,10.4671],[79.0106,10.4521],[78.9861,10.4536],[78.9831,10.4217],[78.9378,10.4163],[78.9373,10.43],[78.9314,10.4314],[78.9296,10.4222],[78.9218,10.4196],[78.9199,10.4038],[78.9195,10.4022]]],[[[79.2045,10.5369],[79.2097,10.5233],[79.2147,10.5363],[79.2061,10.5399],[79.2045,10.5369]]],[[[79.2011,10.531],[79.2024,10.5294],[79.2032,10.5292],[79.2032,10.531],[79.2032,10.5316],[79.2031,10.5331],[79.2024,10.5333],[79.2011,10.531]]],[[[79.2168,10.5287],[79.2219,10.5234],[79.2173,10.5293],[79.2168,10.5287]]],[[[79.211,10.5218],[79.2176,10.5208],[79.2132,10.5233],[79.211,10.5218]]],[[[79.2178,10.4938],[79.2415,10.4997],[79.2363,10.5079],[79.2191,10.5014],[79.218,10.4948],[79.2178,10.4938]]],[[[79.2058,10.5038],[79.2129,10.5018],[79.213,10.5077],[79.206,10.505],[79.2058,10.5038]]],[[[79.2035,10.4924],[79.2065,10.4916],[79.2078,10.491],[79.2091,10.4916],[79.209,10.4923],[79.209,10.493],[79.2096,10.4936],[79.2104,10.4939],[79.2098,10.4954],[79.2074,10.4949],[79.2069,10.4943],[79.2064,10.4936],[79.2054,10.4931],[79.2035,10.4924]]]]}},{"type":"Feature","properties":{"SUBDISTRICT":"Aranthangi","STATE":"Tamil Nadu","shapeID":"7132399B47403634244454","source":"geoBoundaries gbOpen IND ADM3 (ODbL 1.0); source: Local Government Directory lgdirectory.gov.in via Pathways Data","DISTRICT":"Pudukkottai"},"geometry":{"type":"Polygon","coordinates":[[[78.9232,10.174],[78.938,10.1632],[78.9348,10.1535],[78.9495,10.1493],[78.9479,10.1383],[78.958,10.1378],[78.9628,10.1289],[78.9534,10.1214],[78.9351,10.1223],[78.9314,10.1158],[78.9498,10.1063],[78.9681,10.1254],[78.9766,10.102],[78.9969,10.0758],[79.0179,10.0785],[79.0307,10.0959],[79.0367,10.0919],[79.0477,10.0996],[79.0626,10.1198],[79.0547,10.1281],[79.0739,10.1395],[79.0815,10.1337],[79.0929,10.1379],[79.1118,10.134],[79.1086,10.1191],[79.1137,10.1046],[79.1222,10.0974],[79.1341,10.0981],[79.1384,10.0905],[79.1474,10.0931],[79.1489,10.1077],[79.132,10.1112],[79.1271,10.1184],[79.1341,10.1294],[79.1426,10.1303],[79.1414,10.136],[79.1584,10.1305],[79.15,10.1202],[79.1542,10.1118],[79.1652,10.1089],[79.1691,10.1134],[79.1595,10.1224],[79.177,10.1229],[79.168,10.1348],[79.2193,10.1165],[79.22,10.1311],[79.2275,10.1289],[79.2289,10.1403],[79.2056,10.1395],[79.2102,10.1434],[79.204,10.1601],[79.1535,10.1618],[79.1598,10.173],[79.1529,10.1971],[79.1639,10.2049],[79.1766,10.1973],[79.1883,10.2053],[79.1815,10.2179],[79.1443,10.2191],[79.1457,10.2365],[79.1172,10.2368],[79.1166,10.2514],[79.128,10.2523],[79.1334,10.2644],[79.1228,10.2919],[79.1067,10.2889],[79.1212,10.2826],[79.0953,10.2659],[79.077,10.2713],[79.0678,10.2668],[79.0653,10.2526],[79.0389,10.2616],[79.0311,10.3013],[79.02,10.3091],[79.0203,10.3168],[79.0068,10.3183],[78.9969,10.2944],[78.9839,10.2969],[78.9691,10.2811],[78.9292,10.2667],[78.9269,10.259],[78.9427,10.2461],[78.9324,10.2323],[78.93,10.2115],[78.9393,10.1855],[78.9236,10.1769],[78.9232,10.174]]]}},{"type":"Feature","properties":{"SUBDISTRICT":"Manamelkudi","STATE":"Tamil Nadu","shapeID":"7132399B83962834002563","source":"geoBoundaries gbOpen IND ADM3 (ODbL 1.0); source: Local Government Directory lgdirectory.gov.in via Pathways Data","DISTRICT":"Pudukkottai"},"geometry":{"type":"Polygon","coordinates":[[[79.0858,10.0375],[79.1047,10.0279],[79.1009,10.0187],[79.1057,10.0],[79.1224,9.9829],[79.1392,9.9368],[79.1517,9.9303],[79.1524,9.9189],[79.1548,9.932],[79.1991,9.9713],[79.2414,10.0237],[79.2666,10.0382],[79.2538,10.0477],[79.2532,10.0654],[79.2374,10.0741],[79.2292,10.0896],[79.2282,10.1128],[79.2372,10.1279],[79.2301,10.1313],[79.2302,10.1403],[79.2271,10.1265],[79.2187,10.128],[79.2222,10.1164],[79.168,10.1348],[79.177,10.1229],[79.1595,10.1224],[79.1691,10.1134],[79.1652,10.1089],[79.1542,10.1118],[79.15,10.1202],[79.1584,10.1305],[79.1414,10.136],[79.1426,10.1303],[79.1341,10.1294],[79.1271,10.1184],[79.132,10.1112],[79.1489,10.1077],[79.1438,10.0681],[79.1026,10.0662],[79.1117,10.0663],[79.1052,10.0567],[79.1156,10.0568],[79.1186,10.0442],[79.1099,10.0471],[79.1053,10.0364],[79.0876,10.044],[79.0868,10.0394],[79.0858,10.0375]]]}},{"type":"Feature","properties":{"SUBDISTRICT":"Polur","STATE":"Tamil Nadu","shapeID":"7132399B13415910277671","source":"geoBoundaries gbOpen IND ADM3 (ODbL 1.0); source: Local Government Directory lgdirectory.gov.in via Pathways Data","DISTRICT":"Tiruvannamalai"},"geometry":{"type":"MultiPolygon","coordinates":[[[[79.0562,12.7177],[79.0562,12.7178],[79.0576,12.7217],[79.058,12.7231],[79.0578,12.7236],[79.0562,12.7177]]],[[[79.0598,12.7309],[79.0608,12.732],[79.0623,12.7335],[79.0608,12.7344],[79.0598,12.7309]]],[[[79.0117,12.5029],[79.0304,12.4773],[79.0527,12.4708],[79.0791,12.4741],[79.0971,12.4617],[79.1125,12.4603],[79.1114,12.4469],[79.1174,12.4464],[79.1243,12.4706],[79.1325,12.4766],[79.1443,12.454],[79.1739,12.4368],[79.1774,12.4452],[79.1997,12.4402],[79.1991,12.4665],[79.2166,12.4737],[79.2215,12.4923],[79.2293,12.4917],[79.2314,12.502],[79.2389,12.502],[79.2378,12.5173],[79.2318,12.5164],[79.2296,12.528],[79.2442,12.5343],[79.2351,12.5523],[79.253,12.5666],[79.2455,12.5765],[79.2494,12.5814],[79.2414,12.591],[79.2435,12.5971],[79.2348,12.6012],[79.2357,12.6092],[79.2219,12.6224],[79.2396,12.6468],[79.2243,12.6567],[79.2004,12.6527],[79.2076,12.6602],[79.2047,12.6675],[79.1844,12.6646],[79.2108,12.6786],[79.2035,12.6922],[79.1834,12.6844],[79.1873,12.6798],[79.1637,12.6663],[79.1549,12.6675],[79.1631,12.6831],[79.1272,12.687],[79.1374,12.7205],[79.1211,12.7265],[79.1129,12.7429],[79.0998,12.7437],[79.103,12.7556],[79.0929,12.7559],[79.0715,12.7484],[79.0733,12.7356],[79.086,12.7395],[79.0942,12.7288],[79.0769,12.6842],[79.0832,12.6742],[79.0688,12.6401],[79.0703,12.6243],[79.0135,12.5263],[79.0197,12.5147],[79.0129,12.5059],[79.0117,12.5029]]]]}},{"type":"Feature","properties":{"SUBDISTRICT":"Periyakulam","STATE":"Tamil Nadu","shapeID":"7132399B39132559125445","source":"geoBoundaries gbOpen IND ADM3 (ODbL 1.0); source: Local Government Directory lgdirectory.gov.in via Pathways Data","DISTRICT":"Theni"},"geometry":{"type":"Polygon","coordinates":[[[77.4647,10.1275],[77.4946,10.1221],[77.502,10.1126],[77.5072,10.0983],[77.4848,10.0844],[77.4849,10.0646],[77.5036,10.0556],[77.5139,10.0427],[77.5015,10.0245],[77.5038,10.0168],[77.5278,10.0088],[77.546,10.0276],[77.5437,10.0366],[77.5616,10.0488],[77.5873,10.0536],[77.6061,10.0429],[77.6258,10.0489],[77.6357,10.0431],[77.6581,10.0542],[77.6805,10.0818],[77.6994,10.0857],[77.7006,10.1027],[77.6952,10.1089],[77.667,10.1215],[77.6748,10.1258],[77.6735,10.1442],[77.6911,10.1445],[77.7091,10.1284],[77.7295,10.1314],[77.7238,10.1394],[77.7281,10.1589],[77.7009,10.1901],[77.7095,10.2064],[77.7029,10.2138],[77.6946,10.1977],[77.6851,10.2004],[77.6651,10.1887],[77.6228,10.2152],[77.5954,10.2031],[77.6019,10.1986],[77.5962,10.1922],[77.5883,10.1931],[77.5685,10.1795],[77.5681,10.1913],[77.5477,10.203],[77.5511,10.1894],[77.5443,10.1915],[77.546,10.1803],[77.5378,10.1864],[77.5367,10.1787],[77.5236,10.1741],[77.5131,10.1595],[77.5004,10.1603],[77.4895,10.1456],[77.4845,10.151],[77.4681,10.1431],[77.4664,10.1307],[77.4647,10.1275]]]}},{"type":"Feature","properties":{"SUBDISTRICT":"Andipatti","STATE":"Tamil Nadu","shapeID":"7132399B99698598694220","source":"geoBoundaries gbOpen IND ADM3 (ODbL 1.0); source: Local Government Directory lgdirectory.gov.in via Pathways Data","DISTRICT":"Theni"},"geometry":{"type":"Polygon","coordinates":[[[77.352,9.566],[77.365,9.5554],[77.3668,9.5355],[77.3871,9.518],[77.429,9.5461],[77.4574,9.5396],[77.4796,9.5515],[77.4756,9.5696],[77.4644,9.5789],[77.5059,9.6364],[77.5051,9.6494],[77.526,9.6607],[77.5368,9.6761],[77.5695,9.7478],[77.6003,9.7767],[77.6248,9.8225],[77.6279,9.8359],[77.6184,9.8377],[77.6226,9.8634],[77.6497,9.8907],[77.6574,9.9185],[77.668,9.9119],[77.6806,9.9344],[77.6744,9.9595],[77.683,9.9689],[77.6933,9.9677],[77.6982,10.0129],[77.711,10.0202],[77.7122,10.0312],[77.7062,10.0344],[77.7134,10.045],[77.7096,10.0785],[77.6994,10.0857],[77.6805,10.0818],[77.6581,10.0542],[77.6357,10.0431],[77.6258,10.0489],[77.6061,10.0429],[77.5873,10.0536],[77.5616,10.0488],[77.5437,10.0366],[77.546,10.0276],[77.5355,10.0219],[77.5338,10.0123],[77.5111,9.9978],[77.5131,9.9007],[77.5002,9.8916],[77.4982,9.8688],[77.4886,9.8585],[77.4942,9.8483],[77.4869,9.851],[77.4623,9.8292],[77.4464,9.8055],[77.448,9.7972],[77.458,9.8024],[77.4586,9.7959],[77.4467,9.7924],[77.4401,9.7765],[77.4366,9.7836],[77.44,9.7616],[77.4338,9.7442],[77.3939,9.7009],[77.3945,9.6898],[77.3732,9.6778],[77.3754,9.6717],[77.3851,9.672],[77.3755,9.6588],[77.3806,9.636],[77.3614,9.6197],[77.3569,9.6043],[77.3674,9.5973],[77.3592,9.5941],[77.3613,9.5765],[77.3545,9.57],[77.352,9.566]]]}},{"type":"Feature","properties":{"SUBDISTRICT":"Ottapidaram","STATE":"Tamil Nadu","shapeID":"7132399B24886676508642","source":"geoBoundaries gbOpen IND ADM3 (ODbL 1.0); source: Local Government Directory lgdirectory.gov.in via Pathways Data","DISTRICT":"Thoothukudi"},"geometry":{"type":"Polygon","coordinates":[[[77.7999,8.8799],[77.8112,8.8715],[77.8208,8.8372],[77.8424,8.8142],[77.8504,8.8285],[77.8625,8.8309],[77.8717,8.8438],[77.9559,8.8337],[77.9695,8.8515],[78.0423,8.8406],[78.045,8.8294],[78.0755,8.8094],[78.0909,8.8527],[78.1177,8.8454],[78.1671,8.8463],[78.1695,8.8819],[78.1797,8.8922],[78.1938,8.9371],[78.2207,8.9707],[78.2165,8.9784],[78.2104,8.9726],[78.1951,8.9794],[78.1958,8.9856],[78.1685,8.9948],[78.1489,9.0129],[78.1236,9.0138],[78.1249,9.0293],[78.1175,9.0246],[78.1122,9.0328],[78.1015,9.0332],[78.0983,9.0272],[78.0868,9.0402],[78.066,9.041],[78.0589,9.0458],[78.0597,9.06],[78.051,9.0593],[78.0324,9.0063],[78.0262,9.0038],[78.0225,9.0262],[77.9794,9.0278],[77.9639,9.022],[77.9589,9.0156],[77.9596,8.9799],[77.951,8.9683],[77.8811,8.9631],[77.8887,8.9524],[77.8793,8.9544],[77.8817,8.9277],[77.8627,8.9247],[77.8679,8.9075],[77.8598,8.9054],[77.8596,8.8985],[77.8368,8.8967],[77.8187,8.8754],[77.8044,8.8807],[77.7999,8.8799]]]}},{"type":"Feature","properties":{"SUBDISTRICT":"Thoothukkudi","STATE":"Tamil Nadu","shapeID":"7132399B73972413604758","source":"geoBoundaries gbOpen IND ADM3 (ODbL 1.0); source: Local Government Directory lgdirectory.gov.in via Pathways Data","DISTRICT":"Thoothukudi"},"geometry":{"type":"Polygon","coordinates":[[[77.9291,8.725],[77.9394,8.7342],[77.962,8.7367],[77.9823,8.715],[77.9824,8.7074],[77.9955,8.7002],[77.9786,8.6621],[77.9923,8.6606],[78.0114,8.6674],[78.0029,8.6712],[77.9975,8.697],[78.0322,8.6785],[78.035,8.6848],[78.0609,8.6957],[78.0678,8.7101],[78.0868,8.7058],[78.0915,8.7162],[78.1145,8.7001],[78.1291,8.7025],[78.1562,8.7164],[78.1635,8.7367],[78.1752,8.7467],[78.1914,8.748],[78.1946,8.7538],[78.2163,8.7437],[78.2258,8.7481],[78.2157,8.7447],[78.2141,8.7517],[78.2103,8.7535],[78.2102,8.7473],[78.1997,8.7521],[78.1985,8.7639],[78.229,8.7485],[78.1983,8.765],[78.1976,8.7882],[78.1839,8.79],[78.1795,8.7663],[78.1581,8.7703],[78.1601,8.786],[78.164,8.7827],[78.158,8.798],[78.1654,8.8046],[78.1647,8.8474],[78.1177,8.8454],[78.0909,8.8527],[78.0755,8.8094],[78.045,8.8294],[78.0423,8.8406],[77.9695,8.8515],[77.9607,8.8347],[77.9749,8.8192],[77.9773,8.8065],[77.9681,8.8046],[77.9631,8.7919],[77.9556,8.7429],[77.9294,8.7272],[77.9291,8.725]]]}},{"type":"Feature","properties":{"SUBDISTRICT":"Sankarankoil","STATE":"Tamil Nadu","shapeID":"7132399B8883771558995","source":"geoBoundaries gbOpen IND ADM3 (ODbL 1.0); source: Local Government Directory lgdirectory.gov.in via Pathways Data","DISTRICT":"Tirunelveli Kattabo"},"geometry":{"type":"MultiPolygon","coordinates":[[[[77.7252,9.1849],[77.7382,9.1851],[77.7462,9.1606],[77.7895,9.1629],[77.8063,9.176],[77.8425,9.1669],[77.8428,9.1838],[77.8548,9.1816],[77.8612,9.195],[77.8529,9.232],[77.8482,9.2422],[77.809,9.2459],[77.7978,9.2556],[77.7974,9.2725],[77.7758,9.2768],[77.775,9.2707],[77.7907,9.257],[77.7754,9.2349],[77.7604,9.2526],[77.7594,9.2662],[77.7462,9.2667],[77.7489,9.2265],[77.7397,9.2232],[77.7418,9.1996],[77.7335,9.1916],[77.7252,9.1849]]],[[[77.4281,9.0915],[77.4516,9.0764],[77.4536,9.052],[77.4448,9.0451],[77.442,9.0301],[77.4513,9.0255],[77.4799,9.0273],[77.4918,9.0457],[77.5267,9.0487],[77.5339,9.0604],[77.5333,9.0855],[77.5565,9.0842],[77.5617,9.0688],[77.5881,9.0572],[77.6032,9.0318],[77.6255,9.032],[77.6272,9.0167],[77.61,9.0143],[77.601,8.9871],[77.6052,8.9666],[77.6157,8.9656],[77.6151,8.9534],[77.6232,8.9491],[77.6402,8.9613],[77.6607,8.9622],[77.662,8.9405],[77.6906,8.9229],[77.7008,8.9261],[77.6948,8.9286],[77.6924,8.9557],[77.6818,8.966],[77.6844,8.9739],[77.6985,8.9784],[77.705,8.968],[77.7214,8.9644],[77.7223,8.9751],[77.7318,8.9836],[77.7237,9.0004],[77.6992,9.0011],[77.6883,9.0078],[77.6975,9.0168],[77.6937,9.0294],[77.713,9.0437],[77.7028,9.0612],[77.7049,9.0688],[77.6915,9.074],[77.6779,9.0557],[77.6665,9.0675],[77.6316,9.0589],[77.6272,9.0673],[77.6347,9.1013],[77.6307,9.1351],[77.6164,9.1301],[77.6156,9.1386],[77.5812,9.1427],[77.5889,9.1768],[77.5651,9.204],[77.5686,9.2181],[77.5763,9.232],[77.5848,9.2224],[77.5866,9.2305],[77.6069,9.2357],[77.6138,9.2468],[77.6051,9.2626],[77.5766,9.2586],[77.5805,9.2829],[77.5583,9.2854],[77.566,9.3016],[77.5877,9.2959],[77.5886,9.3131],[77.5937,9.3148],[77.5918,9.3438],[77.5748,9.3428],[77.5751,9.3543],[77.5609,9.3529],[77.549,9.3664],[77.5532,9.3709],[77.531,9.3758],[77.5301,9.3615],[77.5204,9.3581],[77.528,9.3504],[77.5256,9.3415],[77.5449,9.3391],[77.5406,9.3314],[77.554,9.3212],[77.5542,9.3105],[77.5434,9.3095],[77.5427,9.3162],[77.5346,9.319],[77.5123,9.2868],[77.4753,9.2777],[77.476,9.2546],[77.4851,9.2502],[77.4919,9.2343],[77.4921,9.2257],[77.4839,9.2203],[77.4893,9.2115],[77.4952,9.2171],[77.5098,9.2072],[77.5116,9.1974],[77.5002,9.1884],[77.4808,9.2012],[77.4678,9.1987],[77.4684,9.1861],[77.4871,9.1809],[77.4809,9.1598],[77.4849,9.143],[77.4436,9.1277],[77.4287,9.0974],[77.4281,9.0915]]]]}},{"type":"Feature","properties":{"SUBDISTRICT":"Tenkasi","STATE":"Tamil Nadu","shapeID":"7132399B42651875569695","source":"geoBoundaries gbOpen IND ADM3 (ODbL 1.0); source: Local Government Directory lgdirectory.gov.in via Pathways Data","DISTRICT":"Tirunelveli Kattabo"},"geometry":{"type":"Polygon","coordinates":[[[77.2101,8.9333],[77.225,8.9224],[77.2197,8.9152],[77.2239,8.9017],[77.2392,8.8967],[77.2499,8.8776],[77.2576,8.8767],[77.2593,8.8849],[77.2922,8.8872],[77.3149,8.8774],[77.3267,8.8808],[77.3436,8.8735],[77.3663,8.8772],[77.3872,8.8757],[77.391,8.8687],[77.4084,8.8708],[77.4105,8.896],[77.395,8.8976],[77.3947,8.9324],[77.3879,8.9426],[77.3959,8.9347],[77.4156,8.9427],[77.4026,8.9642],[77.4143,8.974],[77.3956,8.9985],[77.4122,9.0108],[77.4211,9.0274],[77.3901,9.0304],[77.3842,9.0361],[77.3739,9.0116],[77.3341,9.0116],[77.3175,9.0193],[77.3105,8.9911],[77.3074,8.9984],[77.2821,9.0028],[77.2657,8.9976],[77.2589,8.9896],[77.3039,8.9642],[77.286,8.9699],[77.276,8.9586],[77.2536,8.957],[77.2483,8.9417],[77.2334,8.9511],[77.2254,8.9344],[77.211,8.9344],[77.2101,8.9333]]]}},{"type":"Feature","properties":{"SUBDISTRICT":"Vanur","STATE":"Tamil Nadu","shapeID":"7132399B2059964356185","source":"geoBoundaries gbOpen IND ADM3 (ODbL 1.0); source: Local Government Directory lgdirectory.gov.in via Pathways Data","DISTRICT":"Villupuram"},"geometry":{"type":"Polygon","coordinates":[[[79.5874,12.0408],[79.5919,12.0222],[79.6158,12.0076],[79.6248,12.0166],[79.6225,12.0266],[79.6489,12.0235],[79.6618,12.0074],[79.6741,12.011],[79.6938,12.0334],[79.7064,12.0316],[79.7056,12.0105],[79.7207,11.9916],[79.7399,11.9922],[79.7496,12.0086],[79.7646,12.0005],[79.7674,11.9905],[79.7574,11.9814],[79.7419,11.9768],[79.7306,11.9817],[79.7294,11.9696],[79.7486,11.9616],[79.752,11.9216],[79.7626,11.9296],[79.7629,11.9433],[79.7793,11.949],[79.7868,11.9608],[79.8026,11.9529],[79.8148,11.9788],[79.8261,11.9571],[79.8401,11.9546],[79.8573,12.0048],[79.8409,12.0132],[79.8564,12.067],[79.8564,12.1107],[79.8686,12.1489],[79.846,12.1579],[79.8362,12.1582],[79.8302,12.1464],[79.8101,12.1548],[79.793,12.1515],[79.7926,12.1585],[79.7828,12.1557],[79.7885,12.1588],[79.7643,12.1747],[79.7567,12.1647],[79.7215,12.1689],[79.7201,12.1596],[79.7068,12.1634],[79.6998,12.1446],[79.7028,12.1366],[79.6801,12.1239],[79.6746,12.1114],[79.6459,12.1015],[79.6506,12.0818],[79.6301,12.0451],[79.6011,12.051],[79.588,12.0435],[79.5874,12.0408]],[[79.7909,12.0185],[79.7915,12.027],[79.8071,12.0242],[79.8034,12.0169],[79.7931,12.0173],[79.7909,12.0185]]]}},{"type":"Feature","properties":{"SUBDISTRICT":"Avanashi","STATE":"Tamil Nadu","shapeID":"7132399B66370791281452","source":"geoBoundaries gbOpen IND ADM3 (ODbL 1.0); source: Local Government Directory lgdirectory.gov.in via Pathways Data","DISTRICT":"Coimbatore"},"geometry":{"type":"Polygon","coordinates":[[[77.1152,11.2909],[77.1275,11.2812],[77.1443,11.284],[77.1531,11.2749],[77.1667,11.28],[77.1624,11.2408],[77.1435,11.2072],[77.1574,11.193],[77.1582,11.1655],[77.18,11.1593],[77.1723,11.136],[77.1829,11.1371],[77.1871,11.1477],[77.223,11.1211],[77.2298,11.1236],[77.234,11.136],[77.243,11.1345],[77.2653,11.1062],[77.263,11.1016],[77.2942,11.1043],[77.2862,11.1353],[77.2929,11.1443],[77.3096,11.1455],[77.3139,11.1516],[77.3135,11.1663],[77.3057,11.1697],[77.3155,11.1791],[77.3191,11.1984],[77.3757,11.1892],[77.379,11.1681],[77.3902,11.1649],[77.3997,11.1647],[77.4036,11.1851],[77.405,11.1983],[77.3807,11.2109],[77.3733,11.222],[77.3732,11.2364],[77.3811,11.2396],[77.3878,11.2558],[77.3755,11.2883],[77.3617,11.3033],[77.3645,11.3156],[77.3321,11.3142],[77.3471,11.2865],[77.3317,11.2547],[77.3033,11.2652],[77.2968,11.2708],[77.3131,11.2783],[77.2855,11.2884],[77.2845,11.3148],[77.2922,11.3279],[77.2837,11.3397],[77.2623,11.3128],[77.2528,11.308],[77.2479,11.3261],[77.2411,11.322],[77.2414,11.3011],[77.217,11.2959],[77.2017,11.2969],[77.2004,11.3067],[77.2183,11.3035],[77.2202,11.3104],[77.2341,11.3135],[77.2366,11.3253],[77.2201,11.3369],[77.2308,11.3485],[77.196,11.3416],[77.1958,11.3331],[77.1764,11.3387],[77.1806,11.3125],[77.1661,11.3134],[77.1597,11.3273],[77.145,11.3339],[77.1454,11.3035],[77.1288,11.3059],[77.1155,11.2931],[77.1152,11.2909]]]}},{"type":"Feature","properties":{"SUBDISTRICT":"Tiruppursouth","STATE":"Tamil Nadu","shapeID":"7132399B90736663959098","source":"geoBoundaries gbOpen IND ADM3 (ODbL 1.0); source: Local Government Directory lgdirectory.gov.in via Pathways Data","DISTRICT":"Coimbatore"},"geometry":{"type":"Polygon","coordinates":[[[77.2387,11.0997],[77.2393,11.0853],[77.2543,11.092],[77.268,11.0844],[77.2687,11.0699],[77.2744,11.0688],[77.2848,11.047],[77.2947,11.0535],[77.2927,11.0603],[77.3012,11.0577],[77.3037,11.0644],[77.3229,11.0544],[77.3306,11.0565],[77.3396,11.0457],[77.35,11.0543],[77.3613,11.0499],[77.3736,11.054],[77.3791,11.0493],[77.3774,11.0373],[77.3931,11.0353],[77.3959,11.0287],[77.4116,11.0437],[77.4184,11.0641],[77.4284,11.0703],[77.4542,11.0662],[77.4748,11.0541],[77.4642,11.0905],[77.4524,11.0939],[77.4509,11.1209],[77.4239,11.1277],[77.3952,11.1195],[77.3754,11.1267],[77.3843,11.1352],[77.3969,11.1302],[77.3934,11.1556],[77.4012,11.1577],[77.3997,11.1647],[77.379,11.1681],[77.3789,11.1868],[77.3694,11.1913],[77.3191,11.1984],[77.3155,11.1791],[77.3057,11.1697],[77.3135,11.1663],[77.3139,11.1516],[77.3096,11.1455],[77.2929,11.1443],[77.2862,11.1353],[77.2942,11.1043],[77.2513,11.1052],[77.2387,11.0999],[77.2387,11.0997]]]}},{"type":"Feature","properties":{"SUBDISTRICT":"Natham","STATE":"Tamil Nadu","shapeID":"7132399B53036106444601","source":"geoBoundaries gbOpen IND ADM3 (ODbL 1.0); source: Local Government Directory lgdirectory.gov.in via Pathways Data","DISTRICT":"Dindigul"},"geometry":{"type":"Polygon","coordinates":[[[78.1317,10.1955],[78.1396,10.1912],[78.1335,10.1854],[78.1497,10.1745],[78.1636,10.1402],[78.1627,10.1062],[78.1718,10.0921],[78.2041,10.0787],[78.2018,10.0697],[78.2571,10.087],[78.2633,10.095],[78.2602,10.1034],[78.2713,10.11],[78.2718,10.1279],[78.2832,10.1303],[78.2837,10.1634],[78.2635,10.1581],[78.256,10.1627],[78.2636,10.1793],[78.2913,10.2003],[78.309,10.203],[78.3268,10.2226],[78.3315,10.2449],[78.3283,10.2843],[78.3352,10.2879],[78.3377,10.3257],[78.318,10.3481],[78.305,10.3504],[78.2814,10.3698],[78.2781,10.3809],[78.2879,10.389],[78.2887,10.3997],[78.3082,10.4054],[78.3158,10.4175],[78.3096,10.4253],[78.315,10.4383],[78.2968,10.449],[78.2351,10.4683],[78.2243,10.4629],[78.2247,10.4436],[78.2419,10.4276],[78.2372,10.4362],[78.2271,10.4385],[78.2225,10.4257],[78.2364,10.4324],[78.2351,10.418],[78.2146,10.4176],[78.1879,10.398],[78.1777,10.3516],[78.1814,10.3236],[78.1897,10.3101],[78.1872,10.2971],[78.1778,10.2897],[78.1779,10.2751],[78.1617,10.2369],[78.1663,10.2298],[78.1326,10.1972],[78.1317,10.1955]]]}},{"type":"Feature","properties":{"SUBDISTRICT":"Arani","STATE":"Tamil Nadu","shapeID":"7132399B81469031486007","source":"geoBoundaries gbOpen IND ADM3 (ODbL 1.0); source: Local Government Directory lgdirectory.gov.in via Pathways Data","DISTRICT":"Tiruvannamalai"},"geometry":{"type":"Polygon","coordinates":[[[79.098,12.7462],[79.1129,12.7429],[79.1211,12.7265],[79.1374,12.7205],[79.1272,12.687],[79.1632,12.683],[79.1567,12.666],[79.1719,12.6693],[79.1873,12.6798],[79.1834,12.6844],[79.1968,12.6853],[79.202,12.692],[79.2116,12.684],[79.21,12.6775],[79.1844,12.6646],[79.2047,12.6675],[79.2076,12.6602],[79.2004,12.6527],[79.2243,12.6567],[79.2396,12.6468],[79.2222,12.6203],[79.2435,12.5971],[79.2479,12.5721],[79.2615,12.5611],[79.2844,12.5599],[79.2831,12.5707],[79.3055,12.5832],[79.3273,12.5774],[79.326,12.5935],[79.3382,12.6148],[79.3118,12.6193],[79.3171,12.6422],[79.3262,12.6427],[79.3171,12.6521],[79.3186,12.6624],[79.3258,12.6612],[79.3304,12.6495],[79.3508,12.6451],[79.3644,12.6562],[79.3573,12.672],[79.3961,12.6889],[79.3824,12.7041],[79.3941,12.7122],[79.3968,12.7255],[79.3912,12.7317],[79.3806,12.7326],[79.3803,12.725],[79.3672,12.7138],[79.3591,12.7182],[79.3584,12.6967],[79.3461,12.6931],[79.34,12.6997],[79.3477,12.7088],[79.3449,12.7281],[79.3236,12.7425],[79.2984,12.7462],[79.2883,12.7558],[79.2887,12.7793],[79.2656,12.7888],[79.2628,12.8175],[79.255,12.8219],[79.2516,12.8058],[79.2458,12.8067],[79.2298,12.7883],[79.2267,12.792],[79.2094,12.784],[79.215,12.76],[79.2065,12.7399],[79.1881,12.7475],[79.176,12.7439],[79.1754,12.7584],[79.1668,12.7609],[79.1661,12.77],[79.1613,12.7681],[79.1626,12.7509],[79.1237,12.7578],[79.103,12.7556],[79.0983,12.7484],[79.098,12.7462]]]}},{"type":"Feature","properties":{"SUBDISTRICT":"Avudayarkoil","STATE":"Tamil Nadu","shapeID":"7132399B75709532995412","source":"geoBoundaries gbOpen IND ADM3 (ODbL 1.0); source: Local Government Directory lgdirectory.gov.in via Pathways Data","DISTRICT":"Pudukkottai"},"geometry":{"type":"Polygon","coordinates":[[[78.9236,10.0442],[78.9319,10.0359],[78.9301,10.0217],[78.9401,10.0133],[78.965,10.008],[78.9759,9.9967],[78.975,9.9902],[78.9955,9.9906],[79.0137,9.9829],[79.0016,9.9751],[79.0015,9.9538],[78.9905,9.9453],[79.0108,9.9085],[79.0332,9.8882],[79.0462,9.8599],[79.0697,9.8506],[79.0997,9.8561],[79.1133,9.8467],[79.1236,9.8593],[79.1184,9.8724],[79.1258,9.8914],[79.1523,9.9186],[79.1517,9.9303],[79.14,9.9349],[79.1224,9.9829],[79.1057,10.0],[79.1009,10.0187],[79.1047,10.0279],[79.0858,10.036],[79.0876,10.044],[79.1053,10.0364],[79.1099,10.0471],[79.1186,10.0442],[79.1156,10.0568],[79.1052,10.0567],[79.1117,10.0663],[79.1026,10.0662],[79.1183,10.0693],[79.1338,10.0644],[79.1444,10.0697],[79.1477,10.0873],[79.1137,10.1046],[79.1086,10.1191],[79.1118,10.134],[79.0929,10.1379],[79.0815,10.1337],[79.0757,10.1398],[79.06,10.133],[79.0547,10.1281],[79.0626,10.1198],[79.0477,10.0996],[79.0367,10.0919],[79.0307,10.0959],[79.0179,10.0785],[78.9969,10.0758],[78.9865,10.0883],[78.971,10.0815],[78.9624,10.0946],[78.9556,10.092],[78.935,10.0716],[78.9435,10.0549],[78.9246,10.0478],[78.9236,10.0442]]]}},{"type":"Feature","properties":{"SUBDISTRICT":"Thiruppathur","STATE":"Tamil Nadu","shapeID":"7132399B90863802578013","source":"geoBoundaries gbOpen IND ADM3 (ODbL 1.0); source: Local Government Directory lgdirectory.gov.in via Pathways Data","DISTRICT":"Sivaganga"},"geometry":{"type":"Polygon","coordinates":[[[78.5106,10.188],[78.5115,10.18],[78.5192,10.1765],[78.5186,10.1599],[78.5339,10.1541],[78.5244,10.1384],[78.5288,10.1311],[78.514,10.1096],[78.5304,10.1026],[78.5268,10.0806],[78.5207,10.077],[78.5305,10.0585],[78.548,10.0568],[78.5542,10.0345],[78.5955,10.0396],[78.6122,10.0298],[78.6315,10.037],[78.6246,10.0299],[78.6251,10.0157],[78.6472,10.0145],[78.6503,10.0069],[78.6607,10.0096],[78.6676,10.003],[78.6823,10.0081],[78.6869,10.0043],[78.6938,10.0074],[78.6919,10.0191],[78.7071,10.0558],[78.7291,10.0574],[78.7222,10.0676],[78.7059,10.0697],[78.7191,10.097],[78.7273,10.0989],[78.7268,10.1157],[78.7173,10.1441],[78.7046,10.1401],[78.672,10.1542],[78.6725,10.1734],[78.6651,10.1793],[78.6723,10.2046],[78.6536,10.2207],[78.651,10.2363],[78.6437,10.2404],[78.6501,10.2484],[78.6469,10.2579],[78.6365,10.2662],[78.6129,10.2689],[78.5763,10.2838],[78.5708,10.2761],[78.5776,10.2654],[78.5727,10.2561],[78.5572,10.2531],[78.5542,10.2471],[78.5413,10.2552],[78.5202,10.2335],[78.514,10.2027],[78.5171,10.1899],[78.5106,10.188]]]}},{"type":"Feature","properties":{"SUBDISTRICT":"Karaikkudi","STATE":"Tamil Nadu","shapeID":"7132399B49922033980978","source":"geoBoundaries gbOpen IND ADM3 (ODbL 1.0); source: Local Government Directory lgdirectory.gov.in via Pathways Data","DISTRICT":"Sivaganga"},"geometry":{"type":"Polygon","coordinates":[[[78.571,9.9497],[78.5925,9.9289],[78.6107,9.9326],[78.601,9.9154],[78.6161,9.9049],[78.6197,9.8916],[78.6375,9.8903],[78.6357,9.878],[78.643,9.8937],[78.6876,9.8922],[78.7151,9.9076],[78.6987,9.9253],[78.7325,9.9199],[78.7369,9.9333],[78.7547,9.9447],[78.7464,9.9562],[78.7565,9.9538],[78.7617,9.9586],[78.7554,9.9656],[78.7668,9.9649],[78.7866,10.0188],[78.8015,10.0155],[78.789,10.0247],[78.8102,10.0277],[78.8099,10.0356],[78.7995,10.0421],[78.8129,10.044],[78.8143,10.0492],[78.8408,10.0452],[78.8559,10.0601],[78.8648,10.054],[78.858,10.0472],[78.8693,9.9987],[78.8849,9.9996],[78.8902,10.014],[78.8862,10.0228],[78.9084,10.0193],[78.9091,10.0305],[78.931,10.0322],[78.9246,10.0478],[78.9435,10.0549],[78.935,10.0716],[78.9499,10.0885],[78.9624,10.0946],[78.971,10.0815],[78.9865,10.0883],[78.9681,10.1254],[78.9474,10.106],[78.9093,10.1292],[78.913,10.1442],[78.9013,10.1546],[78.8963,10.1475],[78.8836,10.1534],[78.8606,10.125],[78.8467,10.1249],[78.8473,10.1374],[78.8327,10.1383],[78.8313,10.1508],[78.8173,10.1644],[78.8235,10.196],[78.8107,10.2114],[78.7713,10.1978],[78.7679,10.1642],[78.7312,10.1593],[78.7284,10.168],[78.7082,10.1736],[78.6979,10.1578],[78.692,10.1467],[78.7046,10.1401],[78.7173,10.1441],[78.7281,10.1052],[78.7059,10.0697],[78.7222,10.0676],[78.7291,10.0574],[78.7071,10.0558],[78.6919,10.0191],[78.6938,10.0074],[78.6676,10.003],[78.6369,10.0163],[78.6212,9.9901],[78.6179,10.0102],[78.6039,10.0123],[78.5985,9.9864],[78.6159,9.9851],[78.6244,9.9734],[78.614,9.9668],[78.6089,9.9442],[78.5722,9.9498],[78.571,9.9497]]]}},{"type":"Feature","properties":{"SUBDISTRICT":"Sivaganga","STATE":"Tamil Nadu","shapeID":"7132399B3533723614756","source":"geoBoundaries gbOpen IND ADM3 (ODbL 1.0); source: Local Government Directory lgdirectory.gov.in via Pathways Data","DISTRICT":"Sivaganga"},"geometry":{"type":"Polygon","coordinates":[[[78.2854,9.869],[78.2898,9.8619],[78.3107,9.8616],[78.312,9.8529],[78.3399,9.8473],[78.3345,9.843],[78.3397,9.8331],[78.3565,9.8213],[78.3444,9.8009],[78.3576,9.791],[78.3641,9.7712],[78.382,9.7563],[78.3901,9.7535],[78.4027,9.769],[78.4153,9.7701],[78.4511,9.7584],[78.4598,9.7775],[78.4858,9.7755],[78.4921,9.7555],[78.5015,9.761],[78.5121,9.7892],[78.5068,9.8049],[78.5243,9.8184],[78.5088,9.8273],[78.5335,9.8585],[78.5495,9.8661],[78.5352,9.874],[78.5397,9.8828],[78.5258,9.9062],[78.5377,9.9072],[78.5477,9.9169],[78.5635,9.9103],[78.5773,9.9397],[78.571,9.9497],[78.5902,9.9511],[78.6089,9.9442],[78.6134,9.9656],[78.6245,9.9753],[78.6159,9.9851],[78.5985,9.9864],[78.6039,10.0123],[78.6179,10.0102],[78.6225,9.9901],[78.6368,10.0163],[78.6235,10.0167],[78.6315,10.037],[78.6122,10.0298],[78.5955,10.0396],[78.5756,10.0385],[78.5531,10.0344],[78.5411,10.001],[78.5234,10.0354],[78.5197,10.0268],[78.5128,10.0267],[78.4719,10.0392],[78.4463,10.0328],[78.4621,10.0105],[78.4582,9.9914],[78.4504,9.987],[78.4582,9.9678],[78.3944,9.9527],[78.3776,9.9626],[78.3733,9.9326],[78.3477,9.9377],[78.3195,9.923],[78.3143,9.8709],[78.2864,9.8691],[78.2854,9.869]]]}},{"type":"Feature","properties":{"SUBDISTRICT":"Agastheeswaram","STATE":"Tamil Nadu","shapeID":"7132399B37406661170519","source":"geoBoundaries gbOpen IND ADM3 (ODbL 1.0); source: Local Government Directory lgdirectory.gov.in via Pathways Data","DISTRICT":"Kanniyakumari"},"geometry":{"type":"Polygon","coordinates":[[[77.3279,8.129],[77.4456,8.0946],[77.5511,8.0779],[77.5647,8.0927],[77.5639,8.101],[77.5645,8.0952],[77.5584,8.0974],[77.559,8.1198],[77.5907,8.1427],[77.5836,8.1554],[77.5515,8.1583],[77.5402,8.1717],[77.5493,8.179],[77.5432,8.1851],[77.5533,8.1938],[77.5372,8.1899],[77.5001,8.2087],[77.4911,8.1937],[77.4835,8.207],[77.4719,8.195],[77.4643,8.2023],[77.4597,8.1918],[77.4471,8.1932],[77.4471,8.2255],[77.4401,8.2016],[77.426,8.2051],[77.4255,8.2157],[77.3982,8.2166],[77.395,8.2015],[77.4072,8.1849],[77.3989,8.1808],[77.3965,8.1679],[77.3854,8.1682],[77.3852,8.1779],[77.3678,8.1741],[77.3582,8.1646],[77.3568,8.1425],[77.328,8.13],[77.3279,8.129]]]}},{"type":"Feature","properties":{"SUBDISTRICT":"Palakkodu","STATE":"Tamil Nadu","shapeID":"7132399B78318964088671","source":"geoBoundaries gbOpen IND ADM3 (ODbL 1.0); source: Local Government Directory lgdirectory.gov.in via Pathways Data","DISTRICT":"Dharmapuri"},"geometry":{"type":"Polygon","coordinates":[[[77.8633,12.3262],[77.8849,12.3312],[77.9177,12.3236],[77.9375,12.3067],[77.9365,12.2993],[77.9586,12.2741],[77.9841,12.2609],[78.0411,12.2776],[78.0704,12.271],[78.0709,12.2431],[78.0813,12.2434],[78.0944,12.231],[78.0738,12.1992],[78.0861,12.2056],[78.0884,12.2015],[78.0857,12.1627],[78.1076,12.1605],[78.1109,12.1822],[78.1406,12.1841],[78.1495,12.1928],[78.1439,12.2037],[78.144,12.2313],[78.134,12.241],[78.1493,12.2728],[78.1382,12.2688],[78.1287,12.2733],[78.1369,12.2893],[78.1207,12.2856],[78.1138,12.29],[78.1082,12.2822],[78.102,12.2895],[78.0987,12.3281],[78.1159,12.3299],[78.1193,12.3456],[78.129,12.353],[78.1322,12.3755],[78.1427,12.374],[78.1317,12.4045],[78.142,12.4373],[78.1166,12.4485],[78.1101,12.46],[78.0963,12.4471],[78.0812,12.452],[78.0733,12.4691],[78.0122,12.4855],[78.0068,12.51],[77.9968,12.5058],[77.9814,12.5144],[77.9806,12.5034],[77.9697,12.503],[77.9569,12.4893],[77.9421,12.5161],[77.9177,12.5091],[77.903,12.5143],[77.8977,12.5093],[77.9267,12.4872],[77.9312,12.4747],[77.9217,12.4601],[77.9289,12.4491],[77.9426,12.4563],[77.9612,12.4379],[77.9709,12.4167],[77.9693,12.4021],[77.9491,12.3802],[77.9561,12.3575],[77.9432,12.3354],[77.9313,12.3275],[77.8789,12.3378],[77.8645,12.3299],[77.8633,12.3262]]]}},{"type":"Feature","properties":{"SUBDISTRICT":"Cheyyar","STATE":"Tamil Nadu","shapeID":"7132399B73165060201948","source":"geoBoundaries gbOpen IND ADM3 (ODbL 1.0); source: Local Government Directory lgdirectory.gov.in via Pathways Data","DISTRICT":"Tiruvannamalai"},"geometry":{"type":"Polygon","coordinates":[[[79.3117,12.6202],[79.345,12.6124],[79.3425,12.6054],[79.3519,12.5993],[79.3706,12.6054],[79.3784,12.6161],[79.3832,12.6145],[79.382,12.5958],[79.4014,12.5921],[79.4187,12.5977],[79.4243,12.5862],[79.4422,12.5823],[79.4597,12.5914],[79.4777,12.5618],[79.4793,12.5482],[79.4911,12.5607],[79.4868,12.5714],[79.4909,12.5822],[79.5101,12.5762],[79.5129,12.5646],[79.5317,12.5701],[79.5429,12.5605],[79.5686,12.5624],[79.5683,12.5493],[79.5846,12.5378],[79.6001,12.5555],[79.6005,12.564],[79.6168,12.5605],[79.6269,12.5652],[79.6459,12.5439],[79.6593,12.5399],[79.6781,12.5551],[79.691,12.5524],[79.6895,12.5686],[79.6947,12.5729],[79.703,12.5703],[79.7184,12.5802],[79.7283,12.5788],[79.7258,12.5876],[79.6919,12.6004],[79.6706,12.5922],[79.6502,12.6012],[79.647,12.625],[79.6337,12.631],[79.6485,12.6677],[79.6843,12.6675],[79.7028,12.6808],[79.6922,12.6796],[79.6832,12.6946],[79.663,12.6961],[79.6542,12.7193],[79.62,12.7144],[79.5591,12.7409],[79.536,12.7314],[79.5202,12.7457],[79.509,12.735],[79.4962,12.733],[79.4745,12.7451],[79.4713,12.7556],[79.4568,12.7546],[79.4573,12.7363],[79.4738,12.7335],[79.4775,12.7273],[79.4669,12.7145],[79.466,12.6983],[79.4587,12.6966],[79.4621,12.6837],[79.4547,12.681],[79.4525,12.6703],[79.4126,12.6556],[79.3841,12.6272],[79.3689,12.6328],[79.3555,12.647],[79.3304,12.6495],[79.3258,12.6612],[79.3186,12.6624],[79.3171,12.6521],[79.3262,12.6427],[79.3171,12.6422],[79.3133,12.6217],[79.3117,12.6202]]]}},{"type":"Feature","properties":{"SUBDISTRICT":"Vandavasi","STATE":"Tamil Nadu","shapeID":"7132399B75452579583590","source":"geoBoundaries gbOpen IND ADM3 (ODbL 1.0); source: Local Government Directory lgdirectory.gov.in via Pathways Data","DISTRICT":"Tiruvannamalai"},"geometry":{"type":"Polygon","coordinates":[[[79.385,12.5186],[79.4031,12.509],[79.4177,12.489],[79.4515,12.4911],[79.4507,12.473],[79.4606,12.4649],[79.4549,12.4436],[79.4356,12.4371],[79.4204,12.413],[79.4423,12.4068],[79.4394,12.3919],[79.4498,12.3948],[79.4499,12.3779],[79.4752,12.3656],[79.4931,12.3723],[79.4918,12.3498],[79.5021,12.3459],[79.5218,12.355],[79.5322,12.3684],[79.5987,12.3494],[79.6038,12.3698],[79.6159,12.3746],[79.6234,12.37],[79.6204,12.3508],[79.6448,12.3452],[79.6465,12.3594],[79.6678,12.3712],[79.6636,12.3826],[79.6964,12.3982],[79.6985,12.4085],[79.6907,12.4176],[79.7056,12.4133],[79.7045,12.4297],[79.7153,12.4275],[79.7173,12.4359],[79.7358,12.4278],[79.7404,12.4393],[79.7333,12.4463],[79.7386,12.4537],[79.75,12.455],[79.747,12.4828],[79.7242,12.4948],[79.7277,12.5007],[79.739,12.4953],[79.7523,12.504],[79.7568,12.5181],[79.7361,12.5395],[79.7173,12.549],[79.7215,12.5654],[79.7073,12.5711],[79.6933,12.572],[79.691,12.5524],[79.6781,12.5551],[79.6583,12.5398],[79.6459,12.5439],[79.6269,12.5652],[79.6168,12.5605],[79.6005,12.564],[79.6001,12.5555],[79.5846,12.5378],[79.5683,12.5493],[79.5686,12.5624],[79.5429,12.5605],[79.5317,12.5701],[79.5129,12.5646],[79.5101,12.5762],[79.492,12.5821],[79.4868,12.5714],[79.4911,12.5607],[79.4793,12.5482],[79.4777,12.5618],[79.4597,12.5914],[79.4422,12.5823],[79.4243,12.5862],[79.4225,12.596],[79.4104,12.5985],[79.4038,12.5884],[79.4188,12.5838],[79.4213,12.5765],[79.416,12.5724],[79.4037,12.5781],[79.4031,12.5732],[79.416,12.5683],[79.4141,12.547],[79.4072,12.538],[79.3946,12.5366],[79.3869,12.5208],[79.385,12.5186]]]}},{"type":"Feature","properties":{"SUBDISTRICT":"Harur","STATE":"Tamil Nadu","shapeID":"7132399B27534188032436","source":"geoBoundaries gbOpen IND ADM3 (ODbL 1.0); source: Local Government Directory lgdirectory.gov.in via Pathways Data","DISTRICT":"Dharmapuri"},"geometry":{"type":"Polygon","coordinates":[[[78.3101,12.1155],[78.3149,12.1009],[78.3435,12.1155],[78.3566,12.1128],[78.361,12.105],[78.3473,12.085],[78.3541,12.0797],[78.3591,12.0858],[78.3674,12.0764],[78.3824,12.0748],[78.3781,12.051],[78.386,12.0363],[78.3957,12.0501],[78.4143,12.0551],[78.4194,12.0623],[78.4356,12.0578],[78.4359,12.0449],[78.4484,12.0432],[78.4512,12.0357],[78.4486,12.0195],[78.4746,12.0039],[78.4793,11.996],[78.4756,11.9879],[78.492,11.969],[78.5068,11.9694],[78.503,11.9787],[78.5229,11.986],[78.5217,11.9913],[78.5386,11.9833],[78.5209,11.953],[78.5296,11.9516],[78.5402,11.9595],[78.5559,11.9547],[78.5944,11.9617],[78.5731,11.9206],[78.5751,11.9031],[78.5907,11.883],[78.5674,11.8805],[78.5583,11.8725],[78.5358,11.8753],[78.5491,11.8673],[78.5498,11.8559],[78.582,11.8652],[78.582,11.8537],[78.59,11.8536],[78.6035,11.8329],[78.6085,11.8457],[78.6356,11.8713],[78.6364,11.8838],[78.6553,11.8789],[78.6594,11.8881],[78.6882,11.8979],[78.693,11.89],[78.7064,11.8904],[78.7245,11.9153],[78.7054,11.9338],[78.7175,11.9798],[78.7043,11.9807],[78.6985,11.9883],[78.7263,12.0912],[78.7473,12.1253],[78.7406,12.1339],[78.6859,12.1059],[78.6639,12.1024],[78.6666,12.1127],[78.6593,12.1234],[78.6332,12.1293],[78.6494,12.1615],[78.6181,12.1821],[78.5819,12.1601],[78.5727,12.192],[78.5576,12.1791],[78.516,12.1742],[78.5079,12.1405],[78.4944,12.1349],[78.464,12.1437],[78.4712,12.1699],[78.4462,12.1882],[78.4227,12.1866],[78.4108,12.1928],[78.3903,12.1835],[78.3832,12.1923],[78.3666,12.1905],[78.3702,12.2106],[78.3487,12.2238],[78.3416,12.2069],[78.3405,12.1841],[78.3493,12.1844],[78.3436,12.1634],[78.3112,12.1329],[78.311,12.1191],[78.3101,12.1155]]]}},{"type":"Feature","properties":{"SUBDISTRICT":"Pappireddipatti","STATE":"Tamil Nadu","shapeID":"7132399B97438473377460","source":"geoBoundaries gbOpen IND ADM3 (ODbL 1.0); source: Local Government Directory lgdirectory.gov.in via Pathways Data","DISTRICT":"Dharmapuri"},"geometry":{"type":"Polygon","coordinates":[[[78.1933,12.0668],[78.248,12.0104],[78.246,11.9847],[78.2337,11.9886],[78.2251,11.9821],[78.2282,11.9731],[78.2353,11.975],[78.2445,11.9646],[78.2527,11.9467],[78.2391,11.9123],[78.2563,11.935],[78.2732,11.9343],[78.263,11.9098],[78.2793,11.9277],[78.2929,11.9271],[78.2908,11.9204],[78.2824,11.9192],[78.2735,11.8975],[78.2725,11.8934],[78.2822,11.8948],[78.294,11.9017],[78.3005,11.9158],[78.3275,11.925],[78.3271,11.8955],[78.3106,11.8764],[78.3368,11.8956],[78.3415,11.8922],[78.3579,11.9082],[78.3604,11.9037],[78.3546,11.8885],[78.3664,11.8874],[78.3678,11.8765],[78.3493,11.8443],[78.3529,11.8398],[78.3438,11.8186],[78.314,11.7792],[78.3292,11.7719],[78.3555,11.7925],[78.3816,11.8238],[78.4037,11.8699],[78.417,11.8757],[78.4409,11.8647],[78.4343,11.8589],[78.442,11.8371],[78.4772,11.8125],[78.5232,11.8096],[78.5425,11.8004],[78.5961,11.8186],[78.6048,11.8281],[78.59,11.8536],[78.582,11.8537],[78.582,11.8652],[78.5498,11.8559],[78.5491,11.8673],[78.5358,11.8753],[78.5583,11.8725],[78.5674,11.8805],[78.5907,11.883],[78.5751,11.9031],[78.5731,11.9206],[78.5944,11.9617],[78.5559,11.9547],[78.5402,11.9595],[78.5296,11.9516],[78.5209,11.953],[78.5387,11.981],[78.5234,11.9916],[78.5229,11.986],[78.503,11.9787],[78.5068,11.9694],[78.492,11.969],[78.4756,11.9879],[78.4793,11.996],[78.4746,12.0039],[78.4486,12.0195],[78.4484,12.0432],[78.4359,12.0449],[78.4367,12.0565],[78.4276,12.0633],[78.3957,12.0501],[78.386,12.0363],[78.3781,12.051],[78.3824,12.0748],[78.3674,12.0764],[78.3591,12.0858],[78.3541,12.0797],[78.3473,12.085],[78.361,12.105],[78.3566,12.1128],[78.3435,12.1155],[78.3149,12.1009],[78.3112,12.1329],[78.2829,12.1376],[78.2556,12.1197],[78.2425,12.1059],[78.2415,12.0956],[78.2229,12.0845],[78.1959,12.0853],[78.201,12.0741],[78.1954,12.0699],[78.1933,12.0668]]]}},{"type":"Feature","properties":{"SUBDISTRICT":"Gangavalli","STATE":"Tamil Nadu","shapeID":"7132399B21699157545525","source":"geoBoundaries gbOpen IND ADM3 (ODbL 1.0); source: Local Government Directory lgdirectory.gov.in via Pathways Data","DISTRICT":"Salem"},"geometry":{"type":"Polygon","coordinates":[[[78.4264,11.469],[78.4444,11.4496],[78.4471,11.4381],[78.4574,11.4364],[78.4469,11.4209],[78.4456,11.3979],[78.4281,11.3836],[78.4694,11.405],[78.4816,11.4038],[78.4827,11.4087],[78.4984,11.4026],[78.51,11.3924],[78.506,11.3783],[78.5165,11.382],[78.5249,11.371],[78.5521,11.3573],[78.5562,11.3148],[78.5783,11.3145],[78.5846,11.329],[78.5911,11.3247],[78.6093,11.3365],[78.6224,11.3346],[78.6433,11.3424],[78.6654,11.3733],[78.6513,11.4044],[78.6517,11.4196],[78.6881,11.4321],[78.7001,11.4534],[78.7412,11.4473],[78.7575,11.4335],[78.7899,11.3851],[78.8087,11.3806],[78.8138,11.3933],[78.806,11.4008],[78.8223,11.4251],[78.818,11.4368],[78.7909,11.4517],[78.7998,11.4795],[78.8097,11.481],[78.8188,11.519],[78.8157,11.5257],[78.7952,11.5325],[78.795,11.5448],[78.7883,11.547],[78.7682,11.538],[78.7576,11.5031],[78.7155,11.5071],[78.6879,11.5332],[78.6943,11.5523],[78.6829,11.5681],[78.6655,11.572],[78.6395,11.5115],[78.6146,11.5243],[78.5851,11.5187],[78.5827,11.5099],[78.5936,11.5079],[78.5948,11.4946],[78.6309,11.4928],[78.6119,11.472],[78.6051,11.4735],[78.6098,11.4833],[78.5581,11.4697],[78.565,11.4778],[78.5616,11.4878],[78.5335,11.4808],[78.5126,11.4875],[78.5,11.4849],[78.4976,11.4978],[78.4904,11.4937],[78.4851,11.4987],[78.4868,11.5095],[78.4703,11.5114],[78.4636,11.4938],[78.4365,11.4948],[78.433,11.4731],[78.4264,11.469]]]}},{"type":"Feature","properties":{"SUBDISTRICT":"Thandrampet","STATE":"Tamil Nadu","shapeID":"7132399B69875761571003","source":"geoBoundaries gbOpen IND ADM3 (ODbL 1.0); source: Local Government Directory lgdirectory.gov.in via Pathways Data","DISTRICT":"Tiruvannamalai"},"geometry":{"type":"Polygon","coordinates":[[[78.6985,11.9883],[78.7043,11.9807],[78.7384,11.9817],[78.7606,12.0093],[78.7829,12.0077],[78.8068,12.0171],[78.82,12.0078],[78.8416,12.0087],[78.8798,12.0247],[78.9177,12.0141],[78.9607,12.0666],[78.9827,12.0659],[78.9953,12.0498],[78.9973,12.0674],[79.0173,12.0634],[79.0347,12.074],[79.0405,12.0861],[79.022,12.0987],[79.0399,12.113],[79.0361,12.1282],[79.047,12.1479],[79.0403,12.1583],[79.0175,12.1604],[79.0227,12.2065],[79.0052,12.2116],[78.991,12.2013],[78.9627,12.2201],[78.9562,12.2327],[78.9391,12.2332],[78.9426,12.2378],[78.9254,12.2495],[78.9196,12.2484],[78.9182,12.2397],[78.8966,12.2447],[78.8946,12.2382],[78.8794,12.2372],[78.8767,12.225],[78.8877,12.209],[78.8611,12.2036],[78.8609,12.1896],[78.8174,12.1772],[78.7446,12.1274],[78.7069,12.0318],[78.7042,11.9956],[78.6985,11.9883]]]}},{"type":"Feature","properties":{"SUBDISTRICT":"Gudalur","STATE":"Tamil Nadu","shapeID":"7132399B88796221640837","source":"geoBoundaries gbOpen IND ADM3 (ODbL 1.0); source: Local Government Directory lgdirectory.gov.in via Pathways Data","DISTRICT":"Nilgiris"},"geometry":{"type":"Polygon","coordinates":[[[76.3562,11.5892],[76.3979,11.5801],[76.4289,11.5804],[76.4147,11.5708],[76.4376,11.5587],[76.4149,11.5411],[76.4101,11.5252],[76.4031,11.5214],[76.4064,11.4987],[76.4479,11.498],[76.4576,11.494],[76.4611,11.4841],[76.4501,11.4838],[76.4457,11.4741],[76.414,11.4613],[76.4165,11.4219],[76.457,11.3886],[76.48,11.3829],[76.496,11.3936],[76.5004,11.411],[76.5224,11.4093],[76.5298,11.4242],[76.5228,11.4291],[76.5399,11.4316],[76.5449,11.4404],[76.536,11.4539],[76.5546,11.468],[76.5499,11.4757],[76.5398,11.4857],[76.5169,11.4828],[76.5241,11.5008],[76.5418,11.5168],[76.5372,11.5355],[76.5476,11.5442],[76.5541,11.5402],[76.5692,11.5451],[76.5741,11.555],[76.5648,11.5577],[76.5696,11.5631],[76.5647,11.5765],[76.6036,11.5872],[76.6229,11.6021],[76.6234,11.6092],[76.5621,11.6202],[76.5487,11.6778],[76.5123,11.7052],[76.4934,11.6895],[76.4818,11.6913],[76.4594,11.6622],[76.4314,11.6663],[76.4436,11.6447],[76.4328,11.6303],[76.3879,11.6294],[76.3786,11.6004],[76.3579,11.5896],[76.3562,11.5892]]]}},{"type":"Feature","properties":{"SUBDISTRICT":"Pallavaram","STATE":"Tamil Nadu","shapeID":"7132399B49570583271418","source":"geoBoundaries gbOpen IND ADM3 (ODbL 1.0); source: Local Government Directory lgdirectory.gov.in via Pathways Data","DISTRICT":"Kancheepuram"},"geometry":{"type":"MultiPolygon","coordinates":[[[[80.1343,12.9882],[80.1364,12.9787],[80.1499,12.9791],[80.1645,12.9927],[80.1621,12.9964],[80.1503,12.9917],[80.1442,12.9965],[80.1366,12.9889],[80.1343,12.9882]]],[[[80.1599,12.9709],[80.1849,12.9656],[80.1874,12.9592],[80.1939,12.9665],[80.1815,12.9679],[80.1796,12.9777],[80.1713,12.9798],[80.164,12.9722],[80.1599,12.9709]]]]}},{"type":"Feature","properties":{"SUBDISTRICT":"Sivakasi","STATE":"Tamil Nadu","shapeID":"7132399B46546257765828","source":"geoBoundaries gbOpen IND ADM3 (ODbL 1.0); source: Local Government Directory lgdirectory.gov.in via Pathways Data","DISTRICT":"Virudhunagar"},"geometry":{"type":"Polygon","coordinates":[[[77.692,9.3885],[77.6931,9.36],[77.7112,9.3577],[77.7111,9.3639],[77.722,9.369],[77.7198,9.3917],[77.7359,9.4097],[77.7776,9.4007],[77.7794,9.3775],[77.7912,9.3683],[77.8323,9.3662],[77.8323,9.3526],[77.8181,9.3488],[77.8226,9.3379],[77.8555,9.3424],[77.8536,9.3632],[77.8675,9.3646],[77.8718,9.4026],[77.8602,9.4023],[77.8588,9.4072],[77.8653,9.4358],[77.8737,9.4331],[77.8684,9.461],[77.9076,9.4672],[77.8835,9.4754],[77.8883,9.4893],[77.8657,9.4859],[77.8491,9.4964],[77.8541,9.5154],[77.8682,9.506],[77.8722,9.516],[77.8816,9.5196],[77.8774,9.547],[77.8546,9.5508],[77.8482,9.5829],[77.8353,9.5862],[77.8438,9.6355],[77.7969,9.6484],[77.7929,9.6386],[77.7774,9.6403],[77.771,9.6311],[77.7739,9.5989],[77.7819,9.583],[77.772,9.583],[77.7598,9.5962],[77.7533,9.5917],[77.7426,9.5987],[77.734,9.5872],[77.7329,9.5744],[77.7468,9.5574],[77.7324,9.5468],[77.7279,9.557],[77.7246,9.5475],[77.7217,9.5187],[77.7265,9.5179],[77.7249,9.5061],[77.7312,9.4971],[77.7179,9.4826],[77.7008,9.4794],[77.7112,9.4355],[77.7023,9.4249],[77.7123,9.3967],[77.7073,9.3889],[77.6968,9.3878],[77.692,9.3885]],[[77.7855,9.427],[77.7871,9.4345],[77.7985,9.4331],[77.8007,9.4224],[77.7863,9.4237],[77.7855,9.427]]]}},{"type":"Feature","properties":{"SUBDISTRICT":"Vedasandur","STATE":"Tamil Nadu","shapeID":"7132399B28610661945483","source":"geoBoundaries gbOpen IND ADM3 (ODbL 1.0); source: Local Government Directory lgdirectory.gov.in via Pathways Data","DISTRICT":"Dindigul"},"geometry":{"type":"Polygon","coordinates":[[[77.8647,10.5775],[77.9139,10.5628],[77.9092,10.5436],[77.9208,10.525],[77.8912,10.5304],[77.8876,10.5194],[77.8986,10.5177],[77.9135,10.5001],[77.9272,10.5085],[77.9467,10.507],[77.9795,10.4833],[77.9779,10.4626],[77.9872,10.4565],[77.9865,10.4134],[78.0039,10.4164],[78.0073,10.4084],[78.0308,10.406],[78.0353,10.4175],[78.0472,10.423],[78.0563,10.4182],[78.0566,10.3953],[78.0697,10.3933],[78.0724,10.3812],[78.0816,10.3745],[78.1226,10.3804],[78.1268,10.4003],[78.143,10.4006],[78.1483,10.4195],[78.1695,10.4098],[78.1775,10.3948],[78.1707,10.3777],[78.1798,10.3723],[78.1895,10.4007],[78.2028,10.4045],[78.2146,10.4176],[78.2351,10.418],[78.2385,10.429],[78.2318,10.4332],[78.2242,10.4243],[78.2254,10.4372],[78.2372,10.4362],[78.2419,10.4276],[78.2247,10.4436],[78.2243,10.4629],[78.2079,10.472],[78.1906,10.4964],[78.1718,10.5018],[78.1828,10.5216],[78.1783,10.5208],[78.1791,10.5378],[78.1875,10.5404],[78.1859,10.5448],[78.1793,10.5476],[78.1736,10.5401],[78.1595,10.5511],[78.1608,10.5575],[78.1415,10.5647],[78.1376,10.5505],[78.1261,10.5398],[78.1144,10.5461],[78.1034,10.5332],[78.0786,10.5354],[78.0612,10.5292],[78.0428,10.5338],[78.0497,10.5699],[78.0343,10.5786],[78.0025,10.5816],[78.0071,10.6018],[78.0001,10.6025],[77.9995,10.6202],[78.0164,10.6225],[78.0083,10.6322],[77.9869,10.6405],[77.9526,10.6368],[77.9146,10.6452],[77.9092,10.6544],[77.8969,10.6441],[77.8848,10.65],[77.8699,10.6303],[77.8796,10.6257],[77.865,10.5795],[77.8647,10.5775]]]}},{"type":"Feature","properties":{"SUBDISTRICT":"Pennagaram","STATE":"Tamil Nadu","shapeID":"7132399B924887903569","source":"geoBoundaries gbOpen IND ADM3 (ODbL 1.0); source: Local Government Directory lgdirectory.gov.in via Pathways Data","DISTRICT":"Dharmapuri"},"geometry":{"type":"Polygon","coordinates":[[[77.6749,11.9625],[77.6759,11.9492],[77.687,11.9421],[77.7382,11.9369],[77.7624,11.9114],[77.8095,11.9081],[77.8468,11.893],[77.8665,11.913],[77.906,11.8998],[77.9165,11.9478],[77.9287,11.9597],[77.9672,11.9559],[77.9865,12.0059],[77.9922,12.0046],[78.0216,12.0411],[78.0234,12.0459],[78.0072,12.0604],[77.9696,12.0512],[77.9481,12.0564],[77.9307,12.0729],[77.9062,12.0738],[77.9037,12.079],[77.9118,12.0908],[77.9173,12.0803],[77.9339,12.0861],[77.9398,12.107],[77.933,12.1148],[77.9428,12.1351],[77.9952,12.1311],[78.0018,12.1446],[77.9986,12.1543],[78.0101,12.1587],[78.0183,12.1785],[78.0267,12.1802],[78.0268,12.1745],[78.0345,12.1731],[78.0365,12.1819],[78.0468,12.1811],[78.0528,12.1898],[78.0621,12.1746],[78.0464,12.159],[78.0552,12.1541],[78.0618,12.1589],[78.0668,12.1965],[78.0828,12.2083],[78.0944,12.231],[78.0813,12.2434],[78.0709,12.2431],[78.0677,12.2725],[78.0411,12.2776],[77.9809,12.2618],[77.9586,12.2741],[77.9365,12.2993],[77.9375,12.3067],[77.9177,12.3236],[77.8762,12.3308],[77.8473,12.3217],[77.8497,12.291],[77.8369,12.2511],[77.8191,12.2573],[77.8079,12.2417],[77.7866,12.2294],[77.7674,12.1463],[77.7638,12.1424],[77.7514,12.1509],[77.7513,12.1388],[77.7796,12.1152],[77.7573,12.0789],[77.7268,12.058],[77.7006,12.0195],[77.6783,11.9684],[77.6749,11.9625]]]}},{"type":"Feature","properties":{"SUBDISTRICT":"Viluppuram","STATE":"Tamil Nadu","shapeID":"7132399B67284565952904","source":"geoBoundaries gbOpen IND ADM3 (ODbL 1.0); source: Local Government Directory lgdirectory.gov.in via Pathways Data","DISTRICT":"Villupuram"},"geometry":{"type":"MultiPolygon","coordinates":[[[[79.7066,11.8927],[79.7305,11.8894],[79.7311,11.9011],[79.74,11.9059],[79.7271,11.9191],[79.7067,11.9121],[79.7066,11.8927]]],[[[79.3506,11.9512],[79.3545,11.925],[79.3816,11.918],[79.4133,11.8999],[79.4372,11.8752],[79.5271,11.8558],[79.568,11.8382],[79.5931,11.8391],[79.6428,11.7977],[79.6834,11.8122],[79.6906,11.8196],[79.6856,11.8324],[79.7028,11.8312],[79.69,11.8816],[79.6741,11.8799],[79.6754,11.8916],[79.6949,11.8936],[79.6969,11.9153],[79.6614,11.9161],[79.6627,11.9113],[79.6445,11.9076],[79.6417,11.9012],[79.6265,11.9024],[79.6292,11.9195],[79.6201,11.9244],[79.6187,11.9397],[79.5967,11.9613],[79.575,11.9686],[79.5622,11.9548],[79.5195,11.9635],[79.5195,11.9566],[79.4705,11.9531],[79.4634,11.9595],[79.4433,11.9486],[79.4654,11.9658],[79.4542,11.9771],[79.4639,11.9798],[79.4592,11.9938],[79.4351,11.9976],[79.4203,12.0263],[79.4077,12.0307],[79.4007,12.0106],[79.3682,12.0216],[79.3592,12.007],[79.3656,11.9575],[79.3524,11.9557],[79.3506,11.9512]],[[79.5998,11.8798],[79.6085,11.8773],[79.6228,11.8901],[79.6362,11.8805],[79.6367,11.8867],[79.6426,11.8861],[79.6421,11.8809],[79.6499,11.8803],[79.6492,11.8703],[79.6629,11.8668],[79.6643,11.8603],[79.6502,11.849],[79.6268,11.8524],[79.629,11.8672],[79.6024,11.8565],[79.6015,11.8777],[79.5998,11.8798]],[[79.6409,11.8227],[79.6466,11.8424],[79.6579,11.8412],[79.6601,11.8263],[79.6708,11.8228],[79.67,11.8149],[79.6588,11.8131],[79.647,11.8198],[79.6409,11.8227]]]]}},{"type":"Feature","properties":{"SUBDISTRICT":"Paramakudi","STATE":"Tamil Nadu","shapeID":"7132399B31638226227931","source":"geoBoundaries gbOpen IND ADM3 (ODbL 1.0); source: Local Government Directory lgdirectory.gov.in via Pathways Data","DISTRICT":"Ramanathapuram"},"geometry":{"type":"Polygon","coordinates":[[[78.3631,9.5666],[78.3696,9.5635],[78.3713,9.5349],[78.4069,9.5277],[78.4328,9.534],[78.4491,9.5223],[78.4489,9.5322],[78.4569,9.5351],[78.4619,9.5203],[78.4777,9.5223],[78.4928,9.494],[78.5167,9.5029],[78.5255,9.4863],[78.5427,9.4841],[78.5378,9.4686],[78.5602,9.4659],[78.5688,9.4484],[78.5853,9.4519],[78.595,9.4672],[78.6169,9.4576],[78.6295,9.4647],[78.6368,9.442],[78.6538,9.4364],[78.6662,9.4502],[78.6529,9.4077],[78.6567,9.3924],[78.6826,9.3498],[78.7045,9.3613],[78.7087,9.3454],[78.7197,9.3417],[78.7208,9.3644],[78.746,9.3688],[78.7643,9.3835],[78.764,9.4017],[78.7785,9.4158],[78.7776,9.432],[78.7915,9.4309],[78.8007,9.4396],[78.8227,9.4313],[78.822,9.4529],[78.8439,9.4554],[78.8526,9.4764],[78.8502,9.4816],[78.8333,9.4827],[78.8324,9.4917],[78.8497,9.5182],[78.8574,9.5183],[78.8604,9.534],[78.851,9.5336],[78.848,9.5541],[78.841,9.5574],[78.8127,9.544],[78.8052,9.5619],[78.7934,9.561],[78.7931,9.5744],[78.7785,9.5839],[78.7453,9.5768],[78.7457,9.5834],[78.7219,9.5936],[78.6836,9.6005],[78.6786,9.5982],[78.6841,9.5664],[78.6538,9.5433],[78.6616,9.5186],[78.6565,9.5189],[78.6173,9.5359],[78.6085,9.5517],[78.5419,9.5847],[78.5167,9.5821],[78.4966,9.5982],[78.5034,9.608],[78.4766,9.611],[78.4642,9.6215],[78.458,9.6148],[78.4419,9.6168],[78.4249,9.5947],[78.4107,9.5906],[78.4078,9.5811],[78.3954,9.589],[78.3905,9.5759],[78.3641,9.5673],[78.3631,9.5666]]]}},{"type":"Feature","properties":{"SUBDISTRICT":"Mudukulathur","STATE":"Tamil Nadu","shapeID":"7132399B31110244025314","source":"geoBoundaries gbOpen IND ADM3 (ODbL 1.0); source: Local Government Directory lgdirectory.gov.in via Pathways Data","DISTRICT":"Ramanathapuram"},"geometry":{"type":"Polygon","coordinates":[[[78.4434,9.3702],[78.4593,9.3678],[78.4605,9.3545],[78.4538,9.3513],[78.4649,9.3405],[78.4503,9.3361],[78.4449,9.3068],[78.4534,9.2963],[78.4731,9.3024],[78.4796,9.3126],[78.4957,9.3058],[78.5141,9.3071],[78.5192,9.2874],[78.5586,9.2866],[78.5575,9.2772],[78.5679,9.26],[78.5827,9.2737],[78.6155,9.2772],[78.6318,9.2999],[78.6438,9.2977],[78.6549,9.3121],[78.6553,9.2951],[78.675,9.293],[78.6936,9.3419],[78.7087,9.3454],[78.7045,9.3613],[78.6801,9.3519],[78.6567,9.3924],[78.6529,9.4077],[78.6662,9.4502],[78.6538,9.4364],[78.6368,9.442],[78.6295,9.4647],[78.6169,9.4576],[78.595,9.4672],[78.5853,9.4519],[78.5688,9.4484],[78.5602,9.4659],[78.5378,9.4686],[78.5448,9.4814],[78.5255,9.4863],[78.5227,9.4969],[78.5126,9.5036],[78.4947,9.4939],[78.4677,9.4974],[78.4611,9.4707],[78.4677,9.4669],[78.4533,9.4209],[78.4529,9.3957],[78.4617,9.3807],[78.4451,9.3741],[78.4434,9.3702]]]}},{"type":"Feature","properties":{"SUBDISTRICT":"Kamuthi","STATE":"Tamil Nadu","shapeID":"7132399B78189775256216","source":"geoBoundaries gbOpen IND ADM3 (ODbL 1.0); source: Local Government Directory lgdirectory.gov.in via Pathways Data","DISTRICT":"Ramanathapuram"},"geometry":{"type":"Polygon","coordinates":[[[78.2155,9.433],[78.2252,9.4101],[78.2442,9.4051],[78.2424,9.3832],[78.2577,9.3755],[78.264,9.387],[78.2952,9.3918],[78.2975,9.3839],[78.3054,9.3867],[78.3026,9.3719],[78.3147,9.3598],[78.3106,9.3501],[78.3166,9.3412],[78.3324,9.3602],[78.3505,9.3595],[78.3601,9.3463],[78.3563,9.3157],[78.3469,9.3098],[78.3454,9.2937],[78.3299,9.2758],[78.2839,9.2863],[78.2746,9.2474],[78.2726,9.202],[78.2991,9.2033],[78.3413,9.2189],[78.3527,9.2118],[78.41,9.23],[78.4215,9.2302],[78.4285,9.2219],[78.4263,9.2405],[78.4372,9.2494],[78.4592,9.2405],[78.4704,9.2447],[78.4719,9.2639],[78.4656,9.2751],[78.4495,9.2794],[78.4538,9.2961],[78.4449,9.3068],[78.4507,9.3374],[78.4647,9.3391],[78.4538,9.3513],[78.4605,9.3545],[78.4608,9.3656],[78.4434,9.3702],[78.4467,9.3773],[78.4617,9.3807],[78.4529,9.3957],[78.4533,9.4209],[78.4677,9.4669],[78.4611,9.4707],[78.4677,9.4974],[78.4905,9.4978],[78.4777,9.5223],[78.4619,9.5203],[78.4569,9.5351],[78.4489,9.5322],[78.4509,9.5224],[78.4328,9.534],[78.4198,9.5349],[78.4082,9.5278],[78.4034,9.5322],[78.3809,9.5297],[78.3785,9.515],[78.3709,9.5127],[78.3693,9.5044],[78.3422,9.5113],[78.3353,9.4945],[78.3241,9.4931],[78.3265,9.4719],[78.3419,9.4681],[78.3262,9.4681],[78.3235,9.463],[78.3053,9.4666],[78.3036,9.46],[78.2941,9.4599],[78.2988,9.4528],[78.2946,9.4422],[78.2673,9.4483],[78.2199,9.4442],[78.2165,9.4354],[78.2155,9.433]]]}},{"type":"Feature","properties":{"SUBDISTRICT":"Kadaladi","STATE":"Tamil Nadu","shapeID":"7132399B34128725357516","source":"geoBoundaries gbOpen IND ADM3 (ODbL 1.0); source: Local Government Directory lgdirectory.gov.in via Pathways Data","DISTRICT":"Ramanathapuram"},"geometry":{"type":"Polygon","coordinates":[[[78.2761,9.141],[78.3239,9.1309],[78.3574,9.1167],[78.3605,9.098],[78.3886,9.0952],[78.4119,9.1115],[78.456,9.1259],[78.5456,9.1373],[78.5789,9.131],[78.6047,9.1479],[78.6581,9.1581],[78.6507,9.1595],[78.6432,9.1773],[78.6591,9.1915],[78.6628,9.2486],[78.6611,9.2574],[78.6554,9.2566],[78.6614,9.2722],[78.6743,9.2766],[78.6765,9.2899],[78.6553,9.2951],[78.6549,9.3121],[78.6438,9.2977],[78.6318,9.2999],[78.6155,9.2772],[78.5827,9.2737],[78.5679,9.26],[78.5575,9.2772],[78.5586,9.2866],[78.5192,9.2874],[78.5141,9.3071],[78.4957,9.3058],[78.4796,9.3126],[78.4731,9.3024],[78.4492,9.2932],[78.4495,9.2794],[78.4656,9.2751],[78.4719,9.2639],[78.4683,9.242],[78.4372,9.2494],[78.4263,9.2405],[78.4285,9.2219],[78.4215,9.2302],[78.41,9.23],[78.3527,9.2118],[78.3413,9.2189],[78.3334,9.2123],[78.3062,9.2086],[78.2991,9.2033],[78.2772,9.1432],[78.2761,9.141]]]}},{"type":"Feature","properties":{"SUBDISTRICT":"Rameswaram","STATE":"Tamil Nadu","shapeID":"7132399B5722201729600","source":"geoBoundaries gbOpen IND ADM3 (ODbL 1.0); source: Local Government Directory lgdirectory.gov.in via Pathways Data","DISTRICT":"Ramanathapuram"},"geometry":{"type":"Polygon","coordinates":[[[79.2045,9.2746],[79.2084,9.2781],[79.2215,9.2666],[79.2177,9.252],[79.2247,9.2596],[79.2533,9.2588],[79.3077,9.2421],[79.4469,9.1542],[79.3231,9.2654],[79.3149,9.2831],[79.3349,9.3114],[79.3186,9.3259],[79.2906,9.32],[79.2677,9.2941],[79.2219,9.2924],[79.2048,9.2756],[79.2045,9.2746]]]}},{"type":"Feature","properties":{"SUBDISTRICT":"Arakonam","STATE":"Tamil Nadu","shapeID":"7132399B69723623599084","source":"geoBoundaries gbOpen IND ADM3 (ODbL 1.0); source: Local Government Directory lgdirectory.gov.in via Pathways Data","DISTRICT":"Vellore"},"geometry":{"type":"Polygon","coordinates":[[[79.5143,13.0997],[79.5338,13.0828],[79.5356,13.0713],[79.5577,13.0598],[79.5774,13.059],[79.5902,13.0466],[79.5989,13.0574],[79.5971,13.0748],[79.6137,13.0746],[79.6202,13.082],[79.6428,13.0778],[79.6496,13.0626],[79.6364,13.0556],[79.6596,13.0498],[79.6543,13.0443],[79.6564,13.0228],[79.6423,13.0222],[79.641,13.0113],[79.6262,13.006],[79.6262,12.988],[79.6064,12.9626],[79.6105,12.9324],[79.5964,12.9308],[79.5878,12.9218],[79.5952,12.904],[79.662,12.9296],[79.6609,12.9482],[79.7349,12.985],[79.7607,13.0104],[79.7856,13.0222],[79.7898,13.0465],[79.7712,13.0592],[79.7488,13.0502],[79.7343,13.0592],[79.7209,13.0537],[79.7265,13.0669],[79.7406,13.0743],[79.7323,13.0952],[79.7017,13.0997],[79.7035,13.1066],[79.7166,13.1048],[79.7346,13.1163],[79.7396,13.1365],[79.7358,13.1644],[79.7003,13.156],[79.6921,13.1751],[79.7003,13.1874],[79.671,13.1814],[79.6708,13.2007],[79.655,13.2083],[79.6452,13.1782],[79.6324,13.1689],[79.6361,13.1475],[79.5941,13.1454],[79.599,13.1293],[79.5952,13.1222],[79.5716,13.1215],[79.5698,13.134],[79.5358,13.1353],[79.5148,13.1031],[79.5143,13.0997]]]}},{"type":"Feature","properties":{"SUBDISTRICT":"Uthukkottai","STATE":"Tamil Nadu","shapeID":"7132399B8669517925922","source":"geoBoundaries gbOpen IND ADM3 (ODbL 1.0); source: Local Government Directory lgdirectory.gov.in via Pathways Data","DISTRICT":"Thiruvallur"},"geometry":{"type":"Polygon","coordinates":[[[79.7962,13.2962],[79.7986,13.2451],[79.8092,13.2261],[79.8303,13.2399],[79.8416,13.2306],[79.8362,13.216],[79.8473,13.2159],[79.8617,13.2039],[79.8659,13.2073],[79.8598,13.2124],[79.8614,13.2247],[79.8899,13.2236],[79.892,13.216],[79.908,13.2108],[79.9251,13.2149],[79.929,13.2234],[79.9244,13.2379],[79.9342,13.2364],[79.934,13.2207],[79.9584,13.2199],[79.9736,13.2322],[79.9722,13.2597],[79.9983,13.2753],[80.0298,13.2649],[80.0324,13.2553],[80.0426,13.256],[80.0404,13.2474],[80.0311,13.2447],[80.0254,13.2459],[80.0335,13.2494],[80.0262,13.2563],[80.0158,13.2422],[80.0035,13.2458],[80.001,13.2272],[80.0443,13.2284],[80.0465,13.2425],[80.0529,13.2424],[80.0928,13.2312],[80.0805,13.2126],[80.092,13.211],[80.1058,13.2317],[80.1198,13.2348],[80.1239,13.2478],[80.1374,13.2499],[80.1277,13.2627],[80.1245,13.3065],[80.0752,13.3179],[80.0729,13.3298],[80.044,13.3217],[80.0443,13.3107],[80.0258,13.3266],[80.0062,13.3217],[79.9994,13.3499],[79.984,13.3528],[79.9618,13.3456],[79.9233,13.3567],[79.9045,13.3376],[79.8832,13.3247],[79.8715,13.3267],[79.8638,13.3163],[79.8129,13.3171],[79.7999,13.2974],[79.7962,13.2962]]]}},{"type":"Feature","properties":{"SUBDISTRICT":"Ambasamudram","STATE":"Tamil Nadu","shapeID":"7132399B80818809752270","source":"geoBoundaries gbOpen IND ADM3 (ODbL 1.0); source: Local Government Directory lgdirectory.gov.in via Pathways Data","DISTRICT":"Tirunelveli Kattabo"},"geometry":{"type":"Polygon","coordinates":[[[77.1733,8.7458],[77.1798,8.7234],[77.206,8.6921],[77.2054,8.6706],[77.2169,8.6494],[77.2469,8.6212],[77.2508,8.6005],[77.2874,8.5683],[77.3632,8.5415],[77.3675,8.531],[77.3882,8.5492],[77.4052,8.5472],[77.4123,8.5401],[77.4271,8.5551],[77.4399,8.5866],[77.4635,8.5678],[77.4786,8.5825],[77.4941,8.5847],[77.4962,8.6408],[77.4889,8.6697],[77.5025,8.6965],[77.491,8.7173],[77.4969,8.7322],[77.4769,8.759],[77.4826,8.7775],[77.4912,8.7663],[77.5015,8.7658],[77.5074,8.7811],[77.5053,8.801],[77.4947,8.7999],[77.4649,8.8186],[77.4578,8.7855],[77.4627,8.7739],[77.453,8.7652],[77.4481,8.7675],[77.423,8.7901],[77.4148,8.8319],[77.4038,8.8366],[77.409,8.8379],[77.4061,8.8473],[77.3859,8.8529],[77.3872,8.8757],[77.3436,8.8735],[77.2922,8.8872],[77.2564,8.8836],[77.265,8.8405],[77.2454,8.8091],[77.2354,8.8055],[77.2327,8.7842],[77.2164,8.7779],[77.2203,8.7693],[77.2159,8.7661],[77.201,8.7695],[77.1946,8.7433],[77.1752,8.749],[77.1733,8.7458]]]}},{"type":"Feature","properties":{"SUBDISTRICT":"Nanguneri","STATE":"Tamil Nadu","shapeID":"7132399B20019452162143","source":"geoBoundaries gbOpen IND ADM3 (ODbL 1.0); source: Local Government Directory lgdirectory.gov.in via Pathways Data","DISTRICT":"Tirunelveli Kattabo"},"geometry":{"type":"Polygon","coordinates":[[[77.3675,8.531],[77.3779,8.518],[77.4008,8.5204],[77.4476,8.4982],[77.4474,8.474],[77.4679,8.4671],[77.4652,8.4628],[77.4722,8.456],[77.465,8.4282],[77.4747,8.4136],[77.4747,8.4003],[77.4928,8.3803],[77.5216,8.384],[77.531,8.3914],[77.5406,8.3847],[77.5602,8.3893],[77.5522,8.4024],[77.5666,8.3933],[77.575,8.401],[77.583,8.3988],[77.5926,8.4118],[77.6082,8.4057],[77.6092,8.4203],[77.6175,8.4094],[77.6249,8.4126],[77.623,8.4168],[77.6335,8.4118],[77.6181,8.4046],[77.6191,8.3914],[77.6346,8.3949],[77.6364,8.3833],[77.6428,8.3816],[77.671,8.3916],[77.667,8.4067],[77.6478,8.4114],[77.6507,8.4279],[77.6712,8.4198],[77.6918,8.4226],[77.7001,8.4323],[77.7203,8.4184],[77.717,8.4153],[77.7314,8.3916],[77.7473,8.3852],[77.7501,8.3999],[77.7577,8.3995],[77.7662,8.4088],[77.7515,8.4211],[77.7684,8.4547],[77.7827,8.4516],[77.7856,8.4644],[77.801,8.4661],[77.8267,8.4536],[77.8297,8.4702],[77.8228,8.4772],[77.8335,8.4861],[77.8233,8.5175],[77.808,8.5339],[77.8205,8.5376],[77.8208,8.5506],[77.8153,8.5527],[77.813,8.5688],[77.7974,8.5631],[77.8041,8.5751],[77.7834,8.5817],[77.7838,8.6162],[77.7733,8.6174],[77.7531,8.607],[77.7273,8.6138],[77.7187,8.6044],[77.7099,8.606],[77.6933,8.5953],[77.6834,8.6045],[77.6779,8.6001],[77.6646,8.6035],[77.663,8.5988],[77.6465,8.6017],[77.6372,8.623],[77.6284,8.6264],[77.6124,8.6144],[77.6193,8.6048],[77.6022,8.601],[77.6026,8.5924],[77.6149,8.5839],[77.6114,8.5779],[77.6164,8.567],[77.6025,8.5707],[77.6066,8.5758],[77.6007,8.5805],[77.5938,8.5769],[77.538,8.5941],[77.5073,8.5826],[77.4786,8.5825],[77.465,8.5678],[77.4399,8.5866],[77.4271,8.5551],[77.4123,8.5401],[77.4052,8.5472],[77.3882,8.5492],[77.3698,8.5332],[77.3675,8.531]]]}},{"type":"Feature","properties":{"SUBDISTRICT":"Radhapuram","STATE":"Tamil Nadu","shapeID":"7132399B67672851779883","source":"geoBoundaries gbOpen IND ADM3 (ODbL 1.0); source: Local Government Directory lgdirectory.gov.in via Pathways Data","DISTRICT":"Tirunelveli Kattabo"},"geometry":{"type":"Polygon","coordinates":[[[77.5324,8.3184],[77.5472,8.307],[77.564,8.2801],[77.5561,8.2774],[77.5776,8.2488],[77.5461,8.2429],[77.5445,8.2231],[77.5502,8.2199],[77.5442,8.2161],[77.5447,8.2057],[77.5571,8.202],[77.5471,8.2001],[77.5531,8.1892],[77.5432,8.1851],[77.5487,8.1781],[77.5392,8.1743],[77.5515,8.1583],[77.5836,8.1554],[77.5907,8.1427],[77.6488,8.1594],[77.7126,8.166],[77.7161,8.1565],[77.7129,8.1658],[77.7381,8.1711],[77.7815,8.201],[77.7842,8.2224],[77.8072,8.2439],[77.8032,8.2574],[77.7939,8.2499],[77.7872,8.2557],[77.7686,8.2559],[77.7621,8.2633],[77.7663,8.274],[77.7488,8.2818],[77.7364,8.2817],[77.7362,8.2732],[77.728,8.2754],[77.7308,8.2916],[77.7223,8.29],[77.7267,8.3061],[77.7429,8.3049],[77.7479,8.3138],[77.7351,8.3147],[77.7257,8.347],[77.713,8.3489],[77.6961,8.3661],[77.6824,8.3684],[77.6836,8.3859],[77.6933,8.398],[77.6814,8.4139],[77.6835,8.4215],[77.6677,8.4205],[77.6507,8.4279],[77.6478,8.4114],[77.667,8.4067],[77.671,8.3916],[77.6428,8.3816],[77.6364,8.3833],[77.6346,8.3949],[77.6191,8.3914],[77.6181,8.4046],[77.6339,8.4097],[77.6256,8.4169],[77.6175,8.4094],[77.6092,8.4203],[77.6082,8.4057],[77.5926,8.4118],[77.583,8.3988],[77.575,8.401],[77.5666,8.3933],[77.5522,8.4024],[77.5615,8.3924],[77.5406,8.3847],[77.5364,8.3621],[77.5426,8.3382],[77.5341,8.336],[77.533,8.3226],[77.5324,8.3184]]]}},{"type":"Feature","properties":{"SUBDISTRICT":"Vilavancode","STATE":"Tamil Nadu","shapeID":"7132399B89962770193909","source":"geoBoundaries gbOpen IND ADM3 (ODbL 1.0); source: Local Government Directory lgdirectory.gov.in via Pathways Data","DISTRICT":"Kanniyakumari"},"geometry":{"type":"MultiPolygon","coordinates":[[[[77.1836,8.2188],[77.1838,8.219],[77.1838,8.219],[77.1836,8.2188]]],[[[77.0997,8.2904],[77.1821,8.2284],[77.1906,8.2409],[77.1892,8.2528],[77.1836,8.2537],[77.1873,8.2703],[77.2019,8.2706],[77.199,8.2885],[77.207,8.2906],[77.207,8.3019],[77.2147,8.3036],[77.2248,8.2954],[77.2252,8.3028],[77.2339,8.301],[77.228,8.318],[77.2412,8.3089],[77.255,8.3133],[77.2492,8.3281],[77.2561,8.3381],[77.2506,8.3434],[77.2611,8.3494],[77.2591,8.3561],[77.2653,8.3621],[77.2611,8.3938],[77.2784,8.3973],[77.2891,8.4114],[77.2867,8.4166],[77.3083,8.4281],[77.3074,8.4385],[77.3174,8.4563],[77.3078,8.4648],[77.3138,8.4793],[77.305,8.4879],[77.3083,8.5077],[77.3156,8.5123],[77.3174,8.5361],[77.3385,8.5362],[77.342,8.5499],[77.2704,8.5794],[77.2841,8.5458],[77.2666,8.5097],[77.2415,8.4965],[77.2253,8.5126],[77.2054,8.5015],[77.2178,8.4684],[77.2281,8.4588],[77.2286,8.4458],[77.2077,8.4428],[77.1968,8.4205],[77.1903,8.4204],[77.197,8.4152],[77.1728,8.3853],[77.1598,8.3907],[77.1539,8.3864],[77.1624,8.3701],[77.155,8.3535],[77.1713,8.3626],[77.1754,8.3298],[77.1412,8.3307],[77.12,8.3193],[77.1239,8.3093],[77.1086,8.305],[77.0998,8.2906],[77.0997,8.2904]]]]}},{"type":"Feature","properties":{"SUBDISTRICT":"Ponneri","STATE":"Tamil Nadu","shapeID":"7132399B29299910206403","source":"geoBoundaries gbOpen IND ADM3 (ODbL 1.0); source: Local Government Directory lgdirectory.gov.in via Pathways Data","DISTRICT":"Thiruvallur"},"geometry":{"type":"Polygon","coordinates":[[[80.072,13.3266],[80.0752,13.3179],[80.1119,13.3114],[80.1279,13.3021],[80.1277,13.2627],[80.1372,13.2459],[80.1239,13.2478],[80.1151,13.2339],[80.1172,13.2202],[80.1085,13.2208],[80.1099,13.1869],[80.1347,13.1824],[80.1429,13.1949],[80.1809,13.1948],[80.1906,13.2125],[80.2028,13.2078],[80.2132,13.2131],[80.2451,13.1976],[80.2526,13.205],[80.3019,13.1943],[80.3092,13.2021],[80.3063,13.2152],[80.3174,13.2266],[80.3138,13.2488],[80.3174,13.2327],[80.3316,13.2352],[80.3464,13.2584],[80.3376,13.2575],[80.3438,13.2589],[80.3374,13.2614],[80.3444,13.2781],[80.3529,13.2546],[80.3456,13.2784],[80.3501,13.3142],[80.3329,13.386],[80.3252,13.4506],[80.2997,13.4779],[80.2687,13.5621],[80.2429,13.4706],[80.2249,13.4858],[80.179,13.4939],[80.179,13.477],[80.1881,13.4663],[80.1757,13.466],[80.1709,13.4464],[80.1733,13.4386],[80.1929,13.4381],[80.1974,13.4318],[80.1927,13.4204],[80.2036,13.4115],[80.2019,13.3862],[80.1825,13.3878],[80.1861,13.406],[80.1443,13.3867],[80.157,13.3799],[80.1487,13.3664],[80.1727,13.3355],[80.1689,13.3289],[80.1737,13.3199],[80.154,13.3187],[80.1408,13.3303],[80.1431,13.3365],[80.0962,13.3574],[80.0838,13.3472],[80.0828,13.3306],[80.0722,13.328],[80.072,13.3266]]]}},{"type":"Feature","properties":{"SUBDISTRICT":"Pattukkottai","STATE":"Tamil Nadu","shapeID":"7132399B66712933486379","source":"geoBoundaries gbOpen IND ADM3 (ODbL 1.0); source: Local Government Directory lgdirectory.gov.in via Pathways Data","DISTRICT":"Thanjavur"},"geometry":{"type":"Polygon","coordinates":[[[79.1445,10.366],[79.1519,10.3556],[79.1495,10.3496],[79.1671,10.3445],[79.1727,10.326],[79.1953,10.3186],[79.2208,10.323],[79.2138,10.3398],[79.2202,10.3431],[79.2289,10.3419],[79.2421,10.3271],[79.2647,10.3266],[79.2715,10.3171],[79.2665,10.3088],[79.2823,10.2979],[79.2795,10.2808],[79.2986,10.2631],[79.3312,10.2845],[79.368,10.2928],[79.3857,10.3163],[79.5122,10.3095],[79.5168,10.3166],[79.4869,10.3174],[79.4687,10.3247],[79.494,10.3231],[79.4949,10.3314],[79.4801,10.3368],[79.4785,10.3502],[79.5029,10.3479],[79.5079,10.3627],[79.4859,10.3806],[79.4774,10.3723],[79.4618,10.3745],[79.4709,10.3859],[79.4618,10.3927],[79.4799,10.3938],[79.4799,10.3983],[79.4746,10.4074],[79.4626,10.4079],[79.4661,10.4172],[79.4515,10.4309],[79.4802,10.4416],[79.4704,10.4578],[79.481,10.4657],[79.4847,10.4866],[79.4751,10.4932],[79.4565,10.4906],[79.469,10.5095],[79.442,10.5215],[79.4376,10.531],[79.4243,10.5345],[79.4236,10.5413],[79.4534,10.5494],[79.4544,10.5565],[79.4272,10.5596],[79.4206,10.5482],[79.3996,10.5548],[79.4041,10.5383],[79.3727,10.5354],[79.368,10.5108],[79.3436,10.5046],[79.3381,10.496],[79.3185,10.4954],[79.2954,10.5123],[79.283,10.5071],[79.285,10.4981],[79.2737,10.4835],[79.2523,10.5112],[79.2507,10.5033],[79.2233,10.4947],[79.2217,10.4884],[79.2278,10.4861],[79.2233,10.4778],[79.2054,10.4685],[79.2062,10.453],[79.2284,10.4344],[79.2201,10.4082],[79.2087,10.4068],[79.1792,10.4205],[79.1825,10.4053],[79.1741,10.4071],[79.1606,10.4125],[79.1634,10.4208],[79.1582,10.4232],[79.1558,10.4087],[79.1498,10.4072],[79.1549,10.3989],[79.1458,10.3827],[79.1484,10.3688],[79.1445,10.366]],[[79.2749,10.3159],[79.2859,10.3248],[79.2927,10.3106],[79.2852,10.3052],[79.2752,10.3147],[79.2749,10.3159]]]}},{"type":"Feature","properties":{"SUBDISTRICT":"Peravurani","STATE":"Tamil Nadu","shapeID":"7132399B42041464405173","source":"geoBoundaries gbOpen IND ADM3 (ODbL 1.0); source: Local Government Directory lgdirectory.gov.in via Pathways Data","DISTRICT":"Thanjavur"},"geometry":{"type":"MultiPolygon","coordinates":[[[[79.1166,10.2514],[79.1217,10.2346],[79.1457,10.2365],[79.1443,10.2191],[79.1815,10.2179],[79.1883,10.2053],[79.1766,10.1973],[79.1639,10.2049],[79.1529,10.1971],[79.1598,10.173],[79.1535,10.1618],[79.197,10.1631],[79.2099,10.1451],[79.2056,10.1395],[79.2183,10.1388],[79.2302,10.1403],[79.2302,10.1494],[79.2408,10.1531],[79.2421,10.1827],[79.2811,10.2138],[79.2678,10.2316],[79.2986,10.2631],[79.2795,10.2808],[79.2823,10.2979],[79.2665,10.3088],[79.2715,10.3171],[79.2647,10.3266],[79.2421,10.3271],[79.2289,10.3419],[79.2202,10.3431],[79.2138,10.3398],[79.2208,10.323],[79.1953,10.3186],[79.1727,10.326],[79.1631,10.3493],[79.1495,10.3496],[79.1497,10.3427],[79.1192,10.3297],[79.1198,10.3242],[79.1315,10.3291],[79.1352,10.3241],[79.1198,10.3012],[79.1334,10.2644],[79.1244,10.252],[79.1166,10.2514]]],[[[79.2749,10.3159],[79.2769,10.308],[79.2916,10.3075],[79.2859,10.3248],[79.2751,10.3163],[79.2749,10.3159]]]]}},{"type":"Feature","properties":{"SUBDISTRICT":"Iluppur","STATE":"Tamil Nadu","shapeID":"7132399B67143480194877","source":"geoBoundaries gbOpen IND ADM3 (ODbL 1.0); source: Local Government Directory lgdirectory.gov.in via Pathways Data","DISTRICT":"Pudukkottai"},"geometry":{"type":"Polygon","coordinates":[[[78.5652,10.5294],[78.5695,10.5172],[78.5824,10.5207],[78.5708,10.4874],[78.5893,10.4735],[78.5831,10.4496],[78.5895,10.4262],[78.6136,10.4225],[78.6181,10.4351],[78.6273,10.4292],[78.6319,10.4215],[78.6275,10.4144],[78.6357,10.4073],[78.6647,10.4096],[78.6659,10.3935],[78.6816,10.3756],[78.7013,10.3759],[78.6984,10.3626],[78.7104,10.3548],[78.7279,10.351],[78.7435,10.3634],[78.7686,10.3598],[78.7779,10.4026],[78.7916,10.4055],[78.7797,10.4134],[78.7884,10.4183],[78.7863,10.427],[78.78,10.4276],[78.7806,10.4427],[78.7579,10.4489],[78.7578,10.467],[78.7499,10.4504],[78.7418,10.4501],[78.724,10.4829],[78.7524,10.4772],[78.7618,10.4876],[78.7552,10.4919],[78.7552,10.5063],[78.7709,10.531],[78.7592,10.5439],[78.7351,10.5467],[78.7419,10.5568],[78.7358,10.5599],[78.7348,10.5812],[78.7114,10.583],[78.7011,10.5916],[78.6771,10.5846],[78.6759,10.59],[78.6644,10.5885],[78.6618,10.5938],[78.6391,10.5775],[78.6289,10.5827],[78.6255,10.6053],[78.6168,10.6093],[78.5973,10.5959],[78.5795,10.5589],[78.5671,10.5594],[78.5662,10.532],[78.5652,10.5294]],[[78.6033,10.4381],[78.6108,10.4366],[78.6082,10.4321],[78.6033,10.4371],[78.6033,10.4381]]]}},{"type":"Feature","properties":{"SUBDISTRICT":"Kulathur","STATE":"Tamil Nadu","shapeID":"7132399B24863803175341","source":"geoBoundaries gbOpen IND ADM3 (ODbL 1.0); source: Local Government Directory lgdirectory.gov.in via Pathways Data","DISTRICT":"Pudukkottai"},"geometry":{"type":"Polygon","coordinates":[[[78.6825,10.6821],[78.6834,10.6708],[78.6924,10.6658],[78.7066,10.6367],[78.7385,10.6271],[78.7335,10.6016],[78.7406,10.5896],[78.7323,10.5815],[78.7386,10.5681],[78.7358,10.5599],[78.7419,10.5568],[78.7351,10.5467],[78.7592,10.5439],[78.7709,10.531],[78.7552,10.5063],[78.7552,10.4919],[78.7618,10.4876],[78.7524,10.4772],[78.724,10.4829],[78.7418,10.4501],[78.7499,10.4504],[78.7578,10.467],[78.7561,10.4511],[78.7806,10.4427],[78.78,10.4276],[78.7863,10.427],[78.7884,10.4183],[78.8103,10.4184],[78.8117,10.423],[78.8046,10.4237],[78.8076,10.4417],[78.8318,10.4463],[78.8338,10.4397],[78.8334,10.4508],[78.8208,10.4695],[78.8286,10.4884],[78.8227,10.4935],[78.8267,10.5005],[78.8556,10.5034],[78.8643,10.4899],[78.8522,10.4508],[78.8572,10.4393],[78.8773,10.4441],[78.8782,10.4592],[78.8838,10.4556],[78.8909,10.4736],[78.8988,10.4733],[78.8913,10.4869],[78.9008,10.4935],[78.8962,10.498],[78.9021,10.5161],[78.9114,10.5196],[78.9218,10.5134],[78.9368,10.5359],[78.9447,10.5648],[78.9812,10.573],[78.9808,10.5782],[78.991,10.5826],[78.9782,10.5847],[78.9785,10.6003],[78.9322,10.6267],[78.9353,10.6397],[78.926,10.655],[78.9278,10.6704],[78.9085,10.6709],[78.8927,10.6924],[78.8832,10.6936],[78.8714,10.7059],[78.8729,10.6876],[78.8208,10.6932],[78.8102,10.6712],[78.8004,10.6786],[78.8,10.6588],[78.7937,10.649],[78.7611,10.6517],[78.757,10.6427],[78.7489,10.6409],[78.7367,10.6702],[78.7466,10.6867],[78.7425,10.7079],[78.7097,10.7211],[78.7059,10.731],[78.6891,10.7315],[78.6966,10.7012],[78.6833,10.6857],[78.6825,10.6821]]]}},{"type":"Feature","properties":{"SUBDISTRICT":"Gandarvakkottai","STATE":"Tamil Nadu","shapeID":"7132399B17544247222398","source":"geoBoundaries gbOpen IND ADM3 (ODbL 1.0); source: Local Government Directory lgdirectory.gov.in via Pathways Data","DISTRICT":"Pudukkottai"},"geometry":{"type":"Polygon","coordinates":[[[78.9158,10.6701],[78.9278,10.6704],[78.926,10.655],[78.9353,10.6397],[78.9322,10.6267],[78.9785,10.6003],[78.9782,10.5847],[78.991,10.5826],[78.9808,10.5782],[78.9812,10.573],[78.9435,10.5634],[78.9749,10.5607],[78.9736,10.55],[78.9817,10.5401],[78.999,10.5736],[78.9994,10.5587],[79.0275,10.5449],[79.0296,10.532],[79.0631,10.4971],[79.0589,10.4816],[79.0343,10.4582],[79.0427,10.4365],[79.0616,10.4367],[79.0635,10.4596],[79.0763,10.4669],[79.0752,10.4721],[79.0954,10.4692],[79.0949,10.4768],[79.0997,10.4721],[79.0998,10.4929],[79.1067,10.4974],[79.1072,10.5086],[79.1134,10.5036],[79.116,10.5088],[79.1187,10.5259],[79.1035,10.5398],[79.1158,10.5868],[79.1268,10.5935],[79.1433,10.5922],[79.1398,10.5966],[79.1456,10.6012],[79.1279,10.6333],[79.1053,10.6141],[79.1015,10.6239],[79.0709,10.6362],[79.0658,10.654],[79.0697,10.6723],[79.0638,10.6683],[79.042,10.6766],[79.0181,10.6745],[79.0182,10.6902],[79.033,10.6962],[79.0096,10.6982],[79.005,10.7064],[79.012,10.7128],[78.9999,10.7224],[78.9877,10.7145],[78.9837,10.6827],[78.9707,10.6786],[78.9662,10.6527],[78.9577,10.6631],[78.9373,10.6712],[78.9468,10.6744],[78.9382,10.686],[78.9182,10.6767],[78.9158,10.6701]]]}},{"type":"Feature","properties":{"SUBDISTRICT":"Thirumangalam","STATE":"Tamil Nadu","shapeID":"7132399B65303900079293","source":"geoBoundaries gbOpen IND ADM3 (ODbL 1.0); source: Local Government Directory lgdirectory.gov.in via Pathways Data","DISTRICT":"Madurai"},"geometry":{"type":"Polygon","coordinates":[[[77.8101,9.7885],[77.8707,9.7727],[77.8815,9.7792],[77.887,9.7947],[77.8992,9.7986],[77.9191,9.7888],[77.9149,9.7706],[77.9656,9.7832],[77.9833,9.7572],[77.9946,9.7541],[77.9958,9.7615],[78.0059,9.7587],[78.0071,9.7671],[78.0279,9.7679],[78.0571,9.7994],[78.0612,9.8136],[78.0577,9.8228],[78.0433,9.8295],[78.0507,9.8523],[78.0317,9.8557],[78.028,9.8784],[78.0132,9.8825],[78.0164,9.8893],[78.0034,9.8906],[78.0037,9.9066],[77.9969,9.9123],[77.9996,9.9242],[78.0083,9.9267],[78.0101,9.9341],[78.0025,9.9424],[78.014,9.9625],[77.9849,9.9767],[77.9827,9.9606],[77.9691,9.9685],[77.9567,9.9522],[77.9678,9.9342],[77.9514,9.9104],[77.9348,9.9096],[77.9013,9.9213],[77.8884,9.9158],[77.8902,9.8933],[77.8765,9.8815],[77.8792,9.8682],[77.8696,9.8663],[77.8673,9.859],[77.8576,9.8603],[77.8524,9.8463],[77.8392,9.8381],[77.8533,9.8298],[77.8582,9.8184],[77.8173,9.8182],[77.8105,9.7926],[77.8101,9.7885]],[[77.8464,9.8037],[77.8556,9.8037],[77.8558,9.7976],[77.8492,9.7967],[77.8464,9.8037]]]}},{"type":"Feature","properties":{"SUBDISTRICT":"Tiruchuli","STATE":"Tamil Nadu","shapeID":"7132399B30587718738420","source":"geoBoundaries gbOpen IND ADM3 (ODbL 1.0); source: Local Government Directory lgdirectory.gov.in via Pathways Data","DISTRICT":"Virudhunagar"},"geometry":{"type":"MultiPolygon","coordinates":[[[[78.1289,9.5781],[78.1338,9.573],[78.1346,9.5407],[78.1735,9.5376],[78.1734,9.5027],[78.198,9.4995],[78.2013,9.504],[78.2245,9.4848],[78.2356,9.484],[78.2447,9.4759],[78.2369,9.4615],[78.2443,9.4574],[78.2483,9.4438],[78.2673,9.4483],[78.2946,9.4422],[78.2988,9.4528],[78.2941,9.4599],[78.3036,9.46],[78.3053,9.4666],[78.3235,9.463],[78.3262,9.4681],[78.3419,9.4681],[78.3265,9.4719],[78.3227,9.4879],[78.3353,9.4945],[78.3422,9.5113],[78.3693,9.5044],[78.3709,9.5127],[78.3773,9.5128],[78.3809,9.5297],[78.3678,9.5378],[78.3696,9.5635],[78.3631,9.5666],[78.3905,9.5759],[78.3954,9.589],[78.4078,9.5811],[78.4147,9.5921],[78.4144,9.6122],[78.409,9.6048],[78.4076,9.6119],[78.3899,9.6219],[78.3852,9.6511],[78.3767,9.6421],[78.3716,9.6462],[78.3641,9.6411],[78.3476,9.6586],[78.3404,9.6513],[78.3251,9.665],[78.3324,9.6769],[78.3239,9.6861],[78.3287,9.6911],[78.3235,9.6974],[78.3322,9.712],[78.3298,9.7532],[78.3152,9.7148],[78.294,9.6872],[78.2991,9.671],[78.2905,9.6694],[78.2661,9.6829],[78.2691,9.6895],[78.276,9.6871],[78.2724,9.6937],[78.2776,9.7056],[78.2715,9.7179],[78.2802,9.7223],[78.2759,9.7316],[78.2095,9.7637],[78.2058,9.7563],[78.1975,9.7587],[78.1829,9.7469],[78.1745,9.7515],[78.1747,9.747],[78.1855,9.7343],[78.1814,9.7236],[78.195,9.7168],[78.2024,9.6985],[78.2142,9.6945],[78.2122,9.6766],[78.2464,9.6703],[78.2523,9.6509],[78.2485,9.6427],[78.2546,9.6373],[78.252,9.6202],[78.2379,9.6209],[78.2364,9.6162],[78.2434,9.5941],[78.2362,9.5728],[78.2429,9.5695],[78.2304,9.5629],[78.2218,9.5894],[78.2106,9.5793],[78.2056,9.589],[78.1875,9.593],[78.1826,9.5836],[78.1653,9.5814],[78.1578,9.5869],[78.1627,9.5991],[78.1579,9.604],[78.1674,9.6149],[78.1633,9.6183],[78.1568,9.6116],[78.1439,9.6158],[78.1384,9.6096],[78.1397,9.5801],[78.1293,9.5791],[78.1289,9.5781]]],[[[78.1601,9.5132],[78.1649,9.513],[78.1654,9.5229],[78.1604,9.5238],[78.1607,9.5161],[78.1601,9.5132]]]]}},{"type":"Feature","properties":{"SUBDISTRICT":"Aruppukkottai","STATE":"Tamil Nadu","shapeID":"7132399B26514585376352","source":"geoBoundaries gbOpen IND ADM3 (ODbL 1.0); source: Local Government Directory lgdirectory.gov.in via Pathways Data","DISTRICT":"Virudhunagar"},"geometry":{"type":"Polygon","coordinates":[[[77.9461,9.5099],[77.964,9.5065],[77.9731,9.5125],[77.9833,9.5383],[78.0022,9.5402],[78.0151,9.5309],[78.0477,9.5307],[78.0429,9.5055],[78.0347,9.5057],[78.0317,9.4982],[78.015,9.502],[77.9896,9.4754],[78.0004,9.4728],[78.0072,9.4596],[78.019,9.4616],[78.0316,9.4521],[78.0334,9.4052],[78.0515,9.4125],[78.0772,9.4069],[78.0731,9.3802],[78.0591,9.3803],[78.0599,9.3609],[78.0819,9.356],[78.1498,9.3711],[78.1702,9.368],[78.1682,9.3533],[78.1757,9.3372],[78.2108,9.3252],[78.2148,9.3027],[78.2254,9.296],[78.2702,9.2915],[78.2954,9.2799],[78.3126,9.2824],[78.3287,9.2753],[78.3454,9.2937],[78.3469,9.3098],[78.3597,9.3246],[78.3601,9.3463],[78.3505,9.3595],[78.3324,9.3602],[78.3213,9.3433],[78.3145,9.343],[78.3147,9.3598],[78.3026,9.3719],[78.3054,9.3867],[78.2975,9.3839],[78.2952,9.3918],[78.264,9.387],[78.2577,9.3755],[78.2424,9.3832],[78.2442,9.4051],[78.2252,9.4101],[78.2155,9.433],[78.2199,9.4442],[78.2474,9.4449],[78.2443,9.4574],[78.2369,9.4615],[78.2447,9.4759],[78.2013,9.504],[78.198,9.4995],[78.1734,9.5027],[78.1735,9.5376],[78.1346,9.5407],[78.1302,9.5779],[78.116,9.5843],[78.0991,9.577],[78.0807,9.5805],[78.0685,9.5524],[78.0503,9.5509],[78.0064,9.5593],[78.0114,9.5928],[77.9838,9.5935],[77.984,9.576],[77.9743,9.5752],[77.9651,9.548],[77.9581,9.549],[77.9475,9.5383],[77.9494,9.526],[77.9641,9.5241],[77.97,9.5167],[77.9467,9.512],[77.9461,9.5099]],[[78.1601,9.5132],[78.1604,9.5238],[78.1654,9.5229],[78.1616,9.5128],[78.1601,9.5132]]]}},{"type":"Feature","properties":{"SUBDISTRICT":"Sattur","STATE":"Tamil Nadu","shapeID":"7132399B61254625930216","source":"geoBoundaries gbOpen IND ADM3 (ODbL 1.0); source: Local Government Directory lgdirectory.gov.in via Pathways Data","DISTRICT":"Virudhunagar"},"geometry":{"type":"Polygon","coordinates":[[[77.8487,9.3308],[77.8642,9.2981],[77.8856,9.2866],[77.8858,9.281],[77.8646,9.2806],[77.8565,9.2669],[77.8618,9.2459],[77.8821,9.2428],[77.8874,9.2311],[77.8774,9.2261],[77.8814,9.2062],[77.9173,9.1997],[77.9311,9.2219],[77.9455,9.2186],[77.9484,9.2294],[77.9564,9.2294],[77.9574,9.2495],[77.9853,9.2541],[77.9915,9.2697],[78.0114,9.2728],[78.0128,9.3046],[78.0528,9.3042],[78.036,9.3312],[78.0526,9.3428],[78.0614,9.3646],[78.0591,9.3803],[78.071,9.3791],[78.0756,9.3855],[78.0765,9.4079],[78.0515,9.4125],[78.0196,9.4007],[78.0123,9.4139],[77.9779,9.4145],[77.9708,9.4241],[77.9809,9.4308],[77.9785,9.437],[77.9516,9.4383],[77.9489,9.4191],[77.93,9.4378],[77.9192,9.4384],[77.9233,9.4504],[77.8972,9.4469],[77.8879,9.4289],[77.8661,9.4367],[77.8624,9.43],[77.859,9.4034],[77.8718,9.4026],[77.8675,9.3646],[77.8536,9.3632],[77.8559,9.3446],[77.8502,9.3439],[77.8488,9.3317],[77.8487,9.3308]]]}},{"type":"Feature","properties":{"SUBDISTRICT":"Tiruvadanai","STATE":"Tamil Nadu","shapeID":"7132399B94273898869892","source":"geoBoundaries gbOpen IND ADM3 (ODbL 1.0); source: Local Government Directory lgdirectory.gov.in via Pathways Data","DISTRICT":"Ramanathapuram"},"geometry":{"type":"Polygon","coordinates":[[[78.8546,9.7174],[78.8712,9.7126],[78.8808,9.7198],[78.884,9.7317],[78.9027,9.7322],[78.9003,9.7097],[78.9461,9.7006],[78.9436,9.6865],[78.9247,9.6631],[78.9576,9.6547],[78.9707,9.6624],[78.9937,9.7081],[79.037,9.7624],[79.0571,9.7725],[79.0871,9.8226],[79.1133,9.8467],[79.0997,9.8561],[79.0697,9.8506],[79.0462,9.8599],[79.0332,9.8882],[79.0108,9.9085],[78.9905,9.9453],[78.9682,9.9365],[78.9571,9.9211],[78.9239,9.9213],[78.9032,9.9],[78.9043,9.88],[78.8829,9.8814],[78.8776,9.8728],[78.8732,9.8612],[78.8839,9.799],[78.9006,9.7836],[78.8888,9.7562],[78.8698,9.7549],[78.8643,9.7283],[78.8546,9.7175],[78.8546,9.7174]]]}},{"type":"Feature","properties":{"SUBDISTRICT":"Kariapatti","STATE":"Tamil Nadu","shapeID":"7132399B44478898070883","source":"geoBoundaries gbOpen IND ADM3 (ODbL 1.0); source: Local Government Directory lgdirectory.gov.in via Pathways Data","DISTRICT":"Virudhunagar"},"geometry":{"type":"Polygon","coordinates":[[[77.9836,9.5944],[78.0114,9.5928],[78.0064,9.5593],[78.0659,9.5513],[78.0807,9.5805],[78.0842,9.5763],[78.116,9.5843],[78.1248,9.5786],[78.1397,9.5801],[78.1384,9.6096],[78.1439,9.6158],[78.1568,9.6116],[78.1633,9.6183],[78.1674,9.6149],[78.1579,9.604],[78.1627,9.5991],[78.1581,9.5864],[78.17,9.5804],[78.1826,9.5836],[78.1875,9.593],[78.2056,9.589],[78.2106,9.5793],[78.2218,9.5894],[78.2348,9.5624],[78.2429,9.5695],[78.2362,9.5728],[78.2434,9.5941],[78.2364,9.6162],[78.2379,9.6209],[78.252,9.6202],[78.254,9.6283],[78.2464,9.6703],[78.2122,9.6766],[78.2142,9.6945],[78.2024,9.6985],[78.195,9.7168],[78.1814,9.7236],[78.1855,9.7343],[78.1793,9.7437],[78.1619,9.7518],[78.146,9.7514],[78.1399,9.7451],[78.1338,9.7519],[78.1402,9.7608],[78.1283,9.7627],[78.1095,9.7849],[78.0908,9.7765],[78.1044,9.7665],[78.1019,9.7549],[78.0852,9.7589],[78.082,9.7485],[78.0726,9.7523],[78.0634,9.7409],[78.075,9.731],[78.0703,9.724],[78.0894,9.6822],[78.0818,9.6713],[78.0838,9.6622],[78.061,9.6599],[78.062,9.6705],[78.0411,9.6764],[78.0123,9.6376],[78.0065,9.6167],[77.9923,9.6121],[77.9837,9.5956],[77.9836,9.5944]]]}},{"type":"Feature","properties":{"SUBDISTRICT":"Pollachi","STATE":"Tamil Nadu","shapeID":"7132399B60018408037368","source":"geoBoundaries gbOpen IND ADM3 (ODbL 1.0); source: Local Government Directory lgdirectory.gov.in via Pathways Data","DISTRICT":"Coimbatore"},"geometry":{"type":"Polygon","coordinates":[[[76.8667,10.6805],[76.8819,10.6723],[76.886,10.6451],[76.8908,10.6578],[76.9262,10.6589],[76.9373,10.6432],[76.9569,10.6408],[76.9606,10.6437],[76.9559,10.6476],[76.9673,10.6573],[76.961,10.6731],[76.9957,10.6695],[76.9978,10.6814],[77.003,10.671],[77.0111,10.673],[77.0139,10.6823],[77.029,10.6798],[77.0374,10.6678],[77.0215,10.6646],[77.0275,10.6534],[77.0224,10.6503],[77.0237,10.6357],[76.9714,10.6222],[76.9682,10.617],[76.9763,10.6067],[76.9796,10.6124],[76.9931,10.6069],[77.013,10.6105],[77.025,10.621],[77.0369,10.6205],[77.0438,10.63],[77.0404,10.6094],[77.0602,10.6164],[77.0962,10.6109],[77.0995,10.6024],[77.1131,10.5975],[77.1151,10.5872],[77.1524,10.5862],[77.1674,10.5928],[77.1822,10.6444],[77.1536,10.6521],[77.1455,10.6609],[77.1404,10.722],[77.1309,10.752],[77.1426,10.7619],[77.1228,10.7688],[77.108,10.7665],[77.1077,10.7541],[77.1165,10.7526],[77.1107,10.7391],[77.1041,10.7374],[77.109,10.7284],[77.0782,10.7281],[77.0737,10.7102],[77.0496,10.7199],[77.0264,10.7147],[77.0147,10.7371],[77.0012,10.738],[76.9869,10.7302],[76.9887,10.7436],[76.983,10.751],[76.9628,10.743],[76.9424,10.7894],[76.9338,10.7875],[76.9058,10.7696],[76.892,10.7344],[76.8954,10.7156],[76.8867,10.7149],[76.8672,10.6834],[76.8667,10.6805]]]}},{"type":"Feature","properties":{"SUBDISTRICT":"Sankari","STATE":"Tamil Nadu","shapeID":"7132399B4421204556370","source":"geoBoundaries gbOpen IND ADM3 (ODbL 1.0); source: Local Government Directory lgdirectory.gov.in via Pathways Data","DISTRICT":"Salem"},"geometry":{"type":"Polygon","coordinates":[[[77.6962,11.4583],[77.7099,11.4631],[77.7088,11.4492],[77.722,11.4521],[77.7392,11.4411],[77.7593,11.4489],[77.7697,11.4788],[77.7821,11.4762],[77.7955,11.4629],[77.7864,11.4531],[77.7955,11.4453],[77.8054,11.4456],[77.8068,11.4556],[77.8166,11.4526],[77.8207,11.4602],[77.8166,11.4633],[77.8303,11.4644],[77.8348,11.4521],[77.8237,11.4399],[77.8464,11.4334],[77.8467,11.4198],[77.8565,11.4088],[77.8656,11.417],[77.8736,11.4087],[77.8789,11.4198],[77.9014,11.4179],[77.9123,11.4301],[77.9128,11.4504],[77.9242,11.4501],[77.9268,11.4586],[77.9402,11.4572],[77.9485,11.4687],[77.9723,11.4656],[77.975,11.5155],[77.9818,11.5263],[78.0025,11.5204],[78.0395,11.5273],[78.0466,11.5401],[78.012,11.5585],[78.0182,11.5879],[78.0037,11.596],[78.0055,11.6053],[78.023,11.6086],[78.0238,11.6166],[78.039,11.6221],[78.0193,11.6402],[78.0144,11.6531],[77.9984,11.6539],[77.9873,11.6498],[77.9874,11.6425],[77.9763,11.6348],[77.9775,11.6216],[77.9649,11.6259],[77.9569,11.62],[77.9625,11.5894],[77.9479,11.5712],[77.9299,11.5787],[77.9244,11.5711],[77.9367,11.5594],[77.9302,11.5615],[77.9259,11.5515],[77.9214,11.5539],[77.9078,11.5288],[77.8925,11.5262],[77.8422,11.5367],[77.8395,11.5409],[77.8506,11.5476],[77.8556,11.5674],[77.8157,11.5653],[77.8084,11.5801],[77.8137,11.5911],[77.7637,11.5973],[77.7544,11.5836],[77.7402,11.5862],[77.7472,11.5641],[77.7265,11.5341],[77.7336,11.5108],[77.6972,11.4678],[77.6962,11.4583]]]}},{"type":"Feature","properties":{"SUBDISTRICT":"Orathanadu","STATE":"Tamil Nadu","shapeID":"7132399B93221238430199","source":"geoBoundaries gbOpen IND ADM3 (ODbL 1.0); source: Local Government Directory lgdirectory.gov.in via Pathways Data","DISTRICT":"Thanjavur"},"geometry":{"type":"Polygon","coordinates":[[[79.1291,10.4327],[79.1508,10.4049],[79.1582,10.4232],[79.1634,10.4208],[79.1606,10.4125],[79.1741,10.4071],[79.1825,10.4053],[79.1792,10.4205],[79.2087,10.4068],[79.2201,10.4082],[79.2284,10.4344],[79.2062,10.453],[79.2054,10.4685],[79.2272,10.4835],[79.223,10.4942],[79.2178,10.4938],[79.2191,10.5014],[79.2363,10.5079],[79.2415,10.4997],[79.2507,10.5033],[79.2523,10.5112],[79.2737,10.4835],[79.285,10.4981],[79.2859,10.5105],[79.2954,10.5123],[79.3185,10.4954],[79.3381,10.496],[79.3436,10.5046],[79.368,10.5108],[79.3727,10.5354],[79.4041,10.5383],[79.397,10.5582],[79.4025,10.5756],[79.389,10.5821],[79.3626,10.578],[79.347,10.5895],[79.3474,10.6056],[79.3543,10.6063],[79.3447,10.624],[79.3526,10.6282],[79.3567,10.6469],[79.3474,10.6481],[79.3407,10.6572],[79.3174,10.6601],[79.3191,10.6825],[79.3062,10.7083],[79.3061,10.7253],[79.288,10.7396],[79.2847,10.7568],[79.2701,10.7513],[79.2661,10.7187],[79.2456,10.7244],[79.2268,10.7408],[79.2295,10.7236],[79.2176,10.7115],[79.2255,10.701],[79.2136,10.6935],[79.2036,10.7091],[79.1964,10.6905],[79.1772,10.6963],[79.1575,10.6834],[79.1521,10.6651],[79.1474,10.6688],[79.1427,10.6448],[79.1299,10.6301],[79.1457,10.6034],[79.1398,10.5966],[79.1435,10.5859],[79.1645,10.5872],[79.1732,10.5816],[79.1789,10.5859],[79.1795,10.5708],[79.1914,10.5777],[79.1925,10.5686],[79.19,10.5543],[79.1842,10.5552],[79.1854,10.5368],[79.1516,10.5286],[79.1554,10.5223],[79.1425,10.5126],[79.1404,10.4979],[79.1303,10.4941],[79.1336,10.4876],[79.1475,10.4848],[79.1536,10.4742],[79.161,10.4717],[79.1738,10.4809],[79.1954,10.4619],[79.1688,10.4549],[79.1763,10.4461],[79.1595,10.4461],[79.1582,10.4613],[79.153,10.4624],[79.1551,10.4488],[79.1409,10.4482],[79.1438,10.4434],[79.1305,10.4352],[79.1291,10.4327]],[[79.2045,10.5369],[79.2147,10.5363],[79.2097,10.5233],[79.2063,10.5346],[79.2045,10.5369]],[[79.2011,10.531],[79.2024,10.5333],[79.2031,10.5331],[79.2032,10.5316],[79.2032,10.531],[79.2032,10.5292],[79.2024,10.5294],[79.2011,10.531]],[[79.2168,10.5287],[79.2219,10.5299],[79.2201,10.5216],[79.2169,10.5285],[79.2168,10.5287]],[[79.211,10.5218],[79.2169,10.5231],[79.2139,10.5199],[79.211,10.5218]],[[79.2058,10.5038],[79.213,10.5077],[79.2129,10.5018],[79.208,10.5036],[79.2058,10.5038]],[[79.2035,10.4924],[79.2098,10.4954],[79.2065,10.4916],[79.2035,10.4924]]]}},{"type":"Feature","properties":{"SUBDISTRICT":"Alangudi","STATE":"Tamil Nadu","shapeID":"7132399B73471481392696","source":"geoBoundaries gbOpen IND ADM3 (ODbL 1.0); source: Local Government Directory lgdirectory.gov.in via Pathways Data","DISTRICT":"Pudukkottai"},"geometry":{"type":"Polygon","coordinates":[[[78.8216,10.3354],[78.8387,10.3301],[78.8666,10.2992],[78.8758,10.2997],[78.8962,10.2864],[78.9118,10.2497],[78.9197,10.2475],[78.9169,10.2405],[78.9319,10.2244],[78.9427,10.2461],[78.9269,10.259],[78.9292,10.2667],[78.9691,10.2811],[78.9839,10.2969],[78.9969,10.2944],[79.0082,10.3187],[79.0203,10.3168],[79.02,10.3091],[79.0311,10.3013],[79.0389,10.2616],[79.0527,10.2557],[79.0653,10.2526],[79.0678,10.2668],[79.0757,10.2712],[79.0953,10.2659],[79.1192,10.2804],[79.1203,10.2861],[79.1055,10.2867],[79.1228,10.2919],[79.1198,10.3012],[79.1352,10.3241],[79.1315,10.3291],[79.1198,10.3242],[79.1217,10.3334],[79.1497,10.3427],[79.1466,10.3848],[79.1077,10.373],[79.0784,10.3779],[79.0771,10.3711],[79.0641,10.3735],[79.0618,10.3674],[79.0595,10.3811],[79.0523,10.3819],[79.0454,10.3721],[79.0467,10.3835],[79.0244,10.389],[79.0293,10.4045],[79.0171,10.406],[79.0117,10.4148],[79.0096,10.4012],[78.9878,10.3962],[78.9869,10.3832],[78.9761,10.394],[78.9251,10.4087],[78.9166,10.398],[78.8785,10.397],[78.8806,10.3867],[78.8904,10.3801],[78.8878,10.3748],[78.886,10.3809],[78.8662,10.3853],[78.8641,10.3776],[78.8577,10.3793],[78.864,10.3749],[78.8627,10.3639],[78.8592,10.3708],[78.8405,10.3746],[78.8413,10.3596],[78.8505,10.3527],[78.8443,10.3359],[78.8383,10.3417],[78.8389,10.3312],[78.8235,10.3339],[78.8216,10.3354]]]}},{"type":"Feature","properties":{"SUBDISTRICT":"Tambaram","STATE":"Tamil Nadu","shapeID":"7132399B97326048442709","source":"geoBoundaries gbOpen IND ADM3 (ODbL 1.0); source: Local Government Directory lgdirectory.gov.in via Pathways Data","DISTRICT":"Kancheepuram"},"geometry":{"type":"MultiPolygon","coordinates":[[[[80.1959,12.9316],[80.1989,12.9064],[80.2178,12.9057],[80.2151,12.8753],[80.246,12.8702],[80.2442,12.8767],[80.2517,12.8759],[80.2663,12.9715],[80.247,12.9833],[80.2195,12.9674],[80.1961,12.9325],[80.1959,12.9316]]],[[[80.0645,12.899],[80.0989,12.8902],[80.1133,12.9014],[80.13,12.8847],[80.177,12.881],[80.1787,12.8936],[80.1664,12.908],[80.1735,12.9191],[80.1798,12.9165],[80.1868,12.9464],[80.1953,12.9489],[80.1935,12.9635],[80.1848,12.9591],[80.1849,12.9656],[80.1599,12.9709],[80.1713,12.9798],[80.1805,12.9769],[80.1848,12.9657],[80.2082,12.9747],[80.2045,12.9836],[80.2148,13.0053],[80.2007,13.0154],[80.2083,13.0277],[80.1941,13.0256],[80.18,12.9988],[80.1684,13.0036],[80.1537,12.9807],[80.1364,12.9787],[80.1393,12.9829],[80.1302,12.9887],[80.1223,12.9834],[80.1014,12.9429],[80.095,12.9448],[80.0866,12.9234],[80.0661,12.9004],[80.0645,12.899]]]]}},{"type":"Feature","properties":{"SUBDISTRICT":"Kancheepuram","STATE":"Tamil Nadu","shapeID":"7132399B42714083395133","source":"geoBoundaries gbOpen IND ADM3 (ODbL 1.0); source: Local Government Directory lgdirectory.gov.in via Pathways Data","DISTRICT":"Kancheepuram"},"geometry":{"type":"Polygon","coordinates":[[[79.5597,12.8737],[79.5677,12.8564],[79.5604,12.8496],[79.5968,12.8298],[79.6399,12.8163],[79.6442,12.7974],[79.638,12.7876],[79.6501,12.7824],[79.6565,12.7638],[79.6594,12.7746],[79.6729,12.7774],[79.6699,12.7839],[79.6786,12.7909],[79.6991,12.7773],[79.6985,12.7831],[79.71,12.7817],[79.7133,12.79],[79.7464,12.786],[79.7405,12.8071],[79.7516,12.8102],[79.7629,12.8236],[79.7787,12.8238],[79.7766,12.849],[79.7866,12.8535],[79.8081,12.8477],[79.8093,12.861],[79.8203,12.8685],[79.8488,12.8679],[79.8514,12.8769],[79.8224,12.8983],[79.8076,12.8977],[79.8044,12.9174],[79.7849,12.9243],[79.782,12.9182],[79.7723,12.9194],[79.7742,12.938],[79.7848,12.957],[79.7794,12.9603],[79.7646,12.9524],[79.7592,12.98],[79.7671,12.9857],[79.766,12.9921],[79.7493,12.9975],[79.6609,12.9482],[79.662,12.9296],[79.613,12.9087],[79.573,12.8994],[79.5603,12.8772],[79.5597,12.8737]]]}},{"type":"Feature","properties":{"SUBDISTRICT":"Gudiyatham","STATE":"Tamil Nadu","shapeID":"7132399B44937531056216","source":"geoBoundaries gbOpen IND ADM3 (ODbL 1.0); source: Local Government Directory lgdirectory.gov.in via Pathways Data","DISTRICT":"Vellore"},"geometry":{"type":"Polygon","coordinates":[[[78.78,13.0616],[78.7932,13.0651],[78.7905,13.0487],[78.8008,13.033],[78.7994,13.0102],[78.8115,13.0036],[78.7929,12.9943],[78.7905,12.9838],[78.7995,12.9795],[78.8014,12.9657],[78.8084,12.9641],[78.8106,12.9442],[78.8154,12.9437],[78.8091,12.9363],[78.821,12.9301],[78.8179,12.9192],[78.7988,12.9189],[78.8038,12.9041],[78.8231,12.8948],[78.8063,12.8801],[78.8129,12.861],[78.8696,12.8911],[78.8682,12.8775],[78.882,12.8809],[78.8866,12.8632],[78.9093,12.8633],[78.9145,12.857],[78.9098,12.8721],[78.9199,12.8904],[78.9147,12.8942],[78.9257,12.9161],[78.9373,12.9183],[78.9377,12.9301],[78.9236,12.9346],[78.9284,12.9444],[78.9177,12.9478],[78.9117,12.993],[78.9406,13.0054],[78.9385,13.0184],[78.9585,13.0246],[78.9602,13.0307],[78.9668,13.0241],[78.9988,13.0322],[79.0348,13.0678],[79.0087,13.0657],[78.9902,13.0757],[78.9988,13.0847],[78.9914,13.0878],[78.971,13.0767],[78.9577,13.0748],[78.9484,13.0812],[78.9223,13.0776],[78.9413,13.0756],[78.9301,13.0659],[78.913,13.0655],[78.9075,13.0581],[78.9122,13.0465],[78.9293,13.0461],[78.9378,13.0375],[78.92,13.0313],[78.8937,13.031],[78.8952,13.0931],[78.8877,13.0972],[78.8764,13.0958],[78.87,13.0821],[78.8124,13.0865],[78.7891,13.0641],[78.78,13.0616]]]}},{"type":"Feature","properties":{"SUBDISTRICT":"Kalkulam","STATE":"Tamil Nadu","shapeID":"7132399B61731034573637","source":"geoBoundaries gbOpen IND ADM3 (ODbL 1.0); source: Local Government Directory lgdirectory.gov.in via Pathways Data","DISTRICT":"Kanniyakumari"},"geometry":{"type":"Polygon","coordinates":[[[77.2311,8.185],[77.2388,8.1749],[77.2621,8.1691],[77.297,8.1487],[77.3159,8.1218],[77.3568,8.1425],[77.3582,8.1646],[77.3678,8.1741],[77.3852,8.1779],[77.3854,8.1682],[77.3965,8.1679],[77.3989,8.1808],[77.4072,8.1849],[77.3943,8.205],[77.4056,8.2454],[77.3921,8.2501],[77.3863,8.2879],[77.4074,8.2944],[77.4093,8.3025],[77.3971,8.3187],[77.39,8.3197],[77.384,8.307],[77.3726,8.3087],[77.353,8.3267],[77.3459,8.326],[77.3481,8.3127],[77.3195,8.2975],[77.3221,8.2895],[77.3271,8.2917],[77.3258,8.2856],[77.3453,8.2796],[77.3461,8.2615],[77.3343,8.2658],[77.3246,8.2599],[77.3226,8.2681],[77.3037,8.2778],[77.301,8.2561],[77.2732,8.2848],[77.2555,8.2919],[77.2531,8.2675],[77.2441,8.2581],[77.2537,8.2512],[77.2426,8.2349],[77.2547,8.2243],[77.2711,8.226],[77.2816,8.2196],[77.2722,8.2049],[77.2409,8.2023],[77.2313,8.1851],[77.2311,8.185]]]}},{"type":"Feature","properties":{"SUBDISTRICT":"Ambur","STATE":"Tamil Nadu","shapeID":"7132399B15024344857052","source":"geoBoundaries gbOpen IND ADM3 (ODbL 1.0); source: Local Government Directory lgdirectory.gov.in via Pathways Data","DISTRICT":"Vellore"},"geometry":{"type":"Polygon","coordinates":[[[78.5942,12.7961],[78.5946,12.787],[78.6277,12.7719],[78.618,12.7647],[78.6226,12.7517],[78.6118,12.7463],[78.6369,12.7342],[78.6389,12.7247],[78.6442,12.7246],[78.6419,12.7184],[78.6513,12.7168],[78.6507,12.7057],[78.6789,12.6959],[78.6852,12.678],[78.716,12.668],[78.7282,12.6491],[78.7359,12.6496],[78.735,12.64],[78.7706,12.655],[78.7803,12.6678],[78.7732,12.681],[78.7798,12.7014],[78.7931,12.6981],[78.7882,12.7157],[78.8165,12.7164],[78.8168,12.7303],[78.8279,12.7315],[78.8253,12.7428],[78.8298,12.7452],[78.8126,12.7443],[78.8134,12.7635],[78.8214,12.7676],[78.8314,12.7974],[78.8154,12.8052],[78.8154,12.8113],[78.8421,12.8261],[78.848,12.8207],[78.8424,12.8169],[78.8432,12.8065],[78.8584,12.7959],[78.8782,12.8114],[78.8668,12.823],[78.8858,12.8445],[78.8887,12.8697],[78.882,12.8809],[78.8682,12.8775],[78.8696,12.8911],[78.8454,12.8812],[78.8227,12.8638],[78.7841,12.8524],[78.7762,12.8391],[78.7519,12.8248],[78.737,12.8371],[78.7388,12.8576],[78.7557,12.8672],[78.7592,12.8891],[78.7455,12.9027],[78.7251,12.8965],[78.7208,12.8567],[78.7206,12.8646],[78.7124,12.8667],[78.6513,12.8715],[78.6065,12.8542],[78.6093,12.8219],[78.5999,12.8156],[78.6014,12.8033],[78.5942,12.7961]]]}},{"type":"Feature","properties":{"SUBDISTRICT":"Chengam","STATE":"Tamil Nadu","shapeID":"7132399B2178572059747","source":"geoBoundaries gbOpen IND ADM3 (ODbL 1.0); source: Local Government Directory lgdirectory.gov.in via Pathways Data","DISTRICT":"Tiruvannamalai"},"geometry":{"type":"Polygon","coordinates":[[[78.6332,12.1293],[78.6593,12.1234],[78.6666,12.1127],[78.6639,12.1024],[78.6859,12.1059],[78.7406,12.1339],[78.7446,12.1274],[78.8174,12.1772],[78.8609,12.1896],[78.8611,12.2036],[78.8877,12.209],[78.8767,12.225],[78.8794,12.2372],[78.8946,12.2382],[78.8966,12.2447],[78.9182,12.2397],[78.9196,12.2484],[78.9254,12.2495],[78.9426,12.2378],[78.9391,12.2332],[78.9562,12.2327],[78.9627,12.2201],[78.984,12.2105],[78.9878,12.2024],[78.9975,12.202],[79.0072,12.2278],[79.0005,12.2337],[79.002,12.256],[79.0136,12.2625],[79.0248,12.283],[79.009,12.2916],[79.045,12.3107],[79.0451,12.3193],[79.0271,12.3452],[79.0335,12.3517],[79.0322,12.3617],[79.0199,12.3856],[79.0092,12.3877],[79.0105,12.4056],[79.0037,12.4149],[78.9686,12.3851],[78.9577,12.3892],[78.9408,12.3784],[78.9309,12.3873],[78.9277,12.3794],[78.8952,12.3676],[78.8946,12.3894],[78.8752,12.4178],[78.8333,12.4164],[78.8249,12.4227],[78.8088,12.4204],[78.8024,12.4125],[78.7992,12.4236],[78.8145,12.4368],[78.8184,12.4893],[78.7919,12.4979],[78.7789,12.4832],[78.778,12.4593],[78.7643,12.4459],[78.7704,12.436],[78.7655,12.4101],[78.7526,12.3835],[78.7335,12.3741],[78.7103,12.301],[78.6522,12.2578],[78.6527,12.2387],[78.6697,12.2295],[78.6726,12.2175],[78.6591,12.1964],[78.6445,12.2039],[78.6346,12.1759],[78.6494,12.1574],[78.6364,12.1432],[78.6332,12.1293]]]}},{"type":"Feature","properties":{"SUBDISTRICT":"Sivagiri","STATE":"Tamil Nadu","shapeID":"7132399B79714183801944","source":"geoBoundaries gbOpen IND ADM3 (ODbL 1.0); source: Local Government Directory lgdirectory.gov.in via Pathways Data","DISTRICT":"Tirunelveli Kattabo"},"geometry":{"type":"Polygon","coordinates":[[[77.2663,9.1988],[77.2743,9.2007],[77.2895,9.1884],[77.3046,9.1856],[77.3149,9.1734],[77.3304,9.1835],[77.3416,9.1832],[77.3754,9.1637],[77.4337,9.1615],[77.4271,9.1703],[77.4333,9.18],[77.4246,9.1961],[77.4309,9.2075],[77.4568,9.2],[77.4808,9.2012],[77.5002,9.1884],[77.5116,9.1974],[77.5098,9.2072],[77.4952,9.2171],[77.4893,9.2115],[77.4839,9.2203],[77.4929,9.227],[77.4861,9.2488],[77.476,9.2546],[77.4771,9.2814],[77.4927,9.2788],[77.4958,9.2864],[77.5123,9.2868],[77.5346,9.319],[77.5427,9.3162],[77.5434,9.3095],[77.5542,9.3105],[77.554,9.3212],[77.5406,9.3314],[77.5435,9.3401],[77.5256,9.3415],[77.5094,9.331],[77.4765,9.3404],[77.4734,9.3279],[77.4601,9.3313],[77.4675,9.3472],[77.441,9.3542],[77.4387,9.3662],[77.4521,9.3699],[77.4341,9.3911],[77.4239,9.3917],[77.4208,9.3982],[77.3893,9.3908],[77.3823,9.4],[77.3406,9.4173],[77.3397,9.3677],[77.328,9.337],[77.3008,9.3365],[77.3002,9.3099],[77.2835,9.2998],[77.2909,9.2721],[77.2844,9.2713],[77.2763,9.2333],[77.2837,9.2177],[77.2672,9.1991],[77.2663,9.1988]]]}},{"type":"Feature","properties":{"SUBDISTRICT":"Sankarapuram","STATE":"Tamil Nadu","shapeID":"7132399B62972308821725","source":"geoBoundaries gbOpen IND ADM3 (ODbL 1.0); source: Local Government Directory lgdirectory.gov.in via Pathways Data","DISTRICT":"Villupuram"},"geometry":{"type":"Polygon","coordinates":[[[78.7722,11.9155],[78.8087,11.9139],[78.8237,11.9034],[78.813,11.8877],[78.7861,11.8805],[78.7878,11.8551],[78.838,11.8688],[78.8864,11.8591],[78.881,11.8524],[78.8927,11.8487],[78.8911,11.836],[78.9118,11.8296],[78.9004,11.81],[78.9099,11.8022],[78.9095,11.7932],[78.8933,11.7868],[78.8896,11.7789],[78.9104,11.781],[78.9081,11.7719],[78.9163,11.7647],[78.9214,11.769],[78.9485,11.7571],[78.9584,11.7709],[78.9509,11.7761],[78.9724,11.7843],[79.0034,11.7593],[79.0154,11.7646],[79.0187,11.7762],[79.0273,11.7775],[79.0329,11.7561],[79.0416,11.768],[79.053,11.7624],[79.0601,11.7665],[79.0587,11.7739],[79.0815,11.7956],[79.0931,11.789],[79.1366,11.8149],[79.1363,11.8567],[79.1158,11.8593],[79.1054,11.8499],[79.0964,11.851],[79.0884,11.8604],[79.0907,11.8802],[79.0776,11.8847],[79.0796,11.8997],[79.0633,11.911],[79.0668,11.9246],[79.072,11.923],[79.077,11.9317],[79.0831,11.9653],[79.0899,11.9675],[79.0885,11.9772],[79.0748,11.9829],[79.0727,11.9941],[79.0871,11.9922],[79.0966,12.0033],[79.0754,12.0044],[79.0434,12.0233],[79.0412,12.0315],[79.0162,12.0488],[78.9953,12.0498],[78.9827,12.0659],[78.9607,12.0666],[78.9177,12.0141],[78.8798,12.0247],[78.8399,12.0086],[78.8337,11.986],[78.8517,11.9864],[78.8494,11.9491],[78.8691,11.9376],[78.8555,11.9228],[78.838,11.9328],[78.8209,11.9344],[78.8205,11.9431],[78.7842,11.9386],[78.7736,11.9173],[78.7722,11.9155]]]}},{"type":"Feature","properties":{"SUBDISTRICT":"Ulundurpettai","STATE":"Tamil Nadu","shapeID":"7132399B30130562539708","source":"geoBoundaries gbOpen IND ADM3 (ODbL 1.0); source: Local Government Directory lgdirectory.gov.in via Pathways Data","DISTRICT":"Villupuram"},"geometry":{"type":"Polygon","coordinates":[[[79.12,11.7869],[79.1275,11.7782],[79.127,11.7637],[79.1455,11.7625],[79.1413,11.7383],[79.1262,11.7157],[79.1279,11.7054],[79.1682,11.7009],[79.1615,11.6777],[79.1493,11.6783],[79.1798,11.6591],[79.1747,11.6464],[79.1912,11.6424],[79.1797,11.6113],[79.1941,11.6013],[79.2126,11.6211],[79.2113,11.6342],[79.2227,11.6385],[79.2359,11.6274],[79.2499,11.6501],[79.2716,11.642],[79.2898,11.6478],[79.2973,11.6343],[79.3107,11.6331],[79.3134,11.6428],[79.3293,11.65],[79.3327,11.6588],[79.3632,11.6598],[79.3613,11.6705],[79.383,11.6787],[79.4224,11.6643],[79.445,11.664],[79.4437,11.7045],[79.4758,11.7162],[79.4602,11.7382],[79.466,11.7669],[79.4547,11.7683],[79.4468,11.7615],[79.4349,11.767],[79.429,11.791],[79.4234,11.7945],[79.4192,11.7832],[79.4144,11.7845],[79.4169,11.8001],[79.4069,11.804],[79.3976,11.7962],[79.3709,11.8133],[79.3712,11.8311],[79.3388,11.8329],[79.326,11.8224],[79.3017,11.8277],[79.2791,11.8496],[79.2669,11.8412],[79.2612,11.8503],[79.2444,11.8505],[79.2373,11.8565],[79.2445,11.8722],[79.2345,11.8759],[79.2251,11.858],[79.1944,11.8493],[79.1812,11.8556],[79.1646,11.8526],[79.1514,11.8631],[79.1437,11.8609],[79.1407,11.8705],[79.1316,11.8575],[79.1363,11.8567],[79.1394,11.8209],[79.1225,11.811],[79.1203,11.7877],[79.12,11.7869]]]}},{"type":"Feature","properties":{"SUBDISTRICT":"Omalur","STATE":"Tamil Nadu","shapeID":"7132399B66137837400745","source":"geoBoundaries gbOpen IND ADM3 (ODbL 1.0); source: Local Government Directory lgdirectory.gov.in via Pathways Data","DISTRICT":"Salem"},"geometry":{"type":"Polygon","coordinates":[[[77.9021,11.6823],[77.9072,11.6787],[77.9024,11.6735],[77.9176,11.6703],[77.9233,11.6618],[77.9312,11.6712],[77.9488,11.6664],[77.949,11.6215],[77.9593,11.62],[77.9649,11.6259],[77.9775,11.6216],[77.9737,11.6305],[77.9874,11.6425],[77.9873,11.6498],[78.013,11.6521],[78.0171,11.6636],[78.0297,11.664],[78.038,11.6957],[78.0502,11.6923],[78.0476,11.681],[78.0545,11.676],[78.0578,11.6801],[78.0673,11.6763],[78.0761,11.6807],[78.0784,11.6901],[78.1411,11.719],[78.1106,11.715],[78.1604,11.7551],[78.1608,11.7827],[78.138,11.7895],[78.1265,11.803],[78.1292,11.8162],[78.1476,11.8235],[78.142,11.8303],[78.1342,11.8257],[78.1265,11.8398],[78.1052,11.8198],[78.113,11.8081],[78.0984,11.7841],[78.0732,11.7702],[78.066,11.773],[78.0632,11.7836],[78.0506,11.774],[78.0506,11.7664],[78.0373,11.7799],[78.0263,11.7726],[78.0157,11.7764],[77.9977,11.7646],[77.9799,11.7707],[77.9754,11.7631],[77.9689,11.7701],[77.9719,11.7807],[77.9568,11.785],[77.9411,11.7591],[77.9499,11.7506],[77.9483,11.743],[77.9393,11.7467],[77.9493,11.7293],[77.9342,11.7201],[77.9272,11.7269],[77.9083,11.7263],[77.9047,11.6983],[77.9129,11.691],[77.9077,11.6848],[77.9021,11.6823]]]}},{"type":"Feature","properties":{"SUBDISTRICT":"Vazhapadi","STATE":"Tamil Nadu","shapeID":"7132399B31089248415948","source":"geoBoundaries gbOpen IND ADM3 (ODbL 1.0); source: Local Government Directory lgdirectory.gov.in via Pathways Data","DISTRICT":"Salem"},"geometry":{"type":"Polygon","coordinates":[[[78.2202,11.6601],[78.2322,11.6579],[78.2259,11.6542],[78.2254,11.6403],[78.2438,11.6385],[78.261,11.6481],[78.2567,11.6304],[78.2806,11.6479],[78.2985,11.6448],[78.3148,11.6322],[78.3216,11.6055],[78.313,11.5926],[78.3211,11.5809],[78.3189,11.5715],[78.3102,11.5722],[78.3093,11.5613],[78.3291,11.5553],[78.3236,11.5406],[78.3127,11.5395],[78.3316,11.5301],[78.3452,11.5356],[78.3452,11.5454],[78.3751,11.5842],[78.376,11.5737],[78.3832,11.5727],[78.387,11.5823],[78.4521,11.5933],[78.4356,11.6208],[78.4259,11.6202],[78.4358,11.6414],[78.4284,11.6407],[78.4257,11.6466],[78.4358,11.6817],[78.4282,11.6946],[78.4359,11.7009],[78.4351,11.6955],[78.4426,11.6961],[78.4479,11.7124],[78.4395,11.7143],[78.4386,11.7236],[78.428,11.7161],[78.4234,11.718],[78.4267,11.7216],[78.4162,11.7182],[78.4224,11.7322],[78.4356,11.7434],[78.4435,11.7429],[78.4494,11.7528],[78.4413,11.7628],[78.4397,11.7859],[78.4505,11.8003],[78.4757,11.8146],[78.4542,11.8239],[78.442,11.8371],[78.4343,11.8589],[78.4409,11.8647],[78.4236,11.8741],[78.4037,11.8699],[78.3816,11.8238],[78.3555,11.7925],[78.3292,11.7719],[78.3182,11.7772],[78.3066,11.7528],[78.3179,11.7504],[78.3105,11.727],[78.2989,11.7246],[78.2781,11.7066],[78.2506,11.7055],[78.2607,11.6936],[78.2586,11.6832],[78.2246,11.6759],[78.222,11.6636],[78.2202,11.6601]]]}},{"type":"Feature","properties":{"SUBDISTRICT":"Bhavani","STATE":"Tamil Nadu","shapeID":"7132399B56390193898907","source":"geoBoundaries gbOpen IND ADM3 (ODbL 1.0); source: Local Government Directory lgdirectory.gov.in via Pathways Data","DISTRICT":"Erode"},"geometry":{"type":"Polygon","coordinates":[[[77.5053,11.4568],[77.5185,11.3987],[77.5303,11.3916],[77.5478,11.3863],[77.5664,11.3934],[77.5887,11.4167],[77.6046,11.4147],[77.604,11.4103],[77.6153,11.4145],[77.6214,11.408],[77.6455,11.4081],[77.6401,11.4268],[77.6459,11.4653],[77.6782,11.4582],[77.6742,11.4529],[77.6859,11.4351],[77.7017,11.4791],[77.7336,11.5108],[77.7265,11.5341],[77.7472,11.5641],[77.7394,11.6019],[77.7621,11.6454],[77.7758,11.6883],[77.7712,11.6945],[77.7444,11.653],[77.7165,11.6476],[77.7186,11.6387],[77.6999,11.6325],[77.7231,11.614],[77.7187,11.5979],[77.69,11.6106],[77.6877,11.5847],[77.6773,11.5779],[77.6619,11.5861],[77.6218,11.5763],[77.6247,11.5694],[77.6353,11.5695],[77.6314,11.56],[77.6361,11.5472],[77.6117,11.5453],[77.6058,11.5346],[77.6088,11.5253],[77.5934,11.5049],[77.5751,11.5003],[77.5669,11.4846],[77.5609,11.4847],[77.5661,11.4696],[77.5878,11.4688],[77.5831,11.4483],[77.54,11.4526],[77.5219,11.4756],[77.51,11.4707],[77.5065,11.4594],[77.5053,11.4568]]]}},{"type":"Feature","properties":{"SUBDISTRICT":"Veerakeralamputhur","STATE":"Tamil Nadu","shapeID":"7132399B96600028545220","source":"geoBoundaries gbOpen IND ADM3 (ODbL 1.0); source: Local Government Directory lgdirectory.gov.in via Pathways Data","DISTRICT":"Tirunelveli Kattabo"},"geometry":{"type":"Polygon","coordinates":[[[77.3956,8.9985],[77.4143,8.974],[77.4026,8.9642],[77.4105,8.9469],[77.442,8.9276],[77.4508,8.9326],[77.4654,8.9236],[77.4692,8.9316],[77.4817,8.9318],[77.4795,8.9212],[77.494,8.9107],[77.4975,8.9148],[77.4914,8.92],[77.5163,8.9177],[77.5043,8.9199],[77.5028,8.9267],[77.5104,8.9292],[77.5174,8.9479],[77.5215,8.9332],[77.5369,8.9398],[77.5473,8.9538],[77.573,8.9539],[77.581,8.9485],[77.6,8.9522],[77.6128,8.9462],[77.6143,8.9341],[77.6232,8.9491],[77.6151,8.9534],[77.6157,8.9656],[77.6052,8.9666],[77.601,8.9871],[77.61,9.0143],[77.6272,9.0167],[77.6255,9.032],[77.6032,9.0318],[77.5881,9.0572],[77.5617,9.0688],[77.5565,9.0842],[77.5436,9.0814],[77.535,9.0873],[77.5339,9.0604],[77.5267,9.0487],[77.4918,9.0457],[77.4799,9.0273],[77.4218,9.0278],[77.3973,8.9985],[77.3956,8.9985]]]}},{"type":"Feature","properties":{"SUBDISTRICT":"Erode","STATE":"Tamil Nadu","shapeID":"7132399B62949797678694","source":"geoBoundaries gbOpen IND ADM3 (ODbL 1.0); source: Local Government Directory lgdirectory.gov.in via Pathways Data","DISTRICT":"Erode"},"geometry":{"type":"Polygon","coordinates":[[[77.616,11.2907],[77.6215,11.2859],[77.6277,11.2955],[77.6352,11.2926],[77.636,11.2979],[77.6437,11.2945],[77.649,11.2999],[77.6619,11.2929],[77.6646,11.3169],[77.6763,11.3241],[77.6828,11.3151],[77.6864,11.28],[77.6881,11.2924],[77.6946,11.296],[77.6998,11.2921],[77.7016,11.2987],[77.7304,11.3035],[77.7311,11.3183],[77.7392,11.3295],[77.7589,11.3297],[77.7526,11.3504],[77.7395,11.3647],[77.722,11.3722],[77.6846,11.4137],[77.6859,11.4351],[77.6742,11.4529],[77.6782,11.4582],[77.6459,11.4653],[77.6401,11.4268],[77.6455,11.4081],[77.6298,11.4075],[77.6196,11.3725],[77.633,11.3456],[77.6217,11.3282],[77.6167,11.2924],[77.616,11.2907]]]}},{"type":"Feature","properties":{"SUBDISTRICT":"Oddanchatram","STATE":"Tamil Nadu","shapeID":"7132399B69395777770010","source":"geoBoundaries gbOpen IND ADM3 (ODbL 1.0); source: Local Government Directory lgdirectory.gov.in via Pathways Data","DISTRICT":"Dindigul"},"geometry":{"type":"Polygon","coordinates":[[[77.5432,10.6111],[77.5585,10.6032],[77.5588,10.615],[77.5662,10.6198],[77.5954,10.6172],[77.5938,10.604],[77.6012,10.5945],[77.5935,10.5475],[77.6053,10.5404],[77.5992,10.5181],[77.6066,10.5083],[77.6064,10.4386],[77.6135,10.4152],[77.6694,10.4299],[77.6763,10.4225],[77.6695,10.4104],[77.6903,10.3888],[77.6838,10.3761],[77.6992,10.3671],[77.7145,10.3638],[77.7205,10.3685],[77.7302,10.3934],[77.7227,10.4087],[77.7598,10.4512],[77.7821,10.4659],[77.783,10.4844],[77.7955,10.4958],[77.8129,10.4985],[77.8153,10.4899],[77.8399,10.4767],[77.8444,10.5159],[77.8547,10.5207],[77.8546,10.527],[77.8876,10.5194],[77.8912,10.5304],[77.9208,10.525],[77.9092,10.5436],[77.9139,10.5628],[77.8647,10.5775],[77.8796,10.6257],[77.8489,10.6389],[77.831,10.6315],[77.8268,10.6351],[77.8137,10.6474],[77.8167,10.6807],[77.7891,10.6844],[77.7679,10.6786],[77.753,10.6674],[77.7558,10.6498],[77.7434,10.6371],[77.7298,10.6299],[77.7197,10.6318],[77.7227,10.6411],[77.7147,10.6409],[77.6993,10.6649],[77.7097,10.687],[77.7066,10.718],[77.6978,10.7326],[77.6895,10.7334],[77.6645,10.7147],[77.6559,10.6736],[77.6304,10.6685],[77.5852,10.6822],[77.5723,10.6573],[77.5485,10.6343],[77.5437,10.6119],[77.5432,10.6111]]]}},{"type":"Feature","properties":{"SUBDISTRICT":"Kodaikanal","STATE":"Tamil Nadu","shapeID":"7132399B7872401541811","source":"geoBoundaries gbOpen IND ADM3 (ODbL 1.0); source: Local Government Directory lgdirectory.gov.in via Pathways Data","DISTRICT":"Dindigul"},"geometry":{"type":"Polygon","coordinates":[[[77.2676,10.1205],[77.2835,10.116],[77.2842,10.1238],[77.3042,10.135],[77.3249,10.1251],[77.3304,10.1384],[77.3433,10.1322],[77.3619,10.1469],[77.3719,10.1364],[77.3945,10.1587],[77.4079,10.154],[77.411,10.1427],[77.424,10.1354],[77.4647,10.1275],[77.4681,10.1431],[77.4845,10.151],[77.4895,10.1456],[77.5004,10.1603],[77.5131,10.1595],[77.5236,10.1741],[77.5367,10.1787],[77.5378,10.1864],[77.546,10.1803],[77.5443,10.1915],[77.5511,10.1894],[77.5477,10.203],[77.5681,10.1913],[77.5685,10.1795],[77.5883,10.1931],[77.5962,10.1922],[77.6019,10.1986],[77.5954,10.2031],[77.6228,10.2152],[77.6651,10.1887],[77.6851,10.2004],[77.6946,10.1977],[77.7075,10.2221],[77.7063,10.2351],[77.6593,10.2596],[77.6576,10.2653],[77.669,10.2618],[77.6736,10.2718],[77.6991,10.2737],[77.7031,10.2853],[77.7327,10.3044],[77.7374,10.3254],[77.7203,10.3438],[77.7205,10.3685],[77.7136,10.3638],[77.6843,10.3753],[77.6903,10.3888],[77.6695,10.4104],[77.6763,10.4225],[77.6694,10.4299],[77.6611,10.4286],[77.6116,10.4154],[77.5895,10.3938],[77.5696,10.395],[77.5399,10.3843],[77.509,10.364],[77.5006,10.3688],[77.4997,10.3605],[77.4812,10.3645],[77.4661,10.3449],[77.468,10.3689],[77.4375,10.3643],[77.4373,10.3715],[77.4301,10.3736],[77.3319,10.3553],[77.334,10.3321],[77.3262,10.3191],[77.3468,10.2894],[77.3478,10.2626],[77.3255,10.2719],[77.3257,10.2623],[77.3091,10.2439],[77.3035,10.2424],[77.297,10.2509],[77.289,10.2297],[77.2946,10.2164],[77.2839,10.2059],[77.2786,10.1889],[77.2741,10.1282],[77.2693,10.1254],[77.2676,10.1205]]]}},{"type":"Feature","properties":{"SUBDISTRICT":"Shenkottai","STATE":"Tamil Nadu","shapeID":"7132399B24131458051271","source":"geoBoundaries gbOpen IND ADM3 (ODbL 1.0); source: Local Government Directory lgdirectory.gov.in via Pathways Data","DISTRICT":"Tirunelveli Kattabo"},"geometry":{"type":"Polygon","coordinates":[[[77.1493,9.0202],[77.1514,9.0084],[77.1604,9.0063],[77.1806,8.9708],[77.1976,8.9555],[77.1967,8.9294],[77.2023,8.9186],[77.2143,8.9368],[77.2254,8.9344],[77.2334,8.9511],[77.2483,8.9417],[77.2613,8.9614],[77.276,8.9586],[77.286,8.9699],[77.3039,8.9642],[77.2589,8.9896],[77.2788,9.0029],[77.3074,8.9984],[77.3112,9.0099],[77.3053,9.0221],[77.3189,9.0223],[77.3126,9.0347],[77.321,9.0404],[77.3205,9.0497],[77.3058,9.0512],[77.3094,9.0664],[77.2995,9.0756],[77.249,9.103],[77.2559,9.0933],[77.2457,9.0798],[77.2583,9.066],[77.2479,9.0653],[77.2495,9.0712],[77.2356,9.0738],[77.2394,9.0865],[77.2327,9.0961],[77.2428,9.1228],[77.2129,9.097],[77.1992,9.0451],[77.1708,9.045],[77.1536,9.0215],[77.1493,9.0202]]]}},{"type":"Feature","properties":{"SUBDISTRICT":"Udumalaipettai","STATE":"Tamil Nadu","shapeID":"7132399B10796716268348","source":"geoBoundaries gbOpen IND ADM3 (ODbL 1.0); source: Local Government Directory lgdirectory.gov.in via Pathways Data","DISTRICT":"Coimbatore"},"geometry":{"type":"Polygon","coordinates":[[[77.0499,10.4389],[77.0534,10.4261],[77.095,10.3938],[77.098,10.3669],[77.0887,10.3525],[77.0904,10.3397],[77.0982,10.3383],[77.1037,10.3206],[77.1128,10.3132],[77.1764,10.3552],[77.2358,10.3493],[77.2282,10.3148],[77.2645,10.2629],[77.2588,10.2543],[77.2606,10.2297],[77.2696,10.2347],[77.289,10.2297],[77.297,10.2509],[77.3035,10.2424],[77.3091,10.2439],[77.3257,10.2623],[77.3255,10.2719],[77.343,10.2606],[77.3505,10.2758],[77.3421,10.2994],[77.3262,10.3191],[77.3361,10.3533],[77.315,10.355],[77.3137,10.362],[77.3232,10.4266],[77.3211,10.4542],[77.3097,10.4575],[77.3249,10.471],[77.3249,10.5014],[77.2925,10.5116],[77.3015,10.5142],[77.3162,10.5434],[77.3179,10.5845],[77.3059,10.5921],[77.2864,10.5899],[77.2877,10.6313],[77.2515,10.633],[77.2343,10.609],[77.2241,10.619],[77.2268,10.6366],[77.2162,10.6383],[77.2114,10.6308],[77.1754,10.6263],[77.1674,10.5928],[77.158,10.5879],[77.0897,10.5874],[77.0734,10.5476],[77.0801,10.5062],[77.0656,10.4927],[77.0804,10.4744],[77.0501,10.4408],[77.0499,10.4389]]]}},{"type":"Feature","properties":{"SUBDISTRICT":"Madathukulam","STATE":"Tamil Nadu","shapeID":"7132399B29865685390716","source":"geoBoundaries gbOpen IND ADM3 (ODbL 1.0); source: Local Government Directory lgdirectory.gov.in via Pathways Data","DISTRICT":"Coimbatore"},"geometry":{"type":"Polygon","coordinates":[[[77.1309,10.752],[77.1404,10.722],[77.1455,10.6609],[77.1536,10.6521],[77.1815,10.647],[77.1754,10.6263],[77.2268,10.6366],[77.2241,10.619],[77.2343,10.609],[77.2515,10.633],[77.2877,10.6313],[77.2864,10.5899],[77.3059,10.5921],[77.3179,10.5845],[77.3162,10.5434],[77.3015,10.5142],[77.2925,10.5116],[77.3249,10.5014],[77.3249,10.471],[77.3097,10.4575],[77.3211,10.4542],[77.322,10.434],[77.3272,10.4336],[77.3247,10.4496],[77.3336,10.4552],[77.353,10.4456],[77.385,10.4493],[77.3804,10.4909],[77.4007,10.4983],[77.4051,10.5221],[77.3781,10.5248],[77.3678,10.5433],[77.3876,10.5951],[77.4175,10.6252],[77.4017,10.6362],[77.3978,10.652],[77.3647,10.6518],[77.3593,10.6607],[77.363,10.6713],[77.3489,10.6959],[77.322,10.6899],[77.3139,10.7488],[77.3021,10.752],[77.2977,10.7779],[77.28,10.7876],[77.2629,10.7803],[77.2291,10.7791],[77.2091,10.7919],[77.2158,10.8046],[77.1783,10.7991],[77.17,10.8032],[77.159,10.7935],[77.1501,10.7659],[77.1325,10.7539],[77.1309,10.752]]]}},{"type":"Feature","properties":{"SUBDISTRICT":"Usilampatti","STATE":"Tamil Nadu","shapeID":"7132399B3313398699861","source":"geoBoundaries gbOpen IND ADM3 (ODbL 1.0); source: Local Government Directory lgdirectory.gov.in via Pathways Data","DISTRICT":"Madurai"},"geometry":{"type":"Polygon","coordinates":[[[77.6744,9.9595],[77.6791,9.9398],[77.7232,9.9343],[77.7391,9.9172],[77.7471,9.8878],[77.7586,9.8717],[77.7709,9.8777],[77.7754,9.8679],[77.7957,9.8693],[77.7991,9.8647],[77.8045,9.8918],[77.8149,9.8945],[77.8439,9.8819],[77.8576,9.8603],[77.8673,9.859],[77.8696,9.8663],[77.8792,9.8682],[77.8765,9.8815],[77.8902,9.8933],[77.8884,9.9158],[77.9013,9.9213],[77.9348,9.9096],[77.9514,9.9104],[77.9652,9.9255],[77.9678,9.9342],[77.9567,9.9522],[77.9691,9.9685],[77.9827,9.9606],[77.9849,9.9767],[77.9704,9.988],[77.9677,9.9809],[77.9516,9.987],[77.9314,10.016],[77.9066,10.0285],[77.8955,10.0531],[77.8894,10.0536],[77.8871,10.0673],[77.8767,10.0591],[77.8608,10.0749],[77.8084,10.0664],[77.7822,10.0498],[77.7642,10.0554],[77.7626,10.0463],[77.7502,10.0441],[77.7212,10.0179],[77.711,10.0202],[77.6982,10.0129],[77.6933,9.9677],[77.683,9.9689],[77.6757,9.9618],[77.6744,9.9595]]]}},{"type":"Feature","properties":{"SUBDISTRICT":"Peraiyur","STATE":"Tamil Nadu","shapeID":"7132399B45480079116838","source":"geoBoundaries gbOpen IND ADM3 (ODbL 1.0); source: Local Government Directory lgdirectory.gov.in via Pathways Data","DISTRICT":"Madurai"},"geometry":{"type":"MultiPolygon","coordinates":[[[[77.4644,9.5789],[77.4784,9.5626],[77.4942,9.5722],[77.5165,9.6121],[77.5275,9.6479],[77.5441,9.6597],[77.5447,9.6458],[77.5511,9.6446],[77.5793,9.6683],[77.5866,9.666],[77.6113,9.6978],[77.6171,9.6945],[77.6307,9.7065],[77.6442,9.7053],[77.6523,9.6818],[77.6694,9.6767],[77.6851,9.6778],[77.6956,9.6968],[77.7088,9.6905],[77.7111,9.7038],[77.7253,9.6932],[77.7629,9.6836],[77.7762,9.6404],[77.7929,9.6386],[77.7969,9.6484],[77.8438,9.6355],[77.8476,9.6502],[77.8915,9.6418],[77.8948,9.6545],[77.8821,9.6721],[77.897,9.6991],[77.8891,9.7101],[77.9233,9.7168],[77.9275,9.7084],[77.9375,9.7072],[77.9365,9.7175],[77.9478,9.737],[77.9123,9.7465],[77.9172,9.7912],[77.8917,9.7983],[77.8815,9.7792],[77.8707,9.7727],[77.8101,9.7885],[77.812,9.8134],[77.8173,9.8182],[77.8582,9.8184],[77.8533,9.8298],[77.8391,9.8365],[77.8524,9.8463],[77.8583,9.8653],[77.8439,9.8819],[77.8252,9.8929],[77.8081,9.8945],[77.8016,9.8843],[77.8016,9.8652],[77.7754,9.8679],[77.7709,9.8777],[77.7586,9.8717],[77.7471,9.8878],[77.7391,9.9172],[77.7232,9.9343],[77.6791,9.9398],[77.668,9.9119],[77.6574,9.9185],[77.6497,9.8907],[77.6226,9.8634],[77.6184,9.8377],[77.6279,9.8359],[77.6186,9.807],[77.6003,9.7767],[77.5695,9.7478],[77.5368,9.6761],[77.526,9.6607],[77.5051,9.6494],[77.5059,9.6364],[77.469,9.5856],[77.4644,9.5789]]],[[[77.8464,9.8037],[77.8531,9.7953],[77.8556,9.8037],[77.8491,9.8053],[77.8464,9.8037]]]]}},{"type":"Feature","properties":{"SUBDISTRICT":"Kundah","STATE":"Tamil Nadu","shapeID":"7132399B15866165710064","source":"geoBoundaries gbOpen IND ADM3 (ODbL 1.0); source: Local Government Directory lgdirectory.gov.in via Pathways Data","DISTRICT":"Nilgiris"},"geometry":{"type":"Polygon","coordinates":[[[76.447,11.2017],[76.4618,11.1874],[76.4756,11.1933],[76.4749,11.206],[76.4968,11.21],[76.5152,11.2093],[76.5305,11.1976],[76.6029,11.205],[76.6327,11.1932],[76.678,11.2183],[76.6891,11.2347],[76.7068,11.239],[76.7041,11.257],[76.6817,11.2706],[76.7091,11.2729],[76.6989,11.2826],[76.7059,11.2978],[76.6965,11.3166],[76.7041,11.3243],[76.6942,11.3415],[76.6977,11.3532],[76.6776,11.3699],[76.6381,11.3512],[76.6216,11.3319],[76.6011,11.333],[76.5819,11.3232],[76.5491,11.33],[76.5376,11.3108],[76.5395,11.3031],[76.5493,11.2997],[76.531,11.2885],[76.5226,11.2693],[76.4553,11.2376],[76.4518,11.2073],[76.447,11.2017]]]}},{"type":"Feature","properties":{"SUBDISTRICT":"Tirukkoyilur","STATE":"Tamil Nadu","shapeID":"7132399B74161632644972","source":"geoBoundaries gbOpen IND ADM3 (ODbL 1.0); source: Local Government Directory lgdirectory.gov.in via Pathways Data","DISTRICT":"Villupuram"},"geometry":{"type":"Polygon","coordinates":[[[78.9944,12.062],[78.9953,12.0498],[79.0162,12.0488],[79.0412,12.0315],[79.0434,12.0233],[79.0754,12.0044],[79.0966,12.0033],[79.0871,11.9922],[79.0727,11.9941],[79.0748,11.9829],[79.0885,11.9772],[79.0899,11.9675],[79.0831,11.9653],[79.077,11.9317],[79.072,11.923],[79.0668,11.9246],[79.0633,11.911],[79.0796,11.8997],[79.0776,11.8847],[79.0907,11.8802],[79.0884,11.8604],[79.0964,11.851],[79.1054,11.8499],[79.1158,11.8593],[79.1297,11.8558],[79.1407,11.8705],[79.1437,11.8609],[79.1514,11.8631],[79.1646,11.8526],[79.1812,11.8556],[79.1944,11.8493],[79.2251,11.858],[79.2326,11.8748],[79.2445,11.8722],[79.2557,11.8827],[79.2785,11.8727],[79.2893,11.905],[79.2598,11.9095],[79.2865,11.9421],[79.2427,11.9524],[79.2137,11.9755],[79.1884,11.9744],[79.1932,11.9874],[79.1731,11.996],[79.1745,12.0308],[79.1496,12.0425],[79.1398,12.0389],[79.1278,12.0199],[79.0843,12.0293],[79.0786,12.0463],[79.0892,12.0442],[79.0991,12.0651],[79.0868,12.0801],[79.0663,12.0698],[79.0622,12.061],[79.0684,12.0533],[79.0606,12.0511],[79.0517,12.0359],[79.0245,12.0466],[79.0214,12.055],[79.0312,12.0637],[78.9973,12.0674],[78.9944,12.062]]]}},{"type":"Feature","properties":{"SUBDISTRICT":"Gummidipoondi","STATE":"Tamil Nadu","shapeID":"7132399B88444189085541","source":"geoBoundaries gbOpen IND ADM3 (ODbL 1.0); source: Local Government Directory lgdirectory.gov.in via Pathways Data","DISTRICT":"Thiruvallur"},"geometry":{"type":"Polygon","coordinates":[[[79.9322,13.3962],[79.9525,13.3821],[79.9527,13.3711],[79.9382,13.349],[79.9994,13.3499],[80.0062,13.3217],[80.0258,13.3266],[80.0443,13.3107],[80.047,13.3237],[80.0828,13.3306],[80.0832,13.3458],[80.093,13.3577],[80.1431,13.3365],[80.1408,13.3303],[80.154,13.3187],[80.1726,13.3186],[80.1727,13.3355],[80.1487,13.3664],[80.157,13.3799],[80.1447,13.389],[80.1861,13.406],[80.1825,13.3878],[80.201,13.3854],[80.2051,13.3991],[80.2031,13.4128],[80.1928,13.4195],[80.1983,13.4283],[80.1929,13.4381],[80.1728,13.439],[80.1757,13.466],[80.1883,13.4675],[80.179,13.477],[80.179,13.4939],[80.1574,13.4903],[80.1401,13.5054],[80.1323,13.502],[80.1129,13.5089],[80.1089,13.4901],[80.0805,13.4911],[80.08,13.5257],[80.0883,13.5357],[80.0813,13.5501],[80.0635,13.5435],[80.0579,13.535],[80.03,13.5381],[80.0202,13.5453],[80.0021,13.5396],[80.0026,13.523],[80.0187,13.528],[80.0261,13.5169],[80.0453,13.5149],[80.0486,13.4975],[80.0184,13.5007],[80.0079,13.4724],[80.0,13.4749],[79.9744,13.4642],[79.9758,13.4309],[79.9634,13.4211],[79.9485,13.4225],[79.944,13.3996],[79.9325,13.3976],[79.9322,13.3962]]]}},{"type":"Feature","properties":{"SUBDISTRICT":"Thiruvallur","STATE":"Tamil Nadu","shapeID":"7132399B2210267790957","source":"geoBoundaries gbOpen IND ADM3 (ODbL 1.0); source: Local Government Directory lgdirectory.gov.in via Pathways Data","DISTRICT":"Thiruvallur"},"geometry":{"type":"MultiPolygon","coordinates":[[[[79.7339,13.2849],[79.7344,13.2784],[79.7976,13.2364],[79.7904,13.1981],[79.7832,13.1901],[79.7604,13.1852],[79.7907,13.1671],[79.7959,13.1374],[79.8122,13.1321],[79.8126,13.1094],[79.8232,13.106],[79.8055,13.0795],[79.8093,13.0672],[79.8034,13.0621],[79.8097,13.0554],[79.7975,13.0432],[79.807,13.0355],[79.8066,13.0286],[79.7983,13.0266],[79.8011,13.0148],[79.809,13.0168],[79.8194,13.0003],[79.8145,12.9903],[79.8222,12.988],[79.8222,12.9668],[79.837,12.9638],[79.8355,12.9589],[79.8526,12.9501],[79.8945,12.9464],[79.9158,12.977],[79.8934,12.9905],[79.8964,12.9947],[79.9118,13.0031],[79.9284,12.9907],[79.9398,12.9947],[79.9432,13.003],[79.9213,13.0192],[79.9041,13.0149],[79.897,13.0344],[79.903,13.0508],[79.9208,13.0481],[79.9249,13.0351],[79.9702,13.0382],[79.9703,13.0474],[79.9883,13.0569],[79.9732,13.0722],[79.9768,13.0923],[79.9877,13.1057],[79.9966,13.1],[80.0074,13.1071],[80.0048,13.1206],[80.012,13.1205],[80.012,13.1326],[80.0395,13.1376],[80.0395,13.1622],[80.0288,13.1787],[80.031,13.1915],[80.0649,13.2078],[80.1069,13.205],[80.1085,13.2208],[80.1172,13.2202],[80.1151,13.2339],[80.1058,13.2317],[80.0902,13.2105],[80.0805,13.2126],[80.0928,13.2312],[80.0529,13.2424],[80.0465,13.2425],[80.0443,13.2284],[80.0023,13.2267],[80.0035,13.2458],[80.0158,13.2422],[80.0262,13.2563],[80.0335,13.2494],[80.0254,13.2459],[80.0311,13.2447],[80.0404,13.2474],[80.0426,13.256],[80.0324,13.2553],[80.0298,13.2649],[79.9983,13.2753],[79.9722,13.2597],[79.9736,13.2322],[79.9584,13.2199],[79.934,13.2207],[79.9342,13.2364],[79.9244,13.2379],[79.929,13.2234],[79.9251,13.2149],[79.908,13.2108],[79.892,13.216],[79.8899,13.2236],[79.8614,13.2247],[79.8598,13.2124],[79.8659,13.2073],[79.8617,13.2039],[79.8473,13.2159],[79.8362,13.216],[79.8416,13.2306],[79.8303,13.2399],[79.8092,13.2261],[79.7986,13.2451],[79.7981,13.2936],[79.7666,13.3155],[79.7587,13.2927],[79.7356,13.2855],[79.7339,13.2849]]],[[[79.9779,13.0399],[79.9834,13.0327],[79.9935,13.0351],[79.9919,13.0518],[79.9819,13.0478],[79.9779,13.0399]]]]}},{"type":"Feature","properties":{"SUBDISTRICT":"Mathavaram","STATE":"Tamil Nadu","shapeID":"7132399B7688866490577","source":"geoBoundaries gbOpen IND ADM3 (ODbL 1.0); source: Local Government Directory lgdirectory.gov.in via Pathways Data","DISTRICT":"Thiruvallur"},"geometry":{"type":"Polygon","coordinates":[[[80.1334,13.1543],[80.1436,13.1413],[80.1577,13.1437],[80.1636,13.1364],[80.1672,13.1424],[80.1787,13.1372],[80.1848,13.1407],[80.203,13.1258],[80.2434,13.1273],[80.2425,13.1413],[80.2533,13.1475],[80.263,13.1404],[80.2995,13.1416],[80.315,13.1728],[80.3325,13.2363],[80.3174,13.2327],[80.3138,13.2488],[80.3174,13.2266],[80.3063,13.2152],[80.3092,13.2021],[80.3019,13.1943],[80.2526,13.205],[80.2451,13.1976],[80.2132,13.2131],[80.2028,13.2078],[80.1906,13.2125],[80.1809,13.1948],[80.1583,13.1847],[80.1698,13.168],[80.1561,13.1572],[80.1347,13.153],[80.1334,13.1543]]]}},{"type":"Feature","properties":{"SUBDISTRICT":"Tirukalukundram","STATE":"Tamil Nadu","shapeID":"7132399B76741852808784","source":"geoBoundaries gbOpen IND ADM3 (ODbL 1.0); source: Local Government Directory lgdirectory.gov.in via Pathways Data","DISTRICT":"Kancheepuram"},"geometry":{"type":"Polygon","coordinates":[[[79.9447,12.6081],[79.9606,12.5878],[79.9729,12.5535],[80.0035,12.5386],[80.0122,12.5145],[80.0562,12.4947],[80.1034,12.4833],[80.1297,12.4711],[80.1391,12.4598],[80.1567,12.4733],[80.1662,12.5255],[80.1791,12.5499],[80.2049,12.6414],[80.1873,12.6131],[80.1561,12.6164],[80.1396,12.6093],[80.1185,12.6279],[80.1063,12.6169],[80.1001,12.6262],[80.079,12.6318],[80.0804,12.6167],[80.0715,12.6175],[80.0727,12.6081],[80.0686,12.6163],[80.0553,12.6132],[80.0511,12.6332],[80.0319,12.6411],[80.0324,12.6483],[80.0428,12.6529],[80.0366,12.6616],[80.0451,12.6683],[80.035,12.6641],[80.0068,12.6683],[79.9998,12.6528],[79.9802,12.6571],[79.9788,12.6378],[79.9628,12.625],[79.9652,12.6184],[79.9453,12.6222],[79.9459,12.6087],[79.9447,12.6081]]]}},{"type":"Feature","properties":{"SUBDISTRICT":"Maduranthakam","STATE":"Tamil Nadu","shapeID":"7132399B73510434293053","source":"geoBoundaries gbOpen IND ADM3 (ODbL 1.0); source: Local Government Directory lgdirectory.gov.in via Pathways Data","DISTRICT":"Kancheepuram"},"geometry":{"type":"Polygon","coordinates":[[[79.6446,12.3548],[79.6448,12.3452],[79.66,12.3258],[79.6853,12.3162],[79.7012,12.326],[79.7026,12.3345],[79.718,12.336],[79.7525,12.3244],[79.7833,12.34],[79.7992,12.3362],[79.803,12.3273],[79.8123,12.358],[79.8002,12.3693],[79.7974,12.3844],[79.8063,12.3928],[79.8362,12.3892],[79.8455,12.4142],[79.8247,12.4219],[79.8159,12.43],[79.8181,12.437],[79.8282,12.4484],[79.8477,12.4429],[79.8577,12.4567],[79.8669,12.445],[79.8606,12.4385],[79.8677,12.4364],[79.8662,12.4431],[79.8716,12.4441],[79.8966,12.4347],[79.8941,12.4252],[79.9,12.421],[79.8952,12.4078],[79.9078,12.4043],[79.9027,12.3963],[79.9034,12.363],[79.926,12.3635],[79.9265,12.3554],[79.9501,12.3489],[79.9507,12.3401],[79.964,12.3421],[79.9709,12.336],[79.9727,12.3434],[79.9881,12.3376],[79.9854,12.3588],[79.9993,12.3865],[80.0012,12.4303],[79.9877,12.4339],[79.9749,12.4119],[79.9678,12.4229],[79.9716,12.4295],[79.9588,12.4373],[79.9632,12.4474],[79.9837,12.4313],[79.9648,12.4566],[79.9775,12.4667],[79.9826,12.4956],[79.9958,12.5069],[79.9864,12.5237],[80.0121,12.5243],[80.0035,12.5386],[79.9729,12.5535],[79.9606,12.5878],[79.9477,12.5987],[79.9419,12.6224],[79.9539,12.6901],[79.9445,12.6987],[79.9174,12.692],[79.9264,12.6286],[79.8986,12.6368],[79.8935,12.6285],[79.8699,12.6221],[79.8482,12.6272],[79.8255,12.6164],[79.8066,12.6242],[79.8166,12.6031],[79.8146,12.5836],[79.8238,12.5621],[79.7982,12.5639],[79.7938,12.5566],[79.7828,12.5581],[79.7782,12.5485],[79.7659,12.5474],[79.7559,12.5583],[79.7564,12.5404],[79.7471,12.53],[79.7569,12.5116],[79.739,12.4953],[79.7277,12.5007],[79.7242,12.4948],[79.747,12.4828],[79.75,12.455],[79.7386,12.4537],[79.7333,12.4463],[79.7396,12.4332],[79.7358,12.4278],[79.7173,12.4359],[79.7153,12.4275],[79.7045,12.4297],[79.7056,12.4133],[79.6907,12.4176],[79.6985,12.4085],[79.6964,12.3982],[79.6636,12.3826],[79.6678,12.3712],[79.6465,12.3594],[79.6446,12.3548]]]}},{"type":"Feature","properties":{"SUBDISTRICT":"Cheyyur","STATE":"Tamil Nadu","shapeID":"7132399B67041984273125","source":"geoBoundaries gbOpen IND ADM3 (ODbL 1.0); source: Local Government Directory lgdirectory.gov.in via Pathways Data","DISTRICT":"Kancheepuram"},"geometry":{"type":"Polygon","coordinates":[[[79.7964,12.3815],[79.8123,12.358],[79.8034,12.3265],[79.8298,12.308],[79.8429,12.2891],[79.8427,12.2784],[79.8622,12.2625],[79.8707,12.2443],[79.9001,12.2293],[79.9163,12.2337],[79.9255,12.2299],[79.9261,12.2465],[79.9451,12.2424],[79.9553,12.2311],[79.9711,12.237],[79.9763,12.2295],[79.9971,12.2519],[80.0067,12.2546],[80.034,12.3025],[80.1146,12.4041],[80.1556,12.4668],[80.1563,12.4726],[80.1343,12.461],[80.1348,12.4668],[80.1211,12.4755],[80.0485,12.4976],[80.0122,12.5145],[80.0121,12.5243],[79.993,12.5258],[79.9851,12.5216],[79.9958,12.5069],[79.9826,12.4956],[79.9775,12.4667],[79.9648,12.4566],[79.9844,12.433],[79.9632,12.4474],[79.9588,12.4373],[79.9716,12.4295],[79.9678,12.4229],[79.9749,12.4119],[79.9877,12.4339],[80.0012,12.4303],[79.9993,12.3865],[79.9854,12.3588],[79.9876,12.3369],[79.9727,12.3434],[79.9709,12.336],[79.964,12.3421],[79.9507,12.3401],[79.9501,12.3489],[79.9265,12.3554],[79.926,12.3635],[79.9034,12.363],[79.9027,12.3963],[79.9078,12.4043],[79.8952,12.4078],[79.9,12.421],[79.8941,12.4252],[79.8966,12.4347],[79.8716,12.4441],[79.8662,12.4431],[79.8677,12.4364],[79.8606,12.4385],[79.8669,12.445],[79.8577,12.4567],[79.8477,12.4429],[79.8282,12.4484],[79.8165,12.4329],[79.8321,12.417],[79.8455,12.4142],[79.8362,12.3892],[79.8063,12.3928],[79.7974,12.3844],[79.7964,12.3815]]]}},{"type":"Feature","properties":{"SUBDISTRICT":"Katpadi","STATE":"Tamil Nadu","shapeID":"7132399B56096943093890","source":"geoBoundaries gbOpen IND ADM3 (ODbL 1.0); source: Local Government Directory lgdirectory.gov.in via Pathways Data","DISTRICT":"Vellore"},"geometry":{"type":"Polygon","coordinates":[[[79.0845,12.9407],[79.1503,12.9423],[79.178,12.9579],[79.2583,12.9525],[79.2618,12.9614],[79.2716,12.9616],[79.2718,12.9957],[79.2809,13.0082],[79.2859,13.036],[79.2959,13.0479],[79.2747,13.0876],[79.2945,13.103],[79.2858,13.1197],[79.2835,13.1499],[79.2687,13.1484],[79.2594,13.1599],[79.2489,13.1386],[79.2304,13.1473],[79.2268,13.1394],[79.2346,13.1278],[79.2305,13.1157],[79.2196,13.1032],[79.2011,13.0964],[79.1845,13.0555],[79.1892,13.0452],[79.1829,13.0275],[79.165,13.0191],[79.1314,13.0343],[79.1165,13.0359],[79.1053,13.0298],[79.1067,13.0189],[79.0969,13.015],[79.0869,12.9886],[79.0949,12.9474],[79.0846,12.9421],[79.0845,12.9407]]]}},{"type":"Feature","properties":{"SUBDISTRICT":"Wallajah","STATE":"Tamil Nadu","shapeID":"7132399B37844281159237","source":"geoBoundaries gbOpen IND ADM3 (ODbL 1.0); source: Local Government Directory lgdirectory.gov.in via Pathways Data","DISTRICT":"Vellore"},"geometry":{"type":"Polygon","coordinates":[[[79.1609,12.9146],[79.1749,12.9161],[79.1755,12.909],[79.1894,12.9204],[79.1987,12.9092],[79.205,12.9161],[79.2306,12.9218],[79.2751,12.9181],[79.27,12.8945],[79.2494,12.8946],[79.2472,12.9003],[79.2223,12.8903],[79.2432,12.8724],[79.2356,12.8541],[79.2611,12.8507],[79.2663,12.8442],[79.2737,12.8665],[79.2818,12.8716],[79.3106,12.8708],[79.3131,12.8572],[79.3218,12.8629],[79.3203,12.8796],[79.3113,12.8824],[79.3149,12.898],[79.3017,12.8998],[79.3184,12.9076],[79.3221,12.918],[79.3546,12.9017],[79.3746,12.8758],[79.3879,12.8686],[79.4332,12.8796],[79.4633,12.8743],[79.4624,12.9054],[79.4483,12.9113],[79.4428,12.9272],[79.4506,12.961],[79.4093,12.9712],[79.3841,12.9654],[79.364,12.9847],[79.3574,12.9728],[79.3531,12.9867],[79.3371,12.9993],[79.3297,13.0321],[79.309,13.0402],[79.3125,13.0743],[79.3249,13.0704],[79.3253,13.0773],[79.3063,13.0841],[79.2945,13.103],[79.2747,13.0876],[79.2961,13.0507],[79.2718,12.9957],[79.2716,12.9616],[79.2618,12.9614],[79.2581,12.9524],[79.2149,12.9565],[79.2134,12.9446],[79.1917,12.9344],[79.1853,12.9215],[79.1626,12.9154],[79.1609,12.9146]]]}},{"type":"Feature","properties":{"SUBDISTRICT":"Arcot","STATE":"Tamil Nadu","shapeID":"7132399B2011993583538","source":"geoBoundaries gbOpen IND ADM3 (ODbL 1.0); source: Local Government Directory lgdirectory.gov.in via Pathways Data","DISTRICT":"Vellore"},"geometry":{"type":"Polygon","coordinates":[[[79.1822,12.8554],[79.193,12.8415],[79.1836,12.8197],[79.197,12.7926],[79.2094,12.784],[79.2267,12.792],[79.2298,12.7883],[79.2458,12.8067],[79.2516,12.8058],[79.255,12.8219],[79.2628,12.8175],[79.2656,12.7888],[79.2887,12.7793],[79.2883,12.7558],[79.2984,12.7462],[79.3112,12.7455],[79.3362,12.7808],[79.3302,12.7877],[79.3328,12.7986],[79.3231,12.8096],[79.3335,12.8329],[79.3733,12.8033],[79.3803,12.7845],[79.4062,12.786],[79.4028,12.7982],[79.4218,12.8041],[79.4399,12.801],[79.4461,12.7872],[79.465,12.7856],[79.4633,12.8001],[79.477,12.7972],[79.4753,12.8064],[79.4573,12.8103],[79.4624,12.8277],[79.4595,12.8456],[79.4742,12.8505],[79.474,12.8715],[79.4332,12.8796],[79.3879,12.8686],[79.3746,12.8758],[79.3546,12.9017],[79.3221,12.918],[79.3184,12.9076],[79.3017,12.8998],[79.3149,12.898],[79.3113,12.8824],[79.3203,12.8796],[79.3218,12.8629],[79.3131,12.8572],[79.3106,12.8708],[79.2818,12.8716],[79.2737,12.8665],[79.2663,12.8442],[79.2611,12.8507],[79.2356,12.8541],[79.2432,12.8724],[79.2223,12.8903],[79.2472,12.9003],[79.2494,12.8946],[79.27,12.8945],[79.2751,12.9181],[79.2306,12.9218],[79.205,12.9161],[79.1987,12.9092],[79.1855,12.9197],[79.1875,12.9124],[79.2099,12.8974],[79.1924,12.8929],[79.1828,12.8577],[79.1822,12.8554]]]}},{"type":"Feature","properties":{"SUBDISTRICT":"Vellore","STATE":"Tamil Nadu","shapeID":"7132399B95763989856843","source":"geoBoundaries gbOpen IND ADM3 (ODbL 1.0); source: Local Government Directory lgdirectory.gov.in via Pathways Data","DISTRICT":"Vellore"},"geometry":{"type":"MultiPolygon","coordinates":[[[[79.0493,12.924],[79.0518,12.9253],[79.0503,12.9247],[79.0493,12.924]]],[[[78.9711,12.8083],[79.0257,12.7076],[79.0106,12.6565],[79.0161,12.6567],[79.034,12.6931],[79.0562,12.7178],[79.0583,12.7359],[79.0752,12.7518],[79.1237,12.7578],[79.1626,12.7509],[79.1613,12.7681],[79.1661,12.77],[79.1668,12.7609],[79.1754,12.7584],[79.176,12.7439],[79.1881,12.7475],[79.2065,12.7399],[79.215,12.76],[79.2076,12.7875],[79.1942,12.796],[79.1836,12.8197],[79.193,12.8415],[79.1822,12.8554],[79.1924,12.8929],[79.2099,12.8974],[79.1875,12.9124],[79.1855,12.9197],[79.1755,12.909],[79.1749,12.9161],[79.1609,12.9146],[79.1853,12.9215],[79.1917,12.9344],[79.2134,12.9446],[79.2149,12.9565],[79.178,12.9579],[79.1512,12.9425],[79.0837,12.9407],[79.0547,12.928],[79.0621,12.9064],[79.0929,12.9068],[79.0918,12.8938],[79.1004,12.8748],[79.0822,12.8718],[79.0716,12.847],[79.062,12.8482],[79.0572,12.8276],[79.0453,12.8247],[79.0309,12.8335],[79.0151,12.8239],[78.9985,12.8253],[78.9886,12.8129],[78.972,12.8088],[78.9711,12.8083]]]]}},{"type":"Feature","properties":{"SUBDISTRICT":"Vaniyambadi","STATE":"Tamil Nadu","shapeID":"7132399B34101845962718","source":"geoBoundaries gbOpen IND ADM3 (ODbL 1.0); source: Local Government Directory lgdirectory.gov.in via Pathways Data","DISTRICT":"Vellore"},"geometry":{"type":"Polygon","coordinates":[[[78.4912,12.7407],[78.5053,12.7219],[78.5222,12.7125],[78.5156,12.704],[78.5051,12.7142],[78.5047,12.7044],[78.498,12.7012],[78.5088,12.6872],[78.5006,12.6745],[78.527,12.6585],[78.5334,12.6455],[78.5543,12.6658],[78.5565,12.6589],[78.5782,12.6562],[78.5992,12.6642],[78.6066,12.6512],[78.5958,12.6334],[78.6039,12.613],[78.6151,12.6159],[78.6248,12.6283],[78.6363,12.6286],[78.6513,12.6141],[78.6501,12.6031],[78.674,12.6024],[78.6887,12.6088],[78.6932,12.6052],[78.683,12.5955],[78.7188,12.5876],[78.7237,12.5935],[78.7414,12.5939],[78.749,12.5787],[78.7742,12.5826],[78.7701,12.5527],[78.7546,12.5536],[78.7592,12.5446],[78.7439,12.5237],[78.7291,12.5188],[78.7248,12.4991],[78.7024,12.519],[78.6857,12.5125],[78.67,12.4833],[78.6633,12.4549],[78.6859,12.4553],[78.7078,12.4799],[78.7262,12.4602],[78.73,12.4746],[78.744,12.49],[78.7635,12.49],[78.7739,12.5237],[78.8094,12.5271],[78.8154,12.5429],[78.8125,12.554],[78.8427,12.6132],[78.8378,12.617],[78.8476,12.6409],[78.8164,12.6341],[78.7939,12.6493],[78.7803,12.6678],[78.7706,12.655],[78.735,12.64],[78.7359,12.6496],[78.7282,12.6491],[78.716,12.668],[78.6852,12.678],[78.6789,12.6959],[78.6507,12.7057],[78.6513,12.7168],[78.6419,12.7184],[78.6442,12.7246],[78.6389,12.7247],[78.6369,12.7342],[78.6118,12.7463],[78.6226,12.7517],[78.618,12.7647],[78.6277,12.7719],[78.5946,12.787],[78.5918,12.778],[78.5774,12.7698],[78.5786,12.7629],[78.5572,12.7547],[78.562,12.7495],[78.5574,12.7394],[78.5657,12.7369],[78.5573,12.7182],[78.564,12.7079],[78.5569,12.7034],[78.5595,12.6964],[78.5361,12.6905],[78.5303,12.7031],[78.5381,12.712],[78.524,12.7187],[78.5226,12.7324],[78.5152,12.7241],[78.5059,12.741],[78.4959,12.7454],[78.4912,12.7407]]]}},{"type":"Feature","properties":{"SUBDISTRICT":"Tirupathur","STATE":"Tamil Nadu","shapeID":"7132399B68532101171477","source":"geoBoundaries gbOpen IND ADM3 (ODbL 1.0); source: Local Government Directory lgdirectory.gov.in via Pathways Data","DISTRICT":"Vellore"},"geometry":{"type":"Polygon","coordinates":[[[78.4142,12.5288],[78.4205,12.5109],[78.4172,12.486],[78.4338,12.4616],[78.451,12.4495],[78.4548,12.429],[78.4364,12.3931],[78.4597,12.384],[78.4667,12.3905],[78.4901,12.3866],[78.4972,12.4093],[78.507,12.399],[78.516,12.4044],[78.5702,12.3854],[78.583,12.3631],[78.6181,12.346],[78.6122,12.3288],[78.6076,12.3313],[78.5897,12.312],[78.6113,12.3077],[78.6147,12.2939],[78.6046,12.2712],[78.607,12.2628],[78.6199,12.2682],[78.6262,12.2641],[78.6434,12.2819],[78.6367,12.2616],[78.6522,12.2578],[78.7103,12.301],[78.7335,12.3741],[78.7526,12.3835],[78.7707,12.4237],[78.7643,12.4459],[78.7817,12.4665],[78.7789,12.4832],[78.7919,12.4979],[78.8006,12.4985],[78.8188,12.5301],[78.8592,12.6274],[78.8605,12.6341],[78.8476,12.6409],[78.8378,12.617],[78.8427,12.6132],[78.8125,12.554],[78.8154,12.5429],[78.8094,12.5271],[78.7739,12.5237],[78.7635,12.49],[78.744,12.49],[78.73,12.4746],[78.7262,12.4602],[78.7078,12.4799],[78.6859,12.4553],[78.6666,12.4528],[78.6623,12.4584],[78.67,12.4833],[78.6796,12.5055],[78.6974,12.5193],[78.7248,12.4991],[78.7291,12.5188],[78.7439,12.5237],[78.7592,12.5446],[78.7546,12.5536],[78.7701,12.5527],[78.7742,12.5826],[78.749,12.5787],[78.7414,12.5939],[78.7237,12.5935],[78.7188,12.5876],[78.683,12.5955],[78.6932,12.6052],[78.6887,12.6088],[78.674,12.6024],[78.6501,12.6031],[78.6513,12.6141],[78.6363,12.6286],[78.6248,12.6283],[78.6151,12.6159],[78.597,12.6105],[78.5913,12.5976],[78.5772,12.5992],[78.5785,12.5851],[78.568,12.5815],[78.5691,12.5683],[78.556,12.5348],[78.537,12.5302],[78.5284,12.5212],[78.5261,12.514],[78.5363,12.511],[78.5345,12.5052],[78.5161,12.4894],[78.5038,12.4916],[78.5037,12.4848],[78.4835,12.4934],[78.466,12.4877],[78.4649,12.5017],[78.4752,12.5055],[78.4407,12.5324],[78.4199,12.564],[78.4172,12.5379],[78.4142,12.5288]]]}},{"type":"Feature","properties":{"SUBDISTRICT":"Tiruvannamalai","STATE":"Tamil Nadu","shapeID":"7132399B63624378341144","source":"geoBoundaries gbOpen IND ADM3 (ODbL 1.0); source: Local Government Directory lgdirectory.gov.in via Pathways Data","DISTRICT":"Tiruvannamalai"},"geometry":{"type":"Polygon","coordinates":[[[78.9997,12.2486],[79.0042,12.243],[79.0005,12.2337],[79.0072,12.2278],[79.0052,12.2116],[79.0227,12.2065],[79.0175,12.1604],[79.0403,12.1583],[79.047,12.1479],[79.0361,12.1282],[79.0399,12.113],[79.022,12.0987],[79.0405,12.0861],[79.0246,12.0681],[79.0312,12.0637],[79.0214,12.055],[79.0272,12.0449],[79.0541,12.0372],[79.0606,12.0511],[79.0684,12.0533],[79.0622,12.061],[79.0663,12.0698],[79.0868,12.0801],[79.0991,12.0651],[79.0892,12.0442],[79.0786,12.0463],[79.0843,12.0293],[79.1278,12.0199],[79.1398,12.0389],[79.1496,12.0425],[79.1745,12.0308],[79.177,12.0485],[79.1906,12.0488],[79.2007,12.0691],[79.2354,12.0618],[79.2417,12.067],[79.2393,12.0759],[79.2611,12.0813],[79.2685,12.1019],[79.2779,12.1059],[79.278,12.1258],[79.26,12.13],[79.248,12.1464],[79.2123,12.1693],[79.2174,12.198],[79.2236,12.1828],[79.2352,12.1826],[79.235,12.1966],[79.217,12.21],[79.2378,12.2136],[79.2273,12.2205],[79.2481,12.2393],[79.2383,12.2503],[79.2472,12.2766],[79.2619,12.2755],[79.2726,12.2906],[79.2813,12.2916],[79.2757,12.3037],[79.2852,12.3058],[79.2902,12.3157],[79.2513,12.3225],[79.247,12.3157],[79.2348,12.3158],[79.2359,12.3272],[79.2008,12.3397],[79.2401,12.3461],[79.2269,12.3669],[79.2412,12.3683],[79.2487,12.3783],[79.2482,12.3891],[79.2366,12.3997],[79.2167,12.4043],[79.1935,12.3807],[79.1768,12.3818],[79.1762,12.4087],[79.1396,12.3998],[79.1436,12.4242],[79.1344,12.4336],[79.1196,12.4301],[79.1207,12.3981],[79.0857,12.4062],[79.0811,12.421],[79.0611,12.4195],[79.0567,12.4089],[79.048,12.4087],[79.0456,12.3927],[79.0309,12.3934],[79.0358,12.4164],[79.0089,12.4089],[79.0092,12.3877],[79.0199,12.3856],[79.0322,12.3617],[79.0335,12.3517],[79.0271,12.3452],[79.0455,12.3127],[79.0378,12.3034],[79.018,12.3],[79.009,12.2916],[79.0248,12.283],[79.0003,12.25],[78.9997,12.2486]]]}},{"type":"Feature","properties":{"SUBDISTRICT":"Gingee","STATE":"Tamil Nadu","shapeID":"7132399B60385720424096","source":"geoBoundaries gbOpen IND ADM3 (ODbL 1.0); source: Local Government Directory lgdirectory.gov.in via Pathways Data","DISTRICT":"Villupuram"},"geometry":{"type":"Polygon","coordinates":[[[79.2123,12.1693],[79.248,12.1464],[79.26,12.13],[79.278,12.1258],[79.2779,12.1059],[79.2685,12.1019],[79.2611,12.0813],[79.2923,12.0732],[79.3073,12.088],[79.3266,12.0852],[79.3458,12.0996],[79.372,12.1039],[79.3766,12.1131],[79.4111,12.1143],[79.412,12.1261],[79.4287,12.1224],[79.4387,12.1357],[79.4579,12.1329],[79.4656,12.1406],[79.4748,12.1361],[79.4831,12.1458],[79.4819,12.133],[79.4976,12.1337],[79.5019,12.143],[79.5151,12.1362],[79.5189,12.1491],[79.5314,12.1524],[79.5365,12.1441],[79.5427,12.152],[79.5554,12.1418],[79.565,12.1603],[79.5612,12.1685],[79.5556,12.1634],[79.5415,12.166],[79.5334,12.18],[79.5491,12.2202],[79.5413,12.2211],[79.5235,12.2455],[79.5334,12.2788],[79.5418,12.2881],[79.5352,12.3009],[79.5649,12.322],[79.568,12.3321],[79.5519,12.3452],[79.5439,12.3291],[79.5336,12.3473],[79.5258,12.3397],[79.5156,12.3426],[79.5164,12.353],[79.5021,12.3459],[79.4918,12.3498],[79.4931,12.3723],[79.4752,12.3656],[79.4499,12.3779],[79.4498,12.3948],[79.4394,12.3919],[79.4423,12.4068],[79.4353,12.4093],[79.4301,12.402],[79.4176,12.4071],[79.4118,12.3776],[79.4128,12.361],[79.4195,12.3583],[79.412,12.34],[79.4267,12.326],[79.4042,12.3184],[79.4169,12.2815],[79.4034,12.2778],[79.3935,12.2664],[79.3804,12.2763],[79.3719,12.2649],[79.365,12.2693],[79.3454,12.2651],[79.3351,12.2522],[79.311,12.2477],[79.2832,12.2578],[79.2793,12.269],[79.2647,12.2642],[79.2619,12.2755],[79.2472,12.2766],[79.2383,12.2503],[79.2481,12.2393],[79.2273,12.2205],[79.2378,12.2136],[79.217,12.21],[79.235,12.1966],[79.2352,12.1826],[79.2236,12.1828],[79.2174,12.198],[79.2131,12.1741],[79.2123,12.1693]]]}},{"type":"Feature","properties":{"SUBDISTRICT":"Tindivanam","STATE":"Tamil Nadu","shapeID":"7132399B16309322882298","source":"geoBoundaries gbOpen IND ADM3 (ODbL 1.0); source: Local Government Directory lgdirectory.gov.in via Pathways Data","DISTRICT":"Villupuram"},"geometry":{"type":"Polygon","coordinates":[[[79.5147,12.1395],[79.5294,12.1245],[79.5179,12.1009],[79.5222,12.086],[79.5381,12.0787],[79.5418,12.0854],[79.571,12.0765],[79.5705,12.066],[79.5796,12.0653],[79.5785,12.0522],[79.5882,12.052],[79.5883,12.0464],[79.6011,12.051],[79.6301,12.0451],[79.6506,12.0818],[79.6459,12.1015],[79.6746,12.1114],[79.6801,12.1239],[79.7028,12.1366],[79.6998,12.1446],[79.7068,12.1634],[79.7204,12.1598],[79.7287,12.2215],[79.7442,12.2277],[79.7437,12.2199],[79.749,12.227],[79.7569,12.2135],[79.8028,12.2169],[79.8094,12.2456],[79.8277,12.2614],[79.8368,12.2595],[79.8464,12.2719],[79.8429,12.2891],[79.8298,12.308],[79.8034,12.3265],[79.7992,12.3362],[79.7833,12.34],[79.7525,12.3244],[79.718,12.336],[79.7026,12.3345],[79.7012,12.326],[79.6853,12.3162],[79.66,12.3258],[79.6492,12.343],[79.6204,12.3508],[79.6234,12.37],[79.6159,12.3746],[79.6038,12.3698],[79.5987,12.3494],[79.5322,12.3684],[79.5164,12.353],[79.5156,12.3426],[79.5258,12.3397],[79.5336,12.3473],[79.5439,12.3291],[79.5519,12.3452],[79.568,12.3321],[79.5649,12.322],[79.5352,12.3009],[79.5418,12.2881],[79.5334,12.2788],[79.5235,12.2455],[79.5413,12.2211],[79.5491,12.2202],[79.5334,12.18],[79.5415,12.166],[79.5556,12.1634],[79.5612,12.1685],[79.565,12.1603],[79.5571,12.1422],[79.5427,12.152],[79.5365,12.1441],[79.5314,12.1524],[79.5231,12.152],[79.5149,12.1416],[79.5147,12.1395]]]}},{"type":"Feature","properties":{"SUBDISTRICT":"Kallakkurichi","STATE":"Tamil Nadu","shapeID":"7132399B74020551794437","source":"geoBoundaries gbOpen IND ADM3 (ODbL 1.0); source: Local Government Directory lgdirectory.gov.in via Pathways Data","DISTRICT":"Villupuram"},"geometry":{"type":"Polygon","coordinates":[[[78.8745,11.6826],[78.8916,11.6762],[78.8924,11.6638],[78.911,11.6498],[78.8956,11.6246],[78.9123,11.6121],[78.9346,11.6103],[78.9383,11.6171],[78.9593,11.6215],[78.9735,11.615],[78.9854,11.6309],[78.989,11.6118],[79.0077,11.6107],[79.0132,11.6189],[79.0246,11.6033],[79.0476,11.5976],[79.0455,11.5884],[79.0551,11.5856],[79.0786,11.5973],[79.0704,11.6294],[79.0859,11.6327],[79.1018,11.6132],[79.1165,11.6116],[79.1173,11.5981],[79.1406,11.5882],[79.1542,11.5973],[79.1849,11.5858],[79.1938,11.5948],[79.1923,11.604],[79.1797,11.6113],[79.1912,11.6424],[79.1747,11.6464],[79.1798,11.6591],[79.1493,11.6783],[79.1615,11.6777],[79.1682,11.7009],[79.1499,11.7062],[79.1326,11.7027],[79.1264,11.7096],[79.1413,11.7383],[79.1455,11.7625],[79.127,11.7637],[79.1212,11.8071],[79.0931,11.789],[79.0815,11.7956],[79.0587,11.7739],[79.0601,11.7665],[79.053,11.7624],[79.0416,11.768],[79.0329,11.7561],[79.0233,11.7783],[79.0154,11.7646],[79.0034,11.7593],[78.9724,11.7843],[78.9509,11.7761],[78.9584,11.7709],[78.9485,11.7571],[78.909,11.771],[78.8965,11.7583],[78.8883,11.7367],[78.8932,11.7181],[78.9061,11.719],[78.907,11.7036],[78.898,11.6892],[78.8845,11.6977],[78.8766,11.6883],[78.8745,11.6826]]]}},{"type":"Feature","properties":{"SUBDISTRICT":"Salem","STATE":"Tamil Nadu","shapeID":"7132399B3056669457741","source":"geoBoundaries gbOpen IND ADM3 (ODbL 1.0); source: Local Government Directory lgdirectory.gov.in via Pathways Data","DISTRICT":"Salem"},"geometry":{"type":"Polygon","coordinates":[[[78.1093,11.5541],[78.1206,11.5363],[78.1286,11.5345],[78.133,11.5404],[78.1594,11.5352],[78.1681,11.5451],[78.2024,11.5493],[78.2074,11.5607],[78.2456,11.5516],[78.2799,11.5616],[78.2663,11.565],[78.2733,11.5752],[78.2997,11.5851],[78.3211,11.5809],[78.313,11.5926],[78.3216,11.6055],[78.3206,11.6166],[78.3148,11.6322],[78.301,11.6431],[78.2806,11.6479],[78.2567,11.6304],[78.261,11.6481],[78.2438,11.6385],[78.2254,11.6403],[78.2259,11.6542],[78.2322,11.6579],[78.2202,11.6601],[78.2246,11.6759],[78.2586,11.6832],[78.2607,11.6936],[78.2506,11.7055],[78.2781,11.7066],[78.2989,11.7246],[78.3105,11.727],[78.3179,11.7504],[78.3066,11.7528],[78.3182,11.7741],[78.3163,11.783],[78.2231,11.7176],[78.2065,11.7193],[78.207,11.7274],[78.1968,11.7206],[78.1799,11.7216],[78.1752,11.7389],[78.1693,11.7404],[78.1636,11.7262],[78.177,11.7017],[78.1931,11.6992],[78.1947,11.7068],[78.2058,11.7052],[78.1971,11.6866],[78.2125,11.6801],[78.2085,11.6693],[78.2139,11.6605],[78.1628,11.6352],[78.165,11.6285],[78.1376,11.618],[78.1312,11.6037],[78.1194,11.6095],[78.1162,11.5991],[78.1291,11.5954],[78.1373,11.5799],[78.1122,11.5585],[78.1093,11.5541]]]}},{"type":"Feature","properties":{"SUBDISTRICT":"Attur","STATE":"Tamil Nadu","shapeID":"7132399B70197250302977","source":"geoBoundaries gbOpen IND ADM3 (ODbL 1.0); source: Local Government Directory lgdirectory.gov.in via Pathways Data","DISTRICT":"Salem"},"geometry":{"type":"Polygon","coordinates":[[[78.4541,11.5384],[78.4687,11.5332],[78.4596,11.5307],[78.471,11.5257],[78.4703,11.5114],[78.4868,11.5095],[78.4851,11.4987],[78.4904,11.4937],[78.4976,11.4978],[78.5,11.4849],[78.5126,11.4875],[78.5335,11.4808],[78.5616,11.4878],[78.565,11.4778],[78.5581,11.4697],[78.6024,11.4834],[78.6098,11.4833],[78.6066,11.4713],[78.6199,11.4792],[78.6309,11.4928],[78.5948,11.4946],[78.5936,11.5079],[78.5827,11.5099],[78.5851,11.5187],[78.6146,11.5243],[78.6395,11.5115],[78.6655,11.572],[78.6829,11.5681],[78.6943,11.5523],[78.6879,11.5332],[78.7155,11.5071],[78.7576,11.5031],[78.7682,11.538],[78.7883,11.547],[78.795,11.5448],[78.7952,11.5325],[78.8157,11.5257],[78.8164,11.5074],[78.8355,11.5052],[78.8449,11.5196],[78.836,11.5255],[78.8358,11.5382],[78.816,11.5457],[78.8286,11.5763],[78.8171,11.5879],[78.7794,11.6036],[78.7904,11.6218],[78.7864,11.6403],[78.774,11.638],[78.8059,11.6582],[78.8044,11.685],[78.7819,11.6986],[78.7189,11.6807],[78.7073,11.6858],[78.6901,11.683],[78.6789,11.6716],[78.6804,11.6414],[78.6749,11.6397],[78.6601,11.6442],[78.6605,11.6568],[78.6474,11.6557],[78.6526,11.7065],[78.6347,11.677],[78.6034,11.6473],[78.6067,11.6508],[78.5669,11.7082],[78.5604,11.7014],[78.5445,11.7011],[78.5433,11.6501],[78.5358,11.6506],[78.5338,11.6397],[78.5456,11.6317],[78.5398,11.6237],[78.5478,11.61],[78.5212,11.5949],[78.5091,11.6012],[78.5074,11.6112],[78.4832,11.6056],[78.475,11.5932],[78.476,11.5727],[78.4546,11.5623],[78.4611,11.5563],[78.4583,11.5471],[78.4541,11.5384]]]}},{"type":"Feature","properties":{"SUBDISTRICT":"Tiruchengode","STATE":"Tamil Nadu","shapeID":"7132399B39716061307303","source":"geoBoundaries gbOpen IND ADM3 (ODbL 1.0); source: Local Government Directory lgdirectory.gov.in via Pathways Data","DISTRICT":"Namakkal"},"geometry":{"type":"Polygon","coordinates":[[[77.7912,11.2898],[77.8084,11.2647],[77.8423,11.2573],[77.8623,11.2444],[77.8772,11.2572],[77.8785,11.2798],[77.894,11.2932],[77.8964,11.3068],[77.9894,11.3024],[77.997,11.2889],[78.029,11.2915],[78.0299,11.2788],[78.041,11.2734],[78.0632,11.2957],[78.072,11.2911],[78.0784,11.2968],[78.0939,11.2797],[78.1178,11.2765],[78.1352,11.2915],[78.1275,11.2969],[78.1353,11.3132],[78.1227,11.316],[78.1,11.335],[78.0762,11.3414],[78.0762,11.3545],[78.0906,11.3719],[78.1145,11.449],[78.1055,11.4693],[78.0945,11.4702],[78.0862,11.4494],[78.0699,11.4512],[78.0612,11.4666],[78.0533,11.4686],[78.05,11.5048],[78.0774,11.4958],[78.0803,11.5047],[78.0704,11.5122],[78.0713,11.5278],[78.0644,11.5183],[78.0559,11.5191],[78.061,11.5126],[78.0499,11.5109],[78.0346,11.5226],[78.0361,11.527],[78.0025,11.5204],[77.9818,11.5263],[77.975,11.5155],[77.9723,11.4656],[77.9485,11.4687],[77.9402,11.4572],[77.9268,11.4586],[77.9242,11.4501],[77.9128,11.4504],[77.9123,11.4301],[77.8974,11.4151],[77.8789,11.4198],[77.8736,11.4087],[77.8656,11.417],[77.8565,11.4088],[77.8467,11.4198],[77.8441,11.4065],[77.8493,11.4004],[77.8364,11.3755],[77.8165,11.3694],[77.816,11.3598],[77.7953,11.3511],[77.8042,11.3354],[77.8154,11.3339],[77.8153,11.3143],[77.7944,11.294],[77.7912,11.2898]],[[78.0961,11.3145],[78.1097,11.319],[78.1211,11.3145],[78.1012,11.3026],[78.097,11.3132],[78.0961,11.3145]]]}},{"type":"Feature","properties":{"SUBDISTRICT":"Namakkal","STATE":"Tamil Nadu","shapeID":"7132399B43412456504293","source":"geoBoundaries gbOpen IND ADM3 (ODbL 1.0); source: Local Government Directory lgdirectory.gov.in via Pathways Data","DISTRICT":"Namakkal"},"geometry":{"type":"MultiPolygon","coordinates":[[[[78.0961,11.3145],[78.1012,11.3026],[78.1213,11.314],[78.1097,11.319],[78.0962,11.3154],[78.0961,11.3145]]],[[[78.0393,11.2432],[78.0406,11.2371],[78.0495,11.2376],[78.0581,11.2149],[78.055,11.1849],[78.0406,11.1707],[78.0452,11.1488],[78.056,11.1436],[78.087,11.1565],[78.0878,11.1823],[78.1047,11.1818],[78.1127,11.1739],[78.115,11.1832],[78.1282,11.1839],[78.1299,11.1791],[78.1388,11.1871],[78.1507,11.177],[78.1757,11.1738],[78.1934,11.1579],[78.2067,11.166],[78.2061,11.1825],[78.194,11.1933],[78.1826,11.1911],[78.1787,11.206],[78.1871,11.2202],[78.2088,11.225],[78.2108,11.2316],[78.2031,11.2563],[78.2083,11.2693],[78.1828,11.2912],[78.1835,11.2996],[78.1854,11.3046],[78.2016,11.3039],[78.2171,11.3256],[78.1978,11.3628],[78.1975,11.3729],[78.2088,11.3815],[78.2051,11.391],[78.2305,11.3973],[78.2085,11.4029],[78.2028,11.4176],[78.1936,11.4173],[78.1936,11.4274],[78.1853,11.4281],[78.1694,11.4148],[78.1715,11.4273],[78.1651,11.4291],[78.1415,11.4258],[78.1252,11.4145],[78.1069,11.4241],[78.0906,11.3719],[78.0762,11.3545],[78.0762,11.3414],[78.1,11.335],[78.1227,11.316],[78.1353,11.3132],[78.1275,11.2969],[78.1352,11.2915],[78.1178,11.2765],[78.0939,11.2797],[78.0784,11.2968],[78.072,11.2911],[78.0574,11.2944],[78.0398,11.2717],[78.0401,11.2455],[78.0393,11.2432]]]]}},{"type":"Feature","properties":{"SUBDISTRICT":"Sathyamangalam","STATE":"Tamil Nadu","shapeID":"7132399B61261324886922","source":"geoBoundaries gbOpen IND ADM3 (ODbL 1.0); source: Local Government Directory lgdirectory.gov.in via Pathways Data","DISTRICT":"Erode"},"geometry":{"type":"Polygon","coordinates":[[[76.9642,11.3827],[76.9742,11.3844],[77.0157,11.3673],[77.0257,11.3711],[77.0225,11.3852],[77.0322,11.3831],[77.0485,11.4005],[77.0676,11.4013],[77.069,11.3815],[77.0901,11.3918],[77.0913,11.4017],[77.1089,11.4054],[77.1102,11.381],[77.127,11.3771],[77.1399,11.3352],[77.1597,11.3273],[77.1661,11.3134],[77.1806,11.3125],[77.1764,11.3387],[77.1966,11.3369],[77.1809,11.3516],[77.1802,11.3582],[77.1876,11.3623],[77.1828,11.3671],[77.1855,11.383],[77.1967,11.3818],[77.2094,11.3956],[77.2191,11.3928],[77.2237,11.3982],[77.245,11.3901],[77.2519,11.3938],[77.259,11.4144],[77.2514,11.4136],[77.2529,11.42],[77.2445,11.4162],[77.2498,11.4232],[77.2476,11.4368],[77.2544,11.4407],[77.2663,11.4283],[77.2742,11.44],[77.28,11.4338],[77.291,11.4401],[77.3006,11.4575],[77.2951,11.4604],[77.2974,11.4758],[77.2822,11.484],[77.2858,11.5004],[77.294,11.4965],[77.2908,11.5047],[77.2992,11.5205],[77.3033,11.5081],[77.3126,11.5128],[77.3152,11.5083],[77.3224,11.5323],[77.3301,11.528],[77.3368,11.5358],[77.3387,11.5267],[77.3458,11.529],[77.3676,11.5697],[77.3748,11.567],[77.3685,11.5341],[77.3867,11.5342],[77.4086,11.5221],[77.4312,11.5412],[77.4401,11.5648],[77.4507,11.559],[77.4574,11.6085],[77.4372,11.6372],[77.4368,11.6478],[77.4524,11.6646],[77.4397,11.6781],[77.4362,11.7076],[77.442,11.7095],[77.4432,11.72],[77.4358,11.7179],[77.4357,11.7349],[77.4205,11.7321],[77.4166,11.7449],[77.4273,11.7579],[77.4234,11.7713],[77.3927,11.7851],[77.3659,11.7873],[77.3564,11.773],[77.3376,11.768],[77.3401,11.7549],[77.3251,11.7485],[77.3032,11.7525],[77.2872,11.7297],[77.2522,11.704],[77.2414,11.7062],[77.2279,11.6893],[77.134,11.654],[77.1095,11.5935],[77.0074,11.5436],[77.016,11.5225],[76.9969,11.5087],[76.9938,11.4783],[77.0142,11.4506],[77.014,11.4367],[77.0,11.4314],[76.9843,11.4377],[76.9789,11.4105],[76.984,11.4001],[76.9704,11.3891],[76.9642,11.3827]]]}},{"type":"Feature","properties":{"SUBDISTRICT":"Alangulam","STATE":"Tamil Nadu","shapeID":"7132399B2001179812119","source":"geoBoundaries gbOpen IND ADM3 (ODbL 1.0); source: Local Government Directory lgdirectory.gov.in via Pathways Data","DISTRICT":"Tirunelveli Kattabo"},"geometry":{"type":"Polygon","coordinates":[[[77.3844,8.8668],[77.3859,8.8529],[77.4061,8.8473],[77.409,8.8379],[77.4038,8.8366],[77.4148,8.8319],[77.423,8.7901],[77.453,8.7652],[77.4627,8.7739],[77.4578,8.7855],[77.4649,8.8186],[77.4947,8.7999],[77.509,8.7979],[77.5135,8.8004],[77.5102,8.8136],[77.5218,8.8059],[77.5176,8.7917],[77.5256,8.7845],[77.5378,8.7931],[77.5607,8.7873],[77.574,8.7907],[77.5739,8.8133],[77.5901,8.8306],[77.5982,8.8729],[77.5777,8.8838],[77.5675,8.8822],[77.5746,8.9086],[77.5657,8.9149],[77.5842,8.9108],[77.5971,8.9149],[77.5972,8.9518],[77.581,8.9485],[77.573,8.9539],[77.5473,8.9538],[77.5369,8.9398],[77.5215,8.9332],[77.5174,8.9479],[77.5104,8.9292],[77.5028,8.9267],[77.5043,8.9199],[77.5163,8.9177],[77.4914,8.92],[77.4975,8.9148],[77.494,8.9107],[77.4795,8.9212],[77.4817,8.9318],[77.4692,8.9316],[77.4654,8.9236],[77.4508,8.9326],[77.4391,8.9285],[77.4149,8.9436],[77.3959,8.9347],[77.3883,8.9439],[77.3947,8.9324],[77.395,8.8976],[77.4106,8.8935],[77.4084,8.8708],[77.3875,8.8707],[77.3844,8.8668]]]}},{"type":"Feature","properties":{"SUBDISTRICT":"Tirunelveli","STATE":"Tamil Nadu","shapeID":"7132399B65361430334845","source":"geoBoundaries gbOpen IND ADM3 (ODbL 1.0); source: Local Government Directory lgdirectory.gov.in via Pathways Data","DISTRICT":"Tirunelveli Kattabo"},"geometry":{"type":"Polygon","coordinates":[[[77.5579,8.7469],[77.5684,8.7081],[77.5632,8.7033],[77.5807,8.701],[77.5966,8.6906],[77.6337,8.6903],[77.6608,8.6777],[77.6658,8.6846],[77.6566,8.695],[77.6629,8.704],[77.6813,8.7003],[77.6838,8.7086],[77.6978,8.706],[77.6886,8.6953],[77.7015,8.6959],[77.7147,8.6688],[77.7402,8.6688],[77.7459,8.6754],[77.7821,8.6732],[77.7856,8.6886],[77.7922,8.6882],[77.8048,8.7048],[77.8053,8.7111],[77.7938,8.7121],[77.8016,8.7298],[77.7971,8.7372],[77.7788,8.7424],[77.7705,8.7312],[77.7499,8.7472],[77.7541,8.7547],[77.7493,8.7591],[77.7722,8.7778],[77.8137,8.7833],[77.8089,8.8234],[77.8111,8.8386],[77.8216,8.8436],[77.8112,8.8715],[77.7902,8.8836],[77.7839,8.8822],[77.7869,8.8656],[77.779,8.8723],[77.7742,8.8595],[77.7542,8.8631],[77.7537,8.8319],[77.7672,8.8381],[77.7699,8.8331],[77.7612,8.8247],[77.7695,8.8198],[77.7747,8.824],[77.7743,8.8089],[77.7582,8.8075],[77.749,8.8212],[77.7362,8.8189],[77.7337,8.7937],[77.6742,8.8013],[77.6722,8.7808],[77.66,8.7851],[77.6583,8.7971],[77.6403,8.8034],[77.6361,8.788],[77.624,8.7792],[77.6182,8.7829],[77.6268,8.7939],[77.6208,8.8108],[77.6249,8.8284],[77.6056,8.862],[77.5976,8.8657],[77.5901,8.8306],[77.5739,8.8133],[77.5746,8.7915],[77.56,8.7893],[77.5715,8.7652],[77.5591,8.7501],[77.5579,8.7469]]]}},{"type":"Feature","properties":{"SUBDISTRICT":"Gobichettipalayam","STATE":"Tamil Nadu","shapeID":"7132399B71342176411910","source":"geoBoundaries gbOpen IND ADM3 (ODbL 1.0); source: Local Government Directory lgdirectory.gov.in via Pathways Data","DISTRICT":"Erode"},"geometry":{"type":"Polygon","coordinates":[[[77.2822,11.484],[77.2974,11.4758],[77.2951,11.4604],[77.3006,11.4575],[77.2906,11.4397],[77.3042,11.4348],[77.3128,11.4469],[77.3441,11.4601],[77.3435,11.455],[77.3565,11.4523],[77.3559,11.4444],[77.3598,11.45],[77.3721,11.4436],[77.3725,11.4309],[77.353,11.4295],[77.3513,11.405],[77.3597,11.4014],[77.3582,11.3893],[77.3685,11.3849],[77.3678,11.375],[77.3754,11.3711],[77.3783,11.3849],[77.3956,11.3808],[77.396,11.3934],[77.4131,11.396],[77.4193,11.3827],[77.4145,11.367],[77.4372,11.3649],[77.4391,11.3364],[77.4489,11.3429],[77.4631,11.3372],[77.4761,11.3469],[77.4804,11.3662],[77.5043,11.3703],[77.4948,11.4071],[77.4985,11.419],[77.5163,11.4185],[77.506,11.4365],[77.51,11.4707],[77.5259,11.4745],[77.54,11.4526],[77.5831,11.4483],[77.5878,11.4688],[77.5661,11.4696],[77.5466,11.4937],[77.5336,11.4958],[77.5233,11.5278],[77.5075,11.5216],[77.4884,11.5446],[77.4891,11.5565],[77.4507,11.559],[77.442,11.5661],[77.4312,11.5412],[77.4086,11.5221],[77.3867,11.5342],[77.3685,11.5341],[77.3748,11.567],[77.3676,11.5697],[77.3458,11.529],[77.3387,11.5267],[77.3368,11.5358],[77.3301,11.528],[77.3224,11.5323],[77.3152,11.5083],[77.3126,11.5128],[77.3033,11.5081],[77.2992,11.5205],[77.2908,11.5047],[77.294,11.4965],[77.2858,11.5004],[77.2825,11.4843],[77.2822,11.484]]]}},{"type":"Feature","properties":{"SUBDISTRICT":"Perundurai","STATE":"Tamil Nadu","shapeID":"7132399B67890889745810","source":"geoBoundaries gbOpen IND ADM3 (ODbL 1.0); source: Local Government Directory lgdirectory.gov.in via Pathways Data","DISTRICT":"Erode"},"geometry":{"type":"Polygon","coordinates":[[[77.4256,11.322],[77.4441,11.3135],[77.4534,11.3211],[77.4582,11.3162],[77.4516,11.3145],[77.4631,11.3057],[77.4582,11.2989],[77.4701,11.2758],[77.4655,11.2567],[77.4874,11.2446],[77.4885,11.2309],[77.4955,11.2336],[77.5021,11.2266],[77.4952,11.221],[77.5062,11.2196],[77.5057,11.2138],[77.4982,11.209],[77.5153,11.2052],[77.5195,11.2096],[77.5161,11.1863],[77.49,11.1832],[77.476,11.1886],[77.4723,11.1728],[77.4738,11.1643],[77.4874,11.1647],[77.4855,11.1462],[77.5005,11.1499],[77.5089,11.1286],[77.5062,11.1152],[77.5366,11.1122],[77.5914,11.1302],[77.6034,11.1211],[77.6206,11.1361],[77.6634,11.1255],[77.6626,11.1363],[77.6557,11.1345],[77.6578,11.1616],[77.6503,11.171],[77.6566,11.1827],[77.6463,11.2006],[77.6532,11.2119],[77.6633,11.2142],[77.6635,11.2264],[77.6926,11.2266],[77.692,11.2459],[77.6833,11.2435],[77.6682,11.2652],[77.6813,11.2757],[77.6845,11.2668],[77.6976,11.294],[77.6881,11.2924],[77.6844,11.2805],[77.6828,11.3151],[77.6723,11.3244],[77.6646,11.3169],[77.6619,11.2929],[77.649,11.2999],[77.6437,11.2945],[77.636,11.2979],[77.6352,11.2926],[77.6277,11.2955],[77.6215,11.2859],[77.616,11.2907],[77.6217,11.3282],[77.633,11.3456],[77.6196,11.3677],[77.6298,11.4075],[77.5887,11.4167],[77.5664,11.3934],[77.5478,11.3863],[77.5185,11.3987],[77.5163,11.4185],[77.4985,11.419],[77.4948,11.4048],[77.5043,11.3703],[77.4804,11.3662],[77.4761,11.3469],[77.4631,11.3372],[77.4489,11.3429],[77.4391,11.3364],[77.4398,11.3475],[77.4342,11.3495],[77.4256,11.3221],[77.4256,11.322]]]}},{"type":"Feature","properties":{"SUBDISTRICT":"Manamadurai","STATE":"Tamil Nadu","shapeID":"7132399B9097831741246","source":"geoBoundaries gbOpen IND ADM3 (ODbL 1.0); source: Local Government Directory lgdirectory.gov.in via Pathways Data","DISTRICT":"Sivaganga"},"geometry":{"type":"Polygon","coordinates":[[[78.3145,9.7489],[78.3267,9.7399],[78.3298,9.7532],[78.3341,9.7358],[78.3319,9.7091],[78.3235,9.6974],[78.3287,9.6911],[78.3239,9.6861],[78.3325,9.6799],[78.3248,9.6667],[78.3289,9.6578],[78.3426,9.6509],[78.3476,9.6586],[78.3641,9.6411],[78.3716,9.6462],[78.3767,9.6421],[78.3852,9.6511],[78.3899,9.6219],[78.4076,9.6119],[78.409,9.6048],[78.4144,9.6122],[78.4147,9.5921],[78.4249,9.5947],[78.4419,9.6168],[78.458,9.6148],[78.4642,9.6215],[78.4766,9.611],[78.5034,9.608],[78.4966,9.5982],[78.5167,9.5821],[78.5303,9.5896],[78.5311,9.6009],[78.523,9.6123],[78.5395,9.6093],[78.5477,9.6262],[78.5651,9.6306],[78.5626,9.6396],[78.5545,9.6343],[78.5579,9.6447],[78.5495,9.6427],[78.5446,9.6481],[78.5552,9.6561],[78.5671,9.6547],[78.574,9.6657],[78.5561,9.6756],[78.549,9.6652],[78.5376,9.6674],[78.5277,9.6735],[78.5381,9.6794],[78.535,9.6837],[78.5083,9.6902],[78.5064,9.6949],[78.5186,9.6974],[78.5297,9.689],[78.5342,9.6966],[78.5307,9.7113],[78.5563,9.7179],[78.5401,9.727],[78.5393,9.7359],[78.515,9.7306],[78.5121,9.7407],[78.4966,9.7423],[78.4885,9.7735],[78.4827,9.776],[78.4598,9.7775],[78.4486,9.7579],[78.4299,9.7692],[78.4027,9.769],[78.3882,9.7541],[78.3641,9.7712],[78.3579,9.7898],[78.3519,9.7904],[78.3384,9.763],[78.3286,9.7758],[78.3147,9.76],[78.3164,9.7509],[78.3145,9.7489]]]}},{"type":"Feature","properties":{"SUBDISTRICT":"Hosur","STATE":"Tamil Nadu","shapeID":"7132399B71314730746260","source":"geoBoundaries gbOpen IND ADM3 (ODbL 1.0); source: Local Government Directory lgdirectory.gov.in via Pathways Data","DISTRICT":"Dharmapuri"},"geometry":{"type":"Polygon","coordinates":[[[77.759,12.5852],[77.7623,12.5769],[77.7855,12.5953],[77.7988,12.5871],[77.8038,12.605],[77.8208,12.6132],[77.815,12.6274],[77.8191,12.6486],[77.8332,12.6501],[77.85,12.6734],[77.8566,12.676],[77.86,12.6655],[77.8782,12.6606],[77.9125,12.6706],[77.9122,12.6919],[77.9484,12.6946],[77.9552,12.7012],[77.9455,12.7059],[77.9462,12.7123],[77.9596,12.7175],[77.9451,12.7223],[77.9326,12.7203],[77.9298,12.7143],[77.9158,12.7151],[77.9335,12.7642],[77.9494,12.7646],[77.9481,12.777],[77.9561,12.789],[77.9367,12.8099],[77.9409,12.8225],[77.9194,12.8313],[77.9255,12.8536],[77.9446,12.8654],[77.9437,12.871],[77.9298,12.8728],[77.9285,12.8782],[77.9391,12.8841],[77.9278,12.8877],[77.9123,12.8826],[77.8923,12.8676],[77.8355,12.8681],[77.8235,12.8531],[77.7993,12.8478],[77.7934,12.8373],[77.8109,12.8299],[77.8106,12.8147],[77.8043,12.8149],[77.8013,12.8054],[77.8094,12.796],[77.7979,12.7904],[77.7815,12.7689],[77.7838,12.7602],[77.795,12.7542],[77.7929,12.7479],[77.7683,12.7384],[77.7616,12.7275],[77.773,12.7236],[77.7603,12.6963],[77.7707,12.6901],[77.7705,12.6787],[77.7814,12.671],[77.7852,12.6547],[77.7598,12.64],[77.7687,12.629],[77.7682,12.6146],[77.778,12.604],[77.7694,12.5911],[77.7642,12.5965],[77.7617,12.588],[77.759,12.5852]]]}},{"type":"Feature","properties":{"SUBDISTRICT":"Krishnagiri","STATE":"Tamil Nadu","shapeID":"7132399B51048345195992","source":"geoBoundaries gbOpen IND ADM3 (ODbL 1.0); source: Local Government Directory lgdirectory.gov.in via Pathways Data","DISTRICT":"Dharmapuri"},"geometry":{"type":"Polygon","coordinates":[[[78.0454,12.4783],[78.0771,12.4666],[78.0812,12.452],[78.0963,12.4471],[78.1101,12.46],[78.1166,12.4485],[78.142,12.4373],[78.1318,12.4029],[78.1428,12.3735],[78.1676,12.3656],[78.1643,12.3529],[78.175,12.3387],[78.2002,12.3386],[78.2051,12.3316],[78.2245,12.35],[78.2394,12.3516],[78.2397,12.3404],[78.2472,12.3336],[78.241,12.323],[78.2505,12.3176],[78.2628,12.339],[78.2745,12.3443],[78.2681,12.372],[78.2798,12.3739],[78.2862,12.4065],[78.2902,12.4109],[78.3103,12.4057],[78.3069,12.4343],[78.2983,12.428],[78.2832,12.4382],[78.2782,12.4581],[78.2655,12.4595],[78.2655,12.4822],[78.2529,12.4894],[78.2561,12.4999],[78.2718,12.5017],[78.3146,12.4948],[78.3043,12.5174],[78.2868,12.513],[78.2652,12.5188],[78.2654,12.5405],[78.2933,12.5751],[78.2688,12.5911],[78.2744,12.6175],[78.2849,12.6106],[78.2861,12.616],[78.2993,12.6119],[78.3099,12.6189],[78.2986,12.6332],[78.3102,12.6464],[78.3075,12.6642],[78.3018,12.6632],[78.2756,12.702],[78.2438,12.7039],[78.2386,12.6994],[78.2392,12.684],[78.2009,12.6914],[78.2104,12.7],[78.2071,12.7067],[78.2314,12.7134],[78.2383,12.7253],[78.2316,12.7626],[78.1314,12.7798],[78.1252,12.7969],[78.0942,12.8171],[78.077,12.7835],[78.0795,12.7712],[78.0713,12.7592],[78.0671,12.7225],[78.0768,12.7155],[78.0962,12.7159],[78.0998,12.7082],[78.0933,12.6941],[78.1011,12.6895],[78.1023,12.6703],[78.1229,12.6427],[78.1236,12.6382],[78.1146,12.6383],[78.1266,12.6223],[78.1023,12.5962],[78.0954,12.5672],[78.0789,12.5573],[78.0689,12.5362],[78.0605,12.5378],[78.0476,12.4823],[78.0454,12.4783]]]}},{"type":"Feature","properties":{"SUBDISTRICT":"Denkanikottai","STATE":"Tamil Nadu","shapeID":"7132399B53494467562327","source":"geoBoundaries gbOpen IND ADM3 (ODbL 1.0); source: Local Government Directory lgdirectory.gov.in via Pathways Data","DISTRICT":"Dharmapuri"},"geometry":{"type":"Polygon","coordinates":[[[77.5798,12.5668],[77.5884,12.5159],[77.6163,12.5088],[77.5853,12.4773],[77.6067,12.4736],[77.6273,12.4945],[77.6353,12.4863],[77.6301,12.4581],[77.6609,12.4555],[77.6909,12.4209],[77.6952,12.4011],[77.7076,12.3951],[77.7196,12.4033],[77.7287,12.3793],[77.7418,12.3776],[77.7333,12.3727],[77.7491,12.3647],[77.7583,12.3432],[77.7867,12.3358],[77.7893,12.323],[77.8044,12.3183],[77.8262,12.3244],[77.8468,12.3199],[77.8789,12.3378],[77.9313,12.3275],[77.9502,12.3408],[77.9561,12.3575],[77.9491,12.3802],[77.9693,12.4021],[77.9709,12.4167],[77.9612,12.4379],[77.9426,12.4563],[77.9328,12.4489],[77.9244,12.4552],[77.9218,12.465],[77.9314,12.478],[77.9222,12.4932],[77.8996,12.5059],[77.903,12.5143],[77.9177,12.5091],[77.9421,12.5161],[77.9569,12.4893],[77.9697,12.503],[77.9806,12.5034],[77.9814,12.5144],[77.9968,12.5058],[78.0068,12.51],[78.0122,12.4855],[78.0422,12.4767],[78.0605,12.5378],[78.0689,12.5362],[78.0818,12.5607],[78.0773,12.5759],[78.0602,12.5722],[78.0525,12.5802],[78.035,12.5788],[78.028,12.5848],[78.0244,12.5764],[78.0132,12.5722],[78.0026,12.5835],[77.9964,12.5784],[77.9818,12.5844],[77.9718,12.5764],[77.9783,12.568],[77.9756,12.5594],[77.9555,12.5559],[77.951,12.5699],[77.9581,12.5787],[77.9335,12.59],[77.9317,12.599],[77.9114,12.6081],[77.9011,12.604],[77.8661,12.6196],[77.8656,12.6361],[77.8791,12.6432],[77.8729,12.6493],[77.8782,12.6606],[77.86,12.6655],[77.8566,12.676],[77.8474,12.6658],[77.8419,12.6672],[77.8332,12.6501],[77.8191,12.6486],[77.815,12.6274],[77.8208,12.6132],[77.8038,12.605],[77.7988,12.5871],[77.7855,12.5953],[77.7623,12.5769],[77.759,12.5852],[77.7642,12.5965],[77.7694,12.5911],[77.778,12.604],[77.7682,12.6146],[77.7687,12.629],[77.7598,12.64],[77.7852,12.6547],[77.7842,12.6642],[77.7705,12.6787],[77.7689,12.6927],[77.7435,12.7006],[77.7372,12.6919],[77.7414,12.6731],[77.7253,12.6721],[77.7241,12.6793],[77.7137,12.6828],[77.7054,12.6603],[77.6882,12.658],[77.6777,12.6596],[77.6801,12.6802],[77.6641,12.6831],[77.65,12.6794],[77.6627,12.6725],[77.6531,12.6644],[77.6457,12.6431],[77.6014,12.6416],[77.6076,12.6299],[77.5918,12.6139],[77.5912,12.5931],[77.581,12.5724],[77.5798,12.5668]]]}},{"type":"Feature","properties":{"SUBDISTRICT":"Palladam","STATE":"Tamil Nadu","shapeID":"7132399B69638224770671","source":"geoBoundaries gbOpen IND ADM3 (ODbL 1.0); source: Local Government Directory lgdirectory.gov.in via Pathways Data","DISTRICT":"Coimbatore"},"geometry":{"type":"Polygon","coordinates":[[[77.1515,10.9949],[77.1658,10.9709],[77.1787,10.9226],[77.1984,10.9207],[77.2037,10.9084],[77.218,10.9041],[77.2284,10.909],[77.2546,10.8968],[77.2582,10.8677],[77.2754,10.852],[77.3193,10.8587],[77.3368,10.8697],[77.3776,10.8792],[77.3737,10.9025],[77.4039,10.9038],[77.422,10.9121],[77.4131,10.9262],[77.417,10.9294],[77.4108,10.9492],[77.3973,10.9551],[77.389,10.9888],[77.3648,10.9866],[77.3654,11.0086],[77.3475,11.0094],[77.353,11.0291],[77.3599,11.0313],[77.3581,11.0235],[77.3651,11.0191],[77.3662,11.0255],[77.3709,11.0209],[77.3902,11.0341],[77.3774,11.0373],[77.3779,11.0523],[77.35,11.0543],[77.3396,11.0457],[77.3306,11.0565],[77.3229,11.0544],[77.3037,11.0644],[77.2826,11.0477],[77.2777,11.064],[77.2687,11.0699],[77.268,11.0844],[77.2543,11.092],[77.2393,11.0853],[77.2403,11.0965],[77.2334,11.1002],[77.1649,11.0653],[77.162,11.0574],[77.1757,11.0331],[77.1732,11.0157],[77.1534,10.9958],[77.1515,10.9949]]]}},{"type":"Feature","properties":{"SUBDISTRICT":"Pudukkottai","STATE":"Tamil Nadu","shapeID":"7132399B18326466807536","source":"geoBoundaries gbOpen IND ADM3 (ODbL 1.0); source: Local Government Directory lgdirectory.gov.in via Pathways Data","DISTRICT":"Pudukkottai"},"geometry":{"type":"Polygon","coordinates":[[[78.7686,10.3598],[78.7983,10.3456],[78.8058,10.3352],[78.8389,10.3312],[78.8372,10.3404],[78.8427,10.3344],[78.8505,10.3527],[78.8413,10.3596],[78.8405,10.3746],[78.8592,10.3708],[78.8627,10.3639],[78.864,10.3749],[78.8577,10.3793],[78.8641,10.3776],[78.8699,10.3864],[78.8822,10.378],[78.886,10.3809],[78.8878,10.3748],[78.8904,10.3801],[78.8806,10.3867],[78.8785,10.397],[78.9166,10.398],[78.9218,10.4196],[78.9296,10.4222],[78.9314,10.4314],[78.9373,10.43],[78.9378,10.4163],[78.9622,10.4226],[78.9779,10.4198],[78.9847,10.4269],[78.9861,10.4536],[79.013,10.4532],[79.0154,10.4671],[79.0273,10.472],[79.0286,10.4792],[79.0151,10.4784],[79.0094,10.4982],[79.0256,10.4944],[79.0394,10.5107],[79.0275,10.5449],[78.9994,10.5587],[78.999,10.5736],[78.9817,10.5401],[78.9736,10.55],[78.9749,10.5607],[78.9435,10.5634],[78.9368,10.5359],[78.9218,10.5134],[78.9092,10.5197],[78.9002,10.5138],[78.8962,10.498],[78.9008,10.4935],[78.8913,10.4869],[78.8988,10.4733],[78.8909,10.4736],[78.8838,10.4556],[78.8782,10.4592],[78.8773,10.4441],[78.8572,10.4393],[78.8522,10.4508],[78.8643,10.4899],[78.8556,10.5034],[78.8267,10.5005],[78.8227,10.4935],[78.8286,10.4884],[78.8208,10.4695],[78.8334,10.4508],[78.8338,10.4397],[78.8318,10.4463],[78.8076,10.4417],[78.8046,10.4237],[78.8117,10.423],[78.8103,10.4184],[78.7806,10.4145],[78.7916,10.4055],[78.7779,10.4026],[78.7705,10.3618],[78.7686,10.3598]]]}},{"type":"Feature","properties":{"SUBDISTRICT":"Srivaikuntam","STATE":"Tamil Nadu","shapeID":"7132399B31977604722173","source":"geoBoundaries gbOpen IND ADM3 (ODbL 1.0); source: Local Government Directory lgdirectory.gov.in via Pathways Data","DISTRICT":"Thoothukudi"},"geometry":{"type":"Polygon","coordinates":[[[77.7834,8.5817],[77.8041,8.5751],[77.7974,8.5631],[77.813,8.5688],[77.8153,8.5527],[77.8257,8.5435],[77.8446,8.5473],[77.8476,8.5595],[77.8575,8.5606],[77.8623,8.5601],[77.8607,8.5521],[77.8764,8.5468],[77.877,8.5394],[77.8856,8.5388],[77.9007,8.5583],[77.8953,8.5648],[77.9087,8.5687],[77.9036,8.58],[77.9117,8.5911],[77.9034,8.5952],[77.9029,8.603],[77.9251,8.6051],[77.9281,8.6116],[77.9601,8.6061],[77.9614,8.6141],[77.9679,8.6131],[77.9633,8.626],[77.9787,8.6267],[77.9669,8.6345],[77.9693,8.6427],[77.962,8.6519],[77.9688,8.6631],[77.9761,8.6565],[77.9955,8.7002],[77.9824,8.7074],[77.9823,8.715],[77.962,8.7367],[77.9394,8.7342],[77.9291,8.725],[77.9397,8.7378],[77.9534,8.7408],[77.96,8.7532],[77.9631,8.7919],[77.9681,8.8046],[77.9773,8.8065],[77.9667,8.8299],[77.959,8.8361],[77.8717,8.8438],[77.8625,8.8309],[77.8504,8.8285],[77.8424,8.8142],[77.8536,8.8013],[77.8478,8.7864],[77.8179,8.771],[77.8278,8.7318],[77.8126,8.6803],[77.8256,8.6792],[77.8264,8.6716],[77.8177,8.6707],[77.8065,8.6499],[77.8081,8.6457],[77.82,8.6487],[77.8199,8.6312],[77.8061,8.6132],[77.7961,8.6126],[77.789,8.6227],[77.7848,8.6003],[77.7834,8.5817]]]}},{"type":"Feature","properties":{"SUBDISTRICT":"Tiruchendur","STATE":"Tamil Nadu","shapeID":"7132399B75970964126853","source":"geoBoundaries gbOpen IND ADM3 (ODbL 1.0); source: Local Government Directory lgdirectory.gov.in via Pathways Data","DISTRICT":"Thoothukudi"},"geometry":{"type":"Polygon","coordinates":[[[77.965,8.5252],[77.9816,8.5028],[77.9658,8.4495],[77.979,8.4457],[77.9748,8.4393],[77.9957,8.428],[77.9876,8.4242],[77.9937,8.4206],[77.9926,8.4068],[78.0019,8.3971],[78.0009,8.3881],[78.0152,8.3898],[78.0185,8.3745],[78.0078,8.3695],[78.0134,8.3549],[78.0676,8.3732],[78.0563,8.3847],[78.0667,8.42],[78.1301,8.4959],[78.1239,8.5289],[78.1388,8.5885],[78.1282,8.615],[78.1281,8.6493],[78.1119,8.6476],[78.1048,8.635],[78.0909,8.6341],[78.0843,8.6259],[78.0585,8.6168],[78.0458,8.6001],[78.0498,8.5955],[78.0556,8.5995],[78.05,8.5916],[78.0582,8.5837],[78.0493,8.5858],[78.0563,8.5772],[78.0479,8.5562],[78.0339,8.5712],[77.9976,8.569],[77.9962,8.5609],[77.9831,8.5595],[77.9826,8.5534],[77.9686,8.5465],[77.9652,8.5255],[77.965,8.5252]]]}},{"type":"Feature","properties":{"SUBDISTRICT":"Palayamkottai","STATE":"Tamil Nadu","shapeID":"7132399B10853955187937","source":"geoBoundaries gbOpen IND ADM3 (ODbL 1.0); source: Local Government Directory lgdirectory.gov.in via Pathways Data","DISTRICT":"Tirunelveli Kattabo"},"geometry":{"type":"Polygon","coordinates":[[[77.6272,8.6286],[77.6372,8.623],[77.6465,8.6017],[77.663,8.5988],[77.6646,8.6035],[77.6779,8.6001],[77.6834,8.6045],[77.6911,8.5955],[77.7099,8.606],[77.7187,8.6044],[77.7273,8.6138],[77.7581,8.6076],[77.7733,8.6174],[77.786,8.6158],[77.789,8.6227],[77.7961,8.6126],[77.8061,8.6132],[77.8199,8.6312],[77.82,8.6487],[77.8081,8.6457],[77.8065,8.6499],[77.8177,8.6707],[77.8264,8.6716],[77.8256,8.6792],[77.8126,8.6803],[77.8278,8.7318],[77.8179,8.771],[77.8478,8.7864],[77.8536,8.8013],[77.8211,8.8396],[77.8111,8.8386],[77.8089,8.8234],[77.8137,8.7833],[77.7722,8.7778],[77.7493,8.7591],[77.7541,8.7547],[77.7499,8.7472],[77.7705,8.7312],[77.7788,8.7424],[77.8017,8.733],[77.7938,8.7121],[77.8053,8.7111],[77.8048,8.7048],[77.7922,8.6882],[77.7856,8.6886],[77.7821,8.6732],[77.7459,8.6754],[77.7402,8.6688],[77.7147,8.6688],[77.7015,8.6959],[77.6886,8.6953],[77.6978,8.706],[77.6817,8.7084],[77.6813,8.7003],[77.6629,8.704],[77.6566,8.695],[77.6658,8.6846],[77.659,8.6341],[77.6363,8.6425],[77.6304,8.6325],[77.6272,8.6286]]]}},{"type":"Feature","properties":{"SUBDISTRICT":"Palani","STATE":"Tamil Nadu","shapeID":"7132399B50304446313116","source":"geoBoundaries gbOpen IND ADM3 (ODbL 1.0); source: Local Government Directory lgdirectory.gov.in via Pathways Data","DISTRICT":"Dindigul"},"geometry":{"type":"Polygon","coordinates":[[[77.3137,10.362],[77.315,10.355],[77.3316,10.3537],[77.4352,10.3732],[77.4375,10.3643],[77.468,10.3689],[77.4661,10.3449],[77.4812,10.3645],[77.4997,10.3605],[77.5006,10.3688],[77.509,10.364],[77.5236,10.3694],[77.5399,10.3843],[77.5696,10.395],[77.5895,10.3938],[77.6135,10.4152],[77.6064,10.4386],[77.6066,10.5083],[77.5992,10.5181],[77.6053,10.5404],[77.5935,10.5475],[77.6012,10.5945],[77.5938,10.604],[77.5954,10.6172],[77.5662,10.6198],[77.5588,10.615],[77.5585,10.6032],[77.5432,10.6111],[77.5329,10.605],[77.5097,10.6054],[77.5081,10.6115],[77.5166,10.6109],[77.5015,10.6421],[77.4817,10.649],[77.4552,10.64],[77.4472,10.6286],[77.4327,10.6313],[77.4175,10.6252],[77.3876,10.5951],[77.3678,10.5433],[77.3781,10.5248],[77.4051,10.5221],[77.4007,10.4983],[77.3804,10.4909],[77.385,10.4493],[77.353,10.4456],[77.3436,10.4541],[77.3279,10.4525],[77.3151,10.3892],[77.3137,10.362]]]}},{"type":"Feature","properties":{"SUBDISTRICT":"Athoor","STATE":"Tamil Nadu","shapeID":"7132399B98702711333687","source":"geoBoundaries gbOpen IND ADM3 (ODbL 1.0); source: Local Government Directory lgdirectory.gov.in via Pathways Data","DISTRICT":"Dindigul"},"geometry":{"type":"Polygon","coordinates":[[[77.6575,10.2642],[77.7063,10.2351],[77.7075,10.2221],[77.7216,10.2178],[77.7417,10.1948],[77.7613,10.208],[77.7875,10.195],[77.8065,10.1982],[77.8125,10.2229],[77.8041,10.225],[77.8059,10.2443],[77.8276,10.2342],[77.8419,10.2367],[77.8403,10.231],[77.8518,10.2281],[77.8659,10.2683],[77.8616,10.2941],[77.8776,10.2749],[77.8953,10.2684],[77.8906,10.2487],[77.915,10.237],[77.935,10.2502],[77.9387,10.2597],[77.945,10.2631],[77.9548,10.2554],[77.9722,10.2702],[77.937,10.2879],[77.9519,10.3247],[77.9421,10.3319],[77.9427,10.3426],[77.917,10.3467],[77.9127,10.3375],[77.8979,10.3361],[77.888,10.3458],[77.8806,10.336],[77.8575,10.3313],[77.8592,10.3209],[77.8366,10.3258],[77.8415,10.3183],[77.8296,10.3159],[77.8267,10.3247],[77.8049,10.3223],[77.8255,10.302],[77.8193,10.2957],[77.7914,10.3064],[77.7915,10.2903],[77.7693,10.2897],[77.7647,10.2979],[77.7335,10.3084],[77.7031,10.2853],[77.6991,10.2737],[77.6736,10.2718],[77.669,10.2618],[77.6576,10.2653],[77.6575,10.2642]]]}},{"type":"Feature","properties":{"SUBDISTRICT":"Rasipuram","STATE":"Tamil Nadu","shapeID":"7132399B19584397321316","source":"geoBoundaries gbOpen IND ADM3 (ODbL 1.0); source: Local Government Directory lgdirectory.gov.in via Pathways Data","DISTRICT":"Namakkal"},"geometry":{"type":"Polygon","coordinates":[[[78.0487,11.4949],[78.0533,11.4686],[78.0612,11.4666],[78.0699,11.4512],[78.0862,11.4494],[78.0945,11.4702],[78.1055,11.4693],[78.1145,11.449],[78.1069,11.4241],[78.1184,11.4224],[78.1188,11.4144],[78.1391,11.4194],[78.1415,11.4258],[78.1532,11.4248],[78.1543,11.4298],[78.1715,11.4273],[78.1694,11.4148],[78.1853,11.4281],[78.1936,11.4274],[78.1936,11.4173],[78.2028,11.4176],[78.2085,11.4029],[78.2284,11.4013],[78.2251,11.392],[78.2176,11.393],[78.2223,11.3868],[78.2409,11.3948],[78.2408,11.408],[78.2515,11.4075],[78.2648,11.4203],[78.3098,11.4198],[78.3322,11.412],[78.354,11.4226],[78.3641,11.4173],[78.3643,11.395],[78.4281,11.3836],[78.4456,11.3979],[78.4469,11.4209],[78.4574,11.4364],[78.4471,11.4381],[78.4444,11.4496],[78.4264,11.469],[78.4376,11.4807],[78.4365,11.4948],[78.4636,11.4938],[78.4722,11.5154],[78.471,11.5257],[78.4596,11.5307],[78.4687,11.5332],[78.4541,11.5384],[78.4611,11.5563],[78.4501,11.5613],[78.4521,11.5933],[78.4386,11.5936],[78.387,11.5823],[78.3832,11.5727],[78.376,11.5737],[78.3751,11.5842],[78.3452,11.5454],[78.3452,11.5356],[78.3316,11.5301],[78.3133,11.5366],[78.3236,11.5406],[78.3291,11.5553],[78.3093,11.5613],[78.3102,11.5722],[78.3189,11.5715],[78.3211,11.5809],[78.3054,11.5852],[78.2733,11.5752],[78.2663,11.565],[78.2799,11.5616],[78.2669,11.5564],[78.2456,11.5516],[78.2074,11.5607],[78.2024,11.5493],[78.1681,11.5451],[78.1594,11.5352],[78.133,11.5404],[78.1286,11.5345],[78.1206,11.5363],[78.1094,11.5524],[78.0869,11.5424],[78.0838,11.5515],[78.0783,11.5245],[78.0701,11.5183],[78.074,11.5053],[78.0803,11.5047],[78.0774,11.4958],[78.05,11.5048],[78.0488,11.4973],[78.0487,11.4949]]]}},{"type":"Feature","properties":{"SUBDISTRICT":"Nilakkottai","STATE":"Tamil Nadu","shapeID":"7132399B58350684511853","source":"geoBoundaries gbOpen IND ADM3 (ODbL 1.0); source: Local Government Directory lgdirectory.gov.in via Pathways Data","DISTRICT":"Dindigul"},"geometry":{"type":"Polygon","coordinates":[[[77.667,10.1215],[77.7006,10.1027],[77.6994,10.0857],[77.7096,10.0785],[77.7134,10.045],[77.7062,10.0344],[77.7122,10.0312],[77.711,10.0202],[77.7212,10.0179],[77.7502,10.0441],[77.7626,10.0463],[77.7642,10.0554],[77.7822,10.0498],[77.8025,10.0644],[77.8512,10.0752],[77.8667,10.0732],[77.8767,10.0591],[77.8954,10.0717],[77.9203,10.0742],[77.9199,10.083],[77.9478,10.0904],[77.9381,10.0953],[77.9371,10.1067],[77.9552,10.1322],[77.9478,10.1334],[77.9446,10.1569],[77.9318,10.1466],[77.9292,10.1987],[77.9155,10.2106],[77.9146,10.2376],[77.8906,10.2487],[77.8953,10.2684],[77.8776,10.2749],[77.8616,10.2941],[77.8659,10.2683],[77.8497,10.2258],[77.8403,10.231],[77.8419,10.2367],[77.8276,10.2342],[77.8026,10.2415],[77.8041,10.225],[77.8125,10.2229],[77.8054,10.1961],[77.7875,10.195],[77.7613,10.208],[77.7417,10.1948],[77.7216,10.2178],[77.7062,10.2216],[77.7015,10.2079],[77.7029,10.2138],[77.7095,10.2064],[77.7009,10.1901],[77.7281,10.1589],[77.7238,10.1394],[77.7295,10.1314],[77.7091,10.1284],[77.6911,10.1445],[77.6735,10.1442],[77.6748,10.1258],[77.6671,10.1216],[77.667,10.1215]]]}},{"type":"Feature","properties":{"SUBDISTRICT":"Aravakurichi","STATE":"Tamil Nadu","shapeID":"7132399B6628116123012","source":"geoBoundaries gbOpen IND ADM3 (ODbL 1.0); source: Local Government Directory lgdirectory.gov.in via Pathways Data","DISTRICT":"Karur"},"geometry":{"type":"Polygon","coordinates":[[[77.7596,10.9065],[77.7716,10.8884],[77.7752,10.8663],[77.7896,10.8813],[77.7983,10.8628],[77.8165,10.8549],[77.8299,10.8345],[77.839,10.8324],[77.8592,10.8469],[77.8689,10.8393],[77.8745,10.8071],[77.8671,10.7976],[77.8753,10.7875],[77.8906,10.7885],[77.8905,10.7732],[77.8703,10.7751],[77.8686,10.7708],[77.8009,10.8048],[77.7931,10.7886],[77.7742,10.7848],[77.7686,10.7655],[77.7803,10.7649],[77.7841,10.7555],[77.7971,10.7504],[77.812,10.7567],[77.8245,10.7503],[77.8242,10.7149],[77.8083,10.6938],[77.8092,10.679],[77.8183,10.6764],[77.8137,10.6474],[77.831,10.6315],[77.8489,10.6389],[77.8732,10.6306],[77.8848,10.65],[77.8969,10.6441],[77.9092,10.6544],[77.9146,10.6452],[77.9797,10.6378],[77.9716,10.6697],[78.0075,10.6738],[78.0164,10.7178],[78.0105,10.7206],[78.0132,10.7278],[77.9973,10.73],[77.9974,10.7413],[77.9518,10.7415],[77.9323,10.7347],[77.9308,10.7516],[77.9396,10.7655],[77.9853,10.7595],[77.9952,10.7624],[77.9999,10.7726],[78.0249,10.7718],[78.0294,10.7801],[78.0569,10.7741],[78.0571,10.7943],[78.0448,10.796],[78.0406,10.8195],[78.0229,10.8242],[78.0167,10.8323],[78.0333,10.8491],[78.0092,10.8504],[78.0083,10.8672],[77.9915,10.8779],[77.9909,10.9048],[77.9999,10.9202],[77.9775,10.9185],[77.9658,10.9016],[77.9597,10.9024],[77.9516,10.9224],[77.937,10.9178],[77.9189,10.9278],[77.9179,10.934],[77.9032,10.9285],[77.8816,10.9453],[77.8588,10.9313],[77.8496,10.9214],[77.8513,10.9157],[77.813,10.9174],[77.8046,10.9388],[77.766,10.9364],[77.76,10.9119],[77.7596,10.9065]]]}},{"type":"Feature","properties":{"SUBDISTRICT":"Musiri","STATE":"Tamil Nadu","shapeID":"7132399B59185133565654","source":"geoBoundaries gbOpen IND ADM3 (ODbL 1.0); source: Local Government Directory lgdirectory.gov.in via Pathways Data","DISTRICT":"Tiruchchirappalli"},"geometry":{"type":"Polygon","coordinates":[[[78.326,11.0976],[78.3393,11.0898],[78.34,11.0783],[78.3737,11.0521],[78.4049,11.0432],[78.4171,10.971],[78.4299,10.9656],[78.4155,10.9406],[78.4466,10.9187],[78.4647,10.914],[78.4684,10.9211],[78.5285,10.9072],[78.5892,10.8845],[78.5907,10.9095],[78.6011,10.9128],[78.5986,10.9411],[78.6198,10.9447],[78.6216,10.9602],[78.6315,10.9601],[78.6489,10.9477],[78.6593,10.953],[78.658,10.9687],[78.6721,10.9692],[78.6743,10.9915],[78.6667,11.0228],[78.6571,11.0148],[78.652,11.0263],[78.6588,11.0306],[78.663,11.0508],[78.6803,11.0488],[78.6965,11.0327],[78.7176,11.0282],[78.7166,11.0364],[78.7266,11.0379],[78.7247,11.0603],[78.719,11.0536],[78.7078,11.0692],[78.6948,11.1239],[78.6756,11.1296],[78.651,11.1225],[78.669,11.0955],[78.6645,11.0855],[78.6406,11.0859],[78.5999,11.066],[78.5875,11.0705],[78.5768,11.0635],[78.5808,11.0554],[78.5762,11.0522],[78.5672,11.0591],[78.5545,11.049],[78.5462,11.0608],[78.5455,11.0513],[78.5211,11.0547],[78.5173,11.0655],[78.4959,11.0668],[78.484,11.1419],[78.4832,11.1511],[78.4889,11.1539],[78.4851,11.1784],[78.471,11.1808],[78.4738,11.1878],[78.4651,11.1899],[78.4522,11.1754],[78.4349,11.1763],[78.4295,11.2061],[78.4245,11.1987],[78.4136,11.2032],[78.4092,11.1953],[78.3814,11.1867],[78.3862,11.1754],[78.3776,11.1752],[78.3823,11.1384],[78.3759,11.133],[78.3467,11.1363],[78.3432,11.1111],[78.3263,11.0979],[78.326,11.0976]]]}},{"type":"Feature","properties":{"SUBDISTRICT":"Manachanallur","STATE":"Tamil Nadu","shapeID":"7132399B55525875859971","source":"geoBoundaries gbOpen IND ADM3 (ODbL 1.0); source: Local Government Directory lgdirectory.gov.in via Pathways Data","DISTRICT":"Tiruchchirappalli"},"geometry":{"type":"Polygon","coordinates":[[[78.5892,10.8845],[78.6379,10.8746],[78.6397,10.8828],[78.6719,10.8798],[78.7211,10.8588],[78.7293,10.8606],[78.7267,10.8717],[78.7469,10.8786],[78.7355,10.8802],[78.7454,10.9005],[78.7411,10.9125],[78.7587,10.902],[78.7733,10.9013],[78.7816,10.9125],[78.7764,10.9263],[78.7913,10.9267],[78.7919,10.9496],[78.8072,10.9664],[78.8077,10.9982],[78.8161,11.0139],[78.8263,11.0167],[78.8195,11.0302],[78.828,11.0531],[78.8221,11.0563],[78.8176,11.0792],[78.8088,11.0797],[78.8108,11.1118],[78.7786,11.1128],[78.7621,11.1216],[78.7451,11.111],[78.7403,11.0979],[78.7516,11.077],[78.7282,11.0721],[78.7266,11.0379],[78.7166,11.0364],[78.7176,11.0282],[78.6965,11.0327],[78.6803,11.0488],[78.663,11.0508],[78.6588,11.0306],[78.652,11.0263],[78.6571,11.0148],[78.6667,11.0228],[78.6731,11.0109],[78.6721,10.9692],[78.658,10.9687],[78.6547,10.9493],[78.6216,10.9602],[78.6198,10.9447],[78.5986,10.9411],[78.6011,10.9128],[78.5907,10.9095],[78.5899,10.8853],[78.5892,10.8845]]]}},{"type":"Feature","properties":{"SUBDISTRICT":"Chennai","STATE":"Tamil Nadu","shapeID":"7132399B76522365185704","source":"geoBoundaries gbOpen IND ADM3 (ODbL 1.0); source: Local Government Directory lgdirectory.gov.in via Pathways Data","DISTRICT":"Chennai"},"geometry":{"type":"MultiPolygon","coordinates":[[[[80.1831,13.0476],[80.1899,13.0253],[80.2114,13.0258],[80.2012,13.0211],[80.2007,13.0154],[80.2148,13.0053],[80.2058,12.9784],[80.2234,12.9659],[80.247,12.9833],[80.2663,12.9715],[80.2851,13.0547],[80.3101,13.1074],[80.2946,13.0857],[80.301,13.1135],[80.303,13.1055],[80.3048,13.1111],[80.3,13.1217],[80.3051,13.131],[80.2967,13.1247],[80.2978,13.133],[80.3035,13.1301],[80.2983,13.1347],[80.3017,13.1402],[80.263,13.1404],[80.2533,13.1475],[80.2425,13.1413],[80.2434,13.1273],[80.203,13.1258],[80.1845,13.0539],[80.1831,13.0476]]],[[[80.2934,13.0885],[80.2934,13.0885],[80.2934,13.0885],[80.2934,13.0886],[80.2934,13.0886],[80.2934,13.0885]]]]}},{"type":"Feature","properties":{"SUBDISTRICT":"Lalgudi","STATE":"Tamil Nadu","shapeID":"7132399B6768846410782","source":"geoBoundaries gbOpen IND ADM3 (ODbL 1.0); source: Local Government Directory lgdirectory.gov.in via Pathways Data","DISTRICT":"Tiruchchirappalli"},"geometry":{"type":"Polygon","coordinates":[[[78.7267,10.8717],[78.7293,10.8606],[78.8151,10.8444],[78.8185,10.836],[78.9276,10.8671],[78.9439,10.8874],[78.9603,10.8921],[79.0075,10.8893],[78.9999,10.9201],[78.99,10.9263],[78.981,10.9209],[78.9797,10.9334],[78.9662,10.9483],[78.9534,10.9486],[78.9389,10.9619],[78.9528,10.9693],[78.9779,10.9658],[78.986,10.9762],[78.9878,11.0001],[78.9946,10.9967],[79.0148,11.0083],[79.009,11.0568],[78.9751,11.0927],[78.9325,11.0946],[78.9271,11.0898],[78.8892,11.1016],[78.8733,11.0928],[78.8764,11.0839],[78.8613,11.0898],[78.8463,11.0883],[78.8407,11.0759],[78.8176,11.0792],[78.8221,11.0563],[78.828,11.0531],[78.8195,11.0302],[78.8263,11.0167],[78.8161,11.0139],[78.8077,10.9982],[78.8072,10.9664],[78.7919,10.9496],[78.7913,10.9267],[78.7764,10.9263],[78.7816,10.9125],[78.7733,10.9013],[78.7587,10.902],[78.7411,10.9125],[78.7454,10.9005],[78.7355,10.8802],[78.7469,10.8786],[78.7278,10.8725],[78.7267,10.8717]]]}},{"type":"Feature","properties":{"SUBDISTRICT":"Srirangam","STATE":"Tamil Nadu","shapeID":"7132399B23404167550556","source":"geoBoundaries gbOpen IND ADM3 (ODbL 1.0); source: Local Government Directory lgdirectory.gov.in via Pathways Data","DISTRICT":"Tiruchchirappalli"},"geometry":{"type":"MultiPolygon","coordinates":[[[[78.4647,10.914],[78.4775,10.908],[78.4692,10.8853],[78.4783,10.8814],[78.4933,10.8923],[78.5491,10.8756],[78.5773,10.8505],[78.5712,10.8331],[78.5871,10.8292],[78.5767,10.8082],[78.5541,10.8118],[78.546,10.7973],[78.547,10.7901],[78.5698,10.7753],[78.564,10.7668],[78.5673,10.7367],[78.5531,10.7222],[78.5182,10.7084],[78.5141,10.6922],[78.5254,10.6855],[78.5292,10.6695],[78.5581,10.6848],[78.5695,10.6788],[78.5674,10.6599],[78.5956,10.6566],[78.6139,10.6808],[78.6228,10.6756],[78.6248,10.6956],[78.6372,10.7068],[78.6595,10.703],[78.6537,10.66],[78.6633,10.6537],[78.6681,10.6722],[78.6831,10.6689],[78.6833,10.6857],[78.6966,10.7012],[78.6886,10.7287],[78.6495,10.7305],[78.6336,10.7489],[78.639,10.7576],[78.6347,10.7733],[78.6431,10.7771],[78.6438,10.7943],[78.6576,10.7918],[78.6638,10.8031],[78.6635,10.8091],[78.6526,10.8106],[78.6532,10.8308],[78.6465,10.8356],[78.6666,10.8445],[78.6751,10.8337],[78.6834,10.8373],[78.687,10.8449],[78.6783,10.8548],[78.657,10.869],[78.5823,10.8863],[78.5326,10.9062],[78.4684,10.9211],[78.4648,10.915],[78.4647,10.914]],[[78.5596,10.6993],[78.5752,10.7086],[78.581,10.6999],[78.5762,10.6842],[78.5598,10.6982],[78.5596,10.6993]]],[[[78.7513,10.8441],[78.7523,10.8382],[78.7698,10.8318],[78.8142,10.8359],[78.8151,10.8444],[78.7949,10.8473],[78.752,10.8531],[78.7519,10.8447],[78.7513,10.8441]]]]}},{"type":"Feature","properties":{"SUBDISTRICT":"Thiruverumbur","STATE":"Tamil Nadu","shapeID":"7132399B17511355324767","source":"geoBoundaries gbOpen IND ADM3 (ODbL 1.0); source: Local Government Directory lgdirectory.gov.in via Pathways Data","DISTRICT":"Tiruchchirappalli"},"geometry":{"type":"Polygon","coordinates":[[[78.7079,10.7298],[78.7097,10.7211],[78.7425,10.7079],[78.7466,10.6867],[78.7367,10.6702],[78.7489,10.6409],[78.757,10.6427],[78.7611,10.6517],[78.7937,10.649],[78.8,10.6588],[78.8004,10.6786],[78.8102,10.6712],[78.8208,10.6932],[78.8729,10.6876],[78.8653,10.7342],[78.8682,10.7585],[78.8805,10.7783],[78.8788,10.7874],[78.8701,10.7856],[78.8696,10.8021],[78.8641,10.8017],[78.8711,10.8147],[78.8676,10.8254],[78.8006,10.8229],[78.7788,10.8255],[78.7783,10.8316],[78.7507,10.8388],[78.714,10.8375],[78.7138,10.8254],[78.7327,10.8206],[78.7375,10.798],[78.7438,10.7896],[78.7578,10.793],[78.7632,10.7783],[78.7444,10.7802],[78.7436,10.7722],[78.7184,10.7745],[78.7176,10.7394],[78.7087,10.7305],[78.7079,10.7298]]]}},{"type":"Feature","properties":{"SUBDISTRICT":"Manapparai","STATE":"Tamil Nadu","shapeID":"7132399B40879690406388","source":"geoBoundaries gbOpen IND ADM3 (ODbL 1.0); source: Local Government Directory lgdirectory.gov.in via Pathways Data","DISTRICT":"Tiruchchirappalli"},"geometry":{"type":"Polygon","coordinates":[[[78.1718,10.5018],[78.1906,10.4964],[78.2079,10.472],[78.2243,10.4629],[78.2351,10.4683],[78.2505,10.4625],[78.2648,10.4852],[78.2765,10.4753],[78.2843,10.4783],[78.2794,10.4739],[78.3221,10.4682],[78.3461,10.4547],[78.3855,10.4512],[78.3993,10.4701],[78.3902,10.4813],[78.4052,10.5175],[78.4162,10.5252],[78.4369,10.5228],[78.4405,10.5414],[78.4667,10.538],[78.4647,10.5737],[78.4496,10.6009],[78.4594,10.6166],[78.4841,10.6374],[78.5284,10.6273],[78.5293,10.6419],[78.5187,10.655],[78.5254,10.6855],[78.5141,10.6922],[78.474,10.7038],[78.4651,10.7012],[78.4582,10.6891],[78.4326,10.6922],[78.4275,10.6761],[78.4162,10.6725],[78.4045,10.6773],[78.4033,10.692],[78.3754,10.7194],[78.3777,10.7252],[78.3466,10.7204],[78.3406,10.7059],[78.2942,10.7024],[78.2898,10.7171],[78.2941,10.7323],[78.2829,10.7444],[78.2652,10.6187],[78.2564,10.6056],[78.2663,10.5901],[78.2469,10.5529],[78.1803,10.5392],[78.1783,10.5208],[78.1828,10.5216],[78.1774,10.513],[78.1718,10.5018]]]}},{"type":"Feature","properties":{"SUBDISTRICT":"Karur","STATE":"Tamil Nadu","shapeID":"7132399B16012902699659","source":"geoBoundaries gbOpen IND ADM3 (ODbL 1.0); source: Local Government Directory lgdirectory.gov.in via Pathways Data","DISTRICT":"Karur"},"geometry":{"type":"Polygon","coordinates":[[[78.008,10.8651],[78.0092,10.8504],[78.0333,10.8491],[78.0167,10.8323],[78.0229,10.8242],[78.0406,10.8195],[78.0448,10.796],[78.0571,10.7943],[78.0578,10.7628],[78.0725,10.775],[78.0981,10.7646],[78.0973,10.7867],[78.1064,10.8049],[78.1494,10.8051],[78.1587,10.8312],[78.1768,10.8337],[78.1784,10.8234],[78.1857,10.8312],[78.1825,10.8214],[78.1886,10.8192],[78.1915,10.8283],[78.1905,10.8187],[78.1963,10.8222],[78.2225,10.8964],[78.1859,10.892],[78.1793,10.9276],[78.1686,10.9273],[78.1782,10.9462],[78.1633,10.9438],[78.1339,10.9592],[78.1261,10.9328],[78.11,10.9276],[78.1097,10.8962],[78.0739,10.8904],[78.0739,10.9047],[78.0644,10.9031],[78.0634,10.8948],[78.0473,10.8983],[78.0461,10.9081],[78.0371,10.9096],[78.0316,10.9014],[78.0342,10.8788],[78.0086,10.8798],[78.0085,10.866],[78.008,10.8651]]]}},{"type":"Feature","properties":{"SUBDISTRICT":"Krishnarayapuram","STATE":"Tamil Nadu","shapeID":"7132399B90123478634589","source":"geoBoundaries gbOpen IND ADM3 (ODbL 1.0); source: Local Government Directory lgdirectory.gov.in via Pathways Data","DISTRICT":"Karur"},"geometry":{"type":"Polygon","coordinates":[[[78.1686,10.9273],[78.1793,10.9276],[78.1859,10.892],[78.2225,10.8964],[78.199,10.8271],[78.2193,10.8254],[78.217,10.7913],[78.2342,10.7917],[78.2312,10.8044],[78.2386,10.8091],[78.2383,10.8361],[78.2536,10.8375],[78.2497,10.8492],[78.2539,10.8637],[78.2652,10.8609],[78.2789,10.8717],[78.2745,10.8142],[78.2776,10.8055],[78.2918,10.8025],[78.2937,10.7948],[78.3152,10.7926],[78.308,10.7657],[78.3116,10.7505],[78.3364,10.7545],[78.3424,10.7618],[78.341,10.7918],[78.3727,10.7948],[78.3728,10.7665],[78.4006,10.7685],[78.4014,10.8058],[78.4354,10.8163],[78.4278,10.8442],[78.4074,10.8433],[78.3941,10.8605],[78.382,10.8584],[78.3799,10.8653],[78.3733,10.8646],[78.3712,10.8772],[78.3847,10.91],[78.3721,10.926],[78.3583,10.9318],[78.3648,10.9489],[78.3081,10.9442],[78.256,10.9509],[78.2137,10.9411],[78.1923,10.9454],[78.1765,10.941],[78.1687,10.9279],[78.1686,10.9273]]]}},{"type":"Feature","properties":{"SUBDISTRICT":"Kulithalai","STATE":"Tamil Nadu","shapeID":"7132399B82880621488289","source":"geoBoundaries gbOpen IND ADM3 (ODbL 1.0); source: Local Government Directory lgdirectory.gov.in via Pathways Data","DISTRICT":"Karur"},"geometry":{"type":"Polygon","coordinates":[[[78.3362,10.7561],[78.3406,10.7446],[78.3602,10.7411],[78.3582,10.7212],[78.3777,10.7252],[78.3754,10.7194],[78.4033,10.692],[78.4045,10.6773],[78.4162,10.6725],[78.4275,10.6761],[78.4326,10.6922],[78.4582,10.6891],[78.4651,10.7012],[78.474,10.7038],[78.5141,10.6922],[78.5182,10.7084],[78.5321,10.7103],[78.5646,10.7317],[78.564,10.7668],[78.5698,10.7753],[78.547,10.7901],[78.546,10.7973],[78.5541,10.8118],[78.5767,10.8082],[78.5871,10.8292],[78.5712,10.8331],[78.5773,10.8505],[78.5491,10.8756],[78.4933,10.8923],[78.4783,10.8814],[78.4692,10.8853],[78.4775,10.908],[78.4466,10.9187],[78.409,10.944],[78.3826,10.9502],[78.3648,10.9489],[78.3578,10.9355],[78.3847,10.91],[78.3712,10.8772],[78.3733,10.8646],[78.3799,10.8653],[78.382,10.8584],[78.3941,10.8605],[78.4074,10.8433],[78.4278,10.8442],[78.4354,10.8163],[78.4014,10.8058],[78.4006,10.7685],[78.3728,10.7665],[78.3727,10.7948],[78.341,10.7918],[78.3443,10.7724],[78.3373,10.7578],[78.3362,10.7561]]]}},{"type":"Feature","properties":{"SUBDISTRICT":"Kadavur","STATE":"Tamil Nadu","shapeID":"7132399B97621385772220","source":"geoBoundaries gbOpen IND ADM3 (ODbL 1.0); source: Local Government Directory lgdirectory.gov.in via Pathways Data","DISTRICT":"Karur"},"geometry":{"type":"Polygon","coordinates":[[[78.1337,10.5731],[78.1608,10.5575],[78.1595,10.5511],[78.1736,10.5401],[78.1802,10.5478],[78.1875,10.5404],[78.2469,10.5529],[78.2663,10.5901],[78.2564,10.6056],[78.2652,10.6187],[78.2829,10.7444],[78.2941,10.7323],[78.2898,10.7171],[78.2942,10.7024],[78.3406,10.7059],[78.3466,10.7204],[78.3582,10.7212],[78.3591,10.7422],[78.3406,10.7446],[78.3365,10.7546],[78.3116,10.7505],[78.308,10.7657],[78.3152,10.7926],[78.297,10.7932],[78.2918,10.8025],[78.2776,10.8055],[78.2789,10.8717],[78.2685,10.8622],[78.2567,10.8656],[78.2509,10.8586],[78.2536,10.8375],[78.2383,10.8361],[78.2325,10.7906],[78.2146,10.795],[78.2193,10.8254],[78.199,10.8271],[78.1921,10.8183],[78.1927,10.8283],[78.1868,10.826],[78.1886,10.8192],[78.1731,10.8022],[78.1552,10.7439],[78.1476,10.6824],[78.1463,10.6515],[78.1645,10.649],[78.1606,10.6325],[78.166,10.6137],[78.1384,10.5994],[78.1352,10.5791],[78.1337,10.5731]]]}},{"type":"Feature","properties":{"SUBDISTRICT":"Perambalur","STATE":"Tamil Nadu","shapeID":"7132399B32780311031015","source":"geoBoundaries gbOpen IND ADM3 (ODbL 1.0); source: Local Government Directory lgdirectory.gov.in via Pathways Data","DISTRICT":"Perambalur"},"geometry":{"type":"Polygon","coordinates":[[[78.6997,11.2277],[78.7103,11.2263],[78.7164,11.2123],[78.7038,11.2088],[78.7097,11.2016],[78.7065,11.1947],[78.7129,11.1919],[78.7075,11.1828],[78.7445,11.1869],[78.7398,11.1778],[78.7609,11.1866],[78.7564,11.1661],[78.7643,11.1396],[78.7542,11.1337],[78.7596,11.1251],[78.7825,11.1364],[78.7872,11.1604],[78.8152,11.1616],[78.8195,11.1544],[78.8352,11.1651],[78.8587,11.166],[78.9213,11.1496],[78.9228,11.1581],[78.94,11.1658],[78.9449,11.1983],[78.9385,11.2115],[78.9288,11.2155],[78.9274,11.233],[78.9459,11.2376],[78.9457,11.2632],[78.9304,11.2648],[78.9198,11.2846],[78.9119,11.2879],[78.9043,11.2873],[78.8946,11.2751],[78.8806,11.2732],[78.8815,11.2922],[78.8543,11.2919],[78.8588,11.3066],[78.8285,11.315],[78.7913,11.2904],[78.7702,11.2864],[78.7496,11.2909],[78.752,11.2784],[78.7169,11.2573],[78.7108,11.2429],[78.7159,11.2376],[78.7048,11.2283],[78.6997,11.2277]]]}},{"type":"Feature","properties":{"SUBDISTRICT":"Sendurai","STATE":"Tamil Nadu","shapeID":"7132399B28951676110607","source":"geoBoundaries gbOpen IND ADM3 (ODbL 1.0); source: Local Government Directory lgdirectory.gov.in via Pathways Data","DISTRICT":"Ariyalur"},"geometry":{"type":"Polygon","coordinates":[[[79.1087,11.2699],[79.1229,11.2539],[79.1341,11.2621],[79.1504,11.2472],[79.1579,11.2477],[79.1578,11.2337],[79.1774,11.2335],[79.1915,11.2259],[79.191,11.22],[79.1787,11.2151],[79.1743,11.1982],[79.1499,11.1852],[79.15,11.1795],[79.1655,11.1753],[79.1925,11.1761],[79.1859,11.1514],[79.1903,11.1496],[79.2185,11.1675],[79.22,11.1591],[79.2318,11.1536],[79.2286,11.1757],[79.2335,11.1707],[79.2369,11.1769],[79.2479,11.1659],[79.2694,11.1693],[79.2734,11.1982],[79.2975,11.2123],[79.2885,11.2195],[79.2896,11.2439],[79.2779,11.2469],[79.267,11.26],[79.2652,11.2822],[79.2485,11.2904],[79.2484,11.3096],[79.2607,11.3171],[79.2597,11.3274],[79.2654,11.3244],[79.2638,11.3376],[79.2821,11.3384],[79.2877,11.3459],[79.2876,11.3542],[79.2772,11.3597],[79.2832,11.3724],[79.2755,11.3863],[79.258,11.3877],[79.2448,11.3696],[79.2398,11.3847],[79.2308,11.3875],[79.1791,11.3693],[79.1631,11.3696],[79.1496,11.3575],[79.1588,11.3438],[79.1563,11.3339],[79.1294,11.3261],[79.124,11.3052],[79.1411,11.3033],[79.1394,11.2849],[79.1286,11.2921],[79.1143,11.2877],[79.1102,11.2731],[79.1087,11.2699]]]}},{"type":"Feature","properties":{"SUBDISTRICT":"Udayarpalayam","STATE":"Tamil Nadu","shapeID":"7132399B98712777734774","source":"geoBoundaries gbOpen IND ADM3 (ODbL 1.0); source: Local Government Directory lgdirectory.gov.in via Pathways Data","DISTRICT":"Ariyalur"},"geometry":{"type":"Polygon","coordinates":[[[79.1873,11.0552],[79.2202,11.0326],[79.219,11.0062],[79.2437,11.0003],[79.264,11.0119],[79.2784,11.0076],[79.283,10.9995],[79.2947,11.0136],[79.3135,11.0147],[79.4076,11.0731],[79.4315,11.1171],[79.4596,11.1491],[79.4673,11.1692],[79.4825,11.1731],[79.5054,11.2032],[79.5139,11.2263],[79.4962,11.248],[79.4978,11.2571],[79.5045,11.2572],[79.4975,11.3138],[79.4766,11.3133],[79.4639,11.3202],[79.4574,11.3139],[79.4601,11.3034],[79.4123,11.2959],[79.3979,11.2706],[79.3819,11.2774],[79.3479,11.2781],[79.3693,11.257],[79.3704,11.2429],[79.3429,11.2458],[79.3473,11.2315],[79.3071,11.2273],[79.2923,11.2173],[79.2975,11.2123],[79.2882,11.2024],[79.2734,11.1982],[79.2694,11.1693],[79.2479,11.1659],[79.2369,11.1769],[79.2335,11.1707],[79.2286,11.1757],[79.2352,11.1569],[79.2258,11.1517],[79.215,11.1277],[79.2173,11.105],[79.2043,11.0993],[79.2168,11.0852],[79.2119,11.0634],[79.1905,11.0665],[79.1883,11.0596],[79.1873,11.0552]]]}},{"type":"Feature","properties":{"SUBDISTRICT":"Ariyalur","STATE":"Tamil Nadu","shapeID":"7132399B66460163663379","source":"geoBoundaries gbOpen IND ADM3 (ODbL 1.0); source: Local Government Directory lgdirectory.gov.in via Pathways Data","DISTRICT":"Ariyalur"},"geometry":{"type":"Polygon","coordinates":[[[78.9389,10.9619],[78.9534,10.9486],[78.9662,10.9483],[78.9797,10.9334],[78.981,10.9209],[78.99,10.9263],[78.9999,10.9201],[79.0075,10.8893],[79.0352,10.883],[79.0571,10.8883],[79.0839,10.923],[79.115,10.9233],[79.1522,10.9401],[79.1804,10.9379],[79.2051,10.9458],[79.2082,10.9374],[79.2139,10.9385],[79.283,10.9995],[79.2784,11.0076],[79.264,11.0119],[79.2437,11.0003],[79.219,11.0062],[79.2202,11.0326],[79.1874,11.0519],[79.1905,11.0665],[79.2119,11.0634],[79.2168,11.0852],[79.2043,11.0993],[79.2173,11.105],[79.215,11.1277],[79.2271,11.1534],[79.2185,11.1675],[79.1903,11.1496],[79.1859,11.1514],[79.1925,11.1761],[79.15,11.1795],[79.15,11.1872],[79.1743,11.1982],[79.1787,11.2151],[79.192,11.2237],[79.1774,11.2335],[79.1578,11.2337],[79.1579,11.2477],[79.1504,11.2472],[79.1341,11.2621],[79.1229,11.2539],[79.124,11.2443],[79.1114,11.241],[79.1133,11.2263],[79.1009,11.2261],[79.0961,11.1975],[79.075,11.2037],[79.0684,11.1991],[79.0708,11.1853],[79.0808,11.1769],[79.0721,11.1739],[79.0738,11.1521],[79.0645,11.1507],[79.0589,11.1361],[79.0602,11.1229],[79.0659,11.1258],[79.0685,11.1208],[79.0649,11.108],[79.0698,11.1033],[79.0655,11.1046],[79.0683,11.0995],[79.0573,11.0833],[79.0365,11.0826],[79.0282,11.0649],[79.009,11.0568],[79.0148,11.0083],[78.9946,10.9967],[78.9878,11.0001],[78.986,10.9762],[78.9779,10.9658],[78.9528,10.9693],[78.9442,10.9637],[78.9389,10.9619]]]}},{"type":"Feature","properties":{"SUBDISTRICT":"Mayiladuthurai","STATE":"Tamil Nadu","shapeID":"7132399B60535083008353","source":"geoBoundaries gbOpen IND ADM3 (ODbL 1.0); source: Local Government Directory lgdirectory.gov.in via Pathways Data","DISTRICT":"Nagapattinam"},"geometry":{"type":"Polygon","coordinates":[[[79.5235,11.1808],[79.5379,11.1774],[79.5454,11.1582],[79.5592,11.1609],[79.559,11.153],[79.5739,11.145],[79.5533,11.1278],[79.5479,11.1139],[79.5656,11.1185],[79.5738,11.1171],[79.5729,11.1101],[79.5859,11.1133],[79.5944,11.1008],[79.5947,11.0915],[79.5865,11.0862],[79.5924,11.0673],[79.6133,11.069],[79.621,11.0569],[79.6372,11.0641],[79.6863,11.0623],[79.6916,11.0749],[79.6864,11.0786],[79.7169,11.0903],[79.7006,11.0957],[79.7009,11.1035],[79.6925,11.1075],[79.694,11.1577],[79.7039,11.1526],[79.7218,11.168],[79.7051,11.1747],[79.6952,11.1656],[79.6928,11.1786],[79.6739,11.1657],[79.666,11.2006],[79.6735,11.2157],[79.6667,11.2188],[79.6683,11.2269],[79.6591,11.2269],[79.6577,11.2422],[79.6503,11.2393],[79.6441,11.247],[79.6326,11.2456],[79.6186,11.2545],[79.599,11.2174],[79.5257,11.1823],[79.5235,11.1808]]]}},{"type":"Feature","properties":{"SUBDISTRICT":"Kuthalam","STATE":"Tamil Nadu","shapeID":"7132399B78606385057721","source":"geoBoundaries gbOpen IND ADM3 (ODbL 1.0); source: Local Government Directory lgdirectory.gov.in via Pathways Data","DISTRICT":"Nagapattinam"},"geometry":{"type":"Polygon","coordinates":[[[79.5099,10.9836],[79.5149,10.9677],[79.5283,10.9691],[79.5273,10.9575],[79.5324,10.9641],[79.5572,10.9678],[79.5587,10.9735],[79.5767,10.9694],[79.5791,10.981],[79.5898,10.981],[79.6033,10.97],[79.6078,10.9799],[79.6336,10.9774],[79.6354,10.9966],[79.6505,11.0131],[79.6726,11.0147],[79.6705,11.0599],[79.6372,11.0641],[79.621,11.0569],[79.6133,11.069],[79.5924,11.0673],[79.5865,11.0862],[79.5947,11.0915],[79.5944,11.1008],[79.5859,11.1133],[79.5729,11.1101],[79.5738,11.1171],[79.563,11.1185],[79.5399,11.1076],[79.5399,11.0937],[79.542,11.1027],[79.5487,11.1029],[79.5425,11.083],[79.5523,11.0789],[79.5154,11.04],[79.5193,11.025],[79.5345,11.0248],[79.5374,11.012],[79.5272,11.0126],[79.5271,11.0068],[79.5418,11.0067],[79.5488,11.0004],[79.5462,10.9957],[79.523,10.9962],[79.5239,10.9854],[79.5124,10.9863],[79.5099,10.9836]]]}},{"type":"Feature","properties":{"SUBDISTRICT":"Thirukkuvalai","STATE":"Tamil Nadu","shapeID":"7132399B36402237803870","source":"geoBoundaries gbOpen IND ADM3 (ODbL 1.0); source: Local Government Directory lgdirectory.gov.in via Pathways Data","DISTRICT":"Nagapattinam"},"geometry":{"type":"Polygon","coordinates":[[[79.6452,10.6376],[79.6557,10.6403],[79.6736,10.6321],[79.6805,10.6159],[79.6625,10.6122],[79.665,10.6004],[79.6733,10.5973],[79.6755,10.5823],[79.6934,10.5802],[79.6863,10.57],[79.6731,10.5711],[79.6664,10.5556],[79.6827,10.5573],[79.7064,10.5444],[79.716,10.5502],[79.7325,10.5329],[79.749,10.5424],[79.7532,10.5523],[79.7487,10.5724],[79.7589,10.5822],[79.7516,10.5942],[79.7637,10.6045],[79.7531,10.6142],[79.7789,10.6243],[79.7862,10.6158],[79.7894,10.625],[79.7994,10.6269],[79.7757,10.636],[79.7803,10.6455],[79.7674,10.6596],[79.7407,10.6624],[79.7361,10.6704],[79.7215,10.6639],[79.7217,10.6557],[79.7094,10.6575],[79.7078,10.6772],[79.6898,10.6702],[79.6803,10.6792],[79.6722,10.6538],[79.659,10.6605],[79.6453,10.6379],[79.6452,10.6376]]]}},{"type":"Feature","properties":{"SUBDISTRICT":"Vedaranyam","STATE":"Tamil Nadu","shapeID":"7132399B25254372367975","source":"geoBoundaries gbOpen IND ADM3 (ODbL 1.0); source: Local Government Directory lgdirectory.gov.in via Pathways Data","DISTRICT":"Nagapattinam"},"geometry":{"type":"Polygon","coordinates":[[[79.6307,10.3949],[79.6374,10.3812],[79.6328,10.2898],[79.7319,10.2746],[79.8239,10.2747],[79.8596,10.2822],[79.8825,10.3023],[79.8676,10.4057],[79.8596,10.5501],[79.8168,10.5449],[79.8016,10.5612],[79.7977,10.5806],[79.7791,10.5837],[79.7488,10.5728],[79.7545,10.5595],[79.749,10.5424],[79.7358,10.5372],[79.7055,10.5045],[79.6952,10.505],[79.7048,10.4801],[79.6824,10.479],[79.694,10.449],[79.671,10.4403],[79.6617,10.4459],[79.6336,10.445],[79.637,10.4172],[79.632,10.3979],[79.6307,10.3949]]]}},{"type":"Feature","properties":{"SUBDISTRICT":"Bodinayakanur","STATE":"Tamil Nadu","shapeID":"7132399B48242109573020","source":"geoBoundaries gbOpen IND ADM3 (ODbL 1.0); source: Local Government Directory lgdirectory.gov.in via Pathways Data","DISTRICT":"Theni"},"geometry":{"type":"Polygon","coordinates":[[[77.202,10.1014],[77.2095,10.0825],[77.2325,10.0659],[77.2627,10.0293],[77.2555,10.0092],[77.2623,10.0039],[77.2645,9.9819],[77.2762,9.9728],[77.2615,9.9518],[77.2667,9.9379],[77.2801,9.9429],[77.2926,9.9581],[77.3208,9.9535],[77.3349,9.9376],[77.3388,9.9183],[77.3536,9.9116],[77.3575,9.9026],[77.3744,9.9134],[77.3984,9.9091],[77.4155,9.9562],[77.4241,9.9655],[77.4463,9.969],[77.4397,10.0012],[77.4544,9.9977],[77.476,10.0102],[77.4401,10.0376],[77.4421,10.0465],[77.4488,10.0552],[77.4849,10.0646],[77.4848,10.0844],[77.5077,10.0998],[77.4946,10.1221],[77.4371,10.1305],[77.4174,10.1384],[77.4079,10.154],[77.3945,10.1587],[77.3719,10.1364],[77.3619,10.1469],[77.3433,10.1322],[77.3304,10.1384],[77.3249,10.1251],[77.3042,10.135],[77.2842,10.1238],[77.2835,10.116],[77.2448,10.1292],[77.2175,10.1126],[77.2088,10.1152],[77.2023,10.1046],[77.202,10.1014]],[[77.4328,10.0666],[77.4355,10.0665],[77.4356,10.0633],[77.4329,10.0634],[77.4328,10.0666]]]}},{"type":"Feature","properties":{"SUBDISTRICT":"Theni","STATE":"Tamil Nadu","shapeID":"7132399B57102646793125","source":"geoBoundaries gbOpen IND ADM3 (ODbL 1.0); source: Local Government Directory lgdirectory.gov.in via Pathways Data","DISTRICT":"Theni"},"geometry":{"type":"MultiPolygon","coordinates":[[[[77.4328,10.0666],[77.4329,10.0634],[77.4356,10.0633],[77.4355,10.0665],[77.4328,10.0666]]],[[[77.3853,9.8726],[77.4173,9.8633],[77.4238,9.8893],[77.4536,9.8789],[77.4697,9.8835],[77.4886,9.8585],[77.4982,9.8688],[77.5002,9.8916],[77.5131,9.9007],[77.5154,9.9236],[77.5088,9.9487],[77.5153,9.9879],[77.5107,9.9956],[77.5225,10.0089],[77.5038,10.0168],[77.5015,10.0245],[77.5139,10.0427],[77.5036,10.0556],[77.4849,10.0646],[77.4488,10.0552],[77.4401,10.0376],[77.476,10.0102],[77.4544,9.9977],[77.4397,10.0012],[77.4463,9.969],[77.4241,9.9655],[77.4114,9.9506],[77.3863,9.8735],[77.3853,9.8726]]]]}},{"type":"Feature","properties":{"SUBDISTRICT":"Uthamapalayam","STATE":"Tamil Nadu","shapeID":"7132399B1649971731887","source":"geoBoundaries gbOpen IND ADM3 (ODbL 1.0); source: Local Government Directory lgdirectory.gov.in via Pathways Data","DISTRICT":"Theni"},"geometry":{"type":"Polygon","coordinates":[[[77.1673,9.6148],[77.1901,9.606],[77.2015,9.6148],[77.2115,9.613],[77.2122,9.6046],[77.2385,9.5817],[77.2456,9.5849],[77.2708,9.574],[77.2908,9.59],[77.3202,9.6022],[77.3308,9.5978],[77.3267,9.5795],[77.3408,9.5724],[77.3614,9.6197],[77.3806,9.636],[77.3755,9.6588],[77.3851,9.672],[77.3754,9.6717],[77.3732,9.6778],[77.3945,9.6898],[77.3939,9.7009],[77.4338,9.7442],[77.44,9.7616],[77.4366,9.7836],[77.4401,9.7765],[77.4467,9.7924],[77.4586,9.7959],[77.458,9.8024],[77.448,9.7972],[77.4464,9.8055],[77.4623,9.8292],[77.4869,9.851],[77.4942,9.8483],[77.4697,9.8835],[77.4536,9.8789],[77.4238,9.8893],[77.4173,9.8633],[77.386,9.8719],[77.3947,9.9084],[77.3744,9.9134],[77.3575,9.9026],[77.3536,9.9116],[77.3388,9.9183],[77.3349,9.9376],[77.3208,9.9535],[77.2926,9.9581],[77.2684,9.936],[77.2615,9.9518],[77.2495,9.9519],[77.2317,9.9147],[77.2192,9.9033],[77.2214,9.8867],[77.214,9.8749],[77.2241,9.8627],[77.2386,9.858],[77.2387,9.852],[77.2288,9.8475],[77.2239,9.8235],[77.2422,9.8153],[77.2491,9.7975],[77.2249,9.7889],[77.2258,9.7753],[77.2338,9.769],[77.2213,9.7464],[77.2235,9.7306],[77.2052,9.7244],[77.207,9.695],[77.1949,9.6692],[77.181,9.657],[77.1777,9.6286],[77.1703,9.6171],[77.1673,9.6148]]]}},{"type":"Feature","properties":{"SUBDISTRICT":"Panruti","STATE":"Tamil Nadu","shapeID":"7132399B45751582492298","source":"geoBoundaries gbOpen IND ADM3 (ODbL 1.0); source: Local Government Directory lgdirectory.gov.in via Pathways Data","DISTRICT":"Cuddalore"},"geometry":{"type":"MultiPolygon","coordinates":[[[[79.4316,11.7759],[79.4349,11.767],[79.4468,11.7615],[79.4547,11.7683],[79.466,11.7669],[79.4602,11.7382],[79.4758,11.7162],[79.4437,11.7045],[79.4435,11.6795],[79.4486,11.6755],[79.445,11.664],[79.4333,11.6627],[79.433,11.6545],[79.4433,11.6498],[79.4477,11.634],[79.463,11.6242],[79.4788,11.6255],[79.4839,11.6344],[79.5154,11.6271],[79.5534,11.6357],[79.5774,11.6257],[79.5908,11.6278],[79.5925,11.6342],[79.602,11.6323],[79.6076,11.6532],[79.6261,11.6545],[79.6276,11.6859],[79.6521,11.6822],[79.6527,11.6949],[79.6257,11.7103],[79.6146,11.706],[79.6005,11.7319],[79.6114,11.7358],[79.6157,11.747],[79.6307,11.739],[79.6662,11.7375],[79.665,11.7298],[79.6714,11.7263],[79.6718,11.735],[79.6942,11.7405],[79.6962,11.7853],[79.6905,11.8027],[79.6757,11.8015],[79.6649,11.8096],[79.6428,11.7977],[79.5931,11.8391],[79.568,11.8382],[79.4762,11.8686],[79.4557,11.87],[79.4513,11.8545],[79.457,11.8448],[79.4709,11.8468],[79.4699,11.8323],[79.4808,11.8324],[79.4782,11.821],[79.4845,11.807],[79.4731,11.7979],[79.4655,11.7989],[79.4644,11.8067],[79.4432,11.8078],[79.433,11.7801],[79.4316,11.7759]]],[[[79.4328,11.4956],[79.436,11.4905],[79.4473,11.4995],[79.4549,11.4977],[79.4632,11.5096],[79.4504,11.5269],[79.4406,11.5273],[79.4459,11.5148],[79.4371,11.51],[79.4328,11.4973],[79.4328,11.4956]]]]}},{"type":"Feature","properties":{"SUBDISTRICT":"Kurinjipadi","STATE":"Tamil Nadu","shapeID":"7132399B61868064882529","source":"geoBoundaries gbOpen IND ADM3 (ODbL 1.0); source: Local Government Directory lgdirectory.gov.in via Pathways Data","DISTRICT":"Cuddalore"},"geometry":{"type":"Polygon","coordinates":[[[79.4294,11.5401],[79.4398,11.5431],[79.4513,11.5575],[79.45,11.5442],[79.4559,11.5403],[79.4589,11.5618],[79.4653,11.5626],[79.4688,11.5471],[79.4624,11.5468],[79.4621,11.5375],[79.4686,11.5268],[79.4772,11.5266],[79.4946,11.5687],[79.525,11.5638],[79.5239,11.5534],[79.5346,11.5518],[79.5387,11.5412],[79.5272,11.5152],[79.5181,11.5093],[79.5201,11.4987],[79.5371,11.4935],[79.5506,11.4978],[79.5514,11.5073],[79.5662,11.5111],[79.5989,11.5071],[79.601,11.5208],[79.6136,11.5181],[79.6153,11.5245],[79.6309,11.5278],[79.6356,11.5081],[79.6447,11.5069],[79.664,11.5138],[79.6769,11.5364],[79.6706,11.5432],[79.7069,11.5473],[79.7269,11.5931],[79.7227,11.6036],[79.731,11.6108],[79.7315,11.6225],[79.7035,11.6344],[79.7084,11.6704],[79.6832,11.6706],[79.6818,11.6755],[79.6302,11.6876],[79.6261,11.6545],[79.6076,11.6532],[79.602,11.6323],[79.5925,11.6342],[79.5908,11.6278],[79.5774,11.6257],[79.5534,11.6357],[79.5154,11.6271],[79.4839,11.6344],[79.4711,11.6191],[79.4587,11.6201],[79.4613,11.6135],[79.4373,11.6021],[79.445,11.5842],[79.4426,11.5606],[79.4485,11.5588],[79.4307,11.5414],[79.4294,11.5401]]]}},{"type":"Feature","properties":{"SUBDISTRICT":"Kattumannarkoil","STATE":"Tamil Nadu","shapeID":"7132399B14546044429539","source":"geoBoundaries gbOpen IND ADM3 (ODbL 1.0); source: Local Government Directory lgdirectory.gov.in via Pathways Data","DISTRICT":"Cuddalore"},"geometry":{"type":"Polygon","coordinates":[[[79.4462,11.3375],[79.4638,11.3345],[79.4766,11.3133],[79.5004,11.3125],[79.5045,11.2572],[79.4978,11.2571],[79.4962,11.248],[79.5139,11.2263],[79.5054,11.2032],[79.4825,11.1731],[79.4673,11.1692],[79.4596,11.1491],[79.5549,11.2006],[79.599,11.2174],[79.6186,11.2545],[79.6326,11.2456],[79.6491,11.2498],[79.6463,11.2925],[79.6923,11.3171],[79.6839,11.3232],[79.6943,11.3327],[79.6845,11.3471],[79.6788,11.3334],[79.6521,11.3332],[79.6507,11.3376],[79.6468,11.3332],[79.6381,11.3386],[79.6274,11.3263],[79.6359,11.3654],[79.621,11.365],[79.6199,11.3539],[79.5578,11.3539],[79.558,11.3656],[79.5322,11.3646],[79.5379,11.3518],[79.4937,11.3436],[79.4931,11.353],[79.4802,11.3485],[79.4497,11.3517],[79.4474,11.3396],[79.4462,11.3375]]]}},{"type":"Feature","properties":{"SUBDISTRICT":"Tittakudi","STATE":"Tamil Nadu","shapeID":"7132399B28996291811154","source":"geoBoundaries gbOpen IND ADM3 (ODbL 1.0); source: Local Government Directory lgdirectory.gov.in via Pathways Data","DISTRICT":"Cuddalore"},"geometry":{"type":"Polygon","coordinates":[[[78.8758,11.505],[78.9651,11.4011],[78.9837,11.3989],[78.9935,11.4043],[79.0343,11.3931],[79.0524,11.4016],[79.0817,11.3968],[79.1081,11.4011],[79.1584,11.3811],[79.1744,11.3688],[79.2282,11.3873],[79.2398,11.3847],[79.2448,11.3696],[79.2593,11.3884],[79.2755,11.3863],[79.2787,11.3798],[79.2988,11.3808],[79.2948,11.4121],[79.3134,11.4165],[79.3073,11.4332],[79.2876,11.4461],[79.2924,11.459],[79.2842,11.4765],[79.2277,11.471],[79.2269,11.4952],[79.2107,11.498],[79.1979,11.4912],[79.1838,11.4996],[79.1671,11.4781],[79.1573,11.4777],[79.1493,11.4684],[79.1267,11.4777],[79.1318,11.4944],[79.1031,11.52],[79.1011,11.5303],[79.0922,11.5333],[79.0712,11.5293],[79.0619,11.5149],[79.0521,11.5165],[79.0498,11.5052],[79.0354,11.5071],[79.0329,11.4973],[79.0159,11.4906],[79.0141,11.4799],[78.9957,11.4864],[78.976,11.4841],[78.9473,11.4947],[78.9518,11.5228],[78.9339,11.5297],[78.9179,11.5291],[78.9051,11.5023],[78.8758,11.505]]]}},{"type":"Feature","properties":{"SUBDISTRICT":"Coonoor","STATE":"Tamil Nadu","shapeID":"7132399B49756481696671","source":"geoBoundaries gbOpen IND ADM3 (ODbL 1.0); source: Local Government Directory lgdirectory.gov.in via Pathways Data","DISTRICT":"Nilgiris"},"geometry":{"type":"Polygon","coordinates":[[[76.6776,11.3699],[76.6977,11.3532],[76.6942,11.3415],[76.6974,11.3279],[76.7037,11.3275],[76.6965,11.3166],[76.7059,11.2978],[76.6989,11.2826],[76.7091,11.2729],[76.6817,11.2706],[76.6976,11.258],[76.71,11.2619],[76.7394,11.2447],[76.7686,11.2611],[76.7667,11.2831],[76.7733,11.2876],[76.7897,11.2769],[76.7995,11.2912],[76.81,11.295],[76.8432,11.2863],[76.8559,11.2918],[76.8628,11.3058],[76.8512,11.3384],[76.8796,11.3566],[76.8875,11.3485],[76.8898,11.3557],[76.8855,11.3711],[76.871,11.3786],[76.8581,11.3956],[76.8418,11.3864],[76.8206,11.3915],[76.8086,11.3809],[76.7805,11.3881],[76.7816,11.3668],[76.7566,11.3783],[76.7561,11.3935],[76.7487,11.3888],[76.7428,11.3983],[76.7294,11.3915],[76.7243,11.3964],[76.6916,11.3774],[76.6818,11.3776],[76.6782,11.3703],[76.6776,11.3699]]]}},{"type":"Feature","properties":{"SUBDISTRICT":"Uthiramerur","STATE":"Tamil Nadu","shapeID":"7132399B96271464413206","source":"geoBoundaries gbOpen IND ADM3 (ODbL 1.0); source: Local Government Directory lgdirectory.gov.in via Pathways Data","DISTRICT":"Kancheepuram"},"geometry":{"type":"Polygon","coordinates":[[[79.6337,12.631],[79.647,12.625],[79.6502,12.6012],[79.6706,12.5922],[79.6919,12.6004],[79.7258,12.5876],[79.7283,12.5788],[79.7184,12.5802],[79.7073,12.5711],[79.7215,12.5654],[79.7173,12.549],[79.7471,12.53],[79.7564,12.5404],[79.7559,12.5583],[79.7659,12.5474],[79.7782,12.5485],[79.7828,12.5581],[79.7938,12.5566],[79.7982,12.5639],[79.8238,12.5621],[79.8146,12.5836],[79.8166,12.6031],[79.8066,12.6242],[79.8255,12.6164],[79.8482,12.6272],[79.8699,12.6221],[79.8935,12.6285],[79.8986,12.6368],[79.9264,12.6286],[79.9174,12.692],[79.931,12.6916],[79.9325,12.6982],[79.9495,12.6949],[79.9389,12.7201],[79.9197,12.7423],[79.8621,12.7648],[79.8319,12.7501],[79.8174,12.7291],[79.7944,12.7251],[79.7864,12.7112],[79.7496,12.7039],[79.7386,12.6885],[79.6843,12.6675],[79.6485,12.6677],[79.6344,12.6342],[79.6337,12.631]]]}},{"type":"Feature","properties":{"SUBDISTRICT":"Valangaiman","STATE":"Tamil Nadu","shapeID":"7132399B33649430957824","source":"geoBoundaries gbOpen IND ADM3 (ODbL 1.0); source: Local Government Directory lgdirectory.gov.in via Pathways Data","DISTRICT":"Thiruvarur"},"geometry":{"type":"Polygon","coordinates":[[[79.2759,10.9008],[79.282,10.8702],[79.3031,10.8602],[79.2981,10.8333],[79.3338,10.818],[79.3368,10.8107],[79.3436,10.8153],[79.3733,10.8056],[79.3851,10.8083],[79.3859,10.7971],[79.4057,10.7891],[79.4204,10.773],[79.4427,10.7741],[79.4402,10.7834],[79.4495,10.7817],[79.451,10.7897],[79.4566,10.7898],[79.4536,10.8037],[79.4651,10.8057],[79.4473,10.8305],[79.4595,10.8329],[79.4609,10.8437],[79.4458,10.8413],[79.4416,10.8506],[79.4304,10.8498],[79.4238,10.8564],[79.432,10.8613],[79.446,10.8536],[79.4479,10.8613],[79.4543,10.8572],[79.4557,10.8676],[79.4004,10.8926],[79.3791,10.8888],[79.3076,10.9288],[79.2832,10.9193],[79.3021,10.8989],[79.278,10.9009],[79.2759,10.9008]]]}},{"type":"Feature","properties":{"SUBDISTRICT":"Thiruvarur","STATE":"Tamil Nadu","shapeID":"7132399B3882059210846","source":"geoBoundaries gbOpen IND ADM3 (ODbL 1.0); source: Local Government Directory lgdirectory.gov.in via Pathways Data","DISTRICT":"Thiruvarur"},"geometry":{"type":"Polygon","coordinates":[[[79.5353,10.8163],[79.5705,10.7904],[79.5707,10.7723],[79.5617,10.7778],[79.5498,10.7619],[79.5604,10.7656],[79.579,10.7574],[79.5793,10.7509],[79.5886,10.749],[79.5819,10.7432],[79.5847,10.738],[79.6281,10.7359],[79.6109,10.735],[79.6144,10.7262],[79.6073,10.7131],[79.6497,10.6888],[79.634,10.686],[79.6356,10.6776],[79.6192,10.6739],[79.6395,10.6651],[79.6414,10.6389],[79.6509,10.6434],[79.659,10.6605],[79.6722,10.6538],[79.6756,10.6733],[79.6829,10.6806],[79.6825,10.6912],[79.6568,10.7055],[79.6597,10.7156],[79.6747,10.711],[79.6948,10.7202],[79.6873,10.7318],[79.7047,10.7479],[79.7013,10.7661],[79.7104,10.7856],[79.7332,10.8033],[79.7327,10.8113],[79.7262,10.8099],[79.7298,10.8314],[79.7087,10.827],[79.6896,10.8323],[79.691,10.8183],[79.6631,10.8185],[79.6614,10.8079],[79.678,10.799],[79.6521,10.7978],[79.6497,10.8047],[79.6336,10.7971],[79.6148,10.7989],[79.6028,10.8212],[79.593,10.8241],[79.6009,10.8314],[79.5876,10.8334],[79.5871,10.8403],[79.5689,10.8383],[79.5704,10.8465],[79.5798,10.8472],[79.5749,10.8565],[79.5681,10.8496],[79.5505,10.8542],[79.5477,10.8466],[79.5532,10.8416],[79.5488,10.8333],[79.5373,10.8332],[79.5355,10.8173],[79.5353,10.8163]]]}},{"type":"Feature","properties":{"SUBDISTRICT":"Thiruvidaimarudur","STATE":"Tamil Nadu","shapeID":"7132399B22786486637557","source":"geoBoundaries gbOpen IND ADM3 (ODbL 1.0); source: Local Government Directory lgdirectory.gov.in via Pathways Data","DISTRICT":"Thanjavur"},"geometry":{"type":"Polygon","coordinates":[[[79.3972,11.0607],[79.4009,11.0489],[79.4142,11.0596],[79.4231,11.0486],[79.4203,11.025],[79.4078,11.019],[79.421,11.0147],[79.4106,11.0125],[79.4164,10.9914],[79.4035,10.9729],[79.4096,10.9739],[79.409,10.9639],[79.4255,10.9613],[79.4531,10.981],[79.4531,10.9669],[79.4682,10.9728],[79.4637,10.9749],[79.4758,10.9805],[79.4732,10.9855],[79.4797,10.9776],[79.4935,10.9784],[79.4987,10.9674],[79.5084,10.9698],[79.5052,10.9777],[79.5124,10.9863],[79.5239,10.9854],[79.523,10.9962],[79.5462,10.9957],[79.5488,11.0004],[79.5418,11.0067],[79.5271,11.0068],[79.5272,11.0126],[79.5374,11.012],[79.5345,11.0248],[79.5193,11.025],[79.5154,11.04],[79.5507,11.0751],[79.5417,11.0861],[79.5487,11.1029],[79.542,11.1027],[79.5423,11.0938],[79.5377,11.102],[79.5484,11.1083],[79.5533,11.1278],[79.5739,11.145],[79.559,11.153],[79.5592,11.1609],[79.541,11.1621],[79.5379,11.1774],[79.5235,11.1808],[79.5015,11.1742],[79.4596,11.1491],[79.3974,11.0633],[79.3972,11.0607]],[[79.4158,10.9776],[79.4206,10.9807],[79.4161,10.9773],[79.4158,10.9776]]]}},{"type":"Feature","properties":{"SUBDISTRICT":"Thiruvaiyaru","STATE":"Tamil Nadu","shapeID":"7132399B29987017536790","source":"geoBoundaries gbOpen IND ADM3 (ODbL 1.0); source: Local Government Directory lgdirectory.gov.in via Pathways Data","DISTRICT":"Thanjavur"},"geometry":{"type":"Polygon","coordinates":[[[78.9949,10.8295],[78.9961,10.821],[79.0053,10.8205],[79.0077,10.829],[79.0309,10.827],[79.0378,10.8138],[79.0558,10.8228],[79.066,10.8169],[79.1464,10.8213],[79.1494,10.8338],[79.1372,10.8341],[79.1351,10.8431],[79.1401,10.8552],[79.1529,10.8605],[79.1504,10.8663],[79.1613,10.863],[79.1618,10.8701],[79.1495,10.8747],[79.1718,10.8978],[79.1523,10.8877],[79.1544,10.915],[79.1392,10.935],[79.1077,10.9217],[79.0839,10.923],[79.0506,10.8852],[79.0061,10.8899],[79.01,10.8593],[78.9962,10.8552],[79.0039,10.8529],[78.997,10.8493],[78.9993,10.8385],[79.0081,10.8406],[79.0078,10.8323],[78.9953,10.8313],[78.9949,10.8295]]]}},{"type":"Feature","properties":{"SUBDISTRICT":"Thirumayam","STATE":"Tamil Nadu","shapeID":"7132399B65177527414068","source":"geoBoundaries gbOpen IND ADM3 (ODbL 1.0); source: Local Government Directory lgdirectory.gov.in via Pathways Data","DISTRICT":"Pudukkottai"},"geometry":{"type":"MultiPolygon","coordinates":[[[[78.6331,10.2783],[78.6501,10.2523],[78.6437,10.2404],[78.651,10.2363],[78.6509,10.2252],[78.6723,10.2046],[78.6653,10.178],[78.6725,10.1734],[78.672,10.1542],[78.6828,10.1465],[78.692,10.1467],[78.7082,10.1736],[78.7284,10.168],[78.7312,10.1593],[78.7679,10.1642],[78.7713,10.1978],[78.8107,10.2114],[78.8235,10.196],[78.8173,10.1644],[78.8313,10.1508],[78.8327,10.1383],[78.8473,10.1374],[78.8467,10.1249],[78.8606,10.125],[78.8836,10.1534],[78.8963,10.1475],[78.9013,10.1546],[78.913,10.1442],[78.9093,10.1292],[78.9284,10.1143],[78.9351,10.1223],[78.9628,10.1252],[78.958,10.1378],[78.9479,10.1383],[78.9495,10.1493],[78.9348,10.1535],[78.938,10.1632],[78.9234,10.1716],[78.9393,10.1855],[78.93,10.2115],[78.9319,10.2244],[78.9169,10.2405],[78.9202,10.2463],[78.9118,10.2497],[78.8983,10.2842],[78.8593,10.3043],[78.8387,10.3301],[78.8058,10.3352],[78.7983,10.3456],[78.7598,10.3641],[78.7421,10.3629],[78.7279,10.351],[78.7021,10.3623],[78.6884,10.3617],[78.6899,10.3444],[78.6663,10.3521],[78.6586,10.345],[78.6586,10.333],[78.6384,10.3107],[78.6484,10.2953],[78.6398,10.2887],[78.6331,10.2783]]],[[[78.434,10.284],[78.4343,10.276],[78.4566,10.2769],[78.4631,10.3004],[78.4578,10.3124],[78.4418,10.3149],[78.4378,10.2946],[78.434,10.284]]]]}},{"type":"Feature","properties":{"SUBDISTRICT":"Ponnamaravathi","STATE":"Tamil Nadu","shapeID":"7132399B49429548541134","source":"geoBoundaries gbOpen IND ADM3 (ODbL 1.0); source: Local Government Directory lgdirectory.gov.in via Pathways Data","DISTRICT":"Pudukkottai"},"geometry":{"type":"Polygon","coordinates":[[[78.4506,10.245],[78.4661,10.2399],[78.4832,10.2546],[78.4818,10.24],[78.4892,10.2324],[78.4742,10.219],[78.4725,10.2033],[78.4888,10.1892],[78.5171,10.1899],[78.5158,10.2233],[78.5369,10.2532],[78.5542,10.2471],[78.5572,10.2531],[78.5727,10.2561],[78.5776,10.2654],[78.5708,10.2761],[78.5809,10.2846],[78.6129,10.2689],[78.6365,10.2662],[78.6331,10.2783],[78.6484,10.2953],[78.6384,10.3107],[78.6431,10.3202],[78.6586,10.333],[78.6586,10.345],[78.6663,10.3521],[78.6899,10.3444],[78.6884,10.3617],[78.6996,10.3619],[78.702,10.3742],[78.6816,10.3756],[78.6659,10.3935],[78.6647,10.4096],[78.6357,10.4073],[78.6201,10.4217],[78.5908,10.4247],[78.5847,10.4403],[78.5756,10.4441],[78.5652,10.4421],[78.5641,10.4268],[78.5564,10.4252],[78.553,10.4324],[78.5247,10.4359],[78.5179,10.4058],[78.5296,10.3999],[78.5268,10.3808],[78.517,10.3704],[78.5077,10.3749],[78.4971,10.361],[78.4973,10.3522],[78.5117,10.3433],[78.5224,10.3259],[78.5148,10.2652],[78.4587,10.2668],[78.4513,10.2533],[78.4506,10.245]]]}},{"type":"Feature","properties":{"SUBDISTRICT":"Devakottai","STATE":"Tamil Nadu","shapeID":"7132399B23804206260765","source":"geoBoundaries gbOpen IND ADM3 (ODbL 1.0); source: Local Government Directory lgdirectory.gov.in via Pathways Data","DISTRICT":"Sivaganga"},"geometry":{"type":"Polygon","coordinates":[[[78.6987,9.9253],[78.7265,9.8993],[78.7164,9.8734],[78.7343,9.8697],[78.723,9.861],[78.7287,9.8474],[78.7225,9.8346],[78.7299,9.8305],[78.7348,9.8393],[78.7372,9.8335],[78.7174,9.8177],[78.716,9.8044],[78.7291,9.8017],[78.7389,9.7871],[78.7412,9.7694],[78.7294,9.7645],[78.7352,9.7499],[78.7643,9.7756],[78.772,9.7706],[78.7769,9.7981],[78.7897,9.7822],[78.8229,9.7776],[78.8133,9.7453],[78.8298,9.7215],[78.858,9.7544],[78.8888,9.7562],[78.9006,9.7836],[78.8839,9.799],[78.8732,9.8612],[78.8776,9.8728],[78.8829,9.8814],[78.9043,9.88],[78.9032,9.9],[78.9239,9.9213],[78.9571,9.9211],[78.9682,9.9365],[79.0015,9.9538],[79.0016,9.9751],[79.0145,9.9792],[79.01,9.9873],[78.975,9.9902],[78.9733,10.0012],[78.9401,10.0133],[78.9258,10.0334],[78.9091,10.0305],[78.9084,10.0193],[78.8862,10.0228],[78.8896,10.0052],[78.8693,9.9987],[78.858,10.0472],[78.8648,10.054],[78.8559,10.0601],[78.8408,10.0452],[78.8143,10.0492],[78.8129,10.044],[78.7995,10.0421],[78.8099,10.0356],[78.8102,10.0277],[78.789,10.0247],[78.8015,10.0155],[78.7866,10.0188],[78.7668,9.9649],[78.7554,9.9656],[78.7617,9.9586],[78.7565,9.9538],[78.7464,9.9562],[78.7547,9.9447],[78.7369,9.9333],[78.7325,9.9199],[78.703,9.9238],[78.6987,9.9253]]]}},{"type":"Feature","properties":{"SUBDISTRICT":"Ilayangudi","STATE":"Tamil Nadu","shapeID":"7132399B90020547360280","source":"geoBoundaries gbOpen IND ADM3 (ODbL 1.0); source: Local Government Directory lgdirectory.gov.in via Pathways Data","DISTRICT":"Sivaganga"},"geometry":{"type":"Polygon","coordinates":[[[78.5222,9.6099],[78.5317,9.5969],[78.5245,9.5846],[78.5419,9.5847],[78.5707,9.5711],[78.6085,9.5517],[78.6173,9.5359],[78.6616,9.5186],[78.6538,9.5433],[78.6815,9.5603],[78.6786,9.5982],[78.7169,9.5955],[78.7457,9.5834],[78.7453,9.5768],[78.8202,9.5933],[78.8094,9.5975],[78.8213,9.6053],[78.8235,9.6153],[78.7943,9.6246],[78.7889,9.6365],[78.794,9.6416],[78.7855,9.6508],[78.7944,9.6731],[78.79,9.6809],[78.7998,9.6914],[78.7974,9.7055],[78.7765,9.7187],[78.7492,9.7186],[78.7483,9.6994],[78.7379,9.7041],[78.7159,9.7007],[78.7107,9.6903],[78.6988,9.6871],[78.696,9.6729],[78.6776,9.6702],[78.6647,9.676],[78.6644,9.6919],[78.655,9.6976],[78.6418,9.6966],[78.6239,9.7078],[78.612,9.6984],[78.5981,9.7166],[78.5792,9.7085],[78.5831,9.6999],[78.5784,9.6793],[78.5548,9.6892],[78.5584,9.6787],[78.5541,9.6753],[78.574,9.6657],[78.5671,9.6547],[78.5552,9.6561],[78.5444,9.6449],[78.5579,9.6447],[78.5545,9.6343],[78.5626,9.6396],[78.5651,9.6306],[78.5477,9.6262],[78.5395,9.6093],[78.523,9.6123],[78.5222,9.6099]]]}},{"type":"Feature","properties":{"SUBDISTRICT":"Melur","STATE":"Tamil Nadu","shapeID":"7132399B48476315153294","source":"geoBoundaries gbOpen IND ADM3 (ODbL 1.0); source: Local Government Directory lgdirectory.gov.in via Pathways Data","DISTRICT":"Madurai"},"geometry":{"type":"Polygon","coordinates":[[[78.2071,10.0679],[78.2146,10.0632],[78.2124,10.0563],[78.2719,10.0401],[78.2607,10.0225],[78.2643,10.0184],[78.2485,10.0064],[78.2523,10.0151],[78.2429,10.0168],[78.23,10.0024],[78.2443,9.9791],[78.2598,9.98],[78.2691,9.966],[78.2616,9.9569],[78.269,9.9335],[78.282,9.9379],[78.2849,9.9524],[78.295,9.945],[78.297,9.9379],[78.2894,9.9383],[78.2842,9.9259],[78.2856,9.9198],[78.2942,9.9232],[78.2917,9.9114],[78.2758,9.9048],[78.282,9.8688],[78.3143,9.8709],[78.3195,9.923],[78.3477,9.9377],[78.3733,9.9326],[78.3776,9.9626],[78.3944,9.9527],[78.4582,9.9678],[78.4504,9.987],[78.4582,9.9914],[78.4621,10.0105],[78.4463,10.0328],[78.4323,10.0366],[78.4292,10.0521],[78.4613,10.0696],[78.4577,10.1003],[78.4717,10.115],[78.46,10.1242],[78.4522,10.1188],[78.4339,10.1344],[78.4298,10.1224],[78.4271,10.1306],[78.4039,10.1369],[78.4149,10.159],[78.4002,10.1646],[78.3962,10.1777],[78.4127,10.2125],[78.3986,10.2255],[78.395,10.2416],[78.4091,10.2539],[78.4235,10.2568],[78.4237,10.2683],[78.4043,10.2752],[78.3864,10.2696],[78.3811,10.2912],[78.3869,10.2907],[78.3899,10.3024],[78.3806,10.309],[78.3717,10.3075],[78.3733,10.2988],[78.3649,10.2929],[78.3341,10.2999],[78.3352,10.2879],[78.3283,10.2843],[78.3315,10.2449],[78.3268,10.2226],[78.309,10.203],[78.2913,10.2003],[78.2636,10.1793],[78.256,10.1627],[78.2635,10.1581],[78.2837,10.1634],[78.2832,10.1303],[78.2718,10.1279],[78.2739,10.1178],[78.2602,10.1034],[78.2594,10.0887],[78.2077,10.071],[78.2071,10.0679]]]}},{"type":"Feature","properties":{"SUBDISTRICT":"Madurai North","STATE":"Tamil Nadu","shapeID":"7132399B89073498314412","source":"geoBoundaries gbOpen IND ADM3 (ODbL 1.0); source: Local Government Directory lgdirectory.gov.in via Pathways Data","DISTRICT":"Madurai"},"geometry":{"type":"Polygon","coordinates":[[[77.9993,10.0041],[78.0094,10.0013],[78.0122,9.9868],[78.1022,9.9443],[78.1089,9.9443],[78.11,9.9584],[78.1168,9.9619],[78.1237,9.9606],[78.1221,9.9472],[78.1343,9.957],[78.1575,9.9571],[78.1685,9.9851],[78.1797,9.9919],[78.1943,9.9903],[78.1894,9.996],[78.1932,10.0095],[78.1832,10.0123],[78.1787,10.0055],[78.1796,10.0271],[78.171,10.0284],[78.1712,10.0381],[78.2112,10.0274],[78.202,10.0345],[78.2079,10.0467],[78.1935,10.0543],[78.198,10.0645],[78.2071,10.0679],[78.2018,10.0697],[78.2041,10.0787],[78.1787,10.0922],[78.1537,10.0594],[78.1362,10.0516],[78.1342,10.0415],[78.1404,10.0362],[78.135,10.0186],[78.1159,10.0281],[78.1165,10.0145],[78.0939,10.0041],[78.0785,10.0468],[78.0705,10.0376],[78.0495,10.0414],[78.0431,10.0052],[78.0267,10.0095],[78.0015,10.0039],[77.9993,10.0041]]]}},{"type":"Feature","properties":{"SUBDISTRICT":"Madurai South","STATE":"Tamil Nadu","shapeID":"7132399B2329559579170","source":"geoBoundaries gbOpen IND ADM3 (ODbL 1.0); source: Local Government Directory lgdirectory.gov.in via Pathways Data","DISTRICT":"Madurai"},"geometry":{"type":"Polygon","coordinates":[[[78.0433,9.8814],[78.0649,9.8702],[78.0723,9.858],[78.085,9.8596],[78.0882,9.8718],[78.1026,9.8711],[78.0966,9.8329],[78.102,9.8333],[78.1046,9.8232],[78.0992,9.8016],[78.1041,9.7867],[78.122,9.7754],[78.1283,9.7627],[78.1402,9.7608],[78.1395,9.7755],[78.1458,9.7835],[78.1434,9.8059],[78.171,9.7978],[78.1729,9.789],[78.1633,9.774],[78.1769,9.7707],[78.1932,9.8068],[78.1693,9.8289],[78.1578,9.8269],[78.1396,9.8107],[78.1323,9.8128],[78.1267,9.8541],[78.1541,9.8504],[78.1532,9.869],[78.1613,9.875],[78.1802,9.8667],[78.2039,9.8747],[78.1823,9.9029],[78.1661,9.9102],[78.16,9.9014],[78.1513,9.9056],[78.1527,9.9014],[78.1342,9.9103],[78.1314,9.9019],[78.1197,9.9053],[78.0968,9.8894],[78.0924,9.9016],[78.0712,9.902],[78.067,9.8945],[78.0515,9.8963],[78.0499,9.885],[78.0434,9.8834],[78.0433,9.8814]]]}},{"type":"Feature","properties":{"SUBDISTRICT":"Ettayapuram","STATE":"Tamil Nadu","shapeID":"7132399B24055517534603","source":"geoBoundaries gbOpen IND ADM3 (ODbL 1.0); source: Local Government Directory lgdirectory.gov.in via Pathways Data","DISTRICT":"Thoothukudi"},"geometry":{"type":"Polygon","coordinates":[[[77.911,9.1792],[77.913,9.1468],[77.9232,9.1452],[77.925,9.1304],[77.9162,9.1147],[77.9289,9.1073],[77.9309,9.0872],[77.9416,9.0921],[77.9506,9.0875],[77.9609,9.0692],[77.9565,9.0561],[77.9713,9.0577],[77.9688,9.0355],[77.9794,9.0278],[78.0225,9.0262],[78.0262,9.0038],[78.0324,9.0063],[78.052,9.0539],[78.0471,9.0548],[78.0568,9.0596],[78.0556,9.091],[78.073,9.0912],[78.0734,9.1194],[78.097,9.1183],[78.1045,9.1391],[78.1132,9.1381],[78.1275,9.1536],[78.1179,9.1632],[78.115,9.1869],[78.1084,9.1868],[78.0979,9.1661],[78.0931,9.1677],[78.0989,9.1904],[78.1063,9.1955],[78.102,9.2036],[78.1134,9.2079],[78.1132,9.2143],[78.0923,9.2551],[78.0815,9.2555],[78.0937,9.2788],[78.0935,9.3017],[78.1039,9.3062],[78.1058,9.3167],[78.0894,9.3325],[78.0986,9.3539],[78.0749,9.3606],[78.0599,9.3609],[78.0526,9.3428],[78.036,9.3312],[78.0516,9.3029],[78.0128,9.3046],[78.0114,9.2728],[77.9915,9.2697],[77.9853,9.2541],[77.9574,9.2495],[77.9564,9.2294],[77.9484,9.2294],[77.9455,9.2186],[77.9311,9.2219],[77.9236,9.1951],[77.9311,9.1864],[77.9472,9.1913],[77.9551,9.1771],[77.938,9.166],[77.9239,9.1795],[77.9175,9.1751],[77.9111,9.1791],[77.911,9.1792]]]}},{"type":"Feature","properties":{"SUBDISTRICT":"Thovala","STATE":"Tamil Nadu","shapeID":"7132399B75247025193225","source":"geoBoundaries gbOpen IND ADM3 (ODbL 1.0); source: Local Government Directory lgdirectory.gov.in via Pathways Data","DISTRICT":"Kanniyakumari"},"geometry":{"type":"Polygon","coordinates":[[[77.3863,8.2879],[77.3921,8.2501],[77.4056,8.2454],[77.402,8.2195],[77.4255,8.2157],[77.426,8.2051],[77.4401,8.2016],[77.4471,8.2255],[77.4467,8.1947],[77.4537,8.1914],[77.4597,8.1918],[77.4643,8.2023],[77.4738,8.1958],[77.4809,8.2069],[77.4911,8.1937],[77.5001,8.2087],[77.5372,8.1899],[77.5571,8.202],[77.5447,8.2057],[77.5442,8.2161],[77.5502,8.2199],[77.5445,8.2231],[77.5461,8.2429],[77.5776,8.2488],[77.5561,8.2774],[77.564,8.2801],[77.5472,8.307],[77.5324,8.3184],[77.5341,8.336],[77.5426,8.3382],[77.5364,8.3621],[77.5395,8.3876],[77.531,8.3914],[77.5216,8.384],[77.4928,8.3803],[77.4747,8.4003],[77.4747,8.4136],[77.465,8.4282],[77.4722,8.456],[77.4652,8.4628],[77.4679,8.4671],[77.4555,8.4709],[77.4477,8.4604],[77.4517,8.4397],[77.4463,8.427],[77.4217,8.4175],[77.4187,8.4058],[77.4111,8.4073],[77.4158,8.3937],[77.3956,8.3638],[77.4099,8.3562],[77.4079,8.3465],[77.4145,8.3372],[77.3994,8.3163],[77.4091,8.3014],[77.4074,8.2944],[77.3868,8.2896],[77.3863,8.2879]]]}},{"type":"Feature","properties":{"SUBDISTRICT":"Kotagiri","STATE":"Tamil Nadu","shapeID":"7132399B29688680110523","source":"geoBoundaries gbOpen IND ADM3 (ODbL 1.0); source: Local Government Directory lgdirectory.gov.in via Pathways Data","DISTRICT":"Nilgiris"},"geometry":{"type":"Polygon","coordinates":[[[76.7561,11.3935],[76.7566,11.3783],[76.7796,11.367],[76.784,11.3716],[76.7805,11.3881],[76.8086,11.3809],[76.8206,11.3915],[76.8418,11.3864],[76.8569,11.3958],[76.8855,11.3711],[76.8898,11.3557],[76.8922,11.3646],[76.903,11.3593],[76.9032,11.3492],[76.9214,11.353],[76.9221,11.3596],[76.9525,11.3617],[76.954,11.3666],[76.938,11.3654],[76.9339,11.3743],[76.948,11.3714],[76.984,11.4001],[76.9789,11.4105],[76.9843,11.4377],[77.0,11.4314],[77.014,11.4367],[77.0142,11.4506],[76.9938,11.4783],[76.9969,11.5087],[77.016,11.5225],[77.0074,11.5436],[76.9406,11.5759],[76.9236,11.5763],[76.9179,11.5628],[76.9093,11.576],[76.8898,11.57],[76.8434,11.5804],[76.8728,11.5505],[76.8757,11.5258],[76.8829,11.5199],[76.8496,11.4798],[76.8464,11.4679],[76.8258,11.4504],[76.8206,11.4142],[76.8062,11.4048],[76.7735,11.4086],[76.7578,11.3945],[76.7561,11.3935]]]}},{"type":"Feature","properties":{"SUBDISTRICT":"Tiruttani","STATE":"Tamil Nadu","shapeID":"7132399B54848516709624","source":"geoBoundaries gbOpen IND ADM3 (ODbL 1.0); source: Local Government Directory lgdirectory.gov.in via Pathways Data","DISTRICT":"Vellore"},"geometry":{"type":"Polygon","coordinates":[[[79.4744,13.1561],[79.4751,13.138],[79.4816,13.1303],[79.4824,13.1381],[79.505,13.1367],[79.517,13.1427],[79.529,13.1361],[79.5698,13.134],[79.5716,13.1215],[79.5952,13.1222],[79.599,13.1293],[79.5941,13.1454],[79.6361,13.1475],[79.6324,13.1689],[79.6452,13.1782],[79.655,13.2083],[79.6708,13.2007],[79.671,13.1814],[79.7003,13.1874],[79.6921,13.1751],[79.7003,13.156],[79.7358,13.1644],[79.7396,13.1365],[79.7346,13.1163],[79.7166,13.1048],[79.7035,13.1066],[79.7017,13.0997],[79.7323,13.0952],[79.7406,13.0743],[79.7265,13.0669],[79.7209,13.0537],[79.7343,13.0592],[79.7488,13.0502],[79.7765,13.0583],[79.7898,13.0465],[79.7856,13.0222],[79.8066,13.0286],[79.8036,13.0425],[79.7975,13.0432],[79.8097,13.0554],[79.8034,13.0621],[79.8093,13.0672],[79.8055,13.0795],[79.8232,13.106],[79.8126,13.1094],[79.8122,13.1321],[79.7959,13.1374],[79.7907,13.1671],[79.7604,13.1852],[79.7832,13.1901],[79.7904,13.1981],[79.796,13.2308],[79.7645,13.2176],[79.7571,13.2077],[79.7355,13.2346],[79.7123,13.2154],[79.7014,13.2201],[79.7086,13.2466],[79.7045,13.2512],[79.6933,13.241],[79.6859,13.2421],[79.6863,13.2596],[79.6969,13.2693],[79.681,13.2945],[79.6751,13.2807],[79.6509,13.2887],[79.642,13.2734],[79.6332,13.2714],[79.6136,13.2802],[79.6011,13.2728],[79.5927,13.2578],[79.5714,13.2677],[79.5422,13.2604],[79.5204,13.2412],[79.534,13.244],[79.5326,13.2273],[79.5036,13.2216],[79.5043,13.2139],[79.4968,13.2084],[79.4944,13.1907],[79.5032,13.1773],[79.5035,13.1637],[79.48,13.1672],[79.4748,13.1571],[79.4744,13.1561]]]}},{"type":"Feature","properties":{"SUBDISTRICT":"Pallipattu","STATE":"Tamil Nadu","shapeID":"7132399B43305756065894","source":"geoBoundaries gbOpen IND ADM3 (ODbL 1.0); source: Local Government Directory lgdirectory.gov.in via Pathways Data","DISTRICT":"Thiruvallur"},"geometry":{"type":"Polygon","coordinates":[[[79.3867,13.3149],[79.4136,13.2997],[79.4339,13.2994],[79.4372,13.2934],[79.4223,13.2815],[79.4184,13.2653],[79.407,13.2654],[79.3982,13.2554],[79.4087,13.2484],[79.4196,13.2508],[79.4157,13.2443],[79.4284,13.2351],[79.4388,13.2368],[79.4354,13.233],[79.4548,13.2413],[79.4578,13.2289],[79.4339,13.2207],[79.4349,13.2089],[79.453,13.2119],[79.4531,13.2177],[79.466,13.2232],[79.4732,13.2191],[79.4674,13.2138],[79.4895,13.2161],[79.495,13.2047],[79.5043,13.2139],[79.5036,13.2216],[79.5326,13.2273],[79.534,13.244],[79.5207,13.2381],[79.5217,13.244],[79.5422,13.2604],[79.5714,13.2677],[79.5538,13.2912],[79.5481,13.3233],[79.4668,13.3363],[79.4294,13.3339],[79.3982,13.3204],[79.3867,13.3149]]]}},{"type":"Feature","properties":{"SUBDISTRICT":"Pochampalli","STATE":"Tamil Nadu","shapeID":"7132399B67846943620968","source":"geoBoundaries gbOpen IND ADM3 (ODbL 1.0); source: Local Government Directory lgdirectory.gov.in via Pathways Data","DISTRICT":"Dharmapuri"},"geometry":{"type":"Polygon","coordinates":[[[78.2293,12.3175],[78.2359,12.3121],[78.2344,12.3052],[78.2594,12.297],[78.2593,12.2811],[78.2689,12.2663],[78.2824,12.2632],[78.3007,12.2718],[78.321,12.2577],[78.3293,12.2652],[78.3366,12.2624],[78.352,12.2494],[78.3559,12.2713],[78.3833,12.2711],[78.3895,12.2882],[78.4062,12.2882],[78.4095,12.2998],[78.422,12.308],[78.4347,12.3105],[78.4526,12.3027],[78.4902,12.3254],[78.4866,12.3429],[78.4989,12.3725],[78.4901,12.3866],[78.4667,12.3905],[78.4597,12.384],[78.4436,12.3896],[78.4392,12.3851],[78.4204,12.3957],[78.4147,12.3875],[78.4048,12.3904],[78.3576,12.4125],[78.3575,12.4288],[78.3366,12.4469],[78.3292,12.4316],[78.3095,12.4344],[78.3059,12.4295],[78.3118,12.4097],[78.3076,12.4031],[78.2902,12.4109],[78.2862,12.4065],[78.2798,12.3739],[78.2681,12.372],[78.2738,12.3426],[78.2628,12.339],[78.2505,12.3176],[78.241,12.323],[78.2312,12.3197],[78.2293,12.3175]]]}},{"type":"Feature","properties":{"SUBDISTRICT":"Uthangarai","STATE":"Tamil Nadu","shapeID":"7132399B78238272883278","source":"geoBoundaries gbOpen IND ADM3 (ODbL 1.0); source: Local Government Directory lgdirectory.gov.in via Pathways Data","DISTRICT":"Dharmapuri"},"geometry":{"type":"Polygon","coordinates":[[[78.3519,12.2442],[78.3564,12.2242],[78.3758,12.2223],[78.3863,12.2282],[78.4029,12.2221],[78.3904,12.2051],[78.3756,12.2038],[78.374,12.1931],[78.3903,12.1835],[78.4108,12.1928],[78.4227,12.1866],[78.4462,12.1882],[78.4712,12.1699],[78.464,12.1437],[78.4944,12.1349],[78.5079,12.1405],[78.516,12.1742],[78.5576,12.1791],[78.5764,12.1915],[78.5841,12.1598],[78.6181,12.1821],[78.6346,12.1759],[78.6445,12.2039],[78.6591,12.1964],[78.6726,12.2175],[78.6697,12.2295],[78.6527,12.2387],[78.6522,12.2578],[78.6367,12.2616],[78.6434,12.2819],[78.6262,12.2641],[78.6049,12.2663],[78.6147,12.2939],[78.6113,12.3077],[78.5897,12.312],[78.6076,12.3313],[78.6122,12.3288],[78.6181,12.346],[78.583,12.3631],[78.5674,12.3868],[78.516,12.4044],[78.507,12.399],[78.4972,12.4093],[78.4901,12.3866],[78.4988,12.3703],[78.4858,12.3376],[78.4902,12.3254],[78.4526,12.3027],[78.4347,12.3105],[78.422,12.308],[78.4095,12.2998],[78.4062,12.2882],[78.3895,12.2882],[78.3833,12.2711],[78.3559,12.2713],[78.352,12.2474],[78.3519,12.2442]]]}},{"type":"Feature","properties":{"SUBDISTRICT":"Coimbatore South","STATE":"Tamil Nadu","shapeID":"7132399B75244833875970","source":"geoBoundaries gbOpen IND ADM3 (ODbL 1.0); source: Local Government Directory lgdirectory.gov.in via Pathways Data","DISTRICT":"Coimbatore"},"geometry":{"type":"Polygon","coordinates":[[[76.7369,10.9165],[76.7434,10.9076],[76.7744,10.906],[76.7771,10.8895],[76.8092,10.8765],[76.825,10.8846],[76.8393,10.8753],[76.8543,10.877],[76.8575,10.8824],[76.8496,10.8857],[76.8706,10.8958],[76.8797,10.8632],[76.8957,10.8638],[76.8984,10.8746],[76.9153,10.8854],[76.9251,10.8874],[76.9347,10.878],[76.9417,10.8857],[76.9476,10.8805],[76.9625,10.8825],[76.9732,10.9126],[76.9982,10.9464],[77.0237,10.952],[77.0456,10.949],[77.0355,10.9599],[77.0286,10.9837],[77.0466,10.9876],[77.0523,10.9961],[77.0451,11.0244],[77.0295,11.0284],[77.0253,11.0458],[77.0043,11.0435],[76.9993,11.0575],[76.9809,11.0507],[76.9443,11.0542],[76.9493,11.0353],[76.9168,11.0313],[76.9146,11.0365],[76.9073,11.0303],[76.897,11.0411],[76.8885,11.0354],[76.8608,11.0445],[76.863,11.0539],[76.8036,11.0553],[76.7974,11.0402],[76.7628,11.0329],[76.7643,11.0269],[76.7787,11.0121],[76.7744,11.0194],[76.7822,11.0244],[76.8075,11.0176],[76.8276,10.9848],[76.8405,10.9817],[76.8415,10.9727],[76.7901,10.9609],[76.7781,10.9526],[76.7869,10.9347],[76.7695,10.9432],[76.7554,10.9287],[76.7541,10.9359],[76.748,10.9348],[76.737,10.9175],[76.7369,10.9165]],[[76.8707,11.0094],[76.8852,11.0151],[76.8893,11.0245],[76.9076,11.024],[76.9165,11.0159],[76.9056,10.9997],[76.8839,11.005],[76.877,10.9949],[76.8712,11.0066],[76.8707,11.0094]]]}},{"type":"Feature","properties":{"SUBDISTRICT":"Valparai","STATE":"Tamil Nadu","shapeID":"7132399B56658985285876","source":"geoBoundaries gbOpen IND ADM3 (ODbL 1.0); source: Local Government Directory lgdirectory.gov.in via Pathways Data","DISTRICT":"Coimbatore"},"geometry":{"type":"Polygon","coordinates":[[[76.8195,10.423],[76.8272,10.4098],[76.8337,10.4115],[76.8349,10.4021],[76.8279,10.3946],[76.8517,10.3678],[76.8381,10.3423],[76.8322,10.3033],[76.8425,10.2992],[76.8512,10.2857],[76.8532,10.2917],[76.8769,10.2982],[76.875,10.2752],[76.8974,10.2633],[76.9052,10.2409],[76.9223,10.2315],[76.9408,10.2379],[76.984,10.2171],[77.0199,10.2449],[77.0519,10.2567],[77.0558,10.2706],[77.0471,10.2807],[77.1128,10.3132],[77.1037,10.3206],[77.0982,10.3383],[77.0904,10.3397],[77.0887,10.3525],[77.098,10.3669],[77.095,10.3938],[77.0523,10.4278],[77.0506,10.4429],[77.0804,10.4744],[77.0635,10.4938],[77.0732,10.5066],[77.064,10.521],[77.007,10.514],[76.9878,10.4964],[76.9954,10.4973],[77.0022,10.4895],[76.9855,10.486],[76.989,10.4666],[76.9517,10.4792],[76.9301,10.4737],[76.9332,10.4865],[76.9252,10.4896],[76.9136,10.4839],[76.8952,10.4883],[76.8887,10.4777],[76.8691,10.474],[76.8717,10.486],[76.86,10.4979],[76.8647,10.5158],[76.8592,10.5513],[76.8431,10.5661],[76.8364,10.5457],[76.8439,10.5373],[76.8323,10.4987],[76.8296,10.4465],[76.8195,10.423]]]}},{"type":"Feature","properties":{"SUBDISTRICT":"Kangeyam","STATE":"Tamil Nadu","shapeID":"7132399B69043323232213","source":"geoBoundaries gbOpen IND ADM3 (ODbL 1.0); source: Local Government Directory lgdirectory.gov.in via Pathways Data","DISTRICT":"Erode"},"geometry":{"type":"Polygon","coordinates":[[[77.4131,10.9262],[77.422,10.9121],[77.432,10.9125],[77.4362,10.8918],[77.4868,10.9051],[77.4901,10.8832],[77.5177,10.8801],[77.5209,10.8612],[77.5485,10.8704],[77.5597,10.8539],[77.567,10.8646],[77.5831,10.8652],[77.5816,10.8859],[77.573,10.8979],[77.5778,10.9098],[77.5889,10.9118],[77.596,10.8814],[77.603,10.8749],[77.6146,10.8757],[77.6234,10.862],[77.6679,10.8682],[77.6747,10.8558],[77.6871,10.8573],[77.6931,10.862],[77.6943,10.8922],[77.703,10.8852],[77.7106,10.89],[77.7296,10.8823],[77.7447,10.8839],[77.7522,10.8749],[77.7732,10.8691],[77.7716,10.8884],[77.7596,10.9065],[77.7692,10.955],[77.7666,10.9628],[77.7527,10.963],[77.7498,10.9746],[77.7792,10.9942],[77.7865,11.0137],[77.791,11.0302],[77.7806,11.0375],[77.7763,11.0543],[77.7824,11.0621],[77.745,11.0918],[77.7351,11.0843],[77.7185,11.0843],[77.7119,11.0977],[77.6638,11.1098],[77.6634,11.1255],[77.629,11.136],[77.6171,11.1342],[77.6034,11.1211],[77.5884,11.1299],[77.5366,11.1122],[77.4505,11.1298],[77.4524,11.0939],[77.4642,11.0905],[77.4754,11.0444],[77.5001,11.0422],[77.5022,11.0174],[77.4886,11.0044],[77.4884,10.9908],[77.4731,10.9651],[77.4744,10.9535],[77.4169,10.9257],[77.4131,10.9262]]]}},{"type":"Feature","properties":{"SUBDISTRICT":"Sathankulam","STATE":"Tamil Nadu","shapeID":"7132399B36903909338904","source":"geoBoundaries gbOpen IND ADM3 (ODbL 1.0); source: Local Government Directory lgdirectory.gov.in via Pathways Data","DISTRICT":"Thoothukudi"},"geometry":{"type":"Polygon","coordinates":[[[77.808,8.5339],[77.8233,8.5175],[77.8316,8.4877],[77.8409,8.4832],[77.8344,8.4309],[77.8504,8.4207],[77.8608,8.3991],[77.859,8.3853],[77.8361,8.3818],[77.8564,8.3718],[77.8432,8.3633],[77.8503,8.3625],[77.849,8.3537],[77.8613,8.3561],[77.8589,8.3429],[77.8635,8.3404],[77.8723,8.3502],[77.8864,8.3486],[77.8924,8.324],[77.9047,8.3213],[77.95,8.3353],[77.9759,8.3353],[78.016,8.3545],[78.0078,8.3695],[78.0197,8.3806],[78.0152,8.3898],[78.0009,8.3881],[78.0019,8.3971],[77.9926,8.4068],[77.9937,8.4206],[77.9876,8.4242],[77.9957,8.428],[77.9748,8.4393],[77.979,8.4457],[77.9658,8.4495],[77.9816,8.5028],[77.9705,8.5122],[77.9658,8.5306],[77.9467,8.5434],[77.931,8.5173],[77.9217,8.5367],[77.877,8.5394],[77.8764,8.5468],[77.8607,8.5521],[77.8623,8.5601],[77.8575,8.5606],[77.8476,8.5595],[77.8446,8.5473],[77.8211,8.5456],[77.8151,8.536],[77.808,8.5339]]]}},{"type":"Feature","properties":{"SUBDISTRICT":"Mettur","STATE":"Tamil Nadu","shapeID":"7132399B43681451149756","source":"geoBoundaries gbOpen IND ADM3 (ODbL 1.0); source: Local Government Directory lgdirectory.gov.in via Pathways Data","DISTRICT":"Salem"},"geometry":{"type":"Polygon","coordinates":[[[77.6494,11.8203],[77.6534,11.8117],[77.6655,11.8122],[77.6689,11.8209],[77.7105,11.807],[77.7113,11.7959],[77.7226,11.792],[77.6926,11.7164],[77.6911,11.6911],[77.6992,11.6887],[77.6907,11.6503],[77.7032,11.6308],[77.7186,11.6387],[77.7165,11.6476],[77.7444,11.653],[77.7712,11.6945],[77.7779,11.6872],[77.7906,11.7037],[77.7915,11.6952],[77.8041,11.7004],[77.8029,11.7211],[77.8254,11.7382],[77.8367,11.7417],[77.8604,11.7241],[77.8447,11.6974],[77.8601,11.6834],[77.8786,11.6811],[77.8854,11.6683],[77.9013,11.672],[77.9072,11.6787],[77.9021,11.6823],[77.9129,11.691],[77.9047,11.6983],[77.9083,11.7263],[77.9272,11.7269],[77.9342,11.7201],[77.9493,11.7293],[77.9393,11.7467],[77.9483,11.743],[77.9499,11.7506],[77.9411,11.7591],[77.9568,11.785],[77.9719,11.7807],[77.9689,11.7701],[77.9754,11.7631],[77.9799,11.7707],[77.9977,11.7646],[78.0157,11.7764],[78.0233,11.7747],[78.0079,11.7881],[78.0128,11.8112],[77.9945,11.8306],[77.994,11.8504],[77.9862,11.8561],[77.9958,11.866],[77.9874,11.8751],[77.9977,11.8938],[78.0131,11.8859],[78.0487,11.9172],[78.0608,11.9111],[78.0648,11.9314],[78.0592,11.9346],[78.0364,11.9278],[78.0264,11.9138],[78.0116,11.9155],[77.9738,11.8925],[77.9054,11.8998],[77.8665,11.913],[77.8468,11.893],[77.8095,11.9081],[77.7624,11.9114],[77.7382,11.9369],[77.6931,11.9393],[77.6759,11.9492],[77.6851,11.8744],[77.663,11.875],[77.6548,11.8323],[77.6494,11.8203]]]}},{"type":"Feature","properties":{"SUBDISTRICT":"Poonamallee","STATE":"Tamil Nadu","shapeID":"7132399B18053756604995","source":"geoBoundaries gbOpen IND ADM3 (ODbL 1.0); source: Local Government Directory lgdirectory.gov.in via Pathways Data","DISTRICT":"Kancheepuram"},"geometry":{"type":"Polygon","coordinates":[[[79.973,13.0736],[79.9963,13.0458],[80.0271,13.0388],[80.0263,13.0317],[80.0345,13.0309],[80.03,13.0174],[80.0443,13.0164],[80.0464,13.0289],[80.0551,13.0206],[80.0661,13.026],[80.0676,13.0342],[80.0767,13.0349],[80.0845,13.0124],[80.0859,13.0397],[80.1075,13.0335],[80.1107,13.0406],[80.1245,13.0397],[80.1266,13.0322],[80.1363,13.031],[80.139,13.0425],[80.1314,13.0529],[80.1452,13.0585],[80.1468,13.0699],[80.1585,13.0761],[80.1573,13.0838],[80.1414,13.0941],[80.1206,13.0926],[80.1227,13.1132],[80.1374,13.1092],[80.1459,13.131],[80.1426,13.1465],[80.1337,13.153],[80.1374,13.1559],[80.1185,13.154],[80.0677,13.1728],[80.0633,13.1583],[80.0543,13.1573],[80.05,13.1175],[80.0575,13.1131],[80.0515,13.1056],[80.0326,13.0932],[79.9877,13.1057],[79.9768,13.0923],[79.9734,13.0761],[79.973,13.0736]]]}},{"type":"Feature","properties":{"SUBDISTRICT":"Ambattur","STATE":"Tamil Nadu","shapeID":"7132399B18951364120414","source":"geoBoundaries gbOpen IND ADM3 (ODbL 1.0); source: Local Government Directory lgdirectory.gov.in via Pathways Data","DISTRICT":"Thiruvallur"},"geometry":{"type":"Polygon","coordinates":[[[80.1206,13.0926],[80.1414,13.0941],[80.1573,13.0838],[80.1585,13.0761],[80.1468,13.0699],[80.1452,13.0585],[80.1303,13.0495],[80.1474,13.0412],[80.1472,13.0303],[80.1899,13.0253],[80.1831,13.0476],[80.1865,13.0747],[80.1967,13.0884],[80.1934,13.1043],[80.203,13.1258],[80.1848,13.1407],[80.1787,13.1372],[80.1672,13.1424],[80.1636,13.1364],[80.1577,13.1437],[80.1436,13.1413],[80.1459,13.131],[80.138,13.11],[80.1245,13.115],[80.1222,13.0949],[80.1206,13.0926]]]}},{"type":"Feature","properties":{"SUBDISTRICT":"Sholinganallur","STATE":"Tamil Nadu","shapeID":"7132399B50668938474980","source":"geoBoundaries gbOpen IND ADM3 (ODbL 1.0); source: Local Government Directory lgdirectory.gov.in via Pathways Data","DISTRICT":"Kancheepuram"},"geometry":{"type":"Polygon","coordinates":[[[80.125,12.8577],[80.1331,12.8507],[80.1408,12.8653],[80.1508,12.8604],[80.1655,12.8687],[80.1763,12.8563],[80.1831,12.863],[80.199,12.8449],[80.2133,12.8711],[80.2258,12.848],[80.2493,12.8538],[80.2517,12.8759],[80.2442,12.8767],[80.246,12.8702],[80.2151,12.8753],[80.2178,12.9057],[80.1989,12.9064],[80.1993,12.9311],[80.1883,12.9349],[80.1983,12.9428],[80.1953,12.9489],[80.1868,12.9464],[80.1798,12.9165],[80.1735,12.9191],[80.1664,12.908],[80.1787,12.8936],[80.177,12.881],[80.1439,12.8846],[80.1403,12.8748],[80.1269,12.8664],[80.125,12.8577]]]}},{"type":"Feature","properties":{"SUBDISTRICT":"Panthalur","STATE":"Tamil Nadu","shapeID":"7132399B77948499612373","source":"geoBoundaries gbOpen IND ADM3 (ODbL 1.0); source: Local Government Directory lgdirectory.gov.in via Pathways Data","DISTRICT":"Nilgiris"},"geometry":{"type":"Polygon","coordinates":[[[76.2331,11.5711],[76.25,11.5355],[76.2407,11.5254],[76.2524,11.501],[76.2477,11.4663],[76.2656,11.4799],[76.2738,11.4754],[76.2858,11.4813],[76.2969,11.4631],[76.3058,11.4657],[76.3289,11.4516],[76.3417,11.4656],[76.3989,11.435],[76.4187,11.4406],[76.4124,11.4473],[76.414,11.4613],[76.4457,11.4741],[76.4501,11.4838],[76.4611,11.4841],[76.4576,11.494],[76.4479,11.498],[76.4064,11.4987],[76.4031,11.5214],[76.4101,11.5252],[76.4149,11.5411],[76.4376,11.5587],[76.4147,11.5708],[76.4289,11.5804],[76.3979,11.5801],[76.3562,11.5892],[76.3433,11.5852],[76.3363,11.5954],[76.3055,11.5711],[76.2982,11.5873],[76.2855,11.5903],[76.2784,11.5996],[76.2492,11.5818],[76.2331,11.5711]]]}},{"type":"Feature","properties":{"SUBDISTRICT":"Edappadi","STATE":"Tamil Nadu","shapeID":"7132399B74957265417720","source":"geoBoundaries gbOpen IND ADM3 (ODbL 1.0); source: Local Government Directory lgdirectory.gov.in via Pathways Data","DISTRICT":"Salem"},"geometry":{"type":"Polygon","coordinates":[[[77.7394,11.6019],[77.7402,11.5862],[77.7495,11.5833],[77.7592,11.5872],[77.7637,11.5973],[77.8137,11.5911],[77.8084,11.5801],[77.8157,11.5653],[77.8556,11.5674],[77.8506,11.5476],[77.8395,11.5409],[77.8422,11.5367],[77.8925,11.5262],[77.9078,11.5288],[77.9214,11.5539],[77.9259,11.5515],[77.9302,11.5615],[77.9351,11.5572],[77.9363,11.5638],[77.9244,11.5711],[77.9299,11.5787],[77.9479,11.5712],[77.9625,11.5894],[77.9569,11.62],[77.9474,11.6245],[77.9488,11.6664],[77.9312,11.6712],[77.9233,11.6618],[77.9176,11.6703],[77.9024,11.6735],[77.8819,11.6689],[77.8786,11.6811],[77.8601,11.6834],[77.8447,11.6974],[77.8604,11.7241],[77.8367,11.7417],[77.8029,11.7211],[77.8041,11.7004],[77.7915,11.6952],[77.7906,11.7037],[77.7755,11.6877],[77.7433,11.6093],[77.7394,11.6019]]]}},{"type":"Feature","properties":{"SUBDISTRICT":"Chengalpattu","STATE":"Tamil Nadu","shapeID":"7132399B52853355761942","source":"geoBoundaries gbOpen IND ADM3 (ODbL 1.0); source: Local Government Directory lgdirectory.gov.in via Pathways Data","DISTRICT":"Kancheepuram"},"geometry":{"type":"Polygon","coordinates":[[[79.8721,12.7741],[79.8854,12.767],[79.8772,12.7604],[79.9219,12.7403],[79.9485,12.702],[79.9542,12.6756],[79.9419,12.6224],[79.9619,12.6152],[79.9695,12.6342],[79.9788,12.6378],[79.9802,12.6571],[79.9998,12.6528],[80.0068,12.6683],[80.035,12.6641],[80.0525,12.6765],[80.0542,12.689],[80.0459,12.696],[80.0532,12.7072],[80.0443,12.7225],[80.0579,12.7436],[80.0635,12.7419],[80.0821,12.7563],[80.0903,12.7738],[80.0786,12.7784],[80.0844,12.7927],[80.0771,12.804],[80.0802,12.8371],[80.0629,12.8577],[80.0518,12.8334],[80.0411,12.8353],[80.0299,12.8183],[80.0064,12.8041],[79.9652,12.8099],[79.9563,12.8208],[79.9562,12.8064],[79.9618,12.8042],[79.9531,12.7853],[79.9402,12.7871],[79.9325,12.7803],[79.9247,12.7936],[79.9049,12.7967],[79.8957,12.7785],[79.8735,12.7756],[79.8721,12.7741]]]}},{"type":"Feature","properties":{"SUBDISTRICT":"Yercaud","STATE":"Tamil Nadu","shapeID":"7132399B14779566948249","source":"geoBoundaries gbOpen IND ADM3 (ODbL 1.0); source: Local Government Directory lgdirectory.gov.in via Pathways Data","DISTRICT":"Salem"},"geometry":{"type":"Polygon","coordinates":[[[78.1265,11.803],[78.138,11.7895],[78.1608,11.7827],[78.1604,11.7551],[78.1475,11.7457],[78.1746,11.7399],[78.1799,11.7216],[78.1968,11.7206],[78.207,11.7274],[78.2065,11.7193],[78.2231,11.7176],[78.3303,11.7954],[78.3681,11.8811],[78.3664,11.8874],[78.3546,11.8885],[78.3579,11.9082],[78.3415,11.8922],[78.3368,11.8956],[78.3088,11.8776],[78.3271,11.8955],[78.3301,11.9207],[78.3212,11.9271],[78.3005,11.9158],[78.2927,11.9004],[78.2725,11.8934],[78.2824,11.9192],[78.2908,11.9204],[78.2929,11.9271],[78.2793,11.9277],[78.263,11.9098],[78.2732,11.9343],[78.2563,11.935],[78.2391,11.9123],[78.2406,11.921],[78.2315,11.9148],[78.2124,11.8886],[78.212,11.8722],[78.1977,11.8672],[78.1928,11.8789],[78.1726,11.8884],[78.1688,11.9008],[78.1572,11.8854],[78.1545,11.8571],[78.1655,11.8417],[78.1432,11.8471],[78.1376,11.8332],[78.1476,11.8235],[78.1292,11.8162],[78.1267,11.8062],[78.1265,11.803]]]}},{"type":"Feature","properties":{"SUBDISTRICT":"Rajapalayam","STATE":"Tamil Nadu","shapeID":"7132399B28436077723819","source":"geoBoundaries gbOpen IND ADM3 (ODbL 1.0); source: Local Government Directory lgdirectory.gov.in via Pathways Data","DISTRICT":"Virudhunagar"},"geometry":{"type":"MultiPolygon","coordinates":[[[[77.6341,9.4334],[77.6406,9.4277],[77.646,9.4458],[77.6343,9.4488],[77.6404,9.4378],[77.6346,9.4343],[77.6341,9.4334]]],[[[77.3406,9.4173],[77.3823,9.4],[77.3893,9.3908],[77.4208,9.3982],[77.4239,9.3917],[77.4341,9.3911],[77.4521,9.3699],[77.4387,9.3662],[77.441,9.3542],[77.4658,9.3487],[77.4587,9.3327],[77.4734,9.3279],[77.4765,9.3404],[77.5094,9.331],[77.5224,9.335],[77.528,9.3504],[77.5204,9.3581],[77.5301,9.3615],[77.531,9.3758],[77.5532,9.3709],[77.549,9.3664],[77.5609,9.3529],[77.5751,9.3543],[77.5748,9.3428],[77.5994,9.352],[77.6012,9.3678],[77.6109,9.374],[77.6075,9.3911],[77.6184,9.3763],[77.628,9.3762],[77.6328,9.3943],[77.6196,9.3976],[77.6328,9.4128],[77.6342,9.4288],[77.5938,9.4319],[77.5962,9.4488],[77.6147,9.4521],[77.6057,9.4656],[77.6098,9.4759],[77.5758,9.4882],[77.5558,9.4849],[77.5387,9.4957],[77.5442,9.5009],[77.5345,9.4999],[77.5277,9.5135],[77.5264,9.5082],[77.5239,9.5135],[77.5005,9.5118],[77.4928,9.5034],[77.4729,9.5143],[77.4585,9.5089],[77.403,9.5213],[77.4127,9.5059],[77.4019,9.4955],[77.4033,9.4767],[77.3939,9.4679],[77.3951,9.46],[77.3842,9.4532],[77.3681,9.4589],[77.3619,9.4545],[77.3466,9.4243],[77.3406,9.4173]]]]}},{"type":"Feature","properties":{"SUBDISTRICT":"Srivilliputhur","STATE":"Tamil Nadu","shapeID":"7132399B59195726666834","source":"geoBoundaries gbOpen IND ADM3 (ODbL 1.0); source: Local Government Directory lgdirectory.gov.in via Pathways Data","DISTRICT":"Virudhunagar"},"geometry":{"type":"MultiPolygon","coordinates":[[[[77.7855,9.427],[77.7865,9.4222],[77.8007,9.4224],[77.7985,9.4331],[77.7871,9.4345],[77.7855,9.427]]],[[[77.403,9.5213],[77.4585,9.5089],[77.4729,9.5143],[77.4928,9.5034],[77.5005,9.5118],[77.5239,9.5135],[77.5264,9.5082],[77.5301,9.513],[77.5345,9.4999],[77.5442,9.5009],[77.5387,9.4957],[77.5558,9.4849],[77.5758,9.4882],[77.6098,9.4759],[77.6057,9.4656],[77.6147,9.4521],[77.5962,9.4488],[77.5938,9.4319],[77.6385,9.4279],[77.6364,9.4486],[77.646,9.4458],[77.6399,9.4312],[77.6452,9.419],[77.6679,9.4152],[77.6751,9.4364],[77.7052,9.4583],[77.7008,9.4794],[77.7179,9.4826],[77.7312,9.4971],[77.7249,9.5061],[77.7265,9.5179],[77.7217,9.5187],[77.7268,9.5559],[77.7324,9.5468],[77.7468,9.5574],[77.7341,9.5738],[77.7269,9.5686],[77.7075,9.5759],[77.7026,9.5644],[77.6854,9.5754],[77.6759,9.5668],[77.6718,9.5742],[77.6827,9.5882],[77.6713,9.5858],[77.6596,9.5957],[77.6613,9.5847],[77.6533,9.5803],[77.6514,9.5993],[77.6331,9.5944],[77.6296,9.5816],[77.62,9.583],[77.6205,9.5983],[77.6024,9.5972],[77.5998,9.603],[77.6072,9.6126],[77.6009,9.6264],[77.5272,9.6045],[77.5233,9.6107],[77.5317,9.6302],[77.5199,9.635],[77.5165,9.6121],[77.4996,9.5882],[77.4989,9.5766],[77.4784,9.5626],[77.4796,9.5515],[77.4574,9.5396],[77.429,9.5461],[77.4031,9.5261],[77.403,9.5213]]]]}},{"type":"Feature","properties":{"SUBDISTRICT":"Virudhunagar","STATE":"Tamil Nadu","shapeID":"7132399B34192226670568","source":"geoBoundaries gbOpen IND ADM3 (ODbL 1.0); source: Local Government Directory lgdirectory.gov.in via Pathways Data","DISTRICT":"Virudhunagar"},"geometry":{"type":"Polygon","coordinates":[[[77.8353,9.5862],[77.8482,9.5829],[77.8546,9.5508],[77.8774,9.547],[77.8814,9.5253],[77.8682,9.506],[77.8524,9.5139],[77.8491,9.4964],[77.8657,9.4859],[77.8883,9.4893],[77.8835,9.4754],[77.9076,9.4672],[77.8684,9.461],[77.8737,9.4331],[77.8879,9.4289],[77.8972,9.4469],[77.9182,9.4517],[77.9233,9.4504],[77.9192,9.4384],[77.93,9.4378],[77.9489,9.4191],[77.9516,9.4383],[77.9785,9.437],[77.9809,9.4308],[77.9708,9.4241],[77.9779,9.4145],[78.0123,9.4139],[78.0246,9.3998],[78.0337,9.4081],[78.0316,9.4521],[78.019,9.4616],[78.0072,9.4596],[78.0004,9.4728],[77.9896,9.4754],[78.015,9.502],[78.0317,9.4982],[78.0347,9.5057],[78.0429,9.5055],[78.0477,9.5307],[78.0151,9.5309],[78.0022,9.5402],[77.9833,9.5383],[77.9731,9.5125],[77.964,9.5065],[77.9461,9.5099],[77.97,9.5167],[77.9641,9.5241],[77.9494,9.526],[77.9475,9.5383],[77.9581,9.549],[77.9651,9.548],[77.9743,9.5752],[77.984,9.576],[77.9853,9.6044],[78.0073,9.6179],[78.0155,9.6392],[78.006,9.6417],[78.0062,9.6487],[77.9754,9.6303],[77.9672,9.6345],[77.9643,9.6452],[77.9256,9.6462],[77.9225,9.6373],[77.9137,9.6371],[77.9022,9.6247],[77.8915,9.6418],[77.8476,9.6502],[77.8369,9.5895],[77.8353,9.5862]]]}},{"type":"Feature","properties":{"SUBDISTRICT":"Kovilpatti","STATE":"Tamil Nadu","shapeID":"7132399B90739406947315","source":"geoBoundaries gbOpen IND ADM3 (ODbL 1.0); source: Local Government Directory lgdirectory.gov.in via Pathways Data","DISTRICT":"Thoothukudi"},"geometry":{"type":"Polygon","coordinates":[[[77.692,9.152],[77.6982,9.1393],[77.7061,9.1409],[77.7083,9.1489],[77.7454,9.1484],[77.7503,9.1251],[77.7914,9.124],[77.7947,9.112],[77.7863,9.1068],[77.7843,9.0839],[77.7718,9.0671],[77.784,9.0503],[77.8155,9.0374],[77.8333,9.0424],[77.8329,9.0699],[77.8518,9.0743],[77.8611,9.059],[77.8711,9.0548],[77.8894,9.0635],[77.8882,9.0754],[77.8829,9.074],[77.8895,9.0822],[77.872,9.0782],[77.8706,9.0926],[77.8617,9.0959],[77.8662,9.1111],[77.9039,9.1038],[77.902,9.0833],[77.9172,9.0711],[77.9318,9.0765],[77.9289,9.1073],[77.9162,9.1147],[77.925,9.1304],[77.9232,9.1452],[77.913,9.1468],[77.911,9.1792],[77.9175,9.1751],[77.9239,9.1795],[77.938,9.166],[77.9551,9.1771],[77.9472,9.1913],[77.9311,9.1864],[77.9219,9.2018],[77.9121,9.1987],[77.8814,9.2062],[77.8774,9.2261],[77.888,9.2291],[77.8821,9.2428],[77.8618,9.2459],[77.8482,9.2422],[77.8612,9.195],[77.8548,9.1816],[77.8428,9.1838],[77.8425,9.1669],[77.8063,9.176],[77.7895,9.1629],[77.7462,9.1606],[77.7382,9.1851],[77.7076,9.1862],[77.7065,9.1686],[77.6926,9.1571],[77.692,9.152]]]}},{"type":"Feature","properties":{"SUBDISTRICT":"Vilathikulam","STATE":"Tamil Nadu","shapeID":"7132399B68565448071190","source":"geoBoundaries gbOpen IND ADM3 (ODbL 1.0); source: Local Government Directory lgdirectory.gov.in via Pathways Data","DISTRICT":"Thoothukudi"},"geometry":{"type":"Polygon","coordinates":[[[78.0549,9.0838],[78.0632,9.0425],[78.0868,9.0402],[78.0983,9.0272],[78.1015,9.0332],[78.1122,9.0328],[78.1175,9.0246],[78.1249,9.0293],[78.1236,9.0138],[78.1489,9.0129],[78.1685,8.9948],[78.1958,8.9856],[78.1951,8.9794],[78.2078,8.9732],[78.2165,8.9784],[78.2207,8.9707],[78.3462,9.0587],[78.3886,9.0952],[78.3605,9.098],[78.3574,9.1167],[78.3239,9.1309],[78.2761,9.141],[78.2991,9.2033],[78.2726,9.202],[78.2746,9.2474],[78.2839,9.2863],[78.2254,9.296],[78.2148,9.3027],[78.2108,9.3252],[78.1757,9.3372],[78.1682,9.3533],[78.1702,9.368],[78.1498,9.3711],[78.0819,9.356],[78.0986,9.3539],[78.0894,9.3325],[78.1058,9.3167],[78.1039,9.3062],[78.0935,9.3017],[78.0937,9.2788],[78.0815,9.2555],[78.0923,9.2551],[78.1132,9.2143],[78.1134,9.2079],[78.102,9.2036],[78.1063,9.1955],[78.0989,9.1904],[78.0931,9.1677],[78.0979,9.1661],[78.1084,9.1868],[78.115,9.1869],[78.1179,9.1632],[78.1275,9.1536],[78.1132,9.1381],[78.1045,9.1391],[78.097,9.1183],[78.0734,9.1194],[78.073,9.0912],[78.0566,9.0925],[78.0552,9.0876],[78.0549,9.0838]]]}},{"type":"Feature","properties":{"SUBDISTRICT":"Udhagamandalam","STATE":"Tamil Nadu","shapeID":"7132399B29416480789089","source":"geoBoundaries gbOpen IND ADM3 (ODbL 1.0); source: Local Government Directory lgdirectory.gov.in via Pathways Data","DISTRICT":"Nilgiris"},"geometry":{"type":"Polygon","coordinates":[[[76.48,11.3829],[76.5189,11.3684],[76.5183,11.3539],[76.5472,11.3589],[76.5491,11.33],[76.5834,11.3233],[76.6011,11.333],[76.6216,11.3319],[76.6381,11.3512],[76.7243,11.3964],[76.7294,11.3915],[76.7428,11.3983],[76.75,11.389],[76.7735,11.4086],[76.8062,11.4048],[76.8176,11.4121],[76.8258,11.4504],[76.8464,11.4679],[76.8496,11.4798],[76.8829,11.5199],[76.8757,11.5258],[76.8728,11.5505],[76.8512,11.5766],[76.8426,11.5774],[76.8468,11.5824],[76.843,11.5949],[76.8259,11.6051],[76.7554,11.6182],[76.7446,11.6129],[76.6344,11.6113],[76.6234,11.6092],[76.6229,11.6021],[76.6036,11.5872],[76.5647,11.5765],[76.5696,11.5631],[76.5648,11.5577],[76.5741,11.555],[76.57,11.5461],[76.5402,11.5396],[76.5418,11.5168],[76.5241,11.5008],[76.5169,11.4828],[76.5398,11.4857],[76.5499,11.4757],[76.5546,11.468],[76.536,11.4539],[76.5449,11.4404],[76.5399,11.4316],[76.5228,11.4291],[76.5298,11.4242],[76.5224,11.4093],[76.5004,11.411],[76.496,11.3936],[76.4806,11.3833],[76.48,11.3829]]]}},{"type":"Feature","properties":{"SUBDISTRICT":"Sriperumbudur","STATE":"Tamil Nadu","shapeID":"7132399B18661452655859","source":"geoBoundaries gbOpen IND ADM3 (ODbL 1.0); source: Local Government Directory lgdirectory.gov.in via Pathways Data","DISTRICT":"Kancheepuram"},"geometry":{"type":"Polygon","coordinates":[[[79.7461,12.9959],[79.766,12.9921],[79.7671,12.9857],[79.7592,12.98],[79.7646,12.9524],[79.7794,12.9603],[79.7848,12.957],[79.7742,12.938],[79.7723,12.9194],[79.782,12.9182],[79.7849,12.9243],[79.8044,12.9174],[79.8076,12.8977],[79.8224,12.8983],[79.8491,12.8769],[79.8689,12.8788],[79.8974,12.8707],[79.9072,12.8626],[79.9015,12.8405],[79.9087,12.828],[79.9173,12.8282],[79.9329,12.8527],[79.9556,12.8579],[79.9485,12.878],[79.9763,12.8717],[79.9736,12.8902],[79.9915,12.8934],[80.0114,12.917],[79.9969,12.9266],[79.9976,12.9315],[80.0151,12.9354],[80.0111,12.9375],[80.0153,12.952],[79.997,12.9624],[79.9985,12.972],[80.0047,12.9762],[80.0436,12.9672],[80.0513,12.9703],[80.0561,12.9834],[80.0677,12.9863],[80.0653,13.0051],[80.0592,13.0095],[80.0293,13.0154],[80.0287,13.0083],[80.0387,13.0021],[80.016,12.9969],[80.0106,13.0027],[79.988,13.0045],[79.9918,13.0169],[80.017,13.0159],[80.0171,13.0236],[80.0295,13.0198],[80.0345,13.0309],[80.0263,13.0317],[80.0253,13.04],[79.9963,13.0458],[79.9907,13.0314],[79.9834,13.0327],[79.9779,13.0399],[79.9919,13.0518],[79.9883,13.0569],[79.9703,13.0474],[79.9702,13.0382],[79.9357,13.0334],[79.9205,13.0373],[79.9208,13.0481],[79.903,13.0508],[79.897,13.0344],[79.9041,13.0149],[79.9213,13.0192],[79.9432,13.003],[79.9398,12.9947],[79.9284,12.9907],[79.9118,13.0031],[79.8964,12.9947],[79.8934,12.9905],[79.9158,12.977],[79.8945,12.9464],[79.8526,12.9501],[79.8355,12.9589],[79.837,12.9638],[79.8239,12.9633],[79.8222,12.988],[79.8145,12.9903],[79.8194,13.0003],[79.809,13.0168],[79.8011,13.0148],[79.7983,13.0266],[79.7701,13.016],[79.7501,13.0003],[79.7461,12.9959]]]}},{"type":"Feature","properties":{"SUBDISTRICT":"Paramathi-Velur","STATE":"Tamil Nadu","shapeID":"7132399B13128782884222","source":"geoBoundaries gbOpen IND ADM3 (ODbL 1.0); source: Local Government Directory lgdirectory.gov.in via Pathways Data","DISTRICT":"Namakkal"},"geometry":{"type":"Polygon","coordinates":[[[77.8623,11.2444],[77.8718,11.2116],[77.8626,11.1816],[77.8837,11.1569],[77.8827,11.1194],[77.8927,11.0762],[77.9507,11.0646],[77.9865,11.0896],[78.0241,11.0917],[78.0296,11.1051],[78.0266,11.1208],[78.0346,11.131],[78.0276,11.1349],[78.0296,11.143],[78.0236,11.1419],[78.0252,11.149],[78.0343,11.1532],[78.0454,11.1487],[78.0406,11.1707],[78.055,11.1849],[78.0581,11.2149],[78.0495,11.2376],[78.0396,11.2394],[78.041,11.2734],[78.0299,11.2788],[78.029,11.2915],[77.997,11.2889],[77.9894,11.3024],[77.8964,11.3068],[77.894,11.2932],[77.8785,11.2798],[77.8772,11.2572],[77.8669,11.2472],[77.8623,11.2444]]]}},{"type":"Feature","properties":{"SUBDISTRICT":"Dharapuram","STATE":"Tamil Nadu","shapeID":"7132399B56660831733234","source":"geoBoundaries gbOpen IND ADM3 (ODbL 1.0); source: Local Government Directory lgdirectory.gov.in via Pathways Data","DISTRICT":"Erode"},"geometry":{"type":"Polygon","coordinates":[[[77.276,10.7918],[77.2977,10.7779],[77.3021,10.752],[77.3139,10.7488],[77.322,10.6899],[77.3489,10.6959],[77.363,10.6713],[77.3593,10.6607],[77.3647,10.6518],[77.3978,10.652],[77.4017,10.6362],[77.4175,10.6252],[77.4327,10.6313],[77.4472,10.6286],[77.4552,10.64],[77.4817,10.649],[77.5015,10.6421],[77.5166,10.6109],[77.5081,10.6115],[77.5097,10.6054],[77.5399,10.6068],[77.5485,10.6343],[77.5723,10.6573],[77.5852,10.6822],[77.6304,10.6685],[77.6559,10.6736],[77.6645,10.7147],[77.6895,10.7334],[77.7021,10.73],[77.7086,10.7074],[77.7097,10.687],[77.7017,10.6754],[77.7014,10.6585],[77.7147,10.6409],[77.7227,10.6411],[77.7197,10.6318],[77.7298,10.6299],[77.7558,10.6498],[77.753,10.6674],[77.7679,10.6786],[77.7891,10.6844],[77.8092,10.679],[77.8083,10.6938],[77.8242,10.7149],[77.8245,10.7503],[77.812,10.7567],[77.7971,10.7504],[77.7841,10.7555],[77.7803,10.7649],[77.7686,10.7655],[77.7763,10.789],[77.7931,10.7886],[77.8009,10.8048],[77.8686,10.7708],[77.8703,10.7751],[77.8905,10.7732],[77.8889,10.7912],[77.8753,10.7875],[77.8671,10.7976],[77.8745,10.8071],[77.8689,10.8393],[77.8592,10.8469],[77.839,10.8324],[77.8299,10.8345],[77.8165,10.8549],[77.7983,10.8628],[77.7896,10.8813],[77.7752,10.8663],[77.7522,10.8749],[77.7447,10.8839],[77.7296,10.8823],[77.7106,10.89],[77.703,10.8852],[77.6943,10.8922],[77.6931,10.862],[77.6871,10.8573],[77.6747,10.8558],[77.6679,10.8682],[77.6234,10.862],[77.6146,10.8757],[77.603,10.8749],[77.596,10.8814],[77.5889,10.9118],[77.5778,10.9098],[77.573,10.8979],[77.5816,10.8859],[77.5831,10.8652],[77.567,10.8646],[77.5609,10.8539],[77.5485,10.8704],[77.5209,10.8612],[77.5177,10.8801],[77.4901,10.8832],[77.4868,10.9051],[77.4527,10.8982],[77.4451,10.8906],[77.4362,10.8918],[77.432,10.9125],[77.3737,10.9025],[77.3776,10.8792],[77.2899,10.8537],[77.2901,10.8311],[77.2989,10.8135],[77.2774,10.8015],[77.276,10.7918]]]}},{"type":"Feature","properties":{"SUBDISTRICT":"Dharmapuri","STATE":"Tamil Nadu","shapeID":"7132399B48734226242504","source":"geoBoundaries gbOpen IND ADM3 (ODbL 1.0); source: Local Government Directory lgdirectory.gov.in via Pathways Data","DISTRICT":"Dharmapuri"},"geometry":{"type":"Polygon","coordinates":[[[77.9034,12.075],[77.9307,12.0729],[77.9481,12.0564],[77.9696,12.0512],[78.0072,12.0604],[78.0237,12.0451],[77.9922,12.0046],[77.9865,12.0059],[77.9672,11.9559],[77.9287,11.9597],[77.9165,11.9478],[77.906,11.8998],[77.9738,11.8925],[78.0116,11.9155],[78.0287,11.915],[78.0364,11.9278],[78.081,11.9351],[78.0762,11.9733],[78.0838,11.9819],[78.0902,11.9749],[78.0979,11.9782],[78.1024,11.9705],[78.1111,11.9759],[78.1458,11.9753],[78.1699,11.9997],[78.1718,11.9951],[78.1802,12.0052],[78.2035,12.0074],[78.1884,12.0155],[78.1944,12.0419],[78.1664,12.05],[78.1594,12.0462],[78.1478,12.0771],[78.135,12.0811],[78.1371,12.095],[78.1141,12.1103],[78.1143,12.1197],[78.0985,12.1165],[78.0898,12.0992],[78.0835,12.1021],[78.0634,12.0936],[78.061,12.1043],[78.0705,12.1221],[78.0686,12.1446],[78.0622,12.1599],[78.0552,12.1541],[78.0464,12.159],[78.0621,12.1746],[78.0528,12.1898],[78.0468,12.1811],[78.0365,12.1819],[78.0345,12.1731],[78.0268,12.1745],[78.0267,12.1802],[78.0183,12.1785],[78.0101,12.1587],[77.9986,12.1543],[77.9994,12.1372],[77.9893,12.1277],[77.9428,12.1351],[77.933,12.1148],[77.9398,12.107],[77.9339,12.0861],[77.9173,12.0803],[77.9118,12.0908],[77.9037,12.079],[77.9034,12.075]]]}},{"type":"Feature","properties":{"SUBDISTRICT":"Andimadam","STATE":"Tamil Nadu","shapeID":"7132399B5532345342996","source":"geoBoundaries gbOpen IND ADM3 (ODbL 1.0); source: Local Government Directory lgdirectory.gov.in via Pathways Data","DISTRICT":"Ariyalur"},"geometry":{"type":"Polygon","coordinates":[[[79.2481,11.2946],[79.249,11.2879],[79.2652,11.2822],[79.2659,11.2636],[79.2748,11.2505],[79.2896,11.2439],[79.2923,11.2173],[79.3071,11.2273],[79.3473,11.2315],[79.3429,11.2458],[79.3704,11.2429],[79.3693,11.257],[79.3479,11.2781],[79.3819,11.2774],[79.3979,11.2706],[79.4123,11.2959],[79.4601,11.3034],[79.4574,11.3139],[79.4639,11.3202],[79.4505,11.334],[79.4388,11.3333],[79.4324,11.342],[79.4382,11.3566],[79.4296,11.3569],[79.4266,11.3651],[79.4151,11.3619],[79.4114,11.3674],[79.4015,11.351],[79.395,11.3547],[79.3904,11.3892],[79.3954,11.3992],[79.3865,11.4089],[79.3786,11.4038],[79.3855,11.4023],[79.3837,11.397],[79.3742,11.3987],[79.3788,11.4109],[79.37,11.4192],[79.3223,11.4197],[79.2948,11.4121],[79.2988,11.3808],[79.2787,11.3798],[79.2832,11.3705],[79.2772,11.3597],[79.2876,11.3542],[79.2877,11.3459],[79.2821,11.3384],[79.2638,11.3376],[79.2654,11.3244],[79.2597,11.3274],[79.2607,11.3171],[79.2484,11.3096],[79.2486,11.2993],[79.2481,11.2946]]]}},{"type":"Feature","properties":{"SUBDISTRICT":"Tiruporur","STATE":"Tamil Nadu","shapeID":"7132399B55423383785175","source":"geoBoundaries gbOpen IND ADM3 (ODbL 1.0); source: Local Government Directory lgdirectory.gov.in via Pathways Data","DISTRICT":"Kancheepuram"},"geometry":{"type":"Polygon","coordinates":[[[80.0313,12.6436],[80.0511,12.6332],[80.0553,12.6132],[80.0686,12.6163],[80.0727,12.6081],[80.0715,12.6175],[80.0804,12.6167],[80.079,12.6318],[80.1001,12.6262],[80.1063,12.6169],[80.1185,12.6279],[80.1396,12.6093],[80.1561,12.6164],[80.1873,12.6131],[80.2049,12.6414],[80.2555,12.7832],[80.2484,12.8059],[80.2493,12.8538],[80.2422,12.8544],[80.2205,12.8436],[80.2259,12.8185],[80.2118,12.7879],[80.1925,12.7934],[80.1735,12.7665],[80.1598,12.7763],[80.1617,12.7813],[80.1529,12.7754],[80.1395,12.7801],[80.1335,12.7717],[80.1292,12.776],[80.1152,12.764],[80.1194,12.7509],[80.0887,12.7651],[80.068,12.7444],[80.0579,12.7436],[80.0443,12.7225],[80.0532,12.7072],[80.0459,12.696],[80.0532,12.6913],[80.0539,12.6787],[80.0422,12.6737],[80.0451,12.6683],[80.0366,12.6616],[80.0428,12.6529],[80.0324,12.6483],[80.0313,12.6436]]]}},{"type":"Feature","properties":{"SUBDISTRICT":"Vandalur","STATE":"Tamil Nadu","shapeID":"7132399B97478777646096","source":"geoBoundaries gbOpen IND ADM3 (ODbL 1.0); source: Local Government Directory lgdirectory.gov.in via Pathways Data","DISTRICT":"Kancheepuram"},"geometry":{"type":"Polygon","coordinates":[[[80.0548,12.8794],[80.0629,12.8577],[80.0802,12.8371],[80.0771,12.804],[80.0844,12.7927],[80.0786,12.7784],[80.0903,12.7738],[80.0887,12.7651],[80.1194,12.7509],[80.1152,12.764],[80.1292,12.776],[80.1335,12.7717],[80.1395,12.7801],[80.1529,12.7754],[80.1617,12.7813],[80.1598,12.7763],[80.1735,12.7665],[80.1925,12.7934],[80.2118,12.7879],[80.2259,12.8185],[80.2205,12.8397],[80.2258,12.848],[80.2133,12.8711],[80.199,12.8449],[80.1831,12.863],[80.1763,12.8563],[80.1655,12.8687],[80.1508,12.8604],[80.1408,12.8653],[80.13,12.8504],[80.1269,12.8664],[80.1403,12.8748],[80.1441,12.886],[80.13,12.8847],[80.1133,12.9014],[80.0989,12.8902],[80.0645,12.8988],[80.0554,12.8799],[80.0548,12.8794]]]}},{"type":"Feature","properties":{"SUBDISTRICT":"Anaimalai","STATE":"Tamil Nadu","shapeID":"7132399B76308712516720","source":"geoBoundaries gbOpen IND ADM3 (ODbL 1.0); source: Local Government Directory lgdirectory.gov.in via Pathways Data","DISTRICT":"Coimbatore"},"geometry":{"type":"Polygon","coordinates":[[[76.8149,10.6221],[76.8203,10.6025],[76.8415,10.5931],[76.8373,10.5696],[76.8592,10.5513],[76.8647,10.5158],[76.86,10.4979],[76.8717,10.486],[76.8691,10.474],[76.8887,10.4777],[76.8952,10.4883],[76.9136,10.4839],[76.9252,10.4896],[76.9332,10.4865],[76.9301,10.4737],[76.9517,10.4792],[76.989,10.4666],[76.9855,10.486],[77.0022,10.4895],[76.9954,10.4973],[76.9878,10.4964],[77.007,10.514],[77.0343,10.5206],[77.0668,10.5196],[77.0732,10.5066],[77.0656,10.4927],[77.0801,10.5062],[77.0734,10.5476],[77.0832,10.566],[77.082,10.5767],[77.0897,10.5874],[77.1131,10.5887],[77.1131,10.5975],[77.0995,10.6024],[77.0962,10.6109],[77.0602,10.6164],[77.0404,10.6094],[77.0438,10.63],[77.0369,10.6205],[77.025,10.621],[77.013,10.6105],[76.9931,10.6069],[76.9796,10.6124],[76.9763,10.6067],[76.9682,10.617],[76.9714,10.6222],[77.0237,10.6357],[77.0224,10.6503],[77.0275,10.6534],[77.0215,10.6646],[77.0374,10.6678],[77.0366,10.6722],[77.0139,10.6823],[77.0111,10.673],[77.003,10.671],[76.9959,10.6807],[76.9957,10.6695],[76.961,10.6731],[76.9675,10.6601],[76.9559,10.6476],[76.9593,10.641],[76.9373,10.6432],[76.9286,10.6584],[76.8908,10.6578],[76.8845,10.6376],[76.8642,10.6321],[76.8166,10.6344],[76.8173,10.6289],[76.8149,10.6221]]]}},{"type":"Feature","properties":{"SUBDISTRICT":"Annur","STATE":"Tamil Nadu","shapeID":"7132399B31533735039490","source":"geoBoundaries gbOpen IND ADM3 (ODbL 1.0); source: Local Government Directory lgdirectory.gov.in via Pathways Data","DISTRICT":"Coimbatore"},"geometry":{"type":"Polygon","coordinates":[[[76.9696,11.1076],[76.9856,11.0901],[77.0012,11.1],[77.0159,11.0972],[77.0161,11.1355],[77.0355,11.1481],[77.0427,11.1435],[77.0486,11.1246],[77.0298,11.1198],[77.0365,11.1126],[77.0358,11.1017],[77.0454,11.0998],[77.0422,11.0737],[77.052,11.0679],[77.0545,11.0816],[77.0665,11.0769],[77.0797,11.0875],[77.0857,11.0858],[77.0834,11.0907],[77.1102,11.111],[77.1291,11.1062],[77.1316,11.1286],[77.116,11.1232],[77.1116,11.1503],[77.0924,11.1683],[77.1037,11.1726],[77.1206,11.1968],[77.1344,11.1928],[77.1498,11.1979],[77.1438,11.2037],[77.1446,11.2163],[77.1624,11.2408],[77.1667,11.28],[77.1531,11.2749],[77.1443,11.284],[77.1275,11.2812],[77.1152,11.2909],[77.1182,11.3002],[77.1288,11.3059],[77.1454,11.3035],[77.1486,11.328],[77.1371,11.3417],[77.0984,11.3374],[77.0946,11.3267],[77.0795,11.3396],[77.0723,11.3386],[77.0677,11.3161],[77.0511,11.319],[77.0452,11.3117],[77.0422,11.2823],[77.0225,11.2796],[77.0184,11.2666],[77.0056,11.2649],[77.0066,11.228],[77.0149,11.2101],[77.0025,11.2079],[76.9982,11.1922],[76.9853,11.1981],[76.9746,11.1916],[76.972,11.1405],[76.978,11.1171],[76.97,11.108],[76.9696,11.1076]]]}},{"type":"Feature","properties":{"SUBDISTRICT":"Kinathukadavu","STATE":"Tamil Nadu","shapeID":"7132399B32910336374024","source":"geoBoundaries gbOpen IND ADM3 (ODbL 1.0); source: Local Government Directory lgdirectory.gov.in via Pathways Data","DISTRICT":"Coimbatore"},"geometry":{"type":"Polygon","coordinates":[[[76.8996,10.8081],[76.9091,10.779],[76.9058,10.7696],[76.9424,10.7894],[76.9628,10.743],[76.983,10.751],[76.9887,10.7436],[76.9869,10.7302],[77.0012,10.738],[77.0147,10.7371],[77.0264,10.7147],[77.0496,10.7199],[77.0737,10.7102],[77.0782,10.7281],[77.109,10.7284],[77.1041,10.7374],[77.1107,10.7391],[77.1165,10.7526],[77.1077,10.7541],[77.108,10.7665],[77.1228,10.7688],[77.1426,10.7619],[77.1501,10.7659],[77.159,10.7935],[77.1694,10.8012],[77.1578,10.8477],[77.1484,10.8481],[77.1443,10.8643],[77.1225,10.8672],[77.1173,10.8845],[77.1093,10.8859],[77.0782,10.8821],[77.0673,10.8744],[77.0326,10.8747],[77.0317,10.8607],[77.0058,10.8392],[76.9756,10.8389],[76.9571,10.818],[76.9411,10.8126],[76.9416,10.824],[76.9188,10.8223],[76.9122,10.8188],[76.914,10.8135],[76.8999,10.8089],[76.8996,10.8081]]]}},{"type":"Feature","properties":{"SUBDISTRICT":"Madukkari","STATE":"Tamil Nadu","shapeID":"7132399B24664242721463","source":"geoBoundaries gbOpen IND ADM3 (ODbL 1.0); source: Local Government Directory lgdirectory.gov.in via Pathways Data","DISTRICT":"Coimbatore"},"geometry":{"type":"Polygon","coordinates":[[[76.8092,10.8765],[76.832,10.867],[76.8565,10.8346],[76.8484,10.8236],[76.8517,10.8158],[76.8639,10.8166],[76.8714,10.8079],[76.9022,10.8088],[76.914,10.8135],[76.9137,10.8207],[76.9361,10.8247],[76.9426,10.8235],[76.9411,10.8126],[76.9571,10.818],[76.9756,10.8389],[77.0036,10.8382],[77.0317,10.8607],[77.0326,10.8769],[77.0409,10.891],[77.0495,10.8927],[77.0635,10.9284],[77.0555,10.9455],[77.0237,10.952],[76.9982,10.9464],[76.9732,10.9126],[76.9616,10.8818],[76.9417,10.8857],[76.9347,10.878],[76.9251,10.8874],[76.9153,10.8854],[76.8984,10.8746],[76.8957,10.8638],[76.885,10.8613],[76.8797,10.8632],[76.8706,10.8958],[76.8496,10.8857],[76.8575,10.8824],[76.8543,10.877],[76.8393,10.8753],[76.825,10.8846],[76.8109,10.8793],[76.8092,10.8765]]]}},{"type":"Feature","properties":{"SUBDISTRICT":"Perur","STATE":"Tamil Nadu","shapeID":"7132399B93679374270634","source":"geoBoundaries gbOpen IND ADM3 (ODbL 1.0); source: Local Government Directory lgdirectory.gov.in via Pathways Data","DISTRICT":"Coimbatore"},"geometry":{"type":"Polygon","coordinates":[[[76.6577,10.9366],[76.6853,10.9141],[76.711,10.9086],[76.7434,10.8888],[76.7771,10.8895],[76.7744,10.906],[76.7434,10.9076],[76.7371,10.9234],[76.7521,10.9364],[76.7542,10.9291],[76.7595,10.9308],[76.7695,10.9432],[76.7869,10.9347],[76.7781,10.9526],[76.7901,10.9609],[76.8415,10.9727],[76.8405,10.9817],[76.8276,10.9848],[76.8075,11.0176],[76.7822,11.0244],[76.7744,11.0194],[76.7787,11.0121],[76.7628,11.0329],[76.7168,11.0391],[76.6901,11.0071],[76.6881,10.9874],[76.6708,10.9681],[76.6659,10.9419],[76.6577,10.9366]]]}},{"type":"Feature","properties":{"SUBDISTRICT":"Uthukuli","STATE":"Tamil Nadu","shapeID":"7132399B88252624235704","source":"geoBoundaries gbOpen IND ADM3 (ODbL 1.0); source: Local Government Directory lgdirectory.gov.in via Pathways Data","DISTRICT":"Erode"},"geometry":{"type":"Polygon","coordinates":[[[77.3617,11.3033],[77.3755,11.2883],[77.3878,11.2558],[77.3811,11.2396],[77.3732,11.2364],[77.3733,11.222],[77.3807,11.2109],[77.405,11.1983],[77.4012,11.1577],[77.3934,11.1556],[77.3969,11.1302],[77.3843,11.1352],[77.3754,11.1267],[77.3952,11.1195],[77.4239,11.1277],[77.4489,11.1221],[77.4505,11.1298],[77.4649,11.1237],[77.4866,11.1262],[77.505,11.1147],[77.5089,11.1243],[77.5005,11.1499],[77.4855,11.1462],[77.4874,11.1647],[77.4738,11.1643],[77.4723,11.1728],[77.476,11.1886],[77.49,11.1832],[77.5161,11.1863],[77.5195,11.2096],[77.5153,11.2052],[77.4982,11.209],[77.5057,11.2138],[77.5062,11.2196],[77.4952,11.221],[77.5021,11.2266],[77.4955,11.2336],[77.4885,11.2309],[77.4874,11.2446],[77.4655,11.2567],[77.4701,11.2758],[77.4582,11.2989],[77.4631,11.3057],[77.4516,11.3145],[77.4582,11.3162],[77.4534,11.3211],[77.4441,11.3135],[77.4326,11.3222],[77.4191,11.3163],[77.4024,11.3211],[77.3862,11.3278],[77.3792,11.3444],[77.3632,11.3458],[77.3676,11.3318],[77.3633,11.3105],[77.3617,11.3033]]]}},{"type":"Feature","properties":{"SUBDISTRICT":"Tiruppurnorth","STATE":"Tamil Nadu","shapeID":"7132399B75807222163766","source":"geoBoundaries gbOpen IND ADM3 (ODbL 1.0); source: Local Government Directory lgdirectory.gov.in via Pathways Data","DISTRICT":"Coimbatore"},"geometry":{"type":"Polygon","coordinates":[[[77.3466,11.0182],[77.3495,11.0072],[77.3654,11.0086],[77.3648,10.9866],[77.389,10.9888],[77.3973,10.9551],[77.4108,10.9492],[77.4169,10.9257],[77.4744,10.9535],[77.4731,10.9651],[77.4884,10.9908],[77.4886,11.0044],[77.5022,11.0174],[77.4977,11.0444],[77.4754,11.0444],[77.4748,11.0541],[77.4542,11.0662],[77.4284,11.0703],[77.4184,11.0641],[77.4015,11.0319],[77.383,11.0331],[77.3709,11.0209],[77.3662,11.0255],[77.3642,11.019],[77.3581,11.0235],[77.3599,11.0313],[77.3478,11.0189],[77.3466,11.0182]]]}},{"type":"Feature","properties":{"SUBDISTRICT":"Anthiyur","STATE":"Tamil Nadu","shapeID":"7132399B76343199413059","source":"geoBoundaries gbOpen IND ADM3 (ODbL 1.0); source: Local Government Directory lgdirectory.gov.in via Pathways Data","DISTRICT":"Erode"},"geometry":{"type":"Polygon","coordinates":[[[77.4166,11.7449],[77.4205,11.7321],[77.4357,11.7349],[77.4358,11.7179],[77.4398,11.7222],[77.4436,11.7179],[77.4362,11.7076],[77.4397,11.6781],[77.4524,11.6646],[77.4368,11.6478],[77.4372,11.6372],[77.4574,11.6085],[77.4517,11.5625],[77.4891,11.5565],[77.4947,11.5346],[77.5106,11.5191],[77.5233,11.5278],[77.5336,11.4958],[77.5466,11.4937],[77.5507,11.4828],[77.5605,11.4805],[77.5751,11.5003],[77.5934,11.5049],[77.6088,11.5253],[77.6058,11.5346],[77.6117,11.5453],[77.6361,11.5472],[77.6314,11.56],[77.6353,11.5695],[77.6247,11.5694],[77.6218,11.5763],[77.6619,11.5861],[77.6773,11.5779],[77.6877,11.5847],[77.69,11.6106],[77.7187,11.5979],[77.7231,11.614],[77.7003,11.6289],[77.6919,11.645],[77.6992,11.6887],[77.6911,11.6911],[77.6926,11.7164],[77.7226,11.792],[77.7113,11.7959],[77.7105,11.807],[77.684,11.817],[77.6689,11.8209],[77.6655,11.8122],[77.6499,11.8141],[77.663,11.875],[77.6851,11.8744],[77.6759,11.9492],[77.658,11.9482],[77.6546,11.9536],[77.6024,11.9357],[77.5843,11.9333],[77.5589,11.94],[77.5345,11.9307],[77.4951,11.9415],[77.4878,11.8852],[77.4636,11.8976],[77.4618,11.8534],[77.4672,11.8482],[77.4625,11.8325],[77.442,11.7808],[77.4182,11.7468],[77.4166,11.7449]]]}},{"type":"Feature","properties":{"SUBDISTRICT":"Kodumudi","STATE":"Tamil Nadu","shapeID":"7132399B65063463133160","source":"geoBoundaries gbOpen IND ADM3 (ODbL 1.0); source: Local Government Directory lgdirectory.gov.in via Pathways Data","DISTRICT":"Erode"},"geometry":{"type":"Polygon","coordinates":[[[77.6556,11.1382],[77.6642,11.1343],[77.6602,11.1117],[77.7025,11.1024],[77.7185,11.0843],[77.7351,11.0843],[77.745,11.0918],[77.7824,11.0621],[77.8181,11.0658],[77.8311,11.0435],[77.8456,11.0434],[77.8503,11.0323],[77.8664,11.0214],[77.8992,11.0307],[77.909,11.0446],[77.9204,11.0467],[77.9323,11.0674],[77.9025,11.0714],[77.8892,11.082],[77.8827,11.1194],[77.8856,11.1485],[77.8626,11.1816],[77.8659,11.1973],[77.8439,11.202],[77.8378,11.1937],[77.8529,11.1583],[77.8496,11.154],[77.8061,11.1567],[77.7801,11.1248],[77.7566,11.1267],[77.7621,11.156],[77.7584,11.1644],[77.7368,11.1692],[77.7357,11.1857],[77.7273,11.1871],[77.6648,11.1734],[77.6563,11.1639],[77.6556,11.1417],[77.6556,11.1382]]]}},{"type":"Feature","properties":{"SUBDISTRICT":"Modakkurichi","STATE":"Tamil Nadu","shapeID":"7132399B17549150702943","source":"geoBoundaries gbOpen IND ADM3 (ODbL 1.0); source: Local Government Directory lgdirectory.gov.in via Pathways Data","DISTRICT":"Erode"},"geometry":{"type":"Polygon","coordinates":[[[77.6463,11.2006],[77.6566,11.1827],[77.6503,11.171],[77.6563,11.1639],[77.6796,11.1795],[77.7357,11.1857],[77.7368,11.1692],[77.7584,11.1644],[77.7621,11.156],[77.7592,11.125],[77.7817,11.1252],[77.8061,11.1567],[77.8496,11.154],[77.8529,11.1583],[77.8378,11.1937],[77.8439,11.202],[77.8659,11.1973],[77.8718,11.2116],[77.8668,11.2359],[77.8423,11.2573],[77.8084,11.2647],[77.7596,11.3318],[77.7392,11.3295],[77.7311,11.3183],[77.7304,11.3035],[77.7016,11.2987],[77.6845,11.2668],[77.6854,11.2752],[77.6706,11.2687],[77.6683,11.2637],[77.6788,11.248],[77.692,11.2459],[77.6926,11.2266],[77.6635,11.2264],[77.6633,11.2142],[77.6532,11.2119],[77.6465,11.2008],[77.6463,11.2006]]]}},{"type":"Feature","properties":{"SUBDISTRICT":"Nambiyur","STATE":"Tamil Nadu","shapeID":"7132399B37479406906192","source":"geoBoundaries gbOpen IND ADM3 (ODbL 1.0); source: Local Government Directory lgdirectory.gov.in via Pathways Data","DISTRICT":"Erode"},"geometry":{"type":"Polygon","coordinates":[[[77.1801,11.3579],[77.1809,11.3516],[77.1984,11.341],[77.2308,11.3485],[77.2201,11.3369],[77.2366,11.3253],[77.2341,11.3135],[77.2202,11.3104],[77.2183,11.3035],[77.2004,11.3067],[77.2017,11.2969],[77.2414,11.3011],[77.2411,11.322],[77.2479,11.3261],[77.2527,11.3218],[77.2528,11.308],[77.2837,11.3397],[77.2922,11.3279],[77.2845,11.3148],[77.2855,11.2884],[77.3131,11.2783],[77.2968,11.2708],[77.3033,11.2652],[77.3317,11.2547],[77.3471,11.2865],[77.3321,11.3142],[77.3645,11.3156],[77.3632,11.3458],[77.3792,11.3444],[77.3862,11.3278],[77.4191,11.3163],[77.4397,11.357],[77.4372,11.3649],[77.4145,11.367],[77.4185,11.3861],[77.4063,11.3978],[77.396,11.3934],[77.3956,11.3808],[77.3783,11.3849],[77.3754,11.3711],[77.3678,11.375],[77.3685,11.3849],[77.3582,11.3893],[77.3597,11.4014],[77.3513,11.405],[77.353,11.4295],[77.3702,11.43],[77.3739,11.4375],[77.3598,11.45],[77.3541,11.4456],[77.3565,11.4523],[77.3435,11.455],[77.3441,11.4601],[77.3128,11.4469],[77.3042,11.4348],[77.2951,11.4422],[77.28,11.4338],[77.2742,11.44],[77.2663,11.4283],[77.2506,11.4394],[77.2445,11.4162],[77.2529,11.42],[77.2514,11.4136],[77.259,11.4144],[77.2519,11.3938],[77.2373,11.3898],[77.2237,11.3982],[77.2191,11.3928],[77.2094,11.3956],[77.1967,11.3818],[77.1855,11.383],[77.1828,11.3671],[77.1876,11.3623],[77.1802,11.3582],[77.1801,11.3579]]]}},{"type":"Feature","properties":{"SUBDISTRICT":"Thalavadi","STATE":"Tamil Nadu","shapeID":"7132399B19868675222045","source":"geoBoundaries gbOpen IND ADM3 (ODbL 1.0); source: Local Government Directory lgdirectory.gov.in via Pathways Data","DISTRICT":"Erode"},"geometry":{"type":"Polygon","coordinates":[[[76.8371,11.6463],[76.8604,11.6098],[76.8468,11.5824],[76.852,11.5784],[76.8898,11.57],[76.9093,11.576],[76.9179,11.5628],[76.9236,11.5763],[76.9406,11.5759],[77.0074,11.5436],[77.1095,11.5935],[77.134,11.654],[77.2279,11.6893],[77.2414,11.7062],[77.2522,11.704],[77.2872,11.7297],[77.3032,11.7525],[77.3251,11.7485],[77.3409,11.7566],[77.3376,11.768],[77.2953,11.8071],[77.2888,11.7985],[77.2521,11.8111],[77.2474,11.7968],[77.2374,11.7924],[77.1473,11.7804],[77.1375,11.7694],[77.1128,11.7715],[77.1194,11.7212],[77.1063,11.7315],[77.0816,11.7334],[77.0838,11.7379],[77.06,11.766],[77.0717,11.7803],[77.0664,11.7854],[77.051,11.7858],[77.0373,11.7699],[77.0321,11.7729],[77.0414,11.7922],[77.0324,11.8032],[77.014,11.8112],[76.9823,11.8092],[76.9844,11.7991],[76.9691,11.7733],[76.9539,11.7894],[76.9452,11.7848],[76.909,11.7912],[76.9026,11.7852],[76.8902,11.7325],[76.8629,11.7067],[76.8378,11.652],[76.8371,11.6463]]]}},{"type":"Feature","properties":{"SUBDISTRICT":"Bhuvanagiri","STATE":"Tamil Nadu","shapeID":"7132399B34435407934845","source":"geoBoundaries gbOpen IND ADM3 (ODbL 1.0); source: Local Government Directory lgdirectory.gov.in via Pathways Data","DISTRICT":"Cuddalore"},"geometry":{"type":"Polygon","coordinates":[[[79.4543,11.4959],[79.4564,11.4893],[79.478,11.4883],[79.4778,11.4768],[79.4969,11.4654],[79.4964,11.4549],[79.4659,11.4564],[79.4652,11.4255],[79.4866,11.438],[79.5101,11.4337],[79.5356,11.4402],[79.5487,11.4318],[79.5571,11.4494],[79.5738,11.4289],[79.5891,11.4413],[79.5953,11.4239],[79.6052,11.4385],[79.6121,11.4292],[79.6454,11.4394],[79.6598,11.4312],[79.6655,11.4426],[79.6785,11.4391],[79.6986,11.4463],[79.714,11.4342],[79.72,11.438],[79.7251,11.4603],[79.7465,11.4744],[79.7596,11.4578],[79.7548,11.4461],[79.7653,11.4247],[79.7812,11.4213],[79.7858,11.409],[79.806,11.4089],[79.8095,11.4352],[79.7781,11.5095],[79.7688,11.5194],[79.7586,11.5627],[79.7355,11.5676],[79.7207,11.5597],[79.718,11.5717],[79.7069,11.5473],[79.6706,11.5432],[79.6769,11.5364],[79.664,11.5138],[79.6447,11.5069],[79.6356,11.5081],[79.6309,11.5278],[79.6153,11.5245],[79.6136,11.5181],[79.601,11.5208],[79.5989,11.5071],[79.5662,11.5111],[79.5514,11.5073],[79.5506,11.4978],[79.5371,11.4935],[79.5201,11.4987],[79.5152,11.5115],[79.4829,11.5099],[79.4788,11.4968],[79.4549,11.4977],[79.4543,11.4959]]]}},{"type":"Feature","properties":{"SUBDISTRICT":"Srimushnam","STATE":"Tamil Nadu","shapeID":"7132399B16203372502905","source":"geoBoundaries gbOpen IND ADM3 (ODbL 1.0); source: Local Government Directory lgdirectory.gov.in via Pathways Data","DISTRICT":"Cuddalore"},"geometry":{"type":"Polygon","coordinates":[[[79.3187,11.4547],[79.3273,11.4467],[79.3675,11.4379],[79.3619,11.4378],[79.3564,11.4193],[79.37,11.4192],[79.3788,11.4109],[79.3742,11.3987],[79.3852,11.3972],[79.3855,11.4023],[79.379,11.402],[79.3821,11.4108],[79.3945,11.403],[79.3904,11.3892],[79.395,11.3547],[79.4015,11.351],[79.4114,11.3674],[79.4151,11.3619],[79.4266,11.3651],[79.4296,11.3569],[79.4382,11.3566],[79.4324,11.342],[79.4388,11.3333],[79.4505,11.334],[79.4698,11.3174],[79.4638,11.3345],[79.4467,11.3355],[79.4497,11.3517],[79.4802,11.3485],[79.4931,11.353],[79.4937,11.3436],[79.5379,11.3518],[79.5252,11.3867],[79.5314,11.4355],[79.4866,11.438],[79.455,11.4228],[79.4389,11.4454],[79.4355,11.4688],[79.4155,11.4665],[79.3768,11.4787],[79.3607,11.473],[79.3581,11.4808],[79.3409,11.4816],[79.3382,11.4606],[79.3293,11.4634],[79.3221,11.4554],[79.3187,11.4547]]]}},{"type":"Feature","properties":{"SUBDISTRICT":"Veppur","STATE":"Tamil Nadu","shapeID":"7132399B76925549897276","source":"geoBoundaries gbOpen IND ADM3 (ODbL 1.0); source: Local Government Directory lgdirectory.gov.in via Pathways Data","DISTRICT":"Cuddalore"},"geometry":{"type":"Polygon","coordinates":[[[78.9147,11.5314],[78.9518,11.5228],[78.9473,11.4947],[78.976,11.4841],[78.9957,11.4864],[79.0141,11.4799],[79.0159,11.4906],[79.0329,11.4973],[79.0354,11.5071],[79.0498,11.5052],[79.0521,11.5165],[79.0619,11.5149],[79.0712,11.5293],[79.0922,11.5333],[79.1011,11.5303],[79.1031,11.52],[79.1318,11.4944],[79.1267,11.4777],[79.1493,11.4684],[79.1573,11.4777],[79.1671,11.4781],[79.1838,11.4996],[79.1979,11.4912],[79.2495,11.5022],[79.2471,11.5118],[79.2146,11.5139],[79.2104,11.5199],[79.2148,11.5265],[79.2476,11.5328],[79.2495,11.5377],[79.2473,11.5496],[79.2321,11.5625],[79.2378,11.5693],[79.2327,11.5839],[79.2368,11.5929],[79.2213,11.6021],[79.2113,11.6193],[79.1849,11.5858],[79.1542,11.5973],[79.1406,11.5882],[79.1173,11.5981],[79.1165,11.6116],[79.1018,11.6132],[79.0859,11.6327],[79.0704,11.6294],[79.0786,11.5973],[79.0491,11.5862],[79.0476,11.5976],[79.0181,11.6044],[79.0151,11.5833],[79.0,11.5732],[78.9235,11.5647],[78.9168,11.5381],[78.9147,11.5314]]]}},{"type":"Feature","properties":{"SUBDISTRICT":"Karimangalam","STATE":"Tamil Nadu","shapeID":"7132399B53612941879370","source":"geoBoundaries gbOpen IND ADM3 (ODbL 1.0); source: Local Government Directory lgdirectory.gov.in via Pathways Data","DISTRICT":"Dharmapuri"},"geometry":{"type":"Polygon","coordinates":[[[78.0987,12.3281],[78.102,12.2895],[78.1082,12.2822],[78.1138,12.29],[78.1207,12.2856],[78.1369,12.2893],[78.1287,12.2733],[78.1382,12.2688],[78.1493,12.2728],[78.134,12.241],[78.144,12.2313],[78.1439,12.2037],[78.1495,12.1928],[78.1733,12.1881],[78.1681,12.1969],[78.177,12.2093],[78.2111,12.2058],[78.2215,12.218],[78.2339,12.2121],[78.2443,12.2161],[78.2505,12.2263],[78.2711,12.2202],[78.2792,12.2134],[78.2809,12.1919],[78.2678,12.1726],[78.2721,12.1605],[78.2894,12.1496],[78.286,12.1345],[78.3112,12.1329],[78.3436,12.1634],[78.3493,12.1844],[78.3405,12.1841],[78.3406,12.1951],[78.3471,12.2234],[78.3547,12.2239],[78.3702,12.2106],[78.3666,12.1905],[78.3747,12.1931],[78.3756,12.2038],[78.4006,12.2132],[78.402,12.2236],[78.3863,12.2282],[78.3758,12.2223],[78.3564,12.2242],[78.352,12.2494],[78.3366,12.2624],[78.3293,12.2652],[78.321,12.2577],[78.3007,12.2718],[78.2824,12.2632],[78.2689,12.2663],[78.2593,12.2811],[78.2594,12.297],[78.2344,12.3052],[78.2359,12.3121],[78.2296,12.3162],[78.2473,12.331],[78.2394,12.3516],[78.2245,12.35],[78.2042,12.3316],[78.2002,12.3386],[78.175,12.3387],[78.1643,12.3529],[78.1676,12.3656],[78.1335,12.3765],[78.129,12.353],[78.1193,12.3456],[78.1159,12.3299],[78.0998,12.3298],[78.0987,12.3281]]]}},{"type":"Feature","properties":{"SUBDISTRICT":"Nallampalli","STATE":"Tamil Nadu","shapeID":"7132399B19254326416791","source":"geoBoundaries gbOpen IND ADM3 (ODbL 1.0); source: Local Government Directory lgdirectory.gov.in via Pathways Data","DISTRICT":"Dharmapuri"},"geometry":{"type":"Polygon","coordinates":[[[78.061,12.1043],[78.0634,12.0936],[78.0835,12.1021],[78.087,12.0979],[78.0985,12.1165],[78.1143,12.1197],[78.1141,12.1103],[78.1371,12.095],[78.135,12.0811],[78.1478,12.0771],[78.1594,12.0462],[78.1664,12.05],[78.1944,12.0419],[78.1884,12.0155],[78.2035,12.0074],[78.1802,12.0052],[78.1718,11.9951],[78.1699,11.9997],[78.1458,11.9753],[78.1111,11.9759],[78.1024,11.9705],[78.0979,11.9782],[78.0902,11.9749],[78.0838,11.9819],[78.0762,11.9733],[78.0813,11.9615],[78.0779,11.9419],[78.0841,11.9393],[78.146,11.9625],[78.2282,11.9731],[78.2269,11.9857],[78.2433,11.9841],[78.2487,11.989],[78.2446,12.0171],[78.2257,12.028],[78.2158,12.0467],[78.2039,12.0505],[78.1933,12.0668],[78.201,12.0741],[78.1959,12.0853],[78.2229,12.0845],[78.2415,12.0956],[78.2425,12.1059],[78.2556,12.1197],[78.2857,12.1397],[78.2894,12.1496],[78.2721,12.1605],[78.2678,12.1726],[78.2809,12.1919],[78.2779,12.216],[78.2527,12.2268],[78.2339,12.2121],[78.2215,12.218],[78.2111,12.2058],[78.1786,12.21],[78.1681,12.1969],[78.1733,12.1881],[78.1486,12.1934],[78.1406,12.1841],[78.1109,12.1822],[78.1038,12.1599],[78.0843,12.1638],[78.0861,12.2056],[78.0698,12.2007],[78.0622,12.1599],[78.0705,12.1221],[78.0623,12.1069],[78.061,12.1043]]]}},{"type":"Feature","properties":{"SUBDISTRICT":"Dindiguleast","STATE":"Tamil Nadu","shapeID":"7132399B43872627573119","source":"geoBoundaries gbOpen IND ADM3 (ODbL 1.0); source: Local Government Directory lgdirectory.gov.in via Pathways Data","DISTRICT":"Dindigul"},"geometry":{"type":"Polygon","coordinates":[[[77.9115,10.2326],[77.9155,10.2106],[77.9292,10.1987],[77.9318,10.1466],[77.9446,10.1569],[77.944,10.1433],[77.9506,10.1373],[77.9748,10.1312],[78.0001,10.159],[78.0191,10.1596],[78.0305,10.1793],[78.072,10.1785],[78.1215,10.1889],[78.1335,10.1854],[78.1396,10.1912],[78.1326,10.1972],[78.1663,10.2298],[78.1617,10.2369],[78.1897,10.3101],[78.1814,10.3236],[78.1802,10.3724],[78.1706,10.3789],[78.1775,10.3948],[78.1695,10.4098],[78.1483,10.4195],[78.143,10.4006],[78.1268,10.4003],[78.1226,10.3804],[78.086,10.3733],[78.0724,10.3812],[78.0697,10.3933],[78.0566,10.3953],[78.0563,10.4182],[78.0433,10.4231],[78.0308,10.406],[78.0073,10.4084],[78.0118,10.384],[77.986,10.3718],[77.9904,10.3427],[77.9855,10.338],[77.9572,10.3399],[77.9508,10.329],[77.9448,10.3133],[77.9487,10.308],[77.937,10.2879],[77.9704,10.2667],[77.9548,10.2554],[77.945,10.2631],[77.9122,10.236],[77.9115,10.2326]]]}},{"type":"Feature","properties":{"SUBDISTRICT":"Gujiliamparai","STATE":"Tamil Nadu","shapeID":"7132399B43614445016737","source":"geoBoundaries gbOpen IND ADM3 (ODbL 1.0); source: Local Government Directory lgdirectory.gov.in via Pathways Data","DISTRICT":"Dindigul"},"geometry":{"type":"Polygon","coordinates":[[[77.9302,10.7391],[77.9323,10.7347],[77.9518,10.7415],[77.9974,10.7413],[77.9973,10.73],[78.0132,10.7278],[78.0105,10.7206],[78.0164,10.7178],[78.0075,10.6738],[77.9736,10.6725],[77.9734,10.6568],[77.9795,10.6394],[78.0167,10.6279],[78.0164,10.6225],[77.9995,10.6202],[78.0001,10.6025],[78.0071,10.6018],[78.0025,10.5816],[78.0343,10.5786],[78.0497,10.5699],[78.0428,10.5338],[78.0612,10.5292],[78.0786,10.5354],[78.1034,10.5332],[78.1144,10.5461],[78.1261,10.5398],[78.1376,10.5505],[78.1415,10.5647],[78.1337,10.5731],[78.1384,10.5994],[78.166,10.6137],[78.1606,10.6325],[78.1645,10.649],[78.1463,10.6515],[78.1476,10.6824],[78.1552,10.7439],[78.1731,10.8022],[78.1865,10.8193],[78.1857,10.8312],[78.1784,10.8234],[78.1768,10.8337],[78.1587,10.8312],[78.1494,10.8051],[78.1064,10.8049],[78.0973,10.7867],[78.0981,10.7646],[78.0725,10.775],[78.0578,10.7628],[78.0499,10.7764],[78.0294,10.7801],[78.0249,10.7718],[77.9999,10.7726],[77.9952,10.7624],[77.9853,10.7595],[77.9396,10.7655],[77.9302,10.7391],[77.9302,10.7391]]]}},{"type":"Feature","properties":{"SUBDISTRICT":"Kundrathur","STATE":"Tamil Nadu","shapeID":"7132399B85020359563448","source":"geoBoundaries gbOpen IND ADM3 (ODbL 1.0); source: Local Government Directory lgdirectory.gov.in via Pathways Data","DISTRICT":"Kancheepuram"},"geometry":{"type":"Polygon","coordinates":[[[79.8987,12.8209],[79.9049,12.7967],[79.9247,12.7936],[79.9351,12.7799],[79.9402,12.7871],[79.9531,12.7853],[79.9586,12.7943],[79.9618,12.8042],[79.9562,12.8064],[79.9563,12.8208],[79.9652,12.8099],[80.0064,12.8041],[80.0299,12.8183],[80.0411,12.8353],[80.0518,12.8334],[80.0636,12.8603],[80.0548,12.8794],[80.0632,12.8975],[80.0866,12.9234],[80.095,12.9448],[80.1014,12.9429],[80.1223,12.9834],[80.1442,12.9965],[80.1574,12.9934],[80.1684,13.0036],[80.18,12.9988],[80.1966,13.0272],[80.1472,13.0303],[80.1455,13.0431],[80.1375,13.0418],[80.1363,13.031],[80.1266,13.0322],[80.1245,13.0397],[80.1107,13.0406],[80.1075,13.0335],[80.0859,13.0397],[80.0845,13.0124],[80.0767,13.0349],[80.0676,13.0342],[80.0661,13.026],[80.0551,13.0206],[80.0464,13.0289],[80.0443,13.0164],[80.0171,13.0236],[80.017,13.0159],[79.9918,13.0169],[79.988,13.0045],[80.0106,13.0027],[80.016,12.9969],[80.0387,13.0021],[80.0287,13.0083],[80.0293,13.0154],[80.0592,13.0095],[80.0653,13.0051],[80.0677,12.9863],[80.0561,12.9834],[80.0513,12.9703],[80.0436,12.9672],[80.0047,12.9762],[79.9985,12.972],[79.997,12.9624],[80.0153,12.952],[80.015,12.934],[79.9968,12.9303],[80.0111,12.9161],[79.9915,12.8934],[79.9736,12.8902],[79.9763,12.8717],[79.9485,12.878],[79.9556,12.8579],[79.9329,12.8527],[79.9173,12.8282],[79.9066,12.8308],[79.8997,12.8213],[79.8987,12.8209]]]}},{"type":"Feature","properties":{"SUBDISTRICT":"Walajabad","STATE":"Tamil Nadu","shapeID":"7132399B47961050436328","source":"geoBoundaries gbOpen IND ADM3 (ODbL 1.0); source: Local Government Directory lgdirectory.gov.in via Pathways Data","DISTRICT":"Kancheepuram"},"geometry":{"type":"Polygon","coordinates":[[[79.6983,12.7826],[79.6991,12.7773],[79.7113,12.7761],[79.7119,12.758],[79.7288,12.7556],[79.7465,12.7428],[79.7418,12.7323],[79.7156,12.7267],[79.7391,12.7158],[79.7373,12.6998],[79.7864,12.7112],[79.7944,12.7251],[79.8174,12.7291],[79.8319,12.7501],[79.8474,12.7588],[79.8621,12.7648],[79.8772,12.7604],[79.8854,12.767],[79.8721,12.7741],[79.8957,12.7785],[79.9059,12.7912],[79.8987,12.8209],[79.9062,12.8285],[79.9015,12.8405],[79.9072,12.8626],[79.8657,12.879],[79.8514,12.8769],[79.8488,12.8679],[79.8203,12.8685],[79.8093,12.861],[79.8081,12.8477],[79.7866,12.8535],[79.7766,12.849],[79.7787,12.8238],[79.7629,12.8236],[79.7516,12.8102],[79.7405,12.8071],[79.7464,12.786],[79.716,12.7905],[79.71,12.7817],[79.6985,12.7831],[79.6983,12.7826]]]}},{"type":"Feature","properties":{"SUBDISTRICT":"Killiyoor","STATE":"Tamil Nadu","shapeID":"7132399B4301173473523","source":"geoBoundaries gbOpen IND ADM3 (ODbL 1.0); source: Local Government Directory lgdirectory.gov.in via Pathways Data","DISTRICT":"Kanniyakumari"},"geometry":{"type":"Polygon","coordinates":[[[77.1787,8.2281],[77.1835,8.2188],[77.2236,8.1963],[77.2302,8.1848],[77.2409,8.2023],[77.2722,8.2049],[77.2815,8.2192],[77.2711,8.226],[77.2499,8.2262],[77.2426,8.2349],[77.2537,8.2512],[77.2441,8.2581],[77.2531,8.2675],[77.2587,8.2946],[77.2485,8.3065],[77.251,8.3114],[77.2412,8.3089],[77.2295,8.3182],[77.2349,8.3019],[77.2252,8.3028],[77.2248,8.2954],[77.2147,8.3036],[77.207,8.3019],[77.207,8.2906],[77.199,8.2885],[77.2019,8.2706],[77.1873,8.2703],[77.1836,8.2537],[77.1892,8.2528],[77.1906,8.2409],[77.1804,8.2282],[77.1787,8.2281]]]}},{"type":"Feature","properties":{"SUBDISTRICT":"Thiruvattar","STATE":"Tamil Nadu","shapeID":"7132399B36677762083048","source":"geoBoundaries gbOpen IND ADM3 (ODbL 1.0); source: Local Government Directory lgdirectory.gov.in via Pathways Data","DISTRICT":"Kanniyakumari"},"geometry":{"type":"Polygon","coordinates":[[[77.2485,8.3065],[77.301,8.2561],[77.3037,8.2778],[77.3226,8.2681],[77.3246,8.2599],[77.3343,8.2658],[77.3461,8.2615],[77.3453,8.2796],[77.3258,8.2856],[77.3271,8.2917],[77.3221,8.2895],[77.3195,8.2975],[77.3481,8.3127],[77.3459,8.326],[77.3603,8.3245],[77.3726,8.3087],[77.384,8.307],[77.39,8.3197],[77.4019,8.3168],[77.4145,8.3372],[77.4079,8.3465],[77.4099,8.3562],[77.3956,8.3638],[77.4158,8.3937],[77.4111,8.4073],[77.4187,8.4058],[77.4217,8.4175],[77.4351,8.4185],[77.4512,8.4355],[77.4477,8.4604],[77.4555,8.4709],[77.4474,8.474],[77.4476,8.4982],[77.4008,8.5204],[77.3779,8.518],[77.3632,8.5415],[77.342,8.5499],[77.3385,8.5362],[77.3174,8.5361],[77.3156,8.5123],[77.3083,8.5077],[77.305,8.4879],[77.3138,8.4793],[77.3078,8.4648],[77.3174,8.4563],[77.3074,8.4385],[77.3083,8.4281],[77.2867,8.4166],[77.2891,8.4114],[77.2784,8.3973],[77.2611,8.3938],[77.2653,8.3621],[77.2591,8.3561],[77.2611,8.3494],[77.2506,8.3434],[77.2561,8.3381],[77.2492,8.3281],[77.2556,8.3157],[77.2486,8.3067],[77.2485,8.3065]]]}},{"type":"Feature","properties":{"SUBDISTRICT":"Manmangalam","STATE":"Tamil Nadu","shapeID":"7132399B11603441498806","source":"geoBoundaries gbOpen IND ADM3 (ODbL 1.0); source: Local Government Directory lgdirectory.gov.in via Pathways Data","DISTRICT":"Karur"},"geometry":{"type":"Polygon","coordinates":[[[77.9844,11.0285],[77.9908,11.0196],[78.0102,11.0262],[78.0214,11.0233],[78.0125,10.9656],[78.0318,10.9442],[78.0293,10.9324],[78.0065,10.932],[78.0081,10.9247],[77.9909,10.9048],[77.9915,10.8779],[78.0083,10.8672],[78.0086,10.8798],[78.0342,10.8788],[78.0316,10.9014],[78.0371,10.9096],[78.0461,10.9081],[78.0473,10.8983],[78.0634,10.8948],[78.0644,10.9031],[78.0739,10.9047],[78.0739,10.8904],[78.1097,10.8962],[78.11,10.9276],[78.1261,10.9328],[78.1339,10.9592],[78.1658,10.9436],[78.1915,10.955],[78.2,10.9521],[78.2081,10.9603],[78.1877,10.9724],[78.1714,11.0066],[78.1452,11.0377],[78.0959,11.0749],[78.0567,11.0741],[78.0378,11.0845],[78.0317,11.0686],[78.0207,11.082],[77.9981,11.0765],[77.9853,11.0298],[77.9844,11.0285]]]}},{"type":"Feature","properties":{"SUBDISTRICT":"Pugalur","STATE":"Tamil Nadu","shapeID":"7132399B83148949964419","source":"geoBoundaries gbOpen IND ADM3 (ODbL 1.0); source: Local Government Directory lgdirectory.gov.in via Pathways Data","DISTRICT":"Karur"},"geometry":{"type":"Polygon","coordinates":[[[77.7498,10.9746],[77.7527,10.963],[77.7666,10.9628],[77.766,10.9364],[77.8046,10.9388],[77.8103,10.9205],[77.8202,10.9161],[77.8513,10.9157],[77.8496,10.9214],[77.8588,10.9313],[77.8816,10.9453],[77.9032,10.9285],[77.9179,10.934],[77.9189,10.9278],[77.937,10.9178],[77.9516,10.9224],[77.9597,10.9024],[77.9658,10.9016],[77.9775,10.9185],[77.9999,10.9202],[78.0081,10.9247],[78.0083,10.933],[78.0293,10.9324],[78.0318,10.9442],[78.0125,10.9656],[78.0214,11.0233],[78.0102,11.0262],[77.9908,11.0196],[77.9844,11.0285],[77.996,11.0547],[77.9949,11.0741],[78.0207,11.082],[78.0317,11.0686],[78.0378,11.0845],[78.0273,11.0913],[78.0001,11.0932],[77.9507,11.0646],[77.9323,11.0674],[77.9181,11.0443],[77.909,11.0446],[77.8992,11.0307],[77.8719,11.0218],[77.8503,11.0323],[77.8456,11.0434],[77.8311,11.0435],[77.8181,11.0658],[77.7824,11.0621],[77.7763,11.0543],[77.7806,11.0375],[77.791,11.0302],[77.7792,10.9942],[77.7585,10.9773],[77.7508,10.9792],[77.7498,10.9746]]]}},{"type":"Feature","properties":{"SUBDISTRICT":"Anchetty","STATE":"Tamil Nadu","shapeID":"7132399B53856209531983","source":"geoBoundaries gbOpen IND ADM3 (ODbL 1.0); source: Local Government Directory lgdirectory.gov.in via Pathways Data","DISTRICT":"Dharmapuri"},"geometry":{"type":"Polygon","coordinates":[[[77.473,12.2446],[77.4838,12.2338],[77.4758,12.2112],[77.4927,12.1991],[77.5216,12.193],[77.5438,12.2029],[77.5663,12.1962],[77.6071,12.2045],[77.6396,12.1956],[77.6662,12.1971],[77.7304,12.181],[77.7638,12.1424],[77.7809,12.1911],[77.7866,12.2294],[77.8079,12.2417],[77.8191,12.2573],[77.8369,12.2511],[77.8497,12.291],[77.8468,12.3199],[77.7893,12.323],[77.7867,12.3358],[77.7583,12.3432],[77.7491,12.3647],[77.7333,12.3727],[77.7418,12.3776],[77.7287,12.3793],[77.7196,12.4033],[77.7076,12.3951],[77.6952,12.4011],[77.6909,12.4209],[77.6609,12.4555],[77.6301,12.4581],[77.6303,12.4175],[77.6141,12.3628],[77.6014,12.3583],[77.5964,12.3454],[77.5788,12.3332],[77.5663,12.3062],[77.5554,12.3017],[77.5529,12.2927],[77.5337,12.29],[77.5285,12.2785],[77.4885,12.2785],[77.4736,12.2529],[77.473,12.2446]]]}},{"type":"Feature","properties":{"SUBDISTRICT":"Bargur","STATE":"Tamil Nadu","shapeID":"7132399B24591060638178","source":"geoBoundaries gbOpen IND ADM3 (ODbL 1.0); source: Local Government Directory lgdirectory.gov.in via Pathways Data","DISTRICT":"Dharmapuri"},"geometry":{"type":"Polygon","coordinates":[[[78.2529,12.4894],[78.2672,12.479],[78.2655,12.4595],[78.2782,12.4581],[78.2812,12.4416],[78.2943,12.4291],[78.3045,12.4347],[78.3059,12.4295],[78.3095,12.4344],[78.3292,12.4316],[78.3366,12.4469],[78.3575,12.4288],[78.3576,12.4125],[78.4089,12.3889],[78.4147,12.3875],[78.4204,12.3957],[78.4392,12.3851],[78.4439,12.3893],[78.4365,12.3962],[78.4548,12.429],[78.451,12.4495],[78.4338,12.4616],[78.4172,12.486],[78.4205,12.5109],[78.4142,12.5288],[78.4205,12.5679],[78.4079,12.6011],[78.4114,12.6239],[78.3496,12.6174],[78.3508,12.6231],[78.3391,12.6272],[78.3397,12.6486],[78.3201,12.6603],[78.3075,12.6642],[78.3102,12.6464],[78.2988,12.6341],[78.3,12.6251],[78.3099,12.6189],[78.2993,12.6119],[78.2861,12.616],[78.2849,12.6106],[78.2744,12.6175],[78.2688,12.5911],[78.2933,12.5751],[78.2654,12.5405],[78.2652,12.5188],[78.2868,12.513],[78.3043,12.5174],[78.3146,12.4948],[78.2718,12.5017],[78.2561,12.4999],[78.2534,12.4935],[78.2529,12.4894]]]}},{"type":"Feature","properties":{"SUBDISTRICT":"Shoolagiri","STATE":"Tamil Nadu","shapeID":"7132399B88798125778538","source":"geoBoundaries gbOpen IND ADM3 (ODbL 1.0); source: Local Government Directory lgdirectory.gov.in via Pathways Data","DISTRICT":"Dharmapuri"},"geometry":{"type":"Polygon","coordinates":[[[77.8635,12.6254],[77.889,12.6086],[77.9052,12.6035],[77.9114,12.6081],[77.9317,12.599],[77.9335,12.59],[77.9581,12.5787],[77.9518,12.5614],[77.9634,12.5556],[77.9756,12.5594],[77.9783,12.568],[77.9718,12.5764],[77.9818,12.5844],[77.9964,12.5784],[78.0026,12.5835],[78.0132,12.5722],[78.0244,12.5764],[78.028,12.5848],[78.035,12.5788],[78.0525,12.5802],[78.0602,12.5722],[78.0773,12.5759],[78.0818,12.5607],[78.0908,12.5642],[78.0989,12.5719],[78.1023,12.5962],[78.1266,12.6223],[78.1146,12.6383],[78.1236,12.6382],[78.1229,12.6427],[78.1023,12.6703],[78.1011,12.6895],[78.0933,12.6941],[78.0998,12.7082],[78.0962,12.7159],[78.0768,12.7155],[78.0671,12.7225],[78.0713,12.7592],[78.0795,12.7712],[78.077,12.7835],[78.0942,12.8171],[78.0867,12.8302],[78.0765,12.8286],[78.0751,12.8398],[78.0619,12.8419],[78.0572,12.852],[78.0504,12.8478],[78.0253,12.8554],[78.0272,12.8431],[78.0194,12.8432],[78.0175,12.8296],[78.0037,12.8232],[78.016,12.8128],[78.0119,12.805],[77.9918,12.8051],[77.9917,12.8199],[77.9816,12.8321],[77.9677,12.8309],[77.9682,12.8457],[77.9571,12.8475],[77.9588,12.8575],[77.9488,12.859],[77.9427,12.849],[77.9501,12.8387],[77.9367,12.8099],[77.9561,12.789],[77.9481,12.777],[77.9494,12.7646],[77.9335,12.7642],[77.9158,12.7151],[77.9594,12.7212],[77.9553,12.7126],[77.9462,12.7123],[77.9455,12.7059],[77.9552,12.7012],[77.9484,12.6946],[77.9122,12.6919],[77.9125,12.6706],[77.8812,12.6637],[77.8729,12.6493],[77.8787,12.6418],[77.8656,12.6361],[77.8653,12.6295],[77.8635,12.6254]]]}},{"type":"Feature","properties":{"SUBDISTRICT":"Kalligudi","STATE":"Tamil Nadu","shapeID":"7132399B5657787295191","source":"geoBoundaries gbOpen IND ADM3 (ODbL 1.0); source: Local Government Directory lgdirectory.gov.in via Pathways Data","DISTRICT":"Madurai"},"geometry":{"type":"Polygon","coordinates":[[[77.8821,9.6721],[77.8948,9.6545],[77.8946,9.6294],[77.9022,9.6247],[77.9137,9.6371],[77.9225,9.6373],[77.9256,9.6462],[77.9354,9.6483],[77.9643,9.6452],[77.9672,9.6345],[77.9754,9.6303],[78.0034,9.6489],[78.0155,9.6392],[78.0411,9.6764],[78.062,9.6705],[78.061,9.6599],[78.0838,9.6622],[78.0818,9.6713],[78.0894,9.6822],[78.0703,9.724],[78.075,9.731],[78.0634,9.7409],[78.0726,9.7523],[78.082,9.7485],[78.0858,9.775],[78.0742,9.7751],[78.0764,9.7936],[78.0571,9.7994],[78.0279,9.7679],[78.0071,9.7671],[78.0059,9.7587],[77.9958,9.7615],[77.9946,9.7541],[77.9833,9.7572],[77.9656,9.7832],[77.9222,9.7747],[77.9123,9.7465],[77.9473,9.7379],[77.9365,9.7175],[77.9385,9.7091],[77.9275,9.7084],[77.9233,9.7168],[77.8891,9.7101],[77.897,9.6991],[77.8866,9.6748],[77.8821,9.6721]]]}},{"type":"Feature","properties":{"SUBDISTRICT":"Madurai  West","STATE":"Tamil Nadu","shapeID":"7132399B51831469057246","source":"geoBoundaries gbOpen IND ADM3 (ODbL 1.0); source: Local Government Directory lgdirectory.gov.in via Pathways Data","DISTRICT":"Madurai"},"geometry":{"type":"Polygon","coordinates":[[[77.9849,9.9767],[78.014,9.9625],[78.0022,9.9401],[78.0137,9.9202],[78.0221,9.9231],[78.0515,9.8963],[78.0924,9.9016],[78.0968,9.8894],[78.1197,9.9053],[78.1314,9.9019],[78.1342,9.9103],[78.16,9.9014],[78.1661,9.9102],[78.1536,9.9187],[78.1585,9.9224],[78.1564,9.9409],[78.1641,9.9437],[78.1771,9.9818],[78.1725,9.986],[78.165,9.9816],[78.1641,9.9646],[78.1575,9.9571],[78.1343,9.957],[78.1221,9.9472],[78.1237,9.9606],[78.1168,9.9619],[78.11,9.9584],[78.1089,9.9443],[78.0811,9.9513],[78.0693,9.9635],[78.049,9.9683],[78.011,9.9875],[78.0129,9.9916],[77.9899,9.9924],[77.9849,9.977],[77.9849,9.9767]]]}},{"type":"Feature","properties":{"SUBDISTRICT":"Madurai East","STATE":"Tamil Nadu","shapeID":"7132399B49442679297762","source":"geoBoundaries gbOpen IND ADM3 (ODbL 1.0); source: Local Government Directory lgdirectory.gov.in via Pathways Data","DISTRICT":"Madurai"},"geometry":{"type":"Polygon","coordinates":[[[78.1536,9.9187],[78.1823,9.9029],[78.2039,9.8747],[78.2264,9.8611],[78.2477,9.8583],[78.2402,9.8461],[78.2599,9.834],[78.2688,9.8486],[78.2536,9.8723],[78.2787,9.8704],[78.2758,9.9048],[78.2917,9.9114],[78.2942,9.9232],[78.2856,9.9198],[78.2842,9.9259],[78.2894,9.9383],[78.297,9.9379],[78.288,9.9534],[78.282,9.9379],[78.269,9.9335],[78.2616,9.9569],[78.2691,9.966],[78.2598,9.98],[78.2443,9.9791],[78.23,10.0024],[78.2429,10.0168],[78.2523,10.0151],[78.2485,10.0064],[78.2643,10.0184],[78.2607,10.0225],[78.2719,10.0401],[78.2124,10.0563],[78.2146,10.0632],[78.2071,10.0679],[78.198,10.0645],[78.1935,10.0543],[78.2079,10.0467],[78.202,10.0345],[78.2096,10.033],[78.2089,10.025],[78.1712,10.0381],[78.171,10.0284],[78.1796,10.0271],[78.1787,10.0055],[78.1832,10.0123],[78.1932,10.0095],[78.1894,9.996],[78.1943,9.9903],[78.1736,9.9885],[78.1771,9.9818],[78.1641,9.9437],[78.1564,9.9409],[78.1573,9.9211],[78.1536,9.9187]]]}},{"type":"Feature","properties":{"SUBDISTRICT":"Thirupparankundram","STATE":"Tamil Nadu","shapeID":"7132399B83272573561151","source":"geoBoundaries gbOpen IND ADM3 (ODbL 1.0); source: Local Government Directory lgdirectory.gov.in via Pathways Data","DISTRICT":"Madurai"},"geometry":{"type":"Polygon","coordinates":[[[77.9969,9.9123],[78.0037,9.9066],[78.0034,9.8906],[78.0164,9.8893],[78.0132,9.8825],[78.028,9.8784],[78.0317,9.8557],[78.0507,9.8523],[78.0433,9.8295],[78.0596,9.8208],[78.0571,9.7994],[78.0764,9.7936],[78.0742,9.7751],[78.0858,9.775],[78.0809,9.7593],[78.1019,9.7549],[78.1038,9.7613],[78.0908,9.7765],[78.1095,9.7849],[78.0992,9.8016],[78.1029,9.8309],[78.0966,9.8329],[78.1026,9.8711],[78.0882,9.8718],[78.085,9.8596],[78.0678,9.8597],[78.0649,9.8702],[78.0435,9.8799],[78.0499,9.885],[78.0516,9.9001],[78.0181,9.9249],[78.0137,9.9202],[78.0016,9.9265],[77.9981,9.9171],[77.9969,9.9123]]]}},{"type":"Feature","properties":{"SUBDISTRICT":"Kolli Hills","STATE":"Tamil Nadu","shapeID":"7132399B92654567863431","source":"geoBoundaries gbOpen IND ADM3 (ODbL 1.0); source: Local Government Directory lgdirectory.gov.in via Pathways Data","DISTRICT":"Namakkal"},"geometry":{"type":"Polygon","coordinates":[[[78.2689,11.3636],[78.2886,11.354],[78.3064,11.3357],[78.3198,11.3359],[78.312,11.305],[78.2947,11.2993],[78.2854,11.2742],[78.2744,11.2658],[78.2777,11.1881],[78.2935,11.1916],[78.3343,11.1785],[78.376,11.1832],[78.4092,11.1953],[78.4211,11.2103],[78.4561,11.3004],[78.4647,11.3063],[78.4649,11.3162],[78.4495,11.3293],[78.4477,11.3421],[78.4605,11.339],[78.4559,11.3469],[78.4638,11.3839],[78.4828,11.3883],[78.4865,11.4088],[78.4281,11.3836],[78.3643,11.395],[78.3641,11.4173],[78.354,11.4226],[78.3322,11.412],[78.2885,11.4195],[78.28,11.414],[78.2836,11.4051],[78.2709,11.366],[78.2689,11.3636]]]}},{"type":"Feature","properties":{"SUBDISTRICT":"Kumarapalayam","STATE":"Tamil Nadu","shapeID":"7132399B79046201318696","source":"geoBoundaries gbOpen IND ADM3 (ODbL 1.0); source: Local Government Directory lgdirectory.gov.in via Pathways Data","DISTRICT":"Namakkal"},"geometry":{"type":"Polygon","coordinates":[[[77.6835,11.4192],[77.722,11.3722],[77.7395,11.3647],[77.7526,11.3504],[77.7605,11.3302],[77.7912,11.2898],[77.8153,11.3143],[77.8154,11.3339],[77.8042,11.3354],[77.7953,11.3511],[77.816,11.3598],[77.8165,11.3694],[77.8364,11.3755],[77.8493,11.4004],[77.8441,11.4065],[77.8464,11.4334],[77.8223,11.4441],[77.8348,11.4521],[77.8303,11.4644],[77.8166,11.4633],[77.8207,11.4602],[77.8166,11.4526],[77.8068,11.4556],[77.8054,11.4456],[77.7911,11.4464],[77.7868,11.4569],[77.7955,11.4629],[77.775,11.4785],[77.7675,11.4757],[77.7593,11.4489],[77.7392,11.4411],[77.722,11.4521],[77.7088,11.4492],[77.7099,11.4631],[77.6962,11.4583],[77.6838,11.4218],[77.6835,11.4192]]]}},{"type":"Feature","properties":{"SUBDISTRICT":"Mohanur","STATE":"Tamil Nadu","shapeID":"7132399B67404937082566","source":"geoBoundaries gbOpen IND ADM3 (ODbL 1.0); source: Local Government Directory lgdirectory.gov.in via Pathways Data","DISTRICT":"Namakkal"},"geometry":{"type":"Polygon","coordinates":[[[78.0236,11.1419],[78.0296,11.143],[78.0276,11.1349],[78.0346,11.131],[78.0266,11.1208],[78.0296,11.1051],[78.0241,11.0917],[78.0567,11.0741],[78.0959,11.0749],[78.1452,11.0377],[78.1685,11.0109],[78.1953,11.0212],[78.198,11.0396],[78.1648,11.0432],[78.1658,11.0475],[78.1829,11.0669],[78.1957,11.0612],[78.2036,11.0717],[78.2204,11.0635],[78.2279,11.0522],[78.2365,11.0656],[78.2297,11.0931],[78.2482,11.0908],[78.2647,11.067],[78.2839,11.0762],[78.324,11.0563],[78.3306,11.0287],[78.3448,11.0245],[78.3505,11.0464],[78.3597,11.0454],[78.3615,11.0511],[78.3626,11.0625],[78.34,11.0783],[78.3393,11.0898],[78.263,11.1055],[78.2711,11.1397],[78.2447,11.1426],[78.2432,11.1498],[78.2299,11.1527],[78.2287,11.1677],[78.2061,11.1825],[78.2067,11.166],[78.1934,11.1579],[78.1757,11.1738],[78.1507,11.177],[78.1388,11.1871],[78.1299,11.1791],[78.1282,11.1839],[78.115,11.1832],[78.1127,11.1739],[78.1047,11.1818],[78.0878,11.1823],[78.087,11.1565],[78.074,11.1545],[78.073,11.1472],[78.056,11.1436],[78.0343,11.1532],[78.0237,11.1423],[78.0236,11.1419]]]}},{"type":"Feature","properties":{"SUBDISTRICT":"Sendamangalam","STATE":"Tamil Nadu","shapeID":"7132399B82816635608157","source":"geoBoundaries gbOpen IND ADM3 (ODbL 1.0); source: Local Government Directory lgdirectory.gov.in via Pathways Data","DISTRICT":"Namakkal"},"geometry":{"type":"Polygon","coordinates":[[[78.1787,11.206],[78.1826,11.1911],[78.194,11.1933],[78.2225,11.1672],[78.2287,11.1677],[78.2299,11.1527],[78.2432,11.1498],[78.2447,11.1426],[78.2711,11.1397],[78.263,11.1055],[78.3278,11.0941],[78.3432,11.1111],[78.3467,11.1363],[78.3759,11.133],[78.3823,11.1384],[78.3776,11.1752],[78.3862,11.1754],[78.3814,11.1867],[78.3343,11.1785],[78.2753,11.1916],[78.2802,11.2065],[78.2744,11.2658],[78.2854,11.2742],[78.2947,11.2993],[78.312,11.305],[78.3198,11.3238],[78.3198,11.3359],[78.3064,11.3357],[78.2886,11.354],[78.2691,11.3602],[78.2836,11.4051],[78.28,11.414],[78.2885,11.4195],[78.2618,11.4195],[78.2515,11.4075],[78.2408,11.408],[78.2409,11.3948],[78.2328,11.3902],[78.2051,11.391],[78.2088,11.3815],[78.1975,11.3729],[78.1978,11.3628],[78.2171,11.3256],[78.2016,11.3039],[78.1854,11.3046],[78.1828,11.2912],[78.207,11.2724],[78.2043,11.2413],[78.2108,11.2316],[78.2088,11.225],[78.1964,11.2252],[78.1807,11.2114],[78.1787,11.206]]]}},{"type":"Feature","properties":{"SUBDISTRICT":"Alathur","STATE":"Tamil Nadu","shapeID":"7132399B77380345404882","source":"geoBoundaries gbOpen IND ADM3 (ODbL 1.0); source: Local Government Directory lgdirectory.gov.in via Pathways Data","DISTRICT":"Perambalur"},"geometry":{"type":"Polygon","coordinates":[[[78.6559,11.1671],[78.6788,11.1635],[78.7078,11.0692],[78.719,11.0536],[78.7282,11.0721],[78.7504,11.0741],[78.7523,11.0814],[78.7403,11.0979],[78.7451,11.111],[78.7621,11.1216],[78.7786,11.1128],[78.8108,11.1118],[78.8088,11.0797],[78.8407,11.0759],[78.8463,11.0883],[78.8613,11.0898],[78.8734,11.083],[78.8733,11.0928],[78.8892,11.1016],[78.9271,11.0898],[78.9325,11.0946],[78.9751,11.0927],[79.009,11.0568],[79.0282,11.0649],[79.0351,11.0818],[79.0573,11.0833],[79.0683,11.0995],[79.0655,11.1046],[79.0698,11.1033],[79.0649,11.108],[79.0685,11.1208],[79.0659,11.1258],[79.0602,11.1229],[79.0589,11.1361],[79.0645,11.1507],[79.0738,11.1521],[79.0721,11.1739],[79.0808,11.1769],[79.0685,11.1941],[79.0572,11.1987],[79.0368,11.2025],[79.0297,11.1697],[79.0158,11.1707],[79.0131,11.1865],[78.953,11.1821],[78.9417,11.176],[78.9385,11.1627],[78.9228,11.1581],[78.916,11.1485],[78.9046,11.1572],[78.8587,11.166],[78.8352,11.1651],[78.8195,11.1544],[78.8152,11.1616],[78.7872,11.1604],[78.7825,11.1364],[78.7596,11.1251],[78.7542,11.1337],[78.7643,11.1396],[78.7564,11.1661],[78.7609,11.1866],[78.7398,11.1778],[78.7445,11.1869],[78.7075,11.1828],[78.7129,11.1919],[78.7082,11.1945],[78.6799,11.1919],[78.6584,11.1685],[78.6559,11.1671]]]}},{"type":"Feature","properties":{"SUBDISTRICT":"Viralimalai","STATE":"Tamil Nadu","shapeID":"7132399B18224947786919","source":"geoBoundaries gbOpen IND ADM3 (ODbL 1.0); source: Local Government Directory lgdirectory.gov.in via Pathways Data","DISTRICT":"Pudukkottai"},"geometry":{"type":"MultiPolygon","coordinates":[[[[78.4496,10.6009],[78.4647,10.5737],[78.4647,10.5421],[78.4828,10.5393],[78.4904,10.5259],[78.4852,10.511],[78.4971,10.5074],[78.4984,10.4842],[78.5106,10.4817],[78.5295,10.4856],[78.5372,10.4947],[78.5433,10.5068],[78.5345,10.5137],[78.5393,10.5292],[78.5459,10.5287],[78.5502,10.5149],[78.5688,10.5145],[78.5671,10.5594],[78.5795,10.5589],[78.5973,10.5959],[78.6122,10.6076],[78.6253,10.6058],[78.625,10.5886],[78.641,10.5771],[78.6539,10.5912],[78.6585,10.5878],[78.6587,10.5935],[78.6759,10.59],[78.6771,10.5846],[78.7011,10.5916],[78.7114,10.583],[78.7323,10.5815],[78.7406,10.5896],[78.7335,10.6016],[78.7385,10.6271],[78.7066,10.6367],[78.6856,10.6704],[78.6681,10.6722],[78.6633,10.6537],[78.6543,10.6559],[78.6595,10.703],[78.6372,10.7068],[78.6248,10.6956],[78.6228,10.6756],[78.6139,10.6808],[78.5956,10.6566],[78.5674,10.6599],[78.5695,10.6788],[78.5527,10.6858],[78.5476,10.6748],[78.5355,10.6754],[78.5347,10.6695],[78.5257,10.6732],[78.5189,10.6653],[78.5193,10.6503],[78.5293,10.6419],[78.5284,10.6273],[78.4841,10.6374],[78.4508,10.605],[78.4496,10.6009]]],[[[78.5596,10.6993],[78.5762,10.6842],[78.581,10.6999],[78.5709,10.7085],[78.5597,10.7005],[78.5596,10.6993]]]]}},{"type":"Feature","properties":{"SUBDISTRICT":"Kilakarai","STATE":"Tamil Nadu","shapeID":"7132399B20881827391543","source":"geoBoundaries gbOpen IND ADM3 (ODbL 1.0); source: Local Government Directory lgdirectory.gov.in via Pathways Data","DISTRICT":"Ramanathapuram"},"geometry":{"type":"Polygon","coordinates":[[[78.6554,9.2566],[78.6611,9.2574],[78.6628,9.2486],[78.6591,9.1917],[78.6793,9.1965],[78.7165,9.1899],[78.7181,9.201],[78.728,9.2092],[78.8611,9.2536],[78.8767,9.2566],[78.9061,9.2498],[78.923,9.2642],[78.9168,9.276],[78.8982,9.2804],[78.8955,9.2866],[78.9265,9.2969],[78.932,9.3171],[78.9058,9.3183],[78.8988,9.325],[78.8961,9.3139],[78.8761,9.3164],[78.8395,9.3359],[78.8284,9.3153],[78.8162,9.318],[78.81,9.3277],[78.8204,9.3636],[78.8077,9.3582],[78.8008,9.3432],[78.7795,9.3346],[78.762,9.3638],[78.7566,9.3605],[78.7482,9.37],[78.7208,9.3644],[78.7197,9.3417],[78.6957,9.3445],[78.6859,9.3114],[78.6739,9.2977],[78.6743,9.2766],[78.6627,9.2735],[78.6571,9.2613],[78.6554,9.2566]]]}},{"type":"Feature","properties":{"SUBDISTRICT":"Rajasingamangalam","STATE":"Tamil Nadu","shapeID":"7132399B92956156424971","source":"geoBoundaries gbOpen IND ADM3 (ODbL 1.0); source: Local Government Directory lgdirectory.gov.in via Pathways Data","DISTRICT":"Ramanathapuram"},"geometry":{"type":"Polygon","coordinates":[[[78.7352,9.7499],[78.7492,9.7186],[78.7765,9.7187],[78.7974,9.7055],[78.7998,9.6914],[78.79,9.6809],[78.7944,9.6731],[78.7855,9.6508],[78.794,9.6416],[78.7889,9.6365],[78.7987,9.6216],[78.8235,9.6153],[78.8213,9.6053],[78.8094,9.5975],[78.8202,9.5933],[78.7785,9.5839],[78.7931,9.5744],[78.7934,9.561],[78.8052,9.5619],[78.8127,9.544],[78.841,9.5574],[78.848,9.5541],[78.8667,9.5638],[78.8747,9.5602],[78.887,9.5736],[78.8861,9.5623],[78.8946,9.5618],[78.8886,9.5509],[78.9186,9.5384],[78.9341,9.6074],[78.9582,9.6286],[78.9711,9.6589],[78.9576,9.6547],[78.9247,9.6631],[78.9436,9.6865],[78.9461,9.7006],[78.9003,9.7097],[78.902,9.7324],[78.884,9.7317],[78.8808,9.7198],[78.8712,9.7126],[78.8546,9.7174],[78.8643,9.7283],[78.8698,9.7549],[78.858,9.7544],[78.8298,9.7215],[78.8133,9.7453],[78.8229,9.7776],[78.7897,9.7822],[78.7795,9.7975],[78.7739,9.7939],[78.772,9.7706],[78.7643,9.7756],[78.744,9.7571],[78.7352,9.7499]]]}},{"type":"Feature","properties":{"SUBDISTRICT":"Kalavai","STATE":"Tamil Nadu","shapeID":"7132399B93752864174530","source":"geoBoundaries gbOpen IND ADM3 (ODbL 1.0); source: Local Government Directory lgdirectory.gov.in via Pathways Data","DISTRICT":"Vellore"},"geometry":{"type":"Polygon","coordinates":[[[79.3109,12.7476],[79.3124,12.7408],[79.3236,12.7425],[79.3449,12.7281],[79.3477,12.7088],[79.34,12.6997],[79.3461,12.6931],[79.3584,12.6967],[79.3591,12.7182],[79.3672,12.7138],[79.3803,12.725],[79.3806,12.7326],[79.3968,12.7255],[79.3941,12.7122],[79.3823,12.7079],[79.3961,12.6889],[79.3701,12.6805],[79.3558,12.6666],[79.3644,12.6562],[79.3552,12.6445],[79.376,12.6289],[79.3911,12.6316],[79.4126,12.6556],[79.4525,12.6703],[79.4547,12.681],[79.4621,12.6837],[79.4587,12.6966],[79.466,12.6983],[79.4669,12.7145],[79.4773,12.7308],[79.4573,12.7363],[79.4568,12.7546],[79.4713,12.7556],[79.468,12.7629],[79.4768,12.7761],[79.465,12.7856],[79.4461,12.7872],[79.4399,12.801],[79.4218,12.8041],[79.4028,12.7982],[79.4062,12.786],[79.3803,12.7845],[79.3733,12.8033],[79.3335,12.8329],[79.3231,12.8096],[79.3328,12.7986],[79.3302,12.7877],[79.3362,12.7808],[79.3121,12.7494],[79.3109,12.7476]]]}},{"type":"Feature","properties":{"SUBDISTRICT":"Nemili","STATE":"Tamil Nadu","shapeID":"7132399B18169036919710","source":"geoBoundaries gbOpen IND ADM3 (ODbL 1.0); source: Local Government Directory lgdirectory.gov.in via Pathways Data","DISTRICT":"Vellore"},"geometry":{"type":"Polygon","coordinates":[[[79.4428,12.9272],[79.4483,12.9113],[79.4624,12.9054],[79.4633,12.8743],[79.4902,12.8724],[79.5146,12.8538],[79.5398,12.86],[79.5604,12.8496],[79.5677,12.8564],[79.5608,12.8804],[79.573,12.8994],[79.5952,12.904],[79.588,12.9163],[79.5901,12.926],[79.6105,12.9324],[79.6064,12.9626],[79.6262,12.988],[79.6262,13.006],[79.641,13.0113],[79.6423,13.0222],[79.6564,13.0228],[79.6543,13.0443],[79.6596,13.0498],[79.6364,13.0556],[79.6496,13.0626],[79.6428,13.0778],[79.6202,13.082],[79.6137,13.0746],[79.5993,13.0773],[79.5949,13.0717],[79.5989,13.0574],[79.5902,13.0466],[79.5774,13.059],[79.5451,13.0648],[79.5461,13.0424],[79.5259,13.04],[79.5126,13.0288],[79.5231,13.01],[79.5117,12.9911],[79.5133,12.9755],[79.4656,12.9674],[79.4661,12.9568],[79.4517,12.9498],[79.4438,12.93],[79.4428,12.9272]]]}},{"type":"Feature","properties":{"SUBDISTRICT":"Sholinghur","STATE":"Tamil Nadu","shapeID":"7132399B46698497143752","source":"geoBoundaries gbOpen IND ADM3 (ODbL 1.0); source: Local Government Directory lgdirectory.gov.in via Pathways Data","DISTRICT":"Vellore"},"geometry":{"type":"Polygon","coordinates":[[[79.3085,13.0437],[79.3297,13.0321],[79.3371,12.9993],[79.3531,12.9867],[79.3598,12.9711],[79.364,12.9847],[79.3841,12.9654],[79.4093,12.9712],[79.4292,12.9686],[79.4506,12.961],[79.4564,12.9498],[79.4593,12.9572],[79.4661,12.9568],[79.4656,12.9674],[79.5133,12.9755],[79.5117,12.9911],[79.5231,13.01],[79.5126,13.0288],[79.5259,13.04],[79.5461,13.0424],[79.5436,13.0711],[79.5356,13.0713],[79.5338,13.0828],[79.5143,13.0997],[79.5151,13.1089],[79.5314,13.1223],[79.5358,13.1353],[79.517,13.1427],[79.505,13.1367],[79.4824,13.1381],[79.474,13.126],[79.4737,13.107],[79.4661,13.1077],[79.4533,13.0922],[79.4313,13.118],[79.4538,13.1204],[79.4528,13.126],[79.437,13.1251],[79.4186,13.1485],[79.4125,13.1201],[79.4023,13.1059],[79.4217,13.098],[79.4169,13.083],[79.3827,13.0787],[79.3472,13.0605],[79.3253,13.0773],[79.3249,13.0704],[79.3125,13.0743],[79.3102,13.0498],[79.3085,13.0437]]]}},{"type":"Feature","properties":{"SUBDISTRICT":"Kadayampatti","STATE":"Tamil Nadu","shapeID":"7132399B37561480504477","source":"geoBoundaries gbOpen IND ADM3 (ODbL 1.0); source: Local Government Directory lgdirectory.gov.in via Pathways Data","DISTRICT":"Salem"},"geometry":{"type":"Polygon","coordinates":[[[77.9862,11.8561],[77.994,11.8504],[77.9945,11.8306],[78.0128,11.8112],[78.0076,11.8046],[78.0093,11.7852],[78.0263,11.7726],[78.0415,11.7801],[78.0506,11.7664],[78.0506,11.774],[78.0632,11.7836],[78.066,11.773],[78.0838,11.7733],[78.0984,11.7841],[78.113,11.8081],[78.1052,11.8198],[78.1265,11.8398],[78.1342,11.8257],[78.1432,11.8471],[78.1655,11.8417],[78.1545,11.8571],[78.1572,11.8854],[78.1688,11.9008],[78.1726,11.8884],[78.1928,11.8789],[78.1977,11.8672],[78.212,11.8722],[78.2124,11.8886],[78.252,11.9397],[78.2509,11.9524],[78.2353,11.975],[78.146,11.9625],[78.0991,11.9476],[78.081,11.9351],[78.0592,11.9346],[78.0648,11.9314],[78.0608,11.9111],[78.0487,11.9172],[78.0131,11.8859],[77.9977,11.8938],[77.9874,11.8751],[77.9958,11.866],[77.9862,11.8561],[77.9862,11.8561]]]}},{"type":"Feature","properties":{"SUBDISTRICT":"Pethanaickanpalayam","STATE":"Tamil Nadu","shapeID":"7132399B78144243514944","source":"geoBoundaries gbOpen IND ADM3 (ODbL 1.0); source: Local Government Directory lgdirectory.gov.in via Pathways Data","DISTRICT":"Salem"},"geometry":{"type":"Polygon","coordinates":[[[78.4162,11.7182],[78.4267,11.7216],[78.4234,11.718],[78.428,11.7161],[78.4386,11.7236],[78.4395,11.7143],[78.4479,11.7124],[78.4426,11.6961],[78.4351,11.6955],[78.4359,11.7009],[78.4282,11.6946],[78.4358,11.6817],[78.4257,11.6466],[78.4284,11.6407],[78.4358,11.6414],[78.4259,11.6202],[78.4356,11.6208],[78.4521,11.5933],[78.4501,11.5613],[78.476,11.5727],[78.475,11.5932],[78.4832,11.6056],[78.5074,11.6112],[78.5091,11.6012],[78.5212,11.5949],[78.5478,11.61],[78.5398,11.6237],[78.5456,11.6317],[78.5338,11.6397],[78.5358,11.6506],[78.5433,11.6501],[78.5445,11.7011],[78.5604,11.7014],[78.5669,11.7082],[78.6067,11.6508],[78.6034,11.6473],[78.6347,11.677],[78.6526,11.7065],[78.6529,11.7116],[78.6384,11.718],[78.641,11.7599],[78.6634,11.7757],[78.6689,11.794],[78.6903,11.7986],[78.6948,11.8455],[78.6865,11.8524],[78.66,11.8526],[78.6513,11.8615],[78.627,11.8635],[78.6085,11.8457],[78.6048,11.8281],[78.5883,11.8153],[78.5425,11.8004],[78.4914,11.8141],[78.4621,11.809],[78.4375,11.7807],[78.4494,11.7528],[78.4435,11.7429],[78.4356,11.7434],[78.4224,11.7322],[78.4175,11.721],[78.4162,11.7182]]]}},{"type":"Feature","properties":{"SUBDISTRICT":"Salem South","STATE":"Tamil Nadu","shapeID":"7132399B19989277513117","source":"geoBoundaries gbOpen IND ADM3 (ODbL 1.0); source: Local Government Directory lgdirectory.gov.in via Pathways Data","DISTRICT":"Salem"},"geometry":{"type":"Polygon","coordinates":[[[78.0037,11.596],[78.0182,11.5879],[78.012,11.5585],[78.0464,11.5415],[78.0346,11.5226],[78.0455,11.5114],[78.061,11.5126],[78.0559,11.5191],[78.0644,11.5183],[78.0713,11.5278],[78.0701,11.5183],[78.0765,11.5204],[78.0838,11.5515],[78.0869,11.5424],[78.0955,11.5432],[78.1373,11.5799],[78.1291,11.5954],[78.1162,11.5991],[78.1194,11.6095],[78.1312,11.6037],[78.1376,11.618],[78.1202,11.6256],[78.0874,11.627],[78.0863,11.6181],[78.0726,11.6074],[78.0514,11.602],[78.0126,11.6083],[78.0043,11.598],[78.0037,11.596]]]}},{"type":"Feature","properties":{"SUBDISTRICT":"Salem West","STATE":"Tamil Nadu","shapeID":"7132399B96101098536002","source":"geoBoundaries gbOpen IND ADM3 (ODbL 1.0); source: Local Government Directory lgdirectory.gov.in via Pathways Data","DISTRICT":"Salem"},"geometry":{"type":"Polygon","coordinates":[[[78.0137,11.65],[78.039,11.6221],[78.0238,11.6166],[78.023,11.6086],[78.0514,11.602],[78.0815,11.6126],[78.0874,11.627],[78.1476,11.6198],[78.165,11.6285],[78.1628,11.6352],[78.2139,11.6605],[78.2085,11.6693],[78.2125,11.6801],[78.1971,11.6866],[78.2058,11.7052],[78.1947,11.7068],[78.1931,11.6992],[78.177,11.7017],[78.1636,11.7262],[78.1693,11.7404],[78.1475,11.7457],[78.1106,11.715],[78.1411,11.719],[78.0784,11.6901],[78.0761,11.6807],[78.0673,11.6763],[78.0578,11.6801],[78.0545,11.676],[78.0476,11.681],[78.0502,11.6923],[78.038,11.6957],[78.0297,11.664],[78.0171,11.6636],[78.0139,11.6512],[78.0137,11.65]]]}},{"type":"Feature","properties":{"SUBDISTRICT":"Kalaiyarkoil","STATE":"Tamil Nadu","shapeID":"7132399B9239391013056","source":"geoBoundaries gbOpen IND ADM3 (ODbL 1.0); source: Local Government Directory lgdirectory.gov.in via Pathways Data","DISTRICT":"Sivaganga"},"geometry":{"type":"Polygon","coordinates":[[[78.4921,9.7555],[78.4966,9.7423],[78.5121,9.7407],[78.515,9.7306],[78.5372,9.737],[78.5401,9.727],[78.5556,9.7214],[78.5467,9.7116],[78.5307,9.7113],[78.5342,9.6966],[78.5297,9.689],[78.5186,9.6974],[78.5064,9.6949],[78.5151,9.6872],[78.535,9.6837],[78.5381,9.6794],[78.5277,9.6735],[78.5376,9.6674],[78.5516,9.6682],[78.5584,9.6787],[78.5548,9.6892],[78.5784,9.6793],[78.5831,9.6999],[78.5792,9.7085],[78.5981,9.7166],[78.612,9.6984],[78.6239,9.7078],[78.6418,9.6966],[78.655,9.6976],[78.6644,9.6919],[78.6647,9.676],[78.6776,9.6702],[78.696,9.6729],[78.6988,9.6871],[78.7107,9.6903],[78.7159,9.7007],[78.7379,9.7041],[78.7483,9.6994],[78.7492,9.7186],[78.7294,9.7645],[78.7412,9.7694],[78.7389,9.7871],[78.7291,9.8017],[78.716,9.8044],[78.7174,9.8177],[78.7372,9.8335],[78.7348,9.8393],[78.7299,9.8305],[78.7225,9.8346],[78.7287,9.8474],[78.723,9.861],[78.7315,9.8628],[78.7339,9.8707],[78.7159,9.8746],[78.7265,9.8993],[78.7151,9.9076],[78.6836,9.8914],[78.643,9.8937],[78.6357,9.878],[78.6375,9.8903],[78.6197,9.8916],[78.6161,9.9049],[78.601,9.9154],[78.6092,9.933],[78.5925,9.9289],[78.5773,9.9397],[78.5635,9.9103],[78.5477,9.9169],[78.5377,9.9072],[78.5258,9.9062],[78.5397,9.8828],[78.5352,9.874],[78.5495,9.8661],[78.5335,9.8585],[78.5088,9.8273],[78.5243,9.8184],[78.5068,9.8049],[78.5121,9.7892],[78.5052,9.7747],[78.5091,9.7705],[78.4974,9.7585],[78.4921,9.7555]]]}},{"type":"Feature","properties":{"SUBDISTRICT":"Singampunari","STATE":"Tamil Nadu","shapeID":"7132399B81083964815149","source":"geoBoundaries gbOpen IND ADM3 (ODbL 1.0); source: Local Government Directory lgdirectory.gov.in via Pathways Data","DISTRICT":"Pudukkottai"},"geometry":{"type":"Polygon","coordinates":[[[78.3806,10.309],[78.3899,10.3024],[78.3869,10.2907],[78.3811,10.2912],[78.3864,10.2696],[78.4043,10.2752],[78.4237,10.2683],[78.4235,10.2568],[78.4091,10.2539],[78.395,10.2416],[78.3986,10.2255],[78.4127,10.2125],[78.3962,10.1777],[78.4002,10.1646],[78.4149,10.159],[78.4039,10.1369],[78.4271,10.1306],[78.4298,10.1224],[78.4339,10.1344],[78.4522,10.1188],[78.46,10.1242],[78.4717,10.115],[78.4577,10.1003],[78.4613,10.0696],[78.4292,10.0521],[78.4323,10.0366],[78.4515,10.0325],[78.4752,10.0393],[78.4881,10.0306],[78.5128,10.0267],[78.5197,10.0268],[78.5234,10.0354],[78.5424,10.002],[78.5539,10.0393],[78.548,10.0568],[78.5305,10.0585],[78.5207,10.077],[78.5268,10.0806],[78.5287,10.1062],[78.514,10.1096],[78.5288,10.1311],[78.5244,10.1384],[78.5339,10.1541],[78.5186,10.1599],[78.5192,10.1765],[78.5115,10.18],[78.5106,10.188],[78.4888,10.1892],[78.4725,10.2033],[78.4742,10.219],[78.4892,10.2324],[78.4818,10.24],[78.4861,10.2517],[78.4661,10.2399],[78.4506,10.245],[78.4587,10.2668],[78.5148,10.2652],[78.5224,10.3259],[78.5117,10.3433],[78.4973,10.3522],[78.5075,10.3867],[78.4464,10.407],[78.4399,10.3824],[78.4494,10.3742],[78.437,10.3626],[78.393,10.354],[78.4048,10.3443],[78.3914,10.3157],[78.3854,10.3142],[78.3806,10.309]],[[78.434,10.284],[78.4418,10.3149],[78.454,10.3158],[78.4631,10.3004],[78.4566,10.2769],[78.4344,10.277],[78.434,10.284]]]}},{"type":"Feature","properties":{"SUBDISTRICT":"Thiruppuvanam","STATE":"Tamil Nadu","shapeID":"7132399B69195953428635","source":"geoBoundaries gbOpen IND ADM3 (ODbL 1.0); source: Local Government Directory lgdirectory.gov.in via Pathways Data","DISTRICT":"Sivaganga"},"geometry":{"type":"Polygon","coordinates":[[[78.1262,9.8511],[78.1337,9.8315],[78.1323,9.8128],[78.1396,9.8107],[78.1578,9.8269],[78.1693,9.8289],[78.1932,9.8068],[78.1769,9.7707],[78.1633,9.774],[78.1729,9.789],[78.171,9.7978],[78.1434,9.8059],[78.1458,9.7835],[78.1348,9.7487],[78.1446,9.7444],[78.146,9.7514],[78.1747,9.747],[78.1753,9.7518],[78.1829,9.7469],[78.1975,9.7587],[78.2058,9.7563],[78.2095,9.7637],[78.2267,9.7588],[78.2467,9.7429],[78.2759,9.7316],[78.2802,9.7223],[78.2715,9.7179],[78.2776,9.7056],[78.2724,9.6937],[78.276,9.6871],[78.2691,9.6895],[78.2661,9.6829],[78.2841,9.6708],[78.2991,9.671],[78.294,9.6872],[78.3267,9.7399],[78.3151,9.7455],[78.3189,9.7541],[78.3147,9.76],[78.3286,9.7758],[78.3384,9.763],[78.3452,9.7722],[78.3433,9.7805],[78.3579,9.7898],[78.3444,9.8009],[78.3565,9.8213],[78.3397,9.8331],[78.3345,9.843],[78.3399,9.8473],[78.312,9.8529],[78.3107,9.8616],[78.2898,9.8619],[78.2854,9.869],[78.2536,9.8723],[78.2688,9.8486],[78.2599,9.834],[78.2402,9.8461],[78.2477,9.8583],[78.2264,9.8611],[78.2039,9.8747],[78.1802,9.8667],[78.1613,9.875],[78.1532,9.869],[78.1541,9.8504],[78.1267,9.8541],[78.1262,9.8511]]]}},{"type":"Feature","properties":{"SUBDISTRICT":"Kadayanallur","STATE":"Tamil Nadu","shapeID":"7132399B26583998110856","source":"geoBoundaries gbOpen IND ADM3 (ODbL 1.0); source: Local Government Directory lgdirectory.gov.in via Pathways Data","DISTRICT":"Tirunelveli Kattabo"},"geometry":{"type":"Polygon","coordinates":[[[77.2327,9.0961],[77.2394,9.0865],[77.2356,9.0738],[77.2495,9.0712],[77.2479,9.0653],[77.2583,9.066],[77.2457,9.0798],[77.2559,9.0933],[77.249,9.103],[77.3087,9.0675],[77.3058,9.0512],[77.3198,9.0503],[77.321,9.0411],[77.3126,9.0347],[77.3189,9.0223],[77.3053,9.0221],[77.3112,9.0099],[77.3076,8.9916],[77.3137,8.9926],[77.3175,9.0193],[77.3341,9.0116],[77.3739,9.0116],[77.3842,9.0361],[77.3959,9.0291],[77.442,9.0301],[77.4448,9.0451],[77.4536,9.052],[77.4516,9.0764],[77.4286,9.0873],[77.4296,9.1025],[77.4436,9.1277],[77.4849,9.143],[77.4809,9.1598],[77.4871,9.1809],[77.4684,9.1861],[77.4661,9.2019],[77.4318,9.2078],[77.4267,9.2028],[77.4251,9.1897],[77.4333,9.18],[77.4271,9.1703],[77.4337,9.1615],[77.3754,9.1637],[77.3416,9.1832],[77.3304,9.1835],[77.3149,9.1734],[77.3046,9.1856],[77.2895,9.1884],[77.2743,9.2007],[77.2566,9.1987],[77.2535,9.188],[77.2653,9.1846],[77.2693,9.1738],[77.2688,9.1518],[77.2547,9.1387],[77.2339,9.0976],[77.2327,9.0961]]]}},{"type":"Feature","properties":{"SUBDISTRICT":"Tiruvengadam","STATE":"Tamil Nadu","shapeID":"7132399B60097628135647","source":"geoBoundaries gbOpen IND ADM3 (ODbL 1.0); source: Local Government Directory lgdirectory.gov.in via Pathways Data","DISTRICT":"Tirunelveli Kattabo"},"geometry":{"type":"Polygon","coordinates":[[[77.5583,9.2854],[77.5805,9.2829],[77.5766,9.2586],[77.6051,9.2626],[77.6128,9.2503],[77.6069,9.2357],[77.5866,9.2305],[77.5848,9.2224],[77.5763,9.232],[77.5651,9.204],[77.5878,9.183],[77.5812,9.1427],[77.6156,9.1386],[77.6164,9.1301],[77.6307,9.1351],[77.6347,9.1013],[77.6278,9.063],[77.6316,9.0589],[77.6665,9.0675],[77.6779,9.0557],[77.6915,9.074],[77.7049,9.0688],[77.7371,9.0701],[77.746,9.0763],[77.7414,9.1034],[77.69,9.1004],[77.6789,9.1049],[77.6736,9.1255],[77.6761,9.1355],[77.7019,9.1355],[77.692,9.152],[77.7065,9.1686],[77.7076,9.1862],[77.7252,9.1849],[77.7418,9.1996],[77.7397,9.2232],[77.7489,9.2265],[77.7396,9.2785],[77.7129,9.2848],[77.7126,9.2895],[77.6569,9.2822],[77.5882,9.3076],[77.5877,9.2959],[77.566,9.3016],[77.5586,9.2875],[77.5583,9.2854]]]}},{"type":"Feature","properties":{"SUBDISTRICT":"Budalur","STATE":"Tamil Nadu","shapeID":"7132399B95534696190300","source":"geoBoundaries gbOpen IND ADM3 (ODbL 1.0); source: Local Government Directory lgdirectory.gov.in via Pathways Data","DISTRICT":"Thanjavur"},"geometry":{"type":"Polygon","coordinates":[[[78.7783,10.8316],[78.7788,10.8255],[78.8006,10.8229],[78.8676,10.8254],[78.8711,10.8147],[78.8641,10.8017],[78.8696,10.8021],[78.8701,10.7856],[78.8788,10.7874],[78.8805,10.7783],[78.8682,10.7585],[78.8653,10.7342],[78.8714,10.7059],[78.8832,10.6936],[78.8927,10.6924],[78.9085,10.6709],[78.9158,10.6701],[78.9382,10.686],[78.9468,10.6744],[78.9373,10.6712],[78.9577,10.6631],[78.9662,10.6527],[78.9707,10.6786],[78.9837,10.6827],[78.9877,10.7145],[78.9999,10.7224],[79.0054,10.7168],[79.0048,10.7326],[79.0166,10.7342],[79.0346,10.7546],[79.035,10.8219],[79.0077,10.829],[79.0053,10.8205],[78.9961,10.821],[78.9953,10.8313],[79.0078,10.8323],[79.0081,10.8406],[78.9993,10.8385],[78.997,10.8493],[79.0039,10.8529],[78.9962,10.8552],[79.01,10.8593],[79.0061,10.8899],[78.9603,10.8921],[78.9439,10.8874],[78.935,10.8716],[78.9198,10.8644],[78.8554,10.8436],[78.7836,10.8325],[78.7783,10.8316]]]}},{"type":"Feature","properties":{"SUBDISTRICT":"R K Pet","STATE":"Tamil Nadu","shapeID":"7132399B31257090449733","source":"geoBoundaries gbOpen IND ADM3 (ODbL 1.0); source: Local Government Directory lgdirectory.gov.in via Pathways Data","DISTRICT":"Thiruvallur"},"geometry":{"type":"Polygon","coordinates":[[[79.2858,13.1197],[79.3063,13.0841],[79.3472,13.0605],[79.3827,13.0787],[79.4169,13.083],[79.4217,13.098],[79.4023,13.1059],[79.4125,13.1201],[79.4186,13.1485],[79.437,13.1251],[79.4528,13.126],[79.4538,13.1204],[79.4313,13.118],[79.4533,13.0922],[79.4661,13.1077],[79.4737,13.107],[79.474,13.126],[79.4816,13.1303],[79.4749,13.1394],[79.4772,13.1646],[79.4939,13.1691],[79.5035,13.1637],[79.5032,13.1773],[79.4944,13.1907],[79.4968,13.2084],[79.4895,13.2161],[79.4674,13.2138],[79.4724,13.2212],[79.4634,13.2229],[79.453,13.2119],[79.4349,13.2089],[79.4329,13.1966],[79.3967,13.1968],[79.3765,13.1851],[79.3855,13.1802],[79.3598,13.1714],[79.3591,13.1469],[79.3669,13.1418],[79.3624,13.1375],[79.3476,13.1395],[79.329,13.1314],[79.324,13.1176],[79.3096,13.1113],[79.2998,13.1158],[79.3058,13.1278],[79.2915,13.1232],[79.2947,13.1322],[79.2861,13.1328],[79.2859,13.1241],[79.2858,13.1197]]]}},{"type":"Feature","properties":{"SUBDISTRICT":"Koothanallur","STATE":"Tamil Nadu","shapeID":"7132399B20607358621389","source":"geoBoundaries gbOpen IND ADM3 (ODbL 1.0); source: Local Government Directory lgdirectory.gov.in via Pathways Data","DISTRICT":"Thiruvarur"},"geometry":{"type":"Polygon","coordinates":[[[79.4831,10.7438],[79.4909,10.7388],[79.4926,10.7186],[79.4845,10.7112],[79.4933,10.7055],[79.4955,10.688],[79.504,10.6822],[79.5022,10.6716],[79.512,10.6601],[79.5298,10.6569],[79.5333,10.6714],[79.5474,10.6641],[79.5462,10.6687],[79.5711,10.6771],[79.5793,10.6646],[79.5889,10.6643],[79.5893,10.6557],[79.5984,10.6547],[79.5979,10.6481],[79.6116,10.6512],[79.6153,10.6428],[79.6161,10.6519],[79.6319,10.6576],[79.6295,10.6496],[79.6395,10.6431],[79.6395,10.6651],[79.6192,10.6739],[79.6356,10.6776],[79.634,10.686],[79.6498,10.6865],[79.6438,10.6953],[79.6073,10.7131],[79.6144,10.7262],[79.6109,10.735],[79.6281,10.7359],[79.5847,10.738],[79.5819,10.7432],[79.5886,10.749],[79.5793,10.7509],[79.579,10.7574],[79.5604,10.7656],[79.5498,10.7619],[79.5617,10.7778],[79.5707,10.7723],[79.5705,10.7904],[79.5427,10.8091],[79.5168,10.7968],[79.5255,10.7951],[79.5275,10.7783],[79.5345,10.7723],[79.5311,10.7671],[79.4971,10.7644],[79.5,10.752],[79.4832,10.7451],[79.4831,10.7438]]]}},{"type":"Feature","properties":{"SUBDISTRICT":"Marungapuri","STATE":"Tamil Nadu","shapeID":"7132399B14165469067274","source":"geoBoundaries gbOpen IND ADM3 (ODbL 1.0); source: Local Government Directory lgdirectory.gov.in via Pathways Data","DISTRICT":"Tiruchchirappalli"},"geometry":{"type":"MultiPolygon","coordinates":[[[[78.6149,10.4308],[78.6152,10.4232],[78.6273,10.4145],[78.6316,10.4189],[78.6256,10.4314],[78.6162,10.4348],[78.6149,10.4308]]],[[[78.6033,10.4381],[78.6082,10.4321],[78.6108,10.4366],[78.6039,10.4398],[78.6033,10.4381]]],[[[78.2505,10.4625],[78.315,10.4383],[78.3096,10.4253],[78.3155,10.4203],[78.3132,10.41],[78.2887,10.3997],[78.2879,10.389],[78.2781,10.3809],[78.2814,10.3698],[78.305,10.3504],[78.318,10.3481],[78.3347,10.3308],[78.3341,10.2999],[78.3649,10.2929],[78.3733,10.2988],[78.3717,10.3075],[78.3964,10.3236],[78.4048,10.3443],[78.393,10.354],[78.437,10.3626],[78.4494,10.3742],[78.4399,10.3824],[78.4464,10.407],[78.5075,10.3867],[78.5077,10.3749],[78.517,10.3704],[78.5303,10.3942],[78.5179,10.4058],[78.5247,10.4359],[78.553,10.4324],[78.5564,10.4252],[78.5641,10.4268],[78.5652,10.4421],[78.5847,10.4403],[78.5893,10.4735],[78.5708,10.4874],[78.5824,10.5207],[78.5539,10.5139],[78.5459,10.5287],[78.5393,10.5292],[78.5345,10.5137],[78.5433,10.5068],[78.5372,10.4947],[78.5219,10.4819],[78.5046,10.4826],[78.4984,10.4842],[78.4971,10.5074],[78.4852,10.511],[78.4904,10.5259],[78.4828,10.5393],[78.4647,10.5421],[78.4667,10.538],[78.4405,10.5414],[78.4369,10.5228],[78.4162,10.5252],[78.4052,10.5175],[78.3902,10.4813],[78.3993,10.4701],[78.3855,10.4512],[78.3461,10.4547],[78.3221,10.4682],[78.2794,10.4739],[78.2843,10.4783],[78.2765,10.4753],[78.2648,10.4852],[78.2542,10.4735],[78.2505,10.4625]]]]}},{"type":"Feature","properties":{"SUBDISTRICT":"Tiruchirappalli East","STATE":"Tamil Nadu","shapeID":"7132399B18223603492951","source":"geoBoundaries gbOpen IND ADM3 (ODbL 1.0); source: Local Government Directory lgdirectory.gov.in via Pathways Data","DISTRICT":"Tiruchchirappalli"},"geometry":{"type":"Polygon","coordinates":[[[78.6336,10.7489],[78.651,10.7301],[78.7079,10.7298],[78.7176,10.7394],[78.7184,10.7745],[78.7436,10.7722],[78.7444,10.7802],[78.7632,10.7783],[78.7578,10.793],[78.6943,10.7858],[78.6918,10.7915],[78.6648,10.788],[78.6438,10.7943],[78.6431,10.7771],[78.6347,10.7733],[78.639,10.7576],[78.6337,10.7502],[78.6336,10.7489]]]}},{"type":"Feature","properties":{"SUBDISTRICT":"Cheranmahadevi","STATE":"Tamil Nadu","shapeID":"7132399B20824919270859","source":"geoBoundaries gbOpen IND ADM3 (ODbL 1.0); source: Local Government Directory lgdirectory.gov.in via Pathways Data","DISTRICT":"Tirunelveli Kattabo"},"geometry":{"type":"Polygon","coordinates":[[[77.4769,8.759],[77.4969,8.7322],[77.491,8.7173],[77.5025,8.6965],[77.4889,8.6697],[77.4962,8.6408],[77.4941,8.5847],[77.5073,8.5826],[77.538,8.5941],[77.5938,8.5769],[77.6007,8.5805],[77.6066,8.5758],[77.6025,8.5707],[77.6181,8.5683],[77.6022,8.601],[77.6193,8.6048],[77.6124,8.6144],[77.6281,8.625],[77.6363,8.6425],[77.659,8.6341],[77.6647,8.6529],[77.6606,8.6783],[77.6337,8.6903],[77.5966,8.6906],[77.5807,8.701],[77.5632,8.7033],[77.5684,8.7081],[77.5579,8.7469],[77.5698,8.7584],[77.5693,8.7736],[77.5633,8.7754],[77.5607,8.7873],[77.5479,8.7914],[77.5291,8.791],[77.5256,8.7845],[77.5176,8.7917],[77.5218,8.8059],[77.5102,8.8136],[77.5135,8.8004],[77.5053,8.801],[77.5074,8.7811],[77.5015,8.7658],[77.4912,8.7663],[77.4826,8.7775],[77.4772,8.7594],[77.4769,8.759]]]}},{"type":"Feature","properties":{"SUBDISTRICT":"Manur","STATE":"Tamil Nadu","shapeID":"7132399B10083495278853","source":"geoBoundaries gbOpen IND ADM3 (ODbL 1.0); source: Local Government Directory lgdirectory.gov.in via Pathways Data","DISTRICT":"Tirunelveli Kattabo"},"geometry":{"type":"Polygon","coordinates":[[[77.5657,8.9149],[77.5746,8.9086],[77.5675,8.8822],[77.595,8.8779],[77.5976,8.8657],[77.6056,8.862],[77.6249,8.8284],[77.6208,8.8108],[77.6268,8.7939],[77.6182,8.7829],[77.624,8.7792],[77.6361,8.788],[77.6395,8.8034],[77.6583,8.7971],[77.66,8.7851],[77.6722,8.7808],[77.6742,8.8013],[77.7329,8.7934],[77.7362,8.8189],[77.7501,8.8208],[77.7646,8.8067],[77.7774,8.8144],[77.7747,8.824],[77.7619,8.8227],[77.7699,8.8331],[77.7672,8.8381],[77.7537,8.8319],[77.7542,8.8631],[77.7742,8.8595],[77.779,8.8723],[77.7869,8.8656],[77.7855,8.8791],[77.7628,8.8876],[77.7626,8.923],[77.7473,8.9322],[77.7322,8.9214],[77.6906,8.9229],[77.662,8.9405],[77.6607,8.9622],[77.6521,8.9629],[77.624,8.9544],[77.6143,8.9341],[77.6125,8.9467],[77.5979,8.9523],[77.5971,8.9149],[77.5842,8.9108],[77.5659,8.9156],[77.5657,8.9149]]]}},{"type":"Feature","properties":{"SUBDISTRICT":"Tisayanvilai","STATE":"Tamil Nadu","shapeID":"7132399B43254913653718","source":"geoBoundaries gbOpen IND ADM3 (ODbL 1.0); source: Local Government Directory lgdirectory.gov.in via Pathways Data","DISTRICT":"Tirunelveli Kattabo"},"geometry":{"type":"Polygon","coordinates":[[[77.6814,8.4139],[77.6933,8.398],[77.6836,8.3859],[77.6824,8.3684],[77.6961,8.3661],[77.713,8.3489],[77.7257,8.347],[77.7351,8.3147],[77.7471,8.3164],[77.7429,8.3049],[77.7267,8.3061],[77.7223,8.29],[77.7308,8.2916],[77.728,8.2754],[77.7362,8.2732],[77.7364,8.2817],[77.7488,8.2818],[77.7663,8.274],[77.7621,8.2633],[77.7686,8.2559],[77.7872,8.2557],[77.7939,8.2499],[77.8032,8.2574],[77.8057,8.2415],[77.8787,8.2678],[77.9062,8.2887],[77.9604,8.3155],[77.9574,8.3225],[77.9759,8.3353],[77.97,8.3388],[77.9047,8.3213],[77.8924,8.324],[77.8864,8.3486],[77.8723,8.3502],[77.8635,8.3404],[77.8589,8.3429],[77.8613,8.3561],[77.849,8.3537],[77.8503,8.3625],[77.8432,8.3633],[77.8564,8.3718],[77.8361,8.3818],[77.859,8.3853],[77.8608,8.3991],[77.8504,8.4207],[77.8344,8.4309],[77.8407,8.4497],[77.8334,8.4542],[77.8428,8.4701],[77.8409,8.4832],[77.8335,8.4861],[77.8228,8.4772],[77.8297,8.4702],[77.8267,8.4536],[77.801,8.4661],[77.7856,8.4644],[77.7827,8.4516],[77.7684,8.4547],[77.7515,8.4211],[77.7662,8.4088],[77.7577,8.3995],[77.7501,8.3999],[77.7473,8.3852],[77.7314,8.3916],[77.717,8.4153],[77.7203,8.4184],[77.7076,8.4304],[77.6947,8.4308],[77.6918,8.4226],[77.6835,8.425],[77.6826,8.4154],[77.6814,8.4139]]]}},{"type":"Feature","properties":{"SUBDISTRICT":"Natrampalli","STATE":"Tamil Nadu","shapeID":"7132399B58846477109631","source":"geoBoundaries gbOpen IND ADM3 (ODbL 1.0); source: Local Government Directory lgdirectory.gov.in via Pathways Data","DISTRICT":"Vellore"},"geometry":{"type":"Polygon","coordinates":[[[78.4079,12.6011],[78.4205,12.5679],[78.4178,12.5493],[78.4199,12.564],[78.4407,12.5324],[78.4752,12.5055],[78.4649,12.5017],[78.466,12.4877],[78.4835,12.4934],[78.5037,12.4848],[78.5038,12.4916],[78.5161,12.4894],[78.5345,12.5052],[78.5363,12.511],[78.5261,12.514],[78.5284,12.5212],[78.537,12.5302],[78.556,12.5348],[78.5691,12.5683],[78.568,12.5815],[78.5785,12.5851],[78.5772,12.5992],[78.5913,12.5976],[78.6032,12.6142],[78.5958,12.6334],[78.6066,12.6512],[78.5992,12.6642],[78.5782,12.6562],[78.5565,12.6589],[78.5543,12.6658],[78.5334,12.6455],[78.527,12.6585],[78.5006,12.6745],[78.4693,12.6729],[78.4746,12.6461],[78.4665,12.6227],[78.4366,12.6255],[78.43,12.6312],[78.4114,12.6239],[78.4098,12.6073],[78.4079,12.6011]]]}},{"type":"Feature","properties":{"SUBDISTRICT":"Chetpet","STATE":"Tamil Nadu","shapeID":"7132399B5786128101590","source":"geoBoundaries gbOpen IND ADM3 (ODbL 1.0); source: Local Government Directory lgdirectory.gov.in via Pathways Data","DISTRICT":"Tiruvannamalai"},"geometry":{"type":"Polygon","coordinates":[[[79.1979,12.4639],[79.2006,12.4145],[79.2053,12.4108],[79.215,12.4177],[79.2167,12.4043],[79.2267,12.4008],[79.2356,12.436],[79.2479,12.4454],[79.3079,12.4386],[79.327,12.4494],[79.3633,12.4391],[79.3874,12.4398],[79.4021,12.4345],[79.4111,12.4089],[79.4214,12.4097],[79.4301,12.402],[79.4353,12.4093],[79.4215,12.4157],[79.4356,12.4371],[79.4549,12.4436],[79.4606,12.4649],[79.4507,12.473],[79.4515,12.4911],[79.4177,12.489],[79.4031,12.509],[79.385,12.5186],[79.3946,12.5366],[79.4072,12.538],[79.4141,12.547],[79.416,12.5683],[79.4031,12.5732],[79.4045,12.5794],[79.4125,12.5729],[79.4213,12.5765],[79.4028,12.5924],[79.382,12.5958],[79.3832,12.6145],[79.3784,12.6161],[79.3706,12.6054],[79.3519,12.5993],[79.3382,12.6148],[79.326,12.5935],[79.3273,12.5774],[79.31,12.5835],[79.2916,12.578],[79.2831,12.5707],[79.2844,12.5599],[79.2459,12.5637],[79.2351,12.5523],[79.2442,12.5343],[79.2338,12.5329],[79.2292,12.5255],[79.2318,12.5164],[79.2378,12.5173],[79.2389,12.502],[79.2314,12.502],[79.2293,12.4917],[79.2215,12.4923],[79.2166,12.4737],[79.1991,12.4665],[79.1979,12.4639]]]}},{"type":"Feature","properties":{"SUBDISTRICT":"Jamunamarathoor","STATE":"Tamil Nadu","shapeID":"7132399B49342414860578","source":"geoBoundaries gbOpen IND ADM3 (ODbL 1.0); source: Local Government Directory lgdirectory.gov.in via Pathways Data","DISTRICT":"Tiruvannamalai"},"geometry":{"type":"Polygon","coordinates":[[[78.798,12.4212],[78.8024,12.4125],[78.8088,12.4204],[78.8249,12.4227],[78.8333,12.4164],[78.8752,12.4178],[78.8928,12.4313],[78.8745,12.456],[78.9128,12.4522],[78.9169,12.4682],[78.9362,12.4723],[78.924,12.4986],[78.957,12.4937],[78.9841,12.5111],[78.9993,12.5101],[78.9919,12.5042],[79.0016,12.5014],[79.0007,12.5124],[79.0703,12.6243],[79.0688,12.6401],[79.0832,12.6742],[79.0769,12.6842],[79.0942,12.7288],[79.086,12.7395],[79.0733,12.7356],[79.0715,12.7484],[79.0583,12.7359],[79.0623,12.7335],[79.0562,12.7178],[79.034,12.6931],[79.0161,12.6567],[79.0106,12.6565],[79.0239,12.6898],[79.0141,12.6991],[78.9955,12.7031],[78.9777,12.6644],[78.9548,12.6765],[78.9525,12.6843],[78.9267,12.6757],[78.9151,12.6841],[78.9039,12.6784],[78.8983,12.6875],[78.8676,12.6312],[78.8605,12.6341],[78.8188,12.5301],[78.8,12.498],[78.8184,12.4893],[78.8207,12.4701],[78.8145,12.4368],[78.7992,12.4236],[78.798,12.4212]]]}},{"type":"Feature","properties":{"SUBDISTRICT":"Kalasapakkam","STATE":"Tamil Nadu","shapeID":"7132399B66361644300191","source":"geoBoundaries gbOpen IND ADM3 (ODbL 1.0); source: Local Government Directory lgdirectory.gov.in via Pathways Data","DISTRICT":"Tiruvannamalai"},"geometry":{"type":"Polygon","coordinates":[[[78.8745,12.456],[78.8926,12.4327],[78.8749,12.4159],[78.8946,12.3894],[78.8952,12.3676],[78.9277,12.3794],[78.9309,12.3873],[78.9408,12.3784],[78.9577,12.3892],[78.9686,12.3851],[79.0003,12.4151],[79.0089,12.4089],[79.0358,12.4164],[79.0309,12.3934],[79.0361,12.3921],[79.0474,12.3945],[79.048,12.4087],[79.0567,12.4089],[79.0611,12.4195],[79.0811,12.421],[79.0857,12.4062],[79.1207,12.3981],[79.1182,12.4259],[79.1314,12.4336],[79.1436,12.4242],[79.1368,12.4045],[79.1405,12.3988],[79.1762,12.4087],[79.1749,12.3836],[79.1935,12.3807],[79.2167,12.4043],[79.215,12.4177],[79.2053,12.4108],[79.2006,12.4145],[79.1997,12.4402],[79.1774,12.4452],[79.1739,12.4368],[79.157,12.444],[79.1443,12.454],[79.1325,12.4766],[79.1243,12.4706],[79.1148,12.4462],[79.1103,12.4483],[79.1125,12.4603],[79.0971,12.4617],[79.0791,12.4741],[79.0527,12.4708],[79.0304,12.4773],[79.0117,12.5029],[79.0197,12.5147],[79.0144,12.5342],[79.0007,12.5124],[79.0016,12.5014],[78.9919,12.5042],[78.9993,12.5101],[78.9841,12.5111],[78.957,12.4937],[78.924,12.4986],[78.9362,12.4723],[78.9169,12.4682],[78.9128,12.4522],[78.8745,12.456]]]}},{"type":"Feature","properties":{"SUBDISTRICT":"Vembakkam","STATE":"Tamil Nadu","shapeID":"7132399B81052985717793","source":"geoBoundaries gbOpen IND ADM3 (ODbL 1.0); source: Local Government Directory lgdirectory.gov.in via Pathways Data","DISTRICT":"Tiruvannamalai"},"geometry":{"type":"Polygon","coordinates":[[[79.4573,12.8103],[79.4753,12.8064],[79.477,12.7972],[79.4633,12.8001],[79.465,12.7856],[79.4768,12.7761],[79.468,12.7629],[79.4745,12.7451],[79.4884,12.7349],[79.509,12.735],[79.5202,12.7457],[79.536,12.7314],[79.5591,12.7409],[79.62,12.7144],[79.6542,12.7193],[79.663,12.6961],[79.6832,12.6946],[79.6922,12.6796],[79.7028,12.6808],[79.6952,12.6714],[79.7452,12.6936],[79.7455,12.701],[79.7353,12.7017],[79.7391,12.7158],[79.7156,12.7267],[79.7418,12.7323],[79.7465,12.7428],[79.7288,12.7556],[79.7119,12.758],[79.7113,12.7761],[79.6786,12.7909],[79.6699,12.7839],[79.6729,12.7774],[79.6594,12.7746],[79.6565,12.7638],[79.6501,12.7824],[79.638,12.7876],[79.6447,12.8074],[79.6321,12.82],[79.5968,12.8298],[79.5398,12.86],[79.5146,12.8538],[79.4902,12.8724],[79.474,12.8715],[79.4742,12.8505],[79.4595,12.8456],[79.4606,12.8195],[79.4573,12.8103]]]}},{"type":"Feature","properties":{"SUBDISTRICT":"Eral","STATE":"Tamil Nadu","shapeID":"7132399B99175170308611","source":"geoBoundaries gbOpen IND ADM3 (ODbL 1.0); source: Local Government Directory lgdirectory.gov.in via Pathways Data","DISTRICT":"Thoothukudi"},"geometry":{"type":"Polygon","coordinates":[[[77.8862,8.5397],[77.892,8.5349],[77.9173,8.5387],[77.9346,8.5176],[77.9436,8.5418],[77.9658,8.5306],[77.9686,8.5465],[77.9826,8.5534],[77.9831,8.5595],[77.9962,8.5609],[77.9976,8.569],[78.0339,8.5712],[78.0479,8.5562],[78.0563,8.5772],[78.0493,8.5858],[78.0582,8.5837],[78.05,8.5916],[78.0556,8.5995],[78.0498,8.5955],[78.0458,8.6001],[78.0585,8.6168],[78.0843,8.6259],[78.0909,8.6341],[78.1048,8.635],[78.1119,8.6476],[78.1281,8.6493],[78.1374,8.6916],[78.1562,8.7164],[78.1145,8.7001],[78.0915,8.7162],[78.0868,8.7058],[78.0678,8.7101],[78.0609,8.6957],[78.035,8.6848],[78.0322,8.6785],[77.9975,8.697],[78.0029,8.6712],[78.0111,8.6664],[77.9786,8.6621],[77.9761,8.6565],[77.9688,8.6631],[77.962,8.6519],[77.9693,8.6427],[77.9669,8.6345],[77.9787,8.6267],[77.9633,8.626],[77.9679,8.6131],[77.9614,8.6141],[77.9601,8.6061],[77.9281,8.6116],[77.9251,8.6051],[77.9029,8.603],[77.9034,8.5952],[77.9117,8.5911],[77.9036,8.58],[77.9087,8.5687],[77.8953,8.5648],[77.9007,8.5583],[77.887,8.541],[77.8862,8.5397]]]}},{"type":"Feature","properties":{"SUBDISTRICT":"Kayathar","STATE":"Tamil Nadu","shapeID":"7132399B74075175038509","source":"geoBoundaries gbOpen IND ADM3 (ODbL 1.0); source: Local Government Directory lgdirectory.gov.in via Pathways Data","DISTRICT":"Thoothukudi"},"geometry":{"type":"Polygon","coordinates":[[[77.6736,9.1255],[77.6789,9.1049],[77.69,9.1004],[77.7414,9.1034],[77.746,9.0763],[77.7371,9.0701],[77.7057,9.0718],[77.7028,9.0612],[77.713,9.0437],[77.6937,9.0294],[77.6975,9.0168],[77.6883,9.0078],[77.6992,9.0011],[77.7237,9.0004],[77.7318,8.9836],[77.7223,8.9751],[77.7214,8.9644],[77.705,8.968],[77.693,8.9793],[77.6818,8.966],[77.6924,8.9557],[77.6948,8.9286],[77.7052,8.9207],[77.7322,8.9214],[77.7473,8.9322],[77.7626,8.923],[77.7628,8.8876],[77.7691,8.8818],[77.7902,8.8836],[77.8187,8.8754],[77.8368,8.8967],[77.8545,8.8954],[77.8679,8.9075],[77.8627,8.9247],[77.8817,8.9277],[77.8793,8.9544],[77.8887,8.9524],[77.8811,8.9631],[77.9497,8.9673],[77.9587,8.9783],[77.9595,9.018],[77.9794,9.0278],[77.9688,9.0355],[77.9713,9.0577],[77.9612,9.0543],[77.9548,9.0594],[77.9599,9.0738],[77.9475,9.0903],[77.9321,9.0872],[77.9318,9.0765],[77.9172,9.0711],[77.902,9.0833],[77.9039,9.1038],[77.8662,9.1111],[77.8617,9.0959],[77.8706,9.0926],[77.872,9.0782],[77.8895,9.0822],[77.8829,9.074],[77.8882,9.0754],[77.8894,9.0635],[77.8711,9.0548],[77.8611,9.059],[77.8518,9.0743],[77.8329,9.0699],[77.8333,9.0424],[77.8106,9.0378],[77.784,9.0503],[77.7718,9.0671],[77.7843,9.0839],[77.7863,9.1068],[77.7947,9.112],[77.7914,9.124],[77.7503,9.1251],[77.749,9.146],[77.7258,9.1498],[77.7083,9.1489],[77.6967,9.1321],[77.6761,9.1355],[77.6738,9.1259],[77.6736,9.1255]]]}},{"type":"Feature","properties":{"SUBDISTRICT":"Anaicut","STATE":"Tamil Nadu","shapeID":"7132399B72372184226513","source":"geoBoundaries gbOpen IND ADM3 (ODbL 1.0); source: Local Government Directory lgdirectory.gov.in via Pathways Data","DISTRICT":"Vellore"},"geometry":{"type":"Polygon","coordinates":[[[78.7732,12.681],[78.7939,12.6493],[78.8164,12.6341],[78.8432,12.6413],[78.8676,12.6312],[78.8983,12.6875],[78.9039,12.6784],[78.9151,12.6841],[78.9267,12.6757],[78.9525,12.6843],[78.9548,12.6765],[78.9808,12.6659],[78.9814,12.6799],[78.9955,12.7031],[79.0227,12.6948],[79.0257,12.7076],[78.9711,12.8083],[78.9886,12.8129],[78.9985,12.8253],[79.0151,12.8239],[79.0309,12.8335],[79.0453,12.8247],[79.0572,12.8276],[79.062,12.8482],[79.0716,12.847],[79.0822,12.8718],[79.1011,12.8762],[79.0918,12.8938],[79.0929,12.9068],[79.0621,12.9064],[79.0547,12.928],[79.0431,12.9227],[79.0028,12.9348],[78.9779,12.9342],[78.9257,12.9161],[78.9147,12.8942],[78.9191,12.8858],[78.9098,12.8721],[78.9145,12.857],[78.9093,12.8633],[78.8866,12.8633],[78.8847,12.842],[78.8668,12.823],[78.8782,12.8114],[78.8584,12.7959],[78.8432,12.8065],[78.8424,12.8169],[78.848,12.8207],[78.8421,12.8261],[78.8154,12.8113],[78.8154,12.8052],[78.8314,12.7974],[78.8214,12.7676],[78.8134,12.7635],[78.8126,12.7443],[78.8298,12.7452],[78.8253,12.7428],[78.8279,12.7315],[78.8168,12.7303],[78.8165,12.7164],[78.7882,12.7157],[78.7931,12.6981],[78.7798,12.7014],[78.7753,12.6859],[78.7732,12.681]]]}},{"type":"Feature","properties":{"SUBDISTRICT":"K V Kuppam","STATE":"Tamil Nadu","shapeID":"7132399B3058859308255","source":"geoBoundaries gbOpen IND ADM3 (ODbL 1.0); source: Local Government Directory lgdirectory.gov.in via Pathways Data","DISTRICT":"Vellore"},"geometry":{"type":"Polygon","coordinates":[[[78.909,12.9831],[78.916,12.9776],[78.9177,12.9478],[78.9275,12.9465],[78.9236,12.9346],[78.9372,12.9314],[78.9373,12.9183],[78.9779,12.9342],[79.0028,12.9348],[79.0474,12.923],[79.0937,12.9464],[79.0869,12.9886],[79.0969,13.015],[79.1067,13.0189],[79.1053,13.0298],[79.0812,13.0257],[79.0661,13.0397],[79.0653,13.0495],[79.0363,13.0645],[78.9857,13.0252],[78.9668,13.0241],[78.9602,13.0307],[78.9585,13.0246],[78.9385,13.0184],[78.9406,13.0054],[78.9117,12.993],[78.9095,12.9834],[78.909,12.9831]]]}},{"type":"Feature","properties":{"SUBDISTRICT":"Pernambut","STATE":"Tamil Nadu","shapeID":"7132399B16717339781969","source":"geoBoundaries gbOpen IND ADM3 (ODbL 1.0); source: Local Government Directory lgdirectory.gov.in via Pathways Data","DISTRICT":"Vellore"},"geometry":{"type":"Polygon","coordinates":[[[78.6065,12.8542],[78.6513,12.8715],[78.7124,12.8667],[78.7206,12.8646],[78.7208,12.8567],[78.7251,12.8965],[78.7455,12.9027],[78.7592,12.8891],[78.7557,12.8672],[78.7388,12.8576],[78.737,12.8371],[78.7519,12.8248],[78.7762,12.8391],[78.7841,12.8524],[78.8129,12.861],[78.8063,12.8801],[78.8231,12.8948],[78.8038,12.9041],[78.7988,12.9189],[78.8179,12.9192],[78.8215,12.9259],[78.8198,12.9341],[78.8091,12.9363],[78.8154,12.9437],[78.8106,12.9442],[78.8084,12.9641],[78.8014,12.9657],[78.7995,12.9795],[78.7905,12.9838],[78.7929,12.9943],[78.8115,13.0036],[78.7994,13.0102],[78.8008,13.033],[78.7905,13.0487],[78.7932,13.0651],[78.751,13.0563],[78.7139,13.0669],[78.7053,13.0152],[78.6625,13.0286],[78.6487,13.0075],[78.625,12.9895],[78.6494,12.9651],[78.6405,12.9638],[78.6583,12.9298],[78.6372,12.9299],[78.616,12.8682],[78.6065,12.8542]]]}},{"type":"Feature","properties":{"SUBDISTRICT":"Kandachipuram","STATE":"Tamil Nadu","shapeID":"7132399B38104275847756","source":"geoBoundaries gbOpen IND ADM3 (ODbL 1.0); source: Local Government Directory lgdirectory.gov.in via Pathways Data","DISTRICT":"Villupuram"},"geometry":{"type":"Polygon","coordinates":[[[79.1728,12.0057],[79.1769,11.9909],[79.1932,11.9874],[79.1884,11.9744],[79.2137,11.9755],[79.2427,11.9524],[79.2918,11.9445],[79.3089,11.931],[79.3106,11.9197],[79.3536,11.9261],[79.3506,11.9512],[79.3656,11.9575],[79.3667,11.9643],[79.3592,12.007],[79.3674,12.0172],[79.3686,12.0331],[79.3318,12.0343],[79.3252,12.0429],[79.3262,12.0629],[79.3102,12.0467],[79.2994,12.0506],[79.298,12.0735],[79.2772,12.0754],[79.2687,12.082],[79.2393,12.0759],[79.2417,12.067],[79.2354,12.0618],[79.2007,12.0691],[79.1906,12.0488],[79.177,12.0485],[79.1728,12.0058],[79.1728,12.0057]]]}},{"type":"Feature","properties":{"SUBDISTRICT":"Thiruvennainallur","STATE":"Tamil Nadu","shapeID":"7132399B77212478717812","source":"geoBoundaries gbOpen IND ADM3 (ODbL 1.0); source: Local Government Directory lgdirectory.gov.in via Pathways Data","DISTRICT":"Villupuram"},"geometry":{"type":"Polygon","coordinates":[[[79.2373,11.8565],[79.2501,11.8483],[79.2612,11.8503],[79.2669,11.8412],[79.2791,11.8496],[79.2935,11.8312],[79.318,11.8236],[79.331,11.8246],[79.3388,11.8329],[79.3712,11.8311],[79.3709,11.8133],[79.3976,11.7962],[79.4069,11.804],[79.4169,11.8001],[79.4136,11.786],[79.4192,11.7832],[79.4234,11.7945],[79.4365,11.7812],[79.4432,11.8078],[79.4644,11.8067],[79.4655,11.7989],[79.4731,11.7979],[79.4845,11.807],[79.4782,11.821],[79.4808,11.8324],[79.4699,11.8323],[79.4709,11.8468],[79.4532,11.8476],[79.4557,11.87],[79.4372,11.8752],[79.4133,11.8999],[79.3816,11.918],[79.3536,11.9261],[79.3106,11.9197],[79.3089,11.931],[79.2918,11.9445],[79.2598,11.9095],[79.2893,11.905],[79.2785,11.8727],[79.2557,11.8827],[79.2388,11.8637],[79.2373,11.8565]]]}},{"type":"Feature","properties":{"SUBDISTRICT":"Vikravandi","STATE":"Tamil Nadu","shapeID":"7132399B1413323941608","source":"geoBoundaries gbOpen IND ADM3 (ODbL 1.0); source: Local Government Directory lgdirectory.gov.in via Pathways Data","DISTRICT":"Villupuram"},"geometry":{"type":"Polygon","coordinates":[[[79.2973,12.0607],[79.3004,12.0491],[79.3102,12.0467],[79.3262,12.0629],[79.3252,12.0429],[79.3318,12.0343],[79.3686,12.0331],[79.3682,12.0216],[79.4007,12.0106],[79.4077,12.0307],[79.4203,12.0263],[79.4351,11.9976],[79.4592,11.9938],[79.4639,11.9798],[79.4542,11.9771],[79.4654,11.9658],[79.4433,11.9486],[79.4634,11.9595],[79.4705,11.9531],[79.5195,11.9566],[79.5195,11.9635],[79.5622,11.9548],[79.575,11.9686],[79.5967,11.9613],[79.6199,11.9381],[79.6205,11.9441],[79.6294,11.9441],[79.64,11.9363],[79.6435,11.9447],[79.6582,11.9479],[79.6613,11.9375],[79.671,11.9343],[79.6747,11.9132],[79.6753,11.9176],[79.7271,11.9191],[79.7191,11.9273],[79.721,11.943],[79.7096,11.9456],[79.7128,11.931],[79.6931,11.9508],[79.6981,11.9607],[79.7165,11.9664],[79.7102,11.9753],[79.714,11.9863],[79.686,11.9889],[79.6802,11.9817],[79.6745,11.9912],[79.659,11.9873],[79.6618,12.0074],[79.6497,12.0202],[79.6487,12.006],[79.6366,11.9964],[79.6417,11.9697],[79.6184,11.9701],[79.6272,11.9753],[79.6194,11.9828],[79.6275,11.9981],[79.6197,12.0004],[79.6205,12.0091],[79.5919,12.0222],[79.5892,12.0499],[79.5785,12.0522],[79.5796,12.0653],[79.5705,12.066],[79.571,12.0765],[79.5418,12.0854],[79.5381,12.0787],[79.5222,12.086],[79.5179,12.1009],[79.5294,12.1245],[79.5047,12.1424],[79.4976,12.1337],[79.4819,12.133],[79.4831,12.1458],[79.4748,12.1361],[79.4656,12.1406],[79.4579,12.1329],[79.4411,12.1364],[79.4287,12.1224],[79.412,12.1261],[79.4111,12.1143],[79.3766,12.1131],[79.372,12.1039],[79.3458,12.0996],[79.3266,12.0852],[79.3073,12.088],[79.298,12.0735],[79.2993,12.0631],[79.2973,12.0607]],[[79.6544,11.9585],[79.6611,11.9574],[79.6626,11.9682],[79.6889,11.9719],[79.6849,11.9531],[79.6757,11.9479],[79.6553,11.9536],[79.6544,11.9585]]]}},{"type":"Feature","properties":{"SUBDISTRICT":"Marakanam","STATE":"Tamil Nadu","shapeID":"7132399B840622769688","source":"geoBoundaries gbOpen IND ADM3 (ODbL 1.0); source: Local Government Directory lgdirectory.gov.in via Pathways Data","DISTRICT":"Villupuram"},"geometry":{"type":"Polygon","coordinates":[[[79.7215,12.1689],[79.7567,12.1647],[79.7643,12.1747],[79.7885,12.1588],[79.7828,12.1557],[79.7926,12.1585],[79.793,12.1515],[79.8101,12.1548],[79.8302,12.1464],[79.8362,12.1582],[79.846,12.1579],[79.8686,12.1489],[79.8564,12.1107],[79.8575,12.0777],[79.85,12.0502],[79.8744,12.0418],[80.0143,12.265],[79.9763,12.2295],[79.9711,12.237],[79.9553,12.2311],[79.9451,12.2424],[79.9261,12.2465],[79.9255,12.2299],[79.9163,12.2337],[79.9042,12.2288],[79.8707,12.2443],[79.8622,12.2625],[79.8449,12.277],[79.8384,12.2609],[79.8277,12.2614],[79.8094,12.2456],[79.8028,12.2169],[79.7569,12.2135],[79.749,12.227],[79.7437,12.2199],[79.7442,12.2277],[79.7287,12.2215],[79.7218,12.1716],[79.7215,12.1689]]]}},{"type":"Feature","properties":{"SUBDISTRICT":"Melmalaiyanur","STATE":"Tamil Nadu","shapeID":"7132399B26305608093517","source":"geoBoundaries gbOpen IND ADM3 (ODbL 1.0); source: Local Government Directory lgdirectory.gov.in via Pathways Data","DISTRICT":"Villupuram"},"geometry":{"type":"Polygon","coordinates":[[[79.2007,12.3422],[79.2359,12.3272],[79.2348,12.3158],[79.247,12.3157],[79.2513,12.3225],[79.29,12.3177],[79.2852,12.3058],[79.2757,12.3037],[79.2813,12.2916],[79.2726,12.2906],[79.262,12.2656],[79.2793,12.269],[79.2812,12.2593],[79.307,12.2476],[79.3351,12.2522],[79.3536,12.2674],[79.3719,12.2649],[79.3804,12.2763],[79.3935,12.2664],[79.4034,12.2778],[79.4169,12.2815],[79.4042,12.3184],[79.4267,12.326],[79.412,12.34],[79.4195,12.3583],[79.4128,12.361],[79.4118,12.3776],[79.4189,12.3984],[79.4021,12.4345],[79.327,12.4494],[79.3079,12.4386],[79.2479,12.4454],[79.2356,12.436],[79.2267,12.4008],[79.2482,12.3891],[79.2412,12.3683],[79.2269,12.3669],[79.2401,12.3461],[79.2289,12.3408],[79.2223,12.3467],[79.2054,12.3437],[79.2007,12.3422]]]}},{"type":"Feature","properties":{"SUBDISTRICT":"Vembakottai","STATE":"Tamil Nadu","shapeID":"7132399B59622459503185","source":"geoBoundaries gbOpen IND ADM3 (ODbL 1.0); source: Local Government Directory lgdirectory.gov.in via Pathways Data","DISTRICT":"Virudhunagar"},"geometry":{"type":"Polygon","coordinates":[[[77.5882,9.3076],[77.6569,9.2822],[77.7126,9.2895],[77.7129,9.2848],[77.7396,9.2785],[77.745,9.264],[77.7594,9.2662],[77.7604,9.2526],[77.7754,9.2349],[77.7907,9.257],[77.775,9.2707],[77.7758,9.2768],[77.7974,9.2725],[77.7978,9.2556],[77.809,9.2459],[77.8482,9.2422],[77.8618,9.2459],[77.8565,9.2669],[77.8646,9.2806],[77.8863,9.2818],[77.8841,9.2887],[77.8642,9.2981],[77.8487,9.3308],[77.8493,9.3421],[77.8226,9.3379],[77.8181,9.3488],[77.8323,9.3526],[77.8323,9.3662],[77.7912,9.3683],[77.7794,9.3775],[77.7776,9.4007],[77.7359,9.4097],[77.7198,9.3917],[77.7199,9.3645],[77.7111,9.3639],[77.7112,9.3577],[77.6931,9.36],[77.692,9.3885],[77.7073,9.3889],[77.7123,9.3967],[77.7023,9.4249],[77.7112,9.4355],[77.7052,9.4583],[77.6751,9.4364],[77.6679,9.4152],[77.6452,9.419],[77.6457,9.4271],[77.6342,9.4288],[77.6328,9.4128],[77.6196,9.3976],[77.6328,9.3943],[77.628,9.3762],[77.6184,9.3763],[77.6068,9.3905],[77.6109,9.374],[77.6026,9.3704],[77.5984,9.3505],[77.5887,9.3474],[77.5937,9.3148],[77.5886,9.3131],[77.5882,9.3076]]]}},{"type":"Feature","properties":{"SUBDISTRICT":"Watrap","STATE":"Tamil Nadu","shapeID":"7132399B69461781260642","source":"geoBoundaries gbOpen IND ADM3 (ODbL 1.0); source: Local Government Directory lgdirectory.gov.in via Pathways Data","DISTRICT":"Virudhunagar"},"geometry":{"type":"Polygon","coordinates":[[[77.5199,9.635],[77.5317,9.6302],[77.5233,9.6107],[77.5272,9.6045],[77.6009,9.6264],[77.6072,9.6126],[77.5998,9.603],[77.6024,9.5972],[77.6205,9.5983],[77.62,9.583],[77.6296,9.5816],[77.6331,9.5944],[77.6514,9.5993],[77.6533,9.5803],[77.6613,9.5847],[77.6596,9.5957],[77.6713,9.5858],[77.6827,9.5882],[77.6718,9.5742],[77.6773,9.5662],[77.6854,9.5754],[77.7026,9.5644],[77.7075,9.5759],[77.7294,9.5687],[77.7426,9.5987],[77.7533,9.5917],[77.7598,9.5962],[77.772,9.583],[77.7819,9.583],[77.7709,9.6148],[77.7774,9.6403],[77.7663,9.6608],[77.7706,9.6621],[77.7652,9.6798],[77.7111,9.7038],[77.7088,9.6905],[77.6956,9.6968],[77.6851,9.6778],[77.6694,9.6767],[77.6523,9.6818],[77.6442,9.7053],[77.6307,9.7065],[77.6035,9.6914],[77.5866,9.666],[77.5793,9.6683],[77.5511,9.6446],[77.5447,9.6458],[77.5474,9.6569],[77.5381,9.6575],[77.5204,9.6382],[77.5199,9.635]]]}},{"type":"Feature","properties":{"SUBDISTRICT":"Chinnasalem","STATE":"Tamil Nadu","shapeID":"7132399B95892169087289","source":"geoBoundaries gbOpen IND ADM3 (ODbL 1.0); source: Local Government Directory lgdirectory.gov.in via Pathways Data","DISTRICT":"Villupuram"},"geometry":{"type":"Polygon","coordinates":[[[78.7536,11.757],[78.792,11.7667],[78.7744,11.7437],[78.7927,11.7452],[78.8167,11.7272],[78.7818,11.7107],[78.7819,11.6986],[78.8044,11.685],[78.8059,11.6582],[78.7733,11.6363],[78.7878,11.6368],[78.7904,11.6218],[78.7794,11.6036],[78.8171,11.5879],[78.8286,11.5763],[78.816,11.5457],[78.8358,11.5382],[78.8389,11.5223],[78.8624,11.5175],[78.8758,11.505],[78.9051,11.5023],[78.9179,11.5291],[78.9235,11.5647],[79.0,11.5732],[79.0151,11.5833],[79.0142,11.6022],[79.0246,11.6033],[79.0132,11.6189],[79.0077,11.6107],[78.989,11.6118],[78.9854,11.6309],[78.9735,11.615],[78.9593,11.6215],[78.9383,11.6171],[78.9346,11.6103],[78.9123,11.6121],[78.8975,11.6209],[78.911,11.6498],[78.8924,11.6638],[78.8916,11.6762],[78.8745,11.6826],[78.8845,11.6977],[78.9004,11.6905],[78.907,11.7036],[78.9061,11.719],[78.8909,11.7206],[78.8885,11.7421],[78.9104,11.781],[78.8896,11.7789],[78.8933,11.7868],[78.9095,11.7932],[78.9099,11.8022],[78.9004,11.81],[78.9118,11.8296],[78.8911,11.836],[78.8927,11.8487],[78.881,11.8524],[78.8864,11.8591],[78.8412,11.8688],[78.8163,11.8632],[78.8058,11.8485],[78.8109,11.8385],[78.8066,11.8143],[78.8017,11.804],[78.7903,11.8009],[78.7909,11.7835],[78.7717,11.7774],[78.7592,11.7827],[78.7555,11.7636],[78.7536,11.757]]]}},{"type":"Feature","properties":{"SUBDISTRICT":"Kalvarayan Hills","STATE":"Tamil Nadu","shapeID":"7132399B84844922741395","source":"geoBoundaries gbOpen IND ADM3 (ODbL 1.0); source: Local Government Directory lgdirectory.gov.in via Pathways Data","DISTRICT":"Villupuram"},"geometry":{"type":"Polygon","coordinates":[[[78.627,11.8635],[78.6513,11.8615],[78.66,11.8526],[78.6865,11.8524],[78.6948,11.8455],[78.6903,11.7986],[78.6689,11.794],[78.6634,11.7757],[78.641,11.7599],[78.6384,11.718],[78.6529,11.7116],[78.6474,11.6557],[78.6605,11.6568],[78.6601,11.6442],[78.6804,11.6414],[78.6829,11.6632],[78.6777,11.6667],[78.6901,11.683],[78.7073,11.6858],[78.7189,11.6807],[78.7656,11.6906],[78.7819,11.6986],[78.7847,11.7133],[78.8167,11.7272],[78.7927,11.7452],[78.7744,11.7437],[78.792,11.7667],[78.7536,11.757],[78.7576,11.7813],[78.7717,11.7774],[78.789,11.7817],[78.7903,11.8009],[78.8017,11.804],[78.8066,11.8143],[78.8109,11.8385],[78.8058,11.8485],[78.8163,11.8632],[78.7878,11.8551],[78.7861,11.8805],[78.813,11.8877],[78.8237,11.9034],[78.8087,11.9139],[78.7722,11.9155],[78.7783,11.9315],[78.7842,11.9386],[78.8205,11.9431],[78.8209,11.9344],[78.838,11.9328],[78.8555,11.9228],[78.8691,11.9376],[78.8494,11.9491],[78.8517,11.9864],[78.8337,11.986],[78.8399,12.0086],[78.82,12.0078],[78.8068,12.0171],[78.7829,12.0077],[78.7606,12.0093],[78.7384,11.9817],[78.7175,11.9798],[78.7054,11.9338],[78.7245,11.9153],[78.7064,11.8904],[78.693,11.89],[78.6882,11.8979],[78.6594,11.8881],[78.6553,11.8789],[78.6364,11.8838],[78.6356,11.8713],[78.6293,11.8671],[78.627,11.8635]]]}},{"type":"Feature","properties":{"SUBDISTRICT":"Avadi","STATE":"Tamil Nadu","shapeID":"7132399B89795726421111","source":"geoBoundaries gbOpen IND ADM3 (ODbL 1.0); source: Local Government Directory lgdirectory.gov.in via Pathways Data","DISTRICT":"Thiruvallur"},"geometry":{"type":"Polygon","coordinates":[[[79.9967,13.1001],[80.0326,13.0932],[80.0515,13.1056],[80.0575,13.1131],[80.05,13.1175],[80.0543,13.1573],[80.0633,13.1583],[80.0666,13.1726],[80.1185,13.154],[80.1561,13.1572],[80.1698,13.168],[80.1583,13.1847],[80.1716,13.1945],[80.1429,13.1949],[80.1334,13.1824],[80.1082,13.1876],[80.1069,13.205],[80.0654,13.2078],[80.0469,13.1999],[80.0291,13.1881],[80.0395,13.1622],[80.0395,13.1376],[80.012,13.1326],[80.012,13.1205],[80.0048,13.1206],[80.0074,13.1071],[79.9972,13.1003],[79.9967,13.1001]]]}}]}