{"type":"FeatureCollection","features":[{"type":"Feature","properties":{"SUBDISTRICT":"Srisailam","STATE":"Telangana","shapeID":"7132399B64674901381524","source":"geoBoundaries gbOpen IND ADM3 (ODbL 1.0); source: Local Government Directory lgdirectory.gov.in via Pathways Data","DISTRICT":null,"ELEV_MEAN_M":489.3,"ELEV_MIN_M":19.0,"ELEV_MAX_M":2146.0,"PCT_BELOW_5M":0.0,"PCT_BELOW_10M":0.0},"geometry":{"type":"Polygon","coordinates":[[[78.5726,16.0631],[78.5907,15.9835],[78.6277,15.962],[78.6314,15.972],[78.6581,15.9428],[78.7002,15.9295],[78.7725,15.9178],[78.8136,15.9195],[78.8386,15.912],[78.9018,15.9643],[78.9211,15.9999],[78.9333,16.0698],[78.921,16.1157],[78.9088,16.1045],[78.8967,16.1054],[78.8802,16.117],[78.8739,16.1506],[78.8639,16.1653],[78.8396,16.1584],[78.8469,16.101],[78.8291,16.069],[78.7826,16.0304],[78.7464,16.0278],[78.721,16.0333],[78.6823,16.0556],[78.6437,16.0979],[78.6242,16.1053],[78.6106,16.1028],[78.5742,16.0682],[78.5726,16.0631]]]}},{"type":"Feature","properties":{"SUBDISTRICT":"Kuntala","STATE":"Telangana","shapeID":"7132399B94034778286247","source":"geoBoundaries gbOpen IND ADM3 (ODbL 1.0); source: Local Government Directory lgdirectory.gov.in via Pathways Data","DISTRICT":null,"ELEV_MEAN_M":383.5,"ELEV_MIN_M":337.0,"ELEV_MAX_M":479.0,"PCT_BELOW_5M":0.0,"PCT_BELOW_10M":0.0},"geometry":{"type":"Polygon","coordinates":[[[78.0251,19.1475],[78.034,19.1278],[78.0583,19.1192],[78.0656,19.1006],[78.0936,19.095],[78.1176,19.1028],[78.1245,19.1402],[78.1312,19.1439],[78.1396,19.1679],[78.1304,19.1867],[78.1322,19.2048],[78.1451,19.2098],[78.1542,19.2312],[78.1437,19.2406],[78.1311,19.2475],[78.1037,19.2466],[78.0866,19.2558],[78.0618,19.2408],[78.0304,19.165],[78.0321,19.1554],[78.0251,19.1475]]]}},{"type":"Feature","properties":{"SUBDISTRICT":"Peddakothapally","STATE":"Telangana","shapeID":"7132399B94589319346827","source":"geoBoundaries gbOpen IND ADM3 (ODbL 1.0); source: Local Government Directory lgdirectory.gov.in via Pathways Data","DISTRICT":null,"ELEV_MEAN_M":391.4,"ELEV_MIN_M":279.0,"ELEV_MAX_M":532.0,"PCT_BELOW_5M":0.0,"PCT_BELOW_10M":0.0},"geometry":{"type":"Polygon","coordinates":[[[78.2744,16.1617],[78.2793,16.1528],[78.3215,16.1533],[78.3332,16.1836],[78.3445,16.1826],[78.3394,16.1666],[78.3462,16.1574],[78.3668,16.172],[78.3971,16.1815],[78.4052,16.1731],[78.4033,16.1519],[78.4318,16.1603],[78.4587,16.1882],[78.4661,16.2012],[78.4674,16.2299],[78.4566,16.2283],[78.4408,16.2363],[78.4032,16.2169],[78.3933,16.2189],[78.3869,16.2311],[78.3875,16.2389],[78.3991,16.2421],[78.4243,16.2882],[78.4266,16.3011],[78.4184,16.3036],[78.41,16.3522],[78.3798,16.3639],[78.3713,16.3871],[78.3288,16.3879],[78.331,16.3713],[78.3132,16.3564],[78.3155,16.3523],[78.2981,16.3486],[78.2869,16.3248],[78.3414,16.2917],[78.3186,16.2695],[78.3181,16.2585],[78.2967,16.2406],[78.2868,16.2159],[78.2933,16.2043],[78.3096,16.1958],[78.3074,16.1847],[78.2806,16.1698],[78.2744,16.1617]]]}},{"type":"Feature","properties":{"SUBDISTRICT":"Kasipet","STATE":"Telangana","shapeID":"7132399B9057713256053","source":"geoBoundaries gbOpen IND ADM3 (ODbL 1.0); source: Local Government Directory lgdirectory.gov.in via Pathways Data","DISTRICT":null,"ELEV_MEAN_M":324.9,"ELEV_MIN_M":172.0,"ELEV_MAX_M":656.0,"PCT_BELOW_5M":0.0,"PCT_BELOW_10M":0.0},"geometry":{"type":"Polygon","coordinates":[[[79.2232,19.0019],[79.2487,18.9851],[79.2559,18.9906],[79.2625,18.9778],[79.2736,18.9974],[79.2907,19.0072],[79.326,19.0066],[79.369,18.9854],[79.3733,19.0058],[79.3684,19.0253],[79.3953,19.0061],[79.3996,18.9959],[79.4224,19.0066],[79.4337,19.0012],[79.4586,19.0058],[79.4819,19.0299],[79.4838,19.0453],[79.4743,19.0591],[79.4283,19.0926],[79.4011,19.1244],[79.3235,19.164],[79.3193,19.1632],[79.3237,19.1338],[79.3169,19.1043],[79.3109,19.1011],[79.2873,19.1146],[79.2662,19.0894],[79.2452,19.0861],[79.2279,19.0594],[79.2249,19.0152],[79.2232,19.0019]]]}},{"type":"Feature","properties":{"SUBDISTRICT":"Chityal","STATE":"Telangana","shapeID":"7132399B10211586230421","source":"geoBoundaries gbOpen IND ADM3 (ODbL 1.0); source: Local Government Directory lgdirectory.gov.in via Pathways Data","DISTRICT":null,"ELEV_MEAN_M":192.5,"ELEV_MIN_M":144.0,"ELEV_MAX_M":477.0,"PCT_BELOW_5M":0.0,"PCT_BELOW_10M":0.0},"geometry":{"type":"Polygon","coordinates":[[[79.6503,18.344],[79.7018,18.2838],[79.7416,18.2987],[79.7438,18.3162],[79.7728,18.3375],[79.7924,18.374],[79.7717,18.3937],[79.7537,18.3999],[79.7386,18.4186],[79.7401,18.4383],[79.7723,18.4561],[79.7626,18.472],[79.7203,18.4952],[79.6854,18.4966],[79.6596,18.4731],[79.6659,18.4569],[79.6616,18.4346],[79.6885,18.4262],[79.6776,18.4131],[79.657,18.4089],[79.6562,18.4015],[79.6667,18.398],[79.6735,18.37],[79.6545,18.3469],[79.6503,18.344]]]}},{"type":"Feature","properties":{"SUBDISTRICT":"Inderavelly","STATE":"Telangana","shapeID":"7132399B66028432062314","source":"geoBoundaries gbOpen IND ADM3 (ODbL 1.0); source: Local Government Directory lgdirectory.gov.in via Pathways Data","DISTRICT":null,"ELEV_MEAN_M":456.8,"ELEV_MIN_M":313.0,"ELEV_MAX_M":619.0,"PCT_BELOW_5M":0.0,"PCT_BELOW_10M":0.0},"geometry":{"type":"Polygon","coordinates":[[[78.5584,19.4912],[78.5772,19.4844],[78.5835,19.4952],[78.6016,19.4952],[78.6084,19.5109],[78.6141,19.4949],[78.5888,19.4733],[78.5877,19.4554],[78.6254,19.4396],[78.6313,19.4465],[78.6481,19.4325],[78.661,19.4316],[78.6676,19.4414],[78.6654,19.4767],[78.6831,19.5033],[78.6807,19.5301],[78.6888,19.5353],[78.7129,19.5244],[78.7425,19.5259],[78.7734,19.5165],[78.7645,19.5404],[78.7652,19.5824],[78.7273,19.5847],[78.7181,19.5557],[78.6815,19.5464],[78.6334,19.5814],[78.599,19.5622],[78.5621,19.5746],[78.5709,19.545],[78.5592,19.5043],[78.5584,19.4912]]]}},{"type":"Feature","properties":{"SUBDISTRICT":"Chigurumamidi","STATE":"Telangana","shapeID":"7132399B81027623651936","source":"geoBoundaries gbOpen IND ADM3 (ODbL 1.0); source: Local Government Directory lgdirectory.gov.in via Pathways Data","DISTRICT":null,"ELEV_MEAN_M":322.6,"ELEV_MIN_M":280.0,"ELEV_MAX_M":481.0,"PCT_BELOW_5M":0.0,"PCT_BELOW_10M":0.0},"geometry":{"type":"Polygon","coordinates":[[[79.1174,18.203],[79.1557,18.1855],[79.161,18.1641],[79.1746,18.1458],[79.2166,18.15],[79.2495,18.1656],[79.2644,18.1849],[79.2604,18.2176],[79.2692,18.2418],[79.2433,18.2517],[79.2214,18.2454],[79.1925,18.2702],[79.1324,18.2565],[79.1182,18.2108],[79.1174,18.203]]]}},{"type":"Feature","properties":{"SUBDISTRICT":"Chandurthi","STATE":"Telangana","shapeID":"7132399B8676213684310","source":"geoBoundaries gbOpen IND ADM3 (ODbL 1.0); source: Local Government Directory lgdirectory.gov.in via Pathways Data","DISTRICT":null,"ELEV_MEAN_M":417.5,"ELEV_MIN_M":349.0,"ELEV_MAX_M":639.0,"PCT_BELOW_5M":0.0,"PCT_BELOW_10M":0.0},"geometry":{"type":"Polygon","coordinates":[[[78.604,18.5781],[78.6437,18.5551],[78.6572,18.5534],[78.6645,18.5335],[78.6867,18.5242],[78.7119,18.5251],[78.7373,18.5041],[78.7569,18.5043],[78.7833,18.4909],[78.7946,18.5046],[78.7879,18.523],[78.7923,18.5265],[78.8206,18.5045],[78.8245,18.5273],[78.8122,18.5433],[78.8472,18.5863],[78.8287,18.5965],[78.793,18.607],[78.7666,18.6045],[78.7398,18.6188],[78.7215,18.5852],[78.6433,18.5839],[78.6339,18.5902],[78.6118,18.5839],[78.604,18.5781]]]}},{"type":"Feature","properties":{"SUBDISTRICT":"Elkathurthy","STATE":"Telangana","shapeID":"7132399B18346377280492","source":"geoBoundaries gbOpen IND ADM3 (ODbL 1.0); source: Local Government Directory lgdirectory.gov.in via Pathways Data","DISTRICT":null,"ELEV_MEAN_M":268.0,"ELEV_MIN_M":233.0,"ELEV_MAX_M":448.0,"PCT_BELOW_5M":0.0,"PCT_BELOW_10M":0.0},"geometry":{"type":"Polygon","coordinates":[[[79.3934,18.0336],[79.4613,18.0782],[79.4786,18.1145],[79.5039,18.1022],[79.5233,18.108],[79.5635,18.1056],[79.567,18.1124],[79.5524,18.1226],[79.5432,18.1218],[79.5357,18.1094],[79.5117,18.1204],[79.4972,18.1452],[79.4164,18.1514],[79.3986,18.1375],[79.3959,18.1199],[79.4153,18.0909],[79.4033,18.0437],[79.3934,18.0336]]]}},{"type":"Feature","properties":{"SUBDISTRICT":"Husnabad","STATE":"Telangana","shapeID":"7132399B62978162880112","source":"geoBoundaries gbOpen IND ADM3 (ODbL 1.0); source: Local Government Directory lgdirectory.gov.in via Pathways Data","DISTRICT":null,"ELEV_MEAN_M":372.3,"ELEV_MIN_M":334.0,"ELEV_MAX_M":603.0,"PCT_BELOW_5M":0.0,"PCT_BELOW_10M":0.0},"geometry":{"type":"Polygon","coordinates":[[[79.1459,18.0899],[79.1806,18.0868],[79.1896,18.0707],[79.2112,18.0817],[79.2262,18.0732],[79.232,18.0825],[79.2959,18.0785],[79.3014,18.1108],[79.2896,18.121],[79.2857,18.1388],[79.258,18.1465],[79.2399,18.1616],[79.2166,18.15],[79.1746,18.1458],[79.1518,18.1186],[79.1505,18.0968],[79.1459,18.0899]]]}},{"type":"Feature","properties":{"SUBDISTRICT":"Atmakur (S)","STATE":"Telangana","shapeID":"7132399B81897515873369","source":"geoBoundaries gbOpen IND ADM3 (ODbL 1.0); source: Local Government Directory lgdirectory.gov.in via Pathways Data","DISTRICT":null,"ELEV_MEAN_M":191.5,"ELEV_MIN_M":154.0,"ELEV_MAX_M":471.0,"PCT_BELOW_5M":0.0,"PCT_BELOW_10M":0.0},"geometry":{"type":"Polygon","coordinates":[[[79.5656,17.3092],[79.5707,17.2897],[79.5938,17.2754],[79.5988,17.2401],[79.6112,17.2266],[79.6544,17.2301],[79.6975,17.2125],[79.7235,17.2483],[79.7324,17.2517],[79.7307,17.2905],[79.758,17.2873],[79.7674,17.3299],[79.7502,17.3298],[79.7403,17.3429],[79.7196,17.3322],[79.6831,17.3294],[79.6601,17.3417],[79.6323,17.3334],[79.6136,17.3115],[79.6021,17.327],[79.5815,17.3318],[79.5669,17.312],[79.5656,17.3092]]]}},{"type":"Feature","properties":{"SUBDISTRICT":"Kotagiri","STATE":"Telangana","shapeID":"7132399B2748842102347","source":"geoBoundaries gbOpen IND ADM3 (ODbL 1.0); source: Local Government Directory lgdirectory.gov.in via Pathways Data","DISTRICT":null,"ELEV_MEAN_M":374.5,"ELEV_MIN_M":345.0,"ELEV_MAX_M":502.0,"PCT_BELOW_5M":0.0,"PCT_BELOW_10M":0.0},"geometry":{"type":"Polygon","coordinates":[[[77.7398,18.6325],[77.7747,18.5339],[77.7732,18.4918],[77.7853,18.4965],[77.8172,18.4885],[77.857,18.4916],[77.8523,18.5129],[77.8693,18.5388],[77.8568,18.5582],[77.8393,18.564],[77.8434,18.5764],[77.8288,18.5878],[77.8367,18.5907],[77.8408,18.608],[77.811,18.6472],[77.7855,18.6506],[77.761,18.6335],[77.7398,18.6325]]]}},{"type":"Feature","properties":{"SUBDISTRICT":"Thimmapur Lmd","STATE":"Telangana","shapeID":"7132399B28043004997617","source":"geoBoundaries gbOpen IND ADM3 (ODbL 1.0); source: Local Government Directory lgdirectory.gov.in via Pathways Data","DISTRICT":null,"ELEV_MEAN_M":288.6,"ELEV_MIN_M":257.0,"ELEV_MAX_M":465.0,"PCT_BELOW_5M":0.0,"PCT_BELOW_10M":0.0},"geometry":{"type":"Polygon","coordinates":[[[79.114,18.31],[79.1247,18.2968],[79.1208,18.2779],[79.1324,18.2565],[79.1925,18.2702],[79.2214,18.2454],[79.2433,18.2517],[79.2692,18.2418],[79.2751,18.2506],[79.2768,18.296],[79.2441,18.3078],[79.2256,18.3271],[79.2198,18.3525],[79.2073,18.3592],[79.1926,18.3574],[79.1885,18.3695],[79.1723,18.3743],[79.1738,18.4065],[79.1343,18.3769],[79.1628,18.3604],[79.1628,18.3449],[79.1361,18.333],[79.1147,18.3131],[79.114,18.31]]]}},{"type":"Feature","properties":{"SUBDISTRICT":"Kammarpally","STATE":"Telangana","shapeID":"7132399B26859166564344","source":"geoBoundaries gbOpen IND ADM3 (ODbL 1.0); source: Local Government Directory lgdirectory.gov.in via Pathways Data","DISTRICT":null,"ELEV_MEAN_M":392.5,"ELEV_MIN_M":299.0,"ELEV_MAX_M":659.0,"PCT_BELOW_5M":0.0,"PCT_BELOW_10M":0.0},"geometry":{"type":"MultiPolygon","coordinates":[[[[78.5,18.4839],[78.5259,18.4755],[78.5492,18.5174],[78.5313,18.5277],[78.5191,18.4952],[78.5003,18.4844],[78.5,18.4839]]],[[[78.5105,18.6452],[78.5344,18.6007],[78.5876,18.607],[78.5888,18.6398],[78.5762,18.6546],[78.552,18.6241],[78.543,18.6209],[78.5237,18.6605],[78.5154,18.6578],[78.5108,18.6463],[78.5105,18.6452]]],[[[78.4616,18.7595],[78.4691,18.748],[78.5005,18.7313],[78.5196,18.7023],[78.5588,18.7027],[78.5728,18.6861],[78.6424,18.6961],[78.6451,18.7114],[78.637,18.7327],[78.5849,18.7382],[78.5609,18.7637],[78.5682,18.7853],[78.5514,18.8242],[78.5459,18.8761],[78.5404,18.8914],[78.5233,18.9093],[78.4973,18.9015],[78.4799,18.8854],[78.4803,18.8336],[78.4963,18.7958],[78.4816,18.7873],[78.4632,18.762],[78.4616,18.7595]]]]}},{"type":"Feature","properties":{"SUBDISTRICT":"Sirikonda","STATE":"Telangana","shapeID":"7132399B93940356243404","source":"geoBoundaries gbOpen IND ADM3 (ODbL 1.0); source: Local Government Directory lgdirectory.gov.in via Pathways Data","DISTRICT":null,"ELEV_MEAN_M":457.9,"ELEV_MIN_M":366.0,"ELEV_MAX_M":662.0,"PCT_BELOW_5M":0.0,"PCT_BELOW_10M":0.0},"geometry":{"type":"Polygon","coordinates":[[[78.3522,18.4981],[78.3594,18.4702],[78.3577,18.4447],[78.3762,18.4724],[78.3941,18.4681],[78.4083,18.4735],[78.4447,18.4644],[78.4606,18.4551],[78.4747,18.4358],[78.4923,18.4353],[78.5245,18.4703],[78.5259,18.4755],[78.5,18.4839],[78.5191,18.4952],[78.5283,18.5254],[78.5492,18.5174],[78.564,18.5425],[78.5945,18.5471],[78.6003,18.5715],[78.6118,18.5839],[78.585,18.6079],[78.5344,18.6007],[78.5105,18.6452],[78.4978,18.6292],[78.4534,18.6207],[78.416,18.627],[78.3985,18.6582],[78.377,18.6249],[78.3755,18.6079],[78.3966,18.5825],[78.3995,18.5673],[78.3644,18.5511],[78.3629,18.5431],[78.3755,18.5425],[78.3537,18.5035],[78.3522,18.4981]]]}},{"type":"Feature","properties":{"SUBDISTRICT":"Sulthanabad","STATE":"Telangana","shapeID":"7132399B7192438834717","source":"geoBoundaries gbOpen IND ADM3 (ODbL 1.0); source: Local Government Directory lgdirectory.gov.in via Pathways Data","DISTRICT":null,"ELEV_MEAN_M":234.3,"ELEV_MIN_M":209.0,"ELEV_MAX_M":286.0,"PCT_BELOW_5M":0.0,"PCT_BELOW_10M":0.0},"geometry":{"type":"Polygon","coordinates":[[[79.2229,18.5109],[79.2454,18.4346],[79.2601,18.4505],[79.3047,18.4674],[79.3591,18.4332],[79.3731,18.4366],[79.3925,18.4625],[79.4,18.5033],[79.3876,18.5191],[79.3842,18.5465],[79.3768,18.5494],[79.3595,18.5427],[79.3318,18.596],[79.3211,18.604],[79.3043,18.5784],[79.3158,18.5426],[79.2893,18.5351],[79.2785,18.5051],[79.2481,18.5022],[79.2436,18.5097],[79.231,18.5118],[79.2229,18.5109]]]}},{"type":"Feature","properties":{"SUBDISTRICT":"Bandlaguda","STATE":"Telangana","shapeID":"7132399B94364287782579","source":"geoBoundaries gbOpen IND ADM3 (ODbL 1.0); source: Local Government Directory lgdirectory.gov.in via Pathways Data","DISTRICT":null,"ELEV_MEAN_M":534.0,"ELEV_MIN_M":509.0,"ELEV_MAX_M":584.0,"PCT_BELOW_5M":0.0,"PCT_BELOW_10M":0.0},"geometry":{"type":"Polygon","coordinates":[[[78.4475,17.3345],[78.4562,17.3167],[78.4763,17.3014],[78.5134,17.3281],[78.514,17.3376],[78.4988,17.3458],[78.4834,17.3305],[78.4768,17.3382],[78.4726,17.327],[78.4618,17.3258],[78.4695,17.3441],[78.4631,17.3489],[78.4492,17.3346],[78.4475,17.3345]]]}},{"type":"Feature","properties":{"SUBDISTRICT":"Telkapally","STATE":"Telangana","shapeID":"7132399B35581694521210","source":"geoBoundaries gbOpen IND ADM3 (ODbL 1.0); source: Local Government Directory lgdirectory.gov.in via Pathways Data","DISTRICT":null,"ELEV_MEAN_M":452.1,"ELEV_MIN_M":401.0,"ELEV_MAX_M":499.0,"PCT_BELOW_5M":0.0,"PCT_BELOW_10M":0.0},"geometry":{"type":"Polygon","coordinates":[[[78.3347,16.4297],[78.3694,16.4108],[78.3757,16.4007],[78.3735,16.3713],[78.41,16.3522],[78.4184,16.3036],[78.4266,16.3011],[78.4435,16.3148],[78.4476,16.3294],[78.4636,16.3328],[78.4745,16.3555],[78.4722,16.375],[78.504,16.3822],[78.5028,16.4065],[78.4718,16.4376],[78.4834,16.4607],[78.4773,16.4699],[78.4839,16.4786],[78.4791,16.5023],[78.4608,16.5045],[78.4618,16.5167],[78.4419,16.5423],[78.4093,16.5307],[78.4099,16.5069],[78.3755,16.4946],[78.3712,16.4855],[78.3769,16.4648],[78.3696,16.4545],[78.3385,16.4392],[78.3347,16.4297]]]}},{"type":"Feature","properties":{"SUBDISTRICT":"Tadoor","STATE":"Telangana","shapeID":"7132399B71895141876278","source":"geoBoundaries gbOpen IND ADM3 (ODbL 1.0); source: Local Government Directory lgdirectory.gov.in via Pathways Data","DISTRICT":null,"ELEV_MEAN_M":474.8,"ELEV_MIN_M":432.0,"ELEV_MAX_M":609.0,"PCT_BELOW_5M":0.0,"PCT_BELOW_10M":0.0},"geometry":{"type":"Polygon","coordinates":[[[78.2516,16.5969],[78.2594,16.5749],[78.2546,16.5635],[78.2702,16.553],[78.2735,16.5386],[78.2612,16.5231],[78.2858,16.512],[78.2939,16.5207],[78.3251,16.5267],[78.3338,16.503],[78.3638,16.5018],[78.374,16.5207],[78.3737,16.538],[78.406,16.5304],[78.4419,16.5423],[78.4256,16.5673],[78.3914,16.587],[78.3743,16.6225],[78.3625,16.6298],[78.3528,16.647],[78.3538,16.6633],[78.3128,16.6744],[78.2956,16.6983],[78.2894,16.6846],[78.2709,16.6784],[78.2665,16.6706],[78.2824,16.6525],[78.2775,16.6119],[78.2544,16.5992],[78.2516,16.5969]]]}},{"type":"Feature","properties":{"SUBDISTRICT":"Mancherial","STATE":"Telangana","shapeID":"7132399B54942470532086","source":"geoBoundaries gbOpen IND ADM3 (ODbL 1.0); source: Local Government Directory lgdirectory.gov.in via Pathways Data","DISTRICT":null,"ELEV_MEAN_M":153.0,"ELEV_MIN_M":134.0,"ELEV_MAX_M":199.0,"PCT_BELOW_5M":0.0,"PCT_BELOW_10M":0.0},"geometry":{"type":"Polygon","coordinates":[[[79.4184,18.8931],[79.4271,18.8631],[79.457,18.8461],[79.4575,18.8637],[79.4674,18.8712],[79.4744,18.897],[79.488,18.9161],[79.4873,18.921],[79.4736,18.912],[79.4413,18.9093],[79.4186,18.8966],[79.4184,18.8931]]]}},{"type":"Feature","properties":{"SUBDISTRICT":"Kusumanchi","STATE":"Telangana","shapeID":"7132399B80846982007211","source":"geoBoundaries gbOpen IND ADM3 (ODbL 1.0); source: Local Government Directory lgdirectory.gov.in via Pathways Data","DISTRICT":null,"ELEV_MEAN_M":143.1,"ELEV_MIN_M":104.0,"ELEV_MAX_M":178.0,"PCT_BELOW_5M":0.0,"PCT_BELOW_10M":0.0},"geometry":{"type":"Polygon","coordinates":[[[79.8756,17.1866],[79.8834,17.173],[79.914,17.1532],[79.9137,17.1355],[79.9473,17.1301],[79.9793,17.1004],[79.9947,17.1224],[79.9961,17.1694],[80.0033,17.1775],[80.0185,17.1785],[80.0267,17.197],[80.0488,17.1953],[80.0561,17.2133],[80.0473,17.2344],[80.0506,17.2491],[80.0392,17.2566],[80.0354,17.2753],[80.0003,17.2788],[79.9963,17.272],[79.9838,17.2832],[79.9337,17.2852],[79.9034,17.2797],[79.8908,17.2629],[79.8975,17.253],[79.8996,17.2184],[79.8848,17.2134],[79.8779,17.2013],[79.8756,17.1866]]]}},{"type":"Feature","properties":{"SUBDISTRICT":"Enkoor","STATE":"Telangana","shapeID":"7132399B26903507720795","source":"geoBoundaries gbOpen IND ADM3 (ODbL 1.0); source: Local Government Directory lgdirectory.gov.in via Pathways Data","DISTRICT":null,"ELEV_MEAN_M":143.5,"ELEV_MIN_M":96.0,"ELEV_MAX_M":564.0,"PCT_BELOW_5M":0.0,"PCT_BELOW_10M":0.0},"geometry":{"type":"Polygon","coordinates":[[[80.3037,17.3869],[80.3424,17.3844],[80.3492,17.3769],[80.3453,17.3598],[80.3727,17.3017],[80.3809,17.2589],[80.3956,17.2652],[80.405,17.2856],[80.4136,17.283],[80.4359,17.303],[80.466,17.2946],[80.4771,17.2645],[80.5012,17.2683],[80.5062,17.2789],[80.5076,17.3592],[80.4836,17.3867],[80.4753,17.3855],[80.4517,17.3588],[80.4348,17.3674],[80.4129,17.3881],[80.3865,17.4359],[80.3137,17.4021],[80.3037,17.3869]]]}},{"type":"Feature","properties":{"SUBDISTRICT":"Gopalpeta","STATE":"Telangana","shapeID":"7132399B27956770109741","source":"geoBoundaries gbOpen IND ADM3 (ODbL 1.0); source: Local Government Directory lgdirectory.gov.in via Pathways Data","DISTRICT":null,"ELEV_MEAN_M":446.4,"ELEV_MIN_M":394.0,"ELEV_MAX_M":567.0,"PCT_BELOW_5M":0.0,"PCT_BELOW_10M":0.0},"geometry":{"type":"Polygon","coordinates":[[[78.0793,16.369],[78.1029,16.3667],[78.1013,16.3427],[78.1143,16.3251],[78.1684,16.3344],[78.1797,16.3286],[78.198,16.4061],[78.1919,16.412],[78.1894,16.4399],[78.1781,16.4478],[78.1523,16.4464],[78.1257,16.4632],[78.1179,16.4545],[78.126,16.4521],[78.1303,16.4371],[78.1029,16.4103],[78.0845,16.3799],[78.0793,16.369]]]}},{"type":"Feature","properties":{"SUBDISTRICT":"Shankarapatnam","STATE":"Telangana","shapeID":"7132399B93731160535777","source":"geoBoundaries gbOpen IND ADM3 (ODbL 1.0); source: Local Government Directory lgdirectory.gov.in via Pathways Data","DISTRICT":null,"ELEV_MEAN_M":256.1,"ELEV_MIN_M":217.0,"ELEV_MAX_M":476.0,"PCT_BELOW_5M":0.0,"PCT_BELOW_10M":0.0},"geometry":{"type":"Polygon","coordinates":[[[79.2692,18.2418],[79.3028,18.2385],[79.3193,18.2458],[79.351,18.2317],[79.3684,18.25],[79.3972,18.2578],[79.4075,18.2803],[79.3914,18.2989],[79.4012,18.321],[79.3927,18.339],[79.3845,18.3452],[79.3361,18.3526],[79.3268,18.3597],[79.2997,18.3424],[79.295,18.3196],[79.2781,18.3009],[79.2714,18.246],[79.2692,18.2418]]]}},{"type":"Feature","properties":{"SUBDISTRICT":"Jainath","STATE":"Telangana","shapeID":"7132399B80967114561653","source":"geoBoundaries gbOpen IND ADM3 (ODbL 1.0); source: Local Government Directory lgdirectory.gov.in via Pathways Data","DISTRICT":null,"ELEV_MEAN_M":237.5,"ELEV_MIN_M":198.0,"ELEV_MAX_M":424.0,"PCT_BELOW_5M":0.0,"PCT_BELOW_10M":0.0},"geometry":{"type":"Polygon","coordinates":[[[78.4709,19.8002],[78.484,19.7697],[78.5089,19.7628],[78.5248,19.751],[78.5646,19.751],[78.5838,19.7342],[78.5877,19.7067],[78.6163,19.6986],[78.6341,19.6796],[78.6382,19.6561],[78.6347,19.6465],[78.6248,19.6426],[78.6399,19.6298],[78.6596,19.6272],[78.6641,19.6338],[78.6638,19.6659],[78.6954,19.6604],[78.7008,19.6647],[78.7024,19.6721],[78.682,19.6916],[78.6633,19.6957],[78.6688,19.7105],[78.6839,19.7209],[78.6943,19.777],[78.691,19.791],[78.6087,19.8183],[78.59,19.8124],[78.5241,19.8206],[78.5086,19.7931],[78.4988,19.7939],[78.481,19.817],[78.4732,19.8043],[78.4709,19.8002]]]}},{"type":"Feature","properties":{"SUBDISTRICT":"Nampally","STATE":"Telangana","shapeID":"7132399B79652101674454","source":"geoBoundaries gbOpen IND ADM3 (ODbL 1.0); source: Local Government Directory lgdirectory.gov.in via Pathways Data","DISTRICT":null,"ELEV_MEAN_M":285.0,"ELEV_MIN_M":237.0,"ELEV_MAX_M":509.0,"PCT_BELOW_5M":0.0,"PCT_BELOW_10M":0.0},"geometry":{"type":"Polygon","coordinates":[[[78.8962,16.8726],[78.9031,16.8618],[78.9506,16.8383],[78.9562,16.8105],[78.9659,16.799],[78.9631,16.7635],[78.9866,16.7643],[79.0001,16.7498],[79.0182,16.749],[79.0336,16.7672],[79.0447,16.8193],[79.0551,16.8288],[79.0484,16.851],[79.077,16.8979],[79.0786,16.9318],[79.0478,16.9361],[79.0005,16.9683],[78.9895,16.9615],[78.9829,16.9475],[78.9515,16.9259],[78.9377,16.9276],[78.9204,16.9055],[78.9025,16.9077],[78.8965,16.8786],[78.8962,16.8726]]]}},{"type":"Feature","properties":{"SUBDISTRICT":"Velgatur","STATE":"Telangana","shapeID":"7132399B98768738252903","source":"geoBoundaries gbOpen IND ADM3 (ODbL 1.0); source: Local Government Directory lgdirectory.gov.in via Pathways Data","DISTRICT":null,"ELEV_MEAN_M":190.2,"ELEV_MIN_M":131.0,"ELEV_MAX_M":510.0,"PCT_BELOW_5M":0.0,"PCT_BELOW_10M":0.0},"geometry":{"type":"Polygon","coordinates":[[[79.124,18.771],[79.1316,18.7681],[79.1303,18.756],[79.1392,18.7533],[79.1306,18.748],[79.126,18.7297],[79.1391,18.7174],[79.1469,18.7231],[79.1582,18.7541],[79.2101,18.7437],[79.2397,18.757],[79.2845,18.7552],[79.2859,18.7804],[79.2954,18.7933],[79.2941,18.8292],[79.2579,18.8623],[79.2447,18.8729],[79.1912,18.8761],[79.1786,18.8912],[79.1661,18.8699],[79.1363,18.842],[79.1258,18.8082],[79.1446,18.7971],[79.1247,18.7761],[79.124,18.771]]]}},{"type":"Feature","properties":{"SUBDISTRICT":"Jinnaram","STATE":"Telangana","shapeID":"7132399B48147823737956","source":"geoBoundaries gbOpen IND ADM3 (ODbL 1.0); source: Local Government Directory lgdirectory.gov.in via Pathways Data","DISTRICT":null,"ELEV_MEAN_M":557.2,"ELEV_MIN_M":507.0,"ELEV_MAX_M":623.0,"PCT_BELOW_5M":0.0,"PCT_BELOW_10M":0.0},"geometry":{"type":"Polygon","coordinates":[[[78.2119,17.6063],[78.2465,17.5933],[78.2576,17.583],[78.2627,17.5584],[78.2889,17.5605],[78.3096,17.5708],[78.3244,17.5429],[78.335,17.5406],[78.349,17.5437],[78.3622,17.5581],[78.3757,17.6037],[78.3535,17.6235],[78.3581,17.6382],[78.339,17.6407],[78.3332,17.6496],[78.3223,17.6508],[78.3039,17.6389],[78.2985,17.6463],[78.2759,17.6478],[78.2723,17.6405],[78.2245,17.6399],[78.2184,17.6148],[78.2119,17.6063]]]}},{"type":"Feature","properties":{"SUBDISTRICT":"Nuthanakal","STATE":"Telangana","shapeID":"7132399B313634208733","source":"geoBoundaries gbOpen IND ADM3 (ODbL 1.0); source: Local Government Directory lgdirectory.gov.in via Pathways Data","DISTRICT":null,"ELEV_MEAN_M":188.8,"ELEV_MIN_M":155.0,"ELEV_MAX_M":216.0,"PCT_BELOW_5M":0.0,"PCT_BELOW_10M":0.0},"geometry":{"type":"Polygon","coordinates":[[[79.5973,17.3695],[79.6087,17.3552],[79.5997,17.3456],[79.6004,17.3277],[79.6136,17.3115],[79.6323,17.3334],[79.6601,17.3417],[79.6831,17.3294],[79.7196,17.3322],[79.7403,17.3429],[79.7502,17.3298],[79.7661,17.3286],[79.7866,17.3437],[79.7683,17.3784],[79.7871,17.3876],[79.778,17.3964],[79.7406,17.3938],[79.7253,17.3829],[79.7095,17.389],[79.7013,17.4021],[79.6804,17.3957],[79.6726,17.3807],[79.6498,17.3931],[79.6169,17.3918],[79.5976,17.3696],[79.5973,17.3695]]]}},{"type":"Feature","properties":{"SUBDISTRICT":"Dummugudem","STATE":"Telangana","shapeID":"7132399B52424703427562","source":"geoBoundaries gbOpen IND ADM3 (ODbL 1.0); source: Local Government Directory lgdirectory.gov.in via Pathways Data","DISTRICT":null,"ELEV_MEAN_M":80.1,"ELEV_MIN_M":6.0,"ELEV_MAX_M":451.0,"PCT_BELOW_5M":0.0,"PCT_BELOW_10M":0.0},"geometry":{"type":"Polygon","coordinates":[[[80.837,17.8349],[80.8428,17.8039],[80.8533,17.7872],[80.8719,17.7754],[80.8947,17.7909],[80.925,17.7933],[80.9601,17.7802],[80.9802,17.7798],[80.9654,17.7701],[80.966,17.7554],[80.984,17.7513],[80.9976,17.7499],[81.0144,17.7638],[81.0196,17.7577],[81.0404,17.756],[81.0644,17.7901],[81.0408,17.7969],[81.0209,17.8238],[81.0127,17.8454],[81.0026,17.9212],[80.9929,17.9298],[80.9821,17.9836],[80.8866,17.9692],[80.8453,17.9547],[80.8377,17.8389],[80.837,17.8349]]]}},{"type":"Feature","properties":{"SUBDISTRICT":"Konaraopet","STATE":"Telangana","shapeID":"7132399B27797494192699","source":"geoBoundaries gbOpen IND ADM3 (ODbL 1.0); source: Local Government Directory lgdirectory.gov.in via Pathways Data","DISTRICT":null,"ELEV_MEAN_M":400.9,"ELEV_MIN_M":329.0,"ELEV_MAX_M":530.0,"PCT_BELOW_5M":0.0,"PCT_BELOW_10M":0.0},"geometry":{"type":"Polygon","coordinates":[[[78.5886,18.5446],[78.6362,18.518],[78.6327,18.4936],[78.6637,18.4637],[78.684,18.4307],[78.7093,18.4303],[78.746,18.4186],[78.7508,18.398],[78.7658,18.4048],[78.7934,18.3942],[78.8216,18.4239],[78.8222,18.4659],[78.7898,18.4676],[78.7833,18.4909],[78.7569,18.5043],[78.7373,18.5041],[78.7042,18.5281],[78.6867,18.5242],[78.6645,18.5335],[78.6572,18.5534],[78.6437,18.5551],[78.604,18.5781],[78.5945,18.5471],[78.5886,18.5446]]]}},{"type":"Feature","properties":{"SUBDISTRICT":"Charminar","STATE":"Telangana","shapeID":"7132399B75153067671646","source":"geoBoundaries gbOpen IND ADM3 (ODbL 1.0); source: Local Government Directory lgdirectory.gov.in via Pathways Data","DISTRICT":null,"ELEV_MEAN_M":511.4,"ELEV_MIN_M":501.0,"ELEV_MAX_M":524.0,"PCT_BELOW_5M":0.0,"PCT_BELOW_10M":0.0},"geometry":{"type":"Polygon","coordinates":[[[78.4804,17.3374],[78.4834,17.3305],[78.5022,17.3459],[78.514,17.3376],[78.4962,17.3655],[78.4834,17.352],[78.488,17.3459],[78.4817,17.3394],[78.4804,17.3374]]]}},{"type":"Feature","properties":{"SUBDISTRICT":"Bommalaramaram","STATE":"Telangana","shapeID":"7132399B50024565615671","source":"geoBoundaries gbOpen IND ADM3 (ODbL 1.0); source: Local Government Directory lgdirectory.gov.in via Pathways Data","DISTRICT":null,"ELEV_MEAN_M":509.5,"ELEV_MIN_M":445.0,"ELEV_MAX_M":596.0,"PCT_BELOW_5M":0.0,"PCT_BELOW_10M":0.0},"geometry":{"type":"Polygon","coordinates":[[[78.6877,17.578],[78.7134,17.5244],[78.7112,17.4886],[78.76,17.518],[78.7996,17.5146],[78.8194,17.5322],[78.8564,17.5161],[78.8638,17.5393],[78.8506,17.5645],[78.8638,17.5735],[78.8564,17.5851],[78.7854,17.6203],[78.7865,17.6412],[78.7714,17.6329],[78.742,17.6397],[78.7303,17.6666],[78.72,17.6667],[78.6982,17.6135],[78.7002,17.6038],[78.6901,17.5967],[78.6968,17.589],[78.6912,17.5838],[78.6877,17.578]]]}},{"type":"Feature","properties":{"SUBDISTRICT":"Lokeswaram","STATE":"Telangana","shapeID":"7132399B38718369783934","source":"geoBoundaries gbOpen IND ADM3 (ODbL 1.0); source: Local Government Directory lgdirectory.gov.in via Pathways Data","DISTRICT":null,"ELEV_MEAN_M":343.9,"ELEV_MIN_M":296.0,"ELEV_MAX_M":384.0,"PCT_BELOW_5M":0.0,"PCT_BELOW_10M":0.0},"geometry":{"type":"Polygon","coordinates":[[[78.0173,19.0556],[78.019,19.0147],[78.0554,18.9965],[78.0414,18.9429],[78.0256,18.9283],[78.0244,18.9184],[78.0325,18.9098],[78.0442,18.9079],[78.0735,18.9369],[78.1219,18.9539],[78.1619,18.9817],[78.194,18.9939],[78.1765,19.0055],[78.1489,19.0795],[78.0826,19.0766],[78.0749,19.0637],[78.0438,19.0497],[78.0209,19.061],[78.0173,19.0556]]]}},{"type":"Feature","properties":{"SUBDISTRICT":"Talamadugu","STATE":"Telangana","shapeID":"7132399B30998505728717","source":"geoBoundaries gbOpen IND ADM3 (ODbL 1.0); source: Local Government Directory lgdirectory.gov.in via Pathways Data","DISTRICT":null,"ELEV_MEAN_M":361.7,"ELEV_MIN_M":257.0,"ELEV_MAX_M":636.0,"PCT_BELOW_5M":0.0,"PCT_BELOW_10M":0.0},"geometry":{"type":"Polygon","coordinates":[[[78.2743,19.6638],[78.2921,19.6552],[78.3135,19.6122],[78.3147,19.5875],[78.3303,19.578],[78.3559,19.5752],[78.3731,19.552],[78.4392,19.5504],[78.4534,19.5838],[78.4682,19.5817],[78.4722,19.6023],[78.4882,19.6226],[78.4731,19.6593],[78.4708,19.6925],[78.4563,19.6897],[78.4449,19.677],[78.4335,19.6942],[78.411,19.6911],[78.3984,19.6984],[78.3892,19.7167],[78.3493,19.7281],[78.3499,19.7142],[78.3273,19.7043],[78.3207,19.6912],[78.2904,19.6903],[78.2779,19.6708],[78.2743,19.6638]]]}},{"type":"Feature","properties":{"SUBDISTRICT":"Ramadugu","STATE":"Telangana","shapeID":"7132399B96131579451992","source":"geoBoundaries gbOpen IND ADM3 (ODbL 1.0); source: Local Government Directory lgdirectory.gov.in via Pathways Data","DISTRICT":null,"ELEV_MEAN_M":310.9,"ELEV_MIN_M":273.0,"ELEV_MAX_M":427.0,"PCT_BELOW_5M":0.0,"PCT_BELOW_10M":0.0},"geometry":{"type":"Polygon","coordinates":[[[79.0261,18.5091],[79.0402,18.4957],[79.0382,18.4609],[79.0497,18.4545],[79.0712,18.4715],[79.0719,18.4817],[79.0807,18.4896],[79.0955,18.4914],[79.1129,18.4776],[79.1206,18.4783],[79.1267,18.5028],[79.1086,18.5079],[79.1013,18.5383],[79.1033,18.5836],[79.1253,18.5994],[79.1132,18.6144],[79.1039,18.6429],[79.089,18.6394],[79.0673,18.6559],[79.056,18.6386],[79.0449,18.6355],[79.0467,18.5927],[79.032,18.5622],[79.0361,18.5483],[79.0271,18.5177],[79.0261,18.5091]]]}},{"type":"Feature","properties":{"SUBDISTRICT":"Bejjanki","STATE":"Telangana","shapeID":"7132399B30132916097275","source":"geoBoundaries gbOpen IND ADM3 (ODbL 1.0); source: Local Government Directory lgdirectory.gov.in via Pathways Data","DISTRICT":null,"ELEV_MEAN_M":320.2,"ELEV_MIN_M":289.0,"ELEV_MAX_M":354.0,"PCT_BELOW_5M":0.0,"PCT_BELOW_10M":0.0},"geometry":{"type":"Polygon","coordinates":[[[78.9951,18.2337],[78.9957,18.2084],[79.0095,18.2037],[79.0201,18.1864],[79.0336,18.2045],[79.0471,18.2092],[79.0542,18.2042],[79.0558,18.1789],[79.0651,18.1741],[79.0809,18.1818],[79.0932,18.2277],[79.1052,18.2455],[79.1324,18.2565],[79.1168,18.2842],[79.0978,18.2844],[79.0711,18.2957],[79.0825,18.3066],[79.0812,18.3191],[79.0718,18.3368],[79.0558,18.3377],[79.0298,18.3287],[79.0345,18.3078],[79.023,18.2866],[79.0002,18.2798],[78.9954,18.2407],[78.9951,18.2337]]]}},{"type":"Feature","properties":{"SUBDISTRICT":"Nangnoor","STATE":"Telangana","shapeID":"7132399B89949571751322","source":"geoBoundaries gbOpen IND ADM3 (ODbL 1.0); source: Local Government Directory lgdirectory.gov.in via Pathways Data","DISTRICT":null,"ELEV_MEAN_M":434.0,"ELEV_MIN_M":362.0,"ELEV_MAX_M":505.0,"PCT_BELOW_5M":0.0,"PCT_BELOW_10M":0.0},"geometry":{"type":"Polygon","coordinates":[[[78.903,18.0581],[78.9041,18.0441],[78.93,18.0516],[78.9466,18.0319],[78.9622,18.0271],[78.9676,18.0345],[78.9721,18.0318],[79.0,17.9997],[79.0506,18.0334],[79.0765,18.0202],[79.1157,18.0266],[79.1206,18.04],[79.1124,18.0531],[79.1356,18.0802],[79.0735,18.0828],[79.0455,18.0921],[79.0368,18.0969],[79.0428,18.1265],[79.0158,18.1427],[78.987,18.1284],[78.9494,18.1318],[78.9481,18.118],[78.9123,18.1007],[78.9136,18.071],[78.9046,18.0649],[78.903,18.0581]]]}},{"type":"Feature","properties":{"SUBDISTRICT":"Odela","STATE":"Telangana","shapeID":"7132399B87484053090832","source":"geoBoundaries gbOpen IND ADM3 (ODbL 1.0); source: Local Government Directory lgdirectory.gov.in via Pathways Data","DISTRICT":null,"ELEV_MEAN_M":210.6,"ELEV_MIN_M":177.0,"ELEV_MAX_M":267.0,"PCT_BELOW_5M":0.0,"PCT_BELOW_10M":0.0},"geometry":{"type":"Polygon","coordinates":[[[79.3737,18.4376],[79.3865,18.42],[79.4412,18.3999],[79.4804,18.3752],[79.5144,18.3906],[79.5442,18.3951],[79.5592,18.4087],[79.4885,18.4456],[79.4744,18.4804],[79.4456,18.4921],[79.438,18.5226],[79.3887,18.523],[79.3995,18.4981],[79.3925,18.4625],[79.3768,18.4435],[79.3737,18.4376]]]}},{"type":"Feature","properties":{"SUBDISTRICT":"Pitlam","STATE":"Telangana","shapeID":"7132399B23366353552038","source":"geoBoundaries gbOpen IND ADM3 (ODbL 1.0); source: Local Government Directory lgdirectory.gov.in via Pathways Data","DISTRICT":null,"ELEV_MEAN_M":421.7,"ELEV_MIN_M":238.0,"ELEV_MAX_M":505.0,"PCT_BELOW_5M":0.0,"PCT_BELOW_10M":0.0},"geometry":{"type":"Polygon","coordinates":[[[77.7393,18.2356],[77.7448,18.2064],[77.7599,18.2076],[77.7726,18.1906],[77.7963,18.2054],[77.8293,18.1963],[77.849,18.2024],[77.8548,18.2152],[77.8657,18.2179],[77.8607,18.2635],[77.872,18.2971],[77.8869,18.3028],[77.8886,18.3117],[77.8681,18.3423],[77.8313,18.3792],[77.8215,18.326],[77.8171,18.321],[77.7921,18.3219],[77.7996,18.2935],[77.7881,18.2824],[77.7736,18.2806],[77.7733,18.26],[77.7816,18.2407],[77.7704,18.2333],[77.7393,18.2356]]]}},{"type":"Feature","properties":{"SUBDISTRICT":"Birkur","STATE":"Telangana","shapeID":"7132399B60362323505562","source":"geoBoundaries gbOpen IND ADM3 (ODbL 1.0); source: Local Government Directory lgdirectory.gov.in via Pathways Data","DISTRICT":null,"ELEV_MEAN_M":375.1,"ELEV_MIN_M":351.0,"ELEV_MAX_M":484.0,"PCT_BELOW_5M":0.0,"PCT_BELOW_10M":0.0},"geometry":{"type":"Polygon","coordinates":[[[77.7732,18.4918],[77.7784,18.4653],[77.7944,18.4473],[77.8019,18.4068],[77.8401,18.3733],[77.8553,18.3865],[77.8433,18.397],[77.8727,18.4046],[77.8733,18.4205],[77.8822,18.4255],[77.8574,18.4348],[77.8282,18.4271],[77.8275,18.434],[77.849,18.4593],[77.8388,18.4756],[77.8409,18.4904],[77.8172,18.4885],[77.7853,18.4965],[77.7735,18.4919],[77.7732,18.4918]]]}},{"type":"Feature","properties":{"SUBDISTRICT":"Korutla","STATE":"Telangana","shapeID":"7132399B22504104726820","source":"geoBoundaries gbOpen IND ADM3 (ODbL 1.0); source: Local Government Directory lgdirectory.gov.in via Pathways Data","DISTRICT":null,"ELEV_MEAN_M":290.1,"ELEV_MIN_M":243.0,"ELEV_MAX_M":374.0,"PCT_BELOW_5M":0.0,"PCT_BELOW_10M":0.0},"geometry":{"type":"Polygon","coordinates":[[[78.6469,18.7964],[78.7023,18.7789],[78.7389,18.7748],[78.75,18.7797],[78.7479,18.789],[78.7569,18.7975],[78.7833,18.7971],[78.7918,18.8076],[78.7991,18.8203],[78.7929,18.8224],[78.797,18.8462],[78.8073,18.8617],[78.7996,18.8629],[78.7917,18.8872],[78.7635,18.9065],[78.7499,18.8799],[78.7197,18.8742],[78.6948,18.8783],[78.6694,18.869],[78.6861,18.8378],[78.687,18.8192],[78.6803,18.8137],[78.6546,18.813],[78.6482,18.8031],[78.6469,18.7964]]]}},{"type":"Feature","properties":{"SUBDISTRICT":"Sarangapur","STATE":"Telangana","shapeID":"7132399B67336187012099","source":"geoBoundaries gbOpen IND ADM3 (ODbL 1.0); source: Local Government Directory lgdirectory.gov.in via Pathways Data","DISTRICT":null,"ELEV_MEAN_M":282.6,"ELEV_MIN_M":208.0,"ELEV_MAX_M":520.0,"PCT_BELOW_5M":0.0,"PCT_BELOW_10M":0.0},"geometry":{"type":"Polygon","coordinates":[[[78.8848,18.8974],[78.8946,18.8633],[78.9358,18.8536],[78.9453,18.8806],[78.9597,18.865],[78.9729,18.8686],[78.9765,18.8796],[78.9659,18.904],[78.9686,18.9105],[78.9893,18.9079],[79.0083,18.9219],[79.0121,18.9317],[79.0104,18.952],[78.9831,18.9616],[78.9807,18.9739],[78.9676,18.9827],[78.9469,18.9779],[78.9323,19.0061],[78.9199,19.0083],[78.8877,18.932],[78.885,18.9017],[78.8848,18.8974]]]}},{"type":"Feature","properties":{"SUBDISTRICT":"Bichkunda","STATE":"Telangana","shapeID":"7132399B4303086642047","source":"geoBoundaries gbOpen IND ADM3 (ODbL 1.0); source: Local Government Directory lgdirectory.gov.in via Pathways Data","DISTRICT":null,"ELEV_MEAN_M":383.1,"ELEV_MIN_M":354.0,"ELEV_MAX_M":489.0,"PCT_BELOW_5M":0.0,"PCT_BELOW_10M":0.0},"geometry":{"type":"Polygon","coordinates":[[[77.6717,18.3844],[77.6825,18.3684],[77.7079,18.3585],[77.713,18.3437],[77.7363,18.3714],[77.7424,18.3546],[77.7289,18.3431],[77.7278,18.3286],[77.7404,18.312],[77.7317,18.2983],[77.747,18.2964],[77.7662,18.3028],[77.7673,18.3155],[77.7978,18.3246],[77.8171,18.321],[77.826,18.3392],[77.8313,18.3792],[77.8019,18.4068],[77.7944,18.4473],[77.7784,18.4653],[77.7732,18.4918],[77.7458,18.4869],[77.7455,18.4638],[77.726,18.4657],[77.7271,18.441],[77.6839,18.4281],[77.6866,18.3967],[77.6733,18.3848],[77.6717,18.3844]]]}},{"type":"Feature","properties":{"SUBDISTRICT":"Raikode","STATE":"Telangana","shapeID":"7132399B90634698046104","source":"geoBoundaries gbOpen IND ADM3 (ODbL 1.0); source: Local Government Directory lgdirectory.gov.in via Pathways Data","DISTRICT":null,"ELEV_MEAN_M":540.1,"ELEV_MIN_M":10.0,"ELEV_MAX_M":1280.0,"PCT_BELOW_5M":0.0,"PCT_BELOW_10M":0.0},"geometry":{"type":"Polygon","coordinates":[[[77.6793,17.8676],[77.6966,17.8592],[77.7017,17.8483],[77.7178,17.8462],[77.7302,17.8308],[77.7269,17.8186],[77.7325,17.8148],[77.7576,17.8065],[77.7709,17.8218],[77.7761,17.8166],[77.7856,17.826],[77.788,17.7766],[77.8031,17.7717],[77.8028,17.763],[77.8806,17.802],[77.882,17.8272],[77.8677,17.8385],[77.8654,17.8493],[77.8686,17.8725],[77.8562,17.8783],[77.8415,17.8671],[77.8241,17.8899],[77.7986,17.8956],[77.7965,17.9113],[77.7804,17.9382],[77.7535,17.9199],[77.7405,17.9417],[77.7279,17.9396],[77.7124,17.9249],[77.7225,17.9129],[77.7036,17.8797],[77.6794,17.8677],[77.6793,17.8676]]]}},{"type":"Feature","properties":{"SUBDISTRICT":"Sircilla","STATE":"Telangana","shapeID":"7132399B62529408686499","source":"geoBoundaries gbOpen IND ADM3 (ODbL 1.0); source: Local Government Directory lgdirectory.gov.in via Pathways Data","DISTRICT":null,"ELEV_MEAN_M":334.3,"ELEV_MIN_M":312.0,"ELEV_MAX_M":426.0,"PCT_BELOW_5M":0.0,"PCT_BELOW_10M":0.0},"geometry":{"type":"Polygon","coordinates":[[[78.7508,18.398],[78.7615,18.3815],[78.759,18.3531],[78.7818,18.3527],[78.8495,18.374],[78.8678,18.3916],[78.8343,18.4042],[78.8191,18.4187],[78.8085,18.4155],[78.7934,18.3942],[78.7658,18.4048],[78.7556,18.4014],[78.7508,18.398]]]}},{"type":"Feature","properties":{"SUBDISTRICT":"Maldakal","STATE":"Telangana","shapeID":"7132399B23125515251787","source":"geoBoundaries gbOpen IND ADM3 (ODbL 1.0); source: Local Government Directory lgdirectory.gov.in via Pathways Data","DISTRICT":null,"ELEV_MEAN_M":365.2,"ELEV_MIN_M":326.0,"ELEV_MAX_M":464.0,"PCT_BELOW_5M":0.0,"PCT_BELOW_10M":0.0},"geometry":{"type":"Polygon","coordinates":[[[77.6384,16.067],[77.6692,16.0584],[77.6882,16.0693],[77.6893,16.036],[77.699,16.0322],[77.7171,16.0406],[77.7316,16.0108],[77.7435,16.0011],[77.753,16.0094],[77.7565,16.0498],[77.7872,16.0477],[77.7952,16.0874],[77.7878,16.1147],[77.7911,16.1687],[77.7652,16.1734],[77.756,16.1626],[77.728,16.1607],[77.7379,16.1875],[77.7259,16.2066],[77.7136,16.209],[77.6997,16.1979],[77.6798,16.1957],[77.6735,16.1626],[77.6468,16.169],[77.6427,16.119],[77.6511,16.1062],[77.6424,16.0905],[77.6435,16.0789],[77.6384,16.067]]]}},{"type":"Feature","properties":{"SUBDISTRICT":"Kulkacharla","STATE":"Telangana","shapeID":"7132399B35287612930487","source":"geoBoundaries gbOpen IND ADM3 (ODbL 1.0); source: Local Government Directory lgdirectory.gov.in via Pathways Data","DISTRICT":null,"ELEV_MEAN_M":624.9,"ELEV_MIN_M":536.0,"ELEV_MAX_M":704.0,"PCT_BELOW_5M":0.0,"PCT_BELOW_10M":0.0},"geometry":{"type":"Polygon","coordinates":[[[77.8086,17.0011],[77.8367,16.991],[77.8672,16.9534],[77.8825,16.9541],[77.8966,16.9783],[77.9061,16.9653],[77.9014,16.9335],[77.9175,16.9283],[77.9332,16.9127],[77.9475,16.892],[77.9545,16.8672],[77.9725,16.8498],[77.9878,16.8605],[77.9908,16.8736],[77.985,16.8787],[77.9791,16.8699],[77.9691,16.8692],[77.9698,16.8893],[78.0147,16.906],[78.0094,16.9348],[78.0142,16.9501],[77.9886,16.9599],[78.003,16.978],[77.9971,16.9894],[77.9783,17.0024],[77.9792,17.0083],[77.9404,17.0236],[77.9254,17.0512],[77.9229,17.0623],[77.9506,17.0738],[77.9347,17.0831],[77.9517,17.0899],[77.9364,17.1152],[77.9254,17.1091],[77.8974,17.0698],[77.8729,17.0523],[77.8346,17.05],[77.8098,17.0059],[77.8086,17.0011]]]}},{"type":"Feature","properties":{"SUBDISTRICT":"Srirampur","STATE":"Telangana","shapeID":"7132399B3313413840756","source":"geoBoundaries gbOpen IND ADM3 (ODbL 1.0); source: Local Government Directory lgdirectory.gov.in via Pathways Data","DISTRICT":null,"ELEV_MEAN_M":196.5,"ELEV_MIN_M":159.0,"ELEV_MAX_M":353.0,"PCT_BELOW_5M":0.0,"PCT_BELOW_10M":0.0},"geometry":{"type":"Polygon","coordinates":[[[79.4377,18.5261],[79.4456,18.4921],[79.4744,18.4804],[79.4885,18.4456],[79.5647,18.4046],[79.5832,18.4026],[79.5797,18.4255],[79.5975,18.4546],[79.5959,18.512],[79.5809,18.5274],[79.5802,18.5503],[79.5641,18.5658],[79.5277,18.5723],[79.4845,18.5925],[79.4831,18.574],[79.4622,18.5393],[79.4455,18.5397],[79.4383,18.5321],[79.4377,18.5261]]]}},{"type":"Feature","properties":{"SUBDISTRICT":"Bodhan","STATE":"Telangana","shapeID":"7132399B71311281166348","source":"geoBoundaries gbOpen IND ADM3 (ODbL 1.0); source: Local Government Directory lgdirectory.gov.in via Pathways Data","DISTRICT":null,"ELEV_MEAN_M":358.1,"ELEV_MIN_M":332.0,"ELEV_MAX_M":424.0,"PCT_BELOW_5M":0.0,"PCT_BELOW_10M":0.0},"geometry":{"type":"Polygon","coordinates":[[[77.7319,18.6657],[77.737,18.6637],[77.7335,18.6443],[77.7398,18.6325],[77.7649,18.6337],[77.7818,18.6495],[77.8027,18.6506],[77.8408,18.608],[77.8786,18.6075],[77.9194,18.5611],[77.9565,18.6267],[77.9269,18.6603],[77.9392,18.7002],[77.9296,18.7167],[77.9094,18.7407],[77.8747,18.7475],[77.8789,18.7717],[77.8882,18.7859],[77.862,18.7927],[77.8632,18.8155],[77.8414,18.8089],[77.7903,18.6857],[77.7733,18.6921],[77.7682,18.7094],[77.7615,18.7086],[77.7533,18.6913],[77.7367,18.6775],[77.7319,18.6657]]]}},{"type":"Feature","properties":{"SUBDISTRICT":"Andole","STATE":"Telangana","shapeID":"7132399B21600085374298","source":"geoBoundaries gbOpen IND ADM3 (ODbL 1.0); source: Local Government Directory lgdirectory.gov.in via Pathways Data","DISTRICT":null,"ELEV_MEAN_M":508.9,"ELEV_MIN_M":473.0,"ELEV_MAX_M":566.0,"PCT_BELOW_5M":0.0,"PCT_BELOW_10M":0.0},"geometry":{"type":"Polygon","coordinates":[[[77.9436,17.8272],[77.9604,17.8166],[77.9652,17.7975],[77.9733,17.794],[77.9905,17.8],[78.007,17.7938],[78.0191,17.8039],[78.039,17.805],[78.0281,17.76],[78.0434,17.7633],[78.0513,17.7577],[78.0592,17.7745],[78.0754,17.7794],[78.1141,17.7671],[78.1084,17.7849],[78.1101,17.8087],[78.1003,17.8158],[78.0913,17.8358],[78.0923,17.8634],[78.074,17.8724],[78.0745,17.9147],[78.0647,17.9303],[78.0468,17.9116],[78.047,17.8918],[78.0327,17.8817],[78.0233,17.9043],[78.0151,17.9062],[78.006,17.8922],[77.9867,17.8875],[77.9804,17.8638],[77.9544,17.8635],[77.9441,17.8334],[77.9436,17.8272]]]}},{"type":"Feature","properties":{"SUBDISTRICT":"Gandeed","STATE":"Telangana","shapeID":"7132399B19719563746041","source":"geoBoundaries gbOpen IND ADM3 (ODbL 1.0); source: Local Government Directory lgdirectory.gov.in via Pathways Data","DISTRICT":null,"ELEV_MEAN_M":541.5,"ELEV_MIN_M":464.0,"ELEV_MAX_M":690.0,"PCT_BELOW_5M":0.0,"PCT_BELOW_10M":0.0},"geometry":{"type":"Polygon","coordinates":[[[77.7308,16.943],[77.7403,16.938],[77.7446,16.9127],[77.738,16.8808],[77.7584,16.8724],[77.7732,16.8786],[77.7954,16.8746],[77.8141,16.8895],[77.8213,16.8841],[77.8215,16.865],[77.8279,16.8612],[77.8586,16.8544],[77.8669,16.862],[77.8659,16.8533],[77.9098,16.8613],[77.9177,16.8503],[77.9295,16.8484],[77.9376,16.8616],[77.9545,16.8672],[77.9534,16.8772],[77.9332,16.9127],[77.9175,16.9283],[77.9014,16.9335],[77.9061,16.9653],[77.8966,16.9783],[77.8825,16.9541],[77.8721,16.9523],[77.86,16.9586],[77.83,16.9942],[77.7644,17.0033],[77.7577,16.9877],[77.7622,16.9777],[77.7427,16.9492],[77.7308,16.943]]]}},{"type":"Feature","properties":{"SUBDISTRICT":"Serilingampally","STATE":"Telangana","shapeID":"7132399B15830889351957","source":"geoBoundaries gbOpen IND ADM3 (ODbL 1.0); source: Local Government Directory lgdirectory.gov.in via Pathways Data","DISTRICT":null,"ELEV_MEAN_M":574.9,"ELEV_MIN_M":527.0,"ELEV_MAX_M":626.0,"PCT_BELOW_5M":0.0,"PCT_BELOW_10M":0.0},"geometry":{"type":"Polygon","coordinates":[[[78.286,17.4239],[78.2863,17.4167],[78.3063,17.4109],[78.342,17.4191],[78.3627,17.4088],[78.3836,17.4069],[78.4115,17.4333],[78.4488,17.4276],[78.4788,17.4731],[78.4912,17.4759],[78.5116,17.4543],[78.5226,17.4566],[78.5131,17.462],[78.5166,17.4907],[78.5045,17.5019],[78.5003,17.4812],[78.4733,17.4848],[78.4564,17.4574],[78.4394,17.4545],[78.4286,17.4663],[78.41,17.4541],[78.3986,17.4587],[78.3644,17.4935],[78.3712,17.5248],[78.3611,17.5272],[78.3356,17.5046],[78.297,17.4915],[78.3063,17.4655],[78.2887,17.4333],[78.286,17.4239]]]}},{"type":"Feature","properties":{"SUBDISTRICT":"Wanaparthy","STATE":"Telangana","shapeID":"7132399B96480609552114","source":"geoBoundaries gbOpen IND ADM3 (ODbL 1.0); source: Local Government Directory lgdirectory.gov.in via Pathways Data","DISTRICT":null,"ELEV_MEAN_M":398.3,"ELEV_MIN_M":324.0,"ELEV_MAX_M":595.0,"PCT_BELOW_5M":0.0,"PCT_BELOW_10M":0.0},"geometry":{"type":"Polygon","coordinates":[[[77.9475,16.2965],[77.9633,16.2799],[77.9866,16.2715],[77.9872,16.2566],[78.006,16.2408],[78.016,16.2411],[78.0245,16.2607],[78.0347,16.2648],[78.0706,16.2575],[78.0847,16.2899],[78.1087,16.2961],[78.1376,16.3267],[78.1143,16.3251],[78.1013,16.3427],[78.1029,16.3667],[78.0793,16.369],[78.1029,16.4103],[78.1303,16.4371],[78.126,16.4521],[78.1179,16.4545],[78.1031,16.4365],[78.0711,16.4167],[78.0694,16.4019],[78.0499,16.4111],[78.04,16.4079],[78.0322,16.3985],[78.0303,16.3679],[77.9809,16.3665],[77.993,16.3444],[77.994,16.3287],[77.9511,16.3048],[77.9475,16.2965]]]}},{"type":"Feature","properties":{"SUBDISTRICT":"Lingampet","STATE":"Telangana","shapeID":"7132399B34470521179676","source":"geoBoundaries gbOpen IND ADM3 (ODbL 1.0); source: Local Government Directory lgdirectory.gov.in via Pathways Data","DISTRICT":null,"ELEV_MEAN_M":493.5,"ELEV_MIN_M":435.0,"ELEV_MAX_M":670.0,"PCT_BELOW_5M":0.0,"PCT_BELOW_10M":0.0},"geometry":{"type":"Polygon","coordinates":[[[78.0197,18.3116],[78.0321,18.2837],[78.0311,18.2507],[78.0513,18.2373],[78.0711,18.2381],[78.0809,18.2311],[78.084,18.1817],[78.0999,18.1302],[78.1183,18.1151],[78.1263,18.1153],[78.1452,18.1553],[78.1536,18.1581],[78.152,18.1679],[78.1727,18.1565],[78.1763,18.1899],[78.1838,18.2043],[78.203,18.2193],[78.172,18.2929],[78.1693,18.3221],[78.1651,18.3279],[78.1327,18.312],[78.1142,18.2883],[78.0997,18.312],[78.0692,18.3093],[78.0525,18.3432],[78.0434,18.3473],[78.0348,18.3441],[78.0222,18.3133],[78.0197,18.3116]]]}},{"type":"Feature","properties":{"SUBDISTRICT":"Dharpally","STATE":"Telangana","shapeID":"7132399B39760832017536","source":"geoBoundaries gbOpen IND ADM3 (ODbL 1.0); source: Local Government Directory lgdirectory.gov.in via Pathways Data","DISTRICT":null,"ELEV_MEAN_M":412.8,"ELEV_MIN_M":361.0,"ELEV_MAX_M":592.0,"PCT_BELOW_5M":0.0,"PCT_BELOW_10M":0.0},"geometry":{"type":"Polygon","coordinates":[[[78.2469,18.5895],[78.2617,18.577],[78.2766,18.5911],[78.3197,18.5829],[78.3079,18.5245],[78.3227,18.5059],[78.3522,18.4981],[78.3755,18.5425],[78.3629,18.5431],[78.3644,18.5511],[78.3995,18.5673],[78.3966,18.5825],[78.3755,18.6079],[78.377,18.6249],[78.3984,18.6571],[78.3975,18.6644],[78.3674,18.6745],[78.358,18.6655],[78.3359,18.6755],[78.3251,18.6687],[78.3041,18.6701],[78.2681,18.6037],[78.2482,18.5957],[78.2469,18.5895]]]}},{"type":"Feature","properties":{"SUBDISTRICT":"Pudur","STATE":"Telangana","shapeID":"7132399B10783953656628","source":"geoBoundaries gbOpen IND ADM3 (ODbL 1.0); source: Local Government Directory lgdirectory.gov.in via Pathways Data","DISTRICT":null,"ELEV_MEAN_M":649.7,"ELEV_MIN_M":598.0,"ELEV_MAX_M":723.0,"PCT_BELOW_5M":0.0,"PCT_BELOW_10M":0.0},"geometry":{"type":"Polygon","coordinates":[[[77.9244,17.2481],[77.9324,17.237],[77.9474,17.2338],[77.9644,17.2201],[77.9684,17.1894],[77.9622,17.1766],[77.9946,17.1664],[78.0095,17.1394],[78.0279,17.1728],[78.0428,17.1772],[78.0554,17.1959],[78.0576,17.2437],[78.0412,17.3148],[78.0181,17.322],[78.004,17.3584],[77.9832,17.3403],[77.9678,17.3391],[77.9463,17.3],[77.9494,17.2834],[77.9412,17.2569],[77.9266,17.2496],[77.9244,17.2481]]]}},{"type":"Feature","properties":{"SUBDISTRICT":"Qutballapur","STATE":"Telangana","shapeID":"7132399B76412860398895","source":"geoBoundaries gbOpen IND ADM3 (ODbL 1.0); source: Local Government Directory lgdirectory.gov.in via Pathways Data","DISTRICT":null,"ELEV_MEAN_M":579.6,"ELEV_MIN_M":544.0,"ELEV_MAX_M":632.0,"PCT_BELOW_5M":0.0,"PCT_BELOW_10M":0.0},"geometry":{"type":"Polygon","coordinates":[[[78.3658,17.53],[78.3726,17.5236],[78.4276,17.512],[78.449,17.4805],[78.4733,17.4848],[78.5003,17.4812],[78.5031,17.5003],[78.4923,17.5266],[78.4739,17.5167],[78.428,17.5331],[78.4268,17.5601],[78.4012,17.561],[78.3906,17.5401],[78.373,17.5402],[78.3667,17.5326],[78.3658,17.53]]]}},{"type":"Feature","properties":{"SUBDISTRICT":"Gangadhara","STATE":"Telangana","shapeID":"7132399B33843169079816","source":"geoBoundaries gbOpen IND ADM3 (ODbL 1.0); source: Local Government Directory lgdirectory.gov.in via Pathways Data","DISTRICT":null,"ELEV_MEAN_M":335.0,"ELEV_MIN_M":287.0,"ELEV_MAX_M":465.0,"PCT_BELOW_5M":0.0,"PCT_BELOW_10M":0.0},"geometry":{"type":"MultiPolygon","coordinates":[[[[78.9523,18.546],[78.9593,18.5346],[78.959,18.5007],[78.9864,18.4763],[78.991,18.4549],[79.0382,18.4609],[79.0402,18.4957],[79.0261,18.5091],[79.0361,18.5483],[79.032,18.5622],[79.0467,18.5927],[79.0449,18.6355],[79.0301,18.6462],[79.0158,18.6442],[79.0058,18.6715],[78.9842,18.6552],[78.9597,18.6185],[78.9614,18.6037],[78.9875,18.5802],[78.9614,18.5702],[78.9526,18.551],[78.9523,18.546]]],[[[78.9808,18.4244],[78.9963,18.4064],[79.0201,18.4223],[78.9946,18.4385],[78.9825,18.4285],[78.9808,18.4244]]]]}},{"type":"Feature","properties":{"SUBDISTRICT":"Maganoor","STATE":"Telangana","shapeID":"7132399B1703115005836","source":"geoBoundaries gbOpen IND ADM3 (ODbL 1.0); source: Local Government Directory lgdirectory.gov.in via Pathways Data","DISTRICT":null,"ELEV_MEAN_M":353.3,"ELEV_MIN_M":323.0,"ELEV_MAX_M":439.0,"PCT_BELOW_5M":0.0,"PCT_BELOW_10M":0.0},"geometry":{"type":"Polygon","coordinates":[[[77.3704,16.4881],[77.3822,16.4628],[77.3993,16.4608],[77.4006,16.4395],[77.4146,16.4364],[77.4293,16.4219],[77.4596,16.4179],[77.4492,16.3796],[77.4859,16.3821],[77.528,16.369],[77.5419,16.4037],[77.507,16.4276],[77.5087,16.4607],[77.4588,16.462],[77.4601,16.4808],[77.4839,16.5468],[77.4728,16.5633],[77.4455,16.567],[77.4607,16.585],[77.441,16.5852],[77.4215,16.5679],[77.3956,16.5692],[77.4057,16.5508],[77.4199,16.548],[77.4195,16.5219],[77.3832,16.5148],[77.3732,16.5061],[77.3713,16.491],[77.3704,16.4881]]]}},{"type":"Feature","properties":{"SUBDISTRICT":"Bantwaram","STATE":"Telangana","shapeID":"7132399B56419292820269","source":"geoBoundaries gbOpen IND ADM3 (ODbL 1.0); source: Local Government Directory lgdirectory.gov.in via Pathways Data","DISTRICT":null,"ELEV_MEAN_M":585.7,"ELEV_MIN_M":534.0,"ELEV_MAX_M":686.0,"PCT_BELOW_5M":0.0,"PCT_BELOW_10M":0.0},"geometry":{"type":"Polygon","coordinates":[[[77.6639,17.4639],[77.6861,17.4537],[77.6904,17.4259],[77.7028,17.4029],[77.7228,17.3958],[77.7328,17.4095],[77.7699,17.4139],[77.7687,17.4211],[77.7519,17.4324],[77.7696,17.4295],[77.7839,17.441],[77.793,17.4623],[77.7888,17.4711],[77.7485,17.4807],[77.7364,17.4638],[77.6912,17.4946],[77.6882,17.476],[77.6691,17.4794],[77.6678,17.4715],[77.6639,17.4639]]]}},{"type":"Feature","properties":{"SUBDISTRICT":"Basheerabad","STATE":"Telangana","shapeID":"7132399B16048111811","source":"geoBoundaries gbOpen IND ADM3 (ODbL 1.0); source: Local Government Directory lgdirectory.gov.in via Pathways Data","DISTRICT":null,"ELEV_MEAN_M":454.0,"ELEV_MIN_M":416.0,"ELEV_MAX_M":551.0,"PCT_BELOW_5M":0.0,"PCT_BELOW_10M":0.0},"geometry":{"type":"Polygon","coordinates":[[[77.3636,17.1648],[77.3791,17.1519],[77.38,17.1411],[77.4026,17.1351],[77.4075,17.1265],[77.4273,17.1173],[77.4425,17.1179],[77.4666,17.1074],[77.4816,17.1194],[77.4856,17.1338],[77.4766,17.1427],[77.4791,17.1746],[77.5132,17.1737],[77.5395,17.1661],[77.5452,17.158],[77.5705,17.2151],[77.5544,17.2274],[77.5491,17.2714],[77.5126,17.2838],[77.4566,17.2897],[77.4583,17.279],[77.4263,17.2563],[77.4187,17.233],[77.4092,17.2405],[77.384,17.2229],[77.4025,17.2119],[77.3972,17.2101],[77.3952,17.1955],[77.3744,17.1932],[77.3686,17.1681],[77.3636,17.1648]]]}},{"type":"Feature","properties":{"SUBDISTRICT":"Marriguda","STATE":"Telangana","shapeID":"7132399B49688586889911","source":"geoBoundaries gbOpen IND ADM3 (ODbL 1.0); source: Local Government Directory lgdirectory.gov.in via Pathways Data","DISTRICT":null,"ELEV_MEAN_M":356.2,"ELEV_MIN_M":278.0,"ELEV_MAX_M":632.0,"PCT_BELOW_5M":0.0,"PCT_BELOW_10M":0.0},"geometry":{"type":"Polygon","coordinates":[[[78.7765,16.9773],[78.803,16.9696],[78.8142,16.9522],[78.8402,16.9457],[78.845,16.9341],[78.8702,16.9191],[78.9078,16.9065],[78.9204,16.9055],[78.9377,16.9276],[78.9515,16.9259],[78.9829,16.9475],[78.9849,16.9517],[78.9571,16.9676],[78.9587,16.9768],[78.9682,16.9826],[78.9956,16.9768],[78.9994,17.0029],[78.9825,17.0354],[78.9704,17.0433],[78.93,17.0462],[78.8896,17.0688],[78.8556,17.0792],[78.8462,17.0691],[78.8461,17.0518],[78.8385,17.0427],[78.8272,17.0402],[78.7993,17.0484],[78.7885,17.0386],[78.8201,17.0323],[78.8307,17.0178],[78.7976,16.9905],[78.7898,16.9734],[78.7765,16.9773]]]}},{"type":"Feature","properties":{"SUBDISTRICT":"Boath","STATE":"Telangana","shapeID":"7132399B95230966332975","source":"geoBoundaries gbOpen IND ADM3 (ODbL 1.0); source: Local Government Directory lgdirectory.gov.in via Pathways Data","DISTRICT":null,"ELEV_MEAN_M":480.4,"ELEV_MIN_M":382.0,"ELEV_MAX_M":661.0,"PCT_BELOW_5M":0.0,"PCT_BELOW_10M":0.0},"geometry":{"type":"Polygon","coordinates":[[[78.1841,19.354],[78.2016,19.3328],[78.2,19.3155],[78.2909,19.2503],[78.3086,19.2662],[78.3326,19.2694],[78.3438,19.2646],[78.3459,19.2783],[78.3601,19.2912],[78.3609,19.3049],[78.377,19.3075],[78.3829,19.327],[78.3994,19.3449],[78.3868,19.3826],[78.4102,19.3962],[78.3748,19.4043],[78.3456,19.429],[78.3042,19.4322],[78.2958,19.4498],[78.2778,19.4548],[78.2566,19.431],[78.2288,19.435],[78.2026,19.4084],[78.1866,19.4127],[78.192,19.3966],[78.1858,19.3618],[78.1841,19.354]]]}},{"type":"Feature","properties":{"SUBDISTRICT":"Domakonda","STATE":"Telangana","shapeID":"7132399B67467419401461","source":"geoBoundaries gbOpen IND ADM3 (ODbL 1.0); source: Local Government Directory lgdirectory.gov.in via Pathways Data","DISTRICT":null,"ELEV_MEAN_M":499.7,"ELEV_MIN_M":450.0,"ELEV_MAX_M":532.0,"PCT_BELOW_5M":0.0,"PCT_BELOW_10M":0.0},"geometry":{"type":"Polygon","coordinates":[[[78.3831,18.2996],[78.3878,18.2835],[78.4001,18.2726],[78.3965,18.2561],[78.4032,18.2365],[78.4325,18.216],[78.4708,18.2186],[78.4846,18.2354],[78.4746,18.243],[78.4767,18.2495],[78.5081,18.2493],[78.5139,18.2731],[78.5273,18.2921],[78.5069,18.29],[78.4858,18.2716],[78.4628,18.2702],[78.432,18.2842],[78.4146,18.303],[78.3862,18.3014],[78.3831,18.2996]]]}},{"type":"Feature","properties":{"SUBDISTRICT":"Narmetta","STATE":"Telangana","shapeID":"7132399B50580971996441","source":"geoBoundaries gbOpen IND ADM3 (ODbL 1.0); source: Local Government Directory lgdirectory.gov.in via Pathways Data","DISTRICT":null,"ELEV_MEAN_M":457.5,"ELEV_MIN_M":381.0,"ELEV_MAX_M":570.0,"PCT_BELOW_5M":0.0,"PCT_BELOW_10M":0.0},"geometry":{"type":"Polygon","coordinates":[[[79.127,17.8549],[79.1336,17.8453],[79.1301,17.8309],[79.141,17.8262],[79.1719,17.8585],[79.1928,17.8398],[79.2053,17.8433],[79.2206,17.8659],[79.2309,17.8691],[79.2572,17.8614],[79.2759,17.8695],[79.2619,17.8976],[79.2614,17.9145],[79.2341,17.9213],[79.2248,17.9109],[79.2011,17.9204],[79.1842,17.9167],[79.1404,17.9301],[79.14,17.921],[79.1529,17.9137],[79.1277,17.8835],[79.1298,17.868],[79.127,17.8549]]]}},{"type":"Feature","properties":{"SUBDISTRICT":"Parkal","STATE":"Telangana","shapeID":"7132399B57602109373988","source":"geoBoundaries gbOpen IND ADM3 (ODbL 1.0); source: Local Government Directory lgdirectory.gov.in via Pathways Data","DISTRICT":null,"ELEV_MEAN_M":215.8,"ELEV_MIN_M":192.0,"ELEV_MAX_M":355.0,"PCT_BELOW_5M":0.0,"PCT_BELOW_10M":0.0},"geometry":{"type":"Polygon","coordinates":[[[79.6536,18.1727],[79.6778,18.146],[79.6976,18.1363],[79.7279,18.1375],[79.7382,18.209],[79.7199,18.2163],[79.7018,18.2738],[79.6967,18.2614],[79.6802,18.2496],[79.6636,18.249],[79.661,18.228],[79.6753,18.2266],[79.6793,18.2018],[79.6762,18.1876],[79.6639,18.187],[79.6545,18.1741],[79.6536,18.1727]]]}},{"type":"Feature","properties":{"SUBDISTRICT":"Chegunta","STATE":"Telangana","shapeID":"7132399B86555098614225","source":"geoBoundaries gbOpen IND ADM3 (ODbL 1.0); source: Local Government Directory lgdirectory.gov.in via Pathways Data","DISTRICT":null,"ELEV_MEAN_M":546.9,"ELEV_MIN_M":493.0,"ELEV_MAX_M":636.0,"PCT_BELOW_5M":0.0,"PCT_BELOW_10M":0.0},"geometry":{"type":"Polygon","coordinates":[[[78.4276,17.9853],[78.4319,17.9501],[78.4744,17.9415],[78.4836,17.9307],[78.4647,17.9239],[78.4684,17.8919],[78.4914,17.8964],[78.5215,17.8861],[78.5279,17.9013],[78.5459,17.9072],[78.5333,17.9586],[78.5739,18.0116],[78.5855,18.0365],[78.5728,18.0754],[78.5566,18.065],[78.5149,18.0538],[78.4845,18.0263],[78.4727,18.0274],[78.4708,18.0112],[78.4845,18.0043],[78.4802,17.9986],[78.4745,17.9954],[78.4701,18.0018],[78.4503,17.9902],[78.4327,17.9973],[78.4301,17.9928],[78.4276,17.9853]]]}},{"type":"Feature","properties":{"SUBDISTRICT":"Govindaraopet","STATE":"Telangana","shapeID":"7132399B99564603299683","source":"geoBoundaries gbOpen IND ADM3 (ODbL 1.0); source: Local Government Directory lgdirectory.gov.in via Pathways Data","DISTRICT":null,"ELEV_MEAN_M":202.3,"ELEV_MIN_M":114.0,"ELEV_MAX_M":478.0,"PCT_BELOW_5M":0.0,"PCT_BELOW_10M":0.0},"geometry":{"type":"Polygon","coordinates":[[[80.0093,18.1936],[80.012,18.1885],[80.0349,18.1874],[80.0462,18.1775],[80.0301,18.1341],[80.0373,18.131],[80.0652,18.1447],[80.083,18.1464],[80.1008,18.1138],[80.1308,18.0791],[80.1597,18.1295],[80.1574,18.1362],[80.1361,18.1409],[80.1322,18.147],[80.1372,18.1935],[80.1551,18.1977],[80.1658,18.2299],[80.1944,18.236],[80.1719,18.2484],[80.1632,18.2703],[80.1535,18.2642],[80.1569,18.242],[80.1459,18.2309],[80.1054,18.2291],[80.0601,18.2377],[80.0494,18.2218],[80.0103,18.1974],[80.0093,18.1936]]]}},{"type":"Feature","properties":{"SUBDISTRICT":"Mulug","STATE":"Telangana","shapeID":"7132399B58274158314844","source":"geoBoundaries gbOpen IND ADM3 (ODbL 1.0); source: Local Government Directory lgdirectory.gov.in via Pathways Data","DISTRICT":null,"ELEV_MEAN_M":247.7,"ELEV_MIN_M":114.0,"ELEV_MAX_M":460.0,"PCT_BELOW_5M":0.0,"PCT_BELOW_10M":0.0},"geometry":{"type":"Polygon","coordinates":[[[79.8188,18.0981],[79.8623,18.0965],[79.8907,18.074],[79.9332,18.0883],[79.945,18.075],[79.9726,18.0915],[79.98,18.0309],[79.9922,18.0017],[80.0033,18.0112],[80.015,18.0522],[80.0146,18.1005],[80.0246,18.0832],[80.0457,18.0663],[80.1039,18.0775],[80.1324,18.0684],[80.1216,18.095],[80.1008,18.1138],[80.083,18.1464],[80.0652,18.1447],[80.0373,18.131],[80.0301,18.1341],[80.0462,18.1775],[80.0414,18.1845],[80.012,18.1885],[79.9673,18.2241],[79.9537,18.2214],[79.9328,18.2338],[79.9203,18.221],[79.9017,18.2192],[79.8848,18.1938],[79.86,18.1905],[79.8463,18.1979],[79.8341,18.1908],[79.8318,18.1537],[79.8432,18.1462],[79.8205,18.1096],[79.8188,18.0981]]]}},{"type":"Feature","properties":{"SUBDISTRICT":"Shaligouraram","STATE":"Telangana","shapeID":"7132399B42357935718816","source":"geoBoundaries gbOpen IND ADM3 (ODbL 1.0); source: Local Government Directory lgdirectory.gov.in via Pathways Data","DISTRICT":null,"ELEV_MEAN_M":230.4,"ELEV_MIN_M":200.0,"ELEV_MAX_M":273.0,"PCT_BELOW_5M":0.0,"PCT_BELOW_10M":0.0},"geometry":{"type":"Polygon","coordinates":[[[79.2976,17.3029],[79.3457,17.2651],[79.3481,17.2532],[79.37,17.2316],[79.3895,17.2511],[79.4138,17.2518],[79.435,17.2655],[79.4394,17.2807],[79.4506,17.2844],[79.4649,17.2788],[79.4799,17.2862],[79.4604,17.3359],[79.4398,17.3658],[79.356,17.3603],[79.3365,17.3444],[79.3206,17.3679],[79.3006,17.37],[79.3078,17.3158],[79.2994,17.3051],[79.2976,17.3029]]]}},{"type":"Feature","properties":{"SUBDISTRICT":"Kotapally","STATE":"Telangana","shapeID":"7132399B29711535188089","source":"geoBoundaries gbOpen IND ADM3 (ODbL 1.0); source: Local Government Directory lgdirectory.gov.in via Pathways Data","DISTRICT":null,"ELEV_MEAN_M":138.3,"ELEV_MIN_M":54.0,"ELEV_MAX_M":434.0,"PCT_BELOW_5M":0.0,"PCT_BELOW_10M":0.0},"geometry":{"type":"Polygon","coordinates":[[[79.6793,19.0119],[79.731,18.9701],[79.7577,18.9357],[79.776,18.9326],[79.7915,18.9409],[79.8362,18.8879],[79.8618,18.8721],[79.8698,18.8363],[79.891,18.8319],[79.9325,18.8414],[79.9403,18.8489],[79.9479,18.8812],[79.9479,18.9413],[79.9382,18.9784],[79.9414,19.0252],[79.9328,19.046],[79.9098,19.0514],[79.8664,19.038],[79.8679,19.0633],[79.8517,19.0621],[79.8326,19.0246],[79.8157,19.0172],[79.8019,19.035],[79.7847,19.0389],[79.7629,19.0599],[79.7646,19.075],[79.7588,19.0823],[79.7128,19.0692],[79.7022,19.0774],[79.6941,19.0623],[79.7082,19.0428],[79.6911,19.0292],[79.6793,19.0119]]]}},{"type":"Feature","properties":{"SUBDISTRICT":"Dharmapuri","STATE":"Telangana","shapeID":"7132399B14490113064044","source":"geoBoundaries gbOpen IND ADM3 (ODbL 1.0); source: Local Government Directory lgdirectory.gov.in via Pathways Data","DISTRICT":null,"ELEV_MEAN_M":191.4,"ELEV_MIN_M":140.0,"ELEV_MAX_M":460.0,"PCT_BELOW_5M":0.0,"PCT_BELOW_10M":0.0},"geometry":{"type":"Polygon","coordinates":[[[78.9893,18.9079],[78.9915,18.901],[79.0104,18.8983],[79.0339,18.9038],[79.0478,18.9181],[79.0771,18.9211],[79.0678,18.8897],[79.0721,18.8717],[79.0833,18.8748],[79.1011,18.9023],[79.1384,18.8906],[79.1343,18.8766],[79.1404,18.8782],[79.1502,18.857],[79.1661,18.8699],[79.1786,18.8912],[79.1117,18.9539],[79.1066,18.9773],[79.0923,18.9919],[79.0698,19.0343],[79.0069,19.0664],[79.0108,19.0056],[79.0156,19.0031],[79.0059,18.9684],[79.0121,18.9317],[79.0083,18.9219],[78.9909,18.9119],[78.9893,18.9079]]]}},{"type":"Feature","properties":{"SUBDISTRICT":"Mahabubnagar Urban","STATE":"Telangana","shapeID":"7132399B31650954729648","source":"geoBoundaries gbOpen IND ADM3 (ODbL 1.0); source: Local Government Directory lgdirectory.gov.in via Pathways Data","DISTRICT":null,"ELEV_MEAN_M":531.5,"ELEV_MIN_M":457.0,"ELEV_MAX_M":675.0,"PCT_BELOW_5M":0.0,"PCT_BELOW_10M":0.0},"geometry":{"type":"MultiPolygon","coordinates":[[[[77.9336,16.7419],[77.9647,16.7162],[78.0021,16.7077],[78.0288,16.7118],[78.0314,16.7406],[78.037,16.7436],[78.0556,16.7248],[78.0697,16.7254],[78.089,16.7423],[78.0628,16.7865],[77.9756,16.8067],[77.9552,16.7843],[77.9576,16.7676],[77.9478,16.7673],[77.9517,16.7614],[77.9349,16.7453],[77.9336,16.7419]]],[[[77.9725,16.8498],[77.9761,16.8406],[77.9934,16.85],[77.9908,16.8736],[77.9778,16.8499],[77.9725,16.8498]]]]}},{"type":"Feature","properties":{"SUBDISTRICT":"Itikyala","STATE":"Telangana","shapeID":"7132399B67603078507484","source":"geoBoundaries gbOpen IND ADM3 (ODbL 1.0); source: Local Government Directory lgdirectory.gov.in via Pathways Data","DISTRICT":null,"ELEV_MEAN_M":312.8,"ELEV_MIN_M":265.0,"ELEV_MAX_M":351.0,"PCT_BELOW_5M":0.0,"PCT_BELOW_10M":0.0},"geometry":{"type":"Polygon","coordinates":[[[77.753,16.0094],[77.8033,16.0024],[77.8578,16.0138],[77.8921,15.9736],[77.9201,16.0143],[77.9508,16.0203],[77.98,16.0714],[77.9821,16.0814],[77.9439,16.1179],[77.9332,16.1518],[77.9059,16.1718],[77.8962,16.1685],[77.882,16.1505],[77.8565,16.1375],[77.8408,16.1371],[77.8192,16.1229],[77.8091,16.1001],[77.8136,16.0887],[77.811,16.0835],[77.7952,16.0874],[77.7872,16.0477],[77.7565,16.0498],[77.7555,16.0205],[77.753,16.0094]]]}},{"type":"Feature","properties":{"SUBDISTRICT":"Bahadurpura","STATE":"Telangana","shapeID":"7132399B70561240619532","source":"geoBoundaries gbOpen IND ADM3 (ODbL 1.0); source: Local Government Directory lgdirectory.gov.in via Pathways Data","DISTRICT":null,"ELEV_MEAN_M":515.9,"ELEV_MIN_M":493.0,"ELEV_MAX_M":584.0,"PCT_BELOW_5M":0.0,"PCT_BELOW_10M":0.0},"geometry":{"type":"Polygon","coordinates":[[[78.4352,17.3451],[78.4502,17.3458],[78.4492,17.3346],[78.4606,17.3482],[78.4682,17.347],[78.4618,17.3258],[78.4726,17.327],[78.475,17.3368],[78.488,17.3459],[78.4829,17.3501],[78.4935,17.3649],[78.4926,17.3738],[78.4525,17.3557],[78.4458,17.3627],[78.4418,17.3561],[78.4352,17.3451]]]}},{"type":"Feature","properties":{"SUBDISTRICT":"Eturunagaram","STATE":"Telangana","shapeID":"7132399B65190065122296","source":"geoBoundaries gbOpen IND ADM3 (ODbL 1.0); source: Local Government Directory lgdirectory.gov.in via Pathways Data","DISTRICT":null,"ELEV_MEAN_M":132.2,"ELEV_MIN_M":64.0,"ELEV_MAX_M":438.0,"PCT_BELOW_5M":0.0,"PCT_BELOW_10M":0.0},"geometry":{"type":"Polygon","coordinates":[[[80.2301,18.2382],[80.2371,18.2253],[80.2624,18.2447],[80.2777,18.2394],[80.2816,18.229],[80.2725,18.2108],[80.2797,18.2018],[80.2946,18.2047],[80.3085,18.218],[80.3578,18.2092],[80.4277,18.3196],[80.4675,18.3552],[80.4751,18.3769],[80.4729,18.3895],[80.4585,18.4006],[80.4666,18.4377],[80.4626,18.4513],[80.4411,18.4605],[80.4045,18.4584],[80.3889,18.4645],[80.3771,18.4397],[80.4185,18.4331],[80.419,18.4273],[80.3772,18.4276],[80.3601,18.4123],[80.3363,18.4366],[80.33,18.4327],[80.3312,18.4207],[80.3064,18.4191],[80.2962,18.4027],[80.2728,18.4015],[80.2815,18.3713],[80.2714,18.3783],[80.266,18.3928],[80.2512,18.3936],[80.2443,18.3873],[80.2552,18.3368],[80.2502,18.3302],[80.2392,18.3324],[80.2447,18.3255],[80.2317,18.2576],[80.2301,18.2382]]]}},{"type":"Feature","properties":{"SUBDISTRICT":"Yerrupalem","STATE":"Telangana","shapeID":"7132399B15893940938190","source":"geoBoundaries gbOpen IND ADM3 (ODbL 1.0); source: Local Government Directory lgdirectory.gov.in via Pathways Data","DISTRICT":null,"ELEV_MEAN_M":102.4,"ELEV_MIN_M":45.0,"ELEV_MAX_M":467.0,"PCT_BELOW_5M":0.0,"PCT_BELOW_10M":0.0},"geometry":{"type":"Polygon","coordinates":[[[80.4316,16.8374],[80.4614,16.8234],[80.4652,16.7982],[80.5199,16.7783],[80.5717,16.7712],[80.613,16.7962],[80.5947,16.815],[80.5649,16.8267],[80.5635,16.8331],[80.5728,16.8508],[80.5738,16.8773],[80.5956,16.8822],[80.5901,16.905],[80.5979,16.9249],[80.593,16.9347],[80.5783,16.935],[80.5405,16.9582],[80.5294,16.9444],[80.5,16.9561],[80.4966,16.9255],[80.4645,16.9441],[80.4402,16.9073],[80.4339,16.8726],[80.4467,16.8539],[80.4316,16.8374]]]}},{"type":"Feature","properties":{"SUBDISTRICT":"Patancheru","STATE":"Telangana","shapeID":"7132399B96480039157441","source":"geoBoundaries gbOpen IND ADM3 (ODbL 1.0); source: Local Government Directory lgdirectory.gov.in via Pathways Data","DISTRICT":null,"ELEV_MEAN_M":540.8,"ELEV_MIN_M":508.0,"ELEV_MAX_M":610.0,"PCT_BELOW_5M":0.0,"PCT_BELOW_10M":0.0},"geometry":{"type":"Polygon","coordinates":[[[78.1364,17.4878],[78.1477,17.4814],[78.1456,17.4727],[78.1671,17.4632],[78.1943,17.4797],[78.1886,17.4901],[78.2422,17.4818],[78.2567,17.495],[78.2616,17.5243],[78.2524,17.5313],[78.2616,17.5381],[78.2575,17.5508],[78.2657,17.5576],[78.2584,17.562],[78.2576,17.583],[78.2465,17.5933],[78.2119,17.6063],[78.1531,17.5854],[78.1407,17.5722],[78.1459,17.5509],[78.1672,17.5487],[78.1665,17.5241],[78.1364,17.49],[78.1364,17.4878]]]}},{"type":"Feature","properties":{"SUBDISTRICT":"Rayaparthy","STATE":"Telangana","shapeID":"7132399B83809590968269","source":"geoBoundaries gbOpen IND ADM3 (ODbL 1.0); source: Local Government Directory lgdirectory.gov.in via Pathways Data","DISTRICT":null,"ELEV_MEAN_M":253.6,"ELEV_MIN_M":218.0,"ELEV_MAX_M":384.0,"PCT_BELOW_5M":0.0,"PCT_BELOW_10M":0.0},"geometry":{"type":"Polygon","coordinates":[[[79.4905,17.7249],[79.4992,17.6853],[79.5232,17.681],[79.5262,17.6557],[79.5472,17.6507],[79.5622,17.6377],[79.595,17.6515],[79.6091,17.6502],[79.6218,17.6397],[79.6438,17.6478],[79.6489,17.6602],[79.6709,17.6796],[79.674,17.7127],[79.6858,17.7457],[79.683,17.7551],[79.641,17.7671],[79.639,17.7408],[79.6315,17.7358],[79.5876,17.7453],[79.5857,17.752],[79.56,17.7416],[79.5408,17.7432],[79.5366,17.7349],[79.5414,17.7259],[79.5308,17.717],[79.5229,17.7162],[79.5051,17.7311],[79.4993,17.7271],[79.4905,17.7249]]]}},{"type":"Feature","properties":{"SUBDISTRICT":"Maheshwaram","STATE":"Telangana","shapeID":"7132399B59225532338015","source":"geoBoundaries gbOpen IND ADM3 (ODbL 1.0); source: Local Government Directory lgdirectory.gov.in via Pathways Data","DISTRICT":null,"ELEV_MEAN_M":613.2,"ELEV_MIN_M":559.0,"ELEV_MAX_M":673.0,"PCT_BELOW_5M":0.0,"PCT_BELOW_10M":0.0},"geometry":{"type":"Polygon","coordinates":[[[78.3078,17.1506],[78.3398,17.1205],[78.354,17.0916],[78.3672,17.0852],[78.3592,17.08],[78.3506,17.0829],[78.3504,17.0747],[78.3659,17.0694],[78.3737,17.0575],[78.3969,17.0991],[78.4239,17.1133],[78.4524,17.0969],[78.4706,17.107],[78.4685,17.1485],[78.4744,17.171],[78.503,17.175],[78.5257,17.2182],[78.5234,17.2255],[78.5014,17.2168],[78.499,17.2326],[78.477,17.2263],[78.4634,17.2381],[78.4233,17.2274],[78.4206,17.2094],[78.4051,17.1922],[78.3469,17.2117],[78.3104,17.1733],[78.3098,17.1627],[78.3078,17.1506]]]}},{"type":"Feature","properties":{"SUBDISTRICT":"Konijerla","STATE":"Telangana","shapeID":"7132399B95103003921451","source":"geoBoundaries gbOpen IND ADM3 (ODbL 1.0); source: Local Government Directory lgdirectory.gov.in via Pathways Data","DISTRICT":null,"ELEV_MEAN_M":119.4,"ELEV_MIN_M":88.0,"ELEV_MAX_M":359.0,"PCT_BELOW_5M":0.0,"PCT_BELOW_10M":0.0},"geometry":{"type":"Polygon","coordinates":[[[80.2301,17.2321],[80.2469,17.2163],[80.2496,17.1713],[80.2581,17.1594],[80.2912,17.1516],[80.3145,17.1244],[80.3434,17.1524],[80.3473,17.1837],[80.3588,17.1955],[80.3597,17.2279],[80.3778,17.2435],[80.3791,17.2818],[80.36,17.3294],[80.3507,17.3436],[80.2656,17.2701],[80.2484,17.2726],[80.2478,17.2508],[80.2408,17.2378],[80.2301,17.2321]]]}},{"type":"Feature","properties":{"SUBDISTRICT":"Devarakadra","STATE":"Telangana","shapeID":"7132399B55869268362574","source":"geoBoundaries gbOpen IND ADM3 (ODbL 1.0); source: Local Government Directory lgdirectory.gov.in via Pathways Data","DISTRICT":null,"ELEV_MEAN_M":393.0,"ELEV_MIN_M":333.0,"ELEV_MAX_M":621.0,"PCT_BELOW_5M":0.0,"PCT_BELOW_10M":0.0},"geometry":{"type":"Polygon","coordinates":[[[77.7608,16.6952],[77.7663,16.6685],[77.7895,16.6407],[77.7986,16.6196],[77.8069,16.5545],[77.8226,16.5596],[77.8258,16.5269],[77.8212,16.5056],[77.8452,16.483],[77.8664,16.4461],[77.9291,16.4373],[77.926,16.4594],[77.899,16.4756],[77.8998,16.5218],[77.8712,16.5327],[77.8578,16.5604],[77.8621,16.5698],[77.8853,16.5694],[77.892,16.593],[77.9078,16.5966],[77.9227,16.6138],[77.9146,16.6449],[77.8837,16.6455],[77.8518,16.6692],[77.8334,16.7071],[77.835,16.7258],[77.8266,16.7338],[77.8018,16.7411],[77.7947,16.7373],[77.773,16.7179],[77.7642,16.6939],[77.7608,16.6952]]]}},{"type":"Feature","properties":{"SUBDISTRICT":"Thalakondapally","STATE":"Telangana","shapeID":"7132399B60413854034772","source":"geoBoundaries gbOpen IND ADM3 (ODbL 1.0); source: Local Government Directory lgdirectory.gov.in via Pathways Data","DISTRICT":null,"ELEV_MEAN_M":571.2,"ELEV_MIN_M":514.0,"ELEV_MAX_M":659.0,"PCT_BELOW_5M":0.0,"PCT_BELOW_10M":0.0},"geometry":{"type":"Polygon","coordinates":[[[78.3047,16.8576],[78.3049,16.8518],[78.322,16.8407],[78.3267,16.8133],[78.3327,16.8095],[78.3548,16.816],[78.369,16.805],[78.3858,16.8241],[78.3959,16.8239],[78.4098,16.8491],[78.4311,16.862],[78.4287,16.8354],[78.4199,16.8189],[78.4354,16.8056],[78.4595,16.8003],[78.4561,16.8078],[78.4797,16.8521],[78.482,16.9068],[78.4886,16.9259],[78.4812,16.9342],[78.4817,16.9444],[78.4304,16.9495],[78.4354,16.9759],[78.4027,16.9758],[78.3772,16.9845],[78.344,16.9394],[78.3657,16.925],[78.3629,16.9058],[78.3174,16.9063],[78.313,16.8955],[78.3178,16.875],[78.3114,16.8679],[78.3047,16.8576]]]}},{"type":"Feature","properties":{"SUBDISTRICT":"Madhira","STATE":"Telangana","shapeID":"7132399B90173744747629","source":"geoBoundaries gbOpen IND ADM3 (ODbL 1.0); source: Local Government Directory lgdirectory.gov.in via Pathways Data","DISTRICT":null,"ELEV_MEAN_M":61.8,"ELEV_MIN_M":40.0,"ELEV_MAX_M":159.0,"PCT_BELOW_5M":0.0,"PCT_BELOW_10M":0.0},"geometry":{"type":"Polygon","coordinates":[[[80.3164,16.9315],[80.3279,16.8788],[80.346,16.875],[80.3436,16.8636],[80.3673,16.8628],[80.3846,16.8187],[80.3881,16.8276],[80.4079,16.8396],[80.4084,16.8577],[80.4274,16.8504],[80.4316,16.8374],[80.4467,16.8539],[80.4339,16.8726],[80.4402,16.9073],[80.4645,16.9441],[80.3668,16.9783],[80.3783,16.9907],[80.3798,17.0035],[80.3951,17.0106],[80.3973,17.0217],[80.3864,17.031],[80.3755,17.0641],[80.3573,17.0368],[80.3376,16.9398],[80.3164,16.9315]]]}},{"type":"Feature","properties":{"SUBDISTRICT":"Balkonda","STATE":"Telangana","shapeID":"7132399B48637744047933","source":"geoBoundaries gbOpen IND ADM3 (ODbL 1.0); source: Local Government Directory lgdirectory.gov.in via Pathways Data","DISTRICT":null,"ELEV_MEAN_M":344.3,"ELEV_MIN_M":328.0,"ELEV_MAX_M":412.0,"PCT_BELOW_5M":0.0,"PCT_BELOW_10M":0.0},"geometry":{"type":"Polygon","coordinates":[[[78.2729,18.9346],[78.293,18.9236],[78.2896,18.9103],[78.3022,18.8576],[78.322,18.8251],[78.3384,18.8188],[78.3509,18.8393],[78.3767,18.8331],[78.3867,18.8424],[78.3861,18.8622],[78.3714,18.8716],[78.3489,18.8711],[78.3506,18.8832],[78.3421,18.8871],[78.3456,18.9012],[78.3352,18.9115],[78.3368,18.933],[78.3232,18.9552],[78.2894,18.9425],[78.2816,18.9452],[78.2758,18.9384],[78.2729,18.9346]]]}},{"type":"Feature","properties":{"SUBDISTRICT":"Kalher","STATE":"Telangana","shapeID":"7132399B73258997960186","source":"geoBoundaries gbOpen IND ADM3 (ODbL 1.0); source: Local Government Directory lgdirectory.gov.in via Pathways Data","DISTRICT":null,"ELEV_MEAN_M":444.2,"ELEV_MIN_M":403.0,"ELEV_MAX_M":508.0,"PCT_BELOW_5M":0.0,"PCT_BELOW_10M":0.0},"geometry":{"type":"Polygon","coordinates":[[[77.7718,18.1642],[77.7871,18.1608],[77.7886,18.1495],[77.7981,18.144],[77.796,18.1077],[77.8203,18.0868],[77.8763,18.0954],[77.8775,18.1281],[77.8839,18.135],[77.8949,18.139],[77.904,18.1316],[77.9312,18.1409],[77.93,18.1544],[77.9206,18.1527],[77.9244,18.1487],[77.9138,18.1404],[77.8975,18.1603],[77.9069,18.1687],[77.9058,18.1941],[77.8716,18.1912],[77.8655,18.1931],[77.867,18.2031],[77.855,18.2073],[77.8293,18.1963],[77.7963,18.2054],[77.7823,18.2007],[77.7723,18.1651],[77.7718,18.1642]]]}},{"type":"Feature","properties":{"SUBDISTRICT":"Dubbak","STATE":"Telangana","shapeID":"7132399B74164258548407","source":"geoBoundaries gbOpen IND ADM3 (ODbL 1.0); source: Local Government Directory lgdirectory.gov.in via Pathways Data","DISTRICT":null,"ELEV_MEAN_M":499.0,"ELEV_MIN_M":450.0,"ELEV_MAX_M":576.0,"PCT_BELOW_5M":0.0,"PCT_BELOW_10M":0.0},"geometry":{"type":"Polygon","coordinates":[[[78.5429,18.1314],[78.5455,18.1205],[78.5772,18.1146],[78.5932,18.1565],[78.6126,18.1258],[78.6474,18.1361],[78.652,18.1284],[78.6716,18.1228],[78.6848,18.1356],[78.7056,18.1299],[78.7144,18.108],[78.7317,18.1077],[78.7379,18.1359],[78.7548,18.1403],[78.7519,18.1677],[78.713,18.1815],[78.7218,18.1965],[78.7225,18.2182],[78.7299,18.2223],[78.7274,18.2328],[78.6981,18.2312],[78.6635,18.249],[78.6309,18.2513],[78.6025,18.2499],[78.5776,18.2247],[78.5686,18.2298],[78.5685,18.1882],[78.5785,18.1715],[78.5505,18.1434],[78.5429,18.1314]]]}},{"type":"Feature","properties":{"SUBDISTRICT":"Nyalkal","STATE":"Telangana","shapeID":"7132399B548644899750","source":"geoBoundaries gbOpen IND ADM3 (ODbL 1.0); source: Local Government Directory lgdirectory.gov.in via Pathways Data","DISTRICT":null,"ELEV_MEAN_M":593.6,"ELEV_MIN_M":509.0,"ELEV_MAX_M":669.0,"PCT_BELOW_5M":0.0,"PCT_BELOW_10M":0.0},"geometry":{"type":"Polygon","coordinates":[[[77.5081,17.7851],[77.5267,17.7821],[77.5582,17.7638],[77.5698,17.7667],[77.5658,17.7497],[77.636,17.7461],[77.641,17.7875],[77.6764,17.8016],[77.6829,17.7989],[77.6894,17.8143],[77.7085,17.8186],[77.7243,17.8321],[77.7169,17.847],[77.7017,17.8483],[77.6966,17.8592],[77.6793,17.8676],[77.7036,17.8797],[77.7225,17.9129],[77.7093,17.9331],[77.7151,17.9528],[77.7,17.957],[77.6642,17.9471],[77.6652,17.9659],[77.6573,17.9717],[77.6481,17.9651],[77.6479,17.9488],[77.6357,17.9559],[77.6336,17.9653],[77.6276,17.9601],[77.6327,17.9509],[77.6206,17.9405],[77.6204,17.9053],[77.589,17.9106],[77.5868,17.9008],[77.6005,17.8729],[77.5765,17.8752],[77.5535,17.8205],[77.5485,17.8195],[77.5474,17.8287],[77.5297,17.8293],[77.5298,17.8142],[77.5145,17.8039],[77.5099,17.7922],[77.5081,17.7851]]]}},{"type":"Feature","properties":{"SUBDISTRICT":"Metpalli","STATE":"Telangana","shapeID":"7132399B96039595315285","source":"geoBoundaries gbOpen IND ADM3 (ODbL 1.0); source: Local Government Directory lgdirectory.gov.in via Pathways Data","DISTRICT":null,"ELEV_MEAN_M":324.9,"ELEV_MIN_M":283.0,"ELEV_MAX_M":492.0,"PCT_BELOW_5M":0.0,"PCT_BELOW_10M":0.0},"geometry":{"type":"Polygon","coordinates":[[[78.5587,18.8023],[78.5682,18.7853],[78.5609,18.7637],[78.5751,18.7454],[78.5937,18.7356],[78.6289,18.7356],[78.6423,18.7582],[78.6726,18.7638],[78.6827,18.7852],[78.6469,18.7964],[78.6546,18.813],[78.6803,18.8137],[78.687,18.8192],[78.6861,18.8378],[78.6688,18.8702],[78.643,18.8895],[78.635,18.8825],[78.6007,18.877],[78.6014,18.8526],[78.592,18.8415],[78.5894,18.824],[78.573,18.8093],[78.5587,18.8023]]]}},{"type":"Feature","properties":{"SUBDISTRICT":"Pegadapalli","STATE":"Telangana","shapeID":"7132399B39236119585429","source":"geoBoundaries gbOpen IND ADM3 (ODbL 1.0); source: Local Government Directory lgdirectory.gov.in via Pathways Data","DISTRICT":null,"ELEV_MEAN_M":275.6,"ELEV_MIN_M":211.0,"ELEV_MAX_M":464.0,"PCT_BELOW_5M":0.0,"PCT_BELOW_10M":0.0},"geometry":{"type":"Polygon","coordinates":[[[79.0058,18.6715],[79.0158,18.6442],[79.0301,18.6462],[79.0508,18.6347],[79.0673,18.6559],[79.089,18.6394],[79.1038,18.6427],[79.117,18.658],[79.1097,18.6922],[79.1231,18.7013],[79.1256,18.7112],[79.1391,18.7174],[79.1067,18.7552],[79.1041,18.7673],[79.0896,18.7753],[79.0613,18.7671],[79.0475,18.7524],[79.0391,18.7575],[79.0329,18.7377],[79.013,18.7429],[79.0083,18.6745],[79.0058,18.6715]]]}},{"type":"Feature","properties":{"SUBDISTRICT":"Dharoor","STATE":"Telangana","shapeID":"7132399B1745772435076","source":"geoBoundaries gbOpen IND ADM3 (ODbL 1.0); source: Local Government Directory lgdirectory.gov.in via Pathways Data","DISTRICT":null,"ELEV_MEAN_M":361.2,"ELEV_MIN_M":303.0,"ELEV_MAX_M":519.0,"PCT_BELOW_5M":0.0,"PCT_BELOW_10M":0.0},"geometry":{"type":"Polygon","coordinates":[[[77.4922,16.2543],[77.4934,16.2289],[77.5155,16.2279],[77.5159,16.2218],[77.5,16.2176],[77.4984,16.2107],[77.5368,16.2181],[77.556,16.231],[77.594,16.2007],[77.612,16.2093],[77.6484,16.1956],[77.6468,16.169],[77.6735,16.1626],[77.6798,16.1957],[77.6997,16.1979],[77.7136,16.209],[77.7259,16.2066],[77.7309,16.2145],[77.7333,16.2574],[77.7504,16.2859],[77.754,16.3081],[77.7309,16.3245],[77.696,16.3402],[77.6414,16.3475],[77.5914,16.325],[77.5951,16.2914],[77.5855,16.2907],[77.5698,16.3023],[77.5479,16.2916],[77.5385,16.2672],[77.5178,16.2752],[77.5059,16.2723],[77.503,16.2619],[77.4922,16.2543]]]}},{"type":"Feature","properties":{"SUBDISTRICT":"Morthad","STATE":"Telangana","shapeID":"7132399B77295536704906","source":"geoBoundaries gbOpen IND ADM3 (ODbL 1.0); source: Local Government Directory lgdirectory.gov.in via Pathways Data","DISTRICT":null,"ELEV_MEAN_M":332.2,"ELEV_MIN_M":310.0,"ELEV_MAX_M":403.0,"PCT_BELOW_5M":0.0,"PCT_BELOW_10M":0.0},"geometry":{"type":"Polygon","coordinates":[[[78.3843,18.857],[78.3855,18.8461],[78.3946,18.8522],[78.4003,18.8484],[78.3994,18.834],[78.3857,18.8234],[78.4092,18.8178],[78.422,18.7536],[78.4605,18.7579],[78.4816,18.7873],[78.4963,18.7958],[78.4803,18.8336],[78.4773,18.8736],[78.4819,18.8876],[78.47,18.8889],[78.4433,18.8695],[78.433,18.8684],[78.4282,18.8685],[78.4306,18.8856],[78.4224,18.8864],[78.395,18.8757],[78.3853,18.8616],[78.3843,18.857]]]}},{"type":"Feature","properties":{"SUBDISTRICT":"Ramayampet","STATE":"Telangana","shapeID":"7132399B9774642226516","source":"geoBoundaries gbOpen IND ADM3 (ODbL 1.0); source: Local Government Directory lgdirectory.gov.in via Pathways Data","DISTRICT":null,"ELEV_MEAN_M":560.2,"ELEV_MIN_M":500.0,"ELEV_MAX_M":653.0,"PCT_BELOW_5M":0.0,"PCT_BELOW_10M":0.0},"geometry":{"type":"Polygon","coordinates":[[[78.3014,18.1696],[78.3145,18.1435],[78.3499,18.1306],[78.3609,18.0812],[78.3878,18.0729],[78.4173,18.0981],[78.458,18.0857],[78.466,18.0604],[78.453,18.0358],[78.4623,18.0279],[78.4845,18.0263],[78.5206,18.0569],[78.5149,18.0711],[78.4886,18.0813],[78.5036,18.1138],[78.4879,18.1145],[78.4925,18.1218],[78.4854,18.1313],[78.456,18.1328],[78.4415,18.1665],[78.4278,18.1581],[78.4245,18.1424],[78.4146,18.1326],[78.3952,18.1313],[78.3886,18.1246],[78.3678,18.1509],[78.3599,18.1723],[78.3266,18.2001],[78.309,18.1762],[78.3014,18.1696]]]}},{"type":"Feature","properties":{"SUBDISTRICT":"Kodangal","STATE":"Telangana","shapeID":"7132399B5021602914599","source":"geoBoundaries gbOpen IND ADM3 (ODbL 1.0); source: Local Government Directory lgdirectory.gov.in via Pathways Data","DISTRICT":null,"ELEV_MEAN_M":551.4,"ELEV_MIN_M":479.0,"ELEV_MAX_M":622.0,"PCT_BELOW_5M":0.0,"PCT_BELOW_10M":0.0},"geometry":{"type":"Polygon","coordinates":[[[77.4642,17.0962],[77.4809,17.0796],[77.4821,17.0644],[77.4963,17.0406],[77.506,17.0419],[77.5255,17.0261],[77.5304,17.0514],[77.5604,17.0666],[77.5815,17.0621],[77.5887,17.0331],[77.6294,17.0394],[77.645,17.0247],[77.6609,17.0365],[77.6633,17.0562],[77.6853,17.0788],[77.6515,17.0894],[77.6508,17.1019],[77.6283,17.1359],[77.6092,17.1491],[77.5893,17.1504],[77.5802,17.1301],[77.5521,17.1402],[77.5395,17.1661],[77.5132,17.1737],[77.4791,17.1746],[77.4766,17.1427],[77.4856,17.1338],[77.4816,17.1194],[77.4666,17.1074],[77.4642,17.0962]]]}},{"type":"Feature","properties":{"SUBDISTRICT":"Tripuraram","STATE":"Telangana","shapeID":"7132399B4659273444596","source":"geoBoundaries gbOpen IND ADM3 (ODbL 1.0); source: Local Government Directory lgdirectory.gov.in via Pathways Data","DISTRICT":null,"ELEV_MEAN_M":146.0,"ELEV_MIN_M":102.0,"ELEV_MAX_M":181.0,"PCT_BELOW_5M":0.0,"PCT_BELOW_10M":0.0},"geometry":{"type":"Polygon","coordinates":[[[79.3977,16.8866],[79.4,16.8799],[79.4299,16.8766],[79.4636,16.8365],[79.4589,16.7828],[79.4754,16.7444],[79.5053,16.7403],[79.5164,16.7452],[79.5242,16.7771],[79.5543,16.7908],[79.5417,16.7976],[79.5301,16.8246],[79.5177,16.8184],[79.5106,16.7966],[79.4923,16.8035],[79.4941,16.8321],[79.4836,16.8561],[79.5037,16.9461],[79.4616,16.9564],[79.4522,16.9699],[79.4423,16.9554],[79.4191,16.9554],[79.4058,16.9303],[79.4084,16.9036],[79.3978,16.8874],[79.3977,16.8866]]]}},{"type":"Feature","properties":{"SUBDISTRICT":"Eligaid","STATE":"Telangana","shapeID":"7132399B8767695835255","source":"geoBoundaries gbOpen IND ADM3 (ODbL 1.0); source: Local Government Directory lgdirectory.gov.in via Pathways Data","DISTRICT":null,"ELEV_MEAN_M":257.8,"ELEV_MIN_M":229.0,"ELEV_MAX_M":335.0,"PCT_BELOW_5M":0.0,"PCT_BELOW_10M":0.0},"geometry":{"type":"Polygon","coordinates":[[[79.2099,18.5253],[79.2229,18.5109],[79.2391,18.5118],[79.2481,18.5022],[79.2734,18.5035],[79.2816,18.5096],[79.2893,18.5351],[79.3158,18.5426],[79.3043,18.5784],[79.3211,18.604],[79.3093,18.6148],[79.3043,18.6029],[79.2933,18.5966],[79.2457,18.6067],[79.242,18.5782],[79.218,18.5599],[79.2118,18.5263],[79.2099,18.5253]]]}},{"type":"Feature","properties":{"SUBDISTRICT":"Medipalli","STATE":"Telangana","shapeID":"7132399B28205868425375","source":"geoBoundaries gbOpen IND ADM3 (ODbL 1.0); source: Local Government Directory lgdirectory.gov.in via Pathways Data","DISTRICT":null,"ELEV_MEAN_M":360.5,"ELEV_MIN_M":258.0,"ELEV_MAX_M":591.0,"PCT_BELOW_5M":0.0,"PCT_BELOW_10M":0.0},"geometry":{"type":"Polygon","coordinates":[[[78.7338,18.7453],[78.7423,18.7248],[78.7414,18.7098],[78.7555,18.6908],[78.7569,18.6664],[78.7773,18.6053],[78.7906,18.6072],[78.789,18.6224],[78.8142,18.6503],[78.8109,18.6648],[78.85,18.6722],[78.8317,18.7149],[78.8481,18.7623],[78.8333,18.8128],[78.8493,18.8686],[78.8329,18.8934],[78.8229,18.8892],[78.8019,18.8573],[78.7929,18.8266],[78.7991,18.8203],[78.7833,18.7971],[78.7569,18.7975],[78.7479,18.789],[78.7527,18.7476],[78.7356,18.7483],[78.7338,18.7453]]]}},{"type":"Feature","properties":{"SUBDISTRICT":"Dhanwada","STATE":"Telangana","shapeID":"7132399B59143610806990","source":"geoBoundaries gbOpen IND ADM3 (ODbL 1.0); source: Local Government Directory lgdirectory.gov.in via Pathways Data","DISTRICT":null,"ELEV_MEAN_M":440.7,"ELEV_MIN_M":374.0,"ELEV_MAX_M":629.0,"PCT_BELOW_5M":0.0,"PCT_BELOW_10M":0.0},"geometry":{"type":"Polygon","coordinates":[[[77.6189,16.5896],[77.6583,16.5702],[77.6717,16.5954],[77.6913,16.6092],[77.7059,16.6365],[77.6988,16.6529],[77.7663,16.6685],[77.7608,16.6952],[77.7419,16.6984],[77.7414,16.707],[77.751,16.7174],[77.7417,16.7402],[77.7228,16.7541],[77.6915,16.7555],[77.6858,16.7104],[77.6678,16.6879],[77.6599,16.6552],[77.6339,16.6373],[77.6381,16.6113],[77.6209,16.5928],[77.6189,16.5896]]]}},{"type":"Feature","properties":{"SUBDISTRICT":"Dharmasagar","STATE":"Telangana","shapeID":"7132399B96482712754738","source":"geoBoundaries gbOpen IND ADM3 (ODbL 1.0); source: Local Government Directory lgdirectory.gov.in via Pathways Data","DISTRICT":null,"ELEV_MEAN_M":315.8,"ELEV_MIN_M":275.0,"ELEV_MAX_M":489.0,"PCT_BELOW_5M":0.0,"PCT_BELOW_10M":0.0},"geometry":{"type":"MultiPolygon","coordinates":[[[[79.449,17.9025],[79.4541,17.8922],[79.4725,17.8875],[79.5049,17.9099],[79.4986,17.9247],[79.4855,17.9318],[79.4545,17.9235],[79.4505,17.9143],[79.449,17.9025]]],[[[79.3707,17.9963],[79.3804,17.9836],[79.3997,17.9808],[79.3708,17.954],[79.3856,17.9216],[79.4027,17.9388],[79.4329,17.9087],[79.445,17.9216],[79.4409,17.9545],[79.4605,17.9685],[79.4602,17.9812],[79.472,18.0049],[79.4658,18.0369],[79.4509,18.0513],[79.4466,18.0685],[79.383,18.0263],[79.3877,18.0162],[79.3709,17.9965],[79.3707,17.9963]]]]}},{"type":"Feature","properties":{"SUBDISTRICT":"Kodakandla","STATE":"Telangana","shapeID":"7132399B63308223590116","source":"geoBoundaries gbOpen IND ADM3 (ODbL 1.0); source: Local Government Directory lgdirectory.gov.in via Pathways Data","DISTRICT":null,"ELEV_MEAN_M":262.7,"ELEV_MIN_M":231.0,"ELEV_MAX_M":457.0,"PCT_BELOW_5M":0.0,"PCT_BELOW_10M":0.0},"geometry":{"type":"Polygon","coordinates":[[[79.4003,17.5569],[79.4057,17.5392],[79.4035,17.5],[79.4217,17.5156],[79.4683,17.5157],[79.4921,17.5009],[79.5187,17.4952],[79.5236,17.5126],[79.5398,17.5291],[79.5383,17.5493],[79.5135,17.5767],[79.5132,17.602],[79.5008,17.6],[79.4765,17.5741],[79.457,17.5691],[79.446,17.5727],[79.4491,17.5837],[79.4447,17.5864],[79.4117,17.5879],[79.4008,17.564],[79.4003,17.5569]]]}},{"type":"Feature","properties":{"SUBDISTRICT":"Kosgi","STATE":"Telangana","shapeID":"7132399B9602494876996","source":"geoBoundaries gbOpen IND ADM3 (ODbL 1.0); source: Local Government Directory lgdirectory.gov.in via Pathways Data","DISTRICT":null,"ELEV_MEAN_M":515.0,"ELEV_MIN_M":462.0,"ELEV_MAX_M":602.0,"PCT_BELOW_5M":0.0,"PCT_BELOW_10M":0.0},"geometry":{"type":"Polygon","coordinates":[[[77.6158,16.9766],[77.6205,16.958],[77.6558,16.9409],[77.6477,16.9152],[77.6741,16.8931],[77.6828,16.862],[77.738,16.8808],[77.7446,16.9127],[77.7403,16.938],[77.7308,16.943],[77.7492,16.9557],[77.7622,16.9777],[77.7577,16.9877],[77.7685,17.0193],[77.7307,17.0268],[77.711,17.0419],[77.6951,17.0253],[77.6846,17.0235],[77.6609,17.0365],[77.652,17.0335],[77.6469,17.0184],[77.6327,17.0127],[77.6531,17.0005],[77.6514,16.9948],[77.6176,16.9851],[77.6158,16.9766]]]}},{"type":"Feature","properties":{"SUBDISTRICT":"Maddur","STATE":"Telangana","shapeID":"7132399B50023902405307","source":"geoBoundaries gbOpen IND ADM3 (ODbL 1.0); source: Local Government Directory lgdirectory.gov.in via Pathways Data","DISTRICT":null,"ELEV_MEAN_M":503.1,"ELEV_MIN_M":424.0,"ELEV_MAX_M":594.0,"PCT_BELOW_5M":0.0,"PCT_BELOW_10M":0.0},"geometry":{"type":"Polygon","coordinates":[[[77.5631,16.9032],[77.5728,16.8549],[77.5852,16.8584],[77.5953,16.8449],[77.5733,16.8368],[77.5685,16.8273],[77.58,16.8061],[77.5953,16.8036],[77.5998,16.791],[77.6174,16.7813],[77.6383,16.7969],[77.65,16.7957],[77.6612,16.7789],[77.6766,16.7741],[77.6865,16.7947],[77.737,16.7795],[77.7497,16.7901],[77.7401,16.8183],[77.734,16.8797],[77.6828,16.862],[77.6741,16.8931],[77.6477,16.9152],[77.6566,16.9339],[77.6496,16.9479],[77.6205,16.958],[77.5967,16.9474],[77.5902,16.9188],[77.5796,16.9167],[77.5711,16.9047],[77.5631,16.9032]]]}},{"type":"Feature","properties":{"SUBDISTRICT":"Hanwada","STATE":"Telangana","shapeID":"7132399B5860062425049","source":"geoBoundaries gbOpen IND ADM3 (ODbL 1.0); source: Local Government Directory lgdirectory.gov.in via Pathways Data","DISTRICT":null,"ELEV_MEAN_M":528.4,"ELEV_MIN_M":451.0,"ELEV_MAX_M":642.0,"PCT_BELOW_5M":0.0,"PCT_BELOW_10M":0.0},"geometry":{"type":"Polygon","coordinates":[[[77.7512,16.8471],[77.7655,16.8284],[77.7893,16.825],[77.802,16.8148],[77.8158,16.8262],[77.8452,16.8148],[77.8517,16.7778],[77.874,16.7915],[77.8953,16.772],[77.9576,16.7676],[77.9552,16.7843],[77.9756,16.8067],[77.968,16.8272],[77.9761,16.8406],[77.9559,16.8675],[77.9417,16.8643],[77.9241,16.8474],[77.9086,16.861],[77.8659,16.8533],[77.8669,16.862],[77.8586,16.8544],[77.8416,16.8568],[77.8215,16.865],[77.8213,16.8841],[77.8141,16.8895],[77.7954,16.8746],[77.7778,16.8783],[77.7594,16.8545],[77.7512,16.8471]]]}},{"type":"Feature","properties":{"SUBDISTRICT":"Sirpur U","STATE":"Telangana","shapeID":"7132399B42008654764456","source":"geoBoundaries gbOpen IND ADM3 (ODbL 1.0); source: Local Government Directory lgdirectory.gov.in via Pathways Data","DISTRICT":null,"ELEV_MEAN_M":515.2,"ELEV_MIN_M":282.0,"ELEV_MAX_M":635.0,"PCT_BELOW_5M":0.0,"PCT_BELOW_10M":0.0},"geometry":{"type":"Polygon","coordinates":[[[78.8854,19.3265],[78.8905,19.3072],[78.9313,19.2756],[78.9457,19.2954],[78.9624,19.3055],[79.0016,19.2935],[79.0106,19.2844],[79.0654,19.329],[79.0937,19.3304],[79.0912,19.3425],[79.0712,19.3659],[79.0533,19.4226],[79.031,19.4327],[79.0145,19.4223],[78.9905,19.3796],[78.9688,19.3794],[78.9553,19.3681],[78.9404,19.3739],[78.9129,19.3654],[78.9229,19.3531],[78.9344,19.3606],[78.9331,19.3346],[78.9124,19.3335],[78.8966,19.3429],[78.8918,19.3364],[78.8854,19.3265]]]}},{"type":"Feature","properties":{"SUBDISTRICT":"Mandamarri","STATE":"Telangana","shapeID":"7132399B18813128778260","source":"geoBoundaries gbOpen IND ADM3 (ODbL 1.0); source: Local Government Directory lgdirectory.gov.in via Pathways Data","DISTRICT":null,"ELEV_MEAN_M":184.0,"ELEV_MIN_M":146.0,"ELEV_MAX_M":453.0,"PCT_BELOW_5M":0.0,"PCT_BELOW_10M":0.0},"geometry":{"type":"Polygon","coordinates":[[[79.3996,18.9959],[79.4029,18.9818],[79.4227,18.9648],[79.4216,18.9487],[79.4043,18.9146],[79.4109,18.9043],[79.4196,18.9012],[79.4736,18.912],[79.5067,18.9344],[79.5294,18.907],[79.5632,18.9153],[79.5846,18.9304],[79.5887,18.9617],[79.5805,18.9707],[79.5595,18.9673],[79.5285,18.9975],[79.5105,18.9865],[79.4819,19.0299],[79.4586,19.0058],[79.4127,19.0023],[79.3996,18.9959]]]}},{"type":"Feature","properties":{"SUBDISTRICT":"Narwa","STATE":"Telangana","shapeID":"7132399B73245543957057","source":"geoBoundaries gbOpen IND ADM3 (ODbL 1.0); source: Local Government Directory lgdirectory.gov.in via Pathways Data","DISTRICT":null,"ELEV_MEAN_M":347.9,"ELEV_MIN_M":315.0,"ELEV_MAX_M":395.0,"PCT_BELOW_5M":0.0,"PCT_BELOW_10M":0.0},"geometry":{"type":"Polygon","coordinates":[[[77.5807,16.4128],[77.5841,16.4058],[77.597,16.4045],[77.6398,16.416],[77.6489,16.3919],[77.6702,16.3897],[77.6588,16.3677],[77.6751,16.345],[77.6849,16.3411],[77.696,16.3402],[77.7031,16.3645],[77.7369,16.38],[77.7464,16.3973],[77.7374,16.4134],[77.7398,16.4492],[77.726,16.4605],[77.7518,16.4665],[77.7539,16.4927],[77.6953,16.5333],[77.6773,16.5303],[77.6643,16.5537],[77.6305,16.5261],[77.6231,16.4952],[77.6098,16.4827],[77.6098,16.4424],[77.5824,16.4261],[77.5813,16.4179],[77.5807,16.4128]]]}},{"type":"Feature","properties":{"SUBDISTRICT":"Vailpoor","STATE":"Telangana","shapeID":"7132399B81962033717701","source":"geoBoundaries gbOpen IND ADM3 (ODbL 1.0); source: Local Government Directory lgdirectory.gov.in via Pathways Data","DISTRICT":null,"ELEV_MEAN_M":346.7,"ELEV_MIN_M":327.0,"ELEV_MAX_M":370.0,"PCT_BELOW_5M":0.0,"PCT_BELOW_10M":0.0},"geometry":{"type":"Polygon","coordinates":[[[78.3356,18.7486],[78.3419,18.7037],[78.3589,18.6888],[78.3644,18.7113],[78.3752,18.7216],[78.4014,18.7116],[78.4238,18.7163],[78.4266,18.7312],[78.4092,18.8178],[78.3857,18.8234],[78.4013,18.8373],[78.3983,18.8509],[78.3876,18.8487],[78.3767,18.8331],[78.3509,18.8393],[78.3373,18.817],[78.344,18.7592],[78.3356,18.7486]]]}},{"type":"Feature","properties":{"SUBDISTRICT":"Chinnakodur","STATE":"Telangana","shapeID":"7132399B95189633735391","source":"geoBoundaries gbOpen IND ADM3 (ODbL 1.0); source: Local Government Directory lgdirectory.gov.in via Pathways Data","DISTRICT":null,"ELEV_MEAN_M":438.4,"ELEV_MIN_M":337.0,"ELEV_MAX_M":553.0,"PCT_BELOW_5M":0.0,"PCT_BELOW_10M":0.0},"geometry":{"type":"Polygon","coordinates":[[[78.82,18.1832],[78.826,18.1501],[78.8692,18.1515],[78.8869,18.1155],[78.9105,18.1009],[78.9481,18.118],[78.9494,18.1318],[78.987,18.1284],[79.0158,18.1427],[79.0215,18.1652],[79.0157,18.1971],[78.9655,18.2165],[78.9608,18.2546],[78.9168,18.2534],[78.8978,18.2391],[78.8498,18.2485],[78.8511,18.227],[78.8367,18.2058],[78.8409,18.199],[78.8245,18.1862],[78.82,18.1832]]]}},{"type":"Feature","properties":{"SUBDISTRICT":"Munipally","STATE":"Telangana","shapeID":"7132399B62975547819878","source":"geoBoundaries gbOpen IND ADM3 (ODbL 1.0); source: Local Government Directory lgdirectory.gov.in via Pathways Data","DISTRICT":null,"ELEV_MEAN_M":556.5,"ELEV_MIN_M":422.0,"ELEV_MAX_M":746.0,"PCT_BELOW_5M":0.0,"PCT_BELOW_10M":0.0},"geometry":{"type":"Polygon","coordinates":[[[77.775,17.6871],[77.7781,17.6605],[77.7907,17.6514],[77.7908,17.6337],[77.798,17.6249],[77.816,17.6263],[77.828,17.6461],[77.8567,17.6395],[77.8671,17.6477],[77.8696,17.6621],[77.8883,17.6673],[77.9009,17.6821],[77.9039,17.6936],[77.8887,17.6974],[77.8827,17.7093],[77.9119,17.7198],[77.9202,17.7421],[77.9361,17.7454],[77.9227,17.7664],[77.9082,17.7735],[77.9148,17.8049],[77.9118,17.818],[77.882,17.8272],[77.8806,17.802],[77.8753,17.7975],[77.8015,17.7622],[77.8011,17.7217],[77.779,17.6887],[77.775,17.6871]]]}},{"type":"Feature","properties":{"SUBDISTRICT":"Marredpally","STATE":"Telangana","shapeID":"7132399B98208720774507","source":"geoBoundaries gbOpen IND ADM3 (ODbL 1.0); source: Local Government Directory lgdirectory.gov.in via Pathways Data","DISTRICT":null,"ELEV_MEAN_M":540.5,"ELEV_MIN_M":512.0,"ELEV_MAX_M":609.0,"PCT_BELOW_5M":0.0,"PCT_BELOW_10M":0.0},"geometry":{"type":"Polygon","coordinates":[[[78.4977,17.4346],[78.5034,17.4302],[78.5011,17.4202],[78.5264,17.4176],[78.5367,17.4399],[78.5402,17.4627],[78.5333,17.4636],[78.5116,17.4543],[78.4983,17.437],[78.4977,17.4346]]]}},{"type":"Feature","properties":{"SUBDISTRICT":"Malkajgiri","STATE":"Telangana","shapeID":"7132399B98847485418568","source":"geoBoundaries gbOpen IND ADM3 (ODbL 1.0); source: Local Government Directory lgdirectory.gov.in via Pathways Data","DISTRICT":null,"ELEV_MEAN_M":564.6,"ELEV_MIN_M":531.0,"ELEV_MAX_M":600.0,"PCT_BELOW_5M":0.0,"PCT_BELOW_10M":0.0},"geometry":{"type":"Polygon","coordinates":[[[78.5117,17.4726],[78.5131,17.462],[78.5212,17.4566],[78.5468,17.4633],[78.5437,17.4911],[78.582,17.4929],[78.5843,17.5184],[78.569,17.5332],[78.5496,17.516],[78.5355,17.5149],[78.5292,17.5028],[78.5177,17.5086],[78.5148,17.4798],[78.5117,17.4726]]]}},{"type":"Feature","properties":{"SUBDISTRICT":"Narnoor","STATE":"Telangana","shapeID":"7132399B75789222892630","source":"geoBoundaries gbOpen IND ADM3 (ODbL 1.0); source: Local Government Directory lgdirectory.gov.in via Pathways Data","DISTRICT":null,"ELEV_MEAN_M":449.0,"ELEV_MIN_M":237.0,"ELEV_MAX_M":574.0,"PCT_BELOW_5M":0.0,"PCT_BELOW_10M":0.0},"geometry":{"type":"Polygon","coordinates":[[[78.7645,19.5404],[78.7674,19.5264],[78.7819,19.5092],[78.7857,19.483],[78.8011,19.4739],[78.815,19.4437],[78.8506,19.4291],[78.9031,19.4583],[78.9225,19.4944],[78.9317,19.4974],[78.9519,19.4843],[78.9788,19.5034],[78.9559,19.5222],[78.9565,19.5371],[78.9484,19.5493],[78.9861,19.5866],[78.9684,19.6188],[78.9745,19.6506],[78.9598,19.6648],[78.9214,19.669],[78.8965,19.6566],[78.8642,19.6576],[78.8689,19.698],[78.8104,19.6709],[78.7765,19.6925],[78.7702,19.69],[78.771,19.679],[78.7934,19.632],[78.7815,19.6149],[78.7842,19.5987],[78.7652,19.5824],[78.7662,19.5597],[78.7645,19.5404]]]}},{"type":"Feature","properties":{"SUBDISTRICT":"Moinabad","STATE":"Telangana","shapeID":"7132399B55720170167638","source":"geoBoundaries gbOpen IND ADM3 (ODbL 1.0); source: Local Government Directory lgdirectory.gov.in via Pathways Data","DISTRICT":null,"ELEV_MEAN_M":571.7,"ELEV_MIN_M":535.0,"ELEV_MAX_M":635.0,"PCT_BELOW_5M":0.0,"PCT_BELOW_10M":0.0},"geometry":{"type":"Polygon","coordinates":[[[78.1903,17.3757],[78.2158,17.3542],[78.2181,17.3377],[78.2123,17.3247],[78.1963,17.3205],[78.1915,17.305],[78.1998,17.2712],[78.1966,17.2393],[78.2259,17.253],[78.2555,17.2383],[78.3208,17.2801],[78.3272,17.3064],[78.3362,17.3096],[78.3386,17.3378],[78.3304,17.3584],[78.3025,17.3888],[78.2813,17.404],[78.2737,17.3965],[78.2191,17.3828],[78.1983,17.3832],[78.1905,17.3759],[78.1903,17.3757]]]}},{"type":"Feature","properties":{"SUBDISTRICT":"Doma","STATE":"Telangana","shapeID":"7132399B7295480044577","source":"geoBoundaries gbOpen IND ADM3 (ODbL 1.0); source: Local Government Directory lgdirectory.gov.in via Pathways Data","DISTRICT":null,"ELEV_MEAN_M":580.4,"ELEV_MIN_M":447.0,"ELEV_MAX_M":686.0,"PCT_BELOW_5M":0.0,"PCT_BELOW_10M":0.0},"geometry":{"type":"Polygon","coordinates":[[[77.7549,17.0619],[77.775,17.0585],[77.7882,17.0429],[77.7784,17.0181],[77.7685,17.0193],[77.763,17.0111],[77.7644,17.0033],[77.8086,17.0011],[77.8346,17.05],[77.8729,17.0523],[77.8974,17.0698],[77.9232,17.0995],[77.9317,17.1163],[77.9091,17.1413],[77.8954,17.1381],[77.8773,17.1503],[77.8545,17.1447],[77.8057,17.1586],[77.7881,17.1536],[77.7708,17.1291],[77.7797,17.1111],[77.7691,17.107],[77.7617,17.0745],[77.7549,17.0619]]]}},{"type":"Feature","properties":{"SUBDISTRICT":"Nadigudem","STATE":"Telangana","shapeID":"7132399B43586449796947","source":"geoBoundaries gbOpen IND ADM3 (ODbL 1.0); source: Local Government Directory lgdirectory.gov.in via Pathways Data","DISTRICT":null,"ELEV_MEAN_M":158.5,"ELEV_MIN_M":131.0,"ELEV_MAX_M":198.0,"PCT_BELOW_5M":0.0,"PCT_BELOW_10M":0.0},"geometry":{"type":"Polygon","coordinates":[[[79.7869,17.1615],[79.7869,17.1332],[79.792,17.1225],[79.8016,17.1218],[79.7957,17.1105],[79.8003,17.0785],[79.8791,17.0738],[79.8695,17.0911],[79.8679,17.1142],[79.8746,17.1258],[79.8653,17.1469],[79.8752,17.1532],[79.8827,17.1737],[79.8756,17.1866],[79.8803,17.2092],[79.8542,17.2126],[79.8268,17.2035],[79.8029,17.1932],[79.7967,17.1762],[79.7869,17.1615]]]}},{"type":"Feature","properties":{"SUBDISTRICT":"Chandampeta","STATE":"Telangana","shapeID":"7132399B73432042900531","source":"geoBoundaries gbOpen IND ADM3 (ODbL 1.0); source: Local Government Directory lgdirectory.gov.in via Pathways Data","DISTRICT":null,"ELEV_MEAN_M":278.3,"ELEV_MIN_M":0.0,"ELEV_MAX_M":720.0,"PCT_BELOW_5M":0.0,"PCT_BELOW_10M":0.0},"geometry":{"type":"Polygon","coordinates":[[[78.8972,16.549],[78.9129,16.5504],[78.9322,16.5175],[78.9811,16.494],[79.0172,16.4898],[79.069,16.4604],[79.118,16.423],[79.2193,16.3697],[79.2269,16.445],[79.2339,16.4548],[79.2409,16.4368],[79.2432,16.4473],[79.253,16.4441],[79.2445,16.4516],[79.2448,16.469],[79.2394,16.4559],[79.2184,16.4827],[79.228,16.4951],[79.266,16.4924],[79.2692,16.5029],[79.2538,16.5114],[79.2582,16.5173],[79.256,16.5489],[79.2727,16.5498],[79.2685,16.5531],[79.2738,16.5682],[79.2818,16.5701],[79.2937,16.5487],[79.3119,16.5772],[79.2959,16.573],[79.2861,16.6147],[79.148,16.6057],[79.1491,16.5941],[79.1451,16.5859],[79.1413,16.5884],[79.1408,16.5786],[79.1466,16.5743],[79.1418,16.5738],[79.1369,16.5524],[79.1113,16.5546],[79.0977,16.5378],[79.1419,16.5234],[79.1293,16.5084],[79.1226,16.4832],[79.1067,16.4767],[79.0869,16.5158],[79.0618,16.5288],[79.0665,16.5402],[79.0762,16.5438],[79.0725,16.5569],[79.0532,16.5562],[79.0418,16.5674],[78.9996,16.5764],[78.993,16.631],[78.9738,16.6368],[78.9672,16.6514],[78.957,16.6571],[78.9284,16.6517],[78.9027,16.5927],[78.9048,16.5775],[78.8972,16.549]]]}},{"type":"Feature","properties":{"SUBDISTRICT":"B Pochampally","STATE":"Telangana","shapeID":"7132399B12889646702580","source":"geoBoundaries gbOpen IND ADM3 (ODbL 1.0); source: Local Government Directory lgdirectory.gov.in via Pathways Data","DISTRICT":null,"ELEV_MEAN_M":389.6,"ELEV_MIN_M":327.0,"ELEV_MAX_M":601.0,"PCT_BELOW_5M":0.0,"PCT_BELOW_10M":0.0},"geometry":{"type":"Polygon","coordinates":[[[78.7406,17.3594],[78.77,17.3486],[78.7703,17.3407],[78.7469,17.3258],[78.7695,17.3113],[78.7992,17.3011],[78.854,17.2952],[78.8908,17.3049],[78.9092,17.3333],[78.9348,17.348],[78.9404,17.3615],[78.9358,17.3817],[78.9194,17.3754],[78.9114,17.3789],[78.8788,17.4077],[78.85,17.4202],[78.7476,17.3857],[78.743,17.3703],[78.7406,17.3594]]]}},{"type":"Feature","properties":{"SUBDISTRICT":"Choutuppal","STATE":"Telangana","shapeID":"7132399B12762359861518","source":"geoBoundaries gbOpen IND ADM3 (ODbL 1.0); source: Local Government Directory lgdirectory.gov.in via Pathways Data","DISTRICT":null,"ELEV_MEAN_M":381.2,"ELEV_MIN_M":306.0,"ELEV_MAX_M":591.0,"PCT_BELOW_5M":0.0,"PCT_BELOW_10M":0.0},"geometry":{"type":"Polygon","coordinates":[[[78.7473,17.2968],[78.7612,17.2796],[78.7556,17.272],[78.7629,17.2644],[78.8177,17.2443],[78.8271,17.2364],[78.8186,17.2187],[78.8508,17.2002],[78.8848,17.2021],[78.9248,17.2178],[78.9552,17.2182],[78.9933,17.2036],[79.0058,17.2517],[78.995,17.2809],[79.0081,17.287],[79.0125,17.316],[78.9689,17.3423],[78.9516,17.3414],[78.9478,17.3504],[78.9279,17.3461],[78.9092,17.3333],[78.8908,17.3049],[78.854,17.2952],[78.7992,17.3011],[78.7695,17.3113],[78.7538,17.3022],[78.7473,17.2968]]]}},{"type":"Feature","properties":{"SUBDISTRICT":"Chandur","STATE":"Telangana","shapeID":"7132399B46537974982628","source":"geoBoundaries gbOpen IND ADM3 (ODbL 1.0); source: Local Government Directory lgdirectory.gov.in via Pathways Data","DISTRICT":null,"ELEV_MEAN_M":265.4,"ELEV_MIN_M":224.0,"ELEV_MAX_M":377.0,"PCT_BELOW_5M":0.0,"PCT_BELOW_10M":0.0},"geometry":{"type":"Polygon","coordinates":[[[78.925,17.0492],[78.9704,17.0433],[78.9921,17.0188],[78.9996,17.0008],[78.9956,16.9768],[78.9682,16.9826],[78.9587,16.9768],[78.9571,16.9676],[78.9727,16.9574],[78.9849,16.9517],[79.0005,16.9683],[79.0607,16.932],[79.0959,16.931],[79.1194,16.9407],[79.1144,16.9725],[79.126,16.9927],[79.1249,17.0029],[79.1034,17.0055],[79.0801,17.0546],[79.0331,17.0497],[78.9959,17.0689],[78.98,17.0707],[78.9601,17.0848],[78.9573,17.0978],[78.9481,17.0985],[78.9313,17.0643],[78.925,17.0492]]]}},{"type":"Feature","properties":{"SUBDISTRICT":"Ghanpur (Mulug)","STATE":"Telangana","shapeID":"7132399B30765631284749","source":"geoBoundaries gbOpen IND ADM3 (ODbL 1.0); source: Local Government Directory lgdirectory.gov.in via Pathways Data","DISTRICT":null,"ELEV_MEAN_M":191.2,"ELEV_MIN_M":169.0,"ELEV_MAX_M":277.0,"PCT_BELOW_5M":0.0,"PCT_BELOW_10M":0.0},"geometry":{"type":"Polygon","coordinates":[[[79.8071,18.3263],[79.809,18.2977],[79.8272,18.2906],[79.8475,18.2433],[79.8743,18.2949],[79.9254,18.2907],[79.9322,18.3256],[79.9311,18.3343],[79.9065,18.3396],[79.8778,18.3639],[79.8739,18.3924],[79.843,18.3918],[79.8131,18.3789],[79.8112,18.3677],[79.8188,18.3502],[79.8075,18.3358],[79.8071,18.3263]]]}},{"type":"Feature","properties":{"SUBDISTRICT":"Nakrekal","STATE":"Telangana","shapeID":"7132399B60963646430796","source":"geoBoundaries gbOpen IND ADM3 (ODbL 1.0); source: Local Government Directory lgdirectory.gov.in via Pathways Data","DISTRICT":null,"ELEV_MEAN_M":212.1,"ELEV_MIN_M":182.0,"ELEV_MAX_M":249.0,"PCT_BELOW_5M":0.0,"PCT_BELOW_10M":0.0},"geometry":{"type":"Polygon","coordinates":[[[79.37,17.2316],[79.3794,17.1976],[79.3717,17.1755],[79.3778,17.1633],[79.3734,17.1496],[79.3795,17.1313],[79.3916,17.1234],[79.4041,17.0987],[79.4163,17.0928],[79.4364,17.1151],[79.4494,17.1222],[79.457,17.1178],[79.4737,17.1282],[79.4688,17.1371],[79.4576,17.1329],[79.4388,17.164],[79.4276,17.1651],[79.4206,17.1782],[79.4329,17.2023],[79.445,17.2059],[79.4517,17.2465],[79.4794,17.2577],[79.4907,17.2723],[79.4799,17.2862],[79.4649,17.2788],[79.4506,17.2844],[79.4394,17.2807],[79.435,17.2655],[79.4138,17.2518],[79.3895,17.2511],[79.3814,17.2421],[79.37,17.2316]]]}},{"type":"Feature","properties":{"SUBDISTRICT":"Kethepally","STATE":"Telangana","shapeID":"7132399B93835667090708","source":"geoBoundaries gbOpen IND ADM3 (ODbL 1.0); source: Local Government Directory lgdirectory.gov.in via Pathways Data","DISTRICT":null,"ELEV_MEAN_M":195.0,"ELEV_MIN_M":158.0,"ELEV_MAX_M":231.0,"PCT_BELOW_5M":0.0,"PCT_BELOW_10M":0.0},"geometry":{"type":"Polygon","coordinates":[[[79.4206,17.1782],[79.4276,17.1651],[79.4388,17.164],[79.4576,17.1329],[79.4688,17.1371],[79.4878,17.113],[79.4928,17.0967],[79.5345,17.1263],[79.5466,17.1022],[79.5769,17.0931],[79.5445,17.1603],[79.5165,17.2007],[79.4907,17.2723],[79.4794,17.2577],[79.4517,17.2465],[79.445,17.2059],[79.4265,17.1947],[79.4206,17.1782]]]}},{"type":"Feature","properties":{"SUBDISTRICT":"Shayampet","STATE":"Telangana","shapeID":"7132399B76128044734295","source":"geoBoundaries gbOpen IND ADM3 (ODbL 1.0); source: Local Government Directory lgdirectory.gov.in via Pathways Data","DISTRICT":null,"ELEV_MEAN_M":230.1,"ELEV_MIN_M":16.0,"ELEV_MAX_M":450.0,"PCT_BELOW_5M":0.0,"PCT_BELOW_10M":0.0},"geometry":{"type":"Polygon","coordinates":[[[79.6735,18.1324],[79.7055,18.1171],[79.7773,18.0979],[79.8205,18.1096],[79.8432,18.1462],[79.8387,18.1537],[79.8141,18.1504],[79.7802,18.187],[79.7365,18.1875],[79.7246,18.1337],[79.6976,18.1363],[79.6778,18.146],[79.6762,18.1388],[79.6735,18.1324]]]}},{"type":"Feature","properties":{"SUBDISTRICT":"Ichoda","STATE":"Telangana","shapeID":"7132399B12328427020311","source":"geoBoundaries gbOpen IND ADM3 (ODbL 1.0); source: Local Government Directory lgdirectory.gov.in via Pathways Data","DISTRICT":null,"ELEV_MEAN_M":412.7,"ELEV_MIN_M":235.0,"ELEV_MAX_M":554.0,"PCT_BELOW_5M":0.0,"PCT_BELOW_10M":0.0},"geometry":{"type":"Polygon","coordinates":[[[78.4102,19.3962],[78.4384,19.3668],[78.4676,19.3651],[78.4734,19.3591],[78.4799,19.3214],[78.4838,19.3157],[78.5011,19.3166],[78.5043,19.2915],[78.5112,19.286],[78.5241,19.2873],[78.5609,19.2594],[78.5826,19.2639],[78.5945,19.2775],[78.6143,19.2789],[78.615,19.2928],[78.6085,19.2983],[78.5744,19.3002],[78.57,19.3046],[78.5792,19.3133],[78.5566,19.3259],[78.5758,19.3674],[78.5549,19.3795],[78.5476,19.3946],[78.5525,19.4001],[78.5454,19.4043],[78.5415,19.42],[78.5583,19.4255],[78.5531,19.4328],[78.5449,19.4377],[78.526,19.4245],[78.5088,19.4269],[78.4984,19.4425],[78.517,19.4736],[78.4611,19.4827],[78.4422,19.4756],[78.4248,19.45],[78.4261,19.4218],[78.4164,19.4061],[78.4102,19.3962]]]}},{"type":"Feature","properties":{"SUBDISTRICT":"Dilawarpur","STATE":"Telangana","shapeID":"7132399B70237787824462","source":"geoBoundaries gbOpen IND ADM3 (ODbL 1.0); source: Local Government Directory lgdirectory.gov.in via Pathways Data","DISTRICT":null,"ELEV_MEAN_M":339.2,"ELEV_MIN_M":306.0,"ELEV_MAX_M":426.0,"PCT_BELOW_5M":0.0,"PCT_BELOW_10M":0.0},"geometry":{"type":"Polygon","coordinates":[[[78.1765,19.0055],[78.194,18.9939],[78.2224,19.0029],[78.2528,18.9991],[78.2728,18.9833],[78.278,18.9704],[78.2999,18.9915],[78.3098,19.0091],[78.2894,19.0386],[78.2813,19.0763],[78.2813,19.0848],[78.2946,19.0962],[78.287,19.1208],[78.2723,19.1317],[78.249,19.1059],[78.2188,19.1216],[78.2058,19.1153],[78.1947,19.0974],[78.2004,19.0922],[78.2003,19.0609],[78.1882,19.0553],[78.1784,19.0088],[78.1765,19.0055]]]}},{"type":"Feature","properties":{"SUBDISTRICT":"Lingalaghanpur","STATE":"Telangana","shapeID":"7132399B74234078086236","source":"geoBoundaries gbOpen IND ADM3 (ODbL 1.0); source: Local Government Directory lgdirectory.gov.in via Pathways Data","DISTRICT":null,"ELEV_MEAN_M":326.7,"ELEV_MIN_M":292.0,"ELEV_MAX_M":380.0,"PCT_BELOW_5M":0.0,"PCT_BELOW_10M":0.0},"geometry":{"type":"Polygon","coordinates":[[[79.1265,17.6517],[79.1385,17.6291],[79.1521,17.6201],[79.1481,17.5928],[79.1531,17.5847],[79.1617,17.5786],[79.1733,17.5832],[79.1788,17.5999],[79.2072,17.6245],[79.2164,17.6075],[79.2101,17.6022],[79.2116,17.5913],[79.2181,17.5852],[79.2458,17.6127],[79.2674,17.6134],[79.2713,17.6086],[79.2932,17.6221],[79.3105,17.6541],[79.2994,17.6758],[79.3136,17.6795],[79.3377,17.6695],[79.3409,17.674],[79.3297,17.6981],[79.2843,17.7206],[79.2567,17.7048],[79.2307,17.7327],[79.2129,17.737],[79.2001,17.7027],[79.1559,17.6577],[79.1265,17.6517]]]}},{"type":"Feature","properties":{"SUBDISTRICT":"Dahegoan","STATE":"Telangana","shapeID":"7132399B57292184867829","source":"geoBoundaries gbOpen IND ADM3 (ODbL 1.0); source: Local Government Directory lgdirectory.gov.in via Pathways Data","DISTRICT":null,"ELEV_MEAN_M":156.2,"ELEV_MIN_M":106.0,"ELEV_MAX_M":389.0,"PCT_BELOW_5M":0.0,"PCT_BELOW_10M":0.0},"geometry":{"type":"Polygon","coordinates":[[[79.5426,19.3169],[79.551,19.3043],[79.5451,19.2835],[79.5593,19.2628],[79.5989,19.2658],[79.6038,19.2453],[79.6421,19.2259],[79.6407,19.2121],[79.6713,19.2013],[79.7095,19.212],[79.7582,19.2075],[79.7686,19.182],[79.7775,19.1778],[79.8006,19.1821],[79.8157,19.1984],[79.8409,19.2064],[79.8655,19.1932],[79.8859,19.1972],[79.9329,19.1642],[79.9475,19.1677],[79.9493,19.1792],[79.9293,19.2066],[79.9251,19.2395],[79.9099,19.2569],[79.8906,19.2541],[79.8702,19.2333],[79.8394,19.2807],[79.8223,19.2773],[79.7959,19.2576],[79.7749,19.2699],[79.7498,19.2692],[79.7274,19.303],[79.6908,19.3052],[79.6844,19.2953],[79.6459,19.3376],[79.6443,19.3316],[79.5912,19.3157],[79.5652,19.328],[79.5666,19.3386],[79.5531,19.3442],[79.5481,19.3268],[79.5426,19.3169]]]}},{"type":"Feature","properties":{"SUBDISTRICT":"Rebbena","STATE":"Telangana","shapeID":"7132399B45908907741537","source":"geoBoundaries gbOpen IND ADM3 (ODbL 1.0); source: Local Government Directory lgdirectory.gov.in via Pathways Data","DISTRICT":null,"ELEV_MEAN_M":220.7,"ELEV_MIN_M":164.0,"ELEV_MAX_M":532.0,"PCT_BELOW_5M":0.0,"PCT_BELOW_10M":0.0},"geometry":{"type":"Polygon","coordinates":[[[79.3174,19.2512],[79.3236,19.2021],[79.3415,19.1829],[79.3447,19.221],[79.3398,19.228],[79.3464,19.2339],[79.3654,19.2213],[79.4124,19.215],[79.4527,19.1942],[79.4679,19.1946],[79.4911,19.2072],[79.4885,19.2194],[79.5406,19.2153],[79.5425,19.2267],[79.5007,19.2953],[79.512,19.3488],[79.4957,19.3494],[79.4644,19.334],[79.4431,19.3324],[79.4201,19.3551],[79.4092,19.3543],[79.4036,19.3617],[79.3722,19.3708],[79.3728,19.3509],[79.3481,19.34],[79.3695,19.2892],[79.3676,19.2731],[79.3554,19.2611],[79.3334,19.2616],[79.3174,19.2512]]]}},{"type":"Feature","properties":{"SUBDISTRICT":"Vemanpally","STATE":"Telangana","shapeID":"7132399B94788783230952","source":"geoBoundaries gbOpen IND ADM3 (ODbL 1.0); source: Local Government Directory lgdirectory.gov.in via Pathways Data","DISTRICT":null,"ELEV_MEAN_M":148.1,"ELEV_MIN_M":99.0,"ELEV_MAX_M":311.0,"PCT_BELOW_5M":0.0,"PCT_BELOW_10M":0.0},"geometry":{"type":"Polygon","coordinates":[[[79.6825,19.1567],[79.6861,19.1415],[79.7083,19.1395],[79.6938,19.1003],[79.7065,19.0888],[79.7023,19.0727],[79.7128,19.0692],[79.7588,19.0823],[79.7646,19.075],[79.7629,19.0599],[79.7774,19.0447],[79.8019,19.035],[79.8082,19.0219],[79.8223,19.0166],[79.8326,19.0246],[79.8517,19.0621],[79.8679,19.0633],[79.8648,19.1074],[79.8699,19.1191],[79.9329,19.1642],[79.8859,19.1972],[79.8655,19.1932],[79.8409,19.2064],[79.8157,19.1984],[79.8006,19.1821],[79.7775,19.1778],[79.7686,19.182],[79.7582,19.2075],[79.7173,19.2087],[79.7282,19.1941],[79.7255,19.1815],[79.7106,19.1826],[79.7002,19.1772],[79.6971,19.1631],[79.6864,19.1644],[79.6825,19.1567]]]}},{"type":"Feature","properties":{"SUBDISTRICT":"Tanoor","STATE":"Telangana","shapeID":"7132399B2071269411571","source":"geoBoundaries gbOpen IND ADM3 (ODbL 1.0); source: Local Government Directory lgdirectory.gov.in via Pathways Data","DISTRICT":null,"ELEV_MEAN_M":391.4,"ELEV_MIN_M":346.0,"ELEV_MAX_M":470.0,"PCT_BELOW_5M":0.0,"PCT_BELOW_10M":0.0},"geometry":{"type":"Polygon","coordinates":[[[77.7611,19.0296],[77.7691,19.0165],[77.7711,18.9825],[77.7853,18.9775],[77.791,18.9854],[77.821,18.9835],[77.8166,18.9507],[77.8313,18.9469],[77.8577,18.9535],[77.8444,18.9126],[77.8606,18.9074],[77.8856,18.9099],[77.8917,18.8865],[77.8986,18.9104],[77.8901,18.9206],[77.893,18.9659],[77.9054,18.9745],[77.9153,19.0027],[77.8934,19.0415],[77.8966,19.0682],[77.9067,19.0707],[77.9111,19.1233],[77.8959,19.1336],[77.8872,19.1351],[77.8775,19.1271],[77.8416,19.1393],[77.8349,19.1366],[77.8491,19.1152],[77.8521,19.0911],[77.8325,19.086],[77.819,19.1047],[77.8065,19.103],[77.7973,19.0722],[77.801,19.0524],[77.7654,19.0631],[77.7639,19.0471],[77.7611,19.0296]]]}},{"type":"Feature","properties":{"SUBDISTRICT":"Balanagar","STATE":"Telangana","shapeID":"7132399B48056412931106","source":"geoBoundaries gbOpen IND ADM3 (ODbL 1.0); source: Local Government Directory lgdirectory.gov.in via Pathways Data","DISTRICT":null,"ELEV_MEAN_M":551.4,"ELEV_MIN_M":534.0,"ELEV_MAX_M":572.0,"PCT_BELOW_5M":0.0,"PCT_BELOW_10M":0.0},"geometry":{"type":"Polygon","coordinates":[[[78.3994,17.4584],[78.41,17.4541],[78.4286,17.4663],[78.4394,17.4545],[78.4564,17.4574],[78.4693,17.4806],[78.449,17.4805],[78.4344,17.5022],[78.4224,17.4715],[78.4112,17.4661],[78.3994,17.4584]]]}},{"type":"Feature","properties":{"SUBDISTRICT":"Julapalli","STATE":"Telangana","shapeID":"7132399B67902114047231","source":"geoBoundaries gbOpen IND ADM3 (ODbL 1.0); source: Local Government Directory lgdirectory.gov.in via Pathways Data","DISTRICT":null,"ELEV_MEAN_M":263.8,"ELEV_MIN_M":223.0,"ELEV_MAX_M":367.0,"PCT_BELOW_5M":0.0,"PCT_BELOW_10M":0.0},"geometry":{"type":"Polygon","coordinates":[[[79.1791,18.6204],[79.1856,18.5939],[79.2061,18.5845],[79.218,18.5599],[79.2406,18.5751],[79.2457,18.6067],[79.2896,18.5967],[79.3003,18.6002],[79.3105,18.6168],[79.3159,18.6591],[79.2918,18.6725],[79.2761,18.6678],[79.2634,18.6793],[79.2503,18.6762],[79.2448,18.6514],[79.2252,18.6302],[79.1869,18.6251],[79.1791,18.6204]]]}},{"type":"Feature","properties":{"SUBDISTRICT":"Jaipur","STATE":"Telangana","shapeID":"7132399B89523904280334","source":"geoBoundaries gbOpen IND ADM3 (ODbL 1.0); source: Local Government Directory lgdirectory.gov.in via Pathways Data","DISTRICT":null,"ELEV_MEAN_M":167.7,"ELEV_MIN_M":127.0,"ELEV_MAX_M":372.0,"PCT_BELOW_5M":0.0,"PCT_BELOW_10M":0.0},"geometry":{"type":"Polygon","coordinates":[[[79.5029,18.81],[79.5193,18.793],[79.5357,18.7961],[79.5594,18.7866],[79.6258,18.7428],[79.6363,18.743],[79.6555,18.7308],[79.683,18.6882],[79.691,18.6841],[79.7131,18.6918],[79.6783,18.7941],[79.6239,18.8406],[79.6108,18.8622],[79.6222,18.8644],[79.625,18.8907],[79.6052,18.8912],[79.5846,18.9304],[79.5632,18.9153],[79.539,18.9121],[79.5225,18.902],[79.5095,18.8238],[79.5029,18.81]]]}},{"type":"Feature","properties":{"SUBDISTRICT":"Mustabad","STATE":"Telangana","shapeID":"7132399B10671326192318","source":"geoBoundaries gbOpen IND ADM3 (ODbL 1.0); source: Local Government Directory lgdirectory.gov.in via Pathways Data","DISTRICT":null,"ELEV_MEAN_M":411.2,"ELEV_MIN_M":341.0,"ELEV_MAX_M":488.0,"PCT_BELOW_5M":0.0,"PCT_BELOW_10M":0.0},"geometry":{"type":"Polygon","coordinates":[[[78.6441,18.264],[78.647,18.2509],[78.6763,18.2448],[78.6981,18.2312],[78.7274,18.2328],[78.7308,18.2187],[78.7456,18.2184],[78.7584,18.2286],[78.773,18.26],[78.784,18.2633],[78.7807,18.289],[78.7697,18.3026],[78.7438,18.3164],[78.7385,18.341],[78.7315,18.3446],[78.6855,18.3379],[78.6789,18.3233],[78.6887,18.3111],[78.6887,18.3007],[78.6564,18.2983],[78.6491,18.2824],[78.6441,18.264]]]}},{"type":"Feature","properties":{"SUBDISTRICT":"Khammam (Rural)","STATE":"Telangana","shapeID":"7132399B59822434822065","source":"geoBoundaries gbOpen IND ADM3 (ODbL 1.0); source: Local Government Directory lgdirectory.gov.in via Pathways Data","DISTRICT":null,"ELEV_MEAN_M":133.2,"ELEV_MIN_M":106.0,"ELEV_MAX_M":162.0,"PCT_BELOW_5M":0.0,"PCT_BELOW_10M":0.0},"geometry":{"type":"Polygon","coordinates":[[[80.0343,17.2757],[80.0392,17.2566],[80.0506,17.2491],[80.0473,17.2344],[80.0561,17.2133],[80.1148,17.208],[80.0978,17.2349],[80.1133,17.2297],[80.1108,17.2426],[80.1164,17.2447],[80.0984,17.2528],[80.0997,17.2708],[80.0916,17.2738],[80.0929,17.2804],[80.1284,17.2865],[80.1465,17.2707],[80.1504,17.3146],[80.1675,17.3109],[80.1799,17.3284],[80.1875,17.3268],[80.1717,17.4084],[80.162,17.4077],[80.1621,17.3785],[80.1433,17.3932],[80.1366,17.3921],[80.1208,17.3814],[80.1114,17.3642],[80.1031,17.3597],[80.0807,17.3675],[80.0642,17.3516],[80.0686,17.3197],[80.0614,17.2868],[80.0464,17.2789],[80.0343,17.2757]]]}},{"type":"Feature","properties":{"SUBDISTRICT":"Koheda","STATE":"Telangana","shapeID":"7132399B80503708610073","source":"geoBoundaries gbOpen IND ADM3 (ODbL 1.0); source: Local Government Directory lgdirectory.gov.in via Pathways Data","DISTRICT":null,"ELEV_MEAN_M":352.7,"ELEV_MIN_M":294.0,"ELEV_MAX_M":441.0,"PCT_BELOW_5M":0.0,"PCT_BELOW_10M":0.0},"geometry":{"type":"Polygon","coordinates":[[[79.0158,18.1427],[79.0428,18.1265],[79.0368,18.0969],[79.0455,18.0921],[79.0735,18.0828],[79.1356,18.0802],[79.1505,18.0968],[79.1552,18.1245],[79.1746,18.1458],[79.161,18.1641],[79.1557,18.1855],[79.1174,18.203],[79.1324,18.2565],[79.1052,18.2455],[79.0932,18.2277],[79.0809,18.1818],[79.0732,18.1759],[79.0558,18.1789],[79.0516,18.2078],[79.0336,18.2045],[79.0181,18.1803],[79.0199,18.1571],[79.0158,18.1427]]]}},{"type":"Feature","properties":{"SUBDISTRICT":"Navipet","STATE":"Telangana","shapeID":"7132399B90618923779732","source":"geoBoundaries gbOpen IND ADM3 (ODbL 1.0); source: Local Government Directory lgdirectory.gov.in via Pathways Data","DISTRICT":null,"ELEV_MEAN_M":354.4,"ELEV_MIN_M":329.0,"ELEV_MAX_M":444.0,"PCT_BELOW_5M":0.0,"PCT_BELOW_10M":0.0},"geometry":{"type":"Polygon","coordinates":[[[77.9361,18.8234],[77.9445,18.8021],[77.9594,18.7905],[77.961,18.7785],[77.9906,18.7594],[77.9982,18.7393],[77.9936,18.7176],[78.0064,18.7141],[78.0214,18.739],[78.0368,18.7325],[78.0505,18.7138],[78.0567,18.7276],[78.0462,18.7375],[78.0556,18.7701],[78.0751,18.7729],[78.0702,18.8086],[78.0889,18.8754],[78.0863,18.9398],[78.0524,18.9205],[78.0291,18.8779],[78.0,18.8831],[77.9643,18.87],[77.9483,18.8438],[77.9467,18.8238],[77.9361,18.8234]]]}},{"type":"Feature","properties":{"SUBDISTRICT":"Veenavanka","STATE":"Telangana","shapeID":"7132399B72625672875591","source":"geoBoundaries gbOpen IND ADM3 (ODbL 1.0); source: Local Government Directory lgdirectory.gov.in via Pathways Data","DISTRICT":null,"ELEV_MEAN_M":222.7,"ELEV_MIN_M":192.0,"ELEV_MAX_M":372.0,"PCT_BELOW_5M":0.0,"PCT_BELOW_10M":0.0},"geometry":{"type":"Polygon","coordinates":[[[79.3268,18.3597],[79.3361,18.3526],[79.3845,18.3452],[79.3927,18.339],[79.4012,18.321],[79.3914,18.2989],[79.4075,18.2803],[79.4173,18.2881],[79.4366,18.2871],[79.4465,18.3026],[79.449,18.3254],[79.4678,18.333],[79.4875,18.3749],[79.4247,18.4076],[79.3976,18.4135],[79.3784,18.4271],[79.3737,18.4376],[79.3545,18.431],[79.3284,18.4108],[79.3336,18.3981],[79.3284,18.3611],[79.3268,18.3597]]]}},{"type":"Feature","properties":{"SUBDISTRICT":"Bheemadevarpalli","STATE":"Telangana","shapeID":"7132399B65195403995683","source":"geoBoundaries gbOpen IND ADM3 (ODbL 1.0); source: Local Government Directory lgdirectory.gov.in via Pathways Data","DISTRICT":null,"ELEV_MEAN_M":340.7,"ELEV_MIN_M":283.0,"ELEV_MAX_M":611.0,"PCT_BELOW_5M":0.0,"PCT_BELOW_10M":0.0},"geometry":{"type":"Polygon","coordinates":[[[79.2767,18.0138],[79.3474,18.0252],[79.3428,18.0296],[79.3505,18.0407],[79.3815,18.0405],[79.383,18.0263],[79.4076,18.0473],[79.4155,18.0803],[79.4153,18.0909],[79.3959,18.1199],[79.3986,18.1375],[79.3685,18.1193],[79.3503,18.1236],[79.3014,18.1108],[79.3003,18.0905],[79.2874,18.0628],[79.2903,18.0469],[79.2781,18.0305],[79.2817,18.0247],[79.2771,18.018],[79.2767,18.0138]]]}},{"type":"Feature","properties":{"SUBDISTRICT":"Mogullapally","STATE":"Telangana","shapeID":"7132399B62068225310086","source":"geoBoundaries gbOpen IND ADM3 (ODbL 1.0); source: Local Government Directory lgdirectory.gov.in via Pathways Data","DISTRICT":null,"ELEV_MEAN_M":199.4,"ELEV_MIN_M":180.0,"ELEV_MAX_M":219.0,"PCT_BELOW_5M":0.0,"PCT_BELOW_10M":0.0},"geometry":{"type":"Polygon","coordinates":[[[79.5726,18.3002],[79.5759,18.2798],[79.5916,18.2514],[79.6,18.2578],[79.6214,18.2525],[79.641,18.2691],[79.6636,18.249],[79.6802,18.2496],[79.6967,18.2614],[79.7044,18.2773],[79.6414,18.3543],[79.6426,18.3668],[79.625,18.36],[79.6139,18.3662],[79.5951,18.3615],[79.58,18.331],[79.5828,18.3146],[79.5738,18.3114],[79.5726,18.3002]]]}},{"type":"Feature","properties":{"SUBDISTRICT":"Ramagundam","STATE":"Telangana","shapeID":"7132399B35990536388828","source":"geoBoundaries gbOpen IND ADM3 (ODbL 1.0); source: Local Government Directory lgdirectory.gov.in via Pathways Data","DISTRICT":null,"ELEV_MEAN_M":157.6,"ELEV_MIN_M":80.0,"ELEV_MAX_M":305.0,"PCT_BELOW_5M":0.0,"PCT_BELOW_10M":0.0},"geometry":{"type":"Polygon","coordinates":[[[79.3741,18.7738],[79.4096,18.7629],[79.4373,18.7014],[79.4623,18.7153],[79.4759,18.6962],[79.4962,18.7066],[79.4966,18.7389],[79.5696,18.782],[79.5357,18.7961],[79.5193,18.793],[79.488,18.8246],[79.4629,18.8389],[79.4163,18.8044],[79.4128,18.7792],[79.3959,18.7864],[79.376,18.7748],[79.3741,18.7738]]]}},{"type":"Feature","properties":{"SUBDISTRICT":"Mulkalapally","STATE":"Telangana","shapeID":"7132399B51183502998516","source":"geoBoundaries gbOpen IND ADM3 (ODbL 1.0); source: Local Government Directory lgdirectory.gov.in via Pathways Data","DISTRICT":null,"ELEV_MEAN_M":132.3,"ELEV_MIN_M":41.0,"ELEV_MAX_M":430.0,"PCT_BELOW_5M":0.0,"PCT_BELOW_10M":0.0},"geometry":{"type":"Polygon","coordinates":[[[80.6562,17.5582],[80.679,17.5232],[80.6908,17.4811],[80.7124,17.4762],[80.7228,17.4668],[80.7124,17.418],[80.7227,17.4012],[80.7594,17.3976],[80.8048,17.4182],[80.8469,17.3607],[80.8601,17.3652],[80.8766,17.3823],[80.898,17.4392],[80.9232,17.4316],[80.9373,17.4348],[80.9296,17.5311],[80.9403,17.5884],[80.9349,17.6077],[80.9196,17.6208],[80.9028,17.6219],[80.8699,17.6163],[80.8531,17.5862],[80.8005,17.5767],[80.7918,17.5686],[80.7715,17.5852],[80.7319,17.5919],[80.6802,17.5689],[80.6562,17.5582]]]}},{"type":"Feature","properties":{"SUBDISTRICT":"Gadwal","STATE":"Telangana","shapeID":"7132399B46889175926642","source":"geoBoundaries gbOpen IND ADM3 (ODbL 1.0); source: Local Government Directory lgdirectory.gov.in via Pathways Data","DISTRICT":null,"ELEV_MEAN_M":323.4,"ELEV_MIN_M":260.0,"ELEV_MAX_M":374.0,"PCT_BELOW_5M":0.0,"PCT_BELOW_10M":0.0},"geometry":{"type":"Polygon","coordinates":[[[77.7254,16.2057],[77.7379,16.1875],[77.728,16.1607],[77.756,16.1626],[77.7652,16.1734],[77.7911,16.1687],[77.7878,16.1147],[77.7952,16.0874],[77.811,16.0835],[77.8091,16.1001],[77.8192,16.1229],[77.8408,16.1371],[77.8565,16.1375],[77.882,16.1505],[77.8962,16.1685],[77.9059,16.1718],[77.9332,16.1518],[77.9235,16.2001],[77.8908,16.212],[77.8313,16.2616],[77.8009,16.2745],[77.754,16.3081],[77.7504,16.2859],[77.7333,16.2574],[77.7259,16.2066],[77.7254,16.2057]]]}},{"type":"Feature","properties":{"SUBDISTRICT":"Mudhole","STATE":"Telangana","shapeID":"7132399B70229617875814","source":"geoBoundaries gbOpen IND ADM3 (ODbL 1.0); source: Local Government Directory lgdirectory.gov.in via Pathways Data","DISTRICT":null,"ELEV_MEAN_M":357.1,"ELEV_MIN_M":329.0,"ELEV_MAX_M":413.0,"PCT_BELOW_5M":0.0,"PCT_BELOW_10M":0.0},"geometry":{"type":"Polygon","coordinates":[[[77.8907,18.9322],[77.9204,18.9397],[77.9306,18.9344],[77.9327,18.9224],[77.9466,18.9283],[77.9641,18.926],[77.972,18.9178],[77.9829,18.9214],[77.9977,18.9153],[78.0008,18.9068],[78.0403,18.9001],[78.0442,18.9079],[78.0244,18.9184],[78.0256,18.9283],[78.0414,18.9429],[78.0554,18.9965],[78.019,19.0147],[77.9733,19.0144],[77.9242,19.0285],[77.8999,19.0273],[77.9153,19.0027],[77.9054,18.9745],[77.893,18.9659],[77.8954,18.9483],[77.8907,18.9322]]]}},{"type":"Feature","properties":{"SUBDISTRICT":"Manakondur","STATE":"Telangana","shapeID":"7132399B91445804122639","source":"geoBoundaries gbOpen IND ADM3 (ODbL 1.0); source: Local Government Directory lgdirectory.gov.in via Pathways Data","DISTRICT":null,"ELEV_MEAN_M":260.4,"ELEV_MIN_M":215.0,"ELEV_MAX_M":416.0,"PCT_BELOW_5M":0.0,"PCT_BELOW_10M":0.0},"geometry":{"type":"Polygon","coordinates":[[[79.1711,18.3778],[79.1885,18.3695],[79.1926,18.3574],[79.2073,18.3592],[79.2198,18.3525],[79.2256,18.3271],[79.2441,18.3078],[79.2768,18.296],[79.295,18.3196],[79.2997,18.3424],[79.3317,18.366],[79.3336,18.3981],[79.3284,18.4108],[79.3591,18.4332],[79.3047,18.4674],[79.2601,18.4505],[79.2408,18.4301],[79.1738,18.4065],[79.1711,18.3778]]]}},{"type":"Feature","properties":{"SUBDISTRICT":"Tiryani","STATE":"Telangana","shapeID":"7132399B78880909455352","source":"geoBoundaries gbOpen IND ADM3 (ODbL 1.0); source: Local Government Directory lgdirectory.gov.in via Pathways Data","DISTRICT":null,"ELEV_MEAN_M":393.7,"ELEV_MIN_M":189.0,"ELEV_MAX_M":634.0,"PCT_BELOW_5M":0.0,"PCT_BELOW_10M":0.0},"geometry":{"type":"Polygon","coordinates":[[[79.0841,19.1895],[79.1125,19.1725],[79.1437,19.1372],[79.1527,19.1121],[79.1182,19.062],[79.119,19.054],[79.1331,19.0543],[79.1421,19.0393],[79.1835,19.0454],[79.1942,19.0381],[79.228,19.0361],[79.2279,19.0594],[79.2452,19.0861],[79.2662,19.0894],[79.2873,19.1146],[79.3109,19.1011],[79.3169,19.1043],[79.3237,19.1338],[79.3193,19.1632],[79.3415,19.1576],[79.3415,19.1829],[79.3236,19.2021],[79.3212,19.2481],[79.2994,19.2446],[79.2971,19.2515],[79.3142,19.2683],[79.3112,19.2827],[79.2865,19.2864],[79.2814,19.2984],[79.256,19.2909],[79.2338,19.3012],[79.2246,19.2934],[79.2067,19.2948],[79.175,19.3198],[79.1576,19.3014],[79.1487,19.3004],[79.1278,19.3191],[79.1135,19.3206],[79.1055,19.3149],[79.104,19.2983],[79.1348,19.2813],[79.0865,19.1981],[79.0841,19.1895]]]}},{"type":"Feature","properties":{"SUBDISTRICT":"Gurrampode","STATE":"Telangana","shapeID":"7132399B16789048083583","source":"geoBoundaries gbOpen IND ADM3 (ODbL 1.0); source: Local Government Directory lgdirectory.gov.in via Pathways Data","DISTRICT":null,"ELEV_MEAN_M":220.8,"ELEV_MIN_M":170.0,"ELEV_MAX_M":319.0,"PCT_BELOW_5M":0.0,"PCT_BELOW_10M":0.0},"geometry":{"type":"Polygon","coordinates":[[[79.0336,16.7672],[79.0459,16.7559],[79.0438,16.7411],[79.0527,16.7272],[79.0769,16.7397],[79.0908,16.7547],[79.1048,16.8057],[79.1352,16.8015],[79.1547,16.8121],[79.1754,16.8139],[79.1917,16.8115],[79.2021,16.7952],[79.2302,16.8386],[79.2186,16.8462],[79.2292,16.8744],[79.2133,16.9026],[79.2189,16.9233],[79.2053,16.9445],[79.1734,16.9454],[79.1406,16.9369],[79.1139,16.9409],[79.0959,16.931],[79.0786,16.9318],[79.077,16.8979],[79.0484,16.851],[79.0551,16.8288],[79.0447,16.8193],[79.0359,16.7814],[79.0336,16.7672]]]}},{"type":"Feature","properties":{"SUBDISTRICT":"Bhongir","STATE":"Telangana","shapeID":"7132399B62702005992892","source":"geoBoundaries gbOpen IND ADM3 (ODbL 1.0); source: Local Government Directory lgdirectory.gov.in via Pathways Data","DISTRICT":null,"ELEV_MEAN_M":400.2,"ELEV_MIN_M":330.0,"ELEV_MAX_M":588.0,"PCT_BELOW_5M":0.0,"PCT_BELOW_10M":0.0},"geometry":{"type":"Polygon","coordinates":[[[78.8506,17.5645],[78.8638,17.5393],[78.8564,17.5161],[78.8661,17.5002],[78.8634,17.4752],[78.8801,17.4632],[78.8881,17.4768],[78.9071,17.4746],[78.9095,17.4532],[78.9382,17.437],[78.9391,17.4263],[78.9273,17.4254],[78.9162,17.4361],[78.9082,17.4294],[78.9166,17.406],[78.909,17.3815],[78.9194,17.3754],[78.9478,17.387],[78.9551,17.4134],[78.9684,17.4184],[78.975,17.4315],[78.9732,17.4587],[78.9638,17.4657],[78.967,17.4754],[79.0077,17.4701],[79.0477,17.495],[79.0599,17.5197],[79.0554,17.5247],[79.0186,17.5376],[78.9962,17.5595],[78.9375,17.5572],[78.9272,17.5617],[78.9291,17.5752],[78.9143,17.5918],[78.9025,17.5828],[78.8806,17.585],[78.8733,17.5744],[78.8553,17.5702],[78.8506,17.5645]]]}},{"type":"Feature","properties":{"SUBDISTRICT":"Tadwai","STATE":"Telangana","shapeID":"7132399B64830816750120","source":"geoBoundaries gbOpen IND ADM3 (ODbL 1.0); source: Local Government Directory lgdirectory.gov.in via Pathways Data","DISTRICT":null,"ELEV_MEAN_M":571.2,"ELEV_MIN_M":479.0,"ELEV_MAX_M":674.0,"PCT_BELOW_5M":0.0,"PCT_BELOW_10M":0.0},"geometry":{"type":"Polygon","coordinates":[[[78.1401,18.3528],[78.1477,18.3377],[78.1693,18.3221],[78.172,18.2929],[78.1841,18.2741],[78.1888,18.2472],[78.203,18.2193],[78.2126,18.2188],[78.2153,18.2092],[78.2308,18.2111],[78.231,18.2353],[78.2485,18.2569],[78.2503,18.2491],[78.2665,18.242],[78.2706,18.2539],[78.2917,18.2578],[78.2877,18.2661],[78.2924,18.2982],[78.2781,18.3426],[78.2474,18.3489],[78.234,18.3691],[78.1925,18.3557],[78.1857,18.36],[78.1838,18.3726],[78.1535,18.3683],[78.1429,18.3597],[78.1401,18.3528]]]}},{"type":"Feature","properties":{"SUBDISTRICT":"Pinapaka","STATE":"Telangana","shapeID":"7132399B96973502285106","source":"geoBoundaries gbOpen IND ADM3 (ODbL 1.0); source: Local Government Directory lgdirectory.gov.in via Pathways Data","DISTRICT":null,"ELEV_MEAN_M":127.3,"ELEV_MIN_M":58.0,"ELEV_MAX_M":523.0,"PCT_BELOW_5M":0.0,"PCT_BELOW_10M":0.0},"geometry":{"type":"Polygon","coordinates":[[[80.5377,18.0991],[80.543,18.0804],[80.5621,18.0749],[80.5721,18.0611],[80.5796,18.0626],[80.5986,18.0477],[80.6114,18.0589],[80.6126,17.9709],[80.6488,17.9416],[80.6547,17.9434],[80.6587,17.946],[80.6459,17.9772],[80.6459,18.0029],[80.7023,18.0174],[80.7058,18.0349],[80.6991,18.0527],[80.7206,18.0716],[80.7247,18.0911],[80.6862,18.1441],[80.6743,18.144],[80.6623,18.1635],[80.6612,18.1557],[80.6505,18.1547],[80.6584,18.1432],[80.6565,18.1341],[80.6319,18.14],[80.6269,18.1272],[80.6449,18.1213],[80.6368,18.1089],[80.6181,18.1126],[80.6026,18.0832],[80.5657,18.1028],[80.5536,18.104],[80.5444,18.0963],[80.5377,18.0991]]]}},{"type":"Feature","properties":{"SUBDISTRICT":"Alair","STATE":"Telangana","shapeID":"7132399B68320830160367","source":"geoBoundaries gbOpen IND ADM3 (ODbL 1.0); source: Local Government Directory lgdirectory.gov.in via Pathways Data","DISTRICT":null,"ELEV_MEAN_M":366.8,"ELEV_MIN_M":324.0,"ELEV_MAX_M":434.0,"PCT_BELOW_5M":0.0,"PCT_BELOW_10M":0.0},"geometry":{"type":"Polygon","coordinates":[[[78.9979,17.6906],[79.029,17.6821],[79.0445,17.6648],[79.0289,17.6645],[79.0225,17.655],[79.0384,17.6381],[79.0293,17.6194],[79.0401,17.6219],[79.0484,17.6115],[79.0445,17.5907],[79.0649,17.6254],[79.0778,17.6129],[79.0702,17.587],[79.0854,17.5991],[79.1019,17.6017],[79.1179,17.5969],[79.1269,17.585],[79.1493,17.5798],[79.1531,17.5847],[79.1481,17.5928],[79.1521,17.6201],[79.1385,17.6291],[79.1242,17.6675],[79.0966,17.6786],[79.0748,17.7121],[79.052,17.7225],[79.0247,17.709],[79.0055,17.7146],[79.0017,17.6975],[78.9979,17.6906]]]}},{"type":"Feature","properties":{"SUBDISTRICT":"Thungaturthy","STATE":"Telangana","shapeID":"7132399B25301426204748","source":"geoBoundaries gbOpen IND ADM3 (ODbL 1.0); source: Local Government Directory lgdirectory.gov.in via Pathways Data","DISTRICT":null,"ELEV_MEAN_M":225.6,"ELEV_MIN_M":194.0,"ELEV_MAX_M":277.0,"PCT_BELOW_5M":0.0,"PCT_BELOW_10M":0.0},"geometry":{"type":"Polygon","coordinates":[[[79.5088,17.4638],[79.5447,17.4242],[79.5447,17.4084],[79.5263,17.4052],[79.5158,17.3955],[79.533,17.378],[79.5527,17.3696],[79.5754,17.3637],[79.5976,17.3696],[79.6169,17.3918],[79.5976,17.3964],[79.6147,17.436],[79.6071,17.4455],[79.6053,17.4756],[79.622,17.4876],[79.6548,17.4749],[79.6545,17.5044],[79.6292,17.4916],[79.5943,17.5013],[79.5864,17.497],[79.5595,17.5018],[79.5448,17.5175],[79.5422,17.5073],[79.5523,17.4922],[79.5267,17.4884],[79.5107,17.4645],[79.5088,17.4638]]]}},{"type":"Feature","properties":{"SUBDISTRICT":"Bhiknoor","STATE":"Telangana","shapeID":"7132399B9114895137287","source":"geoBoundaries gbOpen IND ADM3 (ODbL 1.0); source: Local Government Directory lgdirectory.gov.in via Pathways Data","DISTRICT":null,"ELEV_MEAN_M":541.7,"ELEV_MIN_M":494.0,"ELEV_MAX_M":664.0,"PCT_BELOW_5M":0.0,"PCT_BELOW_10M":0.0},"geometry":{"type":"Polygon","coordinates":[[[78.3299,18.1976],[78.3599,18.1723],[78.3678,18.1509],[78.3886,18.1246],[78.3952,18.1313],[78.4146,18.1326],[78.4245,18.1424],[78.4278,18.1581],[78.4415,18.1665],[78.456,18.1328],[78.4905,18.1328],[78.4976,18.1395],[78.4888,18.1492],[78.4894,18.1575],[78.5041,18.1716],[78.4613,18.2213],[78.4325,18.216],[78.4032,18.2365],[78.3965,18.2561],[78.4001,18.2726],[78.3878,18.2835],[78.3823,18.3008],[78.3682,18.2935],[78.3629,18.2766],[78.3744,18.2584],[78.3662,18.2432],[78.3735,18.2331],[78.3685,18.221],[78.3569,18.214],[78.3491,18.2191],[78.3349,18.2023],[78.3299,18.1976]]]}},{"type":"Feature","properties":{"SUBDISTRICT":"Boinpalli","STATE":"Telangana","shapeID":"7132399B29927731265301","source":"geoBoundaries gbOpen IND ADM3 (ODbL 1.0); source: Local Government Directory lgdirectory.gov.in via Pathways Data","DISTRICT":null,"ELEV_MEAN_M":326.9,"ELEV_MIN_M":284.0,"ELEV_MAX_M":460.0,"PCT_BELOW_5M":0.0,"PCT_BELOW_10M":0.0},"geometry":{"type":"Polygon","coordinates":[[[78.8946,18.5373],[78.9038,18.5077],[78.8966,18.4824],[78.9182,18.4485],[78.9305,18.4013],[78.9482,18.3855],[78.9996,18.3758],[79.0243,18.3809],[78.9992,18.3935],[78.9808,18.4198],[78.9915,18.4497],[78.9894,18.4698],[78.959,18.5007],[78.9593,18.5346],[78.9523,18.546],[78.9614,18.5702],[78.9442,18.5733],[78.9343,18.5638],[78.9083,18.5608],[78.8965,18.543],[78.8946,18.5373]]]}},{"type":"Feature","properties":{"SUBDISTRICT":"Huzurabad","STATE":"Telangana","shapeID":"7132399B18274396733376","source":"geoBoundaries gbOpen IND ADM3 (ODbL 1.0); source: Local Government Directory lgdirectory.gov.in via Pathways Data","DISTRICT":null,"ELEV_MEAN_M":262.3,"ELEV_MIN_M":235.0,"ELEV_MAX_M":421.0,"PCT_BELOW_5M":0.0,"PCT_BELOW_10M":0.0},"geometry":{"type":"Polygon","coordinates":[[[79.3486,18.224],[79.3558,18.2114],[79.3855,18.2019],[79.3825,18.1296],[79.4164,18.1514],[79.447,18.1461],[79.4754,18.1492],[79.4787,18.1987],[79.4928,18.213],[79.468,18.2498],[79.442,18.2512],[79.4075,18.2803],[79.3935,18.2541],[79.3684,18.25],[79.3495,18.23],[79.3486,18.224]]]}},{"type":"Feature","properties":{"SUBDISTRICT":"Shankarampet (A)","STATE":"Telangana","shapeID":"7132399B57827012852508","source":"geoBoundaries gbOpen IND ADM3 (ODbL 1.0); source: Local Government Directory lgdirectory.gov.in via Pathways Data","DISTRICT":null,"ELEV_MEAN_M":447.0,"ELEV_MIN_M":417.0,"ELEV_MAX_M":505.0,"PCT_BELOW_5M":0.0,"PCT_BELOW_10M":0.0},"geometry":{"type":"Polygon","coordinates":[[[77.86,18.0793],[77.866,18.0251],[77.8789,18.0067],[77.9114,18.0135],[77.9253,18.0272],[77.97,17.9986],[77.9817,18.0072],[77.9856,18.0412],[77.9714,18.0698],[77.9941,18.0683],[77.9982,18.0736],[77.9888,18.1209],[77.942,18.1126],[77.9291,18.0994],[77.8621,18.0834],[77.86,18.0793]]]}},{"type":"Feature","properties":{"SUBDISTRICT":"Sarangapur","STATE":"Telangana","shapeID":"7132399B44567267063970","source":"geoBoundaries gbOpen IND ADM3 (ODbL 1.0); source: Local Government Directory lgdirectory.gov.in via Pathways Data","DISTRICT":null,"ELEV_MEAN_M":372.0,"ELEV_MIN_M":298.0,"ELEV_MAX_M":605.0,"PCT_BELOW_5M":0.0,"PCT_BELOW_10M":0.0},"geometry":{"type":"Polygon","coordinates":[[[78.1745,19.2375],[78.181,19.201],[78.1986,19.2047],[78.2052,19.191],[78.1808,19.1805],[78.1766,19.1428],[78.2169,19.1366],[78.2187,19.1209],[78.249,19.1059],[78.2723,19.1317],[78.2888,19.1139],[78.347,19.1192],[78.3627,19.1315],[78.353,19.1378],[78.3366,19.1369],[78.3294,19.1448],[78.3511,19.1663],[78.35,19.1732],[78.3605,19.1756],[78.3585,19.1884],[78.324,19.2045],[78.2909,19.2503],[78.2,19.3155],[78.1876,19.2801],[78.1878,19.2427],[78.1745,19.2375]]]}},{"type":"Feature","properties":{"SUBDISTRICT":"Dandepally","STATE":"Telangana","shapeID":"7132399B60297067374787","source":"geoBoundaries gbOpen IND ADM3 (ODbL 1.0); source: Local Government Directory lgdirectory.gov.in via Pathways Data","DISTRICT":null,"ELEV_MEAN_M":195.8,"ELEV_MIN_M":150.0,"ELEV_MAX_M":582.0,"PCT_BELOW_5M":0.0,"PCT_BELOW_10M":0.0},"geometry":{"type":"Polygon","coordinates":[[[79.0781,19.0245],[79.1209,18.9427],[79.1803,18.8892],[79.202,18.8976],[79.2048,18.9109],[79.1984,18.922],[79.1786,18.937],[79.1986,18.9544],[79.2185,18.9599],[79.2263,18.9821],[79.2387,18.9923],[79.2232,19.0019],[79.228,19.0361],[79.1942,19.0381],[79.1835,19.0454],[79.1421,19.0393],[79.1331,19.0543],[79.1205,19.0552],[79.0937,19.0351],[79.0781,19.0245]]]}},{"type":"Feature","properties":{"SUBDISTRICT":"Luxettipet","STATE":"Telangana","shapeID":"7132399B93103493543363","source":"geoBoundaries gbOpen IND ADM3 (ODbL 1.0); source: Local Government Directory lgdirectory.gov.in via Pathways Data","DISTRICT":null,"ELEV_MEAN_M":189.7,"ELEV_MIN_M":146.0,"ELEV_MAX_M":392.0,"PCT_BELOW_5M":0.0,"PCT_BELOW_10M":0.0},"geometry":{"type":"Polygon","coordinates":[[[79.1786,18.937],[79.2048,18.9109],[79.202,18.8976],[79.1803,18.8892],[79.1912,18.8761],[79.2447,18.8729],[79.2801,18.8383],[79.2998,18.865],[79.2771,18.8955],[79.2941,18.9515],[79.2928,18.9703],[79.3124,19.0086],[79.2823,19.0035],[79.2625,18.9778],[79.2559,18.9906],[79.2487,18.9851],[79.2387,18.9923],[79.2263,18.9821],[79.2185,18.9599],[79.1986,18.9544],[79.1844,18.9423],[79.1786,18.937]]]}},{"type":"Feature","properties":{"SUBDISTRICT":"Kaddam Peddur","STATE":"Telangana","shapeID":"7132399B23053068076573","source":"geoBoundaries gbOpen IND ADM3 (ODbL 1.0); source: Local Government Directory lgdirectory.gov.in via Pathways Data","DISTRICT":null,"ELEV_MEAN_M":285.1,"ELEV_MIN_M":55.0,"ELEV_MAX_M":642.0,"PCT_BELOW_5M":0.0,"PCT_BELOW_10M":0.0},"geometry":{"type":"MultiPolygon","coordinates":[[[[78.5421,19.1176],[78.5774,19.0774],[78.5927,19.1095],[78.5926,19.1217],[78.5895,19.133],[78.5763,19.1386],[78.564,19.1318],[78.562,19.1167],[78.5514,19.1148],[78.5421,19.1176]]],[[[78.6601,19.3216],[78.6844,19.3067],[78.6901,19.2912],[78.6847,19.2009],[78.6762,19.1838],[78.6846,19.17],[78.7263,19.149],[78.7285,19.1411],[78.7112,19.1033],[78.6891,19.0913],[78.6871,19.0274],[78.7421,19.0109],[78.7593,19.0143],[78.836,19.0582],[78.8299,19.072],[78.8141,19.0834],[78.8246,19.0998],[78.8196,19.1078],[78.823,19.1214],[78.834,19.1305],[78.8775,19.1066],[78.8897,19.1494],[78.8749,19.1624],[78.8781,19.173],[78.9042,19.19],[78.9172,19.2202],[78.9333,19.2321],[78.9503,19.2607],[78.8916,19.3062],[78.8817,19.2905],[78.8596,19.291],[78.8279,19.25],[78.7903,19.246],[78.7461,19.2927],[78.7183,19.3032],[78.7153,19.3392],[78.7073,19.3418],[78.6704,19.3268],[78.6601,19.3216]]]]}},{"type":"Feature","properties":{"SUBDISTRICT":"Kamareddy","STATE":"Telangana","shapeID":"7132399B82737958267673","source":"geoBoundaries gbOpen IND ADM3 (ODbL 1.0); source: Local Government Directory lgdirectory.gov.in via Pathways Data","DISTRICT":null,"ELEV_MEAN_M":524.1,"ELEV_MIN_M":489.0,"ELEV_MAX_M":578.0,"PCT_BELOW_5M":0.0,"PCT_BELOW_10M":0.0},"geometry":{"type":"Polygon","coordinates":[[[78.2781,18.3426],[78.2924,18.2982],[78.2877,18.2661],[78.2925,18.2559],[78.3225,18.2694],[78.3559,18.2721],[78.3759,18.3002],[78.4146,18.303],[78.3789,18.3203],[78.3763,18.3417],[78.3945,18.3791],[78.3906,18.3883],[78.3831,18.3887],[78.3722,18.375],[78.357,18.371],[78.3501,18.3798],[78.3303,18.3698],[78.3251,18.3847],[78.3163,18.3867],[78.3077,18.3752],[78.3146,18.3671],[78.2985,18.3628],[78.2905,18.3461],[78.28,18.3424],[78.2781,18.3426]]]}},{"type":"Feature","properties":{"SUBDISTRICT":"Keshampet","STATE":"Telangana","shapeID":"7132399B51004740918859","source":"geoBoundaries gbOpen IND ADM3 (ODbL 1.0); source: Local Government Directory lgdirectory.gov.in via Pathways Data","DISTRICT":null,"ELEV_MEAN_M":611.4,"ELEV_MIN_M":538.0,"ELEV_MAX_M":686.0,"PCT_BELOW_5M":0.0,"PCT_BELOW_10M":0.0},"geometry":{"type":"Polygon","coordinates":[[[78.23,17.026],[78.2368,17.0103],[78.2541,17.0124],[78.2833,16.9153],[78.2807,16.8865],[78.3073,16.8674],[78.3178,16.875],[78.313,16.8955],[78.3174,16.9063],[78.3629,16.9058],[78.3657,16.925],[78.344,16.9394],[78.3795,16.9885],[78.394,17.0323],[78.3701,17.0635],[78.342,17.0595],[78.3145,17.0672],[78.3072,17.062],[78.2972,17.0729],[78.2647,17.0672],[78.2516,17.0418],[78.2318,17.0347],[78.23,17.026]]]}},{"type":"Feature","properties":{"SUBDISTRICT":"Lingal","STATE":"Telangana","shapeID":"7132399B75486370292997","source":"geoBoundaries gbOpen IND ADM3 (ODbL 1.0); source: Local Government Directory lgdirectory.gov.in via Pathways Data","DISTRICT":null,"ELEV_MEAN_M":429.5,"ELEV_MIN_M":337.0,"ELEV_MAX_M":609.0,"PCT_BELOW_5M":0.0,"PCT_BELOW_10M":0.0},"geometry":{"type":"Polygon","coordinates":[[[78.3869,16.2311],[78.3933,16.2189],[78.4032,16.2169],[78.4408,16.2363],[78.4566,16.2283],[78.4674,16.2299],[78.4704,16.2375],[78.5077,16.2094],[78.5484,16.2043],[78.5695,16.213],[78.5802,16.2438],[78.5757,16.2586],[78.5477,16.2671],[78.5347,16.2872],[78.5139,16.2821],[78.5212,16.3008],[78.5115,16.3143],[78.5184,16.3267],[78.5344,16.3189],[78.5465,16.3279],[78.504,16.3822],[78.4722,16.375],[78.4745,16.3555],[78.4636,16.3328],[78.4476,16.3294],[78.4435,16.3148],[78.4266,16.3011],[78.3991,16.2421],[78.3875,16.2389],[78.3869,16.2311]]]}},{"type":"Feature","properties":{"SUBDISTRICT":"Jannaram","STATE":"Telangana","shapeID":"7132399B27655436055802","source":"geoBoundaries gbOpen IND ADM3 (ODbL 1.0); source: Local Government Directory lgdirectory.gov.in via Pathways Data","DISTRICT":null,"ELEV_MEAN_M":275.0,"ELEV_MIN_M":152.0,"ELEV_MAX_M":661.0,"PCT_BELOW_5M":0.0,"PCT_BELOW_10M":0.0},"geometry":{"type":"Polygon","coordinates":[[[78.8749,19.1624],[78.8897,19.1494],[78.8771,19.0988],[78.8836,19.0946],[78.9151,19.1336],[78.924,19.1341],[78.9437,19.1015],[78.95,19.0691],[78.9762,19.0733],[79.02,19.0622],[79.0566,19.0443],[79.0781,19.0245],[79.119,19.054],[79.1182,19.062],[79.1527,19.1121],[79.1437,19.1372],[79.1252,19.1604],[79.0841,19.1895],[79.0745,19.2218],[79.0524,19.2062],[79.0101,19.2361],[78.9857,19.2395],[78.9503,19.2607],[78.9333,19.2321],[78.9172,19.2202],[78.9042,19.19],[78.8781,19.173],[78.8749,19.1624]]]}},{"type":"Feature","properties":{"SUBDISTRICT":"Musheerabad","STATE":"Telangana","shapeID":"7132399B38414756301463","source":"geoBoundaries gbOpen IND ADM3 (ODbL 1.0); source: Local Government Directory lgdirectory.gov.in via Pathways Data","DISTRICT":null,"ELEV_MEAN_M":509.5,"ELEV_MIN_M":491.0,"ELEV_MAX_M":539.0,"PCT_BELOW_5M":0.0,"PCT_BELOW_10M":0.0},"geometry":{"type":"Polygon","coordinates":[[[78.4823,17.4194],[78.4827,17.4111],[78.4973,17.4085],[78.5029,17.3965],[78.522,17.3946],[78.526,17.4185],[78.4837,17.4189],[78.4823,17.4194]]]}},{"type":"Feature","properties":{"SUBDISTRICT":"Ibrahimpatnam","STATE":"Telangana","shapeID":"7132399B33329803164661","source":"geoBoundaries gbOpen IND ADM3 (ODbL 1.0); source: Local Government Directory lgdirectory.gov.in via Pathways Data","DISTRICT":null,"ELEV_MEAN_M":547.7,"ELEV_MIN_M":427.0,"ELEV_MAX_M":650.0,"PCT_BELOW_5M":0.0,"PCT_BELOW_10M":0.0},"geometry":{"type":"Polygon","coordinates":[[[78.4978,17.2216],[78.5059,17.2167],[78.5234,17.2255],[78.5257,17.2182],[78.503,17.175],[78.5225,17.1647],[78.5276,17.1429],[78.5438,17.1313],[78.5779,17.1229],[78.5805,17.0939],[78.6208,17.0783],[78.6271,17.0854],[78.6282,17.1216],[78.637,17.14],[78.6221,17.1503],[78.6205,17.1643],[78.6325,17.1828],[78.6582,17.1834],[78.6731,17.1994],[78.6955,17.1801],[78.7146,17.1966],[78.7442,17.1987],[78.743,17.2056],[78.7813,17.1963],[78.7693,17.2192],[78.814,17.209],[78.8271,17.2364],[78.7629,17.2644],[78.7248,17.2549],[78.6941,17.256],[78.6553,17.2294],[78.5718,17.2408],[78.499,17.2326],[78.4978,17.2216]]]}},{"type":"Feature","properties":{"SUBDISTRICT":"Dornakal","STATE":"Telangana","shapeID":"7132399B55843234075308","source":"geoBoundaries gbOpen IND ADM3 (ODbL 1.0); source: Local Government Directory lgdirectory.gov.in via Pathways Data","DISTRICT":null,"ELEV_MEAN_M":156.0,"ELEV_MIN_M":124.0,"ELEV_MAX_M":262.0,"PCT_BELOW_5M":0.0,"PCT_BELOW_10M":0.0},"geometry":{"type":"Polygon","coordinates":[[[79.9889,17.3942],[79.99,17.374],[80.0,17.3629],[80.0545,17.3472],[80.0807,17.3675],[80.1031,17.3597],[80.1114,17.3642],[80.1208,17.3814],[80.1366,17.3921],[80.1433,17.3932],[80.1621,17.3785],[80.1695,17.455],[80.1288,17.4466],[80.1281,17.4821],[80.1069,17.4906],[80.0901,17.5137],[80.062,17.5036],[80.0505,17.4915],[80.048,17.4618],[80.0239,17.4549],[80.0026,17.4348],[79.9972,17.3966],[79.9917,17.3945],[79.9889,17.3942]]]}},{"type":"Feature","properties":{"SUBDISTRICT":"Neradigonda","STATE":"Telangana","shapeID":"7132399B16572610166888","source":"geoBoundaries gbOpen IND ADM3 (ODbL 1.0); source: Local Government Directory lgdirectory.gov.in via Pathways Data","DISTRICT":null,"ELEV_MEAN_M":445.5,"ELEV_MIN_M":244.0,"ELEV_MAX_M":619.0,"PCT_BELOW_5M":0.0,"PCT_BELOW_10M":0.0},"geometry":{"type":"Polygon","coordinates":[[[78.2909,19.2503],[78.324,19.2045],[78.3707,19.1832],[78.383,19.1694],[78.4013,19.1655],[78.4196,19.1679],[78.4328,19.177],[78.44,19.1916],[78.4375,19.2261],[78.4974,19.2191],[78.5065,19.2216],[78.5147,19.2346],[78.5599,19.2565],[78.5241,19.2873],[78.5043,19.2915],[78.5011,19.3166],[78.4838,19.3157],[78.4799,19.3214],[78.4676,19.3651],[78.4384,19.3668],[78.4102,19.3962],[78.3868,19.3826],[78.3994,19.3449],[78.3829,19.327],[78.377,19.3075],[78.3609,19.3049],[78.3601,19.2912],[78.3459,19.2783],[78.3438,19.2646],[78.3326,19.2694],[78.2998,19.2607],[78.2909,19.2503]]]}},{"type":"Feature","properties":{"SUBDISTRICT":"Mahadevpur","STATE":"Telangana","shapeID":"7132399B28624842445644","source":"geoBoundaries gbOpen IND ADM3 (ODbL 1.0); source: Local Government Directory lgdirectory.gov.in via Pathways Data","DISTRICT":null,"ELEV_MEAN_M":126.7,"ELEV_MIN_M":79.0,"ELEV_MAX_M":375.0,"PCT_BELOW_5M":0.0,"PCT_BELOW_10M":0.0},"geometry":{"type":"Polygon","coordinates":[[[79.8201,18.7543],[79.8789,18.7375],[79.903,18.7511],[79.9026,18.729],[79.9215,18.7004],[79.9211,18.6731],[79.9607,18.6936],[80.0164,18.6309],[80.0325,18.6395],[80.0593,18.6279],[80.0725,18.6512],[80.1138,18.6818],[80.0916,18.7051],[80.0535,18.7251],[80.04,18.7506],[80.0258,18.7551],[80.0194,18.7708],[79.939,18.7883],[79.9009,18.8346],[79.8698,18.8363],[79.8618,18.8721],[79.8483,18.8824],[79.8363,18.8688],[79.8309,18.8406],[79.8539,18.8012],[79.8509,18.7899],[79.8219,18.7579],[79.8201,18.7543]]]}},{"type":"Feature","properties":{"SUBDISTRICT":"Mutharam Mahadevpur","STATE":"Telangana","shapeID":"7132399B88254065408585","source":"geoBoundaries gbOpen IND ADM3 (ODbL 1.0); source: Local Government Directory lgdirectory.gov.in via Pathways Data","DISTRICT":null,"ELEV_MEAN_M":152.8,"ELEV_MIN_M":108.0,"ELEV_MAX_M":237.0,"PCT_BELOW_5M":0.0,"PCT_BELOW_10M":0.0},"geometry":{"type":"Polygon","coordinates":[[[79.9309,18.5129],[79.9589,18.5072],[79.9701,18.4773],[79.9929,18.4904],[80.0088,18.4746],[80.025,18.4688],[80.0407,18.5162],[80.0861,18.5181],[80.0527,18.482],[80.0851,18.477],[80.0903,18.4681],[80.119,18.4667],[80.1166,18.4571],[80.105,18.4576],[80.0791,18.4279],[80.0397,18.4311],[80.0305,18.4427],[80.0247,18.4172],[80.0309,18.4008],[80.0598,18.4009],[80.0767,18.3871],[80.0827,18.3923],[80.0838,18.4224],[80.0985,18.4316],[80.1435,18.4181],[80.153,18.4134],[80.1472,18.3733],[80.1752,18.3414],[80.1747,18.3487],[80.2189,18.3902],[80.2268,18.428],[80.2294,18.5526],[80.2485,18.5704],[80.2385,18.5784],[80.1667,18.5967],[80.1341,18.6345],[80.1056,18.6161],[80.1019,18.6774],[80.0725,18.6512],[80.0593,18.6279],[80.0382,18.6384],[80.0255,18.6369],[79.9911,18.5903],[79.9413,18.5643],[79.9319,18.5163],[79.9309,18.5129]]]}},{"type":"Feature","properties":{"SUBDISTRICT":"Nandipet","STATE":"Telangana","shapeID":"7132399B23246464452775","source":"geoBoundaries gbOpen IND ADM3 (ODbL 1.0); source: Local Government Directory lgdirectory.gov.in via Pathways Data","DISTRICT":null,"ELEV_MEAN_M":346.0,"ELEV_MIN_M":274.0,"ELEV_MAX_M":441.0,"PCT_BELOW_5M":0.0,"PCT_BELOW_10M":0.0},"geometry":{"type":"Polygon","coordinates":[[[78.0784,18.8394],[78.1321,18.8261],[78.1359,18.8084],[78.1878,18.8021],[78.1904,18.8253],[78.1798,18.8477],[78.1827,18.8593],[78.2037,18.8747],[78.2211,18.8671],[78.2362,18.8709],[78.2326,18.908],[78.2591,18.9153],[78.2816,18.9452],[78.2728,18.9833],[78.2375,19.0042],[78.2066,18.9999],[78.1619,18.9817],[78.1341,18.9601],[78.0863,18.9398],[78.0889,18.8754],[78.0812,18.8456],[78.0784,18.8394]]]}},{"type":"Feature","properties":{"SUBDISTRICT":"Nizamsagar","STATE":"Telangana","shapeID":"7132399B80113667536802","source":"geoBoundaries gbOpen IND ADM3 (ODbL 1.0); source: Local Government Directory lgdirectory.gov.in via Pathways Data","DISTRICT":null,"ELEV_MEAN_M":419.2,"ELEV_MIN_M":383.0,"ELEV_MAX_M":496.0,"PCT_BELOW_5M":0.0,"PCT_BELOW_10M":0.0},"geometry":{"type":"Polygon","coordinates":[[[77.8548,18.2152],[77.855,18.2073],[77.867,18.2031],[77.8655,18.1931],[77.8828,18.1892],[77.9058,18.1941],[77.9036,18.1833],[77.9098,18.1726],[77.9193,18.1721],[77.9191,18.1918],[77.9321,18.2087],[77.9563,18.2176],[77.9618,18.2139],[77.9623,18.2396],[77.9547,18.2437],[77.983,18.256],[77.9622,18.2841],[77.9809,18.3074],[77.9662,18.3316],[77.9247,18.3342],[77.9232,18.3066],[77.872,18.2971],[77.8607,18.2635],[77.8667,18.2199],[77.8588,18.2172],[77.8548,18.2152]]]}},{"type":"Feature","properties":{"SUBDISTRICT":"Kubeer","STATE":"Telangana","shapeID":"7132399B12498362287108","source":"geoBoundaries gbOpen IND ADM3 (ODbL 1.0); source: Local Government Directory lgdirectory.gov.in via Pathways Data","DISTRICT":null,"ELEV_MEAN_M":408.8,"ELEV_MIN_M":356.0,"ELEV_MAX_M":548.0,"PCT_BELOW_5M":0.0,"PCT_BELOW_10M":0.0},"geometry":{"type":"Polygon","coordinates":[[[77.8416,19.1393],[77.8775,19.1271],[77.8872,19.1351],[77.8959,19.1336],[77.9123,19.1223],[77.9194,19.1242],[77.916,19.135],[77.927,19.1516],[77.9401,19.1431],[77.9824,19.1344],[77.9864,19.1459],[77.9734,19.1598],[77.9846,19.1949],[77.9916,19.1965],[78.005,19.1912],[78.006,19.1708],[78.0304,19.165],[78.0618,19.2408],[78.0523,19.2485],[78.05,19.2719],[78.0315,19.2797],[78.0158,19.302],[77.9896,19.3099],[77.9668,19.3326],[77.9447,19.3433],[77.9163,19.3188],[77.8972,19.3219],[77.892,19.3132],[77.8648,19.3029],[77.8658,19.2849],[77.9046,19.278],[77.9097,19.2681],[77.9044,19.257],[77.8886,19.2611],[77.8713,19.2561],[77.8484,19.1891],[77.8623,19.1817],[77.8515,19.1538],[77.8416,19.1393]]]}},{"type":"Feature","properties":{"SUBDISTRICT":"Koutala","STATE":"Telangana","shapeID":"7132399B53721838038979","source":"geoBoundaries gbOpen IND ADM3 (ODbL 1.0); source: Local Government Directory lgdirectory.gov.in via Pathways Data","DISTRICT":null,"ELEV_MEAN_M":171.3,"ELEV_MIN_M":133.0,"ELEV_MAX_M":251.0,"PCT_BELOW_5M":0.0,"PCT_BELOW_10M":0.0},"geometry":{"type":"Polygon","coordinates":[[[79.6367,19.5722],[79.6702,19.524],[79.6766,19.5064],[79.6695,19.4881],[79.6729,19.4781],[79.6968,19.4884],[79.7126,19.4792],[79.7158,19.4858],[79.7511,19.4817],[79.7429,19.5051],[79.7665,19.5462],[79.7606,19.5611],[79.7785,19.5616],[79.8118,19.5792],[79.7998,19.5825],[79.784,19.6001],[79.7468,19.6055],[79.7194,19.5857],[79.6434,19.5758],[79.6367,19.5722]]]}},{"type":"Feature","properties":{"SUBDISTRICT":"Jagitial","STATE":"Telangana","shapeID":"7132399B23911170747055","source":"geoBoundaries gbOpen IND ADM3 (ODbL 1.0); source: Local Government Directory lgdirectory.gov.in via Pathways Data","DISTRICT":null,"ELEV_MEAN_M":282.2,"ELEV_MIN_M":192.0,"ELEV_MAX_M":513.0,"PCT_BELOW_5M":0.0,"PCT_BELOW_10M":0.0},"geometry":{"type":"Polygon","coordinates":[[[78.8664,18.7803],[78.897,18.7683],[78.896,18.7546],[78.9023,18.7508],[78.9188,18.7611],[78.9264,18.7812],[78.9312,18.7783],[78.9484,18.7866],[78.9581,18.7992],[78.9343,18.8032],[78.9338,18.8191],[78.9402,18.8282],[78.9358,18.8536],[78.9148,18.8127],[78.8902,18.8065],[78.8672,18.783],[78.8664,18.7803]]]}},{"type":"Feature","properties":{"SUBDISTRICT":"Laxmanchanda","STATE":"Telangana","shapeID":"7132399B81056551632287","source":"geoBoundaries gbOpen IND ADM3 (ODbL 1.0); source: Local Government Directory lgdirectory.gov.in via Pathways Data","DISTRICT":null,"ELEV_MEAN_M":309.1,"ELEV_MIN_M":277.0,"ELEV_MAX_M":345.0,"PCT_BELOW_5M":0.0,"PCT_BELOW_10M":0.0},"geometry":{"type":"Polygon","coordinates":[[[78.3928,19.0624],[78.3973,19.0345],[78.403,19.0304],[78.4009,19.0142],[78.409,19.0049],[78.4036,18.99],[78.4343,18.9652],[78.4656,18.9592],[78.4989,18.9656],[78.5094,18.9742],[78.4954,19.0041],[78.4742,19.015],[78.4628,19.0515],[78.4778,19.0618],[78.474,19.0915],[78.4555,19.0797],[78.4418,19.0824],[78.4354,19.0643],[78.3985,19.0676],[78.3928,19.0624]]]}},{"type":"Feature","properties":{"SUBDISTRICT":"Regode","STATE":"Telangana","shapeID":"7132399B67970189217980","source":"geoBoundaries gbOpen IND ADM3 (ODbL 1.0); source: Local Government Directory lgdirectory.gov.in via Pathways Data","DISTRICT":null,"ELEV_MEAN_M":529.2,"ELEV_MIN_M":463.0,"ELEV_MAX_M":583.0,"PCT_BELOW_5M":0.0,"PCT_BELOW_10M":0.0},"geometry":{"type":"Polygon","coordinates":[[[77.8019,17.9414],[77.8331,17.9168],[77.838,17.9044],[77.8614,17.9222],[77.8559,17.9338],[77.8722,17.9563],[77.8816,17.9563],[77.8858,17.9452],[77.8937,17.9427],[77.904,17.9424],[77.91,17.9499],[77.9073,17.9649],[77.8929,17.9722],[77.8799,17.9919],[77.9114,18.0135],[77.8789,18.0067],[77.8659,18.0257],[77.8418,18.0073],[77.8315,17.9857],[77.8308,17.9672],[77.8154,17.9611],[77.8024,17.945],[77.8019,17.9414]]]}},{"type":"Feature","properties":{"SUBDISTRICT":"Mamada","STATE":"Telangana","shapeID":"7132399B38215610857913","source":"geoBoundaries gbOpen IND ADM3 (ODbL 1.0); source: Local Government Directory lgdirectory.gov.in via Pathways Data","DISTRICT":null,"ELEV_MEAN_M":354.0,"ELEV_MIN_M":250.0,"ELEV_MAX_M":579.0,"PCT_BELOW_5M":0.0,"PCT_BELOW_10M":0.0},"geometry":{"type":"Polygon","coordinates":[[[78.3937,19.1671],[78.4078,19.1292],[78.3973,19.1118],[78.3958,19.093],[78.4181,19.0821],[78.4555,19.0797],[78.474,19.0915],[78.4778,19.0618],[78.4628,19.0515],[78.4742,19.015],[78.4954,19.0041],[78.5065,18.985],[78.5094,18.9742],[78.4989,18.9656],[78.5338,18.9436],[78.5707,18.9802],[78.5823,18.987],[78.6017,18.984],[78.601,19.012],[78.5769,19.0552],[78.5774,19.0774],[78.5351,19.1259],[78.5124,19.1331],[78.4985,19.146],[78.491,19.1762],[78.4674,19.1827],[78.4907,19.2009],[78.4939,19.2106],[78.4882,19.2185],[78.4375,19.2261],[78.44,19.1916],[78.4328,19.177],[78.4196,19.1679],[78.4013,19.1655],[78.3937,19.1671]]]}},{"type":"Feature","properties":{"SUBDISTRICT":"Peddemul","STATE":"Telangana","shapeID":"7132399B95698693615693","source":"geoBoundaries gbOpen IND ADM3 (ODbL 1.0); source: Local Government Directory lgdirectory.gov.in via Pathways Data","DISTRICT":null,"ELEV_MEAN_M":550.3,"ELEV_MIN_M":454.0,"ELEV_MAX_M":680.0,"PCT_BELOW_5M":0.0,"PCT_BELOW_10M":0.0},"geometry":{"type":"Polygon","coordinates":[[[77.514,17.4302],[77.5145,17.4155],[77.5394,17.4071],[77.5786,17.4182],[77.6065,17.4116],[77.6037,17.3706],[77.6293,17.3055],[77.6307,17.2555],[77.6539,17.2569],[77.6542,17.2523],[77.6599,17.2579],[77.657,17.2727],[77.6765,17.2695],[77.6901,17.2768],[77.6965,17.2455],[77.7083,17.2719],[77.7475,17.2906],[77.7493,17.3286],[77.7357,17.3418],[77.7329,17.3639],[77.7341,17.3877],[77.7559,17.3864],[77.7511,17.4084],[77.7328,17.4095],[77.7228,17.3958],[77.7097,17.3988],[77.6931,17.3795],[77.6777,17.3801],[77.6628,17.3895],[77.6633,17.4079],[77.6958,17.4163],[77.6861,17.4537],[77.6639,17.4639],[77.6691,17.4794],[77.6522,17.4842],[77.6569,17.5063],[77.6483,17.4979],[77.6445,17.4791],[77.615,17.473],[77.6147,17.4473],[77.5999,17.4457],[77.5772,17.4572],[77.5765,17.4325],[77.5374,17.4439],[77.5206,17.4349],[77.514,17.4302]]]}},{"type":"Feature","properties":{"SUBDISTRICT":"Karimnagar Rural","STATE":"Telangana","shapeID":"7132399B27986245711508","source":"geoBoundaries gbOpen IND ADM3 (ODbL 1.0); source: Local Government Directory lgdirectory.gov.in via Pathways Data","DISTRICT":null,"ELEV_MEAN_M":269.0,"ELEV_MIN_M":245.0,"ELEV_MAX_M":292.0,"PCT_BELOW_5M":0.0,"PCT_BELOW_10M":0.0},"geometry":{"type":"Polygon","coordinates":[[[79.078,18.4229],[79.0853,18.4148],[79.0824,18.409],[79.099,18.3917],[79.1343,18.3769],[79.1646,18.4027],[79.2001,18.4175],[79.1572,18.4413],[79.1524,18.4389],[79.1452,18.4445],[79.1491,18.4529],[79.1287,18.4569],[79.1192,18.4568],[79.1127,18.4403],[79.103,18.4428],[79.0834,18.4251],[79.078,18.4229]]]}},{"type":"Feature","properties":{"SUBDISTRICT":"Khanapur","STATE":"Telangana","shapeID":"7132399B66338789341971","source":"geoBoundaries gbOpen IND ADM3 (ODbL 1.0); source: Local Government Directory lgdirectory.gov.in via Pathways Data","DISTRICT":null,"ELEV_MEAN_M":262.9,"ELEV_MIN_M":198.0,"ELEV_MAX_M":399.0,"PCT_BELOW_5M":0.0,"PCT_BELOW_10M":0.0},"geometry":{"type":"Polygon","coordinates":[[[78.5769,19.0552],[78.601,19.012],[78.6017,18.984],[78.6234,18.9778],[78.6364,18.981],[78.6624,19.0142],[78.6871,19.0274],[78.6891,19.0913],[78.7112,19.1033],[78.7285,19.1411],[78.7263,19.149],[78.6846,19.17],[78.6762,19.1838],[78.6621,19.1911],[78.6585,19.171],[78.6367,19.1429],[78.644,19.1398],[78.6372,19.1367],[78.6372,19.1075],[78.615,19.1127],[78.6067,19.0932],[78.591,19.1046],[78.5774,19.0774],[78.5771,19.064],[78.5769,19.0552]]]}},{"type":"Feature","properties":{"SUBDISTRICT":"Nagireddypet","STATE":"Telangana","shapeID":"7132399B38123385254249","source":"geoBoundaries gbOpen IND ADM3 (ODbL 1.0); source: Local Government Directory lgdirectory.gov.in via Pathways Data","DISTRICT":null,"ELEV_MEAN_M":449.3,"ELEV_MIN_M":413.0,"ELEV_MAX_M":534.0,"PCT_BELOW_5M":0.0,"PCT_BELOW_10M":0.0},"geometry":{"type":"Polygon","coordinates":[[[78.0269,18.1107],[78.0404,18.1171],[78.0412,18.097],[78.0788,18.0794],[78.0943,18.0766],[78.1015,18.0919],[78.1136,18.098],[78.1174,18.0793],[78.141,18.0765],[78.1772,18.1146],[78.1697,18.1193],[78.1686,18.1356],[78.1518,18.1584],[78.1452,18.1553],[78.1263,18.1153],[78.1113,18.1201],[78.0999,18.1302],[78.0835,18.1871],[78.057,18.149],[78.0617,18.1365],[78.0414,18.1343],[78.0352,18.1406],[78.027,18.1112],[78.0269,18.1107]]]}},{"type":"Feature","properties":{"SUBDISTRICT":"Bijinapally","STATE":"Telangana","shapeID":"7132399B698163384027","source":"geoBoundaries gbOpen IND ADM3 (ODbL 1.0); source: Local Government Directory lgdirectory.gov.in via Pathways Data","DISTRICT":null,"ELEV_MEAN_M":496.8,"ELEV_MIN_M":261.0,"ELEV_MAX_M":605.0,"PCT_BELOW_5M":0.0,"PCT_BELOW_10M":0.0},"geometry":{"type":"Polygon","coordinates":[[[78.1022,16.5164],[78.1065,16.4813],[78.1523,16.4464],[78.1781,16.4478],[78.1894,16.4399],[78.1918,16.4276],[78.224,16.4322],[78.2205,16.4537],[78.226,16.4905],[78.2735,16.5386],[78.2702,16.553],[78.2546,16.5635],[78.2594,16.5749],[78.2516,16.5969],[78.236,16.5947],[78.1893,16.624],[78.1827,16.6233],[78.1816,16.5922],[78.1177,16.6026],[78.1073,16.5453],[78.1022,16.5164]]]}},{"type":"Feature","properties":{"SUBDISTRICT":"Shaikpet","STATE":"Telangana","shapeID":"7132399B35739795373627","source":"geoBoundaries gbOpen IND ADM3 (ODbL 1.0); source: Local Government Directory lgdirectory.gov.in via Pathways Data","DISTRICT":null,"ELEV_MEAN_M":549.4,"ELEV_MIN_M":506.0,"ELEV_MAX_M":628.0,"PCT_BELOW_5M":0.0,"PCT_BELOW_10M":0.0},"geometry":{"type":"Polygon","coordinates":[[[78.3898,17.3991],[78.3957,17.3744],[78.4121,17.3835],[78.4156,17.378],[78.4469,17.3828],[78.4548,17.4038],[78.4522,17.4149],[78.4044,17.4274],[78.3925,17.4119],[78.3898,17.3991]]]}},{"type":"Feature","properties":{"SUBDISTRICT":"Bheemini","STATE":"Telangana","shapeID":"7132399B92627281373157","source":"geoBoundaries gbOpen IND ADM3 (ODbL 1.0); source: Local Government Directory lgdirectory.gov.in via Pathways Data","DISTRICT":null,"ELEV_MEAN_M":184.1,"ELEV_MIN_M":156.0,"ELEV_MAX_M":223.0,"PCT_BELOW_5M":0.0,"PCT_BELOW_10M":0.0},"geometry":{"type":"Polygon","coordinates":[[[79.5007,19.2953],[79.5425,19.2267],[79.5441,19.2014],[79.5553,19.1872],[79.5533,19.168],[79.58,19.1749],[79.5801,19.1841],[79.5966,19.1983],[79.6095,19.1919],[79.6033,19.1886],[79.6094,19.1825],[79.5998,19.1657],[79.6229,19.1649],[79.6264,19.1832],[79.6498,19.1979],[79.6479,19.21],[79.6407,19.2121],[79.6421,19.2259],[79.6038,19.2453],[79.5989,19.2658],[79.5593,19.2628],[79.5402,19.2899],[79.535,19.3089],[79.5026,19.3082],[79.5007,19.2953]]]}},{"type":"Feature","properties":{"SUBDISTRICT":"Kataram","STATE":"Telangana","shapeID":"7132399B42935323281906","source":"geoBoundaries gbOpen IND ADM3 (ODbL 1.0); source: Local Government Directory lgdirectory.gov.in via Pathways Data","DISTRICT":null,"ELEV_MEAN_M":146.9,"ELEV_MIN_M":49.0,"ELEV_MAX_M":437.0,"PCT_BELOW_5M":0.0,"PCT_BELOW_10M":0.0},"geometry":{"type":"Polygon","coordinates":[[[79.8013,18.7178],[79.818,18.667],[79.8119,18.6443],[79.8557,18.6352],[79.8583,18.6093],[79.871,18.5868],[79.896,18.5948],[79.9053,18.591],[79.9152,18.5512],[79.9071,18.5138],[79.9309,18.5129],[79.9413,18.5643],[79.9911,18.5903],[80.0164,18.6309],[79.9607,18.6936],[79.9211,18.6731],[79.9215,18.7004],[79.9026,18.729],[79.903,18.7511],[79.8789,18.7375],[79.8201,18.7543],[79.8103,18.726],[79.8013,18.7178]]]}},{"type":"Feature","properties":{"SUBDISTRICT":"Gollapalli","STATE":"Telangana","shapeID":"7132399B50425373947855","source":"geoBoundaries gbOpen IND ADM3 (ODbL 1.0); source: Local Government Directory lgdirectory.gov.in via Pathways Data","DISTRICT":null,"ELEV_MEAN_M":232.6,"ELEV_MIN_M":52.0,"ELEV_MAX_M":774.0,"PCT_BELOW_5M":0.0,"PCT_BELOW_10M":0.0},"geometry":{"type":"Polygon","coordinates":[[[78.9516,18.753],[78.9722,18.7479],[79.0034,18.7576],[79.0131,18.7427],[79.0276,18.7357],[79.0371,18.7438],[79.0391,18.7575],[79.0475,18.7524],[79.0613,18.7671],[79.0896,18.7753],[79.1041,18.7673],[79.126,18.7297],[79.1306,18.748],[79.1392,18.7533],[79.1303,18.756],[79.1316,18.7681],[79.124,18.771],[79.1269,18.7834],[79.1446,18.7971],[79.1274,18.8035],[79.1359,18.8409],[79.1252,18.8499],[79.1021,18.841],[79.0813,18.8485],[79.0716,18.8347],[79.0452,18.8391],[79.0356,18.8342],[79.0311,18.8174],[79.0059,18.8278],[78.9937,18.8121],[78.9956,18.7874],[78.9893,18.7776],[78.9522,18.7545],[78.9516,18.753]]]}},{"type":"Feature","properties":{"SUBDISTRICT":"Dharmaram","STATE":"Telangana","shapeID":"7132399B33305173115078","source":"geoBoundaries gbOpen IND ADM3 (ODbL 1.0); source: Local Government Directory lgdirectory.gov.in via Pathways Data","DISTRICT":null,"ELEV_MEAN_M":260.5,"ELEV_MIN_M":175.0,"ELEV_MAX_M":467.0,"PCT_BELOW_5M":0.0,"PCT_BELOW_10M":0.0},"geometry":{"type":"Polygon","coordinates":[[[79.1097,18.6922],[79.117,18.658],[79.1662,18.6403],[79.1791,18.6204],[79.2131,18.6322],[79.2252,18.6302],[79.2448,18.6514],[79.2477,18.6727],[79.2545,18.6786],[79.2673,18.6782],[79.2834,18.6666],[79.309,18.6948],[79.3321,18.6999],[79.3165,18.7239],[79.3144,18.7466],[79.2938,18.7458],[79.2845,18.7552],[79.2629,18.7521],[79.2499,18.7575],[79.2101,18.7437],[79.1582,18.7541],[79.1469,18.7231],[79.1117,18.6954],[79.1097,18.6922]]]}},{"type":"Feature","properties":{"SUBDISTRICT":"Malharrao","STATE":"Telangana","shapeID":"7132399B49347160505213","source":"geoBoundaries gbOpen IND ADM3 (ODbL 1.0); source: Local Government Directory lgdirectory.gov.in via Pathways Data","DISTRICT":null,"ELEV_MEAN_M":163.9,"ELEV_MIN_M":122.0,"ELEV_MAX_M":255.0,"PCT_BELOW_5M":0.0,"PCT_BELOW_10M":0.0},"geometry":{"type":"Polygon","coordinates":[[[79.6596,18.4731],[79.6854,18.4966],[79.7203,18.4952],[79.7523,18.4813],[79.792,18.4309],[79.8227,18.4174],[79.8287,18.4202],[79.8273,18.4357],[79.8125,18.489],[79.8331,18.5006],[79.857,18.485],[79.881,18.4446],[79.9228,18.4243],[79.9256,18.4593],[79.9073,18.47],[79.8858,18.5106],[79.9071,18.5138],[79.9152,18.5438],[79.9053,18.591],[79.896,18.5948],[79.871,18.5868],[79.8583,18.6093],[79.8557,18.6352],[79.8119,18.6443],[79.7796,18.5734],[79.765,18.5658],[79.7465,18.5728],[79.716,18.5661],[79.6751,18.4982],[79.6596,18.4731]]]}},{"type":"Feature","properties":{"SUBDISTRICT":"Bheemgal","STATE":"Telangana","shapeID":"7132399B6824373071402","source":"geoBoundaries gbOpen IND ADM3 (ODbL 1.0); source: Local Government Directory lgdirectory.gov.in via Pathways Data","DISTRICT":null,"ELEV_MEAN_M":386.3,"ELEV_MIN_M":334.0,"ELEV_MAX_M":557.0,"PCT_BELOW_5M":0.0,"PCT_BELOW_10M":0.0},"geometry":{"type":"Polygon","coordinates":[[[78.3585,18.6919],[78.3653,18.6756],[78.3975,18.6644],[78.4223,18.6243],[78.4534,18.6207],[78.4978,18.6292],[78.5205,18.6612],[78.5406,18.6319],[78.5406,18.6212],[78.5491,18.6221],[78.5804,18.6656],[78.5622,18.7013],[78.5196,18.7023],[78.5005,18.7313],[78.4691,18.748],[78.4616,18.7595],[78.4486,18.7527],[78.422,18.7536],[78.4238,18.7163],[78.4014,18.7116],[78.3752,18.7216],[78.359,18.6991],[78.3585,18.6919]]]}},{"type":"Feature","properties":{"SUBDISTRICT":"Narayankhed","STATE":"Telangana","shapeID":"7132399B38646215472372","source":"geoBoundaries gbOpen IND ADM3 (ODbL 1.0); source: Local Government Directory lgdirectory.gov.in via Pathways Data","DISTRICT":null,"ELEV_MEAN_M":495.4,"ELEV_MIN_M":363.0,"ELEV_MAX_M":572.0,"PCT_BELOW_5M":0.0,"PCT_BELOW_10M":0.0},"geometry":{"type":"Polygon","coordinates":[[[77.6686,18.0936],[77.67,18.0723],[77.6901,18.0643],[77.7049,18.0368],[77.716,18.034],[77.7393,18.0473],[77.7616,18.0381],[77.7472,18.0099],[77.749,17.9995],[77.773,17.9929],[77.8032,17.9959],[77.8087,17.987],[77.8061,17.9721],[77.8309,17.9806],[77.8418,18.0073],[77.8659,18.0257],[77.8621,18.0834],[77.8978,18.0926],[77.9045,18.1073],[77.9276,18.1051],[77.9315,18.1173],[77.9197,18.1154],[77.9115,18.1235],[77.9266,18.1338],[77.904,18.1316],[77.8949,18.139],[77.8775,18.1281],[77.8763,18.0954],[77.8442,18.0883],[77.8203,18.0868],[77.796,18.1077],[77.7799,18.0981],[77.7487,18.1016],[77.732,18.1106],[77.7057,18.0988],[77.691,18.1078],[77.6752,18.1081],[77.6718,18.1008],[77.6686,18.0936]]]}},{"type":"Feature","properties":{"SUBDISTRICT":"Bela","STATE":"Telangana","shapeID":"7132399B81902287937403","source":"geoBoundaries gbOpen IND ADM3 (ODbL 1.0); source: Local Government Directory lgdirectory.gov.in via Pathways Data","DISTRICT":null,"ELEV_MEAN_M":262.6,"ELEV_MIN_M":194.0,"ELEV_MAX_M":563.0,"PCT_BELOW_5M":0.0,"PCT_BELOW_10M":0.0},"geometry":{"type":"Polygon","coordinates":[[[78.6629,19.6621],[78.664,19.6336],[78.6977,19.6318],[78.7685,19.6033],[78.7831,19.6043],[78.7815,19.6149],[78.7934,19.632],[78.7758,19.6648],[78.7702,19.69],[78.7765,19.6925],[78.8104,19.6709],[78.8689,19.698],[78.851,19.7595],[78.813,19.7591],[78.7902,19.7798],[78.7436,19.7804],[78.7217,19.7678],[78.707,19.7865],[78.691,19.791],[78.6943,19.777],[78.6839,19.7209],[78.6688,19.7105],[78.6633,19.6957],[78.682,19.6916],[78.7024,19.6721],[78.6954,19.6604],[78.6638,19.6659],[78.6629,19.6621]]]}},{"type":"Feature","properties":{"SUBDISTRICT":"Jammikunta","STATE":"Telangana","shapeID":"7132399B23377198190642","source":"geoBoundaries gbOpen IND ADM3 (ODbL 1.0); source: Local Government Directory lgdirectory.gov.in via Pathways Data","DISTRICT":null,"ELEV_MEAN_M":220.5,"ELEV_MIN_M":181.0,"ELEV_MAX_M":290.0,"PCT_BELOW_5M":0.0,"PCT_BELOW_10M":0.0},"geometry":{"type":"Polygon","coordinates":[[[79.4075,18.2803],[79.442,18.2512],[79.468,18.2498],[79.4928,18.213],[79.5092,18.2152],[79.5101,18.257],[79.4957,18.2734],[79.5069,18.2884],[79.5015,18.3008],[79.51,18.3025],[79.5275,18.3349],[79.524,18.347],[79.5315,18.3635],[79.5548,18.3612],[79.582,18.3709],[79.5832,18.4026],[79.5592,18.4087],[79.5442,18.3951],[79.5144,18.3906],[79.4875,18.3749],[79.4678,18.333],[79.449,18.3254],[79.4421,18.2931],[79.4366,18.2871],[79.4141,18.2866],[79.4075,18.2803]]]}},{"type":"Feature","properties":{"SUBDISTRICT":"Wargal","STATE":"Telangana","shapeID":"7132399B49698912124178","source":"geoBoundaries gbOpen IND ADM3 (ODbL 1.0); source: Local Government Directory lgdirectory.gov.in via Pathways Data","DISTRICT":null,"ELEV_MEAN_M":575.8,"ELEV_MIN_M":535.0,"ELEV_MAX_M":624.0,"PCT_BELOW_5M":0.0,"PCT_BELOW_10M":0.0},"geometry":{"type":"Polygon","coordinates":[[[78.5128,17.7693],[78.5277,17.7412],[78.5832,17.7369],[78.6067,17.7501],[78.6704,17.7605],[78.668,17.7808],[78.6752,17.8001],[78.6574,17.804],[78.6353,17.824],[78.6049,17.8221],[78.5993,17.8311],[78.5583,17.8353],[78.5486,17.8316],[78.5607,17.8578],[78.525,17.8358],[78.5213,17.8077],[78.5132,17.8056],[78.5129,17.7709],[78.5128,17.7693]]]}},{"type":"Feature","properties":{"SUBDISTRICT":"Kondapur","STATE":"Telangana","shapeID":"7132399B31208117499671","source":"geoBoundaries gbOpen IND ADM3 (ODbL 1.0); source: Local Government Directory lgdirectory.gov.in via Pathways Data","DISTRICT":null,"ELEV_MEAN_M":565.5,"ELEV_MIN_M":515.0,"ELEV_MAX_M":653.0,"PCT_BELOW_5M":0.0,"PCT_BELOW_10M":0.0},"geometry":{"type":"Polygon","coordinates":[[[77.9384,17.5389],[77.9636,17.535],[77.9749,17.5187],[77.9663,17.5047],[77.9653,17.4837],[77.9827,17.4859],[77.9917,17.5072],[78.0195,17.4754],[78.0448,17.4607],[78.0544,17.4598],[78.0605,17.4714],[78.0517,17.4759],[78.0549,17.4842],[78.0635,17.483],[78.0653,17.4968],[78.0591,17.5088],[78.0666,17.5083],[78.0746,17.5222],[78.0743,17.5292],[78.0624,17.5344],[78.0592,17.5594],[78.0777,17.5874],[78.0586,17.6056],[78.0424,17.6053],[78.0028,17.5797],[77.985,17.5972],[77.9565,17.5725],[77.9393,17.5476],[77.9384,17.5389]]]}},{"type":"Feature","properties":{"SUBDISTRICT":"Madnoor","STATE":"Telangana","shapeID":"7132399B79415728393496","source":"geoBoundaries gbOpen IND ADM3 (ODbL 1.0); source: Local Government Directory lgdirectory.gov.in via Pathways Data","DISTRICT":null,"ELEV_MEAN_M":375.4,"ELEV_MIN_M":347.0,"ELEV_MAX_M":466.0,"PCT_BELOW_5M":0.0,"PCT_BELOW_10M":0.0},"geometry":{"type":"Polygon","coordinates":[[[77.5497,18.465],[77.5533,18.4596],[77.5872,18.4552],[77.5862,18.4447],[77.6041,18.4272],[77.6098,18.4047],[77.6432,18.411],[77.6474,18.4219],[77.665,18.3968],[77.6531,18.3869],[77.654,18.3808],[77.6839,18.3912],[77.6866,18.4309],[77.7271,18.441],[77.7303,18.4511],[77.7247,18.464],[77.7477,18.466],[77.7458,18.4869],[77.7732,18.4918],[77.7747,18.5339],[77.751,18.5907],[77.7403,18.5565],[77.7161,18.5561],[77.6796,18.543],[77.6613,18.5288],[77.649,18.5379],[77.6525,18.5542],[77.6441,18.5555],[77.638,18.5468],[77.6327,18.5522],[77.6199,18.5502],[77.6169,18.544],[77.6144,18.5493],[77.6008,18.5491],[77.5968,18.5247],[77.605,18.5235],[77.5898,18.5045],[77.6064,18.493],[77.6046,18.4759],[77.58,18.4854],[77.5742,18.4685],[77.55,18.467],[77.5497,18.465]]]}},{"type":"Feature","properties":{"SUBDISTRICT":"Jukkal","STATE":"Telangana","shapeID":"7132399B8598346794796","source":"geoBoundaries gbOpen IND ADM3 (ODbL 1.0); source: Local Government Directory lgdirectory.gov.in via Pathways Data","DISTRICT":null,"ELEV_MEAN_M":424.4,"ELEV_MIN_M":374.0,"ELEV_MAX_M":507.0,"PCT_BELOW_5M":0.0,"PCT_BELOW_10M":0.0},"geometry":{"type":"Polygon","coordinates":[[[77.523,18.351],[77.5705,18.3198],[77.5738,18.31],[77.5535,18.2932],[77.5646,18.285],[77.5742,18.2923],[77.6015,18.2831],[77.6067,18.2799],[77.6027,18.2748],[77.6205,18.2755],[77.6289,18.2848],[77.6636,18.2838],[77.6515,18.2921],[77.6506,18.3091],[77.6732,18.3211],[77.6764,18.3073],[77.6857,18.3085],[77.6924,18.3465],[77.7026,18.3573],[77.6973,18.3663],[77.6825,18.3684],[77.6717,18.3844],[77.654,18.3808],[77.6531,18.3869],[77.665,18.3968],[77.6474,18.4219],[77.6432,18.411],[77.606,18.4064],[77.6041,18.4272],[77.5862,18.4447],[77.5637,18.4367],[77.5319,18.4421],[77.5294,18.429],[77.5587,18.4195],[77.5528,18.3894],[77.534,18.3775],[77.524,18.3598],[77.523,18.351]]]}},{"type":"Feature","properties":{"SUBDISTRICT":"Gudihatnoor","STATE":"Telangana","shapeID":"7132399B88867781016341","source":"geoBoundaries gbOpen IND ADM3 (ODbL 1.0); source: Local Government Directory lgdirectory.gov.in via Pathways Data","DISTRICT":null,"ELEV_MEAN_M":415.6,"ELEV_MIN_M":286.0,"ELEV_MAX_M":568.0,"PCT_BELOW_5M":0.0,"PCT_BELOW_10M":0.0},"geometry":{"type":"Polygon","coordinates":[[[78.4392,19.5375],[78.4448,19.511],[78.4621,19.5085],[78.4668,19.4993],[78.4611,19.4827],[78.517,19.4736],[78.5107,19.4571],[78.5174,19.4545],[78.5747,19.4482],[78.5506,19.4634],[78.5458,19.4758],[78.5584,19.4912],[78.5665,19.5188],[78.5673,19.5596],[78.5621,19.5746],[78.5148,19.5748],[78.515,19.5935],[78.5251,19.6129],[78.5211,19.6188],[78.4854,19.6185],[78.4691,19.5951],[78.46,19.5575],[78.4392,19.5504],[78.4392,19.5375]]]}},{"type":"Feature","properties":{"SUBDISTRICT":"Shamshabad","STATE":"Telangana","shapeID":"7132399B95745616614045","source":"geoBoundaries gbOpen IND ADM3 (ODbL 1.0); source: Local Government Directory lgdirectory.gov.in via Pathways Data","DISTRICT":null,"ELEV_MEAN_M":574.2,"ELEV_MIN_M":538.0,"ELEV_MAX_M":619.0,"PCT_BELOW_5M":0.0,"PCT_BELOW_10M":0.0},"geometry":{"type":"Polygon","coordinates":[[[78.2318,17.2336],[78.243,17.2063],[78.2534,17.2045],[78.2621,17.206],[78.2709,17.225],[78.2944,17.2242],[78.3104,17.1733],[78.3469,17.2117],[78.4051,17.1922],[78.423,17.2186],[78.4237,17.2355],[78.4142,17.2544],[78.4266,17.2779],[78.4136,17.2905],[78.3996,17.2899],[78.3737,17.2683],[78.3568,17.2845],[78.3202,17.2802],[78.2555,17.2383],[78.2418,17.2489],[78.2328,17.2444],[78.2318,17.2336]]]}},{"type":"Feature","properties":{"SUBDISTRICT":"Varni","STATE":"Telangana","shapeID":"7132399B62612929590971","source":"geoBoundaries gbOpen IND ADM3 (ODbL 1.0); source: Local Government Directory lgdirectory.gov.in via Pathways Data","DISTRICT":null,"ELEV_MEAN_M":459.6,"ELEV_MIN_M":383.0,"ELEV_MAX_M":666.0,"PCT_BELOW_5M":0.0,"PCT_BELOW_10M":0.0},"geometry":{"type":"Polygon","coordinates":[[[77.8517,18.5089],[77.857,18.4916],[77.9467,18.4718],[77.9712,18.4522],[77.9666,18.43],[78.0147,18.4274],[78.0301,18.463],[78.0224,18.4965],[77.9572,18.5361],[77.9256,18.564],[77.9145,18.5636],[77.9107,18.552],[77.8939,18.5441],[77.8968,18.5227],[77.8818,18.5283],[77.8817,18.5365],[77.8689,18.5394],[77.8523,18.5129],[77.8517,18.5089]]]}},{"type":"Feature","properties":{"SUBDISTRICT":"Dichpally","STATE":"Telangana","shapeID":"7132399B52475175585669","source":"geoBoundaries gbOpen IND ADM3 (ODbL 1.0); source: Local Government Directory lgdirectory.gov.in via Pathways Data","DISTRICT":null,"ELEV_MEAN_M":414.1,"ELEV_MIN_M":382.0,"ELEV_MAX_M":557.0,"PCT_BELOW_5M":0.0,"PCT_BELOW_10M":0.0},"geometry":{"type":"Polygon","coordinates":[[[78.108,18.6602],[78.1195,18.6243],[78.1597,18.6059],[78.1652,18.5637],[78.1772,18.5464],[78.1766,18.5539],[78.2147,18.5816],[78.2551,18.5537],[78.2637,18.5731],[78.2487,18.5858],[78.2482,18.5957],[78.2709,18.6073],[78.299,18.653],[78.3018,18.6674],[78.2776,18.6706],[78.2575,18.6509],[78.2403,18.6609],[78.2199,18.6626],[78.1908,18.6589],[78.1759,18.6648],[78.1527,18.6581],[78.1114,18.6625],[78.108,18.6602]]]}},{"type":"Feature","properties":{"SUBDISTRICT":"Addakal","STATE":"Telangana","shapeID":"7132399B54522071729440","source":"geoBoundaries gbOpen IND ADM3 (ODbL 1.0); source: Local Government Directory lgdirectory.gov.in via Pathways Data","DISTRICT":null,"ELEV_MEAN_M":396.1,"ELEV_MIN_M":346.0,"ELEV_MAX_M":627.0,"PCT_BELOW_5M":0.0,"PCT_BELOW_10M":0.0},"geometry":{"type":"Polygon","coordinates":[[[77.8578,16.5604],[77.8712,16.5327],[77.9205,16.5158],[77.916,16.4851],[77.9328,16.4728],[77.9385,16.4851],[77.9593,16.4875],[77.9824,16.4995],[77.9907,16.514],[78.0262,16.5314],[77.9967,16.5803],[77.9997,16.6096],[78.0328,16.6245],[78.0212,16.6451],[78.0102,16.6505],[77.971,16.6347],[77.9386,16.6509],[77.923,16.6516],[77.9146,16.6449],[77.9227,16.6138],[77.9078,16.5966],[77.892,16.593],[77.8853,16.5694],[77.8621,16.5698],[77.8578,16.5604]]]}},{"type":"Feature","properties":{"SUBDISTRICT":"Pebbair","STATE":"Telangana","shapeID":"7132399B18903310128529","source":"geoBoundaries gbOpen IND ADM3 (ODbL 1.0); source: Local Government Directory lgdirectory.gov.in via Pathways Data","DISTRICT":null,"ELEV_MEAN_M":287.8,"ELEV_MIN_M":244.0,"ELEV_MAX_M":397.0,"PCT_BELOW_5M":0.0,"PCT_BELOW_10M":0.0},"geometry":{"type":"Polygon","coordinates":[[[77.9162,16.2228],[77.9439,16.1179],[77.9821,16.0814],[77.9983,16.0764],[78.0206,16.0494],[78.06,16.0177],[78.0657,16.0797],[78.0376,16.1024],[78.0658,16.1617],[78.034,16.1638],[78.0366,16.1516],[78.0256,16.1404],[78.0045,16.1387],[77.9912,16.145],[78.0139,16.1788],[78.0094,16.2085],[78.016,16.2411],[78.006,16.2408],[77.9872,16.2566],[77.9668,16.2379],[77.9417,16.2466],[77.9162,16.2228]]]}},{"type":"Feature","properties":{"SUBDISTRICT":"Chinthapally","STATE":"Telangana","shapeID":"7132399B41998189706820","source":"geoBoundaries gbOpen IND ADM3 (ODbL 1.0); source: Local Government Directory lgdirectory.gov.in via Pathways Data","DISTRICT":null,"ELEV_MEAN_M":377.6,"ELEV_MIN_M":278.0,"ELEV_MAX_M":626.0,"PCT_BELOW_5M":0.0,"PCT_BELOW_10M":0.0},"geometry":{"type":"Polygon","coordinates":[[[78.6985,16.9394],[78.7503,16.9099],[78.728,16.8713],[78.7361,16.8603],[78.7512,16.8544],[78.778,16.8806],[78.7845,16.8681],[78.7781,16.8439],[78.7936,16.8262],[78.8044,16.8229],[78.7954,16.8054],[78.7972,16.7793],[78.7878,16.7521],[78.8044,16.7584],[78.8507,16.74],[78.8558,16.7499],[78.8832,16.7509],[78.8998,16.7665],[78.9104,16.7646],[78.9254,16.7723],[78.9388,16.7646],[78.949,16.7745],[78.9631,16.7635],[78.9659,16.799],[78.9562,16.8105],[78.9506,16.8383],[78.9031,16.8618],[78.8962,16.8726],[78.9025,16.9077],[78.845,16.9341],[78.8402,16.9457],[78.8142,16.9522],[78.803,16.9696],[78.7765,16.9773],[78.7593,16.9778],[78.7548,16.9661],[78.7178,16.9685],[78.707,16.9625],[78.7021,16.9452],[78.6985,16.9394]]]}},{"type":"Feature","properties":{"SUBDISTRICT":"Machareddy","STATE":"Telangana","shapeID":"7132399B93580941480899","source":"geoBoundaries gbOpen IND ADM3 (ODbL 1.0); source: Local Government Directory lgdirectory.gov.in via Pathways Data","DISTRICT":null,"ELEV_MEAN_M":500.4,"ELEV_MIN_M":441.0,"ELEV_MAX_M":665.0,"PCT_BELOW_5M":0.0,"PCT_BELOW_10M":0.0},"geometry":{"type":"Polygon","coordinates":[[[78.3763,18.3417],[78.3829,18.3151],[78.4093,18.3073],[78.432,18.2842],[78.4571,18.2714],[78.4858,18.2716],[78.5069,18.29],[78.5273,18.2921],[78.5421,18.3027],[78.5511,18.3384],[78.5341,18.3857],[78.5376,18.3908],[78.5662,18.3908],[78.5471,18.4113],[78.5511,18.4462],[78.5245,18.4703],[78.4923,18.4353],[78.4751,18.4295],[78.4684,18.4093],[78.4714,18.3907],[78.4617,18.374],[78.4182,18.3848],[78.4088,18.3767],[78.4098,18.349],[78.3768,18.3422],[78.3763,18.3417]]]}},{"type":"Feature","properties":{"SUBDISTRICT":"Sadashivanagar","STATE":"Telangana","shapeID":"7132399B76449079928721","source":"geoBoundaries gbOpen IND ADM3 (ODbL 1.0); source: Local Government Directory lgdirectory.gov.in via Pathways Data","DISTRICT":null,"ELEV_MEAN_M":557.9,"ELEV_MIN_M":504.0,"ELEV_MAX_M":637.0,"PCT_BELOW_5M":0.0,"PCT_BELOW_10M":0.0},"geometry":{"type":"Polygon","coordinates":[[[78.1524,18.3672],[78.1838,18.3726],[78.1857,18.36],[78.1925,18.3557],[78.234,18.3691],[78.2474,18.3489],[78.28,18.3424],[78.2905,18.3461],[78.2985,18.3628],[78.3146,18.3671],[78.3089,18.3808],[78.2996,18.3766],[78.2931,18.3897],[78.2856,18.3913],[78.2928,18.4174],[78.2828,18.4435],[78.2409,18.4531],[78.227,18.4828],[78.2196,18.4783],[78.1784,18.493],[78.1857,18.4793],[78.19,18.4393],[78.1617,18.389],[78.1524,18.3672]]]}},{"type":"Feature","properties":{"SUBDISTRICT":"Kamalapur","STATE":"Telangana","shapeID":"7132399B7086935122285","source":"geoBoundaries gbOpen IND ADM3 (ODbL 1.0); source: Local Government Directory lgdirectory.gov.in via Pathways Data","DISTRICT":null,"ELEV_MEAN_M":229.6,"ELEV_MIN_M":201.0,"ELEV_MAX_M":303.0,"PCT_BELOW_5M":0.0,"PCT_BELOW_10M":0.0},"geometry":{"type":"Polygon","coordinates":[[[79.4754,18.1492],[79.4972,18.1452],[79.5117,18.1204],[79.5357,18.1094],[79.5463,18.1234],[79.567,18.1124],[79.577,18.126],[79.594,18.1241],[79.5869,18.1448],[79.6098,18.1448],[79.6158,18.1548],[79.6142,18.1691],[79.6236,18.1824],[79.5929,18.2496],[79.5655,18.2509],[79.5556,18.2573],[79.5532,18.2396],[79.5427,18.2281],[79.5226,18.2261],[79.5165,18.2181],[79.4819,18.205],[79.4756,18.1553],[79.4754,18.1492]]]}},{"type":"Feature","properties":{"SUBDISTRICT":"Manthani","STATE":"Telangana","shapeID":"7132399B70814474111602","source":"geoBoundaries gbOpen IND ADM3 (ODbL 1.0); source: Local Government Directory lgdirectory.gov.in via Pathways Data","DISTRICT":null,"ELEV_MEAN_M":148.0,"ELEV_MIN_M":49.0,"ELEV_MAX_M":418.0,"PCT_BELOW_5M":0.0,"PCT_BELOW_10M":0.0},"geometry":{"type":"Polygon","coordinates":[[[79.5569,18.6717],[79.5575,18.658],[79.5952,18.6396],[79.5957,18.5992],[79.6012,18.5951],[79.6215,18.5866],[79.6559,18.6089],[79.6749,18.592],[79.6954,18.59],[79.7093,18.5602],[79.7262,18.5699],[79.7465,18.5728],[79.765,18.5658],[79.7796,18.5734],[79.818,18.6635],[79.8013,18.7178],[79.7626,18.6956],[79.7151,18.6937],[79.691,18.6841],[79.6683,18.7072],[79.6555,18.7308],[79.6147,18.7513],[79.57,18.7202],[79.5721,18.697],[79.5586,18.6785],[79.5569,18.6717]]]}},{"type":"Feature","properties":{"SUBDISTRICT":"Gandhari","STATE":"Telangana","shapeID":"7132399B58753183315152","source":"geoBoundaries gbOpen IND ADM3 (ODbL 1.0); source: Local Government Directory lgdirectory.gov.in via Pathways Data","DISTRICT":null,"ELEV_MEAN_M":549.4,"ELEV_MIN_M":402.0,"ELEV_MAX_M":672.0,"PCT_BELOW_5M":0.0,"PCT_BELOW_10M":0.0},"geometry":{"type":"Polygon","coordinates":[[[77.9227,18.3455],[77.9247,18.3342],[77.9498,18.3361],[77.9704,18.3292],[77.9743,18.3115],[77.9836,18.3067],[78.0168,18.3097],[78.0282,18.3217],[78.0348,18.3441],[78.0473,18.3468],[78.0692,18.3093],[78.0997,18.312],[78.1099,18.2913],[78.118,18.2888],[78.1284,18.3087],[78.1651,18.3279],[78.1477,18.3377],[78.1401,18.3528],[78.19,18.4393],[78.1857,18.4793],[78.1685,18.5059],[78.1544,18.4847],[78.14,18.4792],[78.0545,18.5018],[78.043,18.4842],[78.029,18.4778],[78.0273,18.4504],[78.0136,18.4242],[78.0232,18.397],[78.0086,18.3984],[77.9535,18.3754],[77.9548,18.3585],[77.937,18.3621],[77.923,18.35],[77.9227,18.3455]]]}},{"type":"Feature","properties":{"SUBDISTRICT":"V.Saidapur","STATE":"Telangana","shapeID":"7132399B12405932834610","source":"geoBoundaries gbOpen IND ADM3 (ODbL 1.0); source: Local Government Directory lgdirectory.gov.in via Pathways Data","DISTRICT":null,"ELEV_MEAN_M":311.0,"ELEV_MIN_M":264.0,"ELEV_MAX_M":604.0,"PCT_BELOW_5M":0.0,"PCT_BELOW_10M":0.0},"geometry":{"type":"Polygon","coordinates":[[[79.2399,18.1616],[79.258,18.1465],[79.2857,18.1388],[79.2896,18.121],[79.3014,18.1108],[79.3503,18.1236],[79.3737,18.121],[79.3825,18.1296],[79.3855,18.2019],[79.3558,18.2114],[79.3486,18.224],[79.351,18.2317],[79.3319,18.2417],[79.3193,18.2458],[79.3028,18.2385],[79.2692,18.2418],[79.2604,18.2176],[79.2644,18.1849],[79.2495,18.1656],[79.2399,18.1616]]]}},{"type":"Feature","properties":{"SUBDISTRICT":"Kandukur","STATE":"Telangana","shapeID":"7132399B41385797139389","source":"geoBoundaries gbOpen IND ADM3 (ODbL 1.0); source: Local Government Directory lgdirectory.gov.in via Pathways Data","DISTRICT":null,"ELEV_MEAN_M":637.4,"ELEV_MIN_M":563.0,"ELEV_MAX_M":709.0,"PCT_BELOW_5M":0.0,"PCT_BELOW_10M":0.0},"geometry":{"type":"Polygon","coordinates":[[[78.3737,17.0575],[78.3891,17.0349],[78.4532,17.0],[78.4609,16.9818],[78.4792,16.9879],[78.5042,17.0132],[78.5158,17.0112],[78.5225,16.9922],[78.5295,17.0278],[78.5537,17.0282],[78.57,17.0436],[78.5821,17.1183],[78.5336,17.1368],[78.5262,17.1597],[78.5048,17.1755],[78.4744,17.171],[78.4685,17.1485],[78.4706,17.107],[78.4633,17.0996],[78.4446,17.0996],[78.4239,17.1133],[78.3969,17.0991],[78.3753,17.0595],[78.3737,17.0575]]]}},{"type":"Feature","properties":{"SUBDISTRICT":"Medak","STATE":"Telangana","shapeID":"7132399B95101845769914","source":"geoBoundaries gbOpen IND ADM3 (ODbL 1.0); source: Local Government Directory lgdirectory.gov.in via Pathways Data","DISTRICT":null,"ELEV_MEAN_M":483.5,"ELEV_MIN_M":435.0,"ELEV_MAX_M":584.0,"PCT_BELOW_5M":0.0,"PCT_BELOW_10M":0.0},"geometry":{"type":"Polygon","coordinates":[[[78.2111,18.03],[78.2131,18.0216],[78.2269,18.0178],[78.2367,18.0059],[78.2427,17.9808],[78.2598,17.9711],[78.2797,17.983],[78.319,17.9894],[78.3328,18.0057],[78.3226,18.0196],[78.332,18.0244],[78.3348,18.0369],[78.3463,18.0415],[78.364,18.0361],[78.3751,18.0473],[78.3548,18.0683],[78.361,18.083],[78.351,18.1112],[78.3303,18.1114],[78.285,18.0902],[78.2837,18.0786],[78.2624,18.0784],[78.2538,18.0693],[78.2388,18.0697],[78.2165,18.0592],[78.2193,18.0518],[78.2123,18.0354],[78.2111,18.03]]]}},{"type":"Feature","properties":{"SUBDISTRICT":"Sirpur (T)","STATE":"Telangana","shapeID":"7132399B89535208600816","source":"geoBoundaries gbOpen IND ADM3 (ODbL 1.0); source: Local Government Directory lgdirectory.gov.in via Pathways Data","DISTRICT":null,"ELEV_MEAN_M":209.9,"ELEV_MIN_M":154.0,"ELEV_MAX_M":463.0,"PCT_BELOW_5M":0.0,"PCT_BELOW_10M":0.0},"geometry":{"type":"Polygon","coordinates":[[[79.4477,19.5125],[79.4495,19.4983],[79.4723,19.473],[79.4761,19.4429],[79.4909,19.4092],[79.5037,19.4094],[79.4956,19.4686],[79.5225,19.4591],[79.5344,19.4366],[79.5488,19.4312],[79.5658,19.4318],[79.5785,19.4487],[79.6039,19.4417],[79.612,19.4232],[79.6464,19.4162],[79.6608,19.462],[79.677,19.478],[79.6695,19.4881],[79.6766,19.5064],[79.6656,19.5351],[79.6367,19.5722],[79.6222,19.5609],[79.6072,19.5103],[79.5977,19.504],[79.5588,19.5223],[79.549,19.5507],[79.5213,19.5441],[79.5197,19.5203],[79.4767,19.4996],[79.4644,19.5211],[79.4588,19.5259],[79.453,19.5223],[79.4477,19.5125]]]}},{"type":"Feature","properties":{"SUBDISTRICT":"Siddipet Urban","STATE":"Telangana","shapeID":"7132399B70282570155317","source":"geoBoundaries gbOpen IND ADM3 (ODbL 1.0); source: Local Government Directory lgdirectory.gov.in via Pathways Data","DISTRICT":null,"ELEV_MEAN_M":493.3,"ELEV_MIN_M":453.0,"ELEV_MAX_M":546.0,"PCT_BELOW_5M":0.0,"PCT_BELOW_10M":0.0},"geometry":{"type":"Polygon","coordinates":[[[78.7765,18.0643],[78.7931,18.061],[78.8029,18.0467],[78.8252,18.0565],[78.8595,18.0418],[78.8984,18.0385],[78.905,18.0442],[78.9046,18.0649],[78.9136,18.071],[78.9123,18.1007],[78.8869,18.1155],[78.8732,18.1482],[78.856,18.1542],[78.826,18.1501],[78.8174,18.139],[78.7875,18.149],[78.7785,18.1309],[78.7935,18.1166],[78.795,18.1064],[78.7766,18.0657],[78.7765,18.0643]]]}},{"type":"Feature","properties":{"SUBDISTRICT":"Kondapak","STATE":"Telangana","shapeID":"7132399B45197726127378","source":"geoBoundaries gbOpen IND ADM3 (ODbL 1.0); source: Local Government Directory lgdirectory.gov.in via Pathways Data","DISTRICT":null,"ELEV_MEAN_M":529.6,"ELEV_MIN_M":462.0,"ELEV_MAX_M":616.0,"PCT_BELOW_5M":0.0,"PCT_BELOW_10M":0.0},"geometry":{"type":"Polygon","coordinates":[[[78.7279,17.9298],[78.7378,17.8955],[78.7534,17.8871],[78.7731,17.8801],[78.8284,17.879],[78.8327,17.8935],[78.8432,17.8944],[78.8518,17.905],[78.8809,17.9633],[78.9079,17.9595],[78.9298,17.9934],[78.9504,17.9944],[78.9542,18.018],[78.9622,18.0271],[78.9364,18.0391],[78.9336,18.0509],[78.8918,18.0385],[78.8595,18.0418],[78.8252,18.0565],[78.8029,18.0467],[78.7971,18.0578],[78.7895,18.0266],[78.8053,18.0195],[78.7885,17.9894],[78.7911,17.9683],[78.8044,17.9564],[78.7611,17.9539],[78.7465,17.9335],[78.7314,17.9302],[78.7279,17.9298]]]}},{"type":"Feature","properties":{"SUBDISTRICT":"Thoguta","STATE":"Telangana","shapeID":"7132399B8900479514654","source":"geoBoundaries gbOpen IND ADM3 (ODbL 1.0); source: Local Government Directory lgdirectory.gov.in via Pathways Data","DISTRICT":null,"ELEV_MEAN_M":529.9,"ELEV_MIN_M":491.0,"ELEV_MAX_M":602.0,"PCT_BELOW_5M":0.0,"PCT_BELOW_10M":0.0},"geometry":{"type":"Polygon","coordinates":[[[78.6387,17.9823],[78.6403,17.9711],[78.676,17.9823],[78.6875,17.9771],[78.7005,17.9816],[78.7279,17.9298],[78.7465,17.9335],[78.7611,17.9539],[78.8044,17.9564],[78.7911,17.9683],[78.7885,17.9894],[78.8053,18.0195],[78.7895,18.0266],[78.7971,18.0578],[78.7836,18.0656],[78.7722,18.0614],[78.7693,18.074],[78.7496,18.0731],[78.7451,18.0769],[78.7484,18.0954],[78.7345,18.1118],[78.7196,18.1079],[78.7124,18.0989],[78.7049,18.0801],[78.7083,18.0598],[78.6847,18.0445],[78.6863,18.0321],[78.6675,18.0254],[78.6676,18.0099],[78.6434,18.0051],[78.6402,17.994],[78.6387,17.9823]]]}},{"type":"Feature","properties":{"SUBDISTRICT":"Mirdoddi","STATE":"Telangana","shapeID":"7132399B17856709577192","source":"geoBoundaries gbOpen IND ADM3 (ODbL 1.0); source: Local Government Directory lgdirectory.gov.in via Pathways Data","DISTRICT":null,"ELEV_MEAN_M":501.9,"ELEV_MIN_M":468.0,"ELEV_MAX_M":539.0,"PCT_BELOW_5M":0.0,"PCT_BELOW_10M":0.0},"geometry":{"type":"Polygon","coordinates":[[[78.5683,18.0866],[78.5858,18.0359],[78.6181,18.0445],[78.6302,18.0315],[78.6292,18.0194],[78.6406,18.0025],[78.6676,18.0099],[78.6675,18.0254],[78.6863,18.0321],[78.6847,18.0445],[78.7083,18.0598],[78.7049,18.0801],[78.7196,18.1079],[78.7088,18.1139],[78.7056,18.1299],[78.6848,18.1356],[78.6716,18.1228],[78.652,18.1284],[78.6474,18.1361],[78.6126,18.1258],[78.5932,18.1565],[78.5684,18.0899],[78.5683,18.0866]]]}},{"type":"Feature","properties":{"SUBDISTRICT":"Doultabad","STATE":"Telangana","shapeID":"7132399B48724398671451","source":"geoBoundaries gbOpen IND ADM3 (ODbL 1.0); source: Local Government Directory lgdirectory.gov.in via Pathways Data","DISTRICT":null,"ELEV_MEAN_M":552.8,"ELEV_MIN_M":504.0,"ELEV_MAX_M":604.0,"PCT_BELOW_5M":0.0,"PCT_BELOW_10M":0.0},"geometry":{"type":"Polygon","coordinates":[[[78.526,17.8887],[78.5397,17.8808],[78.5579,17.8865],[78.5649,17.8996],[78.5717,17.8989],[78.5802,17.9298],[78.6092,17.9355],[78.6077,17.9489],[78.6305,17.9588],[78.6418,17.9708],[78.6407,18.0022],[78.6292,18.0194],[78.6302,18.0315],[78.6181,18.0445],[78.5855,18.0365],[78.5739,18.0116],[78.5333,17.9586],[78.5459,17.9072],[78.5279,17.9013],[78.5271,17.8908],[78.526,17.8887]]]}},{"type":"Feature","properties":{"SUBDISTRICT":"Cherial","STATE":"Telangana","shapeID":"7132399B67970572717723","source":"geoBoundaries gbOpen IND ADM3 (ODbL 1.0); source: Local Government Directory lgdirectory.gov.in via Pathways Data","DISTRICT":null,"ELEV_MEAN_M":475.8,"ELEV_MIN_M":421.0,"ELEV_MAX_M":608.0,"PCT_BELOW_5M":0.0,"PCT_BELOW_10M":0.0},"geometry":{"type":"Polygon","coordinates":[[[78.8723,17.8665],[78.8728,17.8521],[78.9288,17.8358],[78.9627,17.8538],[78.9647,17.8717],[78.9739,17.8772],[79.0028,17.8629],[79.0268,17.8609],[79.0401,17.8494],[79.0551,17.8831],[79.0518,17.9003],[79.061,17.9161],[79.0563,17.9361],[79.0488,17.9409],[79.0506,17.9535],[79.0728,17.9572],[79.0918,17.9872],[79.0388,18.0027],[79.0198,17.9934],[79.0273,18.0196],[79.0,17.9997],[78.9845,18.0148],[78.9875,18.0193],[78.9676,18.0345],[78.9542,18.018],[78.9504,17.9944],[78.9298,17.9934],[78.9512,17.9855],[78.9447,17.9702],[78.9576,17.9663],[78.9548,17.9288],[78.9236,17.8986],[78.9181,17.8793],[78.9031,17.8798],[78.8969,17.8704],[78.8766,17.8677],[78.8723,17.8665]]]}},{"type":"Feature","properties":{"SUBDISTRICT":"Shankarampet (R)","STATE":"Telangana","shapeID":"7132399B92820972212684","source":"geoBoundaries gbOpen IND ADM3 (ODbL 1.0); source: Local Government Directory lgdirectory.gov.in via Pathways Data","DISTRICT":null,"ELEV_MEAN_M":516.7,"ELEV_MIN_M":478.0,"ELEV_MAX_M":577.0,"PCT_BELOW_5M":0.0,"PCT_BELOW_10M":0.0},"geometry":{"type":"Polygon","coordinates":[[[78.3205,17.9908],[78.3276,17.9668],[78.3566,17.9659],[78.3525,17.9518],[78.3688,17.9416],[78.3695,17.9087],[78.3895,17.9071],[78.3996,17.9298],[78.4261,17.9386],[78.4317,17.9445],[78.4276,17.9853],[78.4359,18.004],[78.4308,18.0265],[78.3965,18.0405],[78.3853,18.0736],[78.3609,18.0812],[78.3548,18.0683],[78.3751,18.0473],[78.364,18.0361],[78.3463,18.0415],[78.3348,18.0369],[78.332,18.0244],[78.3226,18.0196],[78.3328,18.0057],[78.3242,17.9944],[78.3205,17.9908]]]}},{"type":"Feature","properties":{"SUBDISTRICT":"Kulcharam","STATE":"Telangana","shapeID":"7132399B41561062661629","source":"geoBoundaries gbOpen IND ADM3 (ODbL 1.0); source: Local Government Directory lgdirectory.gov.in via Pathways Data","DISTRICT":null,"ELEV_MEAN_M":482.6,"ELEV_MIN_M":435.0,"ELEV_MAX_M":598.0,"PCT_BELOW_5M":0.0,"PCT_BELOW_10M":0.0},"geometry":{"type":"Polygon","coordinates":[[[78.056,17.9416],[78.0721,17.9219],[78.0743,17.9085],[78.0995,17.912],[78.1239,17.9413],[78.1586,17.933],[78.1672,17.9372],[78.1807,17.9299],[78.2152,17.9374],[78.2612,17.9202],[78.2825,17.9425],[78.28,17.983],[78.2598,17.9711],[78.2427,17.9808],[78.2367,18.0059],[78.2269,18.0178],[78.2131,18.0216],[78.1685,18.0011],[78.1438,17.9739],[78.135,17.9732],[78.1137,17.9888],[78.0796,17.9776],[78.0759,17.9587],[78.0569,17.9445],[78.056,17.9416]]]}},{"type":"Feature","properties":{"SUBDISTRICT":"Tekmal","STATE":"Telangana","shapeID":"7132399B83396347306236","source":"geoBoundaries gbOpen IND ADM3 (ODbL 1.0); source: Local Government Directory lgdirectory.gov.in via Pathways Data","DISTRICT":null,"ELEV_MEAN_M":483.9,"ELEV_MIN_M":438.0,"ELEV_MAX_M":533.0,"PCT_BELOW_5M":0.0,"PCT_BELOW_10M":0.0},"geometry":{"type":"Polygon","coordinates":[[[77.9714,18.0698],[77.9856,18.0412],[77.9772,18.0034],[77.9822,17.9888],[77.992,17.9863],[77.9962,17.9764],[77.9732,17.9542],[77.9721,17.9417],[77.9912,17.9372],[78.0133,17.9051],[78.0233,17.9043],[78.0327,17.8817],[78.047,17.8918],[78.0468,17.9116],[78.0647,17.9303],[78.0569,17.9445],[78.0759,17.9587],[78.0771,17.9751],[78.0871,17.9803],[78.0954,17.9965],[78.0919,18.0065],[78.0872,18.012],[78.0719,18.0048],[78.0718,17.9988],[78.0571,18.0026],[78.0559,18.0204],[78.0279,18.0292],[78.031,18.0476],[78.0258,18.0535],[78.0128,18.0625],[77.9732,18.0716],[77.9714,18.0698]]]}},{"type":"Feature","properties":{"SUBDISTRICT":"Alladurg","STATE":"Telangana","shapeID":"7132399B84265249210525","source":"geoBoundaries gbOpen IND ADM3 (ODbL 1.0); source: Local Government Directory lgdirectory.gov.in via Pathways Data","DISTRICT":null,"ELEV_MEAN_M":512.0,"ELEV_MIN_M":449.0,"ELEV_MAX_M":576.0,"PCT_BELOW_5M":0.0,"PCT_BELOW_10M":0.0},"geometry":{"type":"Polygon","coordinates":[[[77.8799,17.9919],[77.8929,17.9722],[77.9104,17.9604],[77.9036,17.9275],[77.9217,17.923],[77.933,17.9302],[77.9418,17.9195],[77.9335,17.9025],[77.9389,17.8926],[77.9875,17.888],[78.006,17.8922],[78.0133,17.9051],[77.9961,17.9235],[77.9929,17.9355],[77.9721,17.9417],[77.9732,17.9542],[77.9962,17.9764],[77.992,17.9863],[77.9822,17.9888],[77.9772,18.0034],[77.97,17.9986],[77.9253,18.0272],[77.9097,18.0082],[77.8822,17.9939],[77.8799,17.9919]]]}},{"type":"Feature","properties":{"SUBDISTRICT":"Papannapet","STATE":"Telangana","shapeID":"7132399B97936750275021","source":"geoBoundaries gbOpen IND ADM3 (ODbL 1.0); source: Local Government Directory lgdirectory.gov.in via Pathways Data","DISTRICT":null,"ELEV_MEAN_M":450.0,"ELEV_MIN_M":365.0,"ELEV_MAX_M":532.0,"PCT_BELOW_5M":0.0,"PCT_BELOW_10M":0.0},"geometry":{"type":"Polygon","coordinates":[[[77.9941,18.0683],[78.0258,18.0535],[78.031,18.0476],[78.0279,18.0292],[78.0559,18.0204],[78.0571,18.0026],[78.0718,17.9988],[78.0719,18.0048],[78.0894,18.0118],[78.0954,17.9965],[78.0871,17.9803],[78.1162,17.9886],[78.135,17.9732],[78.1438,17.9739],[78.1685,18.0011],[78.213,18.0177],[78.2111,18.03],[78.2193,18.0518],[78.2146,18.0689],[78.1623,18.0949],[78.141,18.0765],[78.1234,18.0768],[78.1089,18.0978],[78.0943,18.0766],[78.0412,18.097],[78.0225,18.0969],[78.0099,18.1115],[77.9942,18.1133],[77.9958,18.0708],[77.9941,18.0683]]]}},{"type":"Feature","properties":{"SUBDISTRICT":"Banswada","STATE":"Telangana","shapeID":"7132399B14665801296526","source":"geoBoundaries gbOpen IND ADM3 (ODbL 1.0); source: Local Government Directory lgdirectory.gov.in via Pathways Data","DISTRICT":null,"ELEV_MEAN_M":426.7,"ELEV_MIN_M":360.0,"ELEV_MAX_M":591.0,"PCT_BELOW_5M":0.0,"PCT_BELOW_10M":0.0},"geometry":{"type":"Polygon","coordinates":[[[77.8401,18.3733],[77.8471,18.358],[77.8814,18.3237],[77.8869,18.3028],[77.9232,18.3066],[77.9249,18.3554],[77.9396,18.3627],[77.9532,18.3577],[77.9535,18.3754],[78.0086,18.3984],[78.0232,18.397],[78.0147,18.4274],[77.9518,18.4321],[77.9476,18.4228],[77.8966,18.4172],[77.8811,18.4008],[77.8693,18.4048],[77.8622,18.3981],[77.8433,18.397],[77.8553,18.3865],[77.8435,18.3748],[77.8401,18.3733]]]}},{"type":"Feature","properties":{"SUBDISTRICT":"Tandur","STATE":"Telangana","shapeID":"7132399B33844977900089","source":"geoBoundaries gbOpen IND ADM3 (ODbL 1.0); source: Local Government Directory lgdirectory.gov.in via Pathways Data","DISTRICT":null,"ELEV_MEAN_M":272.9,"ELEV_MIN_M":185.0,"ELEV_MAX_M":546.0,"PCT_BELOW_5M":0.0,"PCT_BELOW_10M":0.0},"geometry":{"type":"Polygon","coordinates":[[[79.3398,19.228],[79.3447,19.221],[79.3415,19.1576],[79.4011,19.1244],[79.4283,19.0926],[79.4393,19.0997],[79.4218,19.1153],[79.4221,19.1289],[79.4298,19.1354],[79.4486,19.1313],[79.4563,19.1179],[79.4817,19.1022],[79.486,19.1144],[79.4976,19.1069],[79.5064,19.1087],[79.5034,19.1613],[79.5159,19.1673],[79.5533,19.168],[79.5553,19.1872],[79.5406,19.2153],[79.4885,19.2194],[79.4911,19.2072],[79.4679,19.1946],[79.4527,19.1942],[79.4124,19.215],[79.3654,19.2213],[79.3464,19.2339],[79.3398,19.228]]]}},{"type":"Feature","properties":{"SUBDISTRICT":"Jakranpally","STATE":"Telangana","shapeID":"7132399B10958703267091","source":"geoBoundaries gbOpen IND ADM3 (ODbL 1.0); source: Local Government Directory lgdirectory.gov.in via Pathways Data","DISTRICT":null,"ELEV_MEAN_M":388.5,"ELEV_MIN_M":326.0,"ELEV_MAX_M":487.0,"PCT_BELOW_5M":0.0,"PCT_BELOW_10M":0.0},"geometry":{"type":"Polygon","coordinates":[[[78.2093,18.6622],[78.2403,18.6609],[78.2575,18.6509],[78.2808,18.6714],[78.3251,18.6687],[78.3359,18.6755],[78.3537,18.6654],[78.3674,18.6745],[78.344,18.6987],[78.3375,18.7439],[78.3204,18.7551],[78.3195,18.7755],[78.3051,18.7755],[78.2783,18.7577],[78.2749,18.7464],[78.2614,18.7435],[78.2199,18.7724],[78.2225,18.7471],[78.2123,18.7346],[78.2288,18.7054],[78.2192,18.6949],[78.2205,18.6768],[78.2094,18.665],[78.2093,18.6622]]]}},{"type":"Feature","properties":{"SUBDISTRICT":"Kohir","STATE":"Telangana","shapeID":"7132399B44228700576858","source":"geoBoundaries gbOpen IND ADM3 (ODbL 1.0); source: Local Government Directory lgdirectory.gov.in via Pathways Data","DISTRICT":null,"ELEV_MEAN_M":637.3,"ELEV_MIN_M":589.0,"ELEV_MAX_M":685.0,"PCT_BELOW_5M":0.0,"PCT_BELOW_10M":0.0},"geometry":{"type":"Polygon","coordinates":[[[77.5957,17.5356],[77.6206,17.5323],[77.6253,17.5252],[77.6607,17.5243],[77.6702,17.513],[77.6874,17.5071],[77.6905,17.5273],[77.7074,17.5281],[77.7614,17.5593],[77.76,17.5737],[77.7713,17.5864],[77.7742,17.602],[77.7681,17.6126],[77.75,17.6124],[77.7477,17.6248],[77.7776,17.6266],[77.7841,17.639],[77.7908,17.6337],[77.793,17.6385],[77.7907,17.6514],[77.7781,17.6605],[77.775,17.6871],[77.7619,17.6948],[77.7477,17.6678],[77.7417,17.6678],[77.7372,17.704],[77.7294,17.7085],[77.7174,17.6992],[77.7131,17.6819],[77.6855,17.6652],[77.6732,17.636],[77.6567,17.6314],[77.6509,17.5979],[77.6357,17.5838],[77.6266,17.5578],[77.5962,17.5472],[77.5959,17.5406],[77.5957,17.5356]]]}},{"type":"Feature","properties":{"SUBDISTRICT":"Narsapur","STATE":"Telangana","shapeID":"7132399B39762864846948","source":"geoBoundaries gbOpen IND ADM3 (ODbL 1.0); source: Local Government Directory lgdirectory.gov.in via Pathways Data","DISTRICT":null,"ELEV_MEAN_M":550.9,"ELEV_MIN_M":507.0,"ELEV_MAX_M":647.0,"PCT_BELOW_5M":0.0,"PCT_BELOW_10M":0.0},"geometry":{"type":"Polygon","coordinates":[[[78.1578,17.8268],[78.1749,17.7973],[78.186,17.7963],[78.2052,17.7721],[78.2067,17.7614],[78.1925,17.7505],[78.2033,17.7381],[78.2382,17.7354],[78.2226,17.696],[78.2254,17.69],[78.2379,17.6958],[78.2652,17.6945],[78.3148,17.6727],[78.3207,17.6499],[78.3333,17.6543],[78.3299,17.7004],[78.302,17.7283],[78.3328,17.7569],[78.3266,17.7704],[78.329,17.7952],[78.3081,17.8148],[78.3004,17.8377],[78.2444,17.8184],[78.2321,17.7935],[78.2,17.8041],[78.2111,17.8192],[78.201,17.8482],[78.1694,17.8506],[78.1591,17.8279],[78.1578,17.8268]]]}},{"type":"Feature","properties":{"SUBDISTRICT":"Ghanpur (Station)","STATE":"Telangana","shapeID":"7132399B54530885743386","source":"geoBoundaries gbOpen IND ADM3 (ODbL 1.0); source: Local Government Directory lgdirectory.gov.in via Pathways Data","DISTRICT":null,"ELEV_MEAN_M":340.0,"ELEV_MIN_M":303.0,"ELEV_MAX_M":525.0,"PCT_BELOW_5M":0.0,"PCT_BELOW_10M":0.0},"geometry":{"type":"Polygon","coordinates":[[[79.2608,17.9071],[79.2759,17.8695],[79.2914,17.8516],[79.3143,17.8505],[79.3217,17.8314],[79.3491,17.8163],[79.3644,17.8277],[79.3878,17.8134],[79.3916,17.8038],[79.3629,17.7763],[79.3607,17.7635],[79.3661,17.7321],[79.389,17.7355],[79.422,17.7557],[79.4327,17.7735],[79.4167,17.8055],[79.4305,17.8249],[79.4274,17.8564],[79.4343,17.8837],[79.43,17.8913],[79.3741,17.8917],[79.3588,17.8709],[79.3326,17.8788],[79.3288,17.8902],[79.3065,17.8888],[79.2966,17.9025],[79.2657,17.9092],[79.2608,17.9071]]]}},{"type":"Feature","properties":{"SUBDISTRICT":"Mallial","STATE":"Telangana","shapeID":"7132399B51334771991409","source":"geoBoundaries gbOpen IND ADM3 (ODbL 1.0); source: Local Government Directory lgdirectory.gov.in via Pathways Data","DISTRICT":null,"ELEV_MEAN_M":353.3,"ELEV_MIN_M":261.0,"ELEV_MAX_M":571.0,"PCT_BELOW_5M":0.0,"PCT_BELOW_10M":0.0},"geometry":{"type":"Polygon","coordinates":[[[78.8317,18.7149],[78.85,18.6722],[78.8802,18.679],[78.8989,18.6747],[78.9508,18.6484],[78.9769,18.6452],[79.0113,18.6801],[79.013,18.7429],[79.0034,18.7576],[78.9722,18.7479],[78.9516,18.753],[78.9447,18.7372],[78.9255,18.727],[78.9098,18.7304],[78.8997,18.7536],[78.8904,18.754],[78.8738,18.7392],[78.8621,18.7524],[78.8469,18.7578],[78.8327,18.7223],[78.8317,18.7149]]]}},{"type":"Feature","properties":{"SUBDISTRICT":"Manoor","STATE":"Telangana","shapeID":"7132399B83057093233828","source":"geoBoundaries gbOpen IND ADM3 (ODbL 1.0); source: Local Government Directory lgdirectory.gov.in via Pathways Data","DISTRICT":null,"ELEV_MEAN_M":543.1,"ELEV_MIN_M":10.0,"ELEV_MAX_M":724.0,"PCT_BELOW_5M":0.0,"PCT_BELOW_10M":0.0},"geometry":{"type":"Polygon","coordinates":[[[77.6475,17.9758],[77.663,17.9714],[77.6642,17.9471],[77.7,17.957],[77.7141,17.9543],[77.7124,17.9249],[77.7279,17.9396],[77.7405,17.9417],[77.7493,17.9201],[77.7599,17.9205],[77.7804,17.9382],[77.7965,17.9113],[77.7986,17.8956],[77.8241,17.8899],[77.8347,17.9136],[77.8019,17.9414],[77.8087,17.9551],[77.8308,17.9672],[77.8309,17.9806],[77.8061,17.9721],[77.8087,17.987],[77.8032,17.9959],[77.773,17.9929],[77.749,17.9995],[77.7472,18.0099],[77.7616,18.0381],[77.7359,18.0472],[77.711,18.0273],[77.7266,18.0108],[77.716,17.9994],[77.7018,17.9985],[77.694,17.9851],[77.6625,17.9908],[77.6537,17.9882],[77.6528,17.9808],[77.6475,17.9758]]]}},{"type":"Feature","properties":{"SUBDISTRICT":"Mallapur","STATE":"Telangana","shapeID":"7132399B45262803757928","source":"geoBoundaries gbOpen IND ADM3 (ODbL 1.0); source: Local Government Directory lgdirectory.gov.in via Pathways Data","DISTRICT":null,"ELEV_MEAN_M":260.4,"ELEV_MIN_M":193.0,"ELEV_MAX_M":435.0,"PCT_BELOW_5M":0.0,"PCT_BELOW_10M":0.0},"geometry":{"type":"Polygon","coordinates":[[[78.6139,18.9796],[78.6185,18.9665],[78.6458,18.9434],[78.643,18.8895],[78.6694,18.869],[78.6948,18.8783],[78.7197,18.8742],[78.7554,18.885],[78.7919,18.9665],[78.8002,19.0184],[78.7875,19.0307],[78.7421,19.0109],[78.6871,19.0274],[78.6624,19.0142],[78.6364,18.981],[78.6234,18.9778],[78.6139,18.9796]]]}},{"type":"Feature","properties":{"SUBDISTRICT":"Uppal","STATE":"Telangana","shapeID":"7132399B82378944921430","source":"geoBoundaries gbOpen IND ADM3 (ODbL 1.0); source: Local Government Directory lgdirectory.gov.in via Pathways Data","DISTRICT":null,"ELEV_MEAN_M":507.0,"ELEV_MIN_M":467.0,"ELEV_MAX_M":576.0,"PCT_BELOW_5M":0.0,"PCT_BELOW_10M":0.0},"geometry":{"type":"Polygon","coordinates":[[[78.5217,17.39],[78.5277,17.3749],[78.5583,17.3822],[78.5572,17.3693],[78.5726,17.3684],[78.5652,17.3744],[78.5688,17.3832],[78.5607,17.398],[78.5416,17.4129],[78.5654,17.4377],[78.5603,17.4616],[78.5673,17.4675],[78.5402,17.4627],[78.522,17.3946],[78.5217,17.39]]]}},{"type":"Feature","properties":{"SUBDISTRICT":"Yeldurthy","STATE":"Telangana","shapeID":"7132399B97266175521126","source":"geoBoundaries gbOpen IND ADM3 (ODbL 1.0); source: Local Government Directory lgdirectory.gov.in via Pathways Data","DISTRICT":null,"ELEV_MEAN_M":502.5,"ELEV_MIN_M":459.0,"ELEV_MAX_M":587.0,"PCT_BELOW_5M":0.0,"PCT_BELOW_10M":0.0},"geometry":{"type":"Polygon","coordinates":[[[78.2521,17.8782],[78.2555,17.8687],[78.3104,17.8511],[78.3454,17.8771],[78.3529,17.8677],[78.3754,17.8644],[78.3843,17.8538],[78.4187,17.8854],[78.4505,17.8812],[78.4684,17.8919],[78.4647,17.9239],[78.4836,17.9307],[78.4744,17.9415],[78.4319,17.9501],[78.4261,17.9386],[78.3996,17.9298],[78.3895,17.9071],[78.3795,17.9057],[78.3662,17.9155],[78.3723,17.9259],[78.3688,17.9416],[78.3525,17.9518],[78.3566,17.9659],[78.3276,17.9668],[78.3205,17.9908],[78.28,17.983],[78.2825,17.9425],[78.2611,17.9217],[78.2644,17.8959],[78.2533,17.8814],[78.2521,17.8782]]]}},{"type":"Feature","properties":{"SUBDISTRICT":"Gajwel","STATE":"Telangana","shapeID":"7132399B46537114077974","source":"geoBoundaries gbOpen IND ADM3 (ODbL 1.0); source: Local Government Directory lgdirectory.gov.in via Pathways Data","DISTRICT":null,"ELEV_MEAN_M":556.6,"ELEV_MIN_M":511.0,"ELEV_MAX_M":622.0,"PCT_BELOW_5M":0.0,"PCT_BELOW_10M":0.0},"geometry":{"type":"Polygon","coordinates":[[[78.5832,17.8307],[78.5993,17.8311],[78.6049,17.8221],[78.6353,17.824],[78.6574,17.804],[78.6763,17.7996],[78.7144,17.7949],[78.7476,17.8094],[78.7637,17.8358],[78.7494,17.848],[78.7491,17.8617],[78.7804,17.88],[78.7378,17.8955],[78.7274,17.936],[78.7005,17.9816],[78.6863,17.978],[78.6612,17.9283],[78.6541,17.9104],[78.6622,17.9064],[78.6618,17.8947],[78.6533,17.9008],[78.6479,17.8966],[78.661,17.8816],[78.6383,17.877],[78.6328,17.8675],[78.615,17.8596],[78.6066,17.8677],[78.5974,17.8642],[78.5867,17.8346],[78.5832,17.8307]]]}},{"type":"Feature","properties":{"SUBDISTRICT":"Kuravi","STATE":"Telangana","shapeID":"7132399B89770410052117","source":"geoBoundaries gbOpen IND ADM3 (ODbL 1.0); source: Local Government Directory lgdirectory.gov.in via Pathways Data","DISTRICT":null,"ELEV_MEAN_M":185.6,"ELEV_MIN_M":140.0,"ELEV_MAX_M":386.0,"PCT_BELOW_5M":0.0,"PCT_BELOW_10M":0.0},"geometry":{"type":"Polygon","coordinates":[[[79.8703,17.5487],[79.8736,17.5319],[79.9032,17.5078],[79.9056,17.4793],[79.9362,17.4663],[79.9353,17.4583],[79.9551,17.434],[79.956,17.3971],[79.9698,17.4046],[79.9917,17.3945],[79.9972,17.3966],[80.0026,17.4348],[80.0239,17.4549],[80.048,17.4618],[80.0505,17.4915],[80.062,17.5036],[80.0901,17.5137],[80.0842,17.5278],[80.087,17.5483],[80.0801,17.5557],[80.0872,17.5756],[80.0625,17.5889],[80.0474,17.5747],[80.0235,17.5661],[79.9837,17.5711],[79.9817,17.5619],[79.9545,17.5469],[79.9557,17.5281],[79.9436,17.5071],[79.9211,17.5196],[79.9281,17.5457],[79.9221,17.5534],[79.8891,17.5584],[79.8755,17.5498],[79.8703,17.5487]]]}},{"type":"Feature","properties":{"SUBDISTRICT":"Raikal","STATE":"Telangana","shapeID":"7132399B76483197408169","source":"geoBoundaries gbOpen IND ADM3 (ODbL 1.0); source: Local Government Directory lgdirectory.gov.in via Pathways Data","DISTRICT":null,"ELEV_MEAN_M":254.9,"ELEV_MIN_M":184.0,"ELEV_MAX_M":453.0,"PCT_BELOW_5M":0.0,"PCT_BELOW_10M":0.0},"geometry":{"type":"Polygon","coordinates":[[[78.7635,18.9065],[78.7917,18.8872],[78.7996,18.8629],[78.8073,18.8617],[78.8229,18.8892],[78.8329,18.8934],[78.8487,18.8734],[78.842,18.8433],[78.8817,18.843],[78.8921,18.8542],[78.8946,18.8633],[78.8848,18.8974],[78.8877,18.932],[78.9237,19.0167],[78.8901,19.0179],[78.8802,19.0233],[78.8719,19.0414],[78.8507,19.0532],[78.8261,19.0556],[78.7875,19.0307],[78.8002,19.0184],[78.7919,18.9665],[78.7647,18.9107],[78.7635,18.9065]]]}},{"type":"Feature","properties":{"SUBDISTRICT":"Pulkal","STATE":"Telangana","shapeID":"7132399B87064235471795","source":"geoBoundaries gbOpen IND ADM3 (ODbL 1.0); source: Local Government Directory lgdirectory.gov.in via Pathways Data","DISTRICT":null,"ELEV_MEAN_M":517.1,"ELEV_MIN_M":487.0,"ELEV_MAX_M":565.0,"PCT_BELOW_5M":0.0,"PCT_BELOW_10M":0.0},"geometry":{"type":"Polygon","coordinates":[[[77.9082,17.7735],[77.9227,17.7664],[77.934,17.7507],[77.9429,17.7167],[77.9708,17.7215],[77.9965,17.7176],[78.0036,17.6959],[78.0373,17.6855],[78.0392,17.6743],[78.0559,17.6584],[78.0714,17.6709],[78.0769,17.6548],[78.1081,17.6516],[78.1114,17.6594],[78.1267,17.6653],[78.1402,17.648],[78.1471,17.6612],[78.1365,17.6802],[78.1502,17.706],[78.1459,17.7154],[78.1294,17.7137],[78.1248,17.7311],[78.1048,17.7323],[78.1138,17.7648],[78.0967,17.7741],[78.0754,17.7794],[78.0592,17.7745],[78.0513,17.7577],[78.0434,17.7633],[78.0259,17.7615],[78.039,17.805],[78.0191,17.8039],[78.007,17.7938],[77.9905,17.8],[77.9733,17.794],[77.9652,17.7975],[77.9565,17.8188],[77.9151,17.817],[77.9083,17.7789],[77.9082,17.7735]]]}},{"type":"Feature","properties":{"SUBDISTRICT":"Jagdevpur","STATE":"Telangana","shapeID":"7132399B35604671338990","source":"geoBoundaries gbOpen IND ADM3 (ODbL 1.0); source: Local Government Directory lgdirectory.gov.in via Pathways Data","DISTRICT":null,"ELEV_MEAN_M":554.7,"ELEV_MIN_M":502.0,"ELEV_MAX_M":596.0,"PCT_BELOW_5M":0.0,"PCT_BELOW_10M":0.0},"geometry":{"type":"Polygon","coordinates":[[[78.7484,17.8521],[78.7634,17.8394],[78.7486,17.8107],[78.7498,17.7967],[78.7623,17.7817],[78.7581,17.7635],[78.7632,17.7463],[78.7912,17.7401],[78.7817,17.7315],[78.7726,17.7349],[78.7607,17.7283],[78.7849,17.7067],[78.7963,17.712],[78.8117,17.7067],[78.827,17.7426],[78.8592,17.7519],[78.8692,17.8247],[78.8761,17.8287],[78.8723,17.8665],[78.8303,17.8739],[78.8284,17.879],[78.7804,17.88],[78.7515,17.8656],[78.7484,17.8521],[78.7484,17.8521]]]}},{"type":"Feature","properties":{"SUBDISTRICT":"Ghanpur","STATE":"Telangana","shapeID":"7132399B45178738212685","source":"geoBoundaries gbOpen IND ADM3 (ODbL 1.0); source: Local Government Directory lgdirectory.gov.in via Pathways Data","DISTRICT":null,"ELEV_MEAN_M":440.2,"ELEV_MIN_M":381.0,"ELEV_MAX_M":639.0,"PCT_BELOW_5M":0.0,"PCT_BELOW_10M":0.0},"geometry":{"type":"Polygon","coordinates":[[[77.9834,16.5013],[78.0251,16.4754],[78.0645,16.4913],[78.0878,16.5222],[78.0962,16.512],[78.1022,16.5143],[78.1177,16.6026],[78.0809,16.6082],[78.0605,16.6276],[78.0328,16.6245],[77.9997,16.6096],[77.9967,16.5803],[78.0262,16.5314],[77.9907,16.514],[77.9834,16.5013]]]}},{"type":"Feature","properties":{"SUBDISTRICT":"Shivampet","STATE":"Telangana","shapeID":"7132399B18792504650491","source":"geoBoundaries gbOpen IND ADM3 (ODbL 1.0); source: Local Government Directory lgdirectory.gov.in via Pathways Data","DISTRICT":null,"ELEV_MEAN_M":568.3,"ELEV_MIN_M":504.0,"ELEV_MAX_M":664.0,"PCT_BELOW_5M":0.0,"PCT_BELOW_10M":0.0},"geometry":{"type":"Polygon","coordinates":[[[78.3001,17.8369],[78.3081,17.8148],[78.329,17.7952],[78.3266,17.7704],[78.3322,17.757],[78.3601,17.7382],[78.3818,17.7005],[78.4294,17.7122],[78.4422,17.7253],[78.4399,17.8036],[78.4465,17.8133],[78.4265,17.8525],[78.4364,17.8824],[78.4187,17.8854],[78.3843,17.8538],[78.3754,17.8644],[78.359,17.8655],[78.3404,17.8763],[78.3199,17.8553],[78.3077,17.8518],[78.3004,17.8377],[78.3001,17.8369]]]}},{"type":"Feature","properties":{"SUBDISTRICT":"Medchal","STATE":"Telangana","shapeID":"7132399B79342284860096","source":"geoBoundaries gbOpen IND ADM3 (ODbL 1.0); source: Local Government Directory lgdirectory.gov.in via Pathways Data","DISTRICT":null,"ELEV_MEAN_M":601.2,"ELEV_MIN_M":563.0,"ELEV_MAX_M":650.0,"PCT_BELOW_5M":0.0,"PCT_BELOW_10M":0.0},"geometry":{"type":"Polygon","coordinates":[[[78.3845,17.6432],[78.4271,17.6443],[78.4329,17.6263],[78.4432,17.6192],[78.436,17.5799],[78.4427,17.5479],[78.4694,17.5353],[78.4866,17.5729],[78.4827,17.5888],[78.5141,17.589],[78.5294,17.5953],[78.5283,17.6213],[78.5416,17.6295],[78.5477,17.6519],[78.5788,17.6716],[78.5655,17.687],[78.5267,17.6996],[78.5134,17.6858],[78.5018,17.6839],[78.4726,17.6951],[78.4508,17.7124],[78.44,17.6995],[78.4303,17.7009],[78.4203,17.6696],[78.3957,17.673],[78.3872,17.6652],[78.3845,17.6432]]]}},{"type":"Feature","properties":{"SUBDISTRICT":"Shamirpet","STATE":"Telangana","shapeID":"7132399B48911885415539","source":"geoBoundaries gbOpen IND ADM3 (ODbL 1.0); source: Local Government Directory lgdirectory.gov.in via Pathways Data","DISTRICT":null,"ELEV_MEAN_M":575.9,"ELEV_MIN_M":529.0,"ELEV_MAX_M":635.0,"PCT_BELOW_5M":0.0,"PCT_BELOW_10M":0.0},"geometry":{"type":"Polygon","coordinates":[[[78.4822,17.5822],[78.4848,17.5734],[78.5165,17.5614],[78.5345,17.5449],[78.5475,17.5489],[78.5561,17.5445],[78.5843,17.5184],[78.5867,17.5632],[78.6269,17.5699],[78.649,17.5786],[78.653,17.5875],[78.6392,17.6186],[78.605,17.6177],[78.6302,17.6524],[78.6084,17.6644],[78.6156,17.669],[78.6137,17.6806],[78.5989,17.7008],[78.5823,17.7006],[78.5655,17.687],[78.5788,17.6716],[78.5477,17.6519],[78.5416,17.6295],[78.5283,17.6213],[78.5294,17.5953],[78.5141,17.589],[78.4827,17.5888],[78.4822,17.5822]]]}},{"type":"Feature","properties":{"SUBDISTRICT":"Zahirabad","STATE":"Telangana","shapeID":"7132399B39918503437462","source":"geoBoundaries gbOpen IND ADM3 (ODbL 1.0); source: Local Government Directory lgdirectory.gov.in via Pathways Data","DISTRICT":null,"ELEV_MEAN_M":625.5,"ELEV_MIN_M":592.0,"ELEV_MAX_M":671.0,"PCT_BELOW_5M":0.0,"PCT_BELOW_10M":0.0},"geometry":{"type":"Polygon","coordinates":[[[77.4831,17.701],[77.5006,17.6807],[77.5066,17.6918],[77.5215,17.6933],[77.5446,17.6746],[77.5585,17.6185],[77.5774,17.6033],[77.5762,17.5829],[77.6044,17.5728],[77.6067,17.5492],[77.6266,17.5578],[77.6357,17.5838],[77.6509,17.5979],[77.6567,17.6314],[77.6732,17.636],[77.6855,17.6652],[77.7096,17.6785],[77.7178,17.6961],[77.7001,17.686],[77.6847,17.6859],[77.6661,17.7032],[77.6537,17.735],[77.6215,17.7492],[77.5658,17.7497],[77.5431,17.728],[77.5313,17.7297],[77.5091,17.7171],[77.4979,17.7186],[77.4834,17.7039],[77.4831,17.701]]]}},{"type":"Feature","properties":{"SUBDISTRICT":"Wardhannapet","STATE":"Telangana","shapeID":"7132399B66862184663724","source":"geoBoundaries gbOpen IND ADM3 (ODbL 1.0); source: Local Government Directory lgdirectory.gov.in via Pathways Data","DISTRICT":null,"ELEV_MEAN_M":262.6,"ELEV_MIN_M":234.0,"ELEV_MAX_M":408.0,"PCT_BELOW_5M":0.0,"PCT_BELOW_10M":0.0},"geometry":{"type":"Polygon","coordinates":[[[79.4919,17.761],[79.5046,17.7522],[79.5051,17.7311],[79.5229,17.7162],[79.5414,17.7259],[79.5366,17.7349],[79.5408,17.7432],[79.56,17.7416],[79.5857,17.752],[79.5876,17.7453],[79.6315,17.7358],[79.639,17.7408],[79.641,17.7671],[79.6563,17.7612],[79.6609,17.7649],[79.651,17.8101],[79.6393,17.826],[79.6446,17.8342],[79.6316,17.8434],[79.6326,17.8626],[79.6191,17.8639],[79.6146,17.851],[79.6199,17.8364],[79.6115,17.825],[79.5967,17.8267],[79.5889,17.8376],[79.5798,17.8225],[79.5655,17.8205],[79.5625,17.8023],[79.556,17.7989],[79.5181,17.8071],[79.5162,17.7709],[79.4944,17.7676],[79.4919,17.761]]]}},{"type":"Feature","properties":{"SUBDISTRICT":"Rajapeta","STATE":"Telangana","shapeID":"7132399B13351321781149","source":"geoBoundaries gbOpen IND ADM3 (ODbL 1.0); source: Local Government Directory lgdirectory.gov.in via Pathways Data","DISTRICT":null,"ELEV_MEAN_M":456.1,"ELEV_MIN_M":397.0,"ELEV_MAX_M":585.0,"PCT_BELOW_5M":0.0,"PCT_BELOW_10M":0.0},"geometry":{"type":"Polygon","coordinates":[[[78.8629,17.7719],[78.8879,17.7407],[78.8827,17.705],[78.8964,17.7028],[78.9174,17.687],[78.9106,17.6596],[78.9158,17.6532],[78.9345,17.6586],[78.9559,17.6774],[78.9715,17.6777],[78.9979,17.6906],[79.0055,17.7146],[79.021,17.7132],[78.9887,17.7885],[78.9478,17.7893],[78.935,17.7916],[78.9322,17.7979],[78.8696,17.8091],[78.8656,17.7784],[78.8629,17.7719]]]}},{"type":"Feature","properties":{"SUBDISTRICT":"Hathnoora","STATE":"Telangana","shapeID":"7132399B33181276765248","source":"geoBoundaries gbOpen IND ADM3 (ODbL 1.0); source: Local Government Directory lgdirectory.gov.in via Pathways Data","DISTRICT":null,"ELEV_MEAN_M":515.8,"ELEV_MIN_M":486.0,"ELEV_MAX_M":631.0,"PCT_BELOW_5M":0.0,"PCT_BELOW_10M":0.0},"geometry":{"type":"Polygon","coordinates":[[[78.1038,17.7351],[78.1105,17.7291],[78.1271,17.7297],[78.1284,17.7153],[78.1351,17.7109],[78.1468,17.7145],[78.1502,17.706],[78.1367,17.6755],[78.1567,17.6395],[78.1791,17.639],[78.2017,17.658],[78.2234,17.6398],[78.2723,17.6405],[78.2759,17.6478],[78.2985,17.6463],[78.3039,17.6389],[78.3207,17.6499],[78.3104,17.6759],[78.2652,17.6945],[78.223,17.6924],[78.2382,17.7354],[78.2033,17.7381],[78.1925,17.7505],[78.2067,17.7614],[78.2052,17.7721],[78.186,17.7963],[78.1749,17.7973],[78.1578,17.8268],[78.1055,17.8123],[78.1141,17.7671],[78.104,17.7364],[78.1038,17.7351]]]}},{"type":"Feature","properties":{"SUBDISTRICT":"Sadasivpet","STATE":"Telangana","shapeID":"7132399B48113112317121","source":"geoBoundaries gbOpen IND ADM3 (ODbL 1.0); source: Local Government Directory lgdirectory.gov.in via Pathways Data","DISTRICT":null,"ELEV_MEAN_M":530.7,"ELEV_MIN_M":501.0,"ELEV_MAX_M":590.0,"PCT_BELOW_5M":0.0,"PCT_BELOW_10M":0.0},"geometry":{"type":"Polygon","coordinates":[[[77.8567,17.6395],[77.8751,17.6003],[77.8707,17.5926],[77.8743,17.581],[77.9229,17.574],[77.9399,17.5524],[77.9792,17.5942],[77.9895,17.5975],[78.0028,17.5797],[78.0446,17.6055],[78.0397,17.6299],[78.0528,17.6391],[78.0554,17.6588],[78.0392,17.6743],[78.0373,17.6855],[78.0036,17.6959],[77.993,17.7193],[77.9429,17.7167],[77.9361,17.7454],[77.9202,17.7421],[77.9119,17.7198],[77.8827,17.7093],[77.8848,17.7005],[77.9045,17.6906],[77.8883,17.6673],[77.8696,17.6621],[77.8671,17.6477],[77.8574,17.64],[77.8567,17.6395]]]}},{"type":"Feature","properties":{"SUBDISTRICT":"Kodimial","STATE":"Telangana","shapeID":"7132399B40719976160347","source":"geoBoundaries gbOpen IND ADM3 (ODbL 1.0); source: Local Government Directory lgdirectory.gov.in via Pathways Data","DISTRICT":null,"ELEV_MEAN_M":436.7,"ELEV_MIN_M":357.0,"ELEV_MAX_M":611.0,"PCT_BELOW_5M":0.0,"PCT_BELOW_10M":0.0},"geometry":{"type":"Polygon","coordinates":[[[78.789,18.6224],[78.7906,18.6072],[78.8556,18.5839],[78.8844,18.5828],[78.9083,18.5608],[78.9343,18.5638],[78.9442,18.5733],[78.965,18.5684],[78.9875,18.5802],[78.9576,18.6117],[78.9769,18.6452],[78.9389,18.6512],[78.8989,18.6747],[78.8802,18.679],[78.8109,18.6648],[78.8142,18.6503],[78.7931,18.6271],[78.789,18.6224]]]}},{"type":"Feature","properties":{"SUBDISTRICT":"Sangareddy","STATE":"Telangana","shapeID":"7132399B3014193282543","source":"geoBoundaries gbOpen IND ADM3 (ODbL 1.0); source: Local Government Directory lgdirectory.gov.in via Pathways Data","DISTRICT":null,"ELEV_MEAN_M":514.2,"ELEV_MIN_M":492.0,"ELEV_MAX_M":553.0,"PCT_BELOW_5M":0.0,"PCT_BELOW_10M":0.0},"geometry":{"type":"Polygon","coordinates":[[[78.0397,17.6299],[78.0446,17.6055],[78.0586,17.6056],[78.0777,17.5874],[78.0594,17.561],[78.0757,17.5553],[78.0896,17.5558],[78.0973,17.6028],[78.1049,17.6078],[78.113,17.5971],[78.1236,17.6051],[78.1484,17.6004],[78.1612,17.6225],[78.1599,17.6387],[78.1518,17.654],[78.1452,17.6569],[78.1402,17.648],[78.1267,17.6653],[78.102,17.6511],[78.0769,17.6548],[78.067,17.6708],[78.0554,17.6588],[78.0507,17.6358],[78.0398,17.63],[78.0397,17.6299]]]}},{"type":"Feature","properties":{"SUBDISTRICT":"Vemulawada","STATE":"Telangana","shapeID":"7132399B13983694150497","source":"geoBoundaries gbOpen IND ADM3 (ODbL 1.0); source: Local Government Directory lgdirectory.gov.in via Pathways Data","DISTRICT":null,"ELEV_MEAN_M":335.6,"ELEV_MIN_M":300.0,"ELEV_MAX_M":500.0,"PCT_BELOW_5M":0.0,"PCT_BELOW_10M":0.0},"geometry":{"type":"Polygon","coordinates":[[[78.8191,18.4187],[78.8343,18.4042],[78.8492,18.4001],[78.8579,18.4164],[78.8937,18.429],[78.8938,18.4177],[78.8997,18.4228],[78.9257,18.4099],[78.9182,18.4485],[78.8966,18.4824],[78.9033,18.5151],[78.8955,18.5301],[78.8818,18.5328],[78.8739,18.5303],[78.8719,18.5118],[78.8774,18.4999],[78.8552,18.5025],[78.8339,18.4719],[78.8485,18.4581],[78.8454,18.4535],[78.8225,18.4622],[78.8216,18.4239],[78.8191,18.4187]]]}},{"type":"Feature","properties":{"SUBDISTRICT":"Ramchandrapuram","STATE":"Telangana","shapeID":"7132399B59977119155329","source":"geoBoundaries gbOpen IND ADM3 (ODbL 1.0); source: Local Government Directory lgdirectory.gov.in via Pathways Data","DISTRICT":null,"ELEV_MEAN_M":558.5,"ELEV_MIN_M":530.0,"ELEV_MAX_M":597.0,"PCT_BELOW_5M":0.0,"PCT_BELOW_10M":0.0},"geometry":{"type":"Polygon","coordinates":[[[78.2142,17.4849],[78.2187,17.4398],[78.2301,17.4398],[78.2368,17.4277],[78.263,17.419],[78.2711,17.4228],[78.2733,17.4353],[78.2887,17.4333],[78.3031,17.4556],[78.3063,17.4655],[78.297,17.4915],[78.3184,17.498],[78.3069,17.5279],[78.2733,17.5329],[78.2579,17.5203],[78.2531,17.4899],[78.2422,17.4818],[78.2235,17.4881],[78.2142,17.4849]]]}},{"type":"Feature","properties":{"SUBDISTRICT":"Ameerpet","STATE":"Telangana","shapeID":"7132399B21272514617882","source":"geoBoundaries gbOpen IND ADM3 (ODbL 1.0); source: Local Government Directory lgdirectory.gov.in via Pathways Data","DISTRICT":null,"ELEV_MEAN_M":534.1,"ELEV_MIN_M":519.0,"ELEV_MAX_M":555.0,"PCT_BELOW_5M":0.0,"PCT_BELOW_10M":0.0},"geometry":{"type":"MultiPolygon","coordinates":[[[[78.4424,17.4231],[78.4553,17.4186],[78.4603,17.4227],[78.4594,17.4417],[78.4443,17.4263],[78.4424,17.4231]]],[[[78.4578,17.4095],[78.464,17.4068],[78.4664,17.4115],[78.4578,17.4108],[78.4578,17.4095]]]]}},{"type":"Feature","properties":{"SUBDISTRICT":"Secunderabad","STATE":"Telangana","shapeID":"7132399B24088199098653","source":"geoBoundaries gbOpen IND ADM3 (ODbL 1.0); source: Local Government Directory lgdirectory.gov.in via Pathways Data","DISTRICT":null,"ELEV_MEAN_M":519.4,"ELEV_MIN_M":509.0,"ELEV_MAX_M":542.0,"PCT_BELOW_5M":0.0,"PCT_BELOW_10M":0.0},"geometry":{"type":"Polygon","coordinates":[[[78.4614,17.4292],[78.475,17.4169],[78.5018,17.4226],[78.5032,17.4308],[78.4971,17.4349],[78.4824,17.4308],[78.4636,17.4376],[78.4614,17.4292]]]}},{"type":"Feature","properties":{"SUBDISTRICT":"Tirumalgiri","STATE":"Telangana","shapeID":"7132399B92091358019504","source":"geoBoundaries gbOpen IND ADM3 (ODbL 1.0); source: Local Government Directory lgdirectory.gov.in via Pathways Data","DISTRICT":null,"ELEV_MEAN_M":534.9,"ELEV_MIN_M":511.0,"ELEV_MAX_M":568.0,"PCT_BELOW_5M":0.0,"PCT_BELOW_10M":0.0},"geometry":{"type":"Polygon","coordinates":[[[78.4594,17.4417],[78.4815,17.4309],[78.4977,17.4346],[78.5116,17.4543],[78.4912,17.4759],[78.4788,17.4731],[78.4635,17.446],[78.4594,17.4417]]]}},{"type":"Feature","properties":{"SUBDISTRICT":"Chevella","STATE":"Telangana","shapeID":"7132399B89770886493750","source":"geoBoundaries gbOpen IND ADM3 (ODbL 1.0); source: Local Government Directory lgdirectory.gov.in via Pathways Data","DISTRICT":null,"ELEV_MEAN_M":623.8,"ELEV_MIN_M":564.0,"ELEV_MAX_M":692.0,"PCT_BELOW_5M":0.0,"PCT_BELOW_10M":0.0},"geometry":{"type":"Polygon","coordinates":[[[78.0009,17.3672],[78.0106,17.3315],[78.0456,17.3068],[78.0571,17.2358],[78.074,17.2336],[78.0888,17.2511],[78.1004,17.2474],[78.1151,17.2632],[78.155,17.2663],[78.1642,17.2549],[78.156,17.2326],[78.1966,17.2393],[78.1998,17.2712],[78.1915,17.305],[78.1963,17.3205],[78.2161,17.3302],[78.2158,17.3542],[78.1659,17.3926],[78.1547,17.4178],[78.1376,17.4062],[78.1255,17.3775],[78.117,17.3742],[78.1044,17.3822],[78.0907,17.3658],[78.0773,17.4042],[78.0688,17.3979],[78.0629,17.371],[78.0334,17.3815],[78.0044,17.3707],[78.0009,17.3672]]]}},{"type":"Feature","properties":{"SUBDISTRICT":"Amberpet","STATE":"Telangana","shapeID":"7132399B63411355133918","source":"geoBoundaries gbOpen IND ADM3 (ODbL 1.0); source: Local Government Directory lgdirectory.gov.in via Pathways Data","DISTRICT":null,"ELEV_MEAN_M":496.3,"ELEV_MIN_M":473.0,"ELEV_MAX_M":522.0,"PCT_BELOW_5M":0.0,"PCT_BELOW_10M":0.0},"geometry":{"type":"Polygon","coordinates":[[[78.4926,17.3738],[78.4935,17.3649],[78.5037,17.3578],[78.5123,17.3621],[78.5127,17.3745],[78.5284,17.3679],[78.522,17.3946],[78.5126,17.3981],[78.494,17.3745],[78.4926,17.3738]]]}},{"type":"Feature","properties":{"SUBDISTRICT":"Himayatnagar","STATE":"Telangana","shapeID":"7132399B80363730911002","source":"geoBoundaries gbOpen IND ADM3 (ODbL 1.0); source: Local Government Directory lgdirectory.gov.in via Pathways Data","DISTRICT":null,"ELEV_MEAN_M":501.6,"ELEV_MIN_M":482.0,"ELEV_MAX_M":524.0,"PCT_BELOW_5M":0.0,"PCT_BELOW_10M":0.0},"geometry":{"type":"Polygon","coordinates":[[[78.473,17.3958],[78.4926,17.3738],[78.5012,17.3776],[78.508,17.3977],[78.5025,17.3968],[78.4973,17.4085],[78.4827,17.4111],[78.4741,17.3982],[78.473,17.3958]]]}},{"type":"Feature","properties":{"SUBDISTRICT":"Nampally","STATE":"Telangana","shapeID":"7132399B69799914735978","source":"geoBoundaries gbOpen IND ADM3 (ODbL 1.0); source: Local Government Directory lgdirectory.gov.in via Pathways Data","DISTRICT":null,"ELEV_MEAN_M":501.0,"ELEV_MIN_M":488.0,"ELEV_MAX_M":520.0,"PCT_BELOW_5M":0.0,"PCT_BELOW_10M":0.0},"geometry":{"type":"Polygon","coordinates":[[[78.4652,17.3912],[78.4672,17.3638],[78.4926,17.3738],[78.4758,17.395],[78.4674,17.3915],[78.4652,17.3912]]]}},{"type":"Feature","properties":{"SUBDISTRICT":"Khairatabad","STATE":"Telangana","shapeID":"7132399B24778766266324","source":"geoBoundaries gbOpen IND ADM3 (ODbL 1.0); source: Local Government Directory lgdirectory.gov.in via Pathways Data","DISTRICT":null,"ELEV_MEAN_M":541.4,"ELEV_MIN_M":506.0,"ELEV_MAX_M":615.0,"PCT_BELOW_5M":0.0,"PCT_BELOW_10M":0.0},"geometry":{"type":"Polygon","coordinates":[[[78.4044,17.4274],[78.4522,17.4149],[78.4526,17.3959],[78.4652,17.3912],[78.4727,17.3951],[78.4823,17.4194],[78.475,17.4169],[78.4614,17.4292],[78.4553,17.4186],[78.4115,17.4333],[78.4044,17.4274]],[[78.4578,17.4095],[78.4664,17.4134],[78.464,17.4068],[78.4581,17.4089],[78.4578,17.4095]]]}},{"type":"Feature","properties":{"SUBDISTRICT":"Asif Nagar","STATE":"Telangana","shapeID":"7132399B95026712767131","source":"geoBoundaries gbOpen IND ADM3 (ODbL 1.0); source: Local Government Directory lgdirectory.gov.in via Pathways Data","DISTRICT":null,"ELEV_MEAN_M":509.0,"ELEV_MIN_M":491.0,"ELEV_MAX_M":540.0,"PCT_BELOW_5M":0.0,"PCT_BELOW_10M":0.0},"geometry":{"type":"Polygon","coordinates":[[[78.4338,17.3732],[78.4495,17.3705],[78.4451,17.3651],[78.4525,17.3557],[78.4672,17.3638],[78.4683,17.3703],[78.4603,17.3952],[78.4526,17.3959],[78.4469,17.3828],[78.4348,17.3829],[78.4341,17.376],[78.4338,17.3732]]]}},{"type":"Feature","properties":{"SUBDISTRICT":"Golconda","STATE":"Telangana","shapeID":"7132399B53137336415038","source":"geoBoundaries gbOpen IND ADM3 (ODbL 1.0); source: Local Government Directory lgdirectory.gov.in via Pathways Data","DISTRICT":null,"ELEV_MEAN_M":514.3,"ELEV_MIN_M":495.0,"ELEV_MAX_M":556.0,"PCT_BELOW_5M":0.0,"PCT_BELOW_10M":0.0},"geometry":{"type":"Polygon","coordinates":[[[78.3957,17.3744],[78.4012,17.3566],[78.4113,17.3487],[78.4352,17.3451],[78.4495,17.3705],[78.4349,17.3722],[78.4348,17.3829],[78.4156,17.378],[78.4121,17.3835],[78.4045,17.3777],[78.3957,17.3744]]]}},{"type":"Feature","properties":{"SUBDISTRICT":"Vikarabad","STATE":"Telangana","shapeID":"7132399B18575228436964","source":"geoBoundaries gbOpen IND ADM3 (ODbL 1.0); source: Local Government Directory lgdirectory.gov.in via Pathways Data","DISTRICT":null,"ELEV_MEAN_M":631.9,"ELEV_MIN_M":547.0,"ELEV_MAX_M":721.0,"PCT_BELOW_5M":0.0,"PCT_BELOW_10M":0.0},"geometry":{"type":"Polygon","coordinates":[[[77.8072,17.401],[77.8086,17.3907],[77.8253,17.383],[77.8557,17.3914],[77.8737,17.3668],[77.8611,17.3297],[77.8721,17.3181],[77.8926,17.3225],[77.8984,17.3159],[77.8943,17.2863],[77.8801,17.2876],[77.8527,17.2747],[77.8426,17.2525],[77.844,17.2388],[77.854,17.2397],[77.8987,17.2701],[77.9244,17.2481],[77.9412,17.2569],[77.9494,17.2834],[77.9463,17.3],[77.9606,17.3325],[77.9832,17.3403],[78.004,17.3584],[78.0009,17.3672],[78.0153,17.3728],[78.013,17.3763],[78.0062,17.3815],[77.978,17.3781],[77.9613,17.3829],[77.9376,17.4026],[77.917,17.3993],[77.909,17.4387],[77.9157,17.4633],[77.8978,17.4573],[77.8943,17.4471],[77.8624,17.4419],[77.8465,17.4098],[77.8252,17.4165],[77.8125,17.4082],[77.8072,17.401]]]}},{"type":"Feature","properties":{"SUBDISTRICT":"Dharur","STATE":"Telangana","shapeID":"7132399B38795840392760","source":"geoBoundaries gbOpen IND ADM3 (ODbL 1.0); source: Local Government Directory lgdirectory.gov.in via Pathways Data","DISTRICT":null,"ELEV_MEAN_M":558.3,"ELEV_MIN_M":379.0,"ELEV_MAX_M":711.0,"PCT_BELOW_5M":0.0,"PCT_BELOW_10M":0.0},"geometry":{"type":"Polygon","coordinates":[[[77.7326,17.349],[77.7493,17.3286],[77.7475,17.2906],[77.7632,17.2915],[77.7666,17.2753],[77.7775,17.2676],[77.7693,17.2464],[77.777,17.2327],[77.8325,17.2277],[77.844,17.2388],[77.8426,17.2525],[77.8527,17.2747],[77.8801,17.2876],[77.8943,17.2863],[77.8984,17.3159],[77.8926,17.3225],[77.8721,17.3181],[77.8611,17.3297],[77.8737,17.3668],[77.8557,17.3914],[77.8253,17.383],[77.7995,17.3943],[77.7698,17.3819],[77.7389,17.3908],[77.7329,17.3639],[77.7326,17.349]]]}},{"type":"Feature","properties":{"SUBDISTRICT":"Weepangandla","STATE":"Telangana","shapeID":"7132399B32288727205371","source":"geoBoundaries gbOpen IND ADM3 (ODbL 1.0); source: Local Government Directory lgdirectory.gov.in via Pathways Data","DISTRICT":null,"ELEV_MEAN_M":316.8,"ELEV_MIN_M":264.0,"ELEV_MAX_M":393.0,"PCT_BELOW_5M":0.0,"PCT_BELOW_10M":0.0},"geometry":{"type":"Polygon","coordinates":[[[78.0376,16.1024],[78.0399,16.0955],[78.0687,16.0891],[78.0923,16.1167],[78.1127,16.1203],[78.0985,16.0607],[78.1398,16.0582],[78.1484,16.0313],[78.18,16.0209],[78.2185,16.0451],[78.2126,16.0867],[78.1985,16.1037],[78.2089,16.1185],[78.2216,16.1642],[78.1766,16.1723],[78.1419,16.1689],[78.1126,16.177],[78.0942,16.1641],[78.0721,16.1778],[78.0512,16.1246],[78.0376,16.1024]]]}},{"type":"Feature","properties":{"SUBDISTRICT":"Marpalle","STATE":"Telangana","shapeID":"7132399B27328304282577","source":"geoBoundaries gbOpen IND ADM3 (ODbL 1.0); source: Local Government Directory lgdirectory.gov.in via Pathways Data","DISTRICT":null,"ELEV_MEAN_M":611.7,"ELEV_MIN_M":547.0,"ELEV_MAX_M":687.0,"PCT_BELOW_5M":0.0,"PCT_BELOW_10M":0.0},"geometry":{"type":"Polygon","coordinates":[[[77.6868,17.52],[77.6912,17.4946],[77.7364,17.4638],[77.7485,17.4807],[77.7888,17.4711],[77.8139,17.4791],[77.8207,17.4855],[77.8294,17.5222],[77.8435,17.522],[77.8491,17.5023],[77.8825,17.5215],[77.8809,17.5299],[77.8661,17.536],[77.8529,17.5714],[77.8621,17.584],[77.8743,17.581],[77.8707,17.5926],[77.8751,17.6003],[77.8667,17.62],[77.8613,17.6215],[77.8559,17.6433],[77.828,17.6461],[77.816,17.6263],[77.798,17.6249],[77.7841,17.639],[77.7776,17.6266],[77.7477,17.6248],[77.75,17.6124],[77.7681,17.6126],[77.7742,17.602],[77.7713,17.5864],[77.76,17.5737],[77.7614,17.5593],[77.7074,17.5281],[77.6905,17.5273],[77.6868,17.52]]]}},{"type":"Feature","properties":{"SUBDISTRICT":"Mominpet","STATE":"Telangana","shapeID":"7132399B50456932077384","source":"geoBoundaries gbOpen IND ADM3 (ODbL 1.0); source: Local Government Directory lgdirectory.gov.in via Pathways Data","DISTRICT":null,"ELEV_MEAN_M":608.8,"ELEV_MIN_M":543.0,"ELEV_MAX_M":696.0,"PCT_BELOW_5M":0.0,"PCT_BELOW_10M":0.0},"geometry":{"type":"Polygon","coordinates":[[[77.8118,17.4779],[77.8611,17.4404],[77.879,17.4486],[77.8943,17.4471],[77.8978,17.4573],[77.925,17.4653],[77.9502,17.4677],[78.0165,17.457],[78.031,17.4688],[77.9917,17.5072],[77.9827,17.4859],[77.9653,17.4837],[77.9663,17.5047],[77.9749,17.5187],[77.9636,17.535],[77.9384,17.5389],[77.9338,17.5652],[77.9229,17.574],[77.8687,17.5839],[77.8556,17.5792],[77.8529,17.5714],[77.8661,17.536],[77.8809,17.5299],[77.8825,17.5215],[77.8491,17.5023],[77.8435,17.522],[77.8294,17.5222],[77.8207,17.4855],[77.8139,17.4791],[77.8118,17.4779]]]}},{"type":"Feature","properties":{"SUBDISTRICT":"Nawabpet","STATE":"Telangana","shapeID":"7132399B668489478323","source":"geoBoundaries gbOpen IND ADM3 (ODbL 1.0); source: Local Government Directory lgdirectory.gov.in via Pathways Data","DISTRICT":null,"ELEV_MEAN_M":625.4,"ELEV_MIN_M":583.0,"ELEV_MAX_M":690.0,"PCT_BELOW_5M":0.0,"PCT_BELOW_10M":0.0},"geometry":{"type":"Polygon","coordinates":[[[77.909,17.4387],[77.917,17.3993],[77.9376,17.4026],[77.9613,17.3829],[77.978,17.3781],[78.0062,17.3815],[78.0153,17.3728],[78.0421,17.3812],[78.0582,17.3708],[78.0658,17.3776],[78.0688,17.3979],[78.0445,17.4001],[78.0421,17.4091],[78.0582,17.4338],[78.0791,17.4444],[78.031,17.4688],[78.0165,17.457],[78.0041,17.456],[77.9663,17.4661],[77.925,17.4653],[77.9157,17.4633],[77.9096,17.4454],[77.909,17.4387]]]}},{"type":"Feature","properties":{"SUBDISTRICT":"Shankarpalle","STATE":"Telangana","shapeID":"7132399B33225977120009","source":"geoBoundaries gbOpen IND ADM3 (ODbL 1.0); source: Local Government Directory lgdirectory.gov.in via Pathways Data","DISTRICT":null,"ELEV_MEAN_M":586.1,"ELEV_MIN_M":544.0,"ELEV_MAX_M":661.0,"PCT_BELOW_5M":0.0,"PCT_BELOW_10M":0.0},"geometry":{"type":"Polygon","coordinates":[[[78.0421,17.4091],[78.0445,17.4001],[78.0542,17.3981],[78.0691,17.3979],[78.0773,17.4042],[78.0907,17.3658],[78.1044,17.3822],[78.117,17.3742],[78.1255,17.3775],[78.1376,17.4062],[78.1547,17.4178],[78.1659,17.3926],[78.1905,17.3759],[78.1983,17.3832],[78.2191,17.3828],[78.2737,17.3965],[78.2826,17.4052],[78.2887,17.4333],[78.2733,17.4353],[78.2711,17.4228],[78.263,17.419],[78.2368,17.4277],[78.2301,17.4398],[78.2187,17.4398],[78.2139,17.4864],[78.1886,17.4901],[78.1943,17.4797],[78.1671,17.4632],[78.158,17.4647],[78.1456,17.4727],[78.1429,17.4871],[78.1106,17.4828],[78.1036,17.4925],[78.0854,17.4971],[78.0819,17.5244],[78.071,17.5212],[78.0666,17.5083],[78.0591,17.5088],[78.0653,17.4968],[78.0635,17.483],[78.0549,17.4842],[78.0517,17.4759],[78.0605,17.4714],[78.0544,17.4598],[78.0791,17.4444],[78.0582,17.4338],[78.0487,17.4198],[78.0421,17.4091]]]}},{"type":"Feature","properties":{"SUBDISTRICT":"Chennaraopet","STATE":"Telangana","shapeID":"7132399B89900745235798","source":"geoBoundaries gbOpen IND ADM3 (ODbL 1.0); source: Local Government Directory lgdirectory.gov.in via Pathways Data","DISTRICT":null,"ELEV_MEAN_M":240.3,"ELEV_MIN_M":203.0,"ELEV_MAX_M":287.0,"PCT_BELOW_5M":0.0,"PCT_BELOW_10M":0.0},"geometry":{"type":"Polygon","coordinates":[[[79.7613,17.8881],[79.7614,17.8808],[79.7856,17.8659],[79.8004,17.8641],[79.8169,17.7868],[79.8236,17.778],[79.8593,17.7867],[79.8577,17.8067],[79.8776,17.817],[79.8939,17.8088],[79.9019,17.8126],[79.907,17.8375],[79.8657,17.8719],[79.865,17.8922],[79.8306,17.9232],[79.7894,17.9338],[79.7867,17.9187],[79.7761,17.9145],[79.7696,17.9023],[79.7613,17.8881]]]}},{"type":"Feature","properties":{"SUBDISTRICT":"Nekkonda","STATE":"Telangana","shapeID":"7132399B42861674821322","source":"geoBoundaries gbOpen IND ADM3 (ODbL 1.0); source: Local Government Directory lgdirectory.gov.in via Pathways Data","DISTRICT":null,"ELEV_MEAN_M":235.8,"ELEV_MIN_M":207.0,"ELEV_MAX_M":357.0,"PCT_BELOW_5M":0.0,"PCT_BELOW_10M":0.0},"geometry":{"type":"Polygon","coordinates":[[[79.7476,17.8614],[79.7722,17.7888],[79.7536,17.761],[79.7505,17.7396],[79.7799,17.7073],[79.7973,17.7008],[79.8274,17.7184],[79.838,17.7377],[79.8727,17.7368],[79.8852,17.7697],[79.8794,17.7796],[79.8593,17.7867],[79.8236,17.778],[79.7976,17.8684],[79.7856,17.8659],[79.7587,17.8811],[79.7504,17.8726],[79.7476,17.8614]]]}},{"type":"Feature","properties":{"SUBDISTRICT":"Kangti","STATE":"Telangana","shapeID":"7132399B81683282298047","source":"geoBoundaries gbOpen IND ADM3 (ODbL 1.0); source: Local Government Directory lgdirectory.gov.in via Pathways Data","DISTRICT":null,"ELEV_MEAN_M":500.8,"ELEV_MIN_M":440.0,"ELEV_MAX_M":568.0,"PCT_BELOW_5M":0.0,"PCT_BELOW_10M":0.0},"geometry":{"type":"Polygon","coordinates":[[[77.5679,18.2025],[77.583,18.1642],[77.6015,18.1539],[77.6003,18.1231],[77.6243,18.1216],[77.6321,18.1265],[77.6477,18.1537],[77.6521,18.1777],[77.6722,18.1765],[77.6853,18.1466],[77.6998,18.1535],[77.6978,18.172],[77.7162,18.1772],[77.7459,18.211],[77.7445,18.226],[77.7393,18.2356],[77.731,18.2351],[77.7247,18.2604],[77.6902,18.262],[77.6682,18.2833],[77.6473,18.2858],[77.6027,18.2748],[77.5851,18.2582],[77.5761,18.2425],[77.5886,18.2187],[77.578,18.2019],[77.5679,18.2025]]]}},{"type":"Feature","properties":{"SUBDISTRICT":"Ghatkesar","STATE":"Telangana","shapeID":"7132399B35566670212169","source":"geoBoundaries gbOpen IND ADM3 (ODbL 1.0); source: Local Government Directory lgdirectory.gov.in via Pathways Data","DISTRICT":null,"ELEV_MEAN_M":471.1,"ELEV_MIN_M":417.0,"ELEV_MAX_M":578.0,"PCT_BELOW_5M":0.0,"PCT_BELOW_10M":0.0},"geometry":{"type":"Polygon","coordinates":[[[78.5973,17.3751],[78.6231,17.3763],[78.6461,17.3683],[78.6599,17.3932],[78.6783,17.384],[78.6926,17.3874],[78.7068,17.3733],[78.743,17.3703],[78.7459,17.398],[78.7621,17.4278],[78.7604,17.4441],[78.7547,17.4475],[78.7474,17.4417],[78.7133,17.4392],[78.7145,17.4632],[78.7268,17.4775],[78.7112,17.4886],[78.6864,17.4901],[78.6383,17.4667],[78.6202,17.4473],[78.608,17.4434],[78.6024,17.4239],[78.6087,17.4161],[78.6075,17.4017],[78.5983,17.3963],[78.5977,17.3809],[78.5973,17.3751]]]}},{"type":"Feature","properties":{"SUBDISTRICT":"Hayathnagar","STATE":"Telangana","shapeID":"7132399B52948765137781","source":"geoBoundaries gbOpen IND ADM3 (ODbL 1.0); source: Local Government Directory lgdirectory.gov.in via Pathways Data","DISTRICT":null,"ELEV_MEAN_M":511.3,"ELEV_MIN_M":475.0,"ELEV_MAX_M":558.0,"PCT_BELOW_5M":0.0,"PCT_BELOW_10M":0.0},"geometry":{"type":"Polygon","coordinates":[[[78.5444,17.3288],[78.5457,17.3093],[78.568,17.301],[78.5857,17.279],[78.5925,17.2905],[78.608,17.2874],[78.6148,17.2964],[78.6455,17.3002],[78.6569,17.32],[78.651,17.3237],[78.6488,17.3522],[78.5997,17.3629],[78.6008,17.3748],[78.5714,17.3791],[78.5715,17.3404],[78.5446,17.3404],[78.5444,17.3288]]]}},{"type":"Feature","properties":{"SUBDISTRICT":"Saroornagar","STATE":"Telangana","shapeID":"7132399B62429755295747","source":"geoBoundaries gbOpen IND ADM3 (ODbL 1.0); source: Local Government Directory lgdirectory.gov.in via Pathways Data","DISTRICT":null,"ELEV_MEAN_M":497.4,"ELEV_MIN_M":467.0,"ELEV_MAX_M":527.0,"PCT_BELOW_5M":0.0,"PCT_BELOW_10M":0.0},"geometry":{"type":"Polygon","coordinates":[[[78.5145,17.3424],[78.5335,17.3372],[78.5704,17.3394],[78.574,17.3532],[78.5726,17.3684],[78.5572,17.3693],[78.5583,17.3822],[78.5428,17.3825],[78.5277,17.3749],[78.5259,17.3609],[78.5154,17.3501],[78.5145,17.3424]]]}},{"type":"Feature","properties":{"SUBDISTRICT":"Rajendranagar","STATE":"Telangana","shapeID":"7132399B38566547239410","source":"geoBoundaries gbOpen IND ADM3 (ODbL 1.0); source: Local Government Directory lgdirectory.gov.in via Pathways Data","DISTRICT":null,"ELEV_MEAN_M":544.8,"ELEV_MIN_M":505.0,"ELEV_MAX_M":611.0,"PCT_BELOW_5M":0.0,"PCT_BELOW_10M":0.0},"geometry":{"type":"Polygon","coordinates":[[[78.3365,17.2822],[78.3568,17.2845],[78.3737,17.2683],[78.4061,17.2914],[78.4266,17.2779],[78.4379,17.3012],[78.4562,17.3167],[78.4475,17.3345],[78.4502,17.3458],[78.4113,17.3487],[78.4012,17.3566],[78.3945,17.3782],[78.3891,17.3784],[78.3811,17.3758],[78.3799,17.3425],[78.397,17.3238],[78.3884,17.325],[78.3815,17.3017],[78.3721,17.3053],[78.3588,17.2927],[78.3404,17.2941],[78.3365,17.2822]]]}},{"type":"Feature","properties":{"SUBDISTRICT":"Tandur","STATE":"Telangana","shapeID":"7132399B8262906443143","source":"geoBoundaries gbOpen IND ADM3 (ODbL 1.0); source: Local Government Directory lgdirectory.gov.in via Pathways Data","DISTRICT":null,"ELEV_MEAN_M":484.7,"ELEV_MIN_M":427.0,"ELEV_MAX_M":668.0,"PCT_BELOW_5M":0.0,"PCT_BELOW_10M":0.0},"geometry":{"type":"MultiPolygon","coordinates":[[[[77.4378,17.2913],[77.5442,17.2763],[77.5544,17.2274],[77.5705,17.2151],[77.5797,17.221],[77.5892,17.2493],[77.6127,17.2481],[77.6307,17.2555],[77.6307,17.2987],[77.6037,17.3706],[77.609,17.4051],[77.6024,17.4128],[77.5786,17.4182],[77.5394,17.4071],[77.5252,17.3894],[77.5341,17.3809],[77.5247,17.3651],[77.503,17.3571],[77.4783,17.3622],[77.4831,17.3726],[77.4553,17.3735],[77.4535,17.353],[77.4601,17.348],[77.4589,17.3409],[77.4413,17.2992],[77.4378,17.2913]]],[[[77.6542,17.2523],[77.66,17.2431],[77.6965,17.2455],[77.6901,17.2768],[77.6765,17.2695],[77.657,17.2727],[77.6599,17.2579],[77.655,17.2534],[77.6542,17.2523]]]]}},{"type":"Feature","properties":{"SUBDISTRICT":"Hasanparthy","STATE":"Telangana","shapeID":"7132399B4596612458988","source":"geoBoundaries gbOpen IND ADM3 (ODbL 1.0); source: Local Government Directory lgdirectory.gov.in via Pathways Data","DISTRICT":null,"ELEV_MEAN_M":256.0,"ELEV_MIN_M":221.0,"ELEV_MAX_M":376.0,"PCT_BELOW_5M":0.0,"PCT_BELOW_10M":0.0},"geometry":{"type":"Polygon","coordinates":[[[79.4466,18.0685],[79.4509,18.0513],[79.4658,18.0369],[79.4826,18.0445],[79.4942,18.042],[79.503,18.0314],[79.5027,18.019],[79.5231,18.0067],[79.5289,18.0223],[79.554,18.0389],[79.5568,18.0548],[79.5731,18.0564],[79.5808,18.0721],[79.5898,18.0761],[79.5985,18.0713],[79.5965,18.0468],[79.6135,18.0392],[79.6237,18.0447],[79.628,18.0632],[79.6143,18.1141],[79.6192,18.1254],[79.6356,18.1351],[79.6155,18.1558],[79.6098,18.1448],[79.5869,18.1448],[79.594,18.1241],[79.577,18.126],[79.5635,18.1056],[79.5287,18.105],[79.5462,18.0579],[79.5344,18.0544],[79.5314,18.0402],[79.4937,18.0468],[79.5151,18.0809],[79.5102,18.1016],[79.4865,18.1115],[79.4786,18.1145],[79.454,18.0724],[79.4466,18.0685]]]}},{"type":"Feature","properties":{"SUBDISTRICT":"Yelal","STATE":"Telangana","shapeID":"7132399B16659218837488","source":"geoBoundaries gbOpen IND ADM3 (ODbL 1.0); source: Local Government Directory lgdirectory.gov.in via Pathways Data","DISTRICT":null,"ELEV_MEAN_M":483.7,"ELEV_MIN_M":440.0,"ELEV_MAX_M":560.0,"PCT_BELOW_5M":0.0,"PCT_BELOW_10M":0.0},"geometry":{"type":"Polygon","coordinates":[[[77.5452,17.158],[77.5521,17.1402],[77.5802,17.1301],[77.5893,17.1504],[77.6233,17.153],[77.6175,17.1671],[77.6446,17.1738],[77.6493,17.182],[77.7043,17.174],[77.697,17.1981],[77.7206,17.2029],[77.7192,17.2083],[77.7305,17.2026],[77.7287,17.1871],[77.7416,17.1806],[77.7352,17.2092],[77.7389,17.2301],[77.7617,17.2217],[77.777,17.2327],[77.7693,17.2464],[77.7775,17.2676],[77.7666,17.2753],[77.7632,17.2915],[77.7464,17.2908],[77.7083,17.2719],[77.6965,17.2455],[77.66,17.2431],[77.6539,17.2569],[77.5892,17.2493],[77.5797,17.221],[77.5613,17.2027],[77.5559,17.1843],[77.5452,17.158]]]}},{"type":"Feature","properties":{"SUBDISTRICT":"Waddepally","STATE":"Telangana","shapeID":"7132399B60042604322169","source":"geoBoundaries gbOpen IND ADM3 (ODbL 1.0); source: Local Government Directory lgdirectory.gov.in via Pathways Data","DISTRICT":null,"ELEV_MEAN_M":309.1,"ELEV_MIN_M":281.0,"ELEV_MAX_M":334.0,"PCT_BELOW_5M":0.0,"PCT_BELOW_10M":0.0},"geometry":{"type":"Polygon","coordinates":[[[77.6462,15.8877],[77.6889,15.8792],[77.7216,15.8919],[77.8049,15.8708],[77.8615,15.8813],[77.8718,15.9334],[77.8846,15.9447],[77.8921,15.9736],[77.8578,16.0138],[77.7895,16.0034],[77.7667,15.9622],[77.7263,15.9706],[77.7168,15.9422],[77.6596,15.912],[77.6506,15.8918],[77.6462,15.8877]]]}},{"type":"Feature","properties":{"SUBDISTRICT":"Manopad","STATE":"Telangana","shapeID":"7132399B14518347190854","source":"geoBoundaries gbOpen IND ADM3 (ODbL 1.0); source: Local Government Directory lgdirectory.gov.in via Pathways Data","DISTRICT":null,"ELEV_MEAN_M":299.1,"ELEV_MIN_M":262.0,"ELEV_MAX_M":324.0,"PCT_BELOW_5M":0.0,"PCT_BELOW_10M":0.0},"geometry":{"type":"Polygon","coordinates":[[[77.8638,15.8846],[77.8728,15.8979],[77.8936,15.9015],[77.9343,15.8822],[77.9411,15.932],[77.9869,15.922],[78.0146,15.9239],[78.0005,15.9414],[78.0028,15.949],[77.9861,15.9523],[77.9832,15.9765],[77.9853,15.989],[78.0044,15.9868],[77.9938,16.0079],[78.0219,16.0485],[77.9983,16.0764],[77.9821,16.0814],[77.9698,16.0457],[77.9556,16.0352],[77.9508,16.0203],[77.9201,16.0143],[77.8921,15.9736],[77.8846,15.9447],[77.8718,15.9334],[77.8661,15.8955],[77.8638,15.8846]]]}},{"type":"Feature","properties":{"SUBDISTRICT":"Atmakur (M)","STATE":"Telangana","shapeID":"7132399B7436097493404","source":"geoBoundaries gbOpen IND ADM3 (ODbL 1.0); source: Local Government Directory lgdirectory.gov.in via Pathways Data","DISTRICT":null,"ELEV_MEAN_M":308.3,"ELEV_MIN_M":266.0,"ELEV_MAX_M":347.0,"PCT_BELOW_5M":0.0,"PCT_BELOW_10M":0.0},"geometry":{"type":"Polygon","coordinates":[[[79.087,17.4749],[79.0875,17.4584],[79.1259,17.4473],[79.1472,17.406],[79.1731,17.3931],[79.1832,17.3629],[79.2183,17.3789],[79.1879,17.4074],[79.2039,17.4189],[79.2306,17.4843],[79.2047,17.4911],[79.2085,17.5077],[79.1975,17.5305],[79.1773,17.5268],[79.1447,17.5463],[79.1285,17.545],[79.1172,17.552],[79.1013,17.5321],[79.1167,17.4935],[79.0872,17.479],[79.087,17.4749]]]}},{"type":"Feature","properties":{"SUBDISTRICT":"Sathupalli","STATE":"Telangana","shapeID":"7132399B57950134100121","source":"geoBoundaries gbOpen IND ADM3 (ODbL 1.0); source: Local Government Directory lgdirectory.gov.in via Pathways Data","DISTRICT":null,"ELEV_MEAN_M":182.8,"ELEV_MIN_M":124.0,"ELEV_MAX_M":329.0,"PCT_BELOW_5M":0.0,"PCT_BELOW_10M":0.0},"geometry":{"type":"Polygon","coordinates":[[[80.7348,17.1985],[80.7569,17.1834],[80.7688,17.1847],[80.784,17.1682],[80.8118,17.1654],[80.8371,17.1454],[80.8756,17.1328],[80.8791,17.1545],[80.905,17.149],[80.9221,17.1542],[80.9237,17.1781],[80.9141,17.2094],[80.9226,17.2134],[80.8858,17.237],[80.8663,17.2418],[80.8455,17.2656],[80.8528,17.2817],[80.8469,17.3607],[80.8307,17.3583],[80.7975,17.3389],[80.7694,17.3483],[80.7556,17.3382],[80.7476,17.3223],[80.7555,17.3064],[80.7555,17.2853],[80.7435,17.2639],[80.7378,17.2043],[80.7348,17.1985]]]}},{"type":"Feature","properties":{"SUBDISTRICT":"Nizamabad North","STATE":"Telangana","shapeID":"7132399B17688854851048","source":"geoBoundaries gbOpen IND ADM3 (ODbL 1.0); source: Local Government Directory lgdirectory.gov.in via Pathways Data","DISTRICT":null,"ELEV_MEAN_M":410.3,"ELEV_MIN_M":379.0,"ELEV_MAX_M":488.0,"PCT_BELOW_5M":0.0,"PCT_BELOW_10M":0.0},"geometry":{"type":"Polygon","coordinates":[[[78.0417,18.6509],[78.0747,18.6325],[78.0897,18.6429],[78.0951,18.673],[78.0921,18.6906],[78.08,18.6836],[78.0479,18.6877],[78.0417,18.6553],[78.0417,18.6509]]]}},{"type":"Feature","properties":{"SUBDISTRICT":"Yellareddy","STATE":"Telangana","shapeID":"7132399B73872894940078","source":"geoBoundaries gbOpen IND ADM3 (ODbL 1.0); source: Local Government Directory lgdirectory.gov.in via Pathways Data","DISTRICT":null,"ELEV_MEAN_M":439.5,"ELEV_MIN_M":379.0,"ELEV_MAX_M":550.0,"PCT_BELOW_5M":0.0,"PCT_BELOW_10M":0.0},"geometry":{"type":"Polygon","coordinates":[[[77.8975,18.1603],[77.9138,18.1404],[77.9261,18.1552],[77.9337,18.1484],[77.928,18.1445],[77.9312,18.1409],[77.9184,18.1362],[77.9274,18.1312],[77.9115,18.1235],[77.9197,18.1154],[77.9315,18.1173],[77.9276,18.1051],[77.9045,18.1073],[77.9005,18.096],[77.9291,18.0994],[77.942,18.1126],[77.9673,18.1131],[77.9851,18.1212],[77.9942,18.1133],[78.0099,18.1115],[78.0225,18.0969],[78.0412,18.097],[78.0404,18.1171],[78.0269,18.1107],[78.0347,18.1395],[78.0562,18.1322],[78.0617,18.1365],[78.057,18.149],[78.0835,18.1871],[78.0856,18.2192],[78.077,18.2356],[78.0513,18.2373],[78.0311,18.2507],[78.0321,18.2837],[78.0197,18.3116],[77.9809,18.3074],[77.9656,18.2891],[77.9622,18.2812],[77.983,18.256],[77.9547,18.2437],[77.9623,18.2396],[77.9618,18.2139],[77.9563,18.2176],[77.9321,18.2087],[77.9191,18.1918],[77.9193,18.1721],[77.9098,18.1726],[77.9036,18.1833],[77.9069,18.1687],[77.8975,18.1603]]]}},{"type":"Feature","properties":{"SUBDISTRICT":"Manchal","STATE":"Telangana","shapeID":"7132399B2537953930049","source":"geoBoundaries gbOpen IND ADM3 (ODbL 1.0); source: Local Government Directory lgdirectory.gov.in via Pathways Data","DISTRICT":null,"ELEV_MEAN_M":564.6,"ELEV_MIN_M":365.0,"ELEV_MAX_M":687.0,"PCT_BELOW_5M":0.0,"PCT_BELOW_10M":0.0},"geometry":{"type":"Polygon","coordinates":[[[78.6205,17.1643],[78.6221,17.1503],[78.637,17.14],[78.6281,17.1209],[78.6748,17.1093],[78.675,17.0599],[78.6865,17.0408],[78.6974,17.0329],[78.7367,17.0273],[78.7356,17.0101],[78.7657,17.0053],[78.7898,16.9734],[78.7976,16.9905],[78.8307,17.0178],[78.8201,17.0323],[78.7885,17.0386],[78.7993,17.0484],[78.8272,17.0402],[78.8385,17.0427],[78.8461,17.0518],[78.8462,17.0691],[78.8556,17.0792],[78.8246,17.1062],[78.826,17.1139],[78.8416,17.1106],[78.8393,17.125],[78.8083,17.1335],[78.786,17.1516],[78.7837,17.1612],[78.7946,17.1729],[78.7911,17.1933],[78.743,17.2056],[78.7442,17.1987],[78.7146,17.1966],[78.6955,17.1801],[78.6731,17.1994],[78.6582,17.1834],[78.6325,17.1828],[78.623,17.1719],[78.6205,17.1643]]]}},{"type":"Feature","properties":{"SUBDISTRICT":"Yacharam","STATE":"Telangana","shapeID":"7132399B88758503458484","source":"geoBoundaries gbOpen IND ADM3 (ODbL 1.0); source: Local Government Directory lgdirectory.gov.in via Pathways Data","DISTRICT":null,"ELEV_MEAN_M":593.0,"ELEV_MIN_M":467.0,"ELEV_MAX_M":713.0,"PCT_BELOW_5M":0.0,"PCT_BELOW_10M":0.0},"geometry":{"type":"Polygon","coordinates":[[[78.5221,17.0082],[78.5225,16.9922],[78.5621,16.9807],[78.5852,16.9518],[78.6149,16.959],[78.6499,16.9554],[78.6871,16.9307],[78.7017,16.933],[78.6985,16.9394],[78.707,16.9625],[78.7178,16.9685],[78.7548,16.9661],[78.7593,16.9778],[78.7898,16.9734],[78.7657,17.0053],[78.7356,17.0101],[78.7367,17.0273],[78.6974,17.0329],[78.6865,17.0408],[78.675,17.0599],[78.6748,17.1093],[78.6474,17.1201],[78.6281,17.1209],[78.6256,17.08],[78.5942,17.0852],[78.5805,17.0939],[78.57,17.0436],[78.5537,17.0282],[78.5377,17.0312],[78.5256,17.0216],[78.5221,17.0082]]]}},{"type":"Feature","properties":{"SUBDISTRICT":"Veldanda","STATE":"Telangana","shapeID":"7132399B39194776826841","source":"geoBoundaries gbOpen IND ADM3 (ODbL 1.0); source: Local Government Directory lgdirectory.gov.in via Pathways Data","DISTRICT":null,"ELEV_MEAN_M":495.2,"ELEV_MIN_M":407.0,"ELEV_MAX_M":604.0,"PCT_BELOW_5M":0.0,"PCT_BELOW_10M":0.0},"geometry":{"type":"Polygon","coordinates":[[[78.4484,16.7609],[78.464,16.7573],[78.4738,16.7467],[78.4805,16.715],[78.5145,16.6833],[78.5177,16.6665],[78.5339,16.6688],[78.5582,16.6883],[78.5548,16.7014],[78.5607,16.7138],[78.5776,16.7187],[78.5685,16.7293],[78.5941,16.734],[78.6104,16.7287],[78.6101,16.7237],[78.6244,16.7226],[78.6314,16.7424],[78.6283,16.7523],[78.6492,16.7687],[78.6462,16.793],[78.6287,16.7995],[78.6486,16.8067],[78.6648,16.8227],[78.6641,16.8321],[78.6491,16.849],[78.6457,16.8319],[78.6348,16.8186],[78.6075,16.8038],[78.5977,16.8232],[78.5724,16.8216],[78.5389,16.8415],[78.4797,16.8521],[78.4561,16.8078],[78.4715,16.7811],[78.4504,16.7744],[78.4484,16.7609]]]}},{"type":"Feature","properties":{"SUBDISTRICT":"Bomaraspeta","STATE":"Telangana","shapeID":"7132399B38493742169940","source":"geoBoundaries gbOpen IND ADM3 (ODbL 1.0); source: Local Government Directory lgdirectory.gov.in via Pathways Data","DISTRICT":null,"ELEV_MEAN_M":532.3,"ELEV_MIN_M":445.0,"ELEV_MAX_M":759.0,"PCT_BELOW_5M":0.0,"PCT_BELOW_10M":0.0},"geometry":{"type":"Polygon","coordinates":[[[77.6092,17.1491],[77.6283,17.1359],[77.6508,17.1019],[77.6515,17.0894],[77.6853,17.0788],[77.6633,17.0562],[77.6617,17.0336],[77.6846,17.0235],[77.6951,17.0253],[77.711,17.0419],[77.7307,17.0268],[77.7784,17.0181],[77.7882,17.0429],[77.775,17.0585],[77.7549,17.0619],[77.7691,17.107],[77.7797,17.1111],[77.7708,17.1291],[77.7881,17.1536],[77.7877,17.1738],[77.7795,17.1777],[77.7667,17.2021],[77.7892,17.2183],[77.7932,17.2306],[77.7754,17.2368],[77.7732,17.2278],[77.7568,17.2215],[77.7552,17.2278],[77.7389,17.2301],[77.7352,17.2092],[77.7416,17.1806],[77.7287,17.1871],[77.7305,17.2026],[77.7192,17.2083],[77.7206,17.2029],[77.697,17.1981],[77.7043,17.174],[77.6493,17.182],[77.6446,17.1738],[77.6175,17.1671],[77.6233,17.153],[77.6127,17.1494],[77.6092,17.1491]]]}},{"type":"Feature","properties":{"SUBDISTRICT":"Kamanpur","STATE":"Telangana","shapeID":"7132399B32025458058570","source":"geoBoundaries gbOpen IND ADM3 (ODbL 1.0); source: Local Government Directory lgdirectory.gov.in via Pathways Data","DISTRICT":null,"ELEV_MEAN_M":179.3,"ELEV_MIN_M":116.0,"ELEV_MAX_M":274.0,"PCT_BELOW_5M":0.0,"PCT_BELOW_10M":0.0},"geometry":{"type":"Polygon","coordinates":[[[79.4573,18.656],[79.4712,18.6336],[79.4721,18.6073],[79.4912,18.5885],[79.4992,18.6301],[79.5093,18.6287],[79.5108,18.6378],[79.5225,18.6378],[79.5357,18.6297],[79.5442,18.6389],[79.5368,18.6507],[79.544,18.654],[79.5442,18.7078],[79.5079,18.7104],[79.5086,18.6892],[79.4898,18.6722],[79.4721,18.6736],[79.4629,18.6575],[79.4573,18.656]]]}},{"type":"Feature","properties":{"SUBDISTRICT":"Doulathabad","STATE":"Telangana","shapeID":"7132399B12475810792045","source":"geoBoundaries gbOpen IND ADM3 (ODbL 1.0); source: Local Government Directory lgdirectory.gov.in via Pathways Data","DISTRICT":null,"ELEV_MEAN_M":566.4,"ELEV_MIN_M":512.0,"ELEV_MAX_M":640.0,"PCT_BELOW_5M":0.0,"PCT_BELOW_10M":0.0},"geometry":{"type":"Polygon","coordinates":[[[77.4681,16.9562],[77.5165,16.9439],[77.5163,16.9313],[77.5404,16.922],[77.5452,16.9029],[77.5711,16.9047],[77.5796,16.9167],[77.5902,16.9188],[77.5967,16.9474],[77.6205,16.958],[77.6176,16.9851],[77.6514,16.9948],[77.6531,17.0005],[77.6335,17.0092],[77.6469,17.0184],[77.6294,17.0394],[77.5887,17.0331],[77.5815,17.0621],[77.5604,17.0666],[77.5304,17.0514],[77.5255,17.0261],[77.506,17.0419],[77.4963,17.0406],[77.5035,17.0108],[77.486,17.0007],[77.4832,16.9716],[77.4732,16.9574],[77.4681,16.9562]]]}},{"type":"Feature","properties":{"SUBDISTRICT":"Damargidda","STATE":"Telangana","shapeID":"7132399B90538269107280","source":"geoBoundaries gbOpen IND ADM3 (ODbL 1.0); source: Local Government Directory lgdirectory.gov.in via Pathways Data","DISTRICT":null,"ELEV_MEAN_M":566.8,"ELEV_MIN_M":466.0,"ELEV_MAX_M":689.0,"PCT_BELOW_5M":0.0,"PCT_BELOW_10M":0.0},"geometry":{"type":"Polygon","coordinates":[[[77.4563,16.8852],[77.4617,16.8829],[77.4644,16.8582],[77.4607,16.8275],[77.4759,16.8],[77.4753,16.7829],[77.4971,16.7807],[77.53,16.7941],[77.5487,16.791],[77.5811,16.7511],[77.6182,16.7453],[77.6174,16.7813],[77.5998,16.791],[77.5953,16.8036],[77.58,16.8061],[77.5685,16.8273],[77.5733,16.8368],[77.5953,16.8449],[77.5852,16.8584],[77.5728,16.8549],[77.5631,16.9032],[77.5452,16.9029],[77.5404,16.922],[77.5163,16.9313],[77.5165,16.9439],[77.4681,16.9562],[77.4718,16.9207],[77.4574,16.9126],[77.4583,16.8897],[77.4563,16.8852]]]}},{"type":"Feature","properties":{"SUBDISTRICT":"Thallada","STATE":"Telangana","shapeID":"7132399B71926637686336","source":"geoBoundaries gbOpen IND ADM3 (ODbL 1.0); source: Local Government Directory lgdirectory.gov.in via Pathways Data","DISTRICT":null,"ELEV_MEAN_M":98.7,"ELEV_MIN_M":67.0,"ELEV_MAX_M":259.0,"PCT_BELOW_5M":0.0,"PCT_BELOW_10M":0.0},"geometry":{"type":"Polygon","coordinates":[[[80.3769,17.19],[80.3862,17.1782],[80.4328,17.1571],[80.4059,17.0815],[80.446,17.1023],[80.4641,17.125],[80.4767,17.1757],[80.4884,17.1951],[80.5091,17.2003],[80.5091,17.2209],[80.4883,17.2449],[80.5025,17.2594],[80.4771,17.2645],[80.4604,17.2992],[80.4359,17.303],[80.4136,17.283],[80.405,17.2856],[80.3874,17.2575],[80.3985,17.2115],[80.3808,17.1972],[80.3769,17.19]]]}},{"type":"Feature","properties":{"SUBDISTRICT":"Renjal","STATE":"Telangana","shapeID":"7132399B70195458488431","source":"geoBoundaries gbOpen IND ADM3 (ODbL 1.0); source: Local Government Directory lgdirectory.gov.in via Pathways Data","DISTRICT":null,"ELEV_MEAN_M":351.4,"ELEV_MIN_M":329.0,"ELEV_MAX_M":408.0,"PCT_BELOW_5M":0.0,"PCT_BELOW_10M":0.0},"geometry":{"type":"Polygon","coordinates":[[[77.8611,18.8013],[77.8648,18.7907],[77.8882,18.7859],[77.8789,18.7717],[77.8747,18.7475],[77.9094,18.7407],[77.9392,18.7002],[77.952,18.7121],[77.985,18.7038],[77.9922,18.7107],[77.9982,18.7393],[77.9906,18.7594],[77.961,18.7785],[77.9594,18.7905],[77.9445,18.8021],[77.9361,18.8234],[77.9117,18.831],[77.8632,18.8155],[77.8611,18.8013]]]}},{"type":"Feature","properties":{"SUBDISTRICT":"Balanagar","STATE":"Telangana","shapeID":"7132399B46939141951999","source":"geoBoundaries gbOpen IND ADM3 (ODbL 1.0); source: Local Government Directory lgdirectory.gov.in via Pathways Data","DISTRICT":null,"ELEV_MEAN_M":580.2,"ELEV_MIN_M":534.0,"ELEV_MAX_M":644.0,"PCT_BELOW_5M":0.0,"PCT_BELOW_10M":0.0},"geometry":{"type":"Polygon","coordinates":[[[78.0697,16.9924],[78.1134,16.9505],[78.1032,16.9277],[78.1217,16.9317],[78.1725,16.9042],[78.1709,16.9133],[78.18,16.9217],[78.1879,16.9125],[78.2107,16.9051],[78.207,16.8799],[78.2179,16.8659],[78.2213,16.8707],[78.2448,16.8647],[78.2644,16.8826],[78.2807,16.8865],[78.2833,16.9153],[78.2633,16.9739],[78.251,16.9649],[78.2332,16.9766],[78.1819,16.9591],[78.1662,16.9716],[78.1899,17.0002],[78.1884,17.0075],[78.1259,17.026],[78.1177,17.0216],[78.1151,17.005],[78.0965,17.0058],[78.0711,16.9958],[78.0697,16.9924]]]}},{"type":"Feature","properties":{"SUBDISTRICT":"Kondurg","STATE":"Telangana","shapeID":"7132399B18695796135738","source":"geoBoundaries gbOpen IND ADM3 (ODbL 1.0); source: Local Government Directory lgdirectory.gov.in via Pathways Data","DISTRICT":null,"ELEV_MEAN_M":647.9,"ELEV_MIN_M":602.0,"ELEV_MAX_M":694.0,"PCT_BELOW_5M":0.0,"PCT_BELOW_10M":0.0},"geometry":{"type":"Polygon","coordinates":[[[78.0005,17.1114],[78.0101,17.0524],[78.0188,17.0479],[78.0137,17.02],[78.0277,17.013],[78.0548,17.0121],[78.064,17.0169],[78.0495,17.0449],[78.0533,17.073],[78.0697,17.0876],[78.0783,17.1108],[78.0905,17.1157],[78.0868,17.1347],[78.0985,17.1512],[78.0856,17.1951],[78.0554,17.1959],[78.0428,17.1772],[78.0279,17.1728],[78.0164,17.1502],[78.0332,17.1448],[78.0321,17.1402],[78.0044,17.1301],[78.0005,17.1126],[78.0005,17.1114]]]}},{"type":"Feature","properties":{"SUBDISTRICT":"Amrabad","STATE":"Telangana","shapeID":"7132399B88260664505858","source":"geoBoundaries gbOpen IND ADM3 (ODbL 1.0); source: Local Government Directory lgdirectory.gov.in via Pathways Data","DISTRICT":null,"ELEV_MEAN_M":602.3,"ELEV_MIN_M":153.0,"ELEV_MAX_M":882.0,"PCT_BELOW_5M":0.0,"PCT_BELOW_10M":0.0},"geometry":{"type":"Polygon","coordinates":[[[78.4898,16.2211],[78.4911,16.2113],[78.5198,16.1883],[78.5696,16.1757],[78.597,16.1448],[78.6427,16.1323],[78.6561,16.115],[78.6571,16.0859],[78.6756,16.0623],[78.6939,16.047],[78.7334,16.0297],[78.7826,16.0304],[78.8213,16.059],[78.8469,16.101],[78.838,16.1488],[78.8453,16.1634],[78.8639,16.1653],[78.8705,16.1598],[78.8802,16.117],[78.8967,16.1054],[78.9088,16.1045],[78.9295,16.1287],[78.9132,16.1717],[78.9156,16.1978],[79.0153,16.2455],[78.9375,16.2849],[78.9318,16.2954],[78.9278,16.3092],[78.938,16.3423],[78.9333,16.3804],[78.9387,16.3927],[78.9537,16.4078],[78.9836,16.4058],[78.9092,16.427],[78.8939,16.4109],[78.8711,16.4231],[78.8565,16.4485],[78.862,16.4669],[78.8786,16.4747],[78.8976,16.4729],[78.9139,16.4561],[78.9273,16.4539],[78.9301,16.4712],[78.8914,16.4881],[78.8824,16.5147],[78.8766,16.5176],[78.8678,16.504],[78.8287,16.4806],[78.8136,16.4789],[78.79,16.5054],[78.7879,16.4449],[78.7739,16.4426],[78.7545,16.4086],[78.7267,16.4083],[78.6837,16.3709],[78.683,16.3446],[78.6698,16.3531],[78.667,16.3338],[78.6525,16.3371],[78.6434,16.3248],[78.6358,16.3009],[78.6612,16.2841],[78.6386,16.2299],[78.6117,16.2389],[78.6024,16.2737],[78.5941,16.2822],[78.5786,16.2835],[78.56,16.2764],[78.554,16.264],[78.5785,16.2557],[78.5802,16.2438],[78.5695,16.213],[78.5484,16.2043],[78.5077,16.2094],[78.4898,16.2211]]]}},{"type":"Feature","properties":{"SUBDISTRICT":"Kowdipally","STATE":"Telangana","shapeID":"7132399B19780712259825","source":"geoBoundaries gbOpen IND ADM3 (ODbL 1.0); source: Local Government Directory lgdirectory.gov.in via Pathways Data","DISTRICT":null,"ELEV_MEAN_M":518.1,"ELEV_MIN_M":476.0,"ELEV_MAX_M":627.0,"PCT_BELOW_5M":0.0,"PCT_BELOW_10M":0.0},"geometry":{"type":"Polygon","coordinates":[[[78.0721,17.8811],[78.0757,17.8708],[78.0923,17.8634],[78.0913,17.8358],[78.1055,17.8123],[78.1552,17.8244],[78.1694,17.8506],[78.1951,17.8501],[78.201,17.8482],[78.2111,17.8192],[78.2,17.8041],[78.2321,17.7935],[78.2444,17.8184],[78.3068,17.8423],[78.3077,17.8518],[78.2526,17.8731],[78.2644,17.8959],[78.2612,17.9202],[78.2152,17.9374],[78.1807,17.9299],[78.1672,17.9372],[78.1586,17.933],[78.1239,17.9413],[78.0995,17.912],[78.0743,17.9085],[78.0726,17.8867],[78.0721,17.8811]]]}},{"type":"Feature","properties":{"SUBDISTRICT":"Kothur","STATE":"Telangana","shapeID":"7132399B72711927734353","source":"geoBoundaries gbOpen IND ADM3 (ODbL 1.0); source: Local Government Directory lgdirectory.gov.in via Pathways Data","DISTRICT":null,"ELEV_MEAN_M":604.1,"ELEV_MIN_M":556.0,"ELEV_MAX_M":677.0,"PCT_BELOW_5M":0.0,"PCT_BELOW_10M":0.0},"geometry":{"type":"MultiPolygon","coordinates":[[[[78.2656,17.0887],[78.281,17.0991],[78.3023,17.102],[78.3002,17.0641],[78.3246,17.0663],[78.342,17.0595],[78.3701,17.0635],[78.3504,17.0747],[78.3506,17.0829],[78.3592,17.08],[78.3672,17.0852],[78.354,17.0916],[78.3398,17.1205],[78.3196,17.1401],[78.28,17.1343],[78.2657,17.0934],[78.2656,17.0887]]],[[[78.2268,17.2061],[78.2309,17.2001],[78.2697,17.1949],[78.269,17.1849],[78.2455,17.183],[78.248,17.1672],[78.2785,17.1618],[78.3025,17.1463],[78.3104,17.1733],[78.2944,17.2242],[78.2709,17.225],[78.2621,17.206],[78.243,17.2063],[78.2268,17.2061]]]]}},{"type":"Feature","properties":{"SUBDISTRICT":"Bhoothpur","STATE":"Telangana","shapeID":"7132399B98673431626179","source":"geoBoundaries gbOpen IND ADM3 (ODbL 1.0); source: Local Government Directory lgdirectory.gov.in via Pathways Data","DISTRICT":null,"ELEV_MEAN_M":459.4,"ELEV_MIN_M":412.0,"ELEV_MAX_M":555.0,"PCT_BELOW_5M":0.0,"PCT_BELOW_10M":0.0},"geometry":{"type":"Polygon","coordinates":[[[77.9646,16.6361],[77.9974,16.6419],[78.0102,16.6505],[78.0212,16.6451],[78.0328,16.6245],[78.0605,16.6276],[78.0809,16.6082],[78.1217,16.6056],[78.1383,16.6468],[78.1269,16.6678],[78.1404,16.7022],[78.1015,16.7029],[78.0949,16.7113],[78.0952,16.7362],[78.089,16.7423],[78.0697,16.7254],[78.0556,16.7248],[78.037,16.7436],[78.0314,16.7406],[78.0288,16.7118],[77.9946,16.7089],[78.0026,16.6796],[77.9725,16.6711],[77.9745,16.6521],[77.9646,16.6361]]]}},{"type":"Feature","properties":{"SUBDISTRICT":"Thimmajipet","STATE":"Telangana","shapeID":"7132399B22886402885890","source":"geoBoundaries gbOpen IND ADM3 (ODbL 1.0); source: Local Government Directory lgdirectory.gov.in via Pathways Data","DISTRICT":null,"ELEV_MEAN_M":510.4,"ELEV_MIN_M":464.0,"ELEV_MAX_M":643.0,"PCT_BELOW_5M":0.0,"PCT_BELOW_10M":0.0},"geometry":{"type":"Polygon","coordinates":[[[78.1214,16.6151],[78.1217,16.6056],[78.1378,16.5958],[78.1614,16.5983],[78.1716,16.5908],[78.1816,16.5922],[78.1827,16.6233],[78.2002,16.6194],[78.236,16.5947],[78.2487,16.5945],[78.2603,16.6069],[78.2775,16.6119],[78.2824,16.6525],[78.2665,16.6706],[78.2709,16.6784],[78.2894,16.6846],[78.2956,16.6983],[78.2734,16.7068],[78.2348,16.7432],[78.2072,16.7545],[78.1833,16.7052],[78.174,16.7045],[78.1548,16.7276],[78.1446,16.7133],[78.1269,16.6678],[78.1383,16.6468],[78.1295,16.6275],[78.1214,16.6151]]]}},{"type":"Feature","properties":{"SUBDISTRICT":"Madgul","STATE":"Telangana","shapeID":"7132399B8453766291546","source":"geoBoundaries gbOpen IND ADM3 (ODbL 1.0); source: Local Government Directory lgdirectory.gov.in via Pathways Data","DISTRICT":null,"ELEV_MEAN_M":431.6,"ELEV_MIN_M":343.0,"ELEV_MAX_M":685.0,"PCT_BELOW_5M":0.0,"PCT_BELOW_10M":0.0},"geometry":{"type":"Polygon","coordinates":[[[78.5659,16.8795],[78.5743,16.8724],[78.5987,16.8738],[78.6262,16.8628],[78.6306,16.8712],[78.6392,16.8702],[78.6411,16.8623],[78.6339,16.8551],[78.6042,16.8377],[78.5977,16.8232],[78.6075,16.8038],[78.6348,16.8186],[78.6457,16.8319],[78.6491,16.849],[78.6641,16.8321],[78.6648,16.8227],[78.6486,16.8067],[78.6287,16.7995],[78.6338,16.7941],[78.7013,16.7825],[78.7155,16.7647],[78.74,16.7799],[78.7628,16.7447],[78.7823,16.7467],[78.793,16.7606],[78.7954,16.8054],[78.8044,16.8229],[78.7936,16.8262],[78.7781,16.8439],[78.7845,16.8681],[78.778,16.8806],[78.7512,16.8544],[78.7361,16.8603],[78.728,16.8713],[78.7503,16.9099],[78.7332,16.9201],[78.7017,16.933],[78.6871,16.9307],[78.6522,16.954],[78.646,16.9361],[78.6105,16.9247],[78.6124,16.9044],[78.5668,16.8831],[78.5659,16.8795]]]}},{"type":"Feature","properties":{"SUBDISTRICT":"Jadcherla","STATE":"Telangana","shapeID":"7132399B36103907241850","source":"geoBoundaries gbOpen IND ADM3 (ODbL 1.0); source: Local Government Directory lgdirectory.gov.in via Pathways Data","DISTRICT":null,"ELEV_MEAN_M":548.4,"ELEV_MIN_M":491.0,"ELEV_MAX_M":668.0,"PCT_BELOW_5M":0.0,"PCT_BELOW_10M":0.0},"geometry":{"type":"Polygon","coordinates":[[[78.0352,16.7918],[78.0628,16.7865],[78.0733,16.7744],[78.0952,16.7362],[78.0949,16.7113],[78.1015,16.7029],[78.1404,16.7022],[78.1548,16.7276],[78.174,16.7045],[78.1833,16.7052],[78.2072,16.7545],[78.1926,16.767],[78.1968,16.7724],[78.2232,16.7756],[78.2275,16.7819],[78.2025,16.8119],[78.2054,16.8202],[78.2331,16.822],[78.2505,16.8299],[78.2803,16.8285],[78.2939,16.8351],[78.3143,16.8725],[78.3073,16.8674],[78.2807,16.8865],[78.2644,16.8826],[78.2448,16.8647],[78.2213,16.8707],[78.2038,16.8434],[78.1732,16.8523],[78.1617,16.8346],[78.1353,16.8344],[78.1267,16.8419],[78.0997,16.837],[78.0978,16.8588],[78.0854,16.8597],[78.0629,16.829],[78.0405,16.816],[78.0357,16.8063],[78.0352,16.7918]]]}},{"type":"Feature","properties":{"SUBDISTRICT":"Vangoor","STATE":"Telangana","shapeID":"7132399B85711295454638","source":"geoBoundaries gbOpen IND ADM3 (ODbL 1.0); source: Local Government Directory lgdirectory.gov.in via Pathways Data","DISTRICT":null,"ELEV_MEAN_M":429.7,"ELEV_MIN_M":346.0,"ELEV_MAX_M":548.0,"PCT_BELOW_5M":0.0,"PCT_BELOW_10M":0.0},"geometry":{"type":"Polygon","coordinates":[[[78.468,16.5565],[78.4783,16.5501],[78.4757,16.5172],[78.5214,16.5103],[78.6101,16.5394],[78.6352,16.535],[78.6395,16.5502],[78.6664,16.5419],[78.6735,16.5693],[78.6852,16.5535],[78.7181,16.5813],[78.6957,16.6196],[78.685,16.6233],[78.674,16.6485],[78.7174,16.6486],[78.712,16.6694],[78.7406,16.6998],[78.7575,16.7067],[78.7628,16.7447],[78.74,16.7799],[78.7155,16.7647],[78.7013,16.7825],[78.6462,16.793],[78.6492,16.7687],[78.6283,16.7523],[78.6314,16.7424],[78.6244,16.7226],[78.6101,16.7237],[78.6104,16.7287],[78.5941,16.734],[78.5685,16.7293],[78.5789,16.7217],[78.5712,16.713],[78.5607,16.7138],[78.5548,16.7014],[78.5582,16.6883],[78.5339,16.6688],[78.5177,16.6665],[78.5418,16.6269],[78.5315,16.603],[78.5111,16.5971],[78.5005,16.5745],[78.4771,16.5807],[78.4711,16.5654],[78.468,16.5565]]]}},{"type":"Feature","properties":{"SUBDISTRICT":"Hanamkonda","STATE":"Telangana","shapeID":"7132399B86911937878092","source":"geoBoundaries gbOpen IND ADM3 (ODbL 1.0); source: Local Government Directory lgdirectory.gov.in via Pathways Data","DISTRICT":null,"ELEV_MEAN_M":267.2,"ELEV_MIN_M":239.0,"ELEV_MAX_M":330.0,"PCT_BELOW_5M":0.0,"PCT_BELOW_10M":0.0},"geometry":{"type":"MultiPolygon","coordinates":[[[[79.4649,18.0325],[79.4702,18.0057],[79.483,18.0176],[79.4954,18.0156],[79.5074,17.9806],[79.5592,17.9731],[79.5549,17.9572],[79.5645,17.9621],[79.5805,17.9584],[79.5941,17.984],[79.597,18.0269],[79.6153,18.0249],[79.6455,18.0089],[79.6551,18.0186],[79.6522,18.0335],[79.6697,18.0417],[79.6545,18.0499],[79.6057,18.0418],[79.5965,18.0468],[79.5985,18.0713],[79.5898,18.0761],[79.5808,18.0721],[79.5731,18.0564],[79.5568,18.0548],[79.554,18.0389],[79.5289,18.0223],[79.5231,18.0067],[79.5027,18.019],[79.503,18.0314],[79.4942,18.042],[79.4826,18.0445],[79.4658,18.0369],[79.4649,18.0325]]],[[[79.4937,18.0468],[79.5314,18.0402],[79.5344,18.0544],[79.5462,18.0579],[79.5233,18.108],[79.5102,18.1016],[79.5139,18.0756],[79.5015,18.0663],[79.4969,18.0511],[79.4937,18.0468]]]]}},{"type":"Feature","properties":{"SUBDISTRICT":"Palakurthy","STATE":"Telangana","shapeID":"7132399B3186104235818","source":"geoBoundaries gbOpen IND ADM3 (ODbL 1.0); source: Local Government Directory lgdirectory.gov.in via Pathways Data","DISTRICT":null,"ELEV_MEAN_M":288.5,"ELEV_MIN_M":251.0,"ELEV_MAX_M":381.0,"PCT_BELOW_5M":0.0,"PCT_BELOW_10M":0.0},"geometry":{"type":"Polygon","coordinates":[[[79.3656,17.7275],[79.3733,17.7079],[79.3662,17.657],[79.3862,17.6545],[79.3912,17.647],[79.3957,17.6131],[79.4131,17.6003],[79.4117,17.5879],[79.4447,17.5864],[79.4491,17.5837],[79.446,17.5727],[79.457,17.5691],[79.4765,17.5741],[79.5008,17.6],[79.5191,17.5977],[79.5427,17.6106],[79.5444,17.6516],[79.5262,17.6557],[79.5232,17.681],[79.4992,17.6853],[79.4905,17.7249],[79.4675,17.7197],[79.4533,17.7298],[79.4386,17.7708],[79.4327,17.7735],[79.422,17.7557],[79.389,17.7355],[79.3661,17.7321],[79.3656,17.7275]]]}},{"type":"Feature","properties":{"SUBDISTRICT":"Ragunathpally","STATE":"Telangana","shapeID":"7132399B4758094809236","source":"geoBoundaries gbOpen IND ADM3 (ODbL 1.0); source: Local Government Directory lgdirectory.gov.in via Pathways Data","DISTRICT":null,"ELEV_MEAN_M":369.0,"ELEV_MIN_M":309.0,"ELEV_MAX_M":589.0,"PCT_BELOW_5M":0.0,"PCT_BELOW_10M":0.0},"geometry":{"type":"Polygon","coordinates":[[[79.2053,17.8433],[79.2141,17.8345],[79.2073,17.8021],[79.2147,17.7684],[79.2236,17.7593],[79.2375,17.7207],[79.2524,17.7075],[79.2661,17.7063],[79.2776,17.7206],[79.291,17.7189],[79.3081,17.707],[79.3181,17.7082],[79.3422,17.6783],[79.3646,17.6862],[79.372,17.6989],[79.3607,17.7635],[79.3629,17.7763],[79.3916,17.8038],[79.3878,17.8134],[79.3644,17.8277],[79.3491,17.8163],[79.3422,17.8193],[79.3217,17.8314],[79.3143,17.8505],[79.2976,17.8476],[79.2759,17.8695],[79.2572,17.8614],[79.2309,17.8691],[79.2073,17.8514],[79.2053,17.8433]]]}},{"type":"Feature","properties":{"SUBDISTRICT":"Koilkonda","STATE":"Telangana","shapeID":"7132399B99338303922587","source":"geoBoundaries gbOpen IND ADM3 (ODbL 1.0); source: Local Government Directory lgdirectory.gov.in via Pathways Data","DISTRICT":null,"ELEV_MEAN_M":458.4,"ELEV_MIN_M":393.0,"ELEV_MAX_M":645.0,"PCT_BELOW_5M":0.0,"PCT_BELOW_10M":0.0},"geometry":{"type":"Polygon","coordinates":[[[77.6741,16.7745],[77.678,16.7635],[77.6915,16.7555],[77.7228,16.7541],[77.7417,16.7402],[77.7503,16.7267],[77.751,16.7174],[77.7414,16.707],[77.746,16.6962],[77.7642,16.6939],[77.773,16.7179],[77.8018,16.7411],[77.8266,16.7338],[77.8362,16.7247],[77.8657,16.7208],[77.8728,16.7477],[77.8798,16.7536],[77.8958,16.753],[77.8957,16.7768],[77.874,16.7915],[77.8517,16.7778],[77.8452,16.8148],[77.8158,16.8262],[77.802,16.8148],[77.7893,16.825],[77.7655,16.8284],[77.7512,16.8471],[77.7778,16.8783],[77.7584,16.8724],[77.734,16.8797],[77.7401,16.8183],[77.7497,16.7901],[77.7461,16.7837],[77.7254,16.7803],[77.6865,16.7947],[77.6766,16.7741],[77.6741,16.7745]]]}},{"type":"Feature","properties":{"SUBDISTRICT":"Uppununthala","STATE":"Telangana","shapeID":"7132399B54737197578214","source":"geoBoundaries gbOpen IND ADM3 (ODbL 1.0); source: Local Government Directory lgdirectory.gov.in via Pathways Data","DISTRICT":null,"ELEV_MEAN_M":419.1,"ELEV_MIN_M":362.0,"ELEV_MAX_M":469.0,"PCT_BELOW_5M":0.0,"PCT_BELOW_10M":0.0},"geometry":{"type":"Polygon","coordinates":[[[78.4608,16.5045],[78.4791,16.5023],[78.4839,16.4786],[78.4773,16.4699],[78.513,16.4369],[78.5415,16.448],[78.5685,16.4361],[78.61,16.4435],[78.6172,16.4489],[78.6193,16.4699],[78.6618,16.4599],[78.668,16.4842],[78.6751,16.4865],[78.6845,16.4807],[78.6897,16.4636],[78.711,16.4732],[78.7199,16.4709],[78.7231,16.4757],[78.7018,16.4956],[78.7023,16.5102],[78.7295,16.5134],[78.7435,16.5052],[78.7663,16.534],[78.6825,16.5378],[78.6735,16.5281],[78.6477,16.5339],[78.6177,16.519],[78.6182,16.529],[78.628,16.5334],[78.6101,16.5394],[78.5214,16.5103],[78.4618,16.5167],[78.4608,16.5045]]]}},{"type":"Feature","properties":{"SUBDISTRICT":"Utkoor","STATE":"Telangana","shapeID":"7132399B59315954254499","source":"geoBoundaries gbOpen IND ADM3 (ODbL 1.0); source: Local Government Directory lgdirectory.gov.in via Pathways Data","DISTRICT":null,"ELEV_MEAN_M":397.0,"ELEV_MIN_M":361.0,"ELEV_MAX_M":490.0,"PCT_BELOW_5M":0.0,"PCT_BELOW_10M":0.0},"geometry":{"type":"Polygon","coordinates":[[[77.4207,16.6667],[77.421,16.6586],[77.4404,16.6465],[77.4371,16.6416],[77.4483,16.6397],[77.4657,16.6528],[77.4756,16.6475],[77.4581,16.6178],[77.4581,16.6114],[77.4679,16.6088],[77.4631,16.5961],[77.4685,16.5882],[77.4562,16.5827],[77.4455,16.567],[77.4728,16.5633],[77.4703,16.5774],[77.4779,16.5844],[77.4964,16.5698],[77.5336,16.5698],[77.536,16.5396],[77.5415,16.5358],[77.5689,16.5396],[77.5863,16.5691],[77.613,16.5803],[77.6381,16.6113],[77.6339,16.6373],[77.6089,16.6654],[77.6077,16.6853],[77.6,16.6876],[77.5848,16.6736],[77.5802,16.6757],[77.5745,16.6831],[77.5802,16.7073],[77.5756,16.7113],[77.5403,16.695],[77.5267,16.7065],[77.5325,16.7217],[77.5304,16.7324],[77.5218,16.7348],[77.4999,16.7215],[77.471,16.7158],[77.4659,16.6763],[77.4506,16.6781],[77.4243,16.6674],[77.4207,16.6667]]]}},{"type":"Feature","properties":{"SUBDISTRICT":"Thurkapally","STATE":"Telangana","shapeID":"7132399B1752702952606","source":"geoBoundaries gbOpen IND ADM3 (ODbL 1.0); source: Local Government Directory lgdirectory.gov.in via Pathways Data","DISTRICT":null,"ELEV_MEAN_M":523.6,"ELEV_MIN_M":446.0,"ELEV_MAX_M":641.0,"PCT_BELOW_5M":0.0,"PCT_BELOW_10M":0.0},"geometry":{"type":"Polygon","coordinates":[[[78.7303,17.6666],[78.742,17.6397],[78.7714,17.6329],[78.7865,17.6412],[78.7854,17.6203],[78.8564,17.5851],[78.8638,17.5735],[78.8733,17.5744],[78.8833,17.5857],[78.8757,17.6129],[78.8793,17.6219],[78.904,17.6183],[78.9112,17.6243],[78.9158,17.6532],[78.9106,17.6596],[78.9174,17.687],[78.8964,17.7028],[78.8827,17.705],[78.8879,17.7407],[78.8629,17.7719],[78.8592,17.7519],[78.827,17.7426],[78.8117,17.7067],[78.7963,17.712],[78.7849,17.7067],[78.793,17.695],[78.7783,17.6765],[78.7544,17.6833],[78.7367,17.6719],[78.7303,17.6666]]]}},{"type":"Feature","properties":{"SUBDISTRICT":"Chinnachintakunta","STATE":"Telangana","shapeID":"7132399B46217358959770","source":"geoBoundaries gbOpen IND ADM3 (ODbL 1.0); source: Local Government Directory lgdirectory.gov.in via Pathways Data","DISTRICT":null,"ELEV_MEAN_M":352.9,"ELEV_MIN_M":308.0,"ELEV_MAX_M":531.0,"PCT_BELOW_5M":0.0,"PCT_BELOW_10M":0.0},"geometry":{"type":"Polygon","coordinates":[[[77.726,16.4605],[77.7398,16.4492],[77.7386,16.4186],[77.7518,16.4184],[77.7731,16.4316],[77.7815,16.4271],[77.7839,16.412],[77.8066,16.3773],[77.8194,16.3738],[77.8213,16.398],[77.8271,16.4001],[77.8352,16.3922],[77.8472,16.3546],[77.8549,16.3621],[77.8682,16.4398],[77.8452,16.483],[77.8212,16.5056],[77.8252,16.5473],[77.8226,16.5596],[77.8069,16.5545],[77.7986,16.6196],[77.7748,16.6126],[77.7828,16.5866],[77.7792,16.5775],[77.7446,16.5707],[77.7451,16.5438],[77.7592,16.5264],[77.7577,16.5115],[77.729,16.5062],[77.7539,16.4927],[77.7518,16.4665],[77.731,16.4653],[77.726,16.4605]]]}},{"type":"Feature","properties":{"SUBDISTRICT":"Tirumalayapalem","STATE":"Telangana","shapeID":"7132399B60791009411272","source":"geoBoundaries gbOpen IND ADM3 (ODbL 1.0); source: Local Government Directory lgdirectory.gov.in via Pathways Data","DISTRICT":null,"ELEV_MEAN_M":161.6,"ELEV_MIN_M":126.0,"ELEV_MAX_M":311.0,"PCT_BELOW_5M":0.0,"PCT_BELOW_10M":0.0},"geometry":{"type":"Polygon","coordinates":[[[79.7929,17.3198],[79.826,17.2762],[79.8908,17.2629],[79.9034,17.2797],[79.9337,17.2852],[79.9838,17.2832],[79.9963,17.272],[80.0003,17.2788],[80.0343,17.2757],[80.0614,17.2868],[80.0686,17.3197],[80.0642,17.3516],[80.0545,17.3472],[80.0,17.3629],[79.99,17.374],[79.9867,17.4007],[79.9698,17.4046],[79.9402,17.3945],[79.9357,17.391],[79.9386,17.3792],[79.9315,17.3752],[79.8964,17.3719],[79.8918,17.3548],[79.8795,17.3593],[79.8722,17.3334],[79.8522,17.3357],[79.8408,17.3288],[79.8194,17.3366],[79.8026,17.328],[79.7929,17.3198]]]}},{"type":"Feature","properties":{"SUBDISTRICT":"Makthal","STATE":"Telangana","shapeID":"7132399B32141922450765","source":"geoBoundaries gbOpen IND ADM3 (ODbL 1.0); source: Local Government Directory lgdirectory.gov.in via Pathways Data","DISTRICT":null,"ELEV_MEAN_M":355.4,"ELEV_MIN_M":315.0,"ELEV_MAX_M":431.0,"PCT_BELOW_5M":0.0,"PCT_BELOW_10M":0.0},"geometry":{"type":"Polygon","coordinates":[[[77.4569,16.4678],[77.4636,16.4596],[77.5087,16.4607],[77.507,16.4276],[77.5419,16.4037],[77.528,16.369],[77.5592,16.346],[77.5964,16.342],[77.5892,16.3326],[77.5914,16.325],[77.6414,16.3475],[77.6751,16.345],[77.6588,16.3677],[77.6702,16.3897],[77.6489,16.3919],[77.6398,16.416],[77.597,16.4045],[77.5841,16.4058],[77.5807,16.4128],[77.5824,16.4261],[77.6098,16.4424],[77.6098,16.4827],[77.6231,16.4952],[77.6305,16.5261],[77.6591,16.5489],[77.6603,16.561],[77.6498,16.5768],[77.6189,16.5896],[77.613,16.5803],[77.5863,16.5691],[77.5689,16.5396],[77.5415,16.5358],[77.536,16.5396],[77.5336,16.5698],[77.4964,16.5698],[77.4779,16.5844],[77.4703,16.5774],[77.4702,16.5669],[77.4839,16.5468],[77.4601,16.4808],[77.4569,16.4678]]]}},{"type":"Feature","properties":{"SUBDISTRICT":"Yadagirigutta","STATE":"Telangana","shapeID":"7132399B42454736516949","source":"geoBoundaries gbOpen IND ADM3 (ODbL 1.0); source: Local Government Directory lgdirectory.gov.in via Pathways Data","DISTRICT":null,"ELEV_MEAN_M":406.3,"ELEV_MIN_M":353.0,"ELEV_MAX_M":518.0,"PCT_BELOW_5M":0.0,"PCT_BELOW_10M":0.0},"geometry":{"type":"Polygon","coordinates":[[[78.8757,17.6129],[78.8833,17.5857],[78.9025,17.5828],[78.9143,17.5918],[78.9241,17.5859],[78.9272,17.5617],[78.9375,17.5572],[78.9962,17.5595],[79.0043,17.546],[79.0313,17.5362],[79.0356,17.5861],[79.0443,17.5893],[79.0484,17.6115],[79.0401,17.6219],[79.0293,17.6194],[79.0384,17.6381],[79.0225,17.655],[79.0289,17.6645],[79.0445,17.6648],[79.029,17.6821],[78.9938,17.692],[78.9715,17.6777],[78.9559,17.6774],[78.9345,17.6586],[78.9163,17.655],[78.9112,17.6243],[78.904,17.6183],[78.8793,17.6219],[78.8773,17.6168],[78.8757,17.6129]]]}},{"type":"Feature","properties":{"SUBDISTRICT":"Atmakur","STATE":"Telangana","shapeID":"7132399B21287149572111","source":"geoBoundaries gbOpen IND ADM3 (ODbL 1.0); source: Local Government Directory lgdirectory.gov.in via Pathways Data","DISTRICT":null,"ELEV_MEAN_M":306.8,"ELEV_MIN_M":267.0,"ELEV_MAX_M":342.0,"PCT_BELOW_5M":0.0,"PCT_BELOW_10M":0.0},"geometry":{"type":"Polygon","coordinates":[[[77.7309,16.3245],[77.8009,16.2745],[77.8313,16.2616],[77.8908,16.212],[77.9235,16.2001],[77.9095,16.2444],[77.847,16.3314],[77.8463,16.3503],[77.8304,16.3504],[77.8194,16.3738],[77.8014,16.3842],[77.7913,16.3775],[77.7888,16.3605],[77.7751,16.3524],[77.7801,16.329],[77.7717,16.3268],[77.7635,16.3463],[77.7531,16.351],[77.7353,16.3442],[77.7323,16.3307],[77.7309,16.3245]]]}},{"type":"Feature","properties":{"SUBDISTRICT":"Kothakota","STATE":"Telangana","shapeID":"7132399B53451667336514","source":"geoBoundaries gbOpen IND ADM3 (ODbL 1.0); source: Local Government Directory lgdirectory.gov.in via Pathways Data","DISTRICT":null,"ELEV_MEAN_M":333.0,"ELEV_MIN_M":277.0,"ELEV_MAX_M":424.0,"PCT_BELOW_5M":0.0,"PCT_BELOW_10M":0.0},"geometry":{"type":"Polygon","coordinates":[[[77.8754,16.2952],[77.9095,16.2444],[77.9162,16.2228],[77.9417,16.2466],[77.9668,16.2379],[77.9872,16.2566],[77.9866,16.2715],[77.9633,16.2799],[77.9475,16.2965],[77.9511,16.3048],[77.994,16.3287],[77.993,16.3444],[77.9809,16.3665],[77.9749,16.3658],[77.9782,16.4107],[77.944,16.4367],[77.9068,16.4414],[77.9108,16.4155],[77.9223,16.4079],[77.9179,16.395],[77.9216,16.3747],[77.883,16.336],[77.8874,16.3251],[77.883,16.3007],[77.8754,16.2952]]]}},{"type":"Feature","properties":{"SUBDISTRICT":"Balmoor","STATE":"Telangana","shapeID":"7132399B35123555715840","source":"geoBoundaries gbOpen IND ADM3 (ODbL 1.0); source: Local Government Directory lgdirectory.gov.in via Pathways Data","DISTRICT":null,"ELEV_MEAN_M":482.1,"ELEV_MIN_M":428.0,"ELEV_MAX_M":657.0,"PCT_BELOW_5M":0.0,"PCT_BELOW_10M":0.0},"geometry":{"type":"Polygon","coordinates":[[[78.4718,16.4376],[78.5028,16.4065],[78.5061,16.374],[78.5453,16.3354],[78.5465,16.3279],[78.5344,16.3189],[78.5184,16.3267],[78.5115,16.3143],[78.5212,16.3008],[78.5139,16.2821],[78.5347,16.2872],[78.554,16.264],[78.5674,16.2817],[78.5941,16.2822],[78.6083,16.2635],[78.6117,16.2389],[78.6386,16.2299],[78.6612,16.2841],[78.6358,16.3009],[78.6525,16.3371],[78.6241,16.347],[78.6176,16.357],[78.626,16.3789],[78.6158,16.3851],[78.6098,16.4043],[78.5789,16.4133],[78.5745,16.4198],[78.5795,16.4377],[78.5685,16.4361],[78.5415,16.448],[78.5181,16.4352],[78.4834,16.4607],[78.4758,16.4441],[78.4718,16.4376]]]}},{"type":"Feature","properties":{"SUBDISTRICT":"Kodair","STATE":"Telangana","shapeID":"7132399B29925041832038","source":"geoBoundaries gbOpen IND ADM3 (ODbL 1.0); source: Local Government Directory lgdirectory.gov.in via Pathways Data","DISTRICT":null,"ELEV_MEAN_M":390.5,"ELEV_MIN_M":327.0,"ELEV_MAX_M":622.0,"PCT_BELOW_5M":0.0,"PCT_BELOW_10M":0.0},"geometry":{"type":"Polygon","coordinates":[[[78.1569,16.2792],[78.1711,16.251],[78.194,16.2534],[78.198,16.2087],[78.1791,16.1897],[78.1766,16.1723],[78.2216,16.1642],[78.2151,16.1354],[78.2351,16.1333],[78.2348,16.1629],[78.258,16.1624],[78.2637,16.1674],[78.2619,16.1883],[78.2809,16.1799],[78.2806,16.1698],[78.3074,16.1847],[78.3096,16.1958],[78.2933,16.2043],[78.2868,16.2159],[78.2967,16.2406],[78.3181,16.2585],[78.3186,16.2695],[78.3414,16.2917],[78.2869,16.3248],[78.2655,16.3261],[78.2529,16.3245],[78.247,16.3147],[78.252,16.2857],[78.2167,16.296],[78.2077,16.3132],[78.1852,16.3149],[78.1573,16.2918],[78.1569,16.2792]]]}},{"type":"Feature","properties":{"SUBDISTRICT":"Pangal","STATE":"Telangana","shapeID":"7132399B50353841845703","source":"geoBoundaries gbOpen IND ADM3 (ODbL 1.0); source: Local Government Directory lgdirectory.gov.in via Pathways Data","DISTRICT":null,"ELEV_MEAN_M":382.4,"ELEV_MIN_M":322.0,"ELEV_MAX_M":595.0,"PCT_BELOW_5M":0.0,"PCT_BELOW_10M":0.0},"geometry":{"type":"Polygon","coordinates":[[[78.0232,16.2538],[78.0397,16.2429],[78.0579,16.2154],[78.0795,16.2083],[78.0835,16.1987],[78.0721,16.1778],[78.0883,16.1652],[78.0993,16.1646],[78.1126,16.177],[78.1731,16.1681],[78.1791,16.1897],[78.198,16.2087],[78.194,16.2534],[78.1711,16.251],[78.1569,16.2792],[78.1632,16.2996],[78.1805,16.3065],[78.1852,16.3149],[78.1797,16.3286],[78.1684,16.3344],[78.1376,16.3267],[78.1087,16.2961],[78.0847,16.2899],[78.0706,16.2575],[78.0347,16.2648],[78.0245,16.2607],[78.0232,16.2538]]]}},{"type":"Feature","properties":{"SUBDISTRICT":"Ghattu","STATE":"Telangana","shapeID":"7132399B870362172176","source":"geoBoundaries gbOpen IND ADM3 (ODbL 1.0); source: Local Government Directory lgdirectory.gov.in via Pathways Data","DISTRICT":null,"ELEV_MEAN_M":387.1,"ELEV_MIN_M":320.0,"ELEV_MAX_M":474.0,"PCT_BELOW_5M":0.0,"PCT_BELOW_10M":0.0},"geometry":{"type":"Polygon","coordinates":[[[77.4883,16.1632],[77.4914,16.1204],[77.5142,16.1083],[77.5027,16.1019],[77.4977,16.0885],[77.5078,16.078],[77.4955,16.0354],[77.5066,16.0104],[77.515,16.0071],[77.5104,15.9776],[77.5208,15.9624],[77.5421,15.9743],[77.5904,15.9847],[77.6143,16.0027],[77.6305,16.0284],[77.6424,16.0905],[77.6511,16.1062],[77.6427,16.119],[77.6484,16.1956],[77.612,16.2093],[77.594,16.2007],[77.5516,16.2322],[77.5368,16.2181],[77.4984,16.2107],[77.4996,16.1917],[77.4912,16.1753],[77.4883,16.1632]]]}},{"type":"Feature","properties":{"SUBDISTRICT":"Ieeja","STATE":"Telangana","shapeID":"7132399B90134837548391","source":"geoBoundaries gbOpen IND ADM3 (ODbL 1.0); source: Local Government Directory lgdirectory.gov.in via Pathways Data","DISTRICT":null,"ELEV_MEAN_M":328.8,"ELEV_MIN_M":296.0,"ELEV_MAX_M":370.0,"PCT_BELOW_5M":0.0,"PCT_BELOW_10M":0.0},"geometry":{"type":"Polygon","coordinates":[[[77.5144,15.9258],[77.5936,15.9121],[77.6116,15.9169],[77.6462,15.8877],[77.6596,15.912],[77.7168,15.9422],[77.7263,15.9706],[77.7667,15.9622],[77.7895,16.0034],[77.753,16.0094],[77.7435,16.0011],[77.7316,16.0108],[77.7171,16.0406],[77.699,16.0322],[77.6893,16.036],[77.6882,16.0693],[77.6692,16.0584],[77.6384,16.067],[77.6305,16.0284],[77.6143,16.0027],[77.5904,15.9847],[77.5421,15.9743],[77.5208,15.9624],[77.5195,15.9484],[77.5144,15.9258]]]}},{"type":"Feature","properties":{"SUBDISTRICT":"Illanthakunta","STATE":"Telangana","shapeID":"7132399B2804657629083","source":"geoBoundaries gbOpen IND ADM3 (ODbL 1.0); source: Local Government Directory lgdirectory.gov.in via Pathways Data","DISTRICT":null,"ELEV_MEAN_M":346.5,"ELEV_MIN_M":287.0,"ELEV_MAX_M":541.0,"PCT_BELOW_5M":0.0,"PCT_BELOW_10M":0.0},"geometry":{"type":"Polygon","coordinates":[[[78.843,18.2508],[78.8978,18.2391],[78.9168,18.2534],[78.9608,18.2546],[78.9655,18.2165],[78.9957,18.2084],[79.0002,18.2798],[79.0261,18.2896],[79.0355,18.3136],[79.0298,18.3287],[79.0317,18.3616],[79.0243,18.3809],[78.9996,18.3758],[78.9482,18.3855],[78.9425,18.3696],[78.9162,18.3529],[78.8993,18.3533],[78.8897,18.3681],[78.8814,18.3426],[78.885,18.3026],[78.8749,18.2739],[78.8574,18.2632],[78.843,18.2508]]]}},{"type":"Feature","properties":{"SUBDISTRICT":"Kollapur","STATE":"Telangana","shapeID":"7132399B21359725343221","source":"geoBoundaries gbOpen IND ADM3 (ODbL 1.0); source: Local Government Directory lgdirectory.gov.in via Pathways Data","DISTRICT":null,"ELEV_MEAN_M":436.5,"ELEV_MIN_M":211.0,"ELEV_MAX_M":842.0,"PCT_BELOW_5M":0.0,"PCT_BELOW_10M":0.0},"geometry":{"type":"Polygon","coordinates":[[[78.2348,16.1629],[78.2351,16.1333],[78.2646,16.1382],[78.2699,16.1002],[78.2811,16.0757],[78.2879,16.0638],[78.299,16.0684],[78.3079,16.0464],[78.3229,16.0352],[78.3471,16.0588],[78.4278,16.089],[78.5026,16.0793],[78.5662,16.0627],[78.6106,16.1028],[78.6242,16.1053],[78.6571,16.0859],[78.6505,16.1262],[78.6321,16.1372],[78.597,16.1448],[78.5696,16.1757],[78.5066,16.1963],[78.4704,16.2375],[78.4661,16.2012],[78.4318,16.1603],[78.4033,16.1519],[78.4052,16.1731],[78.3971,16.1815],[78.3668,16.172],[78.3462,16.1574],[78.3394,16.1666],[78.3445,16.1826],[78.3332,16.1836],[78.3215,16.1533],[78.2793,16.1528],[78.2744,16.1617],[78.2809,16.1799],[78.2619,16.1883],[78.2637,16.1674],[78.258,16.1624],[78.2412,16.1642],[78.2348,16.1629]]]}},{"type":"Feature","properties":{"SUBDISTRICT":"Saidabad","STATE":"Telangana","shapeID":"7132399B194087303143","source":"geoBoundaries gbOpen IND ADM3 (ODbL 1.0); source: Local Government Directory lgdirectory.gov.in via Pathways Data","DISTRICT":null,"ELEV_MEAN_M":503.3,"ELEV_MIN_M":485.0,"ELEV_MAX_M":522.0,"PCT_BELOW_5M":0.0,"PCT_BELOW_10M":0.0},"geometry":{"type":"Polygon","coordinates":[[[78.5046,17.3512],[78.5143,17.3409],[78.5284,17.3679],[78.5127,17.3745],[78.5048,17.3519],[78.5046,17.3512]]]}},{"type":"Feature","properties":{"SUBDISTRICT":"Alampur","STATE":"Telangana","shapeID":"7132399B9357661976038","source":"geoBoundaries gbOpen IND ADM3 (ODbL 1.0); source: Local Government Directory lgdirectory.gov.in via Pathways Data","DISTRICT":null,"ELEV_MEAN_M":284.4,"ELEV_MIN_M":242.0,"ELEV_MAX_M":413.0,"PCT_BELOW_5M":0.0,"PCT_BELOW_10M":0.0},"geometry":{"type":"Polygon","coordinates":[[[78.0529,15.9654],[78.0708,15.9421],[78.0553,15.9055],[78.062,15.9045],[78.0614,15.8791],[78.0711,15.873],[78.0701,15.8579],[78.0653,15.8565],[78.1076,15.8339],[78.1262,15.8363],[78.1333,15.8409],[78.1323,15.8549],[78.1712,15.855],[78.188,15.8937],[78.1865,15.9064],[78.2446,15.9351],[78.2524,15.9603],[78.2097,15.9388],[78.1543,15.9427],[78.1442,15.953],[78.1333,15.9916],[78.0808,16.0054],[78.0703,15.9889],[78.0721,15.9786],[78.062,15.9758],[78.0598,15.9675],[78.0529,15.9654]]]}},{"type":"Feature","properties":{"SUBDISTRICT":"Warangal","STATE":"Telangana","shapeID":"7132399B72740562221571","source":"geoBoundaries gbOpen IND ADM3 (ODbL 1.0); source: Local Government Directory lgdirectory.gov.in via Pathways Data","DISTRICT":null,"ELEV_MEAN_M":275.1,"ELEV_MIN_M":250.0,"ELEV_MAX_M":294.0,"PCT_BELOW_5M":0.0,"PCT_BELOW_10M":0.0},"geometry":{"type":"Polygon","coordinates":[[[79.5699,17.9365],[79.5828,17.9335],[79.5923,17.9394],[79.6181,17.9207],[79.6227,17.9408],[79.6461,17.9286],[79.6449,17.9369],[79.6539,17.9414],[79.649,17.9548],[79.6681,17.9568],[79.6697,17.9719],[79.6556,17.9777],[79.6403,17.9751],[79.6357,17.9943],[79.6451,17.9982],[79.6455,18.0089],[79.6153,18.0249],[79.597,18.0269],[79.5941,17.984],[79.5701,17.9368],[79.5699,17.9365]]]}},{"type":"Feature","properties":{"SUBDISTRICT":"Gundala","STATE":"Telangana","shapeID":"7132399B23532157683744","source":"geoBoundaries gbOpen IND ADM3 (ODbL 1.0); source: Local Government Directory lgdirectory.gov.in via Pathways Data","DISTRICT":null,"ELEV_MEAN_M":295.0,"ELEV_MIN_M":253.0,"ELEV_MAX_M":338.0,"PCT_BELOW_5M":0.0,"PCT_BELOW_10M":0.0},"geometry":{"type":"Polygon","coordinates":[[[79.1404,17.5667],[79.1447,17.5463],[79.1539,17.5392],[79.1773,17.5268],[79.1975,17.5305],[79.2085,17.5077],[79.2047,17.4911],[79.2355,17.4832],[79.238,17.4871],[79.2565,17.4784],[79.2631,17.5095],[79.2699,17.5164],[79.2822,17.5098],[79.287,17.4969],[79.2813,17.4794],[79.3066,17.4679],[79.3509,17.5015],[79.3438,17.5064],[79.3449,17.5213],[79.3184,17.5292],[79.313,17.5499],[79.3078,17.5557],[79.2886,17.5574],[79.2751,17.5786],[79.265,17.5773],[79.2573,17.5615],[79.2266,17.5638],[79.2116,17.5913],[79.2101,17.6022],[79.2164,17.6075],[79.2072,17.6245],[79.1788,17.5999],[79.1733,17.5832],[79.1617,17.5786],[79.1531,17.5847],[79.141,17.5669],[79.1404,17.5667]]]}},{"type":"Feature","properties":{"SUBDISTRICT":"Jajireddygudem","STATE":"Telangana","shapeID":"7132399B73283338870708","source":"geoBoundaries gbOpen IND ADM3 (ODbL 1.0); source: Local Government Directory lgdirectory.gov.in via Pathways Data","DISTRICT":null,"ELEV_MEAN_M":219.9,"ELEV_MIN_M":191.0,"ELEV_MAX_M":509.0,"PCT_BELOW_5M":0.0,"PCT_BELOW_10M":0.0},"geometry":{"type":"Polygon","coordinates":[[[79.4415,17.3638],[79.4604,17.3359],[79.471,17.3016],[79.5094,17.3003],[79.531,17.2829],[79.5709,17.2896],[79.5656,17.3092],[79.5707,17.3203],[79.5815,17.3318],[79.6004,17.3277],[79.6026,17.333],[79.5997,17.3456],[79.6087,17.3552],[79.5973,17.3695],[79.5754,17.3637],[79.5527,17.3696],[79.533,17.378],[79.5077,17.4058],[79.4844,17.381],[79.4562,17.3767],[79.4418,17.364],[79.4415,17.3638]]]}},{"type":"Feature","properties":{"SUBDISTRICT":"Mothkur","STATE":"Telangana","shapeID":"7132399B16357299788771","source":"geoBoundaries gbOpen IND ADM3 (ODbL 1.0); source: Local Government Directory lgdirectory.gov.in via Pathways Data","DISTRICT":null,"ELEV_MEAN_M":278.0,"ELEV_MIN_M":245.0,"ELEV_MAX_M":310.0,"PCT_BELOW_5M":0.0,"PCT_BELOW_10M":0.0},"geometry":{"type":"Polygon","coordinates":[[[79.1879,17.4074],[79.2183,17.3789],[79.2988,17.37],[79.2987,17.3781],[79.2846,17.3942],[79.2952,17.4344],[79.3087,17.4295],[79.309,17.4168],[79.3152,17.4185],[79.3185,17.4452],[79.3333,17.4381],[79.3397,17.4533],[79.3244,17.4796],[79.3066,17.4679],[79.2813,17.4794],[79.287,17.4969],[79.2822,17.5098],[79.2699,17.5164],[79.2631,17.5095],[79.2565,17.4784],[79.238,17.4871],[79.2306,17.4843],[79.2039,17.4189],[79.1913,17.4106],[79.1879,17.4074]]]}},{"type":"Feature","properties":{"SUBDISTRICT":"Choppadandi","STATE":"Telangana","shapeID":"7132399B56672563600550","source":"geoBoundaries gbOpen IND ADM3 (ODbL 1.0); source: Local Government Directory lgdirectory.gov.in via Pathways Data","DISTRICT":null,"ELEV_MEAN_M":292.7,"ELEV_MIN_M":259.0,"ELEV_MAX_M":355.0,"PCT_BELOW_5M":0.0,"PCT_BELOW_10M":0.0},"geometry":{"type":"Polygon","coordinates":[[[79.1013,18.5383],[79.1086,18.5079],[79.1502,18.5044],[79.1636,18.5171],[79.1908,18.5178],[79.2118,18.5263],[79.2191,18.5466],[79.2123,18.5766],[79.1856,18.5939],[79.1751,18.6326],[79.117,18.658],[79.1039,18.6429],[79.1132,18.6144],[79.1253,18.5994],[79.1033,18.5836],[79.1021,18.5502],[79.1013,18.5383]]]}},{"type":"Feature","properties":{"SUBDISTRICT":"Valigonda","STATE":"Telangana","shapeID":"7132399B5735424465096","source":"geoBoundaries gbOpen IND ADM3 (ODbL 1.0); source: Local Government Directory lgdirectory.gov.in via Pathways Data","DISTRICT":null,"ELEV_MEAN_M":328.2,"ELEV_MIN_M":274.0,"ELEV_MAX_M":456.0,"PCT_BELOW_5M":0.0,"PCT_BELOW_10M":0.0},"geometry":{"type":"Polygon","coordinates":[[[78.9348,17.348],[78.9478,17.3504],[78.9516,17.3414],[78.9689,17.3423],[79.0126,17.3148],[79.0279,17.3271],[79.0567,17.3219],[79.0631,17.3693],[79.0769,17.3629],[79.1165,17.3673],[79.156,17.3525],[79.1832,17.3629],[79.1731,17.3931],[79.1472,17.406],[79.1259,17.4473],[79.0715,17.4616],[79.045,17.4925],[79.0077,17.4701],[78.967,17.4754],[78.9638,17.4657],[78.9732,17.4587],[78.975,17.4315],[78.9684,17.4184],[78.9551,17.4134],[78.9478,17.387],[78.9358,17.3817],[78.9385,17.3569],[78.9348,17.348]]]}},{"type":"Feature","properties":{"SUBDISTRICT":"Jharasangam","STATE":"Telangana","shapeID":"7132399B88672960355201","source":"geoBoundaries gbOpen IND ADM3 (ODbL 1.0); source: Local Government Directory lgdirectory.gov.in via Pathways Data","DISTRICT":null,"ELEV_MEAN_M":599.3,"ELEV_MIN_M":539.0,"ELEV_MAX_M":664.0,"PCT_BELOW_5M":0.0,"PCT_BELOW_10M":0.0},"geometry":{"type":"Polygon","coordinates":[[[77.636,17.7461],[77.6537,17.735],[77.6661,17.7032],[77.6847,17.6859],[77.7001,17.686],[77.7359,17.7079],[77.7417,17.6678],[77.7477,17.6678],[77.7619,17.6948],[77.779,17.6887],[77.8028,17.7299],[77.7981,17.7507],[77.8031,17.7717],[77.788,17.7766],[77.7843,17.8266],[77.7761,17.8166],[77.7709,17.8218],[77.7576,17.8065],[77.7281,17.8169],[77.7308,17.8291],[77.7229,17.834],[77.7148,17.8221],[77.6894,17.8143],[77.6829,17.7989],[77.6764,17.8016],[77.641,17.7875],[77.6369,17.7562],[77.636,17.7461]]]}},{"type":"Feature","properties":{"SUBDISTRICT":"Bibinagar","STATE":"Telangana","shapeID":"7132399B32382044199296","source":"geoBoundaries gbOpen IND ADM3 (ODbL 1.0); source: Local Government Directory lgdirectory.gov.in via Pathways Data","DISTRICT":null,"ELEV_MEAN_M":423.5,"ELEV_MIN_M":348.0,"ELEV_MAX_M":528.0,"PCT_BELOW_5M":0.0,"PCT_BELOW_10M":0.0},"geometry":{"type":"Polygon","coordinates":[[[78.7112,17.4886],[78.7268,17.4775],[78.7145,17.4632],[78.7133,17.4392],[78.7604,17.4441],[78.7621,17.4278],[78.7459,17.398],[78.7476,17.3857],[78.85,17.4202],[78.8788,17.4077],[78.909,17.3815],[78.9166,17.406],[78.9082,17.4294],[78.9162,17.4361],[78.9273,17.4254],[78.9391,17.4263],[78.9382,17.437],[78.9095,17.4532],[78.9071,17.4746],[78.8881,17.4768],[78.8801,17.4632],[78.8697,17.4675],[78.8608,17.4797],[78.8661,17.5002],[78.8565,17.5086],[78.8574,17.5157],[78.8194,17.5322],[78.7996,17.5146],[78.76,17.518],[78.7351,17.504],[78.7112,17.4886]]]}},{"type":"Feature","properties":{"SUBDISTRICT":"Ramannapet","STATE":"Telangana","shapeID":"7132399B55668722057983","source":"geoBoundaries gbOpen IND ADM3 (ODbL 1.0); source: Local Government Directory lgdirectory.gov.in via Pathways Data","DISTRICT":null,"ELEV_MEAN_M":294.2,"ELEV_MIN_M":236.0,"ELEV_MAX_M":439.0,"PCT_BELOW_5M":0.0,"PCT_BELOW_10M":0.0},"geometry":{"type":"Polygon","coordinates":[[[79.0081,17.287],[79.0376,17.2723],[79.0606,17.2715],[79.1218,17.2532],[79.1315,17.2809],[79.1442,17.2886],[79.1586,17.2898],[79.1763,17.272],[79.1932,17.2704],[79.2319,17.3238],[79.2471,17.3255],[79.3014,17.3077],[79.3078,17.3158],[79.3006,17.37],[79.217,17.379],[79.156,17.3525],[79.1165,17.3673],[79.0769,17.3629],[79.0631,17.3693],[79.0567,17.3219],[79.0279,17.3271],[79.0126,17.3148],[79.0109,17.2952],[79.0081,17.287]]]}},{"type":"Feature","properties":{"SUBDISTRICT":"Chityal","STATE":"Telangana","shapeID":"7132399B94378141925665","source":"geoBoundaries gbOpen IND ADM3 (ODbL 1.0); source: Local Government Directory lgdirectory.gov.in via Pathways Data","DISTRICT":null,"ELEV_MEAN_M":315.1,"ELEV_MIN_M":272.0,"ELEV_MAX_M":406.0,"PCT_BELOW_5M":0.0,"PCT_BELOW_10M":0.0},"geometry":{"type":"Polygon","coordinates":[[[78.9933,17.2036],[79.0046,17.1907],[79.0187,17.1929],[79.0323,17.1836],[79.0524,17.194],[79.0664,17.1737],[79.0608,17.1552],[79.0728,17.1348],[79.11,17.1587],[79.1381,17.152],[79.1491,17.1753],[79.1688,17.1951],[79.1671,17.2091],[79.1945,17.2508],[79.1907,17.2706],[79.1763,17.272],[79.1586,17.2898],[79.1315,17.2809],[79.1218,17.2532],[79.0606,17.2715],[79.0376,17.2723],[79.0072,17.2875],[78.995,17.2809],[79.0058,17.2517],[78.9992,17.2212],[78.9933,17.2036]]]}},{"type":"Feature","properties":{"SUBDISTRICT":"Narketpally","STATE":"Telangana","shapeID":"7132399B72358760851932","source":"geoBoundaries gbOpen IND ADM3 (ODbL 1.0); source: Local Government Directory lgdirectory.gov.in via Pathways Data","DISTRICT":null,"ELEV_MEAN_M":276.4,"ELEV_MIN_M":244.0,"ELEV_MAX_M":400.0,"PCT_BELOW_5M":0.0,"PCT_BELOW_10M":0.0},"geometry":{"type":"Polygon","coordinates":[[[79.1381,17.152],[79.1732,17.1187],[79.1988,17.1462],[79.2099,17.1419],[79.2541,17.168],[79.2591,17.2387],[79.2687,17.251],[79.2901,17.2574],[79.2867,17.2865],[79.3014,17.3077],[79.2471,17.3255],[79.2244,17.3177],[79.2186,17.3],[79.1907,17.2706],[79.1945,17.2508],[79.1671,17.2091],[79.1688,17.1951],[79.1491,17.1753],[79.1422,17.1585],[79.1381,17.152]]]}},{"type":"Feature","properties":{"SUBDISTRICT":"Kattangur","STATE":"Telangana","shapeID":"7132399B21530005732862","source":"geoBoundaries gbOpen IND ADM3 (ODbL 1.0); source: Local Government Directory lgdirectory.gov.in via Pathways Data","DISTRICT":null,"ELEV_MEAN_M":237.8,"ELEV_MIN_M":201.0,"ELEV_MAX_M":280.0,"PCT_BELOW_5M":0.0,"PCT_BELOW_10M":0.0},"geometry":{"type":"Polygon","coordinates":[[[79.2525,17.1765],[79.2616,17.1366],[79.2808,17.1619],[79.3255,17.1431],[79.3325,17.1282],[79.3659,17.1543],[79.3735,17.1493],[79.3778,17.1633],[79.3717,17.1755],[79.3794,17.1976],[79.3678,17.2386],[79.3481,17.2532],[79.3457,17.2651],[79.2976,17.3029],[79.2867,17.2865],[79.2901,17.2574],[79.2687,17.251],[79.2591,17.2387],[79.2527,17.179],[79.2525,17.1765]]]}},{"type":"Feature","properties":{"SUBDISTRICT":"Suryapet","STATE":"Telangana","shapeID":"7132399B18374469803743","source":"geoBoundaries gbOpen IND ADM3 (ODbL 1.0); source: Local Government Directory lgdirectory.gov.in via Pathways Data","DISTRICT":null,"ELEV_MEAN_M":190.6,"ELEV_MIN_M":140.0,"ELEV_MAX_M":489.0,"PCT_BELOW_5M":0.0,"PCT_BELOW_10M":0.0},"geometry":{"type":"Polygon","coordinates":[[[79.471,17.3016],[79.4954,17.267],[79.5165,17.2007],[79.5445,17.1603],[79.5769,17.0931],[79.6284,17.0914],[79.6443,17.1158],[79.6378,17.1267],[79.6229,17.1336],[79.6217,17.1476],[79.631,17.161],[79.6166,17.1804],[79.5916,17.1858],[79.5925,17.2201],[79.5987,17.2335],[79.5938,17.2754],[79.5709,17.2896],[79.531,17.2829],[79.5094,17.3003],[79.4891,17.3032],[79.471,17.3016]]]}},{"type":"Feature","properties":{"SUBDISTRICT":"Chivemla","STATE":"Telangana","shapeID":"7132399B85232542248630","source":"geoBoundaries gbOpen IND ADM3 (ODbL 1.0); source: Local Government Directory lgdirectory.gov.in via Pathways Data","DISTRICT":null,"ELEV_MEAN_M":194.3,"ELEV_MIN_M":169.0,"ELEV_MAX_M":244.0,"PCT_BELOW_5M":0.0,"PCT_BELOW_10M":0.0},"geometry":{"type":"Polygon","coordinates":[[[79.591,17.2073],[79.5916,17.1858],[79.6166,17.1804],[79.631,17.161],[79.6217,17.1476],[79.6229,17.1336],[79.6378,17.1267],[79.65,17.1032],[79.6656,17.1026],[79.7008,17.1157],[79.7064,17.104],[79.7248,17.0955],[79.7349,17.1126],[79.7359,17.1411],[79.7108,17.1486],[79.702,17.1592],[79.7175,17.1676],[79.7252,17.2031],[79.6544,17.2301],[79.6112,17.2266],[79.5988,17.2401],[79.5914,17.2105],[79.591,17.2073]]]}},{"type":"Feature","properties":{"SUBDISTRICT":"Mothey","STATE":"Telangana","shapeID":"7132399B92464807958798","source":"geoBoundaries gbOpen IND ADM3 (ODbL 1.0); source: Local Government Directory lgdirectory.gov.in via Pathways Data","DISTRICT":null,"ELEV_MEAN_M":163.4,"ELEV_MIN_M":132.0,"ELEV_MAX_M":269.0,"PCT_BELOW_5M":0.0,"PCT_BELOW_10M":0.0},"geometry":{"type":"Polygon","coordinates":[[[79.6975,17.2125],[79.7252,17.2031],[79.7175,17.1676],[79.702,17.1592],[79.7108,17.1486],[79.7359,17.1411],[79.7564,17.1824],[79.7694,17.1899],[79.8011,17.1924],[79.8542,17.2126],[79.8803,17.2092],[79.8996,17.2184],[79.8975,17.253],[79.8908,17.2629],[79.8199,17.2807],[79.7912,17.3216],[79.7866,17.3437],[79.7674,17.3299],[79.758,17.2873],[79.7307,17.2905],[79.7324,17.2517],[79.7235,17.2483],[79.7105,17.2264],[79.6975,17.2125]]]}},{"type":"Feature","properties":{"SUBDISTRICT":"Bellampally","STATE":"Telangana","shapeID":"7132399B56804154993685","source":"geoBoundaries gbOpen IND ADM3 (ODbL 1.0); source: Local Government Directory lgdirectory.gov.in via Pathways Data","DISTRICT":null,"ELEV_MEAN_M":220.8,"ELEV_MIN_M":186.0,"ELEV_MAX_M":335.0,"PCT_BELOW_5M":0.0,"PCT_BELOW_10M":0.0},"geometry":{"type":"Polygon","coordinates":[[[79.4218,19.1153],[79.4393,19.0997],[79.4328,19.0916],[79.4743,19.0591],[79.4838,19.0453],[79.4819,19.0299],[79.5105,18.9865],[79.5285,18.9975],[79.5403,19.016],[79.5513,19.0597],[79.5623,19.0659],[79.5842,19.0638],[79.574,19.0766],[79.5694,19.1027],[79.5429,19.1261],[79.5446,19.1381],[79.559,19.1543],[79.5533,19.168],[79.5159,19.1673],[79.5034,19.1613],[79.5064,19.1087],[79.4976,19.1069],[79.486,19.1144],[79.4817,19.1022],[79.4563,19.1179],[79.4486,19.1313],[79.4367,19.1366],[79.4221,19.1289],[79.4218,19.1153]]]}},{"type":"Feature","properties":{"SUBDISTRICT":"Munagala","STATE":"Telangana","shapeID":"7132399B92507049130120","source":"geoBoundaries gbOpen IND ADM3 (ODbL 1.0); source: Local Government Directory lgdirectory.gov.in via Pathways Data","DISTRICT":null,"ELEV_MEAN_M":163.8,"ELEV_MIN_M":132.0,"ELEV_MAX_M":245.0,"PCT_BELOW_5M":0.0,"PCT_BELOW_10M":0.0},"geometry":{"type":"Polygon","coordinates":[[[79.6857,17.0728],[79.7129,17.0673],[79.7286,17.0546],[79.7428,17.0734],[79.7582,17.077],[79.7793,17.0471],[79.7378,17.02],[79.7595,17.0085],[79.7796,17.0357],[79.8072,17.0564],[79.8308,17.0372],[79.8474,17.0408],[79.8698,17.0296],[79.8863,17.0343],[79.8927,17.0393],[79.8919,17.0513],[79.8812,17.055],[79.8791,17.0738],[79.8003,17.0785],[79.7957,17.1105],[79.8016,17.1218],[79.792,17.1225],[79.7869,17.1332],[79.7869,17.1615],[79.8029,17.1932],[79.7694,17.1899],[79.7564,17.1824],[79.7352,17.1398],[79.7298,17.0999],[79.7108,17.083],[79.6901,17.0754],[79.6857,17.0728]]]}},{"type":"Feature","properties":{"SUBDISTRICT":"Penpahad","STATE":"Telangana","shapeID":"7132399B57918205672539","source":"geoBoundaries gbOpen IND ADM3 (ODbL 1.0); source: Local Government Directory lgdirectory.gov.in via Pathways Data","DISTRICT":null,"ELEV_MEAN_M":166.1,"ELEV_MIN_M":129.0,"ELEV_MAX_M":384.0,"PCT_BELOW_5M":0.0,"PCT_BELOW_10M":0.0},"geometry":{"type":"Polygon","coordinates":[[[79.5769,17.0931],[79.5871,17.0352],[79.6038,17.0036],[79.6285,17.0069],[79.6395,16.9985],[79.675,16.9902],[79.6937,17.0184],[79.7221,17.0236],[79.7378,17.02],[79.7793,17.0471],[79.7582,17.077],[79.7428,17.0734],[79.7286,17.0546],[79.7129,17.0673],[79.6857,17.0728],[79.7248,17.0955],[79.7064,17.104],[79.7008,17.1157],[79.6656,17.1026],[79.65,17.1032],[79.6443,17.1158],[79.6284,17.0914],[79.586,17.0906],[79.5769,17.0931]]]}},{"type":"Feature","properties":{"SUBDISTRICT":"Vemulapally","STATE":"Telangana","shapeID":"7132399B72556001299997","source":"geoBoundaries gbOpen IND ADM3 (ODbL 1.0); source: Local Government Directory lgdirectory.gov.in via Pathways Data","DISTRICT":null,"ELEV_MEAN_M":157.8,"ELEV_MIN_M":130.0,"ELEV_MAX_M":183.0,"PCT_BELOW_5M":0.0,"PCT_BELOW_10M":0.0},"geometry":{"type":"Polygon","coordinates":[[[79.47,16.9878],[79.4823,16.9792],[79.4747,16.9529],[79.5037,16.9461],[79.5204,16.9173],[79.5371,16.9163],[79.5586,16.9254],[79.5654,16.9368],[79.5586,16.979],[79.5436,16.9972],[79.5512,17.0314],[79.5611,17.0369],[79.5816,17.008],[79.6038,17.0036],[79.5871,17.0352],[79.5769,17.0931],[79.5466,17.1022],[79.5257,17.0825],[79.555,17.0541],[79.5539,17.0498],[79.5271,17.0604],[79.5128,17.0416],[79.5093,17.0321],[79.5217,17.0144],[79.5191,16.9823],[79.4988,16.9755],[79.4947,16.986],[79.4763,16.9948],[79.47,16.9878]]]}},{"type":"Feature","properties":{"SUBDISTRICT":"Thipparthy","STATE":"Telangana","shapeID":"7132399B67612587628722","source":"geoBoundaries gbOpen IND ADM3 (ODbL 1.0); source: Local Government Directory lgdirectory.gov.in via Pathways Data","DISTRICT":null,"ELEV_MEAN_M":199.2,"ELEV_MIN_M":168.0,"ELEV_MAX_M":234.0,"PCT_BELOW_5M":0.0,"PCT_BELOW_10M":0.0},"geometry":{"type":"Polygon","coordinates":[[[79.3106,17.0515],[79.3112,17.0441],[79.3371,17.0297],[79.3537,16.9778],[79.3655,16.9791],[79.3839,17.0001],[79.4057,16.9991],[79.419,17.0176],[79.45,17.0244],[79.4518,17.037],[79.4615,17.0436],[79.4556,17.0538],[79.4599,17.0664],[79.4754,17.0725],[79.4928,17.0967],[79.4878,17.113],[79.4737,17.1282],[79.457,17.1178],[79.4494,17.1222],[79.4364,17.1151],[79.4163,17.0928],[79.4041,17.0987],[79.3659,17.1543],[79.3325,17.1282],[79.3278,17.066],[79.3263,17.0615],[79.3127,17.0661],[79.3106,17.0515]]]}},{"type":"Feature","properties":{"SUBDISTRICT":"Nalgonda","STATE":"Telangana","shapeID":"7132399B22293955486564","source":"geoBoundaries gbOpen IND ADM3 (ODbL 1.0); source: Local Government Directory lgdirectory.gov.in via Pathways Data","DISTRICT":null,"ELEV_MEAN_M":233.1,"ELEV_MIN_M":188.0,"ELEV_MAX_M":427.0,"PCT_BELOW_5M":0.0,"PCT_BELOW_10M":0.0},"geometry":{"type":"Polygon","coordinates":[[[79.1357,17.0522],[79.1684,17.0258],[79.1933,17.0358],[79.2111,17.0276],[79.2273,17.0295],[79.2566,17.0205],[79.2722,16.9909],[79.3173,16.9923],[79.3317,16.9688],[79.3538,16.9659],[79.3562,16.9719],[79.3376,17.0153],[79.3371,17.0297],[79.3112,17.0441],[79.3127,17.0661],[79.3263,17.0615],[79.3278,17.066],[79.3325,17.1295],[79.3255,17.1431],[79.2916,17.1575],[79.2744,17.1597],[79.2616,17.1366],[79.2541,17.168],[79.2099,17.1419],[79.1988,17.1462],[79.1455,17.09],[79.1386,17.0623],[79.1357,17.0522]]]}},{"type":"Feature","properties":{"SUBDISTRICT":"Munugode","STATE":"Telangana","shapeID":"7132399B38422010295237","source":"geoBoundaries gbOpen IND ADM3 (ODbL 1.0); source: Local Government Directory lgdirectory.gov.in via Pathways Data","DISTRICT":null,"ELEV_MEAN_M":265.6,"ELEV_MIN_M":219.0,"ELEV_MAX_M":309.0,"PCT_BELOW_5M":0.0,"PCT_BELOW_10M":0.0},"geometry":{"type":"Polygon","coordinates":[[[78.9573,17.0978],[78.9601,17.0848],[78.98,17.0707],[78.9959,17.0689],[79.0331,17.0497],[79.0801,17.0546],[79.1034,17.0055],[79.1249,17.0029],[79.1316,17.0093],[79.1431,17.0411],[79.1357,17.0522],[79.1386,17.0764],[79.1732,17.1187],[79.1378,17.1526],[79.11,17.1587],[79.0728,17.1348],[79.0608,17.1552],[79.0664,17.1737],[79.0524,17.194],[79.0323,17.1836],[79.0187,17.1929],[79.0046,17.1907],[79.0052,17.1747],[79.0185,17.1645],[79.0127,17.1484],[79.0024,17.1381],[78.983,17.1375],[78.9812,17.119],[78.9617,17.0974],[78.9573,17.0978]]]}},{"type":"Feature","properties":{"SUBDISTRICT":"Narayanpur","STATE":"Telangana","shapeID":"7132399B51848151285544","source":"geoBoundaries gbOpen IND ADM3 (ODbL 1.0); source: Local Government Directory lgdirectory.gov.in via Pathways Data","DISTRICT":null,"ELEV_MEAN_M":380.4,"ELEV_MIN_M":282.0,"ELEV_MAX_M":670.0,"PCT_BELOW_5M":0.0,"PCT_BELOW_10M":0.0},"geometry":{"type":"Polygon","coordinates":[[[78.7693,17.2192],[78.7813,17.1963],[78.7911,17.1933],[78.7946,17.1729],[78.7837,17.1612],[78.786,17.1516],[78.7955,17.1409],[78.8393,17.125],[78.8436,17.1179],[78.8416,17.1106],[78.826,17.1139],[78.8246,17.1062],[78.8556,17.0792],[78.925,17.0492],[78.9481,17.0985],[78.9617,17.0974],[78.9812,17.119],[78.983,17.1375],[79.0024,17.1381],[79.0127,17.1484],[79.0185,17.1645],[79.0052,17.1747],[79.0055,17.1894],[78.9966,17.2011],[78.9552,17.2182],[78.9063,17.2144],[78.8697,17.1997],[78.8508,17.2002],[78.8186,17.2187],[78.814,17.209],[78.784,17.2152],[78.7693,17.2192]]]}},{"type":"Feature","properties":{"SUBDISTRICT":"Gundlapally","STATE":"Telangana","shapeID":"7132399B17181472222996","source":"geoBoundaries gbOpen IND ADM3 (ODbL 1.0); source: Local Government Directory lgdirectory.gov.in via Pathways Data","DISTRICT":null,"ELEV_MEAN_M":342.9,"ELEV_MIN_M":236.0,"ELEV_MAX_M":484.0,"PCT_BELOW_5M":0.0,"PCT_BELOW_10M":0.0},"geometry":{"type":"Polygon","coordinates":[[[78.6141,16.5231],[78.6177,16.519],[78.6366,16.5244],[78.6477,16.5339],[78.6648,16.5265],[78.6825,16.5378],[78.718,16.5377],[78.7663,16.534],[78.7945,16.5163],[78.8048,16.5177],[78.8448,16.5474],[78.8562,16.5504],[78.8737,16.5428],[78.8972,16.549],[78.9094,16.6057],[78.8959,16.6109],[78.8927,16.636],[78.8844,16.6483],[78.8585,16.6565],[78.8291,16.6815],[78.8273,16.7091],[78.7628,16.7447],[78.7575,16.7067],[78.7406,16.6998],[78.712,16.6694],[78.7174,16.6486],[78.674,16.6485],[78.685,16.6233],[78.6957,16.6196],[78.7181,16.5813],[78.6852,16.5535],[78.6735,16.5693],[78.6664,16.5419],[78.6395,16.5502],[78.6352,16.535],[78.6182,16.529],[78.6141,16.5231]]]}},{"type":"Feature","properties":{"SUBDISTRICT":"Wajedu","STATE":"Telangana","shapeID":"7132399B3304453171631","source":"geoBoundaries gbOpen IND ADM3 (ODbL 1.0); source: Local Government Directory lgdirectory.gov.in via Pathways Data","DISTRICT":null,"ELEV_MEAN_M":204.0,"ELEV_MIN_M":63.0,"ELEV_MAX_M":798.0,"PCT_BELOW_5M":0.0,"PCT_BELOW_10M":0.0},"geometry":{"type":"Polygon","coordinates":[[[80.3763,18.5279],[80.3838,18.5055],[80.3791,18.4843],[80.3842,18.4687],[80.4045,18.4584],[80.454,18.4572],[80.4653,18.4474],[80.4579,18.4046],[80.4755,18.3855],[80.4675,18.3552],[80.4724,18.3402],[80.5193,18.3695],[80.5163,18.3461],[80.5396,18.3585],[80.6197,18.4581],[80.6585,18.4777],[80.6423,18.504],[80.6404,18.5242],[80.6215,18.5313],[80.6032,18.5543],[80.5396,18.5911],[80.5183,18.6206],[80.491,18.633],[80.4753,18.6277],[80.4577,18.6312],[80.389,18.5984],[80.402,18.5672],[80.3767,18.5335],[80.3763,18.5279]]]}},{"type":"Feature","properties":{"SUBDISTRICT":"Devarakonda","STATE":"Telangana","shapeID":"7132399B41701690194911","source":"geoBoundaries gbOpen IND ADM3 (ODbL 1.0); source: Local Government Directory lgdirectory.gov.in via Pathways Data","DISTRICT":null,"ELEV_MEAN_M":291.1,"ELEV_MIN_M":204.0,"ELEV_MAX_M":414.0,"PCT_BELOW_5M":0.0,"PCT_BELOW_10M":0.0},"geometry":{"type":"Polygon","coordinates":[[[78.7628,16.7447],[78.8273,16.7091],[78.8291,16.6815],[78.8585,16.6565],[78.8844,16.6483],[78.8927,16.636],[78.8959,16.6109],[78.9094,16.6057],[78.9284,16.6517],[78.9437,16.6571],[78.957,16.6571],[78.9672,16.6514],[78.9738,16.6368],[78.9982,16.631],[79.0059,16.6525],[79.0149,16.6562],[78.9911,16.6619],[78.9773,16.6909],[78.9872,16.7057],[79.0106,16.715],[79.0056,16.7212],[78.9943,16.7211],[78.9842,16.7325],[78.9666,16.725],[78.9737,16.7134],[78.944,16.7118],[78.9273,16.7222],[78.9429,16.7364],[78.9491,16.757],[78.9587,16.7667],[78.949,16.7745],[78.9388,16.7646],[78.9254,16.7723],[78.9104,16.7646],[78.8998,16.7665],[78.8944,16.756],[78.8558,16.7499],[78.8507,16.74],[78.8044,16.7584],[78.7773,16.7449],[78.7628,16.7447]]]}},{"type":"Feature","properties":{"SUBDISTRICT":"Achampet","STATE":"Telangana","shapeID":"7132399B4235893258385","source":"geoBoundaries gbOpen IND ADM3 (ODbL 1.0); source: Local Government Directory lgdirectory.gov.in via Pathways Data","DISTRICT":null,"ELEV_MEAN_M":390.2,"ELEV_MIN_M":173.0,"ELEV_MAX_M":575.0,"PCT_BELOW_5M":0.0,"PCT_BELOW_10M":0.0},"geometry":{"type":"Polygon","coordinates":[[[78.5745,16.4198],[78.5789,16.4133],[78.6098,16.4043],[78.6158,16.3851],[78.626,16.3789],[78.6176,16.357],[78.6241,16.347],[78.667,16.3338],[78.6698,16.3531],[78.683,16.3446],[78.6871,16.3516],[78.6837,16.3709],[78.7267,16.4083],[78.7545,16.4086],[78.7739,16.4426],[78.7879,16.4449],[78.79,16.5054],[78.8136,16.4789],[78.8287,16.4806],[78.8678,16.504],[78.8766,16.5176],[78.8914,16.4881],[78.9213,16.4725],[78.9503,16.4683],[78.9597,16.4462],[78.9724,16.434],[78.9863,16.434],[79.0224,16.4077],[79.0637,16.4634],[79.0172,16.4898],[78.9811,16.494],[78.9322,16.5175],[78.9129,16.5504],[78.8737,16.5428],[78.8562,16.5504],[78.8048,16.5177],[78.7945,16.5163],[78.7663,16.534],[78.7435,16.5052],[78.7295,16.5134],[78.7023,16.5102],[78.7018,16.4956],[78.7231,16.4757],[78.7199,16.4709],[78.711,16.4732],[78.6897,16.4636],[78.6845,16.4807],[78.6751,16.4865],[78.668,16.4842],[78.665,16.4615],[78.6193,16.4699],[78.6172,16.4489],[78.5795,16.4377],[78.5745,16.4198]]]}},{"type":"Feature","properties":{"SUBDISTRICT":"Kanagal","STATE":"Telangana","shapeID":"7132399B16639115661561","source":"geoBoundaries gbOpen IND ADM3 (ODbL 1.0); source: Local Government Directory lgdirectory.gov.in via Pathways Data","DISTRICT":null,"ELEV_MEAN_M":206.3,"ELEV_MIN_M":171.0,"ELEV_MAX_M":266.0,"PCT_BELOW_5M":0.0,"PCT_BELOW_10M":0.0},"geometry":{"type":"Polygon","coordinates":[[[79.1144,16.9725],[79.1194,16.9407],[79.155,16.9375],[79.1734,16.9454],[79.2053,16.9445],[79.2189,16.9233],[79.2133,16.9026],[79.2274,16.8791],[79.257,16.9141],[79.2485,16.9267],[79.2535,16.933],[79.3067,16.9249],[79.3199,16.9356],[79.3565,16.9482],[79.3538,16.9659],[79.3317,16.9688],[79.3173,16.9923],[79.2722,16.9909],[79.2566,17.0205],[79.1933,17.0358],[79.1684,17.0258],[79.1431,17.0414],[79.1397,17.0217],[79.1247,17.0046],[79.126,16.9927],[79.1151,16.9734],[79.1144,16.9725]]]}},{"type":"Feature","properties":{"SUBDISTRICT":"Amangal","STATE":"Telangana","shapeID":"7132399B55448193715683","source":"geoBoundaries gbOpen IND ADM3 (ODbL 1.0); source: Local Government Directory lgdirectory.gov.in via Pathways Data","DISTRICT":null,"ELEV_MEAN_M":549.6,"ELEV_MIN_M":452.0,"ELEV_MAX_M":708.0,"PCT_BELOW_5M":0.0,"PCT_BELOW_10M":0.0},"geometry":{"type":"Polygon","coordinates":[[[78.4797,16.8521],[78.5389,16.8415],[78.5724,16.8216],[78.5977,16.8232],[78.6119,16.8463],[78.6411,16.8623],[78.6392,16.8702],[78.6306,16.8712],[78.6262,16.8628],[78.5987,16.8738],[78.5743,16.8724],[78.5659,16.8795],[78.5678,16.8879],[78.6124,16.9044],[78.6105,16.9247],[78.646,16.9361],[78.6522,16.954],[78.6149,16.959],[78.5852,16.9518],[78.5893,16.9187],[78.5794,16.9084],[78.5492,16.9154],[78.5302,16.9381],[78.4937,16.9325],[78.482,16.9068],[78.4802,16.859],[78.4797,16.8521]]]}},{"type":"Feature","properties":{"SUBDISTRICT":"Pedda Adesherlapally","STATE":"Telangana","shapeID":"7132399B74792039805402","source":"geoBoundaries gbOpen IND ADM3 (ODbL 1.0); source: Local Government Directory lgdirectory.gov.in via Pathways Data","DISTRICT":null,"ELEV_MEAN_M":220.0,"ELEV_MIN_M":74.0,"ELEV_MAX_M":340.0,"PCT_BELOW_5M":0.0,"PCT_BELOW_10M":0.0},"geometry":{"type":"Polygon","coordinates":[[[79.057,16.7292],[79.0948,16.6597],[79.0907,16.6275],[79.0965,16.6076],[79.1451,16.5859],[79.148,16.6057],[79.2861,16.6147],[79.2715,16.645],[79.2553,16.6521],[79.2229,16.6427],[79.2126,16.6356],[79.2087,16.6226],[79.1901,16.6189],[79.1963,16.6504],[79.1756,16.6467],[79.1633,16.6524],[79.1901,16.6808],[79.1851,16.7053],[79.1956,16.7353],[79.1949,16.7774],[79.2021,16.7952],[79.1917,16.8115],[79.1547,16.8121],[79.1352,16.8015],[79.1048,16.8057],[79.0908,16.7547],[79.0634,16.7322],[79.057,16.7292]]]}},{"type":"Feature","properties":{"SUBDISTRICT":"Peddavoora","STATE":"Telangana","shapeID":"7132399B70601454713964","source":"geoBoundaries gbOpen IND ADM3 (ODbL 1.0); source: Local Government Directory lgdirectory.gov.in via Pathways Data","DISTRICT":null,"ELEV_MEAN_M":188.0,"ELEV_MIN_M":79.0,"ELEV_MAX_M":341.0,"PCT_BELOW_5M":0.0,"PCT_BELOW_10M":0.0},"geometry":{"type":"Polygon","coordinates":[[[79.1633,16.6524],[79.1756,16.6467],[79.1963,16.6504],[79.1901,16.6189],[79.2087,16.6226],[79.2126,16.6356],[79.2456,16.6462],[79.2459,16.6508],[79.2715,16.645],[79.2856,16.6188],[79.2959,16.573],[79.3416,16.5853],[79.3433,16.6136],[79.3631,16.6282],[79.3397,16.6387],[79.3139,16.6356],[79.33,16.6809],[79.3121,16.6976],[79.3113,16.726],[79.2906,16.737],[79.2808,16.7919],[79.2852,16.822],[79.2375,16.8379],[79.2302,16.8386],[79.1949,16.7774],[79.1956,16.7353],[79.1851,16.7053],[79.1901,16.6808],[79.1656,16.6571],[79.1633,16.6524]]]}},{"type":"Feature","properties":{"SUBDISTRICT":"Anumula","STATE":"Telangana","shapeID":"7132399B89323709164561","source":"geoBoundaries gbOpen IND ADM3 (ODbL 1.0); source: Local Government Directory lgdirectory.gov.in via Pathways Data","DISTRICT":null,"ELEV_MEAN_M":158.1,"ELEV_MIN_M":96.0,"ELEV_MAX_M":197.0,"PCT_BELOW_5M":0.0,"PCT_BELOW_10M":0.0},"geometry":{"type":"Polygon","coordinates":[[[79.2186,16.8462],[79.2246,16.8392],[79.2852,16.822],[79.2821,16.7773],[79.3216,16.7791],[79.3244,16.76],[79.3093,16.7373],[79.3098,16.7273],[79.3196,16.7179],[79.3288,16.722],[79.3299,16.7518],[79.3412,16.7569],[79.3543,16.7525],[79.3647,16.7595],[79.3873,16.7578],[79.3949,16.7546],[79.3926,16.7438],[79.4018,16.7449],[79.3964,16.7883],[79.3673,16.8082],[79.3507,16.8463],[79.3706,16.8584],[79.3706,16.8703],[79.3585,16.8789],[79.3323,16.8715],[79.3222,16.8824],[79.3197,16.8993],[79.3083,16.9028],[79.3067,16.9249],[79.2535,16.933],[79.2485,16.9267],[79.257,16.9141],[79.2274,16.8791],[79.2187,16.8477],[79.2186,16.8462]]]}},{"type":"Feature","properties":{"SUBDISTRICT":"Nidmanoor","STATE":"Telangana","shapeID":"7132399B78689193151921","source":"geoBoundaries gbOpen IND ADM3 (ODbL 1.0); source: Local Government Directory lgdirectory.gov.in via Pathways Data","DISTRICT":null,"ELEV_MEAN_M":152.0,"ELEV_MIN_M":109.0,"ELEV_MAX_M":197.0,"PCT_BELOW_5M":0.0,"PCT_BELOW_10M":0.0},"geometry":{"type":"Polygon","coordinates":[[[79.3048,16.92],[79.3083,16.9028],[79.3197,16.8993],[79.3222,16.8824],[79.3323,16.8715],[79.3585,16.8789],[79.3706,16.8703],[79.3706,16.8584],[79.3507,16.8463],[79.3615,16.8171],[79.3964,16.7883],[79.3991,16.7714],[79.4232,16.7404],[79.43,16.7559],[79.475,16.7471],[79.4589,16.7828],[79.4636,16.8365],[79.4299,16.8766],[79.4,16.8799],[79.3983,16.895],[79.4084,16.9036],[79.4046,16.9206],[79.3512,16.9449],[79.331,16.9407],[79.3067,16.9249],[79.3048,16.92]]]}},{"type":"Feature","properties":{"SUBDISTRICT":"Dameracherla","STATE":"Telangana","shapeID":"7132399B65185151739517","source":"geoBoundaries gbOpen IND ADM3 (ODbL 1.0); source: Local Government Directory lgdirectory.gov.in via Pathways Data","DISTRICT":null,"ELEV_MEAN_M":104.1,"ELEV_MIN_M":42.0,"ELEV_MAX_M":179.0,"PCT_BELOW_5M":0.0,"PCT_BELOW_10M":0.0},"geometry":{"type":"Polygon","coordinates":[[[79.4925,16.729],[79.4967,16.7001],[79.5083,16.7027],[79.5151,16.7121],[79.5352,16.7153],[79.5467,16.7099],[79.5534,16.6915],[79.5993,16.694],[79.6055,16.6716],[79.6414,16.668],[79.6562,16.6691],[79.6768,16.6911],[79.6777,16.721],[79.6764,16.7395],[79.6608,16.7549],[79.6584,16.832],[79.5968,16.8263],[79.5755,16.8363],[79.55,16.8349],[79.5463,16.8275],[79.5685,16.793],[79.5242,16.7771],[79.5164,16.7452],[79.4928,16.7401],[79.4925,16.729]]]}},{"type":"Feature","properties":{"SUBDISTRICT":"Miryalaguda","STATE":"Telangana","shapeID":"7132399B76553566177336","source":"geoBoundaries gbOpen IND ADM3 (ODbL 1.0); source: Local Government Directory lgdirectory.gov.in via Pathways Data","DISTRICT":null,"ELEV_MEAN_M":132.7,"ELEV_MIN_M":89.0,"ELEV_MAX_M":178.0,"PCT_BELOW_5M":0.0,"PCT_BELOW_10M":0.0},"geometry":{"type":"Polygon","coordinates":[[[79.4836,16.8561],[79.4941,16.8321],[79.4923,16.8035],[79.5106,16.7966],[79.5177,16.8184],[79.5301,16.8246],[79.5417,16.7976],[79.5561,16.7889],[79.5685,16.793],[79.5463,16.8275],[79.55,16.8349],[79.5755,16.8363],[79.5968,16.8263],[79.6584,16.832],[79.6552,16.8583],[79.6449,16.8675],[79.6038,16.9466],[79.6072,16.963],[79.5992,16.9594],[79.5948,16.9681],[79.5967,17.0019],[79.5816,17.008],[79.5611,17.0369],[79.5512,17.0314],[79.5436,16.9972],[79.5586,16.979],[79.5654,16.9368],[79.5586,16.9254],[79.5371,16.9163],[79.5204,16.9173],[79.505,16.9448],[79.4848,16.8637],[79.4836,16.8561]]]}},{"type":"Feature","properties":{"SUBDISTRICT":"Garidepally","STATE":"Telangana","shapeID":"7132399B71986212235591","source":"geoBoundaries gbOpen IND ADM3 (ODbL 1.0); source: Local Government Directory lgdirectory.gov.in via Pathways Data","DISTRICT":null,"ELEV_MEAN_M":136.2,"ELEV_MIN_M":87.0,"ELEV_MAX_M":222.0,"PCT_BELOW_5M":0.0,"PCT_BELOW_10M":0.0},"geometry":{"type":"Polygon","coordinates":[[[79.6799,16.9927],[79.6813,16.9464],[79.695,16.8994],[79.7055,16.8963],[79.7123,16.8797],[79.6928,16.8469],[79.7271,16.823],[79.7461,16.8247],[79.7419,16.8273],[79.7465,16.8552],[79.7867,16.866],[79.789,16.8915],[79.7804,16.8958],[79.7847,16.906],[79.7799,16.9117],[79.7949,16.9284],[79.8019,16.9499],[79.799,16.9791],[79.7658,16.9806],[79.7593,17.0089],[79.7338,17.0225],[79.6937,17.0184],[79.6821,16.9939],[79.6799,16.9927]]]}},{"type":"Feature","properties":{"SUBDISTRICT":"Chilkur","STATE":"Telangana","shapeID":"7132399B64633681445479","source":"geoBoundaries gbOpen IND ADM3 (ODbL 1.0); source: Local Government Directory lgdirectory.gov.in via Pathways Data","DISTRICT":null,"ELEV_MEAN_M":137.7,"ELEV_MIN_M":113.0,"ELEV_MAX_M":192.0,"PCT_BELOW_5M":0.0,"PCT_BELOW_10M":0.0},"geometry":{"type":"Polygon","coordinates":[[[79.7595,17.0085],[79.7658,16.9806],[79.7937,16.9828],[79.801,16.9778],[79.8563,16.9889],[79.8452,16.9717],[79.8674,16.9457],[79.8808,16.9409],[79.8913,16.9471],[79.9,16.9713],[79.9126,16.9807],[79.9074,17.0086],[79.8848,17.0369],[79.8698,17.0296],[79.8474,17.0408],[79.8308,17.0372],[79.8072,17.0564],[79.7706,17.0248],[79.7595,17.0085]]]}},{"type":"Feature","properties":{"SUBDISTRICT":"Kodad","STATE":"Telangana","shapeID":"7132399B60093821164976","source":"geoBoundaries gbOpen IND ADM3 (ODbL 1.0); source: Local Government Directory lgdirectory.gov.in via Pathways Data","DISTRICT":null,"ELEV_MEAN_M":110.3,"ELEV_MIN_M":45.0,"ELEV_MAX_M":204.0,"PCT_BELOW_5M":0.0,"PCT_BELOW_10M":0.0},"geometry":{"type":"Polygon","coordinates":[[[79.8731,17.0788],[79.8812,17.072],[79.8812,17.055],[79.8919,17.0513],[79.8927,17.0393],[79.8863,17.0343],[79.9074,17.0086],[79.9126,16.9807],[79.9,16.9713],[79.8913,16.9471],[79.8808,16.9409],[79.8798,16.9285],[79.9299,16.9166],[79.9407,16.9203],[79.9496,16.9338],[79.9631,16.916],[80.0111,16.8988],[80.0179,16.9145],[80.0454,16.9437],[80.0542,16.9725],[80.0516,17.0001],[80.0604,17.0211],[80.0389,17.0141],[80.0018,17.0322],[79.9892,17.0491],[79.9664,17.0394],[79.9362,17.0488],[79.9096,17.0889],[79.8772,17.0832],[79.8731,17.0788]]]}},{"type":"Feature","properties":{"SUBDISTRICT":"Palvoncha","STATE":"Telangana","shapeID":"7132399B9645591195121","source":"geoBoundaries gbOpen IND ADM3 (ODbL 1.0); source: Local Government Directory lgdirectory.gov.in via Pathways Data","DISTRICT":null,"ELEV_MEAN_M":151.4,"ELEV_MIN_M":44.0,"ELEV_MAX_M":539.0,"PCT_BELOW_5M":0.0,"PCT_BELOW_10M":0.0},"geometry":{"type":"Polygon","coordinates":[[[80.5618,17.8682],[80.5644,17.8345],[80.6017,17.8158],[80.6105,17.805],[80.6105,17.7491],[80.6433,17.7198],[80.6238,17.6985],[80.6339,17.6525],[80.6312,17.615],[80.6562,17.5582],[80.7211,17.5901],[80.7715,17.5852],[80.7918,17.5686],[80.8005,17.5767],[80.8531,17.5862],[80.8596,17.5947],[80.8699,17.6163],[80.855,17.6303],[80.8265,17.6412],[80.817,17.6286],[80.7974,17.6298],[80.7251,17.6591],[80.7231,17.711],[80.7137,17.7242],[80.7008,17.7254],[80.6923,17.7577],[80.709,17.8076],[80.7079,17.8251],[80.6825,17.8546],[80.6746,17.8892],[80.6082,17.8892],[80.5695,17.8814],[80.5618,17.8682]]]}},{"type":"Feature","properties":{"SUBDISTRICT":"Maddur","STATE":"Telangana","shapeID":"7132399B91958186408468","source":"geoBoundaries gbOpen IND ADM3 (ODbL 1.0); source: Local Government Directory lgdirectory.gov.in via Pathways Data","DISTRICT":null,"ELEV_MEAN_M":448.2,"ELEV_MIN_M":408.0,"ELEV_MAX_M":487.0,"PCT_BELOW_5M":0.0,"PCT_BELOW_10M":0.0},"geometry":{"type":"Polygon","coordinates":[[[79.0198,17.9934],[79.0388,18.0027],[79.0918,17.9872],[79.0728,17.9572],[79.0506,17.9535],[79.0488,17.9409],[79.0606,17.9273],[79.0518,17.9003],[79.0551,17.8831],[79.0775,17.8833],[79.0852,17.8754],[79.1277,17.8835],[79.1499,17.907],[79.1529,17.9137],[79.14,17.921],[79.1404,17.9301],[79.1687,17.9583],[79.1795,17.9905],[79.1509,17.9859],[79.1488,18.0038],[79.0957,18.0254],[79.0677,18.022],[79.0506,18.0334],[79.0273,18.0196],[79.0204,18.002],[79.0198,17.9934]]]}},{"type":"Feature","properties":{"SUBDISTRICT":"Bachannapet","STATE":"Telangana","shapeID":"7132399B94974159997254","source":"geoBoundaries gbOpen IND ADM3 (ODbL 1.0); source: Local Government Directory lgdirectory.gov.in via Pathways Data","DISTRICT":null,"ELEV_MEAN_M":472.7,"ELEV_MIN_M":393.0,"ELEV_MAX_M":573.0,"PCT_BELOW_5M":0.0,"PCT_BELOW_10M":0.0},"geometry":{"type":"Polygon","coordinates":[[[78.8681,17.8179],[78.8696,17.8091],[78.9322,17.7979],[78.935,17.7916],[78.9887,17.7885],[79.0152,17.7196],[79.0247,17.709],[79.052,17.7225],[79.0748,17.7121],[79.1198,17.7933],[79.1202,17.7994],[79.1007,17.8032],[79.1079,17.8212],[79.1172,17.8346],[79.1301,17.8309],[79.1333,17.8374],[79.127,17.8549],[79.1277,17.8835],[79.0852,17.8754],[79.0667,17.886],[79.0551,17.8831],[79.0401,17.8494],[79.0268,17.8609],[79.0028,17.8629],[78.9739,17.8772],[78.9647,17.8717],[78.9627,17.8538],[78.9288,17.8358],[78.8728,17.8521],[78.8761,17.8287],[78.8692,17.8247],[78.8681,17.8179]]]}},{"type":"Feature","properties":{"SUBDISTRICT":"Gudur","STATE":"Telangana","shapeID":"7132399B53329946875635","source":"geoBoundaries gbOpen IND ADM3 (ODbL 1.0); source: Local Government Directory lgdirectory.gov.in via Pathways Data","DISTRICT":null,"ELEV_MEAN_M":229.8,"ELEV_MIN_M":186.0,"ELEV_MAX_M":532.0,"PCT_BELOW_5M":0.0,"PCT_BELOW_10M":0.0},"geometry":{"type":"Polygon","coordinates":[[[79.8565,17.804],[79.8593,17.7867],[79.8794,17.7796],[79.9017,17.7393],[79.9237,17.7308],[79.9208,17.7098],[79.9451,17.707],[79.9932,17.6857],[80.0271,17.7004],[80.0445,17.6971],[80.0516,17.7151],[80.0763,17.7112],[80.1116,17.7245],[80.1084,17.7929],[80.0802,17.7735],[80.0481,17.7789],[80.0379,17.8279],[80.0326,17.8354],[80.0022,17.829],[79.9911,17.8373],[79.9901,17.8727],[79.9778,17.8838],[79.9584,17.8817],[79.9604,17.8598],[79.9274,17.862],[79.925,17.8495],[79.907,17.8375],[79.9005,17.8109],[79.8776,17.817],[79.8577,17.8067],[79.8565,17.804]]]}},{"type":"Feature","properties":{"SUBDISTRICT":"Venkatapur","STATE":"Telangana","shapeID":"7132399B99524179736824","source":"geoBoundaries gbOpen IND ADM3 (ODbL 1.0); source: Local Government Directory lgdirectory.gov.in via Pathways Data","DISTRICT":null,"ELEV_MEAN_M":221.0,"ELEV_MIN_M":109.0,"ELEV_MAX_M":481.0,"PCT_BELOW_5M":0.0,"PCT_BELOW_10M":0.0},"geometry":{"type":"Polygon","coordinates":[[[79.845,18.238],[79.8463,18.1979],[79.8679,18.19],[79.8848,18.1938],[79.9017,18.2192],[79.9203,18.221],[79.9328,18.2338],[79.9537,18.2214],[79.9673,18.2241],[79.9906,18.2088],[79.996,18.1975],[80.0093,18.1936],[80.0494,18.2218],[80.0601,18.2377],[80.119,18.2286],[80.1459,18.2309],[80.1569,18.242],[80.1535,18.2642],[80.1632,18.2703],[80.1677,18.2829],[80.1548,18.3183],[80.1483,18.3273],[80.1244,18.3004],[80.1158,18.2959],[80.1058,18.2995],[80.0869,18.3223],[80.0767,18.3871],[80.0598,18.4009],[80.0444,18.4037],[79.975,18.3824],[79.9084,18.3977],[79.8758,18.3902],[79.8778,18.3639],[79.9065,18.3396],[79.9311,18.3343],[79.9302,18.301],[79.9182,18.2876],[79.9081,18.2941],[79.8743,18.2949],[79.8475,18.2433],[79.845,18.238]]]}},{"type":"Feature","properties":{"SUBDISTRICT":"Toopran","STATE":"Telangana","shapeID":"7132399B73039218641189","source":"geoBoundaries gbOpen IND ADM3 (ODbL 1.0); source: Local Government Directory lgdirectory.gov.in via Pathways Data","DISTRICT":null,"ELEV_MEAN_M":543.8,"ELEV_MIN_M":509.0,"ELEV_MAX_M":615.0,"PCT_BELOW_5M":0.0,"PCT_BELOW_10M":0.0},"geometry":{"type":"Polygon","coordinates":[[[78.4265,17.8525],[78.4465,17.8133],[78.4433,17.8055],[78.4523,17.801],[78.4598,17.8179],[78.4766,17.8141],[78.4733,17.7939],[78.4857,17.7936],[78.4933,17.7831],[78.4993,17.8026],[78.5153,17.789],[78.5132,17.8056],[78.5213,17.8077],[78.525,17.8358],[78.5607,17.8578],[78.5731,17.8732],[78.5708,17.8996],[78.5649,17.8996],[78.5579,17.8865],[78.5397,17.8808],[78.4833,17.8969],[78.4505,17.8812],[78.4364,17.8824],[78.4272,17.8541],[78.4265,17.8525]]]}},{"type":"Feature","properties":{"SUBDISTRICT":"Kerameri","STATE":"Telangana","shapeID":"7132399B36745084368094","source":"geoBoundaries gbOpen IND ADM3 (ODbL 1.0); source: Local Government Directory lgdirectory.gov.in via Pathways Data","DISTRICT":null,"ELEV_MEAN_M":353.9,"ELEV_MIN_M":224.0,"ELEV_MAX_M":589.0,"PCT_BELOW_5M":0.0,"PCT_BELOW_10M":0.0},"geometry":{"type":"Polygon","coordinates":[[[78.9528,19.5455],[78.9628,19.5125],[79.0274,19.4741],[79.0326,19.4652],[79.0259,19.4519],[79.0297,19.4334],[79.0533,19.4226],[79.0712,19.3659],[79.0912,19.3425],[79.1792,19.3698],[79.1653,19.3917],[79.1895,19.3964],[79.2044,19.4196],[79.2083,19.4468],[79.2247,19.4664],[79.1837,19.4626],[79.1461,19.5029],[79.1105,19.5145],[79.1086,19.5297],[79.0603,19.5292],[79.0546,19.5375],[79.0484,19.5326],[79.0291,19.5358],[78.9985,19.5636],[78.984,19.5524],[78.9832,19.542],[78.9654,19.5411],[78.9566,19.5469],[78.9528,19.5455]]]}},{"type":"Feature","properties":{"SUBDISTRICT":"Mangapet","STATE":"Telangana","shapeID":"7132399B90932024156072","source":"geoBoundaries gbOpen IND ADM3 (ODbL 1.0); source: Local Government Directory lgdirectory.gov.in via Pathways Data","DISTRICT":null,"ELEV_MEAN_M":123.2,"ELEV_MIN_M":52.0,"ELEV_MAX_M":337.0,"PCT_BELOW_5M":0.0,"PCT_BELOW_10M":0.0},"geometry":{"type":"Polygon","coordinates":[[[80.3578,18.2092],[80.3762,18.1832],[80.3939,18.1359],[80.4161,18.1228],[80.4199,18.1118],[80.4051,18.0783],[80.4356,18.059],[80.4481,18.0652],[80.4601,18.0601],[80.4572,18.079],[80.4801,18.122],[80.4682,18.1347],[80.4902,18.1423],[80.5003,18.1392],[80.5377,18.0991],[80.5657,18.1028],[80.5983,18.0824],[80.6098,18.0904],[80.6181,18.1126],[80.6392,18.1109],[80.6445,18.1253],[80.6269,18.1272],[80.6319,18.14],[80.6565,18.1341],[80.6584,18.1432],[80.6505,18.1547],[80.6612,18.1557],[80.6664,18.1711],[80.634,18.1919],[80.6289,18.2045],[80.6179,18.2051],[80.6023,18.2212],[80.5382,18.2612],[80.5046,18.2664],[80.4743,18.3069],[80.4675,18.3552],[80.4277,18.3196],[80.376,18.2341],[80.3578,18.2092]]]}},{"type":"Feature","properties":{"SUBDISTRICT":"Tadvai","STATE":"Telangana","shapeID":"7132399B10030096876688","source":"geoBoundaries gbOpen IND ADM3 (ODbL 1.0); source: Local Government Directory lgdirectory.gov.in via Pathways Data","DISTRICT":null,"ELEV_MEAN_M":240.3,"ELEV_MIN_M":112.0,"ELEV_MAX_M":455.0,"PCT_BELOW_5M":0.0,"PCT_BELOW_10M":0.0},"geometry":{"type":"Polygon","coordinates":[[[80.0826,18.3598],[80.0869,18.3223],[80.1058,18.2995],[80.1158,18.2959],[80.1244,18.3004],[80.1483,18.3273],[80.1677,18.2829],[80.1632,18.2703],[80.1687,18.2539],[80.1944,18.236],[80.1658,18.2299],[80.1551,18.1977],[80.1372,18.1935],[80.1322,18.147],[80.1361,18.1409],[80.1574,18.1362],[80.1597,18.1295],[80.1308,18.0791],[80.1381,18.0581],[80.2438,17.992],[80.3088,17.9728],[80.3137,17.9771],[80.3454,18.0172],[80.3523,18.0406],[80.3953,18.0819],[80.4051,18.0783],[80.4199,18.1118],[80.4161,18.1228],[80.3939,18.1359],[80.3762,18.1832],[80.3578,18.2092],[80.3085,18.218],[80.2946,18.2047],[80.2797,18.2018],[80.2725,18.2108],[80.2816,18.229],[80.2672,18.2455],[80.2454,18.2267],[80.2311,18.2302],[80.2447,18.3255],[80.2159,18.375],[80.2049,18.3785],[80.1747,18.3487],[80.1752,18.3414],[80.1472,18.3733],[80.1528,18.398],[80.1343,18.4012],[80.129,18.3733],[80.0925,18.3694],[80.0826,18.3598]]]}},{"type":"Feature","properties":{"SUBDISTRICT":"Regonda","STATE":"Telangana","shapeID":"7132399B25213635147480","source":"geoBoundaries gbOpen IND ADM3 (ODbL 1.0); source: Local Government Directory lgdirectory.gov.in via Pathways Data","DISTRICT":null,"ELEV_MEAN_M":222.0,"ELEV_MIN_M":182.0,"ELEV_MAX_M":389.0,"PCT_BELOW_5M":0.0,"PCT_BELOW_10M":0.0},"geometry":{"type":"Polygon","coordinates":[[[79.7018,18.2738],[79.7199,18.2163],[79.7382,18.209],[79.7365,18.1875],[79.7802,18.187],[79.8141,18.1504],[79.8318,18.1537],[79.8341,18.1908],[79.8463,18.1979],[79.849,18.2066],[79.8475,18.2433],[79.8272,18.2906],[79.809,18.2977],[79.8071,18.3263],[79.7946,18.3232],[79.7728,18.3375],[79.7438,18.3162],[79.7416,18.2987],[79.7063,18.287],[79.7044,18.2773],[79.7018,18.2738]]]}},{"type":"Feature","properties":{"SUBDISTRICT":"Nallabelli","STATE":"Telangana","shapeID":"7132399B55408172846158","source":"geoBoundaries gbOpen IND ADM3 (ODbL 1.0); source: Local Government Directory lgdirectory.gov.in via Pathways Data","DISTRICT":null,"ELEV_MEAN_M":262.0,"ELEV_MIN_M":228.0,"ELEV_MAX_M":340.0,"PCT_BELOW_5M":0.0,"PCT_BELOW_10M":0.0},"geometry":{"type":"Polygon","coordinates":[[[79.807,18.0775],[79.819,18.0391],[79.8426,18.0126],[79.8614,18.006],[79.8714,17.9887],[79.8891,18.0082],[79.9092,18.0026],[79.9569,18.0131],[79.9626,18.0055],[79.9573,17.9694],[79.9726,17.9729],[79.9793,17.998],[79.9903,18.0119],[79.98,18.0309],[79.9726,18.0915],[79.945,18.075],[79.9332,18.0883],[79.8907,18.074],[79.8623,18.0965],[79.8188,18.0981],[79.8094,18.0807],[79.807,18.0775]]]}},{"type":"Feature","properties":{"SUBDISTRICT":"Duggondi","STATE":"Telangana","shapeID":"7132399B93824161660317","source":"geoBoundaries gbOpen IND ADM3 (ODbL 1.0); source: Local Government Directory lgdirectory.gov.in via Pathways Data","DISTRICT":null,"ELEV_MEAN_M":249.0,"ELEV_MIN_M":223.0,"ELEV_MAX_M":277.0,"PCT_BELOW_5M":0.0,"PCT_BELOW_10M":0.0},"geometry":{"type":"Polygon","coordinates":[[[79.7431,18.0124],[79.7523,18.0063],[79.7854,17.9309],[79.7984,17.934],[79.7952,17.9533],[79.8169,17.9493],[79.8518,17.9645],[79.8331,17.9809],[79.8426,18.0126],[79.819,18.0391],[79.807,18.0775],[79.7883,18.0833],[79.7825,18.0776],[79.7903,18.0626],[79.7872,18.0498],[79.7667,18.0554],[79.7435,18.0193],[79.7431,18.0124]]]}},{"type":"Feature","properties":{"SUBDISTRICT":"Athmakur","STATE":"Telangana","shapeID":"7132399B70886591756439","source":"geoBoundaries gbOpen IND ADM3 (ODbL 1.0); source: Local Government Directory lgdirectory.gov.in via Pathways Data","DISTRICT":null,"ELEV_MEAN_M":238.6,"ELEV_MIN_M":217.0,"ELEV_MAX_M":318.0,"PCT_BELOW_5M":0.0,"PCT_BELOW_10M":0.0},"geometry":{"type":"Polygon","coordinates":[[[79.6708,18.1111],[79.6783,18.0938],[79.6908,18.0952],[79.7034,18.0803],[79.7,18.057],[79.6851,18.0466],[79.6914,18.0088],[79.7058,18.0023],[79.7431,18.0124],[79.7447,18.0279],[79.7667,18.0554],[79.7872,18.0498],[79.7903,18.0626],[79.7825,18.0776],[79.7948,18.0834],[79.807,18.0775],[79.8188,18.0981],[79.8205,18.1096],[79.7664,18.0993],[79.6735,18.1324],[79.6724,18.1148],[79.6708,18.1111]]]}},{"type":"Feature","properties":{"SUBDISTRICT":"Jangoan","STATE":"Telangana","shapeID":"7132399B35483535277756","source":"geoBoundaries gbOpen IND ADM3 (ODbL 1.0); source: Local Government Directory lgdirectory.gov.in via Pathways Data","DISTRICT":null,"ELEV_MEAN_M":403.5,"ELEV_MIN_M":345.0,"ELEV_MAX_M":508.0,"PCT_BELOW_5M":0.0,"PCT_BELOW_10M":0.0},"geometry":{"type":"Polygon","coordinates":[[[79.0748,17.7121],[79.0966,17.6786],[79.1242,17.6675],[79.1265,17.6517],[79.1559,17.6577],[79.2001,17.7027],[79.2129,17.737],[79.2307,17.7327],[79.2103,17.7814],[79.2075,17.8124],[79.2141,17.8345],[79.2053,17.8433],[79.1928,17.8398],[79.1719,17.8585],[79.141,17.8262],[79.1172,17.8346],[79.1007,17.8032],[79.1202,17.7994],[79.1198,17.7933],[79.0881,17.7438],[79.0748,17.7121]]]}},{"type":"Feature","properties":{"SUBDISTRICT":"Sangem","STATE":"Telangana","shapeID":"7132399B76758843449747","source":"geoBoundaries gbOpen IND ADM3 (ODbL 1.0); source: Local Government Directory lgdirectory.gov.in via Pathways Data","DISTRICT":null,"ELEV_MEAN_M":262.3,"ELEV_MIN_M":212.0,"ELEV_MAX_M":343.0,"PCT_BELOW_5M":0.0,"PCT_BELOW_10M":0.0},"geometry":{"type":"Polygon","coordinates":[[[79.6191,17.8639],[79.6326,17.8626],[79.6316,17.8434],[79.6446,17.8342],[79.6774,17.8333],[79.6963,17.8411],[79.7186,17.8367],[79.7476,17.8614],[79.7761,17.9145],[79.7879,17.9213],[79.774,17.9503],[79.7474,17.942],[79.7366,17.9493],[79.7203,17.9479],[79.6959,17.9122],[79.669,17.9196],[79.6652,17.9352],[79.6527,17.9194],[79.6439,17.9263],[79.6501,17.9157],[79.6335,17.9035],[79.6198,17.8704],[79.6191,17.8639]]]}},{"type":"Feature","properties":{"SUBDISTRICT":"Geesugonda","STATE":"Telangana","shapeID":"7132399B96376541784269","source":"geoBoundaries gbOpen IND ADM3 (ODbL 1.0); source: Local Government Directory lgdirectory.gov.in via Pathways Data","DISTRICT":null,"ELEV_MEAN_M":265.0,"ELEV_MIN_M":242.0,"ELEV_MAX_M":296.0,"PCT_BELOW_5M":0.0,"PCT_BELOW_10M":0.0},"geometry":{"type":"Polygon","coordinates":[[[79.6357,17.9943],[79.6403,17.9751],[79.6556,17.9777],[79.6697,17.9719],[79.6681,17.9568],[79.649,17.9548],[79.6545,17.9476],[79.6449,17.9369],[79.6467,17.921],[79.6542,17.9205],[79.6652,17.9352],[79.669,17.9196],[79.6987,17.9129],[79.7034,17.9285],[79.7145,17.9349],[79.7203,17.9479],[79.7366,17.9493],[79.7474,17.942],[79.774,17.9503],[79.7523,18.0063],[79.7404,18.0129],[79.7182,18.0016],[79.7058,18.0023],[79.681,18.0152],[79.6697,18.0417],[79.6522,18.0335],[79.6551,18.0186],[79.6457,18.013],[79.6451,17.9982],[79.6357,17.9943]]]}},{"type":"Feature","properties":{"SUBDISTRICT":"Mulug","STATE":"Telangana","shapeID":"7132399B96571389160256","source":"geoBoundaries gbOpen IND ADM3 (ODbL 1.0); source: Local Government Directory lgdirectory.gov.in via Pathways Data","DISTRICT":null,"ELEV_MEAN_M":592.8,"ELEV_MIN_M":554.0,"ELEV_MAX_M":627.0,"PCT_BELOW_5M":0.0,"PCT_BELOW_10M":0.0},"geometry":{"type":"Polygon","coordinates":[[[78.496,17.6887],[78.5134,17.6858],[78.5267,17.6996],[78.5718,17.6872],[78.5823,17.7006],[78.5989,17.7008],[78.6156,17.669],[78.6338,17.6675],[78.6525,17.677],[78.6639,17.6958],[78.7045,17.6832],[78.7194,17.7071],[78.7092,17.7182],[78.6971,17.7197],[78.6936,17.7574],[78.6827,17.7537],[78.6646,17.7605],[78.6446,17.7523],[78.5997,17.7482],[78.5832,17.7369],[78.5361,17.742],[78.5155,17.7377],[78.5195,17.7218],[78.4994,17.697],[78.496,17.6887]]]}},{"type":"Feature","properties":{"SUBDISTRICT":"Narayanpet","STATE":"Telangana","shapeID":"7132399B74672998710669","source":"geoBoundaries gbOpen IND ADM3 (ODbL 1.0); source: Local Government Directory lgdirectory.gov.in via Pathways Data","DISTRICT":null,"ELEV_MEAN_M":479.4,"ELEV_MIN_M":397.0,"ELEV_MAX_M":704.0,"PCT_BELOW_5M":0.0,"PCT_BELOW_10M":0.0},"geometry":{"type":"Polygon","coordinates":[[[77.4275,16.7183],[77.4415,16.7114],[77.4496,16.7176],[77.4999,16.7215],[77.5218,16.7348],[77.5304,16.7324],[77.5267,16.7065],[77.5403,16.695],[77.5756,16.7113],[77.5802,16.7073],[77.5745,16.6831],[77.5802,16.6757],[77.5848,16.6736],[77.6,16.6876],[77.6077,16.6853],[77.6089,16.6654],[77.6339,16.6373],[77.6599,16.6552],[77.6678,16.6879],[77.6858,16.7104],[77.6915,16.7555],[77.678,16.7635],[77.6741,16.7745],[77.6612,16.7789],[77.65,16.7957],[77.6383,16.7969],[77.6174,16.7813],[77.6182,16.7453],[77.6085,16.7433],[77.5956,16.7514],[77.5811,16.7511],[77.5487,16.791],[77.53,16.7941],[77.4971,16.7807],[77.4416,16.7869],[77.4394,16.7533],[77.4282,16.7216],[77.4275,16.7183]]]}},{"type":"Feature","properties":{"SUBDISTRICT":"Kothaguda","STATE":"Telangana","shapeID":"7132399B68231493379780","source":"geoBoundaries gbOpen IND ADM3 (ODbL 1.0); source: Local Government Directory lgdirectory.gov.in via Pathways Data","DISTRICT":null,"ELEV_MEAN_M":284.9,"ELEV_MIN_M":199.0,"ELEV_MAX_M":521.0,"PCT_BELOW_5M":0.0,"PCT_BELOW_10M":0.0},"geometry":{"type":"Polygon","coordinates":[[[79.9519,17.9333],[79.9588,17.9241],[79.9689,17.9361],[79.9584,17.8817],[79.9855,17.8797],[79.9911,17.8373],[80.0022,17.829],[80.0326,17.8354],[80.0481,17.7789],[80.0802,17.7735],[80.1054,17.7954],[80.1167,17.7822],[80.1429,17.8065],[80.1149,17.8451],[80.1189,17.8517],[80.1362,17.8304],[80.1443,17.8342],[80.1247,17.8616],[80.1131,17.9085],[80.1286,17.9125],[80.1413,17.9286],[80.1597,17.9182],[80.1669,17.9267],[80.1838,17.9311],[80.1854,17.9383],[80.1774,17.9409],[80.1724,17.9607],[80.1778,17.9797],[80.1518,17.979],[80.1825,18.0291],[80.1881,18.0243],[80.1381,18.0581],[80.1324,18.0684],[80.1039,18.0775],[80.0457,18.0663],[80.0246,18.0832],[80.0146,18.1005],[80.0184,18.07],[80.0033,18.0112],[79.9922,18.0017],[79.9903,18.0119],[79.9793,17.998],[79.953,17.9364],[79.9519,17.9333]]]}},{"type":"Feature","properties":{"SUBDISTRICT":"Parvathagiri","STATE":"Telangana","shapeID":"7132399B83707147769395","source":"geoBoundaries gbOpen IND ADM3 (ODbL 1.0); source: Local Government Directory lgdirectory.gov.in via Pathways Data","DISTRICT":null,"ELEV_MEAN_M":244.7,"ELEV_MIN_M":218.0,"ELEV_MAX_M":343.0,"PCT_BELOW_5M":0.0,"PCT_BELOW_10M":0.0},"geometry":{"type":"Polygon","coordinates":[[[79.6393,17.826],[79.651,17.8101],[79.6609,17.7649],[79.7097,17.7345],[79.7099,17.7111],[79.7237,17.6958],[79.7328,17.6901],[79.7572,17.6961],[79.7757,17.7115],[79.7505,17.7396],[79.7536,17.761],[79.7722,17.7888],[79.7476,17.8614],[79.7186,17.8367],[79.6963,17.8411],[79.6774,17.8333],[79.6399,17.8306],[79.6393,17.826]]]}},{"type":"Feature","properties":{"SUBDISTRICT":"Thorrur","STATE":"Telangana","shapeID":"7132399B40153712278409","source":"geoBoundaries gbOpen IND ADM3 (ODbL 1.0); source: Local Government Directory lgdirectory.gov.in via Pathways Data","DISTRICT":null,"ELEV_MEAN_M":229.0,"ELEV_MIN_M":196.0,"ELEV_MAX_M":310.0,"PCT_BELOW_5M":0.0,"PCT_BELOW_10M":0.0},"geometry":{"type":"Polygon","coordinates":[[[79.5836,17.6284],[79.5933,17.5975],[79.6125,17.5928],[79.6135,17.5827],[79.629,17.5766],[79.6332,17.5614],[79.6233,17.529],[79.6357,17.5164],[79.627,17.5078],[79.6292,17.4916],[79.6397,17.4952],[79.6536,17.5126],[79.7058,17.5318],[79.7203,17.5483],[79.7223,17.588],[79.7111,17.6031],[79.7018,17.6588],[79.707,17.6779],[79.7031,17.6996],[79.7099,17.7111],[79.7097,17.7345],[79.7032,17.7403],[79.6858,17.7457],[79.6809,17.7382],[79.6743,17.6875],[79.6438,17.6478],[79.6218,17.6397],[79.6091,17.6502],[79.595,17.6515],[79.5868,17.6493],[79.5868,17.6414],[79.5836,17.6284]]]}},{"type":"Feature","properties":{"SUBDISTRICT":"Nellikudur","STATE":"Telangana","shapeID":"7132399B99631779183327","source":"geoBoundaries gbOpen IND ADM3 (ODbL 1.0); source: Local Government Directory lgdirectory.gov.in via Pathways Data","DISTRICT":null,"ELEV_MEAN_M":209.9,"ELEV_MIN_M":182.0,"ELEV_MAX_M":265.0,"PCT_BELOW_5M":0.0,"PCT_BELOW_10M":0.0},"geometry":{"type":"Polygon","coordinates":[[[79.7018,17.6588],[79.7111,17.6031],[79.7223,17.588],[79.7219,17.5587],[79.7443,17.5631],[79.7526,17.5557],[79.7615,17.5651],[79.8022,17.5518],[79.8264,17.5807],[79.8672,17.5778],[79.8779,17.602],[79.8934,17.608],[79.8572,17.6555],[79.8362,17.657],[79.8073,17.6387],[79.7874,17.64],[79.7737,17.6538],[79.7495,17.6627],[79.7572,17.6961],[79.7328,17.6901],[79.7173,17.7065],[79.7048,17.7088],[79.707,17.6779],[79.702,17.6692],[79.7018,17.6588]]]}},{"type":"Feature","properties":{"SUBDISTRICT":"Kesamudram","STATE":"Telangana","shapeID":"7132399B93457033215540","source":"geoBoundaries gbOpen IND ADM3 (ODbL 1.0); source: Local Government Directory lgdirectory.gov.in via Pathways Data","DISTRICT":null,"ELEV_MEAN_M":222.1,"ELEV_MIN_M":196.0,"ELEV_MAX_M":326.0,"PCT_BELOW_5M":0.0,"PCT_BELOW_10M":0.0},"geometry":{"type":"Polygon","coordinates":[[[79.7495,17.6627],[79.7737,17.6538],[79.7874,17.64],[79.8073,17.6387],[79.8362,17.657],[79.8572,17.6555],[79.8934,17.608],[79.9134,17.6168],[79.946,17.6204],[79.9459,17.6384],[79.932,17.6506],[79.934,17.6697],[79.966,17.6695],[79.9748,17.695],[79.9208,17.7098],[79.9237,17.7308],[79.9017,17.7393],[79.8852,17.7697],[79.8727,17.7368],[79.838,17.7377],[79.8274,17.7184],[79.7973,17.7008],[79.7757,17.7115],[79.7572,17.6961],[79.7519,17.677],[79.7495,17.6627]]]}},{"type":"Feature","properties":{"SUBDISTRICT":"Mahabubabad","STATE":"Telangana","shapeID":"7132399B19686429741340","source":"geoBoundaries gbOpen IND ADM3 (ODbL 1.0); source: Local Government Directory lgdirectory.gov.in via Pathways Data","DISTRICT":null,"ELEV_MEAN_M":198.5,"ELEV_MIN_M":166.0,"ELEV_MAX_M":378.0,"PCT_BELOW_5M":0.0,"PCT_BELOW_10M":0.0},"geometry":{"type":"Polygon","coordinates":[[[79.8189,17.5698],[79.8523,17.559],[79.8606,17.5501],[79.8755,17.5498],[79.8891,17.5584],[79.9221,17.5534],[79.9281,17.5457],[79.9211,17.5196],[79.9436,17.5071],[79.9557,17.5281],[79.9545,17.5469],[79.9817,17.5619],[79.9837,17.5711],[80.0235,17.5661],[80.0474,17.5747],[80.0625,17.5889],[80.0542,17.596],[80.0571,17.608],[80.0759,17.652],[80.0901,17.6595],[80.0755,17.6817],[80.0271,17.7004],[79.9932,17.6857],[79.9748,17.695],[79.966,17.6695],[79.934,17.6697],[79.932,17.6506],[79.9479,17.6324],[79.9394,17.6164],[79.9134,17.6168],[79.8779,17.602],[79.8672,17.5778],[79.8264,17.5807],[79.8189,17.5698]]]}},{"type":"Feature","properties":{"SUBDISTRICT":"Narsimhulapet","STATE":"Telangana","shapeID":"7132399B65799007731671","source":"geoBoundaries gbOpen IND ADM3 (ODbL 1.0); source: Local Government Directory lgdirectory.gov.in via Pathways Data","DISTRICT":null,"ELEV_MEAN_M":197.9,"ELEV_MIN_M":175.0,"ELEV_MAX_M":384.0,"PCT_BELOW_5M":0.0,"PCT_BELOW_10M":0.0},"geometry":{"type":"Polygon","coordinates":[[[79.7317,17.5129],[79.7661,17.501],[79.7639,17.4618],[79.7555,17.4405],[79.7714,17.4402],[79.7805,17.4557],[79.8106,17.4417],[79.8175,17.4462],[79.8203,17.4829],[79.8356,17.5232],[79.8494,17.5301],[79.8606,17.5501],[79.8523,17.559],[79.8189,17.5698],[79.8022,17.5518],[79.7615,17.5651],[79.7544,17.5621],[79.7535,17.5369],[79.7464,17.5276],[79.7361,17.5321],[79.7318,17.5154],[79.7317,17.5129]]]}},{"type":"Feature","properties":{"SUBDISTRICT":"Maripeda","STATE":"Telangana","shapeID":"7132399B51881161853686","source":"geoBoundaries gbOpen IND ADM3 (ODbL 1.0); source: Local Government Directory lgdirectory.gov.in via Pathways Data","DISTRICT":null,"ELEV_MEAN_M":179.9,"ELEV_MIN_M":149.0,"ELEV_MAX_M":298.0,"PCT_BELOW_5M":0.0,"PCT_BELOW_10M":0.0},"geometry":{"type":"Polygon","coordinates":[[[79.7531,17.432],[79.7586,17.4308],[79.7629,17.4081],[79.7871,17.3876],[79.7673,17.3751],[79.7832,17.3527],[79.7929,17.3198],[79.8194,17.3366],[79.8408,17.3288],[79.8522,17.3357],[79.8722,17.3334],[79.8795,17.3593],[79.8918,17.3548],[79.8964,17.3719],[79.9315,17.3752],[79.9386,17.3792],[79.9357,17.391],[79.956,17.3971],[79.9551,17.434],[79.9281,17.4713],[79.9158,17.4729],[79.9072,17.4488],[79.8951,17.4555],[79.8906,17.4452],[79.8621,17.4538],[79.8695,17.4651],[79.8631,17.4715],[79.8317,17.4747],[79.8203,17.4829],[79.8175,17.4462],[79.7975,17.4442],[79.7805,17.4557],[79.7714,17.4402],[79.7555,17.4405],[79.7531,17.432]]]}},{"type":"Feature","properties":{"SUBDISTRICT":"Zaffergadh","STATE":"Telangana","shapeID":"7132399B19329365591050","source":"geoBoundaries gbOpen IND ADM3 (ODbL 1.0); source: Local Government Directory lgdirectory.gov.in via Pathways Data","DISTRICT":null,"ELEV_MEAN_M":298.4,"ELEV_MIN_M":269.0,"ELEV_MAX_M":531.0,"PCT_BELOW_5M":0.0,"PCT_BELOW_10M":0.0},"geometry":{"type":"Polygon","coordinates":[[[79.4167,17.8055],[79.4327,17.7735],[79.4429,17.7655],[79.4487,17.7387],[79.46,17.7243],[79.4783,17.7187],[79.4993,17.7271],[79.5079,17.739],[79.5046,17.7522],[79.4919,17.761],[79.4944,17.7676],[79.5162,17.7709],[79.5202,17.8273],[79.4946,17.8304],[79.5221,17.8674],[79.5029,17.8939],[79.4925,17.9006],[79.4725,17.8875],[79.4541,17.8922],[79.4343,17.8837],[79.4274,17.8564],[79.4305,17.8249],[79.4182,17.8109],[79.4167,17.8055]]]}},{"type":"Feature","properties":{"SUBDISTRICT":"Vemsoor","STATE":"Telangana","shapeID":"7132399B1896217109277","source":"geoBoundaries gbOpen IND ADM3 (ODbL 1.0); source: Local Government Directory lgdirectory.gov.in via Pathways Data","DISTRICT":null,"ELEV_MEAN_M":132.6,"ELEV_MIN_M":91.0,"ELEV_MAX_M":195.0,"PCT_BELOW_5M":0.0,"PCT_BELOW_10M":0.0},"geometry":{"type":"Polygon","coordinates":[[[80.6426,17.0669],[80.6693,17.0648],[80.6927,17.0768],[80.7345,17.0727],[80.8321,17.0461],[80.8414,17.0341],[80.8677,17.0592],[80.8653,17.0768],[80.873,17.1041],[80.8639,17.1196],[80.8756,17.1328],[80.8371,17.1454],[80.8118,17.1654],[80.784,17.1682],[80.7688,17.1847],[80.7569,17.1834],[80.7348,17.1985],[80.709,17.191],[80.6899,17.1605],[80.6659,17.1405],[80.6739,17.1206],[80.655,17.1024],[80.6654,17.0957],[80.6465,17.0799],[80.6464,17.0736],[80.6426,17.0669]]]}},{"type":"Feature","properties":{"SUBDISTRICT":"Nennel","STATE":"Telangana","shapeID":"7132399B77810961841508","source":"geoBoundaries gbOpen IND ADM3 (ODbL 1.0); source: Local Government Directory lgdirectory.gov.in via Pathways Data","DISTRICT":null,"ELEV_MEAN_M":188.1,"ELEV_MIN_M":141.0,"ELEV_MAX_M":245.0,"PCT_BELOW_5M":0.0,"PCT_BELOW_10M":0.0},"geometry":{"type":"Polygon","coordinates":[[[79.5285,18.9975],[79.5595,18.9673],[79.5805,18.9707],[79.5907,18.9562],[79.5836,18.9439],[79.5872,18.9372],[79.6144,18.9494],[79.6287,18.9645],[79.6552,18.9609],[79.6846,18.977],[79.7221,18.9782],[79.6793,19.0119],[79.7082,19.0428],[79.6941,19.0623],[79.7065,19.0888],[79.6938,19.1003],[79.7083,19.1395],[79.6861,19.1415],[79.6828,19.1487],[79.674,19.1504],[79.646,19.1146],[79.6304,19.1073],[79.6072,19.1169],[79.5647,19.1047],[79.5842,19.0638],[79.5623,19.0659],[79.5513,19.0597],[79.5403,19.016],[79.5285,18.9975]]]}},{"type":"Feature","properties":{"SUBDISTRICT":"Venkatapuram","STATE":"Telangana","shapeID":"7132399B20676900479703","source":"geoBoundaries gbOpen IND ADM3 (ODbL 1.0); source: Local Government Directory lgdirectory.gov.in via Pathways Data","DISTRICT":null,"ELEV_MEAN_M":245.6,"ELEV_MIN_M":4.0,"ELEV_MAX_M":945.0,"PCT_BELOW_5M":0.0,"PCT_BELOW_10M":0.0},"geometry":{"type":"Polygon","coordinates":[[[80.4699,18.3241],[80.4777,18.3007],[80.5046,18.2664],[80.5382,18.2612],[80.6023,18.2212],[80.6179,18.2051],[80.6289,18.2045],[80.634,18.1919],[80.6629,18.175],[80.6623,18.1635],[80.6743,18.144],[80.6862,18.1441],[80.7247,18.0911],[80.7341,18.109],[80.7383,18.1387],[80.7277,18.1785],[80.7405,18.2002],[80.7412,18.2248],[80.7962,18.2558],[80.7525,18.308],[80.7508,18.328],[80.7241,18.3886],[80.7344,18.4146],[80.7208,18.4113],[80.6988,18.4249],[80.7067,18.4416],[80.6585,18.4777],[80.6197,18.4581],[80.5396,18.3585],[80.5163,18.3461],[80.5193,18.3695],[80.5076,18.3662],[80.479,18.3489],[80.4726,18.3356],[80.4699,18.3241]]]}},{"type":"Feature","properties":{"SUBDISTRICT":"Midjil","STATE":"Telangana","shapeID":"7132399B85066417682590","source":"geoBoundaries gbOpen IND ADM3 (ODbL 1.0); source: Local Government Directory lgdirectory.gov.in via Pathways Data","DISTRICT":null,"ELEV_MEAN_M":503.1,"ELEV_MIN_M":469.0,"ELEV_MAX_M":596.0,"PCT_BELOW_5M":0.0,"PCT_BELOW_10M":0.0},"geometry":{"type":"Polygon","coordinates":[[[78.1926,16.767],[78.2348,16.7432],[78.2734,16.7068],[78.2938,16.6996],[78.3325,16.7112],[78.3425,16.7072],[78.3494,16.7247],[78.3405,16.7338],[78.365,16.7736],[78.3633,16.7857],[78.3427,16.7957],[78.3267,16.8133],[78.3181,16.846],[78.3049,16.8518],[78.2939,16.8351],[78.2803,16.8285],[78.2505,16.8299],[78.2331,16.822],[78.2054,16.8202],[78.2025,16.8119],[78.2275,16.7819],[78.2232,16.7756],[78.1968,16.7724],[78.1926,16.767]]]}},{"type":"Feature","properties":{"SUBDISTRICT":"Cherla","STATE":"Telangana","shapeID":"7132399B94483927485197","source":"geoBoundaries gbOpen IND ADM3 (ODbL 1.0); source: Local Government Directory lgdirectory.gov.in via Pathways Data","DISTRICT":null,"ELEV_MEAN_M":123.9,"ELEV_MIN_M":24.0,"ELEV_MAX_M":529.0,"PCT_BELOW_5M":0.0,"PCT_BELOW_10M":0.0},"geometry":{"type":"Polygon","coordinates":[[[80.7247,18.0911],[80.7339,18.0698],[80.7554,18.0472],[80.796,18.0286],[80.8107,18.015],[80.8453,17.9547],[80.8866,17.9692],[80.9821,17.9836],[80.9705,18.0382],[80.9742,18.0501],[80.9521,18.0876],[80.9575,18.1297],[80.9807,18.15],[80.9818,18.1746],[80.9623,18.1734],[80.9088,18.1411],[80.8701,18.139],[80.8562,18.2039],[80.8693,18.2049],[80.8755,18.2135],[80.8671,18.2321],[80.8322,18.2397],[80.8252,18.2313],[80.8259,18.1933],[80.8059,18.1725],[80.753,18.1709],[80.7425,18.1778],[80.7405,18.2002],[80.7277,18.1785],[80.7383,18.1387],[80.7341,18.109],[80.7247,18.0911]]]}},{"type":"Feature","properties":{"SUBDISTRICT":"Manuguru","STATE":"Telangana","shapeID":"7132399B88704436944655","source":"geoBoundaries gbOpen IND ADM3 (ODbL 1.0); source: Local Government Directory lgdirectory.gov.in via Pathways Data","DISTRICT":null,"ELEV_MEAN_M":145.1,"ELEV_MIN_M":5.0,"ELEV_MAX_M":560.0,"PCT_BELOW_5M":0.0,"PCT_BELOW_10M":0.0},"geometry":{"type":"Polygon","coordinates":[[[80.6459,17.9772],[80.6587,17.946],[80.6488,17.9416],[80.6875,17.9093],[80.6843,17.8938],[80.6746,17.8892],[80.6773,17.8658],[80.6964,17.8417],[80.7758,17.8418],[80.7825,17.8468],[80.799,17.9188],[80.8216,17.9216],[80.8177,17.9311],[80.7928,17.9373],[80.7904,17.9501],[80.8309,17.945],[80.8436,17.9477],[80.8453,17.9547],[80.8107,18.015],[80.796,18.0286],[80.7554,18.0472],[80.7339,18.0698],[80.7247,18.0911],[80.7206,18.0716],[80.6991,18.0527],[80.7058,18.0349],[80.7023,18.0174],[80.6459,18.0029],[80.6459,17.9772]]]}},{"type":"Feature","properties":{"SUBDISTRICT":"Aswapuram","STATE":"Telangana","shapeID":"7132399B56871180942321","source":"geoBoundaries gbOpen IND ADM3 (ODbL 1.0); source: Local Government Directory lgdirectory.gov.in via Pathways Data","DISTRICT":null,"ELEV_MEAN_M":148.3,"ELEV_MIN_M":4.0,"ELEV_MAX_M":481.0,"PCT_BELOW_5M":0.0,"PCT_BELOW_10M":0.0},"geometry":{"type":"Polygon","coordinates":[[[80.6923,17.7577],[80.7008,17.7254],[80.7137,17.7242],[80.7127,17.7422],[80.7218,17.7529],[80.7743,17.7627],[80.8183,17.7546],[80.8274,17.7823],[80.8486,17.7947],[80.837,17.8349],[80.8453,17.9547],[80.8436,17.9477],[80.8309,17.945],[80.7977,17.9514],[80.7904,17.9501],[80.7892,17.9413],[80.8177,17.9311],[80.8216,17.9216],[80.799,17.9188],[80.7825,17.8468],[80.7758,17.8418],[80.6964,17.8417],[80.7079,17.8251],[80.709,17.8076],[80.6949,17.7781],[80.6923,17.7577]]]}},{"type":"Feature","properties":{"SUBDISTRICT":"Kalluru","STATE":"Telangana","shapeID":"7132399B47227843780843","source":"geoBoundaries gbOpen IND ADM3 (ODbL 1.0); source: Local Government Directory lgdirectory.gov.in via Pathways Data","DISTRICT":null,"ELEV_MEAN_M":104.9,"ELEV_MIN_M":68.0,"ELEV_MAX_M":371.0,"PCT_BELOW_5M":0.0,"PCT_BELOW_10M":0.0},"geometry":{"type":"Polygon","coordinates":[[[80.4059,17.0815],[80.4094,17.0618],[80.4229,17.0495],[80.4291,17.0326],[80.4549,17.0248],[80.4615,17.0448],[80.4804,17.0459],[80.4908,17.058],[80.5047,17.1155],[80.528,17.1159],[80.5577,17.1314],[80.5688,17.1458],[80.5827,17.1427],[80.6129,17.1681],[80.5993,17.2095],[80.5812,17.2335],[80.576,17.2922],[80.5617,17.2826],[80.5607,17.2663],[80.55,17.2476],[80.5346,17.2496],[80.5251,17.2379],[80.5025,17.2594],[80.4883,17.2449],[80.5091,17.2209],[80.5091,17.2003],[80.4884,17.1951],[80.4767,17.1757],[80.4641,17.125],[80.4357,17.096],[80.4059,17.0815]]]}},{"type":"Feature","properties":{"SUBDISTRICT":"Kothagudem","STATE":"Telangana","shapeID":"7132399B33581293877637","source":"geoBoundaries gbOpen IND ADM3 (ODbL 1.0); source: Local Government Directory lgdirectory.gov.in via Pathways Data","DISTRICT":null,"ELEV_MEAN_M":113.9,"ELEV_MIN_M":90.0,"ELEV_MAX_M":163.0,"PCT_BELOW_5M":0.0,"PCT_BELOW_10M":0.0},"geometry":{"type":"Polygon","coordinates":[[[80.5806,17.5555],[80.5873,17.5486],[80.6199,17.541],[80.6211,17.5217],[80.6314,17.5347],[80.6337,17.5452],[80.6121,17.5861],[80.6114,17.6002],[80.593,17.6028],[80.5849,17.5666],[80.5806,17.5555]]]}},{"type":"Feature","properties":{"SUBDISTRICT":"Tekulapalli","STATE":"Telangana","shapeID":"7132399B11982389453453","source":"geoBoundaries gbOpen IND ADM3 (ODbL 1.0); source: Local Government Directory lgdirectory.gov.in via Pathways Data","DISTRICT":null,"ELEV_MEAN_M":184.3,"ELEV_MIN_M":112.0,"ELEV_MAX_M":424.0,"PCT_BELOW_5M":0.0,"PCT_BELOW_10M":0.0},"geometry":{"type":"Polygon","coordinates":[[[80.3855,17.6711],[80.3943,17.6369],[80.4302,17.5829],[80.4705,17.5833],[80.469,17.5399],[80.4613,17.5255],[80.4901,17.5271],[80.5234,17.5583],[80.5222,17.5721],[80.5099,17.5774],[80.5097,17.6011],[80.56,17.5961],[80.593,17.6028],[80.5952,17.6098],[80.593,17.6224],[80.5608,17.6353],[80.5587,17.6433],[80.5718,17.6715],[80.5695,17.6933],[80.5282,17.7354],[80.5405,17.7684],[80.5673,17.7607],[80.5796,17.7688],[80.5533,17.7941],[80.5395,17.7981],[80.5375,17.7927],[80.4643,17.7712],[80.4406,17.7754],[80.4286,17.7513],[80.4349,17.7299],[80.402,17.7237],[80.3944,17.7022],[80.3855,17.6711]]]}},{"type":"Feature","properties":{"SUBDISTRICT":"Yellandu","STATE":"Telangana","shapeID":"7132399B18757856016879","source":"geoBoundaries gbOpen IND ADM3 (ODbL 1.0); source: Local Government Directory lgdirectory.gov.in via Pathways Data","DISTRICT":null,"ELEV_MEAN_M":255.1,"ELEV_MIN_M":140.0,"ELEV_MAX_M":696.0,"PCT_BELOW_5M":0.0,"PCT_BELOW_10M":0.0},"geometry":{"type":"Polygon","coordinates":[[[80.2141,17.6382],[80.2188,17.6149],[80.2349,17.6078],[80.2403,17.5888],[80.3113,17.5905],[80.3229,17.5822],[80.3293,17.5725],[80.3234,17.5498],[80.3364,17.5208],[80.352,17.5257],[80.3686,17.5547],[80.3898,17.5687],[80.3928,17.5477],[80.4005,17.5396],[80.4158,17.5424],[80.4319,17.5328],[80.4567,17.5329],[80.4613,17.5255],[80.469,17.5399],[80.4705,17.5833],[80.4302,17.5829],[80.3943,17.6369],[80.3855,17.6711],[80.402,17.7237],[80.3621,17.7623],[80.3289,17.7754],[80.2623,17.7676],[80.2599,17.7495],[80.2457,17.7365],[80.2621,17.7051],[80.2627,17.6902],[80.2465,17.6625],[80.2167,17.6522],[80.2141,17.6382]]]}},{"type":"Feature","properties":{"SUBDISTRICT":"Gundala","STATE":"Telangana","shapeID":"7132399B59328368711982","source":"geoBoundaries gbOpen IND ADM3 (ODbL 1.0); source: Local Government Directory lgdirectory.gov.in via Pathways Data","DISTRICT":null,"ELEV_MEAN_M":282.9,"ELEV_MIN_M":174.0,"ELEV_MAX_M":701.0,"PCT_BELOW_5M":0.0,"PCT_BELOW_10M":0.0},"geometry":{"type":"Polygon","coordinates":[[[80.2539,17.8278],[80.2623,17.7676],[80.3289,17.7754],[80.3621,17.7623],[80.402,17.7237],[80.4349,17.7299],[80.4286,17.7513],[80.4406,17.7754],[80.477,17.7741],[80.4336,17.8306],[80.4733,17.8616],[80.4217,17.8977],[80.4396,17.9223],[80.3966,17.9498],[80.4096,17.9981],[80.3454,18.0172],[80.3099,17.9734],[80.2943,17.9667],[80.2774,17.9681],[80.273,17.9335],[80.2837,17.9091],[80.2729,17.8602],[80.2539,17.8278]]]}},{"type":"Feature","properties":{"SUBDISTRICT":"Bayyaram","STATE":"Telangana","shapeID":"7132399B76268215361272","source":"geoBoundaries gbOpen IND ADM3 (ODbL 1.0); source: Local Government Directory lgdirectory.gov.in via Pathways Data","DISTRICT":null,"ELEV_MEAN_M":237.9,"ELEV_MIN_M":156.0,"ELEV_MAX_M":574.0,"PCT_BELOW_5M":0.0,"PCT_BELOW_10M":0.0},"geometry":{"type":"Polygon","coordinates":[[[80.0445,17.6971],[80.0755,17.6817],[80.0901,17.6595],[80.0759,17.652],[80.0542,17.596],[80.0872,17.5756],[80.0801,17.5557],[80.087,17.5483],[80.1306,17.572],[80.1395,17.5665],[80.1437,17.5391],[80.1505,17.5351],[80.1689,17.548],[80.1843,17.6024],[80.2035,17.594],[80.2337,17.5625],[80.2401,17.5691],[80.2349,17.6078],[80.2188,17.6149],[80.2141,17.6382],[80.2167,17.6522],[80.2465,17.6625],[80.2627,17.6902],[80.2621,17.7051],[80.2388,17.7521],[80.1731,17.712],[80.1776,17.7244],[80.1707,17.7277],[80.1642,17.7531],[80.1437,17.7456],[80.1258,17.7293],[80.0763,17.7112],[80.0516,17.7151],[80.0464,17.7068],[80.0445,17.6971]]]}},{"type":"Feature","properties":{"SUBDISTRICT":"Garla","STATE":"Telangana","shapeID":"7132399B19133621355721","source":"geoBoundaries gbOpen IND ADM3 (ODbL 1.0); source: Local Government Directory lgdirectory.gov.in via Pathways Data","DISTRICT":null,"ELEV_MEAN_M":175.9,"ELEV_MIN_M":136.0,"ELEV_MAX_M":412.0,"PCT_BELOW_5M":0.0,"PCT_BELOW_10M":0.0},"geometry":{"type":"Polygon","coordinates":[[[80.0842,17.5278],[80.1003,17.4967],[80.1281,17.4821],[80.1288,17.4466],[80.1695,17.455],[80.162,17.4077],[80.2137,17.4564],[80.2068,17.4912],[80.2326,17.4809],[80.2241,17.5182],[80.231,17.5383],[80.2118,17.5682],[80.2163,17.5823],[80.1843,17.6024],[80.1689,17.548],[80.1505,17.5351],[80.1437,17.5391],[80.1395,17.5665],[80.1306,17.572],[80.087,17.5483],[80.0849,17.5371],[80.0842,17.5278]]]}},{"type":"Feature","properties":{"SUBDISTRICT":"Singareni","STATE":"Telangana","shapeID":"7132399B23257435541073","source":"geoBoundaries gbOpen IND ADM3 (ODbL 1.0); source: Local Government Directory lgdirectory.gov.in via Pathways Data","DISTRICT":null,"ELEV_MEAN_M":188.6,"ELEV_MIN_M":142.0,"ELEV_MAX_M":506.0,"PCT_BELOW_5M":0.0,"PCT_BELOW_10M":0.0},"geometry":{"type":"Polygon","coordinates":[[[80.2068,17.4912],[80.2137,17.4564],[80.2319,17.4652],[80.255,17.4669],[80.2445,17.4753],[80.2465,17.4923],[80.2698,17.4786],[80.3028,17.4867],[80.3375,17.4837],[80.3486,17.4756],[80.3508,17.4569],[80.3301,17.4119],[80.3525,17.4183],[80.3865,17.4359],[80.3882,17.4446],[80.4264,17.4828],[80.4445,17.5178],[80.4613,17.5255],[80.4567,17.5329],[80.3965,17.5418],[80.3898,17.5687],[80.3686,17.5547],[80.352,17.5257],[80.3422,17.5196],[80.3364,17.5208],[80.3234,17.5498],[80.3293,17.5725],[80.3113,17.5905],[80.2403,17.5888],[80.2401,17.5691],[80.2337,17.5625],[80.2163,17.5823],[80.2118,17.5682],[80.231,17.5383],[80.2241,17.5182],[80.2326,17.4809],[80.2238,17.4802],[80.2129,17.4893],[80.2068,17.4912]]]}},{"type":"Feature","properties":{"SUBDISTRICT":"Julurpadu","STATE":"Telangana","shapeID":"7132399B39539321788657","source":"geoBoundaries gbOpen IND ADM3 (ODbL 1.0); source: Local Government Directory lgdirectory.gov.in via Pathways Data","DISTRICT":null,"ELEV_MEAN_M":232.3,"ELEV_MIN_M":113.0,"ELEV_MAX_M":795.0,"PCT_BELOW_5M":0.0,"PCT_BELOW_10M":0.0},"geometry":{"type":"Polygon","coordinates":[[[80.3865,17.4359],[80.4129,17.3881],[80.4348,17.3674],[80.4517,17.3588],[80.4753,17.3855],[80.4836,17.3867],[80.5014,17.3692],[80.5076,17.3592],[80.5062,17.2789],[80.4918,17.2638],[80.5083,17.2575],[80.5183,17.241],[80.5251,17.2379],[80.5346,17.2496],[80.55,17.2476],[80.5683,17.2911],[80.5829,17.2952],[80.611,17.2853],[80.5946,17.3205],[80.5582,17.3295],[80.5487,17.4251],[80.5576,17.4559],[80.547,17.4895],[80.5362,17.5029],[80.5017,17.5123],[80.4695,17.5128],[80.4613,17.5255],[80.45,17.5234],[80.4264,17.4828],[80.3882,17.4446],[80.3865,17.4359]]]}},{"type":"Feature","properties":{"SUBDISTRICT":"Chandrugonda","STATE":"Telangana","shapeID":"7132399B36500817794544","source":"geoBoundaries gbOpen IND ADM3 (ODbL 1.0); source: Local Government Directory lgdirectory.gov.in via Pathways Data","DISTRICT":null,"ELEV_MEAN_M":170.1,"ELEV_MIN_M":115.0,"ELEV_MAX_M":671.0,"PCT_BELOW_5M":0.0,"PCT_BELOW_10M":0.0},"geometry":{"type":"Polygon","coordinates":[[[80.5487,17.4251],[80.553,17.3549],[80.5582,17.3295],[80.5645,17.3259],[80.6175,17.3213],[80.6157,17.3403],[80.6514,17.3283],[80.6901,17.3623],[80.6892,17.3795],[80.6988,17.4075],[80.6881,17.4061],[80.64,17.4281],[80.605,17.4295],[80.5823,17.4406],[80.5688,17.4244],[80.5538,17.4322],[80.5487,17.4251]]]}},{"type":"Feature","properties":{"SUBDISTRICT":"Aswaraopeta","STATE":"Telangana","shapeID":"7132399B15130671742507","source":"geoBoundaries gbOpen IND ADM3 (ODbL 1.0); source: Local Government Directory lgdirectory.gov.in via Pathways Data","DISTRICT":null,"ELEV_MEAN_M":183.1,"ELEV_MIN_M":65.0,"ELEV_MAX_M":659.0,"PCT_BELOW_5M":0.0,"PCT_BELOW_10M":0.0},"geometry":{"type":"Polygon","coordinates":[[[80.977,17.4443],[80.9782,17.4301],[80.9994,17.3968],[81.0468,17.3601],[81.054,17.3462],[81.0146,17.2886],[80.9857,17.2647],[80.9841,17.2568],[81.0039,17.2496],[81.0287,17.2636],[81.0516,17.2681],[81.0554,17.2222],[81.071,17.2125],[81.127,17.233],[81.1717,17.2411],[81.1894,17.2631],[81.18,17.2751],[81.1794,17.3048],[81.1904,17.3305],[81.1991,17.3357],[81.276,17.3285],[81.298,17.346],[81.2668,17.392],[81.2547,17.4261],[81.215,17.4283],[81.1854,17.4477],[81.1753,17.4653],[81.1545,17.4484],[81.1239,17.4621],[81.118,17.4739],[81.1236,17.4948],[81.1168,17.5169],[81.1051,17.5163],[81.074,17.4836],[81.0404,17.502],[80.987,17.5118],[80.9809,17.4555],[80.977,17.4443]]]}},{"type":"Feature","properties":{"SUBDISTRICT":"Dammapeta","STATE":"Telangana","shapeID":"7132399B61155115679369","source":"geoBoundaries gbOpen IND ADM3 (ODbL 1.0); source: Local Government Directory lgdirectory.gov.in via Pathways Data","DISTRICT":null,"ELEV_MEAN_M":225.8,"ELEV_MIN_M":71.0,"ELEV_MAX_M":440.0,"PCT_BELOW_5M":0.0,"PCT_BELOW_10M":0.0},"geometry":{"type":"Polygon","coordinates":[[[80.8455,17.2656],[80.8663,17.2418],[80.8858,17.237],[80.9226,17.2134],[80.9394,17.2132],[80.9648,17.1965],[80.994,17.1877],[81.035,17.195],[81.0527,17.2129],[81.0516,17.2681],[81.0287,17.2636],[81.0039,17.2496],[80.9841,17.2568],[80.9857,17.2647],[81.0146,17.2886],[81.054,17.3462],[81.0468,17.3601],[81.012,17.382],[80.9782,17.4301],[80.987,17.5118],[80.9795,17.5392],[80.9487,17.5696],[80.9403,17.5884],[80.9296,17.5311],[80.9373,17.4348],[80.9232,17.4316],[80.898,17.4392],[80.8766,17.3823],[80.8601,17.3652],[80.8469,17.3607],[80.8528,17.2817],[80.8455,17.2656]]]}},{"type":"Feature","properties":{"SUBDISTRICT":"Penuballi","STATE":"Telangana","shapeID":"7132399B50088334158096","source":"geoBoundaries gbOpen IND ADM3 (ODbL 1.0); source: Local Government Directory lgdirectory.gov.in via Pathways Data","DISTRICT":null,"ELEV_MEAN_M":138.0,"ELEV_MIN_M":90.0,"ELEV_MAX_M":362.0,"PCT_BELOW_5M":0.0,"PCT_BELOW_10M":0.0},"geometry":{"type":"Polygon","coordinates":[[[80.576,17.2922],[80.5812,17.2335],[80.5993,17.2095],[80.6129,17.1681],[80.5827,17.1427],[80.6125,17.1233],[80.6384,17.1179],[80.6339,17.1096],[80.655,17.1024],[80.6739,17.1206],[80.6659,17.1405],[80.6899,17.1605],[80.709,17.191],[80.7348,17.1985],[80.7378,17.2043],[80.7435,17.2639],[80.7555,17.2853],[80.7531,17.317],[80.7476,17.3223],[80.7281,17.3184],[80.7003,17.2972],[80.6761,17.2891],[80.6663,17.2773],[80.6315,17.2928],[80.6081,17.2839],[80.5829,17.2952],[80.576,17.2922]]]}},{"type":"Feature","properties":{"SUBDISTRICT":"Chennur","STATE":"Telangana","shapeID":"7132399B15102284222597","source":"geoBoundaries gbOpen IND ADM3 (ODbL 1.0); source: Local Government Directory lgdirectory.gov.in via Pathways Data","DISTRICT":null,"ELEV_MEAN_M":143.0,"ELEV_MIN_M":91.0,"ELEV_MAX_M":245.0,"PCT_BELOW_5M":0.0,"PCT_BELOW_10M":0.0},"geometry":{"type":"Polygon","coordinates":[[[79.6552,18.9609],[79.6694,18.9458],[79.6647,18.9083],[79.7066,18.9195],[79.6936,18.879],[79.702,18.8568],[79.6974,18.8458],[79.7162,18.8293],[79.7213,18.81],[79.6878,18.7646],[79.7131,18.6918],[79.75,18.6923],[79.7779,18.7031],[79.8103,18.726],[79.8258,18.7655],[79.8509,18.7899],[79.8508,18.81],[79.8309,18.8406],[79.8363,18.8688],[79.8483,18.8824],[79.8242,18.8998],[79.7915,18.9409],[79.7652,18.9313],[79.7221,18.9782],[79.6846,18.977],[79.6552,18.9609]]]}},{"type":"Feature","properties":{"SUBDISTRICT":"Raghunadhapalem","STATE":"Telangana","shapeID":"7132399B74831144514367","source":"geoBoundaries gbOpen IND ADM3 (ODbL 1.0); source: Local Government Directory lgdirectory.gov.in via Pathways Data","DISTRICT":null,"ELEV_MEAN_M":147.0,"ELEV_MIN_M":116.0,"ELEV_MAX_M":279.0,"PCT_BELOW_5M":0.0,"PCT_BELOW_10M":0.0},"geometry":{"type":"Polygon","coordinates":[[[80.1717,17.4084],[80.1875,17.3268],[80.1793,17.2862],[80.2009,17.2474],[80.2301,17.2321],[80.2478,17.2508],[80.2484,17.2726],[80.2656,17.2701],[80.3507,17.3436],[80.3453,17.3598],[80.3492,17.3769],[80.3424,17.3844],[80.3037,17.3869],[80.2839,17.3777],[80.2311,17.3809],[80.2216,17.3833],[80.1981,17.4102],[80.1819,17.4115],[80.1717,17.4084]]]}},{"type":"Feature","properties":{"SUBDISTRICT":"Mudigonda","STATE":"Telangana","shapeID":"7132399B64811811416208","source":"geoBoundaries gbOpen IND ADM3 (ODbL 1.0); source: Local Government Directory lgdirectory.gov.in via Pathways Data","DISTRICT":null,"ELEV_MEAN_M":104.9,"ELEV_MIN_M":69.0,"ELEV_MAX_M":163.0,"PCT_BELOW_5M":0.0,"PCT_BELOW_10M":0.0},"geometry":{"type":"Polygon","coordinates":[[[80.0185,17.1785],[80.0417,17.1577],[80.1149,17.1391],[80.1152,17.112],[80.128,17.0981],[80.1293,17.0822],[80.124,17.0654],[80.1265,17.0362],[80.1125,17.0148],[80.1141,16.9886],[80.1422,16.9927],[80.1508,17.0088],[80.1756,17.031],[80.1713,17.0467],[80.1816,17.0976],[80.1635,17.1939],[80.1434,17.1885],[80.1174,17.2074],[80.074,17.2139],[80.0561,17.2133],[80.0488,17.1953],[80.0267,17.197],[80.0234,17.1909],[80.0185,17.1785]]]}},{"type":"Feature","properties":{"SUBDISTRICT":"Nelakondapalli","STATE":"Telangana","shapeID":"7132399B72075805315591","source":"geoBoundaries gbOpen IND ADM3 (ODbL 1.0); source: Local Government Directory lgdirectory.gov.in via Pathways Data","DISTRICT":null,"ELEV_MEAN_M":110.9,"ELEV_MIN_M":78.0,"ELEV_MAX_M":147.0,"PCT_BELOW_5M":0.0,"PCT_BELOW_10M":0.0},"geometry":{"type":"Polygon","coordinates":[[[79.9793,17.1004],[79.9999,17.0694],[80.0578,17.0264],[80.0622,17.0173],[80.0516,17.0001],[80.0542,16.9725],[80.0926,16.9705],[80.096,16.9947],[80.1141,16.9886],[80.1125,17.0148],[80.1265,17.0362],[80.124,17.0654],[80.1293,17.0822],[80.128,17.0981],[80.1152,17.112],[80.1149,17.1391],[80.0417,17.1577],[80.0123,17.1801],[79.9961,17.1694],[79.9963,17.1307],[79.9857,17.1096],[79.9793,17.1004]]]}},{"type":"Feature","properties":{"SUBDISTRICT":"Chinthakani","STATE":"Telangana","shapeID":"7132399B72821091652822","source":"geoBoundaries gbOpen IND ADM3 (ODbL 1.0); source: Local Government Directory lgdirectory.gov.in via Pathways Data","DISTRICT":null,"ELEV_MEAN_M":108.1,"ELEV_MIN_M":73.0,"ELEV_MAX_M":170.0,"PCT_BELOW_5M":0.0,"PCT_BELOW_10M":0.0},"geometry":{"type":"Polygon","coordinates":[[[80.1635,17.1939],[80.1816,17.0976],[80.1713,17.0467],[80.1756,17.031],[80.1905,17.0522],[80.2026,17.0498],[80.2045,17.0331],[80.2443,17.0619],[80.2613,17.1013],[80.3145,17.1244],[80.2912,17.1516],[80.2581,17.1594],[80.2496,17.1713],[80.2469,17.2163],[80.2249,17.2388],[80.2141,17.2329],[80.2021,17.2022],[80.1743,17.1988],[80.1635,17.1939]]]}},{"type":"Feature","properties":{"SUBDISTRICT":"Bonakal","STATE":"Telangana","shapeID":"7132399B97121992399618","source":"geoBoundaries gbOpen IND ADM3 (ODbL 1.0); source: Local Government Directory lgdirectory.gov.in via Pathways Data","DISTRICT":null,"ELEV_MEAN_M":80.7,"ELEV_MIN_M":49.0,"ELEV_MAX_M":118.0,"PCT_BELOW_5M":0.0,"PCT_BELOW_10M":0.0},"geometry":{"type":"Polygon","coordinates":[[[80.204,17.0254],[80.2097,17.0205],[80.2263,17.027],[80.2442,17.0098],[80.2706,17.0181],[80.3099,16.9635],[80.3164,16.9315],[80.3418,16.946],[80.3573,17.0368],[80.3755,17.0641],[80.3407,17.0731],[80.3266,17.0839],[80.316,17.0697],[80.3115,17.0756],[80.3009,17.0749],[80.3112,17.1095],[80.3066,17.1174],[80.3139,17.1239],[80.2613,17.1013],[80.2443,17.0619],[80.2045,17.0331],[80.204,17.0254]]]}},{"type":"Feature","properties":{"SUBDISTRICT":"Tamsi","STATE":"Telangana","shapeID":"7132399B95887425871235","source":"geoBoundaries gbOpen IND ADM3 (ODbL 1.0); source: Local Government Directory lgdirectory.gov.in via Pathways Data","DISTRICT":null,"ELEV_MEAN_M":292.4,"ELEV_MIN_M":248.0,"ELEV_MAX_M":494.0,"PCT_BELOW_5M":0.0,"PCT_BELOW_10M":0.0},"geometry":{"type":"Polygon","coordinates":[[[78.3493,19.7281],[78.3892,19.7167],[78.3984,19.6984],[78.411,19.6911],[78.4335,19.6942],[78.4449,19.677],[78.4563,19.6897],[78.4708,19.6925],[78.4744,19.659],[78.4832,19.6978],[78.4628,19.7048],[78.4662,19.7135],[78.4817,19.7178],[78.502,19.7518],[78.4931,19.7647],[78.4846,19.7429],[78.4471,19.751],[78.4063,19.7401],[78.3629,19.7491],[78.3499,19.7332],[78.3493,19.7281]]]}},{"type":"Feature","properties":{"SUBDISTRICT":"Narsampet","STATE":"Telangana","shapeID":"7132399B33189391918133","source":"geoBoundaries gbOpen IND ADM3 (ODbL 1.0); source: Local Government Directory lgdirectory.gov.in via Pathways Data","DISTRICT":null,"ELEV_MEAN_M":244.0,"ELEV_MIN_M":111.0,"ELEV_MAX_M":326.0,"PCT_BELOW_5M":0.0,"PCT_BELOW_10M":0.0},"geometry":{"type":"Polygon","coordinates":[[[79.7947,17.9485],[79.7984,17.934],[79.8306,17.9232],[79.865,17.8922],[79.885,17.8981],[79.9012,17.9114],[79.9181,17.9484],[79.9194,17.9649],[79.9067,18.0063],[79.8891,18.0082],[79.8714,17.9887],[79.8528,18.0128],[79.8426,18.0126],[79.8331,17.9809],[79.8503,17.9697],[79.8488,17.9614],[79.8169,17.9493],[79.7952,17.9533],[79.7947,17.9485]]]}},{"type":"Feature","properties":{"SUBDISTRICT":"Khanapur","STATE":"Telangana","shapeID":"7132399B51302555167042","source":"geoBoundaries gbOpen IND ADM3 (ODbL 1.0); source: Local Government Directory lgdirectory.gov.in via Pathways Data","DISTRICT":null,"ELEV_MEAN_M":238.5,"ELEV_MIN_M":213.0,"ELEV_MAX_M":288.0,"PCT_BELOW_5M":0.0,"PCT_BELOW_10M":0.0},"geometry":{"type":"Polygon","coordinates":[[[79.8637,17.8819],[79.8657,17.8719],[79.8842,17.8522],[79.8987,17.848],[79.907,17.8375],[79.925,17.8495],[79.9316,17.8649],[79.9574,17.8586],[79.9617,17.8672],[79.958,17.8792],[79.9689,17.9361],[79.9588,17.9241],[79.9519,17.9333],[79.9676,17.9695],[79.9573,17.9694],[79.9626,18.0055],[79.9569,18.0131],[79.9092,18.0026],[79.9181,17.9484],[79.9012,17.9114],[79.885,17.8981],[79.865,17.8922],[79.8637,17.8819]]]}},{"type":"Feature","properties":{"SUBDISTRICT":"Gambhiraopet","STATE":"Telangana","shapeID":"7132399B70429653869904","source":"geoBoundaries gbOpen IND ADM3 (ODbL 1.0); source: Local Government Directory lgdirectory.gov.in via Pathways Data","DISTRICT":null,"ELEV_MEAN_M":446.0,"ELEV_MIN_M":381.0,"ELEV_MAX_M":571.0,"PCT_BELOW_5M":0.0,"PCT_BELOW_10M":0.0},"geometry":{"type":"Polygon","coordinates":[[[78.5226,18.285],[78.5566,18.261],[78.5686,18.2298],[78.5776,18.2247],[78.5939,18.2467],[78.647,18.2509],[78.6441,18.264],[78.6564,18.2983],[78.6469,18.313],[78.6168,18.3354],[78.6253,18.3611],[78.5478,18.4251],[78.5471,18.4113],[78.5662,18.3908],[78.5376,18.3908],[78.5341,18.3857],[78.5511,18.3384],[78.5421,18.3027],[78.5273,18.2921],[78.5226,18.285]]]}},{"type":"Feature","properties":{"SUBDISTRICT":"Peddamandadi","STATE":"Telangana","shapeID":"7132399B82167184480475","source":"geoBoundaries gbOpen IND ADM3 (ODbL 1.0); source: Local Government Directory lgdirectory.gov.in via Pathways Data","DISTRICT":null,"ELEV_MEAN_M":396.7,"ELEV_MIN_M":336.0,"ELEV_MAX_M":624.0,"PCT_BELOW_5M":0.0,"PCT_BELOW_10M":0.0},"geometry":{"type":"Polygon","coordinates":[[[77.8978,16.5178],[77.899,16.4756],[77.926,16.4594],[77.9291,16.4373],[77.944,16.4367],[77.9782,16.4107],[77.9749,16.3658],[78.0303,16.3679],[78.0322,16.3985],[78.04,16.4079],[78.0499,16.4111],[78.0694,16.4019],[78.0711,16.4167],[78.1031,16.4365],[78.1257,16.4632],[78.1065,16.4813],[78.1022,16.5143],[78.0962,16.512],[78.0878,16.5222],[78.0645,16.4913],[78.0485,16.489],[78.0352,16.4777],[78.011,16.481],[77.9834,16.5013],[77.9593,16.4875],[77.9385,16.4851],[77.9328,16.4728],[77.916,16.4851],[77.9205,16.5158],[77.8998,16.5218],[77.8978,16.5178]]]}},{"type":"Feature","properties":{"SUBDISTRICT":"Farooqnagar","STATE":"Telangana","shapeID":"7132399B49906405745806","source":"geoBoundaries gbOpen IND ADM3 (ODbL 1.0); source: Local Government Directory lgdirectory.gov.in via Pathways Data","DISTRICT":null,"ELEV_MEAN_M":627.8,"ELEV_MIN_M":568.0,"ELEV_MAX_M":693.0,"PCT_BELOW_5M":0.0,"PCT_BELOW_10M":0.0},"geometry":{"type":"Polygon","coordinates":[[[78.0495,17.0449],[78.0711,16.9958],[78.0965,17.0058],[78.1151,17.005],[78.1177,17.0216],[78.1259,17.026],[78.1884,17.0075],[78.1899,17.0002],[78.1662,16.9716],[78.1819,16.9591],[78.2332,16.9766],[78.251,16.9649],[78.2633,16.9739],[78.2541,17.0124],[78.2368,17.0103],[78.2318,17.0347],[78.2516,17.0418],[78.2647,17.0672],[78.2972,17.0729],[78.3055,17.1007],[78.281,17.0991],[78.2751,17.0906],[78.2533,17.0834],[78.2436,17.0978],[78.2063,17.0998],[78.1986,17.1054],[78.1925,17.1129],[78.1984,17.1245],[78.1821,17.1256],[78.1828,17.0999],[78.1322,17.1124],[78.1025,17.1014],[78.0905,17.1157],[78.0725,17.1039],[78.0697,17.0876],[78.0533,17.073],[78.0495,17.0525],[78.0495,17.0449]]]}},{"type":"Feature","properties":{"SUBDISTRICT":"Burgampahad","STATE":"Telangana","shapeID":"7132399B53368834522365","source":"geoBoundaries gbOpen IND ADM3 (ODbL 1.0); source: Local Government Directory lgdirectory.gov.in via Pathways Data","DISTRICT":null,"ELEV_MEAN_M":85.4,"ELEV_MIN_M":27.0,"ELEV_MAX_M":376.0,"PCT_BELOW_5M":0.0,"PCT_BELOW_10M":0.0},"geometry":{"type":"Polygon","coordinates":[[[80.7127,17.7422],[80.7137,17.7242],[80.7231,17.711],[80.7251,17.6591],[80.7432,17.6495],[80.8043,17.6291],[80.817,17.6286],[80.8265,17.6412],[80.832,17.6402],[80.8699,17.6163],[80.9196,17.6208],[80.9349,17.6077],[80.9479,17.6375],[80.9677,17.6443],[80.9602,17.6656],[80.9259,17.6702],[80.9232,17.647],[80.9099,17.6357],[80.8951,17.6462],[80.8915,17.6612],[80.8563,17.6624],[80.8407,17.6784],[80.8374,17.6949],[80.8557,17.7295],[80.8486,17.7947],[80.8274,17.7823],[80.8183,17.7546],[80.7743,17.7627],[80.7218,17.7529],[80.7127,17.7422]]]}},{"type":"Feature","properties":{"SUBDISTRICT":"Wyra","STATE":"Telangana","shapeID":"7132399B83599680070487","source":"geoBoundaries gbOpen IND ADM3 (ODbL 1.0); source: Local Government Directory lgdirectory.gov.in via Pathways Data","DISTRICT":null,"ELEV_MEAN_M":84.4,"ELEV_MIN_M":18.0,"ELEV_MAX_M":136.0,"PCT_BELOW_5M":0.0,"PCT_BELOW_10M":0.0},"geometry":{"type":"Polygon","coordinates":[[[80.3009,17.0749],[80.3115,17.0756],[80.316,17.0697],[80.3266,17.0839],[80.3407,17.0731],[80.3755,17.0641],[80.3986,17.0838],[80.4059,17.0815],[80.4312,17.1467],[80.4328,17.1571],[80.3862,17.1782],[80.3769,17.19],[80.3987,17.215],[80.3874,17.2575],[80.3809,17.2589],[80.3735,17.236],[80.3597,17.2279],[80.3588,17.1955],[80.3473,17.1837],[80.3434,17.1524],[80.3066,17.1174],[80.3112,17.1095],[80.3027,17.0861],[80.3009,17.0749]]]}},{"type":"Feature","properties":{"SUBDISTRICT":"Nereducherla","STATE":"Telangana","shapeID":"7132399B63198282255277","source":"geoBoundaries gbOpen IND ADM3 (ODbL 1.0); source: Local Government Directory lgdirectory.gov.in via Pathways Data","DISTRICT":null,"ELEV_MEAN_M":126.0,"ELEV_MIN_M":87.0,"ELEV_MAX_M":168.0,"PCT_BELOW_5M":0.0,"PCT_BELOW_10M":0.0},"geometry":{"type":"Polygon","coordinates":[[[79.594,16.9844],[79.5992,16.9594],[79.6072,16.963],[79.6038,16.9466],[79.61,16.9315],[79.6565,16.8483],[79.6928,16.8469],[79.7123,16.8797],[79.7055,16.8963],[79.695,16.8994],[79.6813,16.9464],[79.6799,16.9927],[79.6395,16.9985],[79.6285,17.0069],[79.5967,17.0019],[79.594,16.9844]]]}},{"type":"Feature","properties":{"SUBDISTRICT":"Bhupalpally","STATE":"Telangana","shapeID":"7132399B80901173822834","source":"geoBoundaries gbOpen IND ADM3 (ODbL 1.0); source: Local Government Directory lgdirectory.gov.in via Pathways Data","DISTRICT":null,"ELEV_MEAN_M":195.3,"ELEV_MIN_M":138.0,"ELEV_MAX_M":437.0,"PCT_BELOW_5M":0.0,"PCT_BELOW_10M":0.0},"geometry":{"type":"MultiPolygon","coordinates":[[[[79.7367,18.426],[79.7537,18.3999],[79.7885,18.3821],[79.7924,18.374],[79.7728,18.3375],[79.7946,18.3232],[79.8071,18.3263],[79.8188,18.3502],[79.8112,18.3677],[79.8131,18.3789],[79.843,18.3918],[79.8758,18.3902],[79.9084,18.3977],[79.9604,18.3828],[79.9939,18.3842],[80.0309,18.4008],[80.0247,18.4172],[80.0305,18.4427],[80.0397,18.4311],[80.0791,18.4279],[80.105,18.4576],[80.1166,18.4571],[80.119,18.4667],[80.0903,18.4681],[80.0851,18.477],[80.0527,18.482],[80.0861,18.5181],[80.0407,18.5162],[80.025,18.4688],[80.0088,18.4746],[79.9929,18.4904],[79.9701,18.4773],[79.9589,18.5072],[79.9141,18.5142],[79.8858,18.5106],[79.9073,18.47],[79.9256,18.4593],[79.9228,18.4243],[79.881,18.4446],[79.857,18.485],[79.8331,18.5006],[79.8125,18.489],[79.8287,18.4202],[79.8136,18.4186],[79.792,18.4309],[79.7723,18.4561],[79.7401,18.4383],[79.7367,18.426]]],[[[80.0767,18.3871],[80.0826,18.3598],[80.0925,18.3694],[80.129,18.3733],[80.1343,18.4012],[80.1528,18.398],[80.153,18.4134],[80.1435,18.4181],[80.0985,18.4316],[80.0838,18.4224],[80.0827,18.3923],[80.0767,18.3871]]]]}},{"type":"Feature","properties":{"SUBDISTRICT":"Kagaznagar","STATE":"Telangana","shapeID":"7132399B48338085076354","source":"geoBoundaries gbOpen IND ADM3 (ODbL 1.0); source: Local Government Directory lgdirectory.gov.in via Pathways Data","DISTRICT":null,"ELEV_MEAN_M":242.6,"ELEV_MIN_M":156.0,"ELEV_MAX_M":517.0,"PCT_BELOW_5M":0.0,"PCT_BELOW_10M":0.0},"geometry":{"type":"Polygon","coordinates":[[[79.3595,19.4812],[79.4028,19.4741],[79.4097,19.4677],[79.3958,19.4463],[79.3804,19.4565],[79.3708,19.4542],[79.3796,19.4326],[79.3726,19.4135],[79.3771,19.4007],[79.3722,19.3708],[79.4036,19.3617],[79.4092,19.3543],[79.4201,19.3551],[79.4431,19.3324],[79.4644,19.334],[79.4957,19.3494],[79.512,19.3488],[79.5026,19.3082],[79.535,19.3089],[79.5451,19.2835],[79.551,19.3043],[79.5426,19.3169],[79.5531,19.3442],[79.5666,19.3386],[79.5652,19.328],[79.5912,19.3157],[79.6443,19.3316],[79.6532,19.3512],[79.6494,19.3733],[79.6756,19.3574],[79.6857,19.3862],[79.7052,19.4115],[79.6964,19.4182],[79.6713,19.4107],[79.6243,19.4188],[79.612,19.4232],[79.6039,19.4417],[79.5785,19.4487],[79.5658,19.4318],[79.5488,19.4312],[79.5344,19.4366],[79.5225,19.4591],[79.4956,19.4686],[79.5037,19.4094],[79.4909,19.4092],[79.4761,19.4429],[79.4723,19.473],[79.4495,19.4983],[79.4477,19.5125],[79.4588,19.5259],[79.4377,19.537],[79.4198,19.5355],[79.4257,19.522],[79.4193,19.5142],[79.3626,19.5035],[79.36,19.4853],[79.3595,19.4812]]]}},{"type":"Feature","properties":{"SUBDISTRICT":"Asifabad","STATE":"Telangana","shapeID":"7132399B41719394949172","source":"geoBoundaries gbOpen IND ADM3 (ODbL 1.0); source: Local Government Directory lgdirectory.gov.in via Pathways Data","DISTRICT":null,"ELEV_MEAN_M":264.7,"ELEV_MIN_M":182.0,"ELEV_MAX_M":618.0,"PCT_BELOW_5M":0.0,"PCT_BELOW_10M":0.0},"geometry":{"type":"Polygon","coordinates":[[[79.0912,19.3425],[79.1042,19.3139],[79.1135,19.3206],[79.1278,19.3191],[79.1487,19.3004],[79.1576,19.3014],[79.175,19.3198],[79.2067,19.2948],[79.2246,19.2934],[79.2338,19.3012],[79.256,19.2909],[79.2814,19.2984],[79.2865,19.2864],[79.3084,19.2853],[79.3131,19.2776],[79.3142,19.2683],[79.2977,19.256],[79.2994,19.2446],[79.342,19.2643],[79.3554,19.2611],[79.3676,19.2731],[79.3695,19.2892],[79.3481,19.34],[79.3728,19.3509],[79.3706,19.3835],[79.3771,19.4007],[79.3726,19.4135],[79.3506,19.3932],[79.3236,19.4125],[79.3053,19.4072],[79.2794,19.4342],[79.2294,19.452],[79.2247,19.4664],[79.2083,19.4468],[79.2044,19.4196],[79.1895,19.3964],[79.1653,19.3917],[79.1792,19.3698],[79.1006,19.3475],[79.0912,19.3425]]]}},{"type":"Feature","properties":{"SUBDISTRICT":"Mattampally","STATE":"Telangana","shapeID":"7132399B34503842013010","source":"geoBoundaries gbOpen IND ADM3 (ODbL 1.0); source: Local Government Directory lgdirectory.gov.in via Pathways Data","DISTRICT":null,"ELEV_MEAN_M":87.3,"ELEV_MIN_M":35.0,"ELEV_MAX_M":127.0,"PCT_BELOW_5M":0.0,"PCT_BELOW_10M":0.0},"geometry":{"type":"Polygon","coordinates":[[[79.7419,16.8273],[79.7608,16.7995],[79.7589,16.7925],[79.7777,16.7877],[79.78,16.7784],[79.7628,16.7588],[79.7713,16.7343],[79.7916,16.7321],[79.8186,16.6978],[79.8838,16.7121],[79.9164,16.7562],[79.9164,16.7745],[79.9096,16.7828],[79.887,16.7903],[79.8833,16.822],[79.8674,16.8374],[79.854,16.8735],[79.8463,16.8771],[79.8175,16.8475],[79.8026,16.8471],[79.7869,16.8557],[79.7867,16.866],[79.7465,16.8552],[79.743,16.8428],[79.7419,16.8273]]]}},{"type":"Feature","properties":{"SUBDISTRICT":"Mellachervu","STATE":"Telangana","shapeID":"7132399B84862424282868","source":"geoBoundaries gbOpen IND ADM3 (ODbL 1.0); source: Local Government Directory lgdirectory.gov.in via Pathways Data","DISTRICT":null,"ELEV_MEAN_M":105.8,"ELEV_MIN_M":71.0,"ELEV_MAX_M":156.0,"PCT_BELOW_5M":0.0,"PCT_BELOW_10M":0.0},"geometry":{"type":"Polygon","coordinates":[[[79.8452,16.8831],[79.8581,16.8676],[79.8674,16.8374],[79.8833,16.822],[79.887,16.7903],[79.9096,16.7828],[79.9164,16.7676],[79.9414,16.7702],[79.9523,16.7993],[79.9672,16.8143],[79.9892,16.8076],[80.0089,16.8551],[80.0223,16.8603],[80.0,16.8706],[80.0111,16.8988],[79.9631,16.916],[79.9496,16.9338],[79.9407,16.9203],[79.9299,16.9166],[79.8798,16.9285],[79.8774,16.9083],[79.9021,16.8953],[79.9011,16.884],[79.8866,16.8795],[79.864,16.8906],[79.8503,16.8879],[79.8452,16.8831]]]}},{"type":"Feature","properties":{"SUBDISTRICT":"Adilabad Urban","STATE":"Telangana","shapeID":"7132399B19105201144494","source":"geoBoundaries gbOpen IND ADM3 (ODbL 1.0); source: Local Government Directory lgdirectory.gov.in via Pathways Data","DISTRICT":null,"ELEV_MEAN_M":251.2,"ELEV_MIN_M":229.0,"ELEV_MAX_M":277.0,"PCT_BELOW_5M":0.0,"PCT_BELOW_10M":0.0},"geometry":{"type":"Polygon","coordinates":[[[78.5075,19.7005],[78.5161,19.682],[78.5078,19.6783],[78.5086,19.6662],[78.5329,19.6564],[78.548,19.6576],[78.541,19.7035],[78.5303,19.7073],[78.5213,19.7001],[78.5081,19.7024],[78.5075,19.7005]]]}},{"type":"Feature","properties":{"SUBDISTRICT":"Huzurnagar","STATE":"Telangana","shapeID":"7132399B50527103409265","source":"geoBoundaries gbOpen IND ADM3 (ODbL 1.0); source: Local Government Directory lgdirectory.gov.in via Pathways Data","DISTRICT":null,"ELEV_MEAN_M":113.9,"ELEV_MIN_M":87.0,"ELEV_MAX_M":144.0,"PCT_BELOW_5M":0.0,"PCT_BELOW_10M":0.0},"geometry":{"type":"Polygon","coordinates":[[[79.7799,16.9117],[79.7847,16.906],[79.7804,16.8958],[79.789,16.8915],[79.7869,16.8557],[79.8026,16.8471],[79.8175,16.8475],[79.8356,16.8622],[79.8536,16.891],[79.8866,16.8795],[79.9011,16.884],[79.9021,16.8953],[79.8774,16.9083],[79.8819,16.9406],[79.8674,16.9457],[79.8452,16.9717],[79.8563,16.9889],[79.799,16.9791],[79.8019,16.9499],[79.7837,16.9157],[79.7799,16.9117]]]}},{"type":"Feature","properties":{"SUBDISTRICT":"Bhainsa","STATE":"Telangana","shapeID":"7132399B19069043900053","source":"geoBoundaries gbOpen IND ADM3 (ODbL 1.0); source: Local Government Directory lgdirectory.gov.in via Pathways Data","DISTRICT":null,"ELEV_MEAN_M":360.8,"ELEV_MIN_M":335.0,"ELEV_MAX_M":432.0,"PCT_BELOW_5M":0.0,"PCT_BELOW_10M":0.0},"geometry":{"type":"Polygon","coordinates":[[[77.8934,19.0415],[77.8999,19.0273],[77.9242,19.0285],[77.9733,19.0144],[78.019,19.0147],[78.0209,19.061],[78.0438,19.0497],[78.0749,19.0637],[78.0968,19.0869],[78.0936,19.095],[78.0811,19.1005],[78.0656,19.1006],[78.0583,19.1192],[78.034,19.1278],[78.0251,19.1475],[78.0321,19.1554],[78.0304,19.165],[78.006,19.1708],[78.005,19.1912],[77.9916,19.1965],[77.9846,19.1949],[77.9734,19.1598],[77.9864,19.1459],[77.9824,19.1344],[77.9401,19.1431],[77.927,19.1516],[77.916,19.135],[77.9194,19.1242],[77.9111,19.1233],[77.9067,19.0707],[77.8966,19.0682],[77.8937,19.0585],[77.8934,19.0415]]]}},{"type":"Feature","properties":{"SUBDISTRICT":"Nirmal U","STATE":"Telangana","shapeID":"7132399B83468566819594","source":"geoBoundaries gbOpen IND ADM3 (ODbL 1.0); source: Local Government Directory lgdirectory.gov.in via Pathways Data","DISTRICT":null,"ELEV_MEAN_M":331.4,"ELEV_MIN_M":215.0,"ELEV_MAX_M":368.0,"PCT_BELOW_5M":0.0,"PCT_BELOW_10M":0.0},"geometry":{"type":"Polygon","coordinates":[[[78.3105,19.0931],[78.3106,19.088],[78.3296,19.0795],[78.3297,19.0676],[78.3497,19.0621],[78.3604,19.0728],[78.3683,19.0709],[78.3699,19.0786],[78.3602,19.0838],[78.3578,19.1097],[78.347,19.1192],[78.3188,19.1131],[78.3109,19.0943],[78.3105,19.0931]]]}},{"type":"Feature","properties":{"SUBDISTRICT":"Kamepalli","STATE":"Telangana","shapeID":"7132399B81207218949622","source":"geoBoundaries gbOpen IND ADM3 (ODbL 1.0); source: Local Government Directory lgdirectory.gov.in via Pathways Data","DISTRICT":null,"ELEV_MEAN_M":163.1,"ELEV_MIN_M":133.0,"ELEV_MAX_M":342.0,"PCT_BELOW_5M":0.0,"PCT_BELOW_10M":0.0},"geometry":{"type":"Polygon","coordinates":[[[80.162,17.4077],[80.1981,17.4102],[80.2216,17.3833],[80.2635,17.3763],[80.294,17.3788],[80.3137,17.4021],[80.3333,17.4145],[80.3472,17.4397],[80.3486,17.4756],[80.3375,17.4837],[80.3028,17.4867],[80.2698,17.4786],[80.2465,17.4923],[80.2445,17.4753],[80.255,17.4669],[80.2212,17.4609],[80.1769,17.4244],[80.162,17.4077]]]}},{"type":"Feature","properties":{"SUBDISTRICT":"Wankidi","STATE":"Telangana","shapeID":"7132399B53596923560908","source":"geoBoundaries gbOpen IND ADM3 (ODbL 1.0); source: Local Government Directory lgdirectory.gov.in via Pathways Data","DISTRICT":null,"ELEV_MEAN_M":281.3,"ELEV_MIN_M":194.0,"ELEV_MAX_M":505.0,"PCT_BELOW_5M":0.0,"PCT_BELOW_10M":0.0},"geometry":{"type":"Polygon","coordinates":[[[79.2128,19.4936],[79.2266,19.4775],[79.2294,19.452],[79.2794,19.4342],[79.3053,19.4072],[79.3236,19.4125],[79.3506,19.3932],[79.3726,19.4135],[79.3796,19.4326],[79.3708,19.4542],[79.3804,19.4565],[79.3958,19.4463],[79.4097,19.4677],[79.4028,19.4741],[79.3595,19.4812],[79.3626,19.5035],[79.4193,19.5142],[79.4257,19.522],[79.4198,19.5355],[79.3773,19.5635],[79.3751,19.5732],[79.3357,19.5756],[79.3203,19.5674],[79.3108,19.592],[79.2498,19.6143],[79.243,19.6112],[79.2436,19.6013],[79.2561,19.5795],[79.2457,19.5613],[79.2426,19.5287],[79.214,19.5005],[79.2128,19.4936]]]}},{"type":"Feature","properties":{"SUBDISTRICT":"Bejjur","STATE":"Telangana","shapeID":"7132399B40433334662594","source":"geoBoundaries gbOpen IND ADM3 (ODbL 1.0); source: Local Government Directory lgdirectory.gov.in via Pathways Data","DISTRICT":null,"ELEV_MEAN_M":160.9,"ELEV_MIN_M":105.0,"ELEV_MAX_M":439.0,"PCT_BELOW_5M":0.0,"PCT_BELOW_10M":0.0},"geometry":{"type":"Polygon","coordinates":[[[79.6964,19.4182],[79.7235,19.3939],[79.7594,19.3902],[79.7637,19.364],[79.8002,19.364],[79.7916,19.3392],[79.8114,19.3202],[79.8374,19.3118],[79.848,19.2946],[79.8503,19.2991],[79.8622,19.295],[79.8814,19.2819],[79.8999,19.2977],[79.9332,19.2772],[79.9477,19.2793],[79.9686,19.3006],[79.9639,19.3376],[79.9737,19.3708],[79.9323,19.3824],[79.9016,19.3815],[79.901,19.4243],[79.8943,19.4463],[79.8813,19.4553],[79.8403,19.459],[79.8346,19.4669],[79.8146,19.4726],[79.8086,19.4835],[79.7909,19.4823],[79.7858,19.4762],[79.799,19.4546],[79.7934,19.4367],[79.7476,19.4541],[79.7329,19.4573],[79.7184,19.4521],[79.711,19.4576],[79.7031,19.4512],[79.6997,19.4259],[79.6964,19.4182]]]}},{"type":"Feature","properties":{"SUBDISTRICT":"Makloor","STATE":"Telangana","shapeID":"7132399B50076201503529","source":"geoBoundaries gbOpen IND ADM3 (ODbL 1.0); source: Local Government Directory lgdirectory.gov.in via Pathways Data","DISTRICT":null,"ELEV_MEAN_M":390.7,"ELEV_MIN_M":346.0,"ELEV_MAX_M":496.0,"PCT_BELOW_5M":0.0,"PCT_BELOW_10M":0.0},"geometry":{"type":"Polygon","coordinates":[[[78.0697,18.797],[78.0751,18.7729],[78.089,18.7843],[78.0934,18.7766],[78.1049,18.7482],[78.0877,18.7427],[78.1323,18.6845],[78.1402,18.7031],[78.1403,18.6912],[78.1592,18.6932],[78.1686,18.6671],[78.2039,18.6598],[78.2205,18.6768],[78.2192,18.6949],[78.2288,18.7054],[78.2123,18.7346],[78.2225,18.7471],[78.2248,18.7644],[78.2117,18.7806],[78.1918,18.7906],[78.1878,18.8021],[78.1359,18.8084],[78.1321,18.8261],[78.0784,18.8394],[78.0702,18.8086],[78.0697,18.797]]]}},{"type":"Feature","properties":{"SUBDISTRICT":"Jainoor","STATE":"Telangana","shapeID":"7132399B88727934880930","source":"geoBoundaries gbOpen IND ADM3 (ODbL 1.0); source: Local Government Directory lgdirectory.gov.in via Pathways Data","DISTRICT":null,"ELEV_MEAN_M":458.8,"ELEV_MIN_M":266.0,"ELEV_MAX_M":609.0,"PCT_BELOW_5M":0.0,"PCT_BELOW_10M":0.0},"geometry":{"type":"Polygon","coordinates":[[[78.8048,19.4005],[78.837,19.3925],[78.8431,19.3714],[78.9124,19.3335],[78.9331,19.3346],[78.938,19.3534],[78.9344,19.3606],[78.9229,19.3531],[78.9129,19.3654],[78.9404,19.3739],[78.9553,19.3681],[78.9688,19.3794],[78.9905,19.3796],[79.0145,19.4223],[79.031,19.4327],[79.0259,19.4519],[79.0326,19.4652],[79.0078,19.4885],[78.9788,19.5034],[78.9519,19.4843],[78.9317,19.4974],[78.9225,19.4944],[78.9031,19.4583],[78.8506,19.4291],[78.8297,19.4339],[78.8231,19.4099],[78.8073,19.403],[78.8048,19.4005]]]}},{"type":"Feature","properties":{"SUBDISTRICT":"Utnoor","STATE":"Telangana","shapeID":"7132399B94122699605822","source":"geoBoundaries gbOpen IND ADM3 (ODbL 1.0); source: Local Government Directory lgdirectory.gov.in via Pathways Data","DISTRICT":null,"ELEV_MEAN_M":428.6,"ELEV_MIN_M":263.0,"ELEV_MAX_M":636.0,"PCT_BELOW_5M":0.0,"PCT_BELOW_10M":0.0},"geometry":{"type":"Polygon","coordinates":[[[78.6654,19.4767],[78.6658,19.4342],[78.6774,19.4301],[78.673,19.4097],[78.7023,19.3976],[78.7148,19.4158],[78.7373,19.3791],[78.7643,19.3636],[78.7155,19.3077],[78.7183,19.3032],[78.7461,19.2927],[78.7903,19.246],[78.8279,19.25],[78.8596,19.291],[78.8817,19.2905],[78.8916,19.3062],[78.8854,19.3265],[78.8966,19.3429],[78.8431,19.3714],[78.837,19.3925],[78.8048,19.4005],[78.8231,19.4099],[78.8297,19.4339],[78.815,19.4437],[78.8011,19.4739],[78.7857,19.483],[78.7819,19.5092],[78.7539,19.5228],[78.7129,19.5244],[78.6888,19.5353],[78.6807,19.5301],[78.6831,19.5033],[78.6731,19.4882],[78.6654,19.4767]]]}},{"type":"Feature","properties":{"SUBDISTRICT":"Kathlapur","STATE":"Telangana","shapeID":"7132399B68600474535093","source":"geoBoundaries gbOpen IND ADM3 (ODbL 1.0); source: Local Government Directory lgdirectory.gov.in via Pathways Data","DISTRICT":null,"ELEV_MEAN_M":377.7,"ELEV_MIN_M":306.0,"ELEV_MAX_M":550.0,"PCT_BELOW_5M":0.0,"PCT_BELOW_10M":0.0},"geometry":{"type":"Polygon","coordinates":[[[78.6289,18.7356],[78.6422,18.7278],[78.643,18.6909],[78.6522,18.6598],[78.6651,18.6355],[78.6792,18.6253],[78.6751,18.6187],[78.7122,18.6299],[78.7666,18.6045],[78.7773,18.6053],[78.7569,18.6664],[78.7555,18.6908],[78.7414,18.7098],[78.7423,18.7248],[78.7343,18.7383],[78.7379,18.7507],[78.7527,18.7476],[78.75,18.7797],[78.7314,18.7748],[78.6827,18.7852],[78.6726,18.7638],[78.6493,18.7624],[78.637,18.7529],[78.6289,18.7356]]]}},{"type":"Feature","properties":{"SUBDISTRICT":"Keesara","STATE":"Telangana","shapeID":"7132399B72378910522275","source":"geoBoundaries gbOpen IND ADM3 (ODbL 1.0); source: Local Government Directory lgdirectory.gov.in via Pathways Data","DISTRICT":null,"ELEV_MEAN_M":545.2,"ELEV_MIN_M":490.0,"ELEV_MAX_M":632.0,"PCT_BELOW_5M":0.0,"PCT_BELOW_10M":0.0},"geometry":{"type":"Polygon","coordinates":[[[78.5818,17.5091],[78.5883,17.4704],[78.6009,17.4684],[78.6007,17.4531],[78.608,17.4434],[78.6202,17.4473],[78.6383,17.4667],[78.6864,17.4901],[78.7112,17.4886],[78.7134,17.5244],[78.6877,17.578],[78.6626,17.5733],[78.649,17.5786],[78.5867,17.5632],[78.5854,17.5223],[78.6111,17.5112],[78.6188,17.4978],[78.5853,17.5108],[78.5818,17.5091]]]}},{"type":"Feature","properties":{"SUBDISTRICT":"Pargi","STATE":"Telangana","shapeID":"7132399B44372879959918","source":"geoBoundaries gbOpen IND ADM3 (ODbL 1.0); source: Local Government Directory lgdirectory.gov.in via Pathways Data","DISTRICT":null,"ELEV_MEAN_M":613.4,"ELEV_MIN_M":505.0,"ELEV_MAX_M":724.0,"PCT_BELOW_5M":0.0,"PCT_BELOW_10M":0.0},"geometry":{"type":"Polygon","coordinates":[[[77.7667,17.2021],[77.7795,17.1777],[77.7877,17.1738],[77.7881,17.1536],[77.8057,17.1586],[77.8545,17.1447],[77.8773,17.1503],[77.8954,17.1381],[77.9091,17.1413],[77.9405,17.1109],[77.9517,17.0899],[77.9558,17.0974],[77.9906,17.1031],[77.9926,17.1269],[78.0095,17.1394],[77.9932,17.1619],[77.9855,17.1593],[77.9871,17.1684],[77.9622,17.1766],[77.9684,17.1894],[77.9644,17.2201],[77.9474,17.2338],[77.9324,17.237],[77.902,17.2701],[77.8325,17.2277],[77.7932,17.2306],[77.7892,17.2183],[77.772,17.2082],[77.7667,17.2021]]]}},{"type":"Feature","properties":{"SUBDISTRICT":"Nawabpet","STATE":"Telangana","shapeID":"7132399B43619884250360","source":"geoBoundaries gbOpen IND ADM3 (ODbL 1.0); source: Local Government Directory lgdirectory.gov.in via Pathways Data","DISTRICT":null,"ELEV_MEAN_M":619.3,"ELEV_MIN_M":553.0,"ELEV_MAX_M":676.0,"PCT_BELOW_5M":0.0,"PCT_BELOW_10M":0.0},"geometry":{"type":"Polygon","coordinates":[[[77.9679,16.8724],[77.9791,16.8699],[77.985,16.8787],[77.9962,16.8548],[77.9702,16.8365],[77.9695,16.8173],[77.9756,16.8067],[78.0352,16.7918],[78.0405,16.816],[78.0629,16.829],[78.0783,16.8544],[78.1013,16.8642],[78.0978,16.8847],[78.0734,16.9026],[78.0672,16.9246],[78.073,16.9525],[78.0923,16.9494],[78.1045,16.9544],[78.0697,16.9924],[78.064,17.0169],[78.0548,17.0121],[78.0277,17.013],[78.0042,17.0222],[77.9989,17.0177],[77.9983,16.9987],[77.9914,16.9942],[78.003,16.978],[77.9886,16.9599],[78.0142,16.9501],[78.0094,16.9348],[78.0168,16.9145],[78.0111,16.9017],[77.9698,16.8893],[77.9718,16.8803],[77.9679,16.8724]]]}},{"type":"Feature","properties":{"SUBDISTRICT":"Kalwakurthy","STATE":"Telangana","shapeID":"7132399B18615499588653","source":"geoBoundaries gbOpen IND ADM3 (ODbL 1.0); source: Local Government Directory lgdirectory.gov.in via Pathways Data","DISTRICT":null,"ELEV_MEAN_M":477.0,"ELEV_MIN_M":420.0,"ELEV_MAX_M":581.0,"PCT_BELOW_5M":0.0,"PCT_BELOW_10M":0.0},"geometry":{"type":"Polygon","coordinates":[[[78.3528,16.647],[78.3625,16.6298],[78.3743,16.6225],[78.3914,16.587],[78.4256,16.5673],[78.4618,16.5167],[78.4757,16.5172],[78.4806,16.5384],[78.4783,16.5501],[78.468,16.5565],[78.4729,16.5772],[78.5005,16.5745],[78.5111,16.5971],[78.5315,16.603],[78.5418,16.6269],[78.5177,16.6665],[78.5145,16.6833],[78.4805,16.715],[78.4738,16.7467],[78.464,16.7573],[78.4493,16.7603],[78.4406,16.7389],[78.4143,16.7265],[78.4139,16.7077],[78.3924,16.6977],[78.3866,16.6764],[78.3667,16.6826],[78.3538,16.6633],[78.3528,16.647]]]}},{"type":"Feature","properties":{"SUBDISTRICT":"Shabad","STATE":"Telangana","shapeID":"7132399B33459559788309","source":"geoBoundaries gbOpen IND ADM3 (ODbL 1.0); source: Local Government Directory lgdirectory.gov.in via Pathways Data","DISTRICT":null,"ELEV_MEAN_M":620.9,"ELEV_MIN_M":556.0,"ELEV_MAX_M":695.0,"PCT_BELOW_5M":0.0,"PCT_BELOW_10M":0.0},"geometry":{"type":"Polygon","coordinates":[[[78.0522,17.2014],[78.0554,17.1959],[78.0856,17.1951],[78.0985,17.1512],[78.0854,17.1254],[78.1025,17.1014],[78.1322,17.1124],[78.1828,17.0999],[78.18,17.1334],[78.1931,17.1461],[78.1719,17.156],[78.1734,17.171],[78.2139,17.1857],[78.2268,17.2061],[78.243,17.2063],[78.232,17.2245],[78.233,17.2486],[78.2259,17.253],[78.199,17.2396],[78.156,17.2326],[78.1642,17.2549],[78.155,17.2663],[78.1151,17.2632],[78.1004,17.2474],[78.0888,17.2511],[78.074,17.2336],[78.0571,17.2358],[78.0531,17.2061],[78.0522,17.2014]]]}},{"type":"Feature","properties":{"SUBDISTRICT":"Yedapally","STATE":"Telangana","shapeID":"7132399B23831857447786","source":"geoBoundaries gbOpen IND ADM3 (ODbL 1.0); source: Local Government Directory lgdirectory.gov.in via Pathways Data","DISTRICT":null,"ELEV_MEAN_M":385.2,"ELEV_MIN_M":358.0,"ELEV_MAX_M":506.0,"PCT_BELOW_5M":0.0,"PCT_BELOW_10M":0.0},"geometry":{"type":"Polygon","coordinates":[[[77.9269,18.6603],[77.9426,18.6484],[77.9516,18.6296],[77.9771,18.6138],[77.9878,18.6203],[78.0072,18.6126],[78.0244,18.6468],[78.0192,18.6788],[78.028,18.7001],[78.0403,18.7064],[77.9936,18.7176],[77.985,18.7038],[77.9485,18.7116],[77.9279,18.6678],[77.9269,18.6603]]]}},{"type":"Feature","properties":{"SUBDISTRICT":"Peddapalli","STATE":"Telangana","shapeID":"7132399B8185867675000","source":"geoBoundaries gbOpen IND ADM3 (ODbL 1.0); source: Local Government Directory lgdirectory.gov.in via Pathways Data","DISTRICT":null,"ELEV_MEAN_M":224.6,"ELEV_MIN_M":186.0,"ELEV_MAX_M":441.0,"PCT_BELOW_5M":0.0,"PCT_BELOW_10M":0.0},"geometry":{"type":"Polygon","coordinates":[[[79.2918,18.6725],[79.3137,18.6638],[79.3093,18.6148],[79.3318,18.596],[79.3595,18.5427],[79.3798,18.5497],[79.3887,18.523],[79.429,18.5214],[79.438,18.5226],[79.4413,18.538],[79.4622,18.5393],[79.4831,18.574],[79.4845,18.5925],[79.4721,18.6073],[79.4712,18.6336],[79.4488,18.6665],[79.4334,18.6794],[79.4095,18.6792],[79.3505,18.7002],[79.309,18.6948],[79.3053,18.6895],[79.2918,18.6725]]]}},{"type":"Feature","properties":{"SUBDISTRICT":"Thirumalagiri","STATE":"Telangana","shapeID":"7132399B65348641609277","source":"geoBoundaries gbOpen IND ADM3 (ODbL 1.0); source: Local Government Directory lgdirectory.gov.in via Pathways Data","DISTRICT":null,"ELEV_MEAN_M":256.5,"ELEV_MIN_M":230.0,"ELEV_MAX_M":298.0,"PCT_BELOW_5M":0.0,"PCT_BELOW_10M":0.0},"geometry":{"type":"Polygon","coordinates":[[[79.3436,17.5179],[79.3438,17.5064],[79.3838,17.4707],[79.4032,17.4447],[79.4136,17.4536],[79.4151,17.4636],[79.4228,17.4567],[79.4323,17.4661],[79.4469,17.4596],[79.4696,17.4639],[79.4913,17.446],[79.4943,17.4586],[79.5107,17.4645],[79.5267,17.4884],[79.5523,17.4922],[79.5385,17.5238],[79.5236,17.5126],[79.5187,17.4952],[79.4921,17.5009],[79.4683,17.5157],[79.4217,17.5156],[79.3971,17.5003],[79.3449,17.5213],[79.3436,17.5179]]]}},{"type":"Feature","properties":{"SUBDISTRICT":"Armoor","STATE":"Telangana","shapeID":"7132399B43120519919755","source":"geoBoundaries gbOpen IND ADM3 (ODbL 1.0); source: Local Government Directory lgdirectory.gov.in via Pathways Data","DISTRICT":null,"ELEV_MEAN_M":358.7,"ELEV_MIN_M":328.0,"ELEV_MAX_M":454.0,"PCT_BELOW_5M":0.0,"PCT_BELOW_10M":0.0},"geometry":{"type":"Polygon","coordinates":[[[78.1798,18.8477],[78.1904,18.8253],[78.1871,18.8045],[78.1918,18.7906],[78.2352,18.7659],[78.2539,18.7457],[78.271,18.7438],[78.2783,18.7577],[78.3091,18.7766],[78.3195,18.7755],[78.3204,18.7551],[78.3356,18.7486],[78.3465,18.7649],[78.3392,18.7849],[78.3384,18.8188],[78.322,18.8251],[78.3045,18.8515],[78.2896,18.9103],[78.293,18.9236],[78.2833,18.932],[78.2729,18.9346],[78.2591,18.9153],[78.2326,18.908],[78.2362,18.8709],[78.2211,18.8671],[78.2037,18.8747],[78.1804,18.8542],[78.1798,18.8477]]]}},{"type":"Feature","properties":{"SUBDISTRICT":"Yellareddipet","STATE":"Telangana","shapeID":"7132399B16043560474320","source":"geoBoundaries gbOpen IND ADM3 (ODbL 1.0); source: Local Government Directory lgdirectory.gov.in via Pathways Data","DISTRICT":null,"ELEV_MEAN_M":388.2,"ELEV_MIN_M":331.0,"ELEV_MAX_M":509.0,"PCT_BELOW_5M":0.0,"PCT_BELOW_10M":0.0},"geometry":{"type":"Polygon","coordinates":[[[78.5704,18.4074],[78.6208,18.3675],[78.6255,18.3528],[78.6168,18.3354],[78.6469,18.313],[78.6564,18.2983],[78.6887,18.3007],[78.6799,18.333],[78.7097,18.3451],[78.7385,18.341],[78.7438,18.3164],[78.7565,18.3108],[78.7615,18.3815],[78.7479,18.4028],[78.746,18.4186],[78.7093,18.4303],[78.684,18.4307],[78.6767,18.4423],[78.6353,18.4343],[78.624,18.4204],[78.5998,18.4231],[78.575,18.4117],[78.5704,18.4074]]]}},{"type":"Feature","properties":{"SUBDISTRICT":"Mutharam (Manthani)","STATE":"Telangana","shapeID":"7132399B11698021058760","source":"geoBoundaries gbOpen IND ADM3 (ODbL 1.0); source: Local Government Directory lgdirectory.gov.in via Pathways Data","DISTRICT":null,"ELEV_MEAN_M":186.1,"ELEV_MIN_M":144.0,"ELEV_MAX_M":304.0,"PCT_BELOW_5M":0.0,"PCT_BELOW_10M":0.0},"geometry":{"type":"Polygon","coordinates":[[[79.564,18.5654],[79.5802,18.5503],[79.5809,18.5274],[79.5959,18.512],[79.5971,18.4703],[79.6381,18.4773],[79.6596,18.4731],[79.7093,18.5602],[79.6954,18.59],[79.6749,18.592],[79.6559,18.6089],[79.6352,18.5916],[79.6274,18.5666],[79.5769,18.5792],[79.5641,18.5658],[79.564,18.5654]]]}},{"type":"Feature","properties":{"SUBDISTRICT":"Nagarkurnool","STATE":"Telangana","shapeID":"7132399B50312882538815","source":"geoBoundaries gbOpen IND ADM3 (ODbL 1.0); source: Local Government Directory lgdirectory.gov.in via Pathways Data","DISTRICT":null,"ELEV_MEAN_M":476.7,"ELEV_MIN_M":436.0,"ELEV_MAX_M":556.0,"PCT_BELOW_5M":0.0,"PCT_BELOW_10M":0.0},"geometry":{"type":"Polygon","coordinates":[[[78.1918,16.4276],[78.1919,16.412],[78.198,16.4061],[78.2307,16.4145],[78.2564,16.4076],[78.2653,16.4127],[78.2963,16.3999],[78.3039,16.389],[78.3027,16.3667],[78.312,16.3558],[78.331,16.3713],[78.3288,16.3879],[78.3636,16.3853],[78.3746,16.3931],[78.3694,16.4108],[78.3347,16.4297],[78.342,16.4436],[78.357,16.4449],[78.3769,16.4648],[78.3712,16.4855],[78.3755,16.4946],[78.4099,16.5069],[78.4093,16.5307],[78.3737,16.538],[78.374,16.5207],[78.3638,16.5018],[78.3338,16.503],[78.3251,16.5267],[78.2939,16.5207],[78.2858,16.512],[78.2612,16.5231],[78.226,16.4905],[78.2205,16.4537],[78.224,16.4322],[78.2159,16.4309],[78.1918,16.4276]]]}},{"type":"Feature","properties":{"SUBDISTRICT":"Ibrahimpatnam","STATE":"Telangana","shapeID":"7132399B18399805744446","source":"geoBoundaries gbOpen IND ADM3 (ODbL 1.0); source: Local Government Directory lgdirectory.gov.in via Pathways Data","DISTRICT":null,"ELEV_MEAN_M":301.4,"ELEV_MIN_M":246.0,"ELEV_MAX_M":438.0,"PCT_BELOW_5M":0.0,"PCT_BELOW_10M":0.0},"geometry":{"type":"Polygon","coordinates":[[[78.5224,18.9152],[78.5459,18.8761],[78.5587,18.8023],[78.5894,18.824],[78.592,18.8415],[78.6031,18.8569],[78.6007,18.877],[78.635,18.8825],[78.6434,18.8901],[78.6435,18.9499],[78.6185,18.9665],[78.6139,18.9796],[78.5914,18.9879],[78.5625,18.9744],[78.5275,18.93],[78.5224,18.9152]]]}},{"type":"Feature","properties":{"SUBDISTRICT":"Devaruppula","STATE":"Telangana","shapeID":"7132399B84902590452138","source":"geoBoundaries gbOpen IND ADM3 (ODbL 1.0); source: Local Government Directory lgdirectory.gov.in via Pathways Data","DISTRICT":null,"ELEV_MEAN_M":291.0,"ELEV_MIN_M":251.0,"ELEV_MAX_M":497.0,"PCT_BELOW_5M":0.0,"PCT_BELOW_10M":0.0},"geometry":{"type":"Polygon","coordinates":[[[79.2181,17.5852],[79.2266,17.5638],[79.2517,17.5601],[79.2685,17.5806],[79.2751,17.5786],[79.2886,17.5574],[79.3078,17.5557],[79.313,17.5499],[79.3184,17.5292],[79.4035,17.5],[79.4008,17.564],[79.4131,17.6003],[79.3957,17.6131],[79.3862,17.6545],[79.3662,17.657],[79.3728,17.6802],[79.367,17.6895],[79.342,17.6787],[79.3377,17.6695],[79.3036,17.6799],[79.2994,17.6758],[79.309,17.6458],[79.2932,17.6221],[79.2713,17.6086],[79.2674,17.6134],[79.2458,17.6127],[79.2329,17.5982],[79.2181,17.5852]]]}},{"type":"Feature","properties":{"SUBDISTRICT":"Bazarhatnoor","STATE":"Telangana","shapeID":"7132399B87472967223393","source":"geoBoundaries gbOpen IND ADM3 (ODbL 1.0); source: Local Government Directory lgdirectory.gov.in via Pathways Data","DISTRICT":null,"ELEV_MEAN_M":488.4,"ELEV_MIN_M":389.0,"ELEV_MAX_M":641.0,"PCT_BELOW_5M":0.0,"PCT_BELOW_10M":0.0},"geometry":{"type":"Polygon","coordinates":[[[78.2837,19.559],[78.2996,19.5382],[78.304,19.505],[78.3167,19.4802],[78.3136,19.4574],[78.2958,19.4498],[78.3042,19.4322],[78.3456,19.429],[78.3748,19.4043],[78.4102,19.3962],[78.4261,19.4218],[78.4248,19.45],[78.4422,19.4756],[78.4656,19.4867],[78.4621,19.5085],[78.4448,19.511],[78.4392,19.5504],[78.3731,19.552],[78.3559,19.5752],[78.3303,19.578],[78.3147,19.5875],[78.3158,19.5726],[78.3011,19.5592],[78.2879,19.5605],[78.2837,19.559]]]}},{"type":"Feature","properties":{"SUBDISTRICT":"Bheempur","STATE":"Telangana","shapeID":"7132399B22236441049951","source":"geoBoundaries gbOpen IND ADM3 (ODbL 1.0); source: Local Government Directory lgdirectory.gov.in via Pathways Data","DISTRICT":null,"ELEV_MEAN_M":259.9,"ELEV_MIN_M":208.0,"ELEV_MAX_M":499.0,"PCT_BELOW_5M":0.0,"PCT_BELOW_10M":0.0},"geometry":{"type":"Polygon","coordinates":[[[78.2987,19.85],[78.3436,19.8397],[78.3438,19.814],[78.3652,19.8063],[78.3724,19.7817],[78.3629,19.7491],[78.4063,19.7401],[78.4471,19.751],[78.4846,19.7429],[78.4931,19.7647],[78.484,19.7697],[78.4709,19.8002],[78.4798,19.817],[78.4334,19.8237],[78.4024,19.8369],[78.3906,19.8532],[78.3888,19.8797],[78.3409,19.8836],[78.3299,19.8909],[78.3276,19.8954],[78.3392,19.9047],[78.333,19.9165],[78.3122,19.9089],[78.2988,19.856],[78.2987,19.85]]]}},{"type":"Feature","properties":{"SUBDISTRICT":"Mavala","STATE":"Telangana","shapeID":"7132399B67428146384662","source":"geoBoundaries gbOpen IND ADM3 (ODbL 1.0); source: Local Government Directory lgdirectory.gov.in via Pathways Data","DISTRICT":null,"ELEV_MEAN_M":284.2,"ELEV_MIN_M":244.0,"ELEV_MAX_M":504.0,"PCT_BELOW_5M":0.0,"PCT_BELOW_10M":0.0},"geometry":{"type":"MultiPolygon","coordinates":[[[[78.4392,19.5504],[78.46,19.5575],[78.4682,19.5817],[78.4534,19.5838],[78.443,19.565],[78.4392,19.5504]]],[[[78.4727,19.6613],[78.4816,19.6465],[78.4854,19.6185],[78.5211,19.6188],[78.5325,19.6567],[78.5086,19.6662],[78.5078,19.6783],[78.5161,19.682],[78.5083,19.6951],[78.4832,19.6978],[78.4744,19.659],[78.4727,19.6613]]]]}},{"type":"Feature","properties":{"SUBDISTRICT":"Aidilabad Rural","STATE":"Telangana","shapeID":"7132399B46058543246224","source":"geoBoundaries gbOpen IND ADM3 (ODbL 1.0); source: Local Government Directory lgdirectory.gov.in via Pathways Data","DISTRICT":null,"ELEV_MEAN_M":323.7,"ELEV_MIN_M":218.0,"ELEV_MAX_M":618.0,"PCT_BELOW_5M":0.0,"PCT_BELOW_10M":0.0},"geometry":{"type":"Polygon","coordinates":[[[78.4628,19.7048],[78.48,19.6963],[78.5074,19.695],[78.5112,19.7045],[78.5213,19.7001],[78.5278,19.7069],[78.541,19.7035],[78.548,19.6576],[78.5287,19.6518],[78.5148,19.5748],[78.5801,19.5726],[78.599,19.5622],[78.6334,19.5814],[78.6815,19.5464],[78.7181,19.5557],[78.7273,19.5847],[78.7667,19.5821],[78.7842,19.5987],[78.7831,19.6043],[78.7685,19.6033],[78.6977,19.6318],[78.664,19.6336],[78.6596,19.6272],[78.6473,19.6261],[78.6262,19.6391],[78.6382,19.6561],[78.6341,19.6796],[78.6163,19.6986],[78.5877,19.7067],[78.5838,19.7342],[78.5646,19.751],[78.5248,19.751],[78.5089,19.7628],[78.4977,19.7618],[78.502,19.7518],[78.4817,19.7178],[78.4654,19.7114],[78.4628,19.7048]]]}},{"type":"Feature","properties":{"SUBDISTRICT":"Gadiguda","STATE":"Telangana","shapeID":"7132399B10679805821500","source":"geoBoundaries gbOpen IND ADM3 (ODbL 1.0); source: Local Government Directory lgdirectory.gov.in via Pathways Data","DISTRICT":null,"ELEV_MEAN_M":245.4,"ELEV_MIN_M":239.0,"ELEV_MAX_M":251.0,"PCT_BELOW_5M":0.0,"PCT_BELOW_10M":0.0},"geometry":{"type":"Polygon","coordinates":[[[78.7702,19.69],[78.771,19.679],[78.7705,19.6866],[78.7702,19.69]]]}},{"type":"Feature","properties":{"SUBDISTRICT":"Sirikonda","STATE":"Telangana","shapeID":"7132399B22184967188520","source":"geoBoundaries gbOpen IND ADM3 (ODbL 1.0); source: Local Government Directory lgdirectory.gov.in via Pathways Data","DISTRICT":null,"ELEV_MEAN_M":375.4,"ELEV_MIN_M":267.0,"ELEV_MAX_M":529.0,"PCT_BELOW_5M":0.0,"PCT_BELOW_10M":0.0},"geometry":{"type":"Polygon","coordinates":[[[78.4984,19.4425],[78.5088,19.4269],[78.526,19.4245],[78.5449,19.4377],[78.5583,19.4255],[78.5415,19.42],[78.5454,19.4043],[78.5525,19.4001],[78.5476,19.3946],[78.5549,19.3795],[78.5758,19.3674],[78.5566,19.3259],[78.5792,19.3133],[78.57,19.3046],[78.5744,19.3002],[78.6072,19.2989],[78.615,19.2928],[78.618,19.324],[78.6274,19.315],[78.6495,19.3163],[78.7073,19.3418],[78.7153,19.3392],[78.7155,19.3077],[78.7643,19.3636],[78.7373,19.3791],[78.7148,19.4158],[78.7023,19.3976],[78.673,19.4097],[78.6774,19.4301],[78.6481,19.4325],[78.6313,19.4465],[78.6254,19.4396],[78.6081,19.4446],[78.6025,19.4528],[78.5909,19.4523],[78.5888,19.4733],[78.6141,19.4949],[78.6068,19.5114],[78.5994,19.4934],[78.5835,19.4952],[78.5749,19.4839],[78.5584,19.4912],[78.5458,19.4758],[78.5506,19.4634],[78.5747,19.4482],[78.5107,19.4571],[78.4986,19.4446],[78.4984,19.4425]]]}},{"type":"Feature","properties":{"SUBDISTRICT":"Ellandakunta","STATE":"Telangana","shapeID":"7132399B2457441690354","source":"geoBoundaries gbOpen IND ADM3 (ODbL 1.0); source: Local Government Directory lgdirectory.gov.in via Pathways Data","DISTRICT":null,"ELEV_MEAN_M":219.5,"ELEV_MIN_M":195.0,"ELEV_MAX_M":256.0,"PCT_BELOW_5M":0.0,"PCT_BELOW_10M":0.0},"geometry":{"type":"Polygon","coordinates":[[[79.4957,18.2734],[79.5101,18.257],[79.5092,18.2152],[79.5226,18.2261],[79.5427,18.2281],[79.5532,18.2396],[79.5556,18.2573],[79.5655,18.2509],[79.5929,18.2496],[79.5759,18.2798],[79.5726,18.3002],[79.5738,18.3114],[79.5828,18.3146],[79.5846,18.3227],[79.58,18.331],[79.5867,18.3515],[79.582,18.3709],[79.5548,18.3612],[79.5333,18.3644],[79.5247,18.351],[79.5275,18.3349],[79.51,18.3025],[79.5015,18.3008],[79.5069,18.2884],[79.4962,18.2735],[79.4957,18.2734]]]}},{"type":"Feature","properties":{"SUBDISTRICT":"Karimnagar","STATE":"Telangana","shapeID":"7132399B42962188488092","source":"geoBoundaries gbOpen IND ADM3 (ODbL 1.0); source: Local Government Directory lgdirectory.gov.in via Pathways Data","DISTRICT":null,"ELEV_MEAN_M":260.5,"ELEV_MIN_M":235.0,"ELEV_MAX_M":335.0,"PCT_BELOW_5M":0.0,"PCT_BELOW_10M":0.0},"geometry":{"type":"Polygon","coordinates":[[[79.1174,18.4766],[79.1233,18.4646],[79.1192,18.4568],[79.1491,18.4529],[79.1452,18.4445],[79.1524,18.4389],[79.1572,18.4413],[79.1982,18.4178],[79.2408,18.4301],[79.2454,18.4346],[79.2378,18.4474],[79.2375,18.4684],[79.2229,18.512],[79.2099,18.5253],[79.1908,18.5178],[79.1636,18.5171],[79.1502,18.5044],[79.131,18.5068],[79.1206,18.4783],[79.1174,18.4766]]]}},{"type":"Feature","properties":{"SUBDISTRICT":"Kothapally","STATE":"Telangana","shapeID":"7132399B25401574804481","source":"geoBoundaries gbOpen IND ADM3 (ODbL 1.0); source: Local Government Directory lgdirectory.gov.in via Pathways Data","DISTRICT":null,"ELEV_MEAN_M":289.7,"ELEV_MIN_M":273.0,"ELEV_MAX_M":377.0,"PCT_BELOW_5M":0.0,"PCT_BELOW_10M":0.0},"geometry":{"type":"Polygon","coordinates":[[[78.9825,18.4285],[78.9946,18.4385],[79.0201,18.4223],[78.9963,18.4064],[78.9846,18.4139],[78.9992,18.3935],[79.0255,18.3812],[79.0713,18.4106],[79.0824,18.409],[79.0853,18.4148],[79.078,18.4229],[79.0913,18.4282],[79.103,18.4428],[79.1127,18.4403],[79.1233,18.4646],[79.1051,18.4876],[79.0807,18.4896],[79.0549,18.4545],[79.0367,18.4617],[78.991,18.4549],[78.9831,18.4301],[78.9825,18.4285]]]}},{"type":"Feature","properties":{"SUBDISTRICT":"Ganneruvaram","STATE":"Telangana","shapeID":"7132399B2612085017567","source":"geoBoundaries gbOpen IND ADM3 (ODbL 1.0); source: Local Government Directory lgdirectory.gov.in via Pathways Data","DISTRICT":null,"ELEV_MEAN_M":291.8,"ELEV_MIN_M":274.0,"ELEV_MAX_M":350.0,"PCT_BELOW_5M":0.0,"PCT_BELOW_10M":0.0},"geometry":{"type":"Polygon","coordinates":[[[79.025,18.3724],[79.0324,18.3561],[79.0298,18.3287],[79.0718,18.3368],[79.0834,18.3107],[79.0711,18.2957],[79.0978,18.2844],[79.1206,18.2808],[79.1247,18.2968],[79.1147,18.3131],[79.165,18.3504],[79.1543,18.3686],[79.1038,18.3888],[79.0792,18.4109],[79.0254,18.3803],[79.025,18.3724]]]}},{"type":"Feature","properties":{"SUBDISTRICT":"Beerpur","STATE":"Telangana","shapeID":"7132399B35966624785919","source":"geoBoundaries gbOpen IND ADM3 (ODbL 1.0); source: Local Government Directory lgdirectory.gov.in via Pathways Data","DISTRICT":null,"ELEV_MEAN_M":211.9,"ELEV_MIN_M":171.0,"ELEV_MAX_M":486.0,"PCT_BELOW_5M":0.0,"PCT_BELOW_10M":0.0},"geometry":{"type":"Polygon","coordinates":[[[78.8719,19.0414],[78.8802,19.0233],[78.8901,19.0179],[78.9237,19.0167],[78.9199,19.0083],[78.9323,19.0061],[78.9469,18.9779],[78.9676,18.9827],[78.9807,18.9739],[78.9831,18.9616],[79.0104,18.952],[79.0059,18.9684],[79.0156,19.0031],[79.0108,19.0056],[79.0069,19.0664],[78.9556,19.0714],[78.9339,19.0591],[78.9108,19.0334],[78.8772,19.0385],[78.8719,19.0414]]]}},{"type":"Feature","properties":{"SUBDISTRICT":"Buggaram","STATE":"Telangana","shapeID":"7132399B32495948561462","source":"geoBoundaries gbOpen IND ADM3 (ODbL 1.0); source: Local Government Directory lgdirectory.gov.in via Pathways Data","DISTRICT":null,"ELEV_MEAN_M":217.9,"ELEV_MIN_M":168.0,"ELEV_MAX_M":425.0,"PCT_BELOW_5M":0.0,"PCT_BELOW_10M":0.0},"geometry":{"type":"Polygon","coordinates":[[[78.9915,18.901],[79.0198,18.8631],[79.02,18.8521],[79.0059,18.8278],[79.0311,18.8174],[79.0356,18.8342],[79.0452,18.8391],[79.0716,18.8347],[79.0813,18.8485],[79.1021,18.841],[79.1252,18.8499],[79.1359,18.8409],[79.1502,18.857],[79.1404,18.8782],[79.1343,18.8766],[79.1384,18.8906],[79.1011,18.9023],[79.0833,18.8748],[79.0721,18.8717],[79.0678,18.8897],[79.0771,18.9211],[79.0478,18.9181],[79.0339,18.9038],[79.0104,18.8983],[78.9915,18.901]]]}},{"type":"Feature","properties":{"SUBDISTRICT":"Jagitial Rural","STATE":"Telangana","shapeID":"7132399B28665455781731","source":"geoBoundaries gbOpen IND ADM3 (ODbL 1.0); source: Local Government Directory lgdirectory.gov.in via Pathways Data","DISTRICT":null,"ELEV_MEAN_M":279.5,"ELEV_MIN_M":167.0,"ELEV_MAX_M":483.0,"PCT_BELOW_5M":0.0,"PCT_BELOW_10M":0.0},"geometry":{"type":"MultiPolygon","coordinates":[[[[78.8333,18.8128],[78.8469,18.7578],[78.8621,18.7524],[78.8738,18.7392],[78.896,18.7546],[78.8988,18.7662],[78.8702,18.7746],[78.8691,18.7871],[78.8902,18.8065],[78.9148,18.8127],[78.918,18.8275],[78.9364,18.8492],[78.8946,18.8633],[78.8817,18.843],[78.842,18.8433],[78.8355,18.8219],[78.8333,18.8128]]],[[[78.9023,18.7508],[78.9098,18.7304],[78.9255,18.727],[78.9447,18.7372],[78.9522,18.7545],[78.9782,18.7664],[78.9956,18.7874],[78.9937,18.8121],[79.0123,18.8341],[79.0198,18.8631],[78.9893,18.9079],[78.9686,18.9105],[78.9659,18.904],[78.9765,18.8796],[78.9729,18.8686],[78.9597,18.865],[78.9453,18.8806],[78.9358,18.8536],[78.9402,18.8282],[78.9338,18.8191],[78.9343,18.8032],[78.9579,18.8014],[78.9569,18.796],[78.9338,18.779],[78.9264,18.7812],[78.9202,18.7634],[78.9086,18.7523],[78.9023,18.7508]]]]}},{"type":"Feature","properties":{"SUBDISTRICT":"Tekumatla","STATE":"Telangana","shapeID":"7132399B87220242644563","source":"geoBoundaries gbOpen IND ADM3 (ODbL 1.0); source: Local Government Directory lgdirectory.gov.in via Pathways Data","DISTRICT":null,"ELEV_MEAN_M":186.7,"ELEV_MIN_M":151.0,"ELEV_MAX_M":341.0,"PCT_BELOW_5M":0.0,"PCT_BELOW_10M":0.0},"geometry":{"type":"Polygon","coordinates":[[[79.5797,18.4255],[79.5858,18.409],[79.5805,18.3854],[79.5865,18.349],[79.5951,18.3615],[79.6139,18.3662],[79.625,18.36],[79.6426,18.3668],[79.6414,18.3543],[79.6503,18.344],[79.6606,18.3499],[79.6735,18.37],[79.6667,18.398],[79.6562,18.4015],[79.657,18.4089],[79.6776,18.4131],[79.6885,18.4262],[79.6616,18.4346],[79.6659,18.4569],[79.6596,18.4731],[79.6381,18.4773],[79.5971,18.4703],[79.5958,18.4473],[79.5863,18.4333],[79.5797,18.4255]]]}},{"type":"Feature","properties":{"SUBDISTRICT":"Palimela","STATE":"Telangana","shapeID":"7132399B23764251788360","source":"geoBoundaries gbOpen IND ADM3 (ODbL 1.0); source: Local Government Directory lgdirectory.gov.in via Pathways Data","DISTRICT":null,"ELEV_MEAN_M":128.9,"ELEV_MIN_M":68.0,"ELEV_MAX_M":385.0,"PCT_BELOW_5M":0.0,"PCT_BELOW_10M":0.0},"geometry":{"type":"Polygon","coordinates":[[[80.1019,18.6774],[80.1056,18.6161],[80.1341,18.6345],[80.1667,18.5967],[80.2385,18.5784],[80.2485,18.5704],[80.2715,18.5889],[80.3441,18.5953],[80.3037,18.6902],[80.2852,18.7155],[80.2748,18.7224],[80.254,18.7058],[80.2326,18.7006],[80.2151,18.7049],[80.1962,18.68],[80.1782,18.6818],[80.1653,18.7003],[80.1095,18.677],[80.1019,18.6774]]]}},{"type":"Feature","properties":{"SUBDISTRICT":"Khammam Urban","STATE":"Telangana","shapeID":"7132399B25015225154310","source":"geoBoundaries gbOpen IND ADM3 (ODbL 1.0); source: Local Government Directory lgdirectory.gov.in via Pathways Data","DISTRICT":null,"ELEV_MEAN_M":122.2,"ELEV_MIN_M":74.0,"ELEV_MAX_M":170.0,"PCT_BELOW_5M":0.0,"PCT_BELOW_10M":0.0},"geometry":{"type":"Polygon","coordinates":[[[80.0911,17.2767],[80.0997,17.2708],[80.0984,17.2528],[80.1164,17.2447],[80.1108,17.2426],[80.1149,17.2306],[80.0978,17.2349],[80.0993,17.23],[80.1279,17.1956],[80.1434,17.1885],[80.2021,17.2022],[80.2201,17.2387],[80.2009,17.2474],[80.1793,17.2862],[80.1875,17.3268],[80.1799,17.3284],[80.1675,17.3109],[80.1504,17.3146],[80.1465,17.2707],[80.1284,17.2865],[80.0929,17.2804],[80.0911,17.2767]]]}},{"type":"Feature","properties":{"SUBDISTRICT":"Penchicalpet","STATE":"Telangana","shapeID":"7132399B85819604417456","source":"geoBoundaries gbOpen IND ADM3 (ODbL 1.0); source: Local Government Directory lgdirectory.gov.in via Pathways Data","DISTRICT":null,"ELEV_MEAN_M":175.9,"ELEV_MIN_M":107.0,"ELEV_MAX_M":298.0,"PCT_BELOW_5M":0.0,"PCT_BELOW_10M":0.0},"geometry":{"type":"Polygon","coordinates":[[[79.6459,19.3376],[79.6844,19.2953],[79.6908,19.3052],[79.7274,19.303],[79.7498,19.2692],[79.7749,19.2699],[79.7959,19.2576],[79.8223,19.2773],[79.8394,19.2807],[79.8702,19.2333],[79.8906,19.2541],[79.9099,19.2569],[79.9269,19.2296],[79.9477,19.2793],[79.9332,19.2772],[79.8999,19.2977],[79.8814,19.2819],[79.8622,19.295],[79.8503,19.2991],[79.848,19.2946],[79.8374,19.3118],[79.8114,19.3202],[79.7916,19.3392],[79.8002,19.364],[79.7637,19.364],[79.7594,19.3902],[79.7235,19.3939],[79.7052,19.4115],[79.6857,19.3862],[79.6756,19.3574],[79.6494,19.3733],[79.6532,19.3512],[79.6459,19.3376]]]}},{"type":"Feature","properties":{"SUBDISTRICT":"Lingapur","STATE":"Telangana","shapeID":"7132399B26914087584843","source":"geoBoundaries gbOpen IND ADM3 (ODbL 1.0); source: Local Government Directory lgdirectory.gov.in via Pathways Data","DISTRICT":null,"ELEV_MEAN_M":501.8,"ELEV_MIN_M":284.0,"ELEV_MAX_M":631.0,"PCT_BELOW_5M":0.0,"PCT_BELOW_10M":0.0},"geometry":{"type":"Polygon","coordinates":[[[78.9313,19.2756],[78.9857,19.2395],[79.0184,19.2316],[79.0524,19.2062],[79.0745,19.2218],[79.0841,19.1895],[79.135,19.283],[79.104,19.2983],[79.1055,19.3149],[79.0937,19.3304],[79.0654,19.329],[79.0106,19.2844],[79.0016,19.2935],[78.9624,19.3055],[78.9457,19.2954],[78.9333,19.277],[78.9313,19.2756]]]}},{"type":"Feature","properties":{"SUBDISTRICT":"Chintalamanepally","STATE":"Telangana","shapeID":"7132399B53587354447394","source":"geoBoundaries gbOpen IND ADM3 (ODbL 1.0); source: Local Government Directory lgdirectory.gov.in via Pathways Data","DISTRICT":null,"ELEV_MEAN_M":160.0,"ELEV_MIN_M":114.0,"ELEV_MAX_M":409.0,"PCT_BELOW_5M":0.0,"PCT_BELOW_10M":0.0},"geometry":{"type":"Polygon","coordinates":[[[79.6445,19.4149],[79.6713,19.4107],[79.6964,19.4182],[79.7031,19.4512],[79.711,19.4576],[79.7184,19.4521],[79.7329,19.4573],[79.7476,19.4541],[79.7934,19.4367],[79.799,19.4546],[79.7858,19.4762],[79.7909,19.4823],[79.8086,19.4835],[79.8146,19.4726],[79.8346,19.4669],[79.8403,19.459],[79.8616,19.4548],[79.8656,19.4593],[79.8919,19.4498],[79.901,19.4243],[79.9016,19.3815],[79.9323,19.3824],[79.9737,19.3708],[79.9798,19.404],[79.9525,19.4436],[79.9517,19.4616],[79.9177,19.495],[79.8768,19.5076],[79.8348,19.5395],[79.8232,19.5715],[79.8118,19.5792],[79.7785,19.5616],[79.7606,19.5611],[79.7665,19.5462],[79.7429,19.5051],[79.7511,19.4817],[79.7158,19.4858],[79.7126,19.4792],[79.6968,19.4884],[79.677,19.478],[79.6608,19.462],[79.6464,19.4162],[79.6445,19.4149]]]}},{"type":"Feature","properties":{"SUBDISTRICT":"Chilpur","STATE":"Telangana","shapeID":"7132399B2439275539327","source":"geoBoundaries gbOpen IND ADM3 (ODbL 1.0); source: Local Government Directory lgdirectory.gov.in via Pathways Data","DISTRICT":null,"ELEV_MEAN_M":367.7,"ELEV_MIN_M":303.0,"ELEV_MAX_M":567.0,"PCT_BELOW_5M":0.0,"PCT_BELOW_10M":0.0},"geometry":{"type":"Polygon","coordinates":[[[79.2371,17.9648],[79.2616,17.9497],[79.2608,17.9071],[79.2726,17.9098],[79.2966,17.9025],[79.3065,17.8888],[79.3288,17.8902],[79.3326,17.8788],[79.3588,17.8709],[79.3741,17.8917],[79.4281,17.8929],[79.4343,17.8837],[79.4541,17.8922],[79.4507,17.9196],[79.445,17.9216],[79.4329,17.9087],[79.4027,17.9388],[79.3856,17.9216],[79.3676,17.9601],[79.3369,17.9712],[79.2994,17.9713],[79.3021,18.0055],[79.2916,18.0173],[79.2572,18.0004],[79.258,17.9807],[79.2441,17.9802],[79.2387,17.9708],[79.2371,17.9648]]]}},{"type":"Feature","properties":{"SUBDISTRICT":"Tharigoppula","STATE":"Telangana","shapeID":"7132399B6851377749127","source":"geoBoundaries gbOpen IND ADM3 (ODbL 1.0); source: Local Government Directory lgdirectory.gov.in via Pathways Data","DISTRICT":null,"ELEV_MEAN_M":450.2,"ELEV_MIN_M":399.0,"ELEV_MAX_M":492.0,"PCT_BELOW_5M":0.0,"PCT_BELOW_10M":0.0},"geometry":{"type":"Polygon","coordinates":[[[79.1404,17.9301],[79.1842,17.9167],[79.2011,17.9204],[79.2248,17.9109],[79.2341,17.9213],[79.2614,17.9145],[79.2616,17.9497],[79.2371,17.9648],[79.2441,17.9802],[79.2048,17.9931],[79.1795,17.9905],[79.1687,17.9583],[79.1482,17.9432],[79.1404,17.9301]]]}},{"type":"Feature","properties":{"SUBDISTRICT":"Peddavangara","STATE":"Telangana","shapeID":"7132399B7112166669751","source":"geoBoundaries gbOpen IND ADM3 (ODbL 1.0); source: Local Government Directory lgdirectory.gov.in via Pathways Data","DISTRICT":null,"ELEV_MEAN_M":248.6,"ELEV_MIN_M":212.0,"ELEV_MAX_M":294.0,"PCT_BELOW_5M":0.0,"PCT_BELOW_10M":0.0},"geometry":{"type":"Polygon","coordinates":[[[79.5132,17.602],[79.5135,17.5767],[79.5383,17.5493],[79.5385,17.5238],[79.5595,17.5018],[79.5864,17.497],[79.5943,17.5013],[79.6292,17.4916],[79.627,17.5078],[79.6357,17.5164],[79.6233,17.529],[79.6332,17.5614],[79.6282,17.5788],[79.6135,17.5827],[79.6125,17.5928],[79.5933,17.5975],[79.5836,17.6284],[79.5868,17.6493],[79.5622,17.6377],[79.5444,17.6516],[79.5427,17.6106],[79.5191,17.5977],[79.5132,17.602]]]}},{"type":"Feature","properties":{"SUBDISTRICT":"Chinnagudur","STATE":"Telangana","shapeID":"7132399B27187791154531","source":"geoBoundaries gbOpen IND ADM3 (ODbL 1.0); source: Local Government Directory lgdirectory.gov.in via Pathways Data","DISTRICT":null,"ELEV_MEAN_M":180.7,"ELEV_MIN_M":161.0,"ELEV_MAX_M":225.0,"PCT_BELOW_5M":0.0,"PCT_BELOW_10M":0.0},"geometry":{"type":"Polygon","coordinates":[[[79.8203,17.4829],[79.8317,17.4747],[79.8631,17.4715],[79.8695,17.4651],[79.8621,17.4538],[79.8906,17.4452],[79.8951,17.4555],[79.9072,17.4488],[79.9158,17.4729],[79.9056,17.4793],[79.9032,17.5078],[79.8736,17.5319],[79.8703,17.5487],[79.8606,17.5501],[79.8494,17.5301],[79.8356,17.5232],[79.8233,17.4891],[79.8203,17.4829]]]}},{"type":"Feature","properties":{"SUBDISTRICT":"Danthalapalle","STATE":"Telangana","shapeID":"7132399B68988822800019","source":"geoBoundaries gbOpen IND ADM3 (ODbL 1.0); source: Local Government Directory lgdirectory.gov.in via Pathways Data","DISTRICT":null,"ELEV_MEAN_M":203.9,"ELEV_MIN_M":181.0,"ELEV_MAX_M":249.0,"PCT_BELOW_5M":0.0,"PCT_BELOW_10M":0.0},"geometry":{"type":"Polygon","coordinates":[[[79.6397,17.4952],[79.6545,17.5044],[79.6545,17.4716],[79.704,17.4528],[79.7214,17.4328],[79.7531,17.432],[79.7639,17.4618],[79.7661,17.501],[79.7317,17.5129],[79.7361,17.5321],[79.7464,17.5276],[79.7535,17.5369],[79.751,17.5587],[79.7406,17.5632],[79.7219,17.5587],[79.7058,17.5318],[79.6776,17.5246],[79.6749,17.5179],[79.6536,17.5126],[79.6476,17.5054],[79.6397,17.4952]]]}},{"type":"Feature","properties":{"SUBDISTRICT":"Gangaram","STATE":"Telangana","shapeID":"7132399B304846452932","source":"geoBoundaries gbOpen IND ADM3 (ODbL 1.0); source: Local Government Directory lgdirectory.gov.in via Pathways Data","DISTRICT":null,"ELEV_MEAN_M":342.9,"ELEV_MIN_M":228.0,"ELEV_MAX_M":740.0,"PCT_BELOW_5M":0.0,"PCT_BELOW_10M":0.0},"geometry":{"type":"Polygon","coordinates":[[[80.107,17.7632],[80.1116,17.7245],[80.1642,17.7531],[80.1707,17.7277],[80.1776,17.7244],[80.1731,17.712],[80.2388,17.7521],[80.2457,17.7365],[80.2564,17.7433],[80.2624,17.7686],[80.2539,17.8278],[80.2777,17.8712],[80.2837,17.9091],[80.273,17.9335],[80.2774,17.9681],[80.3088,17.9728],[80.2438,17.992],[80.1825,18.0291],[80.1518,17.979],[80.1778,17.9797],[80.1724,17.9607],[80.1847,17.9324],[80.1597,17.9182],[80.1413,17.9286],[80.1286,17.9125],[80.1131,17.9085],[80.1247,17.8616],[80.1443,17.8342],[80.1362,17.8304],[80.1247,17.8481],[80.1152,17.851],[80.1429,17.8065],[80.1167,17.7822],[80.1105,17.7839],[80.107,17.7632]]]}},{"type":"Feature","properties":{"SUBDISTRICT":"Adda Guduru","STATE":"Telangana","shapeID":"7132399B51298284990755","source":"geoBoundaries gbOpen IND ADM3 (ODbL 1.0); source: Local Government Directory lgdirectory.gov.in via Pathways Data","DISTRICT":null,"ELEV_MEAN_M":248.7,"ELEV_MIN_M":209.0,"ELEV_MAX_M":297.0,"PCT_BELOW_5M":0.0,"PCT_BELOW_10M":0.0},"geometry":{"type":"Polygon","coordinates":[[[79.2846,17.3942],[79.2987,17.3781],[79.2988,17.37],[79.3206,17.3679],[79.3365,17.3444],[79.356,17.3603],[79.4398,17.3658],[79.4065,17.3959],[79.3925,17.4224],[79.4032,17.4447],[79.3509,17.5015],[79.3244,17.4796],[79.3397,17.4533],[79.3333,17.4381],[79.3185,17.4452],[79.3168,17.4206],[79.309,17.4168],[79.3087,17.4295],[79.2952,17.4344],[79.2848,17.3985],[79.2846,17.3942]]]}},{"type":"Feature","properties":{"SUBDISTRICT":"Motakonduru","STATE":"Telangana","shapeID":"7132399B39806524510064","source":"geoBoundaries gbOpen IND ADM3 (ODbL 1.0); source: Local Government Directory lgdirectory.gov.in via Pathways Data","DISTRICT":null,"ELEV_MEAN_M":343.6,"ELEV_MIN_M":319.0,"ELEV_MAX_M":381.0,"PCT_BELOW_5M":0.0,"PCT_BELOW_10M":0.0},"geometry":{"type":"Polygon","coordinates":[[[79.0312,17.5609],[79.0313,17.5362],[79.0599,17.5197],[79.045,17.4925],[79.0614,17.4689],[79.0875,17.4584],[79.0879,17.4806],[79.1167,17.4935],[79.1013,17.5321],[79.1172,17.552],[79.1285,17.545],[79.1447,17.5463],[79.1404,17.5667],[79.1493,17.5798],[79.1269,17.585],[79.1179,17.5969],[79.1019,17.6017],[79.0854,17.5991],[79.0702,17.587],[79.0778,17.6129],[79.0649,17.6254],[79.0443,17.5893],[79.0356,17.5861],[79.0317,17.5654],[79.0312,17.5609]]]}},{"type":"Feature","properties":{"SUBDISTRICT":"Undavelly","STATE":"Telangana","shapeID":"7132399B42938857626227","source":"geoBoundaries gbOpen IND ADM3 (ODbL 1.0); source: Local Government Directory lgdirectory.gov.in via Pathways Data","DISTRICT":null,"ELEV_MEAN_M":292.6,"ELEV_MIN_M":251.0,"ELEV_MAX_M":318.0,"PCT_BELOW_5M":0.0,"PCT_BELOW_10M":0.0},"geometry":{"type":"Polygon","coordinates":[[[77.9337,15.893],[77.9343,15.8822],[77.979,15.8798],[78.008,15.865],[78.0231,15.9009],[78.0425,15.9079],[78.0469,15.878],[78.0551,15.8766],[78.0675,15.8532],[78.0701,15.8579],[78.0706,15.8754],[78.0614,15.8791],[78.062,15.9045],[78.0553,15.9055],[78.0708,15.9421],[78.0529,15.9654],[78.0721,15.9786],[78.0703,15.9889],[78.0808,16.0054],[78.0219,16.0485],[77.9938,16.0079],[78.0044,15.9868],[77.9853,15.989],[77.9832,15.9765],[77.9861,15.9523],[78.0028,15.949],[78.0005,15.9414],[78.0146,15.9239],[77.9869,15.922],[77.9411,15.932],[77.9343,15.8956],[77.9337,15.893]]]}},{"type":"Feature","properties":{"SUBDISTRICT":"Bibipet","STATE":"Telangana","shapeID":"7132399B49520023587097","source":"geoBoundaries gbOpen IND ADM3 (ODbL 1.0); source: Local Government Directory lgdirectory.gov.in via Pathways Data","DISTRICT":null,"ELEV_MEAN_M":478.2,"ELEV_MIN_M":432.0,"ELEV_MAX_M":511.0,"PCT_BELOW_5M":0.0,"PCT_BELOW_10M":0.0},"geometry":{"type":"Polygon","coordinates":[[[78.4646,18.2165],[78.5048,18.1718],[78.5351,18.1842],[78.5533,18.1823],[78.5685,18.1882],[78.5686,18.2298],[78.5602,18.2543],[78.5493,18.2689],[78.5257,18.2831],[78.5139,18.2731],[78.5081,18.2493],[78.4767,18.2495],[78.4746,18.243],[78.4846,18.2354],[78.4665,18.2176],[78.4646,18.2165]]]}},{"type":"Feature","properties":{"SUBDISTRICT":"Nasurullabad","STATE":"Telangana","shapeID":"7132399B6425863478655","source":"geoBoundaries gbOpen IND ADM3 (ODbL 1.0); source: Local Government Directory lgdirectory.gov.in via Pathways Data","DISTRICT":null,"ELEV_MEAN_M":413.1,"ELEV_MIN_M":376.0,"ELEV_MAX_M":596.0,"PCT_BELOW_5M":0.0,"PCT_BELOW_10M":0.0},"geometry":{"type":"Polygon","coordinates":[[[77.8269,18.4327],[77.8282,18.4271],[77.8497,18.4347],[77.8748,18.4308],[77.8822,18.4255],[77.8733,18.4205],[77.8727,18.4046],[77.8811,18.4008],[77.8966,18.4172],[77.9476,18.4228],[77.9518,18.4321],[77.9666,18.43],[77.9712,18.4522],[77.9381,18.4774],[77.8998,18.4797],[77.8676,18.4923],[77.8409,18.4904],[77.8388,18.4756],[77.849,18.4593],[77.8271,18.4332],[77.8269,18.4327]]]}},{"type":"Feature","properties":{"SUBDISTRICT":"Pedda Kodapgal","STATE":"Telangana","shapeID":"7132399B83857127680252","source":"geoBoundaries gbOpen IND ADM3 (ODbL 1.0); source: Local Government Directory lgdirectory.gov.in via Pathways Data","DISTRICT":null,"ELEV_MEAN_M":456.2,"ELEV_MIN_M":371.0,"ELEV_MAX_M":527.0,"PCT_BELOW_5M":0.0,"PCT_BELOW_10M":0.0},"geometry":{"type":"Polygon","coordinates":[[[77.6506,18.3091],[77.6515,18.2921],[77.6902,18.262],[77.7247,18.2604],[77.731,18.2351],[77.7795,18.2367],[77.7736,18.2806],[77.7881,18.2824],[77.7996,18.2935],[77.7991,18.3028],[77.7921,18.3219],[77.7673,18.3155],[77.7662,18.3028],[77.7317,18.2983],[77.7404,18.312],[77.7278,18.3286],[77.7289,18.3431],[77.7424,18.3546],[77.7363,18.3714],[77.713,18.3437],[77.7023,18.3613],[77.6924,18.3465],[77.6857,18.3085],[77.6764,18.3073],[77.6732,18.3211],[77.6509,18.3096],[77.6506,18.3091]]]}},{"type":"Feature","properties":{"SUBDISTRICT":"Rajampet","STATE":"Telangana","shapeID":"7132399B13921623158204","source":"geoBoundaries gbOpen IND ADM3 (ODbL 1.0); source: Local Government Directory lgdirectory.gov.in via Pathways Data","DISTRICT":null,"ELEV_MEAN_M":542.9,"ELEV_MIN_M":456.0,"ELEV_MAX_M":640.0,"PCT_BELOW_5M":0.0,"PCT_BELOW_10M":0.0},"geometry":{"type":"MultiPolygon","coordinates":[[[[78.2153,18.2092],[78.2232,18.1881],[78.2181,18.1787],[78.2729,18.1443],[78.309,18.1762],[78.3226,18.2006],[78.3299,18.1976],[78.3491,18.2191],[78.3658,18.2167],[78.3735,18.2331],[78.3662,18.2432],[78.3744,18.2584],[78.3629,18.2766],[78.2706,18.2539],[78.2696,18.2424],[78.2533,18.2468],[78.2485,18.2569],[78.231,18.2353],[78.2308,18.2111],[78.2194,18.2092],[78.2153,18.2092]]],[[[78.3299,18.1976],[78.331,18.1966],[78.3406,18.1891],[78.3302,18.1973],[78.3299,18.1976]]]]}},{"type":"Feature","properties":{"SUBDISTRICT":"Ramareddy","STATE":"Telangana","shapeID":"7132399B6199922895253","source":"geoBoundaries gbOpen IND ADM3 (ODbL 1.0); source: Local Government Directory lgdirectory.gov.in via Pathways Data","DISTRICT":null,"ELEV_MEAN_M":519.0,"ELEV_MIN_M":462.0,"ELEV_MAX_M":575.0,"PCT_BELOW_5M":0.0,"PCT_BELOW_10M":0.0},"geometry":{"type":"Polygon","coordinates":[[[78.2828,18.4435],[78.2928,18.4174],[78.2856,18.3913],[78.2931,18.3897],[78.2996,18.3766],[78.3181,18.3872],[78.3251,18.3847],[78.3303,18.3698],[78.353,18.38],[78.357,18.371],[78.3906,18.3883],[78.3945,18.3791],[78.3815,18.3462],[78.4032,18.3457],[78.4098,18.349],[78.4088,18.3767],[78.4163,18.3838],[78.4587,18.373],[78.4714,18.3907],[78.4684,18.4093],[78.4797,18.4352],[78.4606,18.4551],[78.4405,18.4663],[78.4083,18.4735],[78.3941,18.4681],[78.3799,18.4742],[78.3561,18.4439],[78.3371,18.4537],[78.3382,18.4679],[78.2979,18.4559],[78.2891,18.4457],[78.2828,18.4435]]]}},{"type":"Feature","properties":{"SUBDISTRICT":"Mahabubnagar Rural","STATE":"Telangana","shapeID":"7132399B55351521464197","source":"geoBoundaries gbOpen IND ADM3 (ODbL 1.0); source: Local Government Directory lgdirectory.gov.in via Pathways Data","DISTRICT":null,"ELEV_MEAN_M":473.2,"ELEV_MIN_M":399.0,"ELEV_MAX_M":678.0,"PCT_BELOW_5M":0.0,"PCT_BELOW_10M":0.0},"geometry":{"type":"Polygon","coordinates":[[[77.8334,16.7071],[77.8518,16.6692],[77.8837,16.6455],[77.9386,16.6509],[77.9646,16.6361],[77.9745,16.6521],[77.9725,16.6711],[78.0026,16.6796],[77.9946,16.7089],[77.9647,16.7162],[77.9336,16.7419],[77.9517,16.7614],[77.9478,16.7673],[77.905,16.7752],[77.8953,16.772],[77.8958,16.753],[77.8798,16.7536],[77.8728,16.7477],[77.8657,16.7208],[77.835,16.7258],[77.8334,16.7071]]]}},{"type":"Feature","properties":{"SUBDISTRICT":"Moosapet","STATE":"Telangana","shapeID":"7132399B78300861263339","source":"geoBoundaries gbOpen IND ADM3 (ODbL 1.0); source: Local Government Directory lgdirectory.gov.in via Pathways Data","DISTRICT":null,"ELEV_MEAN_M":424.1,"ELEV_MIN_M":416.0,"ELEV_MAX_M":437.0,"PCT_BELOW_5M":0.0,"PCT_BELOW_10M":0.0},"geometry":{"type":"Polygon","coordinates":[[[77.971,16.6347],[77.9722,16.6351],[77.986,16.639],[77.971,16.6347]]]}},{"type":"Feature","properties":{"SUBDISTRICT":"Rajapur","STATE":"Telangana","shapeID":"7132399B3957104531676","source":"geoBoundaries gbOpen IND ADM3 (ODbL 1.0); source: Local Government Directory lgdirectory.gov.in via Pathways Data","DISTRICT":null,"ELEV_MEAN_M":567.8,"ELEV_MIN_M":519.0,"ELEV_MAX_M":644.0,"PCT_BELOW_5M":0.0,"PCT_BELOW_10M":0.0},"geometry":{"type":"Polygon","coordinates":[[[78.0672,16.9246],[78.0734,16.9026],[78.0978,16.8847],[78.1029,16.8712],[78.0997,16.837],[78.1267,16.8419],[78.1353,16.8344],[78.1617,16.8346],[78.1732,16.8523],[78.2038,16.8434],[78.2179,16.8659],[78.207,16.8799],[78.2107,16.9051],[78.1879,16.9125],[78.18,16.9217],[78.1709,16.9133],[78.1725,16.9042],[78.1217,16.9317],[78.1032,16.9277],[78.1134,16.9505],[78.1045,16.9544],[78.0923,16.9494],[78.073,16.9525],[78.0687,16.938],[78.0672,16.9246]]]}},{"type":"Feature","properties":{"SUBDISTRICT":"Bheemaram","STATE":"Telangana","shapeID":"7132399B55706281442375","source":"geoBoundaries gbOpen IND ADM3 (ODbL 1.0); source: Local Government Directory lgdirectory.gov.in via Pathways Data","DISTRICT":null,"ELEV_MEAN_M":179.4,"ELEV_MIN_M":134.0,"ELEV_MAX_M":271.0,"PCT_BELOW_5M":0.0,"PCT_BELOW_10M":0.0},"geometry":{"type":"Polygon","coordinates":[[[79.5846,18.9304],[79.6052,18.8912],[79.625,18.8907],[79.6222,18.8644],[79.6108,18.8622],[79.6239,18.8406],[79.6783,18.7941],[79.6836,18.7726],[79.69,18.7679],[79.7213,18.81],[79.7162,18.8293],[79.6974,18.8458],[79.702,18.8568],[79.6936,18.879],[79.7066,18.9195],[79.6647,18.9083],[79.6694,18.9458],[79.6648,18.9554],[79.643,18.965],[79.6287,18.9645],[79.6144,18.9494],[79.5872,18.9372],[79.5846,18.9304]]]}},{"type":"Feature","properties":{"SUBDISTRICT":"Hajipur","STATE":"Telangana","shapeID":"7132399B18587020317221","source":"geoBoundaries gbOpen IND ADM3 (ODbL 1.0); source: Local Government Directory lgdirectory.gov.in via Pathways Data","DISTRICT":null,"ELEV_MEAN_M":204.0,"ELEV_MIN_M":130.0,"ELEV_MAX_M":498.0,"PCT_BELOW_5M":0.0,"PCT_BELOW_10M":0.0},"geometry":{"type":"Polygon","coordinates":[[[79.2771,18.8955],[79.2998,18.865],[79.2801,18.8383],[79.3196,18.823],[79.3617,18.8331],[79.3891,18.8711],[79.4028,18.8726],[79.427,18.8636],[79.4205,18.8755],[79.4196,18.9012],[79.4043,18.9146],[79.4216,18.9487],[79.4227,18.9648],[79.4029,18.9818],[79.3953,19.0061],[79.3684,19.0253],[79.3733,19.0058],[79.369,18.9854],[79.3124,19.0086],[79.2928,18.9703],[79.2941,18.9515],[79.2791,18.9064],[79.2771,18.8955]]]}},{"type":"Feature","properties":{"SUBDISTRICT":"Kannepally","STATE":"Telangana","shapeID":"7132399B25459168550294","source":"geoBoundaries gbOpen IND ADM3 (ODbL 1.0); source: Local Government Directory lgdirectory.gov.in via Pathways Data","DISTRICT":null,"ELEV_MEAN_M":176.9,"ELEV_MIN_M":143.0,"ELEV_MAX_M":226.0,"PCT_BELOW_5M":0.0,"PCT_BELOW_10M":0.0},"geometry":{"type":"Polygon","coordinates":[[[79.5429,19.1261],[79.5647,19.1047],[79.6072,19.1169],[79.6304,19.1073],[79.646,19.1146],[79.674,19.1504],[79.6828,19.1487],[79.6864,19.1644],[79.6971,19.1631],[79.7002,19.1772],[79.7255,19.1815],[79.7282,19.1941],[79.7095,19.212],[79.6713,19.2013],[79.6479,19.21],[79.6458,19.1921],[79.6264,19.1832],[79.6243,19.166],[79.6136,19.1651],[79.5998,19.1657],[79.6094,19.1825],[79.6033,19.1886],[79.6095,19.1919],[79.5966,19.1983],[79.5801,19.1841],[79.58,19.1749],[79.5533,19.168],[79.559,19.1543],[79.5446,19.1381],[79.5429,19.1261]]]}},{"type":"Feature","properties":{"SUBDISTRICT":"Naspur","STATE":"Telangana","shapeID":"7132399B87401767259633","source":"geoBoundaries gbOpen IND ADM3 (ODbL 1.0); source: Local Government Directory lgdirectory.gov.in via Pathways Data","DISTRICT":null,"ELEV_MEAN_M":165.7,"ELEV_MIN_M":134.0,"ELEV_MAX_M":197.0,"PCT_BELOW_5M":0.0,"PCT_BELOW_10M":0.0},"geometry":{"type":"Polygon","coordinates":[[[79.4559,18.8568],[79.4629,18.8389],[79.5029,18.81],[79.5148,18.8374],[79.5225,18.902],[79.5294,18.907],[79.5067,18.9344],[79.4873,18.921],[79.4674,18.8712],[79.4575,18.8637],[79.4559,18.8568]]]}},{"type":"Feature","properties":{"SUBDISTRICT":"Havelighanapur","STATE":"Telangana","shapeID":"7132399B12332121011866","source":"geoBoundaries gbOpen IND ADM3 (ODbL 1.0); source: Local Government Directory lgdirectory.gov.in via Pathways Data","DISTRICT":null,"ELEV_MEAN_M":482.2,"ELEV_MIN_M":299.0,"ELEV_MAX_M":630.0,"PCT_BELOW_5M":0.0,"PCT_BELOW_10M":0.0},"geometry":{"type":"Polygon","coordinates":[[[78.1515,18.1637],[78.161,18.1402],[78.1686,18.1356],[78.1697,18.1193],[78.1771,18.1169],[78.1623,18.0949],[78.2133,18.0706],[78.2165,18.0592],[78.2388,18.0697],[78.2538,18.0693],[78.2624,18.0784],[78.2837,18.0786],[78.285,18.0902],[78.3128,18.1065],[78.351,18.1112],[78.3499,18.1306],[78.3145,18.1435],[78.3014,18.1696],[78.2729,18.1443],[78.2181,18.1787],[78.2232,18.1881],[78.2126,18.2188],[78.1937,18.2147],[78.1838,18.2043],[78.1727,18.1789],[78.1727,18.1565],[78.152,18.1679],[78.1515,18.1637]]]}},{"type":"Feature","properties":{"SUBDISTRICT":"Manoharabad","STATE":"Telangana","shapeID":"7132399B51630119975335","source":"geoBoundaries gbOpen IND ADM3 (ODbL 1.0); source: Local Government Directory lgdirectory.gov.in via Pathways Data","DISTRICT":null,"ELEV_MEAN_M":588.4,"ELEV_MIN_M":545.0,"ELEV_MAX_M":636.0,"PCT_BELOW_5M":0.0,"PCT_BELOW_10M":0.0},"geometry":{"type":"Polygon","coordinates":[[[78.4294,17.7122],[78.4368,17.7152],[78.4429,17.703],[78.4508,17.7124],[78.4726,17.6951],[78.496,17.6887],[78.5195,17.7218],[78.5155,17.7377],[78.5277,17.7412],[78.5143,17.7624],[78.512,17.7937],[78.4993,17.8026],[78.4933,17.7831],[78.4857,17.7936],[78.4733,17.7939],[78.4766,17.8141],[78.4598,17.8179],[78.4523,17.801],[78.4399,17.8036],[78.4456,17.7371],[78.437,17.7155],[78.4294,17.7122]]]}},{"type":"Feature","properties":{"SUBDISTRICT":"Narsingi","STATE":"Telangana","shapeID":"7132399B99463546477333","source":"geoBoundaries gbOpen IND ADM3 (ODbL 1.0); source: Local Government Directory lgdirectory.gov.in via Pathways Data","DISTRICT":null,"ELEV_MEAN_M":554.1,"ELEV_MIN_M":526.0,"ELEV_MAX_M":631.0,"PCT_BELOW_5M":0.0,"PCT_BELOW_10M":0.0},"geometry":{"type":"Polygon","coordinates":[[[78.3853,18.0736],[78.3965,18.0405],[78.4308,18.0265],[78.4327,17.9973],[78.4412,17.9919],[78.4578,17.9921],[78.4701,18.0018],[78.4745,17.9954],[78.4845,18.0043],[78.4719,18.0076],[78.4727,18.0274],[78.453,18.0358],[78.466,18.0604],[78.458,18.0857],[78.4173,18.0981],[78.3878,18.0729],[78.3853,18.0736]]]}},{"type":"Feature","properties":{"SUBDISTRICT":"Nizampet","STATE":"Telangana","shapeID":"7132399B81576070631750","source":"geoBoundaries gbOpen IND ADM3 (ODbL 1.0); source: Local Government Directory lgdirectory.gov.in via Pathways Data","DISTRICT":null,"ELEV_MEAN_M":505.1,"ELEV_MIN_M":460.0,"ELEV_MAX_M":573.0,"PCT_BELOW_5M":0.0,"PCT_BELOW_10M":0.0},"geometry":{"type":"Polygon","coordinates":[[[78.4854,18.1313],[78.4925,18.1218],[78.4879,18.1145],[78.5036,18.1138],[78.487,18.0872],[78.4925,18.0762],[78.5149,18.0711],[78.5206,18.0569],[78.5566,18.065],[78.5728,18.0754],[78.5687,18.0965],[78.5772,18.1146],[78.5455,18.1205],[78.5429,18.1314],[78.5785,18.1715],[78.5756,18.183],[78.5685,18.1882],[78.5533,18.1823],[78.5351,18.1842],[78.5031,18.1726],[78.4894,18.1575],[78.4888,18.1492],[78.4976,18.1395],[78.4905,18.1328],[78.4854,18.1313]]]}},{"type":"Feature","properties":{"SUBDISTRICT":"Muduchinthalapally","STATE":"Telangana","shapeID":"7132399B68897290540995","source":"geoBoundaries gbOpen IND ADM3 (ODbL 1.0); source: Local Government Directory lgdirectory.gov.in via Pathways Data","DISTRICT":null,"ELEV_MEAN_M":549.8,"ELEV_MIN_M":513.0,"ELEV_MAX_M":615.0,"PCT_BELOW_5M":0.0,"PCT_BELOW_10M":0.0},"geometry":{"type":"Polygon","coordinates":[[[78.605,17.6177],[78.6392,17.6186],[78.653,17.5875],[78.649,17.5786],[78.6626,17.5733],[78.6877,17.578],[78.6968,17.589],[78.6901,17.5967],[78.7002,17.6038],[78.6982,17.6135],[78.72,17.6667],[78.7034,17.6843],[78.6639,17.6958],[78.6434,17.6708],[78.6113,17.6691],[78.6084,17.6644],[78.6302,17.6524],[78.6057,17.6201],[78.605,17.6177]]]}},{"type":"Feature","properties":{"SUBDISTRICT":"Medipally","STATE":"Telangana","shapeID":"7132399B81637169923982","source":"geoBoundaries gbOpen IND ADM3 (ODbL 1.0); source: Local Government Directory lgdirectory.gov.in via Pathways Data","DISTRICT":null,"ELEV_MEAN_M":495.6,"ELEV_MIN_M":462.0,"ELEV_MAX_M":536.0,"PCT_BELOW_5M":0.0,"PCT_BELOW_10M":0.0},"geometry":{"type":"Polygon","coordinates":[[[78.5416,17.4129],[78.5669,17.3879],[78.5652,17.3744],[78.5714,17.3791],[78.5973,17.3751],[78.5983,17.3963],[78.6075,17.4017],[78.6088,17.411],[78.6024,17.4239],[78.608,17.4434],[78.602,17.4515],[78.5671,17.4424],[78.5428,17.4162],[78.5416,17.4129]]]}},{"type":"Feature","properties":{"SUBDISTRICT":"Gandimaisamma Dundigal","STATE":"Telangana","shapeID":"7132399B61573387985307","source":"geoBoundaries gbOpen IND ADM3 (ODbL 1.0); source: Local Government Directory lgdirectory.gov.in via Pathways Data","DISTRICT":null,"ELEV_MEAN_M":604.1,"ELEV_MIN_M":557.0,"ELEV_MAX_M":632.0,"PCT_BELOW_5M":0.0,"PCT_BELOW_10M":0.0},"geometry":{"type":"Polygon","coordinates":[[[78.3604,17.6234],[78.3757,17.6037],[78.3622,17.5581],[78.3757,17.5622],[78.3924,17.5499],[78.4012,17.561],[78.4268,17.5601],[78.428,17.5331],[78.4571,17.5199],[78.4842,17.5185],[78.4923,17.5266],[78.4427,17.5479],[78.436,17.5799],[78.4432,17.6192],[78.4329,17.6263],[78.4271,17.6443],[78.3845,17.6432],[78.3758,17.6284],[78.3604,17.6234]]]}},{"type":"Feature","properties":{"SUBDISTRICT":"Kapra","STATE":"Telangana","shapeID":"7132399B33085584290829","source":"geoBoundaries gbOpen IND ADM3 (ODbL 1.0); source: Local Government Directory lgdirectory.gov.in via Pathways Data","DISTRICT":null,"ELEV_MEAN_M":546.2,"ELEV_MIN_M":520.0,"ELEV_MAX_M":606.0,"PCT_BELOW_5M":0.0,"PCT_BELOW_10M":0.0},"geometry":{"type":"MultiPolygon","coordinates":[[[[78.5426,17.4884],[78.5468,17.4633],[78.5673,17.4675],[78.5603,17.4616],[78.5671,17.4424],[78.602,17.4515],[78.6009,17.4684],[78.5883,17.4704],[78.5847,17.5086],[78.582,17.4929],[78.5437,17.4911],[78.5426,17.4884]]],[[[78.5818,17.5091],[78.6188,17.4978],[78.6046,17.5157],[78.5903,17.5237],[78.5843,17.5184],[78.5818,17.5091]]]]}},{"type":"Feature","properties":{"SUBDISTRICT":"Alwal","STATE":"Telangana","shapeID":"7132399B5134896677739","source":"geoBoundaries gbOpen IND ADM3 (ODbL 1.0); source: Local Government Directory lgdirectory.gov.in via Pathways Data","DISTRICT":null,"ELEV_MEAN_M":592.5,"ELEV_MIN_M":562.0,"ELEV_MAX_M":626.0,"PCT_BELOW_5M":0.0,"PCT_BELOW_10M":0.0},"geometry":{"type":"Polygon","coordinates":[[[78.4694,17.5353],[78.4923,17.5266],[78.5031,17.5003],[78.5132,17.4985],[78.5177,17.5086],[78.5292,17.5028],[78.5355,17.5149],[78.5496,17.516],[78.569,17.5332],[78.5475,17.5489],[78.5345,17.5449],[78.5165,17.5614],[78.4866,17.5729],[78.4732,17.5439],[78.4694,17.5353]]]}},{"type":"Feature","properties":{"SUBDISTRICT":"Bachupally","STATE":"Telangana","shapeID":"7132399B3369754549082","source":"geoBoundaries gbOpen IND ADM3 (ODbL 1.0); source: Local Government Directory lgdirectory.gov.in via Pathways Data","DISTRICT":null,"ELEV_MEAN_M":588.6,"ELEV_MIN_M":570.0,"ELEV_MAX_M":617.0,"PCT_BELOW_5M":0.0,"PCT_BELOW_10M":0.0},"geometry":{"type":"Polygon","coordinates":[[[78.349,17.5437],[78.3545,17.5235],[78.3659,17.5264],[78.373,17.5402],[78.3906,17.5401],[78.3924,17.5499],[78.3757,17.5622],[78.3583,17.5549],[78.349,17.5437]]]}},{"type":"Feature","properties":{"SUBDISTRICT":"Kukatpally","STATE":"Telangana","shapeID":"7132399B94536759644560","source":"geoBoundaries gbOpen IND ADM3 (ODbL 1.0); source: Local Government Directory lgdirectory.gov.in via Pathways Data","DISTRICT":null,"ELEV_MEAN_M":578.0,"ELEV_MIN_M":546.0,"ELEV_MAX_M":616.0,"PCT_BELOW_5M":0.0,"PCT_BELOW_10M":0.0},"geometry":{"type":"Polygon","coordinates":[[[78.3644,17.4935],[78.3994,17.4584],[78.4224,17.4715],[78.4344,17.5022],[78.4147,17.5167],[78.3712,17.5248],[78.3644,17.5076],[78.3644,17.4935]]]}},{"type":"Feature","properties":{"SUBDISTRICT":"Kannaigudem","STATE":"Telangana","shapeID":"7132399B20145759522786","source":"geoBoundaries gbOpen IND ADM3 (ODbL 1.0); source: Local Government Directory lgdirectory.gov.in via Pathways Data","DISTRICT":null,"ELEV_MEAN_M":126.9,"ELEV_MIN_M":65.0,"ELEV_MAX_M":220.0,"PCT_BELOW_5M":0.0,"PCT_BELOW_10M":0.0},"geometry":{"type":"Polygon","coordinates":[[[80.2049,18.3785],[80.2159,18.375],[80.2294,18.3591],[80.2392,18.3324],[80.2502,18.3302],[80.2547,18.3404],[80.2426,18.3795],[80.2512,18.3936],[80.266,18.3928],[80.2799,18.3706],[80.2728,18.4015],[80.2962,18.4027],[80.3064,18.4191],[80.3312,18.4207],[80.33,18.4327],[80.3363,18.4366],[80.3601,18.4123],[80.3772,18.4276],[80.419,18.4273],[80.4185,18.4331],[80.3771,18.4397],[80.3889,18.4645],[80.3791,18.4843],[80.3838,18.5055],[80.3767,18.5335],[80.4024,18.5718],[80.389,18.5984],[80.3744,18.6095],[80.3493,18.5912],[80.3347,18.5951],[80.2694,18.5883],[80.2294,18.5526],[80.2268,18.428],[80.2189,18.3902],[80.2049,18.3785]]]}},{"type":"Feature","properties":{"SUBDISTRICT":"Padara","STATE":"Telangana","shapeID":"7132399B69655572870286","source":"geoBoundaries gbOpen IND ADM3 (ODbL 1.0); source: Local Government Directory lgdirectory.gov.in via Pathways Data","DISTRICT":null,"ELEV_MEAN_M":382.8,"ELEV_MIN_M":9.0,"ELEV_MAX_M":967.0,"PCT_BELOW_5M":0.0,"PCT_BELOW_10M":0.0},"geometry":{"type":"Polygon","coordinates":[[[78.8561,16.4556],[78.8711,16.4231],[78.8939,16.4109],[78.9092,16.427],[78.9816,16.4086],[78.9478,16.4058],[78.9387,16.3927],[78.9333,16.3804],[78.938,16.3423],[78.928,16.3039],[78.9375,16.2849],[79.0153,16.2455],[79.0502,16.2518],[79.0764,16.245],[79.141,16.2434],[79.1845,16.2242],[79.2,16.2298],[79.233,16.2572],[79.2365,16.3318],[79.2445,16.3346],[79.2359,16.3412],[79.2469,16.3342],[79.2644,16.3424],[79.2363,16.3451],[79.236,16.3582],[79.2466,16.3651],[79.2364,16.3612],[79.2339,16.3726],[79.228,16.3586],[79.2183,16.3621],[79.213,16.3571],[79.2148,16.3717],[79.118,16.423],[79.0636,16.4633],[79.0224,16.4077],[78.9863,16.434],[78.9724,16.434],[78.9597,16.4462],[78.9503,16.4683],[78.9301,16.4712],[78.9273,16.4539],[78.9139,16.4561],[78.9022,16.4713],[78.8911,16.4739],[78.869,16.4723],[78.857,16.462],[78.8561,16.4556]]]}},{"type":"Feature","properties":{"SUBDISTRICT":"Pentlavelli","STATE":"Telangana","shapeID":"7132399B38168868999726","source":"geoBoundaries gbOpen IND ADM3 (ODbL 1.0); source: Local Government Directory lgdirectory.gov.in via Pathways Data","DISTRICT":null,"ELEV_MEAN_M":296.5,"ELEV_MIN_M":237.0,"ELEV_MAX_M":376.0,"PCT_BELOW_5M":0.0,"PCT_BELOW_10M":0.0},"geometry":{"type":"Polygon","coordinates":[[[78.1985,16.1037],[78.2126,16.0867],[78.2185,16.0451],[78.2325,16.0102],[78.2663,16.0007],[78.2579,16.0316],[78.2747,16.0407],[78.3229,16.0352],[78.3079,16.0464],[78.299,16.0684],[78.2879,16.0638],[78.2811,16.0757],[78.2699,16.1002],[78.2646,16.1382],[78.2151,16.1354],[78.2089,16.1185],[78.1985,16.1037]]]}},{"type":"Feature","properties":{"SUBDISTRICT":"Urkonda","STATE":"Telangana","shapeID":"7132399B16154404606198","source":"geoBoundaries gbOpen IND ADM3 (ODbL 1.0); source: Local Government Directory lgdirectory.gov.in via Pathways Data","DISTRICT":null,"ELEV_MEAN_M":521.7,"ELEV_MIN_M":460.0,"ELEV_MAX_M":636.0,"PCT_BELOW_5M":0.0,"PCT_BELOW_10M":0.0},"geometry":{"type":"Polygon","coordinates":[[[78.2938,16.6996],[78.3148,16.674],[78.3427,16.664],[78.3538,16.6633],[78.3667,16.6826],[78.3866,16.6764],[78.3924,16.6977],[78.4139,16.7077],[78.4143,16.7265],[78.4406,16.7389],[78.4504,16.7744],[78.4715,16.7811],[78.4595,16.8003],[78.4354,16.8056],[78.4199,16.8189],[78.4287,16.8354],[78.4311,16.862],[78.4098,16.8491],[78.3959,16.8239],[78.3858,16.8241],[78.369,16.805],[78.3616,16.8146],[78.3404,16.8157],[78.3327,16.8095],[78.3427,16.7957],[78.3612,16.7894],[78.365,16.7736],[78.3405,16.7338],[78.3494,16.7247],[78.3436,16.7065],[78.3325,16.7112],[78.2984,16.7022],[78.2938,16.6996]]]}},{"type":"Feature","properties":{"SUBDISTRICT":"Adavidevulapalli","STATE":"Telangana","shapeID":"7132399B12166167306287","source":"geoBoundaries gbOpen IND ADM3 (ODbL 1.0); source: Local Government Directory lgdirectory.gov.in via Pathways Data","DISTRICT":null,"ELEV_MEAN_M":102.5,"ELEV_MIN_M":45.0,"ELEV_MAX_M":195.0,"PCT_BELOW_5M":0.0,"PCT_BELOW_10M":0.0},"geometry":{"type":"Polygon","coordinates":[[[79.4296,16.6539],[79.4585,16.6161],[79.5052,16.6375],[79.5717,16.6451],[79.608,16.6703],[79.6004,16.6787],[79.5993,16.694],[79.5534,16.6915],[79.5467,16.7099],[79.5352,16.7153],[79.5151,16.7121],[79.5083,16.7027],[79.4967,16.7001],[79.4928,16.7401],[79.4754,16.7444],[79.4676,16.7324],[79.453,16.7278],[79.4427,16.7079],[79.4446,16.6926],[79.4553,16.6811],[79.4308,16.665],[79.4296,16.6539]]]}},{"type":"Feature","properties":{"SUBDISTRICT":"Kondamallepally","STATE":"Telangana","shapeID":"7132399B7089969269194","source":"geoBoundaries gbOpen IND ADM3 (ODbL 1.0); source: Local Government Directory lgdirectory.gov.in via Pathways Data","DISTRICT":null,"ELEV_MEAN_M":257.2,"ELEV_MIN_M":205.0,"ELEV_MAX_M":314.0,"PCT_BELOW_5M":0.0,"PCT_BELOW_10M":0.0},"geometry":{"type":"Polygon","coordinates":[[[78.9273,16.7222],[78.944,16.7118],[78.9737,16.7134],[78.9666,16.725],[78.9842,16.7325],[78.9943,16.7211],[79.0056,16.7212],[79.0106,16.715],[78.9872,16.7057],[78.9773,16.6909],[78.9911,16.6619],[79.0006,16.6559],[79.0206,16.6574],[79.0319,16.642],[79.0941,16.6321],[79.0948,16.6597],[79.057,16.7292],[79.0461,16.7325],[79.0459,16.7559],[79.0319,16.7682],[79.0182,16.749],[79.0001,16.7498],[78.9866,16.7643],[78.9765,16.7608],[78.9587,16.7667],[78.9491,16.757],[78.9429,16.7364],[78.9281,16.7261],[78.9273,16.7222]]]}},{"type":"Feature","properties":{"SUBDISTRICT":"Madugulapally","STATE":"Telangana","shapeID":"7132399B16933036560545","source":"geoBoundaries gbOpen IND ADM3 (ODbL 1.0); source: Local Government Directory lgdirectory.gov.in via Pathways Data","DISTRICT":null,"ELEV_MEAN_M":176.4,"ELEV_MIN_M":156.0,"ELEV_MAX_M":204.0,"PCT_BELOW_5M":0.0,"PCT_BELOW_10M":0.0},"geometry":{"type":"Polygon","coordinates":[[[79.3512,16.9449],[79.4046,16.9206],[79.4191,16.9554],[79.4423,16.9554],[79.4522,16.9699],[79.4616,16.9564],[79.4747,16.9529],[79.4826,16.9729],[79.4795,16.9844],[79.47,16.9878],[79.4763,16.9948],[79.4947,16.986],[79.4988,16.9755],[79.5191,16.9823],[79.5217,17.0144],[79.5093,17.0321],[79.5128,17.0416],[79.5271,17.0604],[79.5539,17.0498],[79.555,17.0541],[79.5257,17.0825],[79.5466,17.1022],[79.5345,17.1263],[79.5214,17.1208],[79.4877,17.0944],[79.4754,17.0725],[79.4599,17.0664],[79.4556,17.0538],[79.4615,17.0436],[79.4518,17.037],[79.45,17.0244],[79.4204,17.0183],[79.4057,16.9991],[79.3839,17.0001],[79.3655,16.9791],[79.3537,16.9778],[79.3565,16.9482],[79.3512,16.9449]]]}},{"type":"Feature","properties":{"SUBDISTRICT":"Neredugommu","STATE":"Telangana","shapeID":"7132399B98670324177547","source":"geoBoundaries gbOpen IND ADM3 (ODbL 1.0); source: Local Government Directory lgdirectory.gov.in via Pathways Data","DISTRICT":null,"ELEV_MEAN_M":226.7,"ELEV_MIN_M":154.0,"ELEV_MAX_M":427.0,"PCT_BELOW_5M":0.0,"PCT_BELOW_10M":0.0},"geometry":{"type":"Polygon","coordinates":[[[78.9918,16.6159],[78.9996,16.5764],[79.0418,16.5674],[79.0532,16.5562],[79.0725,16.5569],[79.0762,16.5438],[79.0665,16.5402],[79.0618,16.5288],[79.0869,16.5158],[79.1067,16.4767],[79.1226,16.4832],[79.1293,16.5084],[79.1419,16.5234],[79.1296,16.5309],[79.0975,16.5341],[79.1019,16.5487],[79.1113,16.5546],[79.1363,16.5519],[79.1418,16.5738],[79.1466,16.5743],[79.1413,16.5884],[79.0965,16.6076],[79.0908,16.6318],[79.0319,16.642],[79.0206,16.6574],[79.0059,16.6525],[78.9939,16.631],[78.9918,16.6159]]]}},{"type":"Feature","properties":{"SUBDISTRICT":"Tirumalagiri Sagar","STATE":"Telangana","shapeID":"7132399B92659602164188","source":"geoBoundaries gbOpen IND ADM3 (ODbL 1.0); source: Local Government Directory lgdirectory.gov.in via Pathways Data","DISTRICT":null,"ELEV_MEAN_M":136.6,"ELEV_MIN_M":53.0,"ELEV_MAX_M":280.0,"PCT_BELOW_5M":0.0,"PCT_BELOW_10M":0.0},"geometry":{"type":"MultiPolygon","coordinates":[[[[79.3107,16.7116],[79.318,16.687],[79.33,16.6809],[79.3139,16.6356],[79.3397,16.6387],[79.3502,16.6297],[79.3637,16.63],[79.3433,16.6136],[79.3416,16.5853],[79.4345,16.5894],[79.4511,16.6006],[79.4585,16.6161],[79.4296,16.6539],[79.4308,16.665],[79.4553,16.6811],[79.4446,16.6926],[79.4427,16.7079],[79.453,16.7278],[79.4676,16.7324],[79.4756,16.7434],[79.4657,16.7512],[79.43,16.7559],[79.4232,16.7404],[79.4028,16.7665],[79.4018,16.7449],[79.3926,16.7438],[79.3949,16.7546],[79.3873,16.7578],[79.3647,16.7595],[79.3543,16.7525],[79.3412,16.7569],[79.3299,16.7518],[79.3288,16.722],[79.3196,16.7179],[79.3113,16.7255],[79.3107,16.7116]]],[[[79.2821,16.7773],[79.2906,16.737],[79.3098,16.7273],[79.31,16.7417],[79.3244,16.76],[79.3216,16.7791],[79.2831,16.7775],[79.2821,16.7773]]]]}},{"type":"Feature","properties":{"SUBDISTRICT":"Krishna","STATE":"Telangana","shapeID":"7132399B62231280530771","source":"geoBoundaries gbOpen IND ADM3 (ODbL 1.0); source: Local Government Directory lgdirectory.gov.in via Pathways Data","DISTRICT":null,"ELEV_MEAN_M":355.7,"ELEV_MIN_M":324.0,"ELEV_MAX_M":400.0,"PCT_BELOW_5M":0.0,"PCT_BELOW_10M":0.0},"geometry":{"type":"Polygon","coordinates":[[[77.239,16.472],[77.2621,16.4513],[77.2887,16.407],[77.3567,16.3808],[77.3774,16.3841],[77.4161,16.3669],[77.4492,16.3796],[77.4596,16.4179],[77.4293,16.4219],[77.4146,16.4364],[77.4006,16.4395],[77.3993,16.4608],[77.3822,16.4628],[77.3704,16.4881],[77.3284,16.4849],[77.3006,16.4954],[77.296,16.4776],[77.2554,16.4718],[77.2427,16.4768],[77.239,16.472]]]}},{"type":"Feature","properties":{"SUBDISTRICT":"Marikal","STATE":"Telangana","shapeID":"7132399B35266790163672","source":"geoBoundaries gbOpen IND ADM3 (ODbL 1.0); source: Local Government Directory lgdirectory.gov.in via Pathways Data","DISTRICT":null,"ELEV_MEAN_M":386.9,"ELEV_MIN_M":351.0,"ELEV_MAX_M":538.0,"PCT_BELOW_5M":0.0,"PCT_BELOW_10M":0.0},"geometry":{"type":"Polygon","coordinates":[[[77.6567,16.5702],[77.6591,16.5489],[77.6643,16.5537],[77.6686,16.5493],[77.6773,16.5303],[77.6953,16.5333],[77.7178,16.522],[77.729,16.5062],[77.7577,16.5115],[77.7592,16.5264],[77.7451,16.5438],[77.7446,16.5707],[77.7792,16.5775],[77.7828,16.5866],[77.7748,16.6126],[77.7986,16.6196],[77.7895,16.6407],[77.7663,16.6685],[77.6988,16.6529],[77.7059,16.6365],[77.6913,16.6092],[77.6717,16.5954],[77.6583,16.5702],[77.6567,16.5702]]]}},{"type":"Feature","properties":{"SUBDISTRICT":"Basar","STATE":"Telangana","shapeID":"7132399B87863365341892","source":"geoBoundaries gbOpen IND ADM3 (ODbL 1.0); source: Local Government Directory lgdirectory.gov.in via Pathways Data","DISTRICT":null,"ELEV_MEAN_M":344.0,"ELEV_MIN_M":329.0,"ELEV_MAX_M":360.0,"PCT_BELOW_5M":0.0,"PCT_BELOW_10M":0.0},"geometry":{"type":"Polygon","coordinates":[[[77.8901,18.9206],[77.8986,18.9104],[77.8917,18.8865],[77.9027,18.8851],[77.9033,18.8693],[77.9295,18.8607],[77.9338,18.848],[77.9483,18.8438],[77.9726,18.8768],[78.0,18.8831],[78.0291,18.8779],[78.0403,18.9001],[78.0008,18.9068],[77.9977,18.9153],[77.9829,18.9214],[77.972,18.9178],[77.9641,18.926],[77.9466,18.9283],[77.9327,18.9224],[77.9306,18.9344],[77.9204,18.9397],[77.8907,18.9322],[77.8901,18.9206]]]}},{"type":"Feature","properties":{"SUBDISTRICT":"Dasturabad","STATE":"Telangana","shapeID":"7132399B22684997105908","source":"geoBoundaries gbOpen IND ADM3 (ODbL 1.0); source: Local Government Directory lgdirectory.gov.in via Pathways Data","DISTRICT":null,"ELEV_MEAN_M":206.0,"ELEV_MIN_M":162.0,"ELEV_MAX_M":398.0,"PCT_BELOW_5M":0.0,"PCT_BELOW_10M":0.0},"geometry":{"type":"Polygon","coordinates":[[[78.8141,19.0834],[78.8299,19.072],[78.836,19.0582],[78.9025,19.0309],[78.95,19.0691],[78.9437,19.1015],[78.924,19.1341],[78.9151,19.1336],[78.8836,19.0946],[78.8775,19.1066],[78.834,19.1305],[78.823,19.1214],[78.8196,19.1078],[78.8246,19.0998],[78.8167,19.0861],[78.8141,19.0834]]]}},{"type":"Feature","properties":{"SUBDISTRICT":"Narsapur G","STATE":"Telangana","shapeID":"7132399B89200882211961","source":"geoBoundaries gbOpen IND ADM3 (ODbL 1.0); source: Local Government Directory lgdirectory.gov.in via Pathways Data","DISTRICT":null,"ELEV_MEAN_M":371.4,"ELEV_MIN_M":328.0,"ELEV_MAX_M":484.0,"PCT_BELOW_5M":0.0,"PCT_BELOW_10M":0.0},"geometry":{"type":"Polygon","coordinates":[[[78.0874,19.0768],[78.1489,19.0795],[78.1543,19.0542],[78.1784,19.0088],[78.1882,19.0553],[78.2003,19.0609],[78.2004,19.0922],[78.1947,19.0974],[78.2194,19.1272],[78.2169,19.1366],[78.1766,19.1428],[78.1808,19.1805],[78.2052,19.191],[78.1986,19.2047],[78.181,19.201],[78.1745,19.2375],[78.1542,19.2312],[78.1451,19.2098],[78.1322,19.2048],[78.1304,19.1867],[78.1396,19.1679],[78.1312,19.1439],[78.1245,19.1402],[78.1176,19.1028],[78.0936,19.095],[78.0968,19.0869],[78.0905,19.0769],[78.0874,19.0768]]]}},{"type":"Feature","properties":{"SUBDISTRICT":"Nirmal Rural","STATE":"Telangana","shapeID":"7132399B37851380012271","source":"geoBoundaries gbOpen IND ADM3 (ODbL 1.0); source: Local Government Directory lgdirectory.gov.in via Pathways Data","DISTRICT":null,"ELEV_MEAN_M":346.9,"ELEV_MIN_M":311.0,"ELEV_MAX_M":542.0,"PCT_BELOW_5M":0.0,"PCT_BELOW_10M":0.0},"geometry":{"type":"MultiPolygon","coordinates":[[[[78.2813,19.0763],[78.2894,19.0386],[78.3127,19.0472],[78.3288,19.0293],[78.3395,19.0353],[78.3259,19.0631],[78.3296,19.0795],[78.3106,19.088],[78.3188,19.1131],[78.307,19.1178],[78.2888,19.1139],[78.2946,19.0962],[78.2813,19.0801],[78.2813,19.0763]]],[[[78.3294,19.1448],[78.3366,19.1369],[78.353,19.1378],[78.3627,19.1315],[78.347,19.1192],[78.3578,19.1097],[78.3602,19.0838],[78.3691,19.0744],[78.3575,19.0712],[78.3479,19.0577],[78.3657,19.0479],[78.3646,19.0333],[78.3973,19.0345],[78.3928,19.0624],[78.3985,19.0676],[78.4354,19.0643],[78.4418,19.0824],[78.4181,19.0821],[78.3958,19.093],[78.3973,19.1118],[78.4078,19.1292],[78.3937,19.1671],[78.3585,19.1884],[78.3605,19.1756],[78.35,19.1732],[78.3511,19.1663],[78.3333,19.1497],[78.3294,19.1448]]]]}},{"type":"Feature","properties":{"SUBDISTRICT":"Pembi","STATE":"Telangana","shapeID":"7132399B82321204151757","source":"geoBoundaries gbOpen IND ADM3 (ODbL 1.0); source: Local Government Directory lgdirectory.gov.in via Pathways Data","DISTRICT":null,"ELEV_MEAN_M":320.7,"ELEV_MIN_M":216.0,"ELEV_MAX_M":560.0,"PCT_BELOW_5M":0.0,"PCT_BELOW_10M":0.0},"geometry":{"type":"Polygon","coordinates":[[[78.4674,19.1827],[78.491,19.1762],[78.4985,19.146],[78.5421,19.1176],[78.5604,19.1156],[78.564,19.1318],[78.5763,19.1386],[78.5895,19.133],[78.591,19.1046],[78.6067,19.0932],[78.615,19.1127],[78.6372,19.1075],[78.6372,19.1367],[78.644,19.1398],[78.6367,19.1429],[78.6585,19.171],[78.6621,19.1911],[78.6762,19.1838],[78.6847,19.2009],[78.6901,19.2912],[78.6844,19.3067],[78.6716,19.3162],[78.6601,19.3216],[78.6274,19.315],[78.618,19.324],[78.6143,19.2789],[78.5945,19.2775],[78.5826,19.2639],[78.5609,19.2594],[78.5147,19.2346],[78.5065,19.2216],[78.4882,19.2185],[78.4939,19.2106],[78.4907,19.2009],[78.4741,19.1907],[78.4674,19.1827]]]}},{"type":"Feature","properties":{"SUBDISTRICT":"Soan","STATE":"Telangana","shapeID":"7132399B8449261921233","source":"geoBoundaries gbOpen IND ADM3 (ODbL 1.0); source: Local Government Directory lgdirectory.gov.in via Pathways Data","DISTRICT":null,"ELEV_MEAN_M":319.4,"ELEV_MIN_M":294.0,"ELEV_MAX_M":347.0,"PCT_BELOW_5M":0.0,"PCT_BELOW_10M":0.0},"geometry":{"type":"Polygon","coordinates":[[[78.2774,18.9588],[78.2816,18.9452],[78.3037,18.9462],[78.3695,18.9866],[78.4036,18.99],[78.409,19.0049],[78.4009,19.0142],[78.4021,19.0316],[78.3756,19.0375],[78.3646,19.0333],[78.3657,19.0479],[78.3528,19.0522],[78.3438,19.0656],[78.3297,19.0677],[78.3259,19.0631],[78.3395,19.0353],[78.3288,19.0293],[78.3127,19.0472],[78.2894,19.0386],[78.3098,19.0091],[78.278,18.9704],[78.2774,18.9588]]]}},{"type":"Feature","properties":{"SUBDISTRICT":"Chandur","STATE":"Telangana","shapeID":"7132399B20501983379866","source":"geoBoundaries gbOpen IND ADM3 (ODbL 1.0); source: Local Government Directory lgdirectory.gov.in via Pathways Data","DISTRICT":null,"ELEV_MEAN_M":424.8,"ELEV_MIN_M":383.0,"ELEV_MAX_M":645.0,"PCT_BELOW_5M":0.0,"PCT_BELOW_10M":0.0},"geometry":{"type":"Polygon","coordinates":[[[77.9256,18.564],[77.9572,18.5361],[78.0224,18.4965],[78.0233,18.528],[78.008,18.5344],[77.997,18.5485],[77.9686,18.5522],[77.9587,18.5756],[77.9378,18.5762],[77.9321,18.5871],[77.9265,18.5699],[77.9256,18.564]]]}},{"type":"Feature","properties":{"SUBDISTRICT":"Indalwai","STATE":"Telangana","shapeID":"7132399B85018838130345","source":"geoBoundaries gbOpen IND ADM3 (ODbL 1.0); source: Local Government Directory lgdirectory.gov.in via Pathways Data","DISTRICT":null,"ELEV_MEAN_M":472.7,"ELEV_MIN_M":394.0,"ELEV_MAX_M":609.0,"PCT_BELOW_5M":0.0,"PCT_BELOW_10M":0.0},"geometry":{"type":"Polygon","coordinates":[[[78.1575,18.5262],[78.1784,18.493],[78.2196,18.4783],[78.227,18.4828],[78.2409,18.4531],[78.2828,18.4435],[78.2979,18.4559],[78.3382,18.4679],[78.3371,18.4537],[78.3577,18.4447],[78.3594,18.4702],[78.3522,18.4981],[78.3227,18.5059],[78.3079,18.5245],[78.3197,18.5829],[78.2737,18.5905],[78.2617,18.577],[78.2551,18.5537],[78.2147,18.5816],[78.1766,18.5539],[78.1758,18.5427],[78.1583,18.5296],[78.1575,18.5262]]]}},{"type":"Feature","properties":{"SUBDISTRICT":"Mendora","STATE":"Telangana","shapeID":"7132399B90326987755944","source":"geoBoundaries gbOpen IND ADM3 (ODbL 1.0); source: Local Government Directory lgdirectory.gov.in via Pathways Data","DISTRICT":null,"ELEV_MEAN_M":314.2,"ELEV_MIN_M":293.0,"ELEV_MAX_M":336.0,"PCT_BELOW_5M":0.0,"PCT_BELOW_10M":0.0},"geometry":{"type":"Polygon","coordinates":[[[78.3373,18.9641],[78.3542,18.9491],[78.353,18.9324],[78.3613,18.9255],[78.3757,18.9316],[78.3861,18.9172],[78.4006,18.9107],[78.4334,18.9107],[78.4492,18.917],[78.4517,18.938],[78.4355,18.9504],[78.4369,18.9638],[78.4054,18.9896],[78.3829,18.99],[78.3564,18.9784],[78.3373,18.9641]]]}},{"type":"Feature","properties":{"SUBDISTRICT":"Mosara","STATE":"Telangana","shapeID":"7132399B65638555554176","source":"geoBoundaries gbOpen IND ADM3 (ODbL 1.0); source: Local Government Directory lgdirectory.gov.in via Pathways Data","DISTRICT":null,"ELEV_MEAN_M":419.3,"ELEV_MIN_M":380.0,"ELEV_MAX_M":567.0,"PCT_BELOW_5M":0.0,"PCT_BELOW_10M":0.0},"geometry":{"type":"Polygon","coordinates":[[[77.9321,18.5871],[77.9378,18.5762],[77.9587,18.5756],[77.9686,18.5522],[77.997,18.5485],[78.008,18.5344],[78.0233,18.528],[78.0229,18.5027],[78.0342,18.5382],[78.0148,18.5593],[78.0293,18.5762],[78.0276,18.5845],[78.0209,18.5853],[77.9948,18.5553],[77.9789,18.6107],[77.9608,18.6267],[77.9448,18.6126],[77.944,18.5983],[77.9344,18.5906],[77.9321,18.5871]]]}},{"type":"Feature","properties":{"SUBDISTRICT":"Mugpal","STATE":"Telangana","shapeID":"7132399B74685136826543","source":"geoBoundaries gbOpen IND ADM3 (ODbL 1.0); source: Local Government Directory lgdirectory.gov.in via Pathways Data","DISTRICT":null,"ELEV_MEAN_M":468.7,"ELEV_MIN_M":382.0,"ELEV_MAX_M":666.0,"PCT_BELOW_5M":0.0,"PCT_BELOW_10M":0.0},"geometry":{"type":"Polygon","coordinates":[[[78.0148,18.5593],[78.0342,18.5382],[78.0224,18.4974],[78.029,18.4778],[78.043,18.4842],[78.057,18.5027],[78.0713,18.4936],[78.1489,18.4797],[78.1685,18.5059],[78.1575,18.5262],[78.1772,18.5464],[78.1652,18.5637],[78.1597,18.6059],[78.1214,18.6227],[78.1084,18.6532],[78.0935,18.6594],[78.0897,18.6429],[78.0747,18.6325],[78.077,18.6145],[78.0712,18.6035],[78.0496,18.591],[78.0497,18.5733],[78.0299,18.5787],[78.0158,18.5624],[78.0148,18.5593]]]}},{"type":"Feature","properties":{"SUBDISTRICT":"Mupkal","STATE":"Telangana","shapeID":"7132399B65978468668615","source":"geoBoundaries gbOpen IND ADM3 (ODbL 1.0); source: Local Government Directory lgdirectory.gov.in via Pathways Data","DISTRICT":null,"ELEV_MEAN_M":331.0,"ELEV_MIN_M":307.0,"ELEV_MAX_M":394.0,"PCT_BELOW_5M":0.0,"PCT_BELOW_10M":0.0},"geometry":{"type":"Polygon","coordinates":[[[78.3232,18.9552],[78.3368,18.933],[78.3352,18.9115],[78.3456,18.9012],[78.3421,18.8871],[78.3506,18.8832],[78.3489,18.8711],[78.3714,18.8716],[78.3911,18.8636],[78.395,18.8757],[78.4325,18.886],[78.444,18.9032],[78.4115,18.9041],[78.3861,18.9172],[78.3757,18.9316],[78.3613,18.9255],[78.353,18.9324],[78.3542,18.9491],[78.3373,18.9641],[78.3232,18.9552],[78.3232,18.9552]]]}},{"type":"Feature","properties":{"SUBDISTRICT":"Nizamabad Rural","STATE":"Telangana","shapeID":"7132399B3085805708690","source":"geoBoundaries gbOpen IND ADM3 (ODbL 1.0); source: Local Government Directory lgdirectory.gov.in via Pathways Data","DISTRICT":null,"ELEV_MEAN_M":402.2,"ELEV_MIN_M":353.0,"ELEV_MAX_M":510.0,"PCT_BELOW_5M":0.0,"PCT_BELOW_10M":0.0},"geometry":{"type":"MultiPolygon","coordinates":[[[[78.0935,18.6594],[78.1084,18.6532],[78.108,18.6602],[78.1177,18.6639],[78.1527,18.6581],[78.1759,18.6648],[78.1682,18.6677],[78.1587,18.6937],[78.1403,18.6912],[78.1402,18.7031],[78.1323,18.6845],[78.1192,18.6991],[78.1081,18.6797],[78.0942,18.6802],[78.0937,18.6597],[78.0935,18.6594]]],[[[77.9771,18.6138],[77.9948,18.5553],[78.0209,18.5853],[78.0497,18.5733],[78.0496,18.591],[78.067,18.5989],[78.077,18.6186],[78.0723,18.6354],[78.0422,18.6484],[78.0495,18.6756],[78.0456,18.6864],[78.0641,18.6894],[78.0814,18.6837],[78.0927,18.6911],[78.1019,18.7117],[78.1118,18.7081],[78.0877,18.7427],[78.1049,18.7482],[78.089,18.7843],[78.0751,18.7729],[78.0556,18.7701],[78.0462,18.7375],[78.0567,18.7276],[78.0514,18.7144],[78.0334,18.7346],[78.017,18.7353],[78.0064,18.7141],[78.0403,18.7064],[78.028,18.7001],[78.0192,18.6788],[78.0244,18.6468],[78.0072,18.6126],[77.991,18.6199],[77.9811,18.6176],[77.9771,18.6138]]]]}},{"type":"Feature","properties":{"SUBDISTRICT":"Nizamabad South","STATE":"Telangana","shapeID":"7132399B90431498100892","source":"geoBoundaries gbOpen IND ADM3 (ODbL 1.0); source: Local Government Directory lgdirectory.gov.in via Pathways Data","DISTRICT":null,"ELEV_MEAN_M":385.6,"ELEV_MIN_M":367.0,"ELEV_MAX_M":509.0,"PCT_BELOW_5M":0.0,"PCT_BELOW_10M":0.0},"geometry":{"type":"Polygon","coordinates":[[[77.8288,18.5878],[77.8434,18.5764],[77.8396,18.5633],[77.8568,18.5582],[77.8689,18.5394],[77.8817,18.5365],[77.8818,18.5283],[77.8968,18.5227],[77.8939,18.5441],[77.9107,18.552],[77.9145,18.5636],[77.8742,18.6094],[77.8408,18.608],[77.8367,18.5907],[77.8292,18.5894],[77.8288,18.5878]]]}},{"type":"Feature","properties":{"SUBDISTRICT":"Yergatla","STATE":"Telangana","shapeID":"7132399B39645750324656","source":"geoBoundaries gbOpen IND ADM3 (ODbL 1.0); source: Local Government Directory lgdirectory.gov.in via Pathways Data","DISTRICT":null,"ELEV_MEAN_M":305.0,"ELEV_MIN_M":279.0,"ELEV_MAX_M":398.0,"PCT_BELOW_5M":0.0,"PCT_BELOW_10M":0.0},"geometry":{"type":"Polygon","coordinates":[[[78.4006,18.9107],[78.4115,18.9041],[78.444,18.9032],[78.4306,18.8856],[78.4282,18.8685],[78.433,18.8684],[78.5233,18.9093],[78.5338,18.9436],[78.5106,18.9604],[78.4989,18.9656],[78.4656,18.9592],[78.4369,18.9638],[78.4355,18.9504],[78.4517,18.938],[78.451,18.9197],[78.4334,18.9107],[78.4039,18.9109],[78.4006,18.9107]]]}},{"type":"Feature","properties":{"SUBDISTRICT":"Rudrur","STATE":"Telangana","shapeID":"7132399B91324314315241","source":"geoBoundaries gbOpen IND ADM3 (ODbL 1.0); source: Local Government Directory lgdirectory.gov.in via Pathways Data","DISTRICT":null,"ELEV_MEAN_M":377.5,"ELEV_MIN_M":369.0,"ELEV_MAX_M":389.0,"PCT_BELOW_5M":0.0,"PCT_BELOW_10M":0.0},"geometry":{"type":"Polygon","coordinates":[[[78.092,18.6874],[78.0952,18.6795],[78.1081,18.6797],[78.1191,18.697],[78.1033,18.7122],[78.0921,18.6888],[78.092,18.6874]]]}},{"type":"Feature","properties":{"SUBDISTRICT":"Anthergaon","STATE":"Telangana","shapeID":"7132399B76287677642368","source":"geoBoundaries gbOpen IND ADM3 (ODbL 1.0); source: Local Government Directory lgdirectory.gov.in via Pathways Data","DISTRICT":null,"ELEV_MEAN_M":149.3,"ELEV_MIN_M":127.0,"ELEV_MAX_M":252.0,"PCT_BELOW_5M":0.0,"PCT_BELOW_10M":0.0},"geometry":{"type":"Polygon","coordinates":[[[79.3174,18.7824],[79.3303,18.7722],[79.3423,18.7917],[79.3741,18.7738],[79.3959,18.7864],[79.4128,18.7792],[79.4163,18.8044],[79.4629,18.8389],[79.4426,18.8567],[79.4028,18.8726],[79.3891,18.8711],[79.3617,18.8331],[79.3196,18.823],[79.3236,18.8095],[79.3184,18.787],[79.3174,18.7824]]]}},{"type":"Feature","properties":{"SUBDISTRICT":"Palakurthy","STATE":"Telangana","shapeID":"7132399B55557043484835","source":"geoBoundaries gbOpen IND ADM3 (ODbL 1.0); source: Local Government Directory lgdirectory.gov.in via Pathways Data","DISTRICT":null,"ELEV_MEAN_M":192.2,"ELEV_MIN_M":127.0,"ELEV_MAX_M":411.0,"PCT_BELOW_5M":0.0,"PCT_BELOW_10M":0.0},"geometry":{"type":"Polygon","coordinates":[[[79.2814,18.7617],[79.2938,18.7458],[79.3144,18.7466],[79.3165,18.7239],[79.3321,18.6999],[79.3505,18.7002],[79.4095,18.6792],[79.4334,18.6794],[79.4573,18.656],[79.4721,18.6736],[79.4898,18.6722],[79.5086,18.6892],[79.5079,18.7104],[79.4994,18.716],[79.4962,18.7066],[79.4759,18.6962],[79.4623,18.7153],[79.4373,18.7014],[79.4096,18.7629],[79.3775,18.7721],[79.3423,18.7917],[79.3271,18.7733],[79.3174,18.7824],[79.3236,18.8095],[79.3196,18.823],[79.2941,18.8292],[79.2954,18.7933],[79.2837,18.7721],[79.2814,18.7617]]]}},{"type":"Feature","properties":{"SUBDISTRICT":"Ramagiri","STATE":"Telangana","shapeID":"7132399B68495411095555","source":"geoBoundaries gbOpen IND ADM3 (ODbL 1.0); source: Local Government Directory lgdirectory.gov.in via Pathways Data","DISTRICT":null,"ELEV_MEAN_M":192.2,"ELEV_MIN_M":82.0,"ELEV_MAX_M":542.0,"PCT_BELOW_5M":0.0,"PCT_BELOW_10M":0.0},"geometry":{"type":"Polygon","coordinates":[[[79.4912,18.5885],[79.5277,18.5723],[79.5641,18.5658],[79.5729,18.5791],[79.6224,18.5649],[79.6306,18.5705],[79.6352,18.5916],[79.6149,18.5877],[79.5957,18.5992],[79.5952,18.6396],[79.5575,18.658],[79.5586,18.6785],[79.5727,18.6997],[79.57,18.7202],[79.6147,18.7513],[79.5696,18.782],[79.4966,18.7389],[79.4994,18.716],[79.5079,18.7104],[79.5442,18.7078],[79.5469,18.6887],[79.544,18.654],[79.5368,18.6507],[79.5442,18.6389],[79.5403,18.6318],[79.5108,18.6378],[79.5093,18.6287],[79.4992,18.6301],[79.4949,18.5964],[79.4912,18.5885]]]}},{"type":"Feature","properties":{"SUBDISTRICT":"Rudrangi","STATE":"Telangana","shapeID":"7132399B53535161996516","source":"geoBoundaries gbOpen IND ADM3 (ODbL 1.0); source: Local Government Directory lgdirectory.gov.in via Pathways Data","DISTRICT":null,"ELEV_MEAN_M":479.0,"ELEV_MIN_M":352.0,"ELEV_MAX_M":638.0,"PCT_BELOW_5M":0.0,"PCT_BELOW_10M":0.0},"geometry":{"type":"Polygon","coordinates":[[[78.5728,18.6861],[78.5802,18.6724],[78.5762,18.6546],[78.5888,18.6398],[78.5876,18.607],[78.6118,18.5839],[78.6339,18.5902],[78.6433,18.5839],[78.7215,18.5852],[78.7398,18.6188],[78.7122,18.6299],[78.6751,18.6187],[78.6792,18.6253],[78.6595,18.6433],[78.6424,18.6961],[78.5876,18.692],[78.5728,18.6861]]]}},{"type":"Feature","properties":{"SUBDISTRICT":"Thangallapalli","STATE":"Telangana","shapeID":"7132399B66925841681460","source":"geoBoundaries gbOpen IND ADM3 (ODbL 1.0); source: Local Government Directory lgdirectory.gov.in via Pathways Data","DISTRICT":null,"ELEV_MEAN_M":367.8,"ELEV_MIN_M":300.0,"ELEV_MAX_M":494.0,"PCT_BELOW_5M":0.0,"PCT_BELOW_10M":0.0},"geometry":{"type":"Polygon","coordinates":[[[78.7565,18.3108],[78.7807,18.289],[78.784,18.2633],[78.843,18.2508],[78.8774,18.2791],[78.887,18.311],[78.8816,18.3325],[78.8857,18.3648],[78.8926,18.367],[78.8993,18.3533],[78.9162,18.3529],[78.9425,18.3696],[78.9485,18.3867],[78.9364,18.3947],[78.9085,18.3928],[78.8803,18.4019],[78.8619,18.3977],[78.8673,18.3896],[78.8436,18.3704],[78.7818,18.3527],[78.759,18.3531],[78.7573,18.3233],[78.7565,18.3108]]]}},{"type":"Feature","properties":{"SUBDISTRICT":"Veernapalli","STATE":"Telangana","shapeID":"7132399B45333783623638","source":"geoBoundaries gbOpen IND ADM3 (ODbL 1.0); source: Local Government Directory lgdirectory.gov.in via Pathways Data","DISTRICT":null,"ELEV_MEAN_M":506.1,"ELEV_MIN_M":413.0,"ELEV_MAX_M":651.0,"PCT_BELOW_5M":0.0,"PCT_BELOW_10M":0.0},"geometry":{"type":"Polygon","coordinates":[[[78.5245,18.4703],[78.5511,18.4462],[78.5528,18.4309],[78.5478,18.4251],[78.5704,18.4074],[78.5953,18.4217],[78.624,18.4204],[78.6353,18.4343],[78.6767,18.4423],[78.6637,18.4637],[78.6327,18.4936],[78.6362,18.518],[78.5802,18.5469],[78.5587,18.5366],[78.5259,18.4755],[78.5245,18.4703]]]}},{"type":"Feature","properties":{"SUBDISTRICT":"Vemulawada Rural","STATE":"Telangana","shapeID":"7132399B39525032865094","source":"geoBoundaries gbOpen IND ADM3 (ODbL 1.0); source: Local Government Directory lgdirectory.gov.in via Pathways Data","DISTRICT":null,"ELEV_MEAN_M":357.0,"ELEV_MIN_M":296.0,"ELEV_MAX_M":465.0,"PCT_BELOW_5M":0.0,"PCT_BELOW_10M":0.0},"geometry":{"type":"MultiPolygon","coordinates":[[[[78.8492,18.4001],[78.8803,18.4019],[78.9214,18.3916],[78.9364,18.3947],[78.9257,18.4099],[78.8997,18.4228],[78.8938,18.4177],[78.8937,18.429],[78.8579,18.4164],[78.8515,18.4077],[78.8492,18.4001]]],[[[78.7833,18.4909],[78.7862,18.4696],[78.8173,18.4678],[78.8428,18.4507],[78.8485,18.4581],[78.8339,18.4719],[78.8394,18.4825],[78.8552,18.5025],[78.8774,18.4999],[78.8719,18.5118],[78.8739,18.5303],[78.8955,18.5301],[78.8965,18.543],[78.9083,18.5608],[78.8844,18.5828],[78.8472,18.5863],[78.8122,18.5433],[78.8245,18.5273],[78.822,18.5059],[78.7902,18.5262],[78.7946,18.5046],[78.7845,18.4952],[78.7833,18.4909]]]]}},{"type":"Feature","properties":{"SUBDISTRICT":"Abdullapurmet","STATE":"Telangana","shapeID":"7132399B33331566730456","source":"geoBoundaries gbOpen IND ADM3 (ODbL 1.0); source: Local Government Directory lgdirectory.gov.in via Pathways Data","DISTRICT":null,"ELEV_MEAN_M":493.2,"ELEV_MIN_M":395.0,"ELEV_MAX_M":618.0,"PCT_BELOW_5M":0.0,"PCT_BELOW_10M":0.0},"geometry":{"type":"Polygon","coordinates":[[[78.5409,17.2362],[78.5718,17.2408],[78.6553,17.2294],[78.6941,17.256],[78.7248,17.2549],[78.7629,17.2644],[78.7556,17.272],[78.7612,17.2796],[78.7473,17.2968],[78.7695,17.3113],[78.7469,17.3258],[78.7703,17.3407],[78.77,17.3486],[78.7516,17.3587],[78.7036,17.3614],[78.7068,17.3733],[78.6926,17.3874],[78.6783,17.384],[78.6577,17.3926],[78.6489,17.3693],[78.6374,17.3682],[78.6231,17.3763],[78.6008,17.3748],[78.5992,17.3634],[78.6211,17.3543],[78.6346,17.3578],[78.6488,17.3522],[78.651,17.3237],[78.6569,17.32],[78.6492,17.3035],[78.612,17.2953],[78.608,17.2874],[78.5925,17.2905],[78.5857,17.279],[78.568,17.301],[78.5457,17.3093],[78.5549,17.2881],[78.542,17.2489],[78.5409,17.2362]]]}},{"type":"Feature","properties":{"SUBDISTRICT":"Balapur","STATE":"Telangana","shapeID":"7132399B42285998787354","source":"geoBoundaries gbOpen IND ADM3 (ODbL 1.0); source: Local Government Directory lgdirectory.gov.in via Pathways Data","DISTRICT":null,"ELEV_MEAN_M":569.7,"ELEV_MIN_M":497.0,"ELEV_MAX_M":645.0,"PCT_BELOW_5M":0.0,"PCT_BELOW_10M":0.0},"geometry":{"type":"Polygon","coordinates":[[[78.4142,17.2544],[78.4233,17.2274],[78.4634,17.2381],[78.477,17.2263],[78.4914,17.2333],[78.5409,17.2362],[78.5549,17.2881],[78.5469,17.3006],[78.5446,17.3404],[78.5145,17.3424],[78.5134,17.3281],[78.4826,17.3037],[78.4763,17.3014],[78.4562,17.3167],[78.4379,17.3012],[78.416,17.264],[78.4142,17.2544]]]}},{"type":"Feature","properties":{"SUBDISTRICT":"Gandipet","STATE":"Telangana","shapeID":"7132399B2309280147631","source":"geoBoundaries gbOpen IND ADM3 (ODbL 1.0); source: Local Government Directory lgdirectory.gov.in via Pathways Data","DISTRICT":null,"ELEV_MEAN_M":541.8,"ELEV_MIN_M":484.0,"ELEV_MAX_M":611.0,"PCT_BELOW_5M":0.0,"PCT_BELOW_10M":0.0},"geometry":{"type":"Polygon","coordinates":[[[78.2813,17.404],[78.3025,17.3888],[78.3368,17.3453],[78.3362,17.3096],[78.3272,17.3064],[78.3208,17.2801],[78.3365,17.2822],[78.3462,17.2968],[78.357,17.2923],[78.3677,17.3044],[78.3815,17.3017],[78.3884,17.325],[78.3973,17.3247],[78.3799,17.3425],[78.3811,17.3758],[78.3945,17.3782],[78.3925,17.4119],[78.3728,17.4068],[78.342,17.4191],[78.3179,17.41],[78.2863,17.4167],[78.2826,17.4052],[78.2813,17.404]]]}},{"type":"Feature","properties":{"SUBDISTRICT":"Jilled Chowdergudem","STATE":"Telangana","shapeID":"7132399B8563051891716","source":"geoBoundaries gbOpen IND ADM3 (ODbL 1.0); source: Local Government Directory lgdirectory.gov.in via Pathways Data","DISTRICT":null,"ELEV_MEAN_M":652.7,"ELEV_MIN_M":616.0,"ELEV_MAX_M":692.0,"PCT_BELOW_5M":0.0,"PCT_BELOW_10M":0.0},"geometry":{"type":"Polygon","coordinates":[[[77.9229,17.0623],[77.9404,17.0236],[77.9792,17.0083],[77.9783,17.0024],[77.9914,16.9942],[77.9983,16.9987],[77.9989,17.0177],[78.0137,17.02],[78.0188,17.0394],[78.0179,17.0499],[78.0101,17.0524],[78.0005,17.1145],[78.0044,17.1301],[78.0332,17.1448],[78.0164,17.1502],[77.9926,17.1269],[77.9906,17.1031],[77.9558,17.0974],[77.9536,17.0903],[77.9359,17.0858],[77.9506,17.0738],[77.9295,17.067],[77.9229,17.0623]]]}},{"type":"Feature","properties":{"SUBDISTRICT":"Kadthal","STATE":"Telangana","shapeID":"7132399B80899542075195","source":"geoBoundaries gbOpen IND ADM3 (ODbL 1.0); source: Local Government Directory lgdirectory.gov.in via Pathways Data","DISTRICT":null,"ELEV_MEAN_M":636.0,"ELEV_MIN_M":524.0,"ELEV_MAX_M":711.0,"PCT_BELOW_5M":0.0,"PCT_BELOW_10M":0.0},"geometry":{"type":"Polygon","coordinates":[[[78.3772,16.9845],[78.4027,16.9758],[78.4354,16.9759],[78.4304,16.9495],[78.4817,16.9444],[78.4812,16.9342],[78.4886,16.9259],[78.4937,16.9325],[78.5287,16.9383],[78.551,16.9145],[78.5794,16.9084],[78.5893,16.9187],[78.5852,16.9518],[78.5621,16.9807],[78.5225,16.9922],[78.5108,17.0133],[78.4965,17.0093],[78.4792,16.9879],[78.4609,16.9818],[78.4432,17.0077],[78.394,17.0323],[78.3795,16.9885],[78.3772,16.9845]]]}},{"type":"Feature","properties":{"SUBDISTRICT":"Nandigama","STATE":"Telangana","shapeID":"7132399B35743341904387","source":"geoBoundaries gbOpen IND ADM3 (ODbL 1.0); source: Local Government Directory lgdirectory.gov.in via Pathways Data","DISTRICT":null,"ELEV_MEAN_M":609.7,"ELEV_MIN_M":575.0,"ELEV_MAX_M":660.0,"PCT_BELOW_5M":0.0,"PCT_BELOW_10M":0.0},"geometry":{"type":"Polygon","coordinates":[[[78.1708,17.1628],[78.1787,17.1507],[78.1931,17.1461],[78.18,17.1334],[78.1821,17.1256],[78.1984,17.1245],[78.1925,17.1129],[78.1986,17.1054],[78.2063,17.0998],[78.2436,17.0978],[78.2533,17.0834],[78.2656,17.0887],[78.28,17.1343],[78.3196,17.1401],[78.2785,17.1618],[78.248,17.1672],[78.2455,17.183],[78.269,17.1849],[78.2697,17.1949],[78.2309,17.2001],[78.2268,17.2061],[78.2139,17.1857],[78.1734,17.171],[78.1708,17.1628]]]}},{"type":"Feature","properties":{"SUBDISTRICT":"Ameenpur","STATE":"Telangana","shapeID":"7132399B27350588940672","source":"geoBoundaries gbOpen IND ADM3 (ODbL 1.0); source: Local Government Directory lgdirectory.gov.in via Pathways Data","DISTRICT":null,"ELEV_MEAN_M":551.4,"ELEV_MIN_M":526.0,"ELEV_MAX_M":592.0,"PCT_BELOW_5M":0.0,"PCT_BELOW_10M":0.0},"geometry":{"type":"Polygon","coordinates":[[[78.2524,17.5313],[78.2588,17.5229],[78.2789,17.5345],[78.3069,17.5279],[78.3184,17.498],[78.3356,17.5046],[78.3545,17.5235],[78.349,17.5437],[78.3244,17.5429],[78.3096,17.5708],[78.2596,17.5552],[78.2616,17.5381],[78.253,17.5345],[78.2524,17.5313]]]}},{"type":"Feature","properties":{"SUBDISTRICT":"Gummadidala","STATE":"Telangana","shapeID":"7132399B73884745444719","source":"geoBoundaries gbOpen IND ADM3 (ODbL 1.0); source: Local Government Directory lgdirectory.gov.in via Pathways Data","DISTRICT":null,"ELEV_MEAN_M":619.6,"ELEV_MIN_M":571.0,"ELEV_MAX_M":660.0,"PCT_BELOW_5M":0.0,"PCT_BELOW_10M":0.0},"geometry":{"type":"Polygon","coordinates":[[[78.302,17.7283],[78.3299,17.7004],[78.328,17.676],[78.3355,17.6578],[78.3255,17.6486],[78.3581,17.6382],[78.3535,17.6235],[78.3623,17.6133],[78.3604,17.6234],[78.382,17.6329],[78.3872,17.6652],[78.3957,17.673],[78.4203,17.6696],[78.4303,17.7009],[78.4429,17.703],[78.4368,17.7152],[78.3818,17.7005],[78.3644,17.7328],[78.3401,17.7553],[78.3328,17.7569],[78.3055,17.7358],[78.302,17.7283]]]}},{"type":"Feature","properties":{"SUBDISTRICT":"Kandi","STATE":"Telangana","shapeID":"7132399B86197105254852","source":"geoBoundaries gbOpen IND ADM3 (ODbL 1.0); source: Local Government Directory lgdirectory.gov.in via Pathways Data","DISTRICT":null,"ELEV_MEAN_M":545.8,"ELEV_MIN_M":498.0,"ELEV_MAX_M":624.0,"PCT_BELOW_5M":0.0,"PCT_BELOW_10M":0.0},"geometry":{"type":"Polygon","coordinates":[[[78.0592,17.5594],[78.0624,17.5344],[78.0743,17.5292],[78.0746,17.5222],[78.0819,17.5244],[78.0854,17.4971],[78.1036,17.4925],[78.1106,17.4828],[78.1364,17.4878],[78.1448,17.5039],[78.163,17.5147],[78.1681,17.5409],[78.1672,17.5487],[78.1459,17.5509],[78.1406,17.5736],[78.1805,17.5983],[78.2079,17.6027],[78.2242,17.6313],[78.2245,17.6399],[78.2017,17.658],[78.1791,17.639],[78.1599,17.6387],[78.1612,17.6225],[78.1484,17.6004],[78.1236,17.6051],[78.113,17.5971],[78.1049,17.6078],[78.0973,17.6028],[78.0882,17.5536],[78.0594,17.561],[78.0592,17.5594]]]}},{"type":"Feature","properties":{"SUBDISTRICT":"Mogudampally","STATE":"Telangana","shapeID":"7132399B5789516960679","source":"geoBoundaries gbOpen IND ADM3 (ODbL 1.0); source: Local Government Directory lgdirectory.gov.in via Pathways Data","DISTRICT":null,"ELEV_MEAN_M":620.3,"ELEV_MIN_M":518.0,"ELEV_MAX_M":670.0,"PCT_BELOW_5M":0.0,"PCT_BELOW_10M":0.0},"geometry":{"type":"Polygon","coordinates":[[[77.4435,17.5841],[77.4649,17.5797],[77.4778,17.5678],[77.4937,17.569],[77.5054,17.5437],[77.5312,17.576],[77.5405,17.5741],[77.5523,17.5523],[77.5938,17.5656],[77.5962,17.5472],[77.6087,17.5547],[77.6044,17.5728],[77.5762,17.5829],[77.5774,17.6033],[77.5571,17.6215],[77.5446,17.6746],[77.5215,17.6933],[77.5066,17.6918],[77.5006,17.6807],[77.486,17.6931],[77.4847,17.7094],[77.4539,17.6938],[77.4486,17.651],[77.4568,17.6334],[77.4501,17.6099],[77.4449,17.6093],[77.4457,17.5985],[77.4435,17.5841]]]}},{"type":"Feature","properties":{"SUBDISTRICT":"Nagalgidda","STATE":"Telangana","shapeID":"7132399B85213243868617","source":"geoBoundaries gbOpen IND ADM3 (ODbL 1.0); source: Local Government Directory lgdirectory.gov.in via Pathways Data","DISTRICT":null,"ELEV_MEAN_M":547.4,"ELEV_MIN_M":472.0,"ELEV_MAX_M":593.0,"PCT_BELOW_5M":0.0,"PCT_BELOW_10M":0.0},"geometry":{"type":"Polygon","coordinates":[[[77.5494,18.0559],[77.5568,18.0369],[77.5887,18.027],[77.596,18.0124],[77.6104,18.0203],[77.6326,17.9948],[77.6462,17.9982],[77.6537,17.9882],[77.6792,17.9913],[77.694,17.9851],[77.7018,17.9985],[77.716,17.9994],[77.7266,18.0108],[77.711,18.0273],[77.7143,18.0335],[77.6991,18.0434],[77.6901,18.0643],[77.67,18.0723],[77.6686,18.0936],[77.6752,18.1081],[77.6495,18.1242],[77.6003,18.1231],[77.6012,18.0865],[77.571,18.0784],[77.5603,18.0643],[77.5511,18.0658],[77.5498,18.0585],[77.5494,18.0559]]]}},{"type":"Feature","properties":{"SUBDISTRICT":"Sirgapoor","STATE":"Telangana","shapeID":"7132399B85726260842834","source":"geoBoundaries gbOpen IND ADM3 (ODbL 1.0); source: Local Government Directory lgdirectory.gov.in via Pathways Data","DISTRICT":null,"ELEV_MEAN_M":479.6,"ELEV_MIN_M":435.0,"ELEV_MAX_M":530.0,"PCT_BELOW_5M":0.0,"PCT_BELOW_10M":0.0},"geometry":{"type":"Polygon","coordinates":[[[77.6321,18.1265],[77.6561,18.1214],[77.6701,18.1089],[77.691,18.1078],[77.6992,18.0984],[77.732,18.1106],[77.7742,18.0981],[77.796,18.1077],[77.7981,18.144],[77.7886,18.1495],[77.7871,18.1608],[77.7718,18.1642],[77.7761,18.1919],[77.7599,18.2076],[77.7448,18.2064],[77.7459,18.211],[77.7162,18.1772],[77.6978,18.172],[77.6998,18.1535],[77.6862,18.1466],[77.6722,18.1765],[77.6521,18.1777],[77.6477,18.1537],[77.6331,18.1289],[77.6321,18.1265]]]}},{"type":"Feature","properties":{"SUBDISTRICT":"Vatpally","STATE":"Telangana","shapeID":"7132399B22327728796255","source":"geoBoundaries gbOpen IND ADM3 (ODbL 1.0); source: Local Government Directory lgdirectory.gov.in via Pathways Data","DISTRICT":null,"ELEV_MEAN_M":543.5,"ELEV_MIN_M":473.0,"ELEV_MAX_M":593.0,"PCT_BELOW_5M":0.0,"PCT_BELOW_10M":0.0},"geometry":{"type":"Polygon","coordinates":[[[77.8241,17.8899],[77.8415,17.8671],[77.8562,17.8783],[77.8686,17.8725],[77.8677,17.8385],[77.8775,17.8291],[77.913,17.8159],[77.9407,17.8147],[77.9483,17.8203],[77.9441,17.8334],[77.9544,17.8635],[77.9804,17.8638],[77.9875,17.888],[77.9389,17.8926],[77.9335,17.9025],[77.9418,17.9195],[77.933,17.9302],[77.9217,17.923],[77.9036,17.9275],[77.904,17.9424],[77.8858,17.9452],[77.8816,17.9563],[77.8722,17.9563],[77.8574,17.9365],[77.8614,17.9222],[77.8458,17.9069],[77.838,17.9044],[77.836,17.9102],[77.8241,17.8899]]]}},{"type":"Feature","properties":{"SUBDISTRICT":"Akkannapet","STATE":"Telangana","shapeID":"7132399B40428430863336","source":"geoBoundaries gbOpen IND ADM3 (ODbL 1.0); source: Local Government Directory lgdirectory.gov.in via Pathways Data","DISTRICT":null,"ELEV_MEAN_M":413.7,"ELEV_MIN_M":363.0,"ELEV_MAX_M":521.0,"PCT_BELOW_5M":0.0,"PCT_BELOW_10M":0.0},"geometry":{"type":"Polygon","coordinates":[[[79.0962,18.025],[79.1488,18.0038],[79.1509,17.9859],[79.1933,17.9946],[79.2341,17.9802],[79.2547,17.9793],[79.2572,18.0004],[79.2835,18.0128],[79.2773,18.0099],[79.2781,18.0305],[79.2903,18.0469],[79.2874,18.0628],[79.2959,18.0785],[79.232,18.0825],[79.2262,18.0732],[79.2112,18.0817],[79.1896,18.0707],[79.1806,18.0868],[79.1459,18.0899],[79.1142,18.0571],[79.121,18.0338],[79.1157,18.0266],[79.0995,18.0262],[79.0962,18.025]]]}},{"type":"Feature","properties":{"SUBDISTRICT":"Komuravelli","STATE":"Telangana","shapeID":"7132399B20856807754536","source":"geoBoundaries gbOpen IND ADM3 (ODbL 1.0); source: Local Government Directory lgdirectory.gov.in via Pathways Data","DISTRICT":null,"ELEV_MEAN_M":510.5,"ELEV_MIN_M":463.0,"ELEV_MAX_M":599.0,"PCT_BELOW_5M":0.0,"PCT_BELOW_10M":0.0},"geometry":{"type":"Polygon","coordinates":[[[78.8284,17.879],[78.8303,17.8739],[78.8723,17.8665],[78.8969,17.8704],[78.9031,17.8798],[78.9181,17.8793],[78.9236,17.8986],[78.9548,17.9288],[78.9576,17.9663],[78.9447,17.9702],[78.9512,17.9855],[78.9298,17.9934],[78.9079,17.9595],[78.8809,17.9633],[78.8518,17.905],[78.8432,17.8944],[78.8327,17.8935],[78.8284,17.879]]]}},{"type":"Feature","properties":{"SUBDISTRICT":"Markook","STATE":"Telangana","shapeID":"7132399B69331360345616","source":"geoBoundaries gbOpen IND ADM3 (ODbL 1.0); source: Local Government Directory lgdirectory.gov.in via Pathways Data","DISTRICT":null,"ELEV_MEAN_M":586.8,"ELEV_MIN_M":538.0,"ELEV_MAX_M":630.0,"PCT_BELOW_5M":0.0,"PCT_BELOW_10M":0.0},"geometry":{"type":"Polygon","coordinates":[[[78.668,17.7808],[78.6704,17.7605],[78.6827,17.7537],[78.6936,17.7574],[78.6965,17.7521],[78.6971,17.7197],[78.7092,17.7182],[78.7195,17.7076],[78.7045,17.6832],[78.72,17.6667],[78.7303,17.6666],[78.7433,17.6807],[78.7544,17.6833],[78.7783,17.6765],[78.793,17.695],[78.7732,17.7221],[78.7607,17.7283],[78.7726,17.7349],[78.7817,17.7315],[78.7912,17.7401],[78.7632,17.7463],[78.7581,17.7635],[78.7623,17.7817],[78.7498,17.7967],[78.7486,17.8107],[78.7144,17.7949],[78.6752,17.8001],[78.6691,17.7841],[78.668,17.7808]]]}},{"type":"Feature","properties":{"SUBDISTRICT":"Narayanaraopet","STATE":"Telangana","shapeID":"7132399B86949559918047","source":"geoBoundaries gbOpen IND ADM3 (ODbL 1.0); source: Local Government Directory lgdirectory.gov.in via Pathways Data","DISTRICT":null,"ELEV_MEAN_M":444.9,"ELEV_MIN_M":395.0,"ELEV_MAX_M":488.0,"PCT_BELOW_5M":0.0,"PCT_BELOW_10M":0.0},"geometry":{"type":"Polygon","coordinates":[[[78.7485,18.2207],[78.753,18.2017],[78.7967,18.2007],[78.7979,18.1944],[78.82,18.1832],[78.8382,18.1954],[78.8367,18.2058],[78.8511,18.227],[78.8498,18.2485],[78.8257,18.2582],[78.7797,18.2648],[78.7584,18.2286],[78.7485,18.2207]]]}},{"type":"Feature","properties":{"SUBDISTRICT":"Raipole","STATE":"Telangana","shapeID":"7132399B62014861083599","source":"geoBoundaries gbOpen IND ADM3 (ODbL 1.0); source: Local Government Directory lgdirectory.gov.in via Pathways Data","DISTRICT":null,"ELEV_MEAN_M":564.5,"ELEV_MIN_M":515.0,"ELEV_MAX_M":624.0,"PCT_BELOW_5M":0.0,"PCT_BELOW_10M":0.0},"geometry":{"type":"Polygon","coordinates":[[[78.5484,17.8337],[78.5832,17.8307],[78.5974,17.8642],[78.6066,17.8677],[78.615,17.8596],[78.6328,17.8675],[78.6383,17.877],[78.661,17.8816],[78.6479,17.8966],[78.6533,17.9008],[78.6618,17.8947],[78.6622,17.9064],[78.6541,17.9104],[78.6863,17.978],[78.676,17.9823],[78.6413,17.9714],[78.6305,17.9588],[78.6077,17.9489],[78.6092,17.9355],[78.5802,17.9298],[78.5719,17.9089],[78.5731,17.8732],[78.5489,17.8366],[78.5484,17.8337]]]}},{"type":"Feature","properties":{"SUBDISTRICT":"Siddipet Rural","STATE":"Telangana","shapeID":"7132399B54958458499635","source":"geoBoundaries gbOpen IND ADM3 (ODbL 1.0); source: Local Government Directory lgdirectory.gov.in via Pathways Data","DISTRICT":null,"ELEV_MEAN_M":506.3,"ELEV_MIN_M":454.0,"ELEV_MAX_M":571.0,"PCT_BELOW_5M":0.0,"PCT_BELOW_10M":0.0},"geometry":{"type":"Polygon","coordinates":[[[78.713,18.1815],[78.7201,18.1748],[78.7423,18.1729],[78.7559,18.16],[78.7548,18.1403],[78.7379,18.1359],[78.7345,18.1118],[78.7484,18.0954],[78.7451,18.0769],[78.752,18.0712],[78.7693,18.074],[78.7722,18.0614],[78.7831,18.0722],[78.795,18.1064],[78.7935,18.1166],[78.7785,18.1309],[78.7875,18.149],[78.8226,18.1417],[78.8246,18.1781],[78.7979,18.1944],[78.7967,18.2007],[78.753,18.2017],[78.7485,18.2207],[78.7299,18.2223],[78.7225,18.2182],[78.7176,18.1897],[78.713,18.1815]]]}},{"type":"Feature","properties":{"SUBDISTRICT":"Chinthalapalem","STATE":"Telangana","shapeID":"7132399B22009402208333","source":"geoBoundaries gbOpen IND ADM3 (ODbL 1.0); source: Local Government Directory lgdirectory.gov.in via Pathways Data","DISTRICT":null,"ELEV_MEAN_M":69.6,"ELEV_MIN_M":15.0,"ELEV_MAX_M":110.0,"PCT_BELOW_5M":0.0,"PCT_BELOW_10M":0.0},"geometry":{"type":"Polygon","coordinates":[[[79.8688,16.6195],[79.9247,16.6228],[79.9157,16.6333],[79.9162,16.6432],[79.9511,16.6403],[79.9667,16.6497],[80.0,16.7002],[80.0318,16.7261],[80.046,16.7463],[80.0781,16.8212],[80.0503,16.8335],[80.0415,16.8599],[80.0223,16.8603],[80.0089,16.8551],[79.9892,16.8076],[79.9672,16.8143],[79.9523,16.7993],[79.9414,16.7702],[79.9164,16.7676],[79.9109,16.7474],[79.8838,16.7121],[79.8702,16.7056],[79.8838,16.6925],[79.8722,16.6639],[79.874,16.6563],[79.8825,16.6577],[79.8845,16.6487],[79.8695,16.6217],[79.8688,16.6195]]]}},{"type":"Feature","properties":{"SUBDISTRICT":"Ananthagiri","STATE":"Telangana","shapeID":"7132399B96386129444495","source":"geoBoundaries gbOpen IND ADM3 (ODbL 1.0); source: Local Government Directory lgdirectory.gov.in via Pathways Data","DISTRICT":null,"ELEV_MEAN_M":127.2,"ELEV_MIN_M":87.0,"ELEV_MAX_M":235.0,"PCT_BELOW_5M":0.0,"PCT_BELOW_10M":0.0},"geometry":{"type":"Polygon","coordinates":[[[79.8653,17.1469],[79.8746,17.1258],[79.8679,17.1142],[79.8695,17.0911],[79.8772,17.0832],[79.9096,17.0889],[79.9362,17.0488],[79.9664,17.0394],[79.9892,17.0491],[80.0018,17.0322],[80.0389,17.0141],[80.0604,17.0211],[79.9999,17.0694],[79.9793,17.1004],[79.9473,17.1301],[79.9137,17.1355],[79.9091,17.1577],[79.8827,17.1737],[79.8752,17.1532],[79.8673,17.1481],[79.8653,17.1469]]]}},{"type":"Feature","properties":{"SUBDISTRICT":"Maddirala","STATE":"Telangana","shapeID":"7132399B69973820265591","source":"geoBoundaries gbOpen IND ADM3 (ODbL 1.0); source: Local Government Directory lgdirectory.gov.in via Pathways Data","DISTRICT":null,"ELEV_MEAN_M":207.3,"ELEV_MIN_M":173.0,"ELEV_MAX_M":241.0,"PCT_BELOW_5M":0.0,"PCT_BELOW_10M":0.0},"geometry":{"type":"Polygon","coordinates":[[[79.5976,17.3964],[79.6498,17.3931],[79.6726,17.3807],[79.6804,17.3957],[79.7013,17.4021],[79.7095,17.389],[79.7253,17.3829],[79.7406,17.3938],[79.778,17.3964],[79.7629,17.4081],[79.7586,17.4308],[79.7214,17.4328],[79.704,17.4528],[79.6684,17.4628],[79.6548,17.4749],[79.622,17.4876],[79.6053,17.4756],[79.6071,17.4455],[79.6147,17.436],[79.601,17.4141],[79.5976,17.3964]]]}},{"type":"Feature","properties":{"SUBDISTRICT":"Nagaram","STATE":"Telangana","shapeID":"7132399B30918286393567","source":"geoBoundaries gbOpen IND ADM3 (ODbL 1.0); source: Local Government Directory lgdirectory.gov.in via Pathways Data","DISTRICT":null,"ELEV_MEAN_M":236.0,"ELEV_MIN_M":210.0,"ELEV_MAX_M":282.0,"PCT_BELOW_5M":0.0,"PCT_BELOW_10M":0.0},"geometry":{"type":"Polygon","coordinates":[[[79.3925,17.4224],[79.4065,17.3959],[79.4415,17.3638],[79.4562,17.3767],[79.4844,17.381],[79.5077,17.4058],[79.5145,17.3972],[79.5447,17.4084],[79.544,17.4259],[79.5088,17.4638],[79.4943,17.4586],[79.4913,17.446],[79.4696,17.4639],[79.4469,17.4596],[79.4323,17.4661],[79.4228,17.4567],[79.4162,17.4639],[79.3995,17.4329],[79.3925,17.4224]]]}},{"type":"Feature","properties":{"SUBDISTRICT":"Palakeedu","STATE":"Telangana","shapeID":"7132399B34214983781758","source":"geoBoundaries gbOpen IND ADM3 (ODbL 1.0); source: Local Government Directory lgdirectory.gov.in via Pathways Data","DISTRICT":null,"ELEV_MEAN_M":85.6,"ELEV_MIN_M":28.0,"ELEV_MAX_M":120.0,"PCT_BELOW_5M":0.0,"PCT_BELOW_10M":0.0},"geometry":{"type":"Polygon","coordinates":[[[79.6565,16.8483],[79.6585,16.7692],[79.6608,16.7549],[79.6764,16.7395],[79.6768,16.6911],[79.742,16.7052],[79.7713,16.7343],[79.7628,16.7588],[79.78,16.7784],[79.7777,16.7877],[79.7589,16.7925],[79.7608,16.7995],[79.7461,16.8247],[79.7271,16.823],[79.6928,16.8469],[79.6576,16.8482],[79.6565,16.8483]]]}},{"type":"Feature","properties":{"SUBDISTRICT":"Kotepally","STATE":"Telangana","shapeID":"7132399B55442690826969","source":"geoBoundaries gbOpen IND ADM3 (ODbL 1.0); source: Local Government Directory lgdirectory.gov.in via Pathways Data","DISTRICT":null,"ELEV_MEAN_M":583.1,"ELEV_MIN_M":525.0,"ELEV_MAX_M":700.0,"PCT_BELOW_5M":0.0,"PCT_BELOW_10M":0.0},"geometry":{"type":"MultiPolygon","coordinates":[[[[77.6593,17.4016],[77.6628,17.3895],[77.6777,17.3801],[77.6931,17.3795],[77.7047,17.3902],[77.7097,17.3988],[77.6958,17.4163],[77.6633,17.4079],[77.6593,17.4016]]],[[[77.7478,17.411],[77.7559,17.3864],[77.7698,17.3819],[77.7898,17.3924],[77.8086,17.3907],[77.8072,17.401],[77.8252,17.4165],[77.839,17.4086],[77.8485,17.4114],[77.8611,17.4404],[77.8118,17.4779],[77.7888,17.4711],[77.793,17.4623],[77.7732,17.4314],[77.7519,17.4324],[77.7704,17.4184],[77.7605,17.4127],[77.7478,17.411]]]]}},{"type":"Feature","properties":{"SUBDISTRICT":"Amarchintha","STATE":"Telangana","shapeID":"7132399B92826461740568","source":"geoBoundaries gbOpen IND ADM3 (ODbL 1.0); source: Local Government Directory lgdirectory.gov.in via Pathways Data","DISTRICT":null,"ELEV_MEAN_M":334.2,"ELEV_MIN_M":298.0,"ELEV_MAX_M":364.0,"PCT_BELOW_5M":0.0,"PCT_BELOW_10M":0.0},"geometry":{"type":"Polygon","coordinates":[[[77.696,16.3402],[77.7309,16.3245],[77.7353,16.3442],[77.7531,16.351],[77.7635,16.3463],[77.7717,16.3268],[77.7801,16.329],[77.7751,16.3524],[77.7888,16.3605],[77.7913,16.3775],[77.8014,16.3842],[77.7839,16.412],[77.7815,16.4271],[77.7731,16.4316],[77.7518,16.4184],[77.7386,16.4186],[77.7464,16.3973],[77.7369,16.38],[77.7031,16.3645],[77.6989,16.3547],[77.696,16.3402]]]}},{"type":"Feature","properties":{"SUBDISTRICT":"Chinnambavi","STATE":"Telangana","shapeID":"7132399B69821510377653","source":"geoBoundaries gbOpen IND ADM3 (ODbL 1.0); source: Local Government Directory lgdirectory.gov.in via Pathways Data","DISTRICT":null,"ELEV_MEAN_M":276.6,"ELEV_MIN_M":82.0,"ELEV_MAX_M":359.0,"PCT_BELOW_5M":0.0,"PCT_BELOW_10M":0.0},"geometry":{"type":"Polygon","coordinates":[[[78.06,16.0177],[78.0733,16.0075],[78.1333,15.9916],[78.1442,15.953],[78.1543,15.9427],[78.1745,15.9374],[78.2097,15.9388],[78.2524,15.9603],[78.2663,16.0007],[78.2325,16.0102],[78.2185,16.0451],[78.18,16.0209],[78.1484,16.0313],[78.1398,16.0582],[78.0985,16.0607],[78.1127,16.1203],[78.0923,16.1167],[78.0821,16.1005],[78.0618,16.088],[78.0683,16.0664],[78.0636,16.0344],[78.06,16.0177]]]}},{"type":"Feature","properties":{"SUBDISTRICT":"Madanapur","STATE":"Telangana","shapeID":"7132399B15871695032448","source":"geoBoundaries gbOpen IND ADM3 (ODbL 1.0); source: Local Government Directory lgdirectory.gov.in via Pathways Data","DISTRICT":null,"ELEV_MEAN_M":329.1,"ELEV_MIN_M":292.0,"ELEV_MAX_M":371.0,"PCT_BELOW_5M":0.0,"PCT_BELOW_10M":0.0},"geometry":{"type":"Polygon","coordinates":[[[77.8188,16.3663],[77.8304,16.3504],[77.8463,16.3503],[77.847,16.3314],[77.8754,16.2952],[77.883,16.3007],[77.8864,16.3172],[77.883,16.336],[77.9205,16.3717],[77.9223,16.4079],[77.9108,16.4155],[77.9068,16.4414],[77.8664,16.4461],[77.8549,16.3621],[77.8472,16.3546],[77.8436,16.375],[77.8271,16.4001],[77.8194,16.391],[77.8195,16.3678],[77.8188,16.3663]]]}},{"type":"Feature","properties":{"SUBDISTRICT":"Revally","STATE":"Telangana","shapeID":"7132399B27073423432144","source":"geoBoundaries gbOpen IND ADM3 (ODbL 1.0); source: Local Government Directory lgdirectory.gov.in via Pathways Data","DISTRICT":null,"ELEV_MEAN_M":458.6,"ELEV_MIN_M":388.0,"ELEV_MAX_M":618.0,"PCT_BELOW_5M":0.0,"PCT_BELOW_10M":0.0},"geometry":{"type":"Polygon","coordinates":[[[78.1782,16.3331],[78.1817,16.3164],[78.2077,16.3132],[78.2167,16.296],[78.252,16.2857],[78.2457,16.3053],[78.2529,16.3245],[78.2869,16.3248],[78.2981,16.3486],[78.3155,16.3523],[78.3027,16.3667],[78.3039,16.389],[78.2963,16.3999],[78.2653,16.4127],[78.2564,16.4076],[78.2307,16.4145],[78.198,16.4061],[78.1811,16.3399],[78.1782,16.3331]]]}},{"type":"Feature","properties":{"SUBDISTRICT":"Srirangapur","STATE":"Telangana","shapeID":"7132399B76588484925910","source":"geoBoundaries gbOpen IND ADM3 (ODbL 1.0); source: Local Government Directory lgdirectory.gov.in via Pathways Data","DISTRICT":null,"ELEV_MEAN_M":321.0,"ELEV_MIN_M":279.0,"ELEV_MAX_M":397.0,"PCT_BELOW_5M":0.0,"PCT_BELOW_10M":0.0},"geometry":{"type":"Polygon","coordinates":[[[77.9912,16.145],[78.0045,16.1387],[78.0277,16.1414],[78.0366,16.1516],[78.034,16.1638],[78.0658,16.1617],[78.0808,16.1879],[78.0795,16.2083],[78.0579,16.2154],[78.0397,16.2429],[78.0232,16.2538],[78.0127,16.2346],[78.0094,16.2085],[78.0139,16.1788],[77.9925,16.1479],[77.9912,16.145]]]}},{"type":"Feature","properties":{"SUBDISTRICT":"Damera","STATE":"Telangana","shapeID":"7132399B46905933077546","source":"geoBoundaries gbOpen IND ADM3 (ODbL 1.0); source: Local Government Directory lgdirectory.gov.in via Pathways Data","DISTRICT":null,"ELEV_MEAN_M":254.3,"ELEV_MIN_M":227.0,"ELEV_MAX_M":396.0,"PCT_BELOW_5M":0.0,"PCT_BELOW_10M":0.0},"geometry":{"type":"Polygon","coordinates":[[[79.6143,18.1141],[79.6277,18.0493],[79.6639,18.0478],[79.681,18.0152],[79.6914,18.0088],[79.6851,18.0466],[79.7,18.057],[79.7034,18.0803],[79.6908,18.0952],[79.6783,18.0938],[79.6708,18.1111],[79.6759,18.1166],[79.6735,18.1324],[79.6517,18.1382],[79.6192,18.1254],[79.6143,18.1141]]]}},{"type":"Feature","properties":{"SUBDISTRICT":"Nadikuda","STATE":"Telangana","shapeID":"7132399B42776758252502","source":"geoBoundaries gbOpen IND ADM3 (ODbL 1.0); source: Local Government Directory lgdirectory.gov.in via Pathways Data","DISTRICT":null,"ELEV_MEAN_M":221.9,"ELEV_MIN_M":199.0,"ELEV_MAX_M":300.0,"PCT_BELOW_5M":0.0,"PCT_BELOW_10M":0.0},"geometry":{"type":"Polygon","coordinates":[[[79.5916,18.2514],[79.6227,18.1862],[79.6142,18.1691],[79.6155,18.1558],[79.6356,18.1351],[79.6517,18.1382],[79.6735,18.1324],[79.6778,18.146],[79.6536,18.1727],[79.6639,18.187],[79.6762,18.1876],[79.6793,18.2018],[79.6753,18.2266],[79.661,18.228],[79.6636,18.249],[79.641,18.2691],[79.6214,18.2525],[79.6,18.2578],[79.5931,18.2529],[79.5916,18.2514]]]}},{"type":"Feature","properties":{"SUBDISTRICT":"Inavole","STATE":"Telangana","shapeID":"7132399B99018534218965","source":"geoBoundaries gbOpen IND ADM3 (ODbL 1.0); source: Local Government Directory lgdirectory.gov.in via Pathways Data","DISTRICT":null,"ELEV_MEAN_M":284.3,"ELEV_MIN_M":254.0,"ELEV_MAX_M":323.0,"PCT_BELOW_5M":0.0,"PCT_BELOW_10M":0.0},"geometry":{"type":"Polygon","coordinates":[[[79.4925,17.9006],[79.5221,17.8674],[79.4946,17.8304],[79.5202,17.8273],[79.5181,17.8071],[79.5533,17.7981],[79.5625,17.8023],[79.5655,17.8205],[79.5798,17.8225],[79.5889,17.8376],[79.5967,17.8267],[79.6159,17.8287],[79.6191,17.8639],[79.6033,17.8879],[79.6019,17.9054],[79.5703,17.917],[79.5599,17.8977],[79.5391,17.8951],[79.5594,17.9394],[79.5552,17.9476],[79.5285,17.9463],[79.5191,17.9354],[79.5063,17.9352],[79.4986,17.9247],[79.5049,17.9099],[79.4989,17.9064],[79.4925,17.9006]]]}},{"type":"Feature","properties":{"SUBDISTRICT":"Khazipet","STATE":"Telangana","shapeID":"7132399B34048924871890","source":"geoBoundaries gbOpen IND ADM3 (ODbL 1.0); source: Local Government Directory lgdirectory.gov.in via Pathways Data","DISTRICT":null,"ELEV_MEAN_M":295.5,"ELEV_MIN_M":264.0,"ELEV_MAX_M":356.0,"PCT_BELOW_5M":0.0,"PCT_BELOW_10M":0.0},"geometry":{"type":"Polygon","coordinates":[[[79.4398,17.9417],[79.445,17.9216],[79.4507,17.9196],[79.4855,17.9318],[79.4986,17.9247],[79.5063,17.9352],[79.5191,17.9354],[79.5285,17.9463],[79.5517,17.9481],[79.5594,17.9394],[79.5522,17.9255],[79.5677,17.9251],[79.5805,17.9584],[79.5645,17.9621],[79.5549,17.9572],[79.5592,17.9731],[79.5074,17.9806],[79.4954,18.0156],[79.483,18.0176],[79.4739,18.0111],[79.4602,17.9812],[79.4605,17.9685],[79.4409,17.9545],[79.4407,17.9465],[79.4398,17.9417]]]}},{"type":"Feature","properties":{"SUBDISTRICT":"Khila Warangal","STATE":"Telangana","shapeID":"7132399B62151656012415","source":"geoBoundaries gbOpen IND ADM3 (ODbL 1.0); source: Local Government Directory lgdirectory.gov.in via Pathways Data","DISTRICT":null,"ELEV_MEAN_M":283.3,"ELEV_MIN_M":267.0,"ELEV_MAX_M":302.0,"PCT_BELOW_5M":0.0,"PCT_BELOW_10M":0.0},"geometry":{"type":"Polygon","coordinates":[[[79.5391,17.8951],[79.5599,17.8977],[79.5703,17.917],[79.5792,17.9175],[79.6019,17.9054],[79.6033,17.8879],[79.6191,17.8639],[79.6317,17.9006],[79.6501,17.9157],[79.6443,17.9181],[79.6461,17.9286],[79.6227,17.9408],[79.6181,17.9207],[79.5923,17.9394],[79.5726,17.9326],[79.5677,17.9251],[79.5522,17.9255],[79.5422,17.9114],[79.5391,17.8951]]]}},{"type":"Feature","properties":{"SUBDISTRICT":"Velair","STATE":"Telangana","shapeID":"7132399B87022351693292","source":"geoBoundaries gbOpen IND ADM3 (ODbL 1.0); source: Local Government Directory lgdirectory.gov.in via Pathways Data","DISTRICT":null,"ELEV_MEAN_M":362.2,"ELEV_MIN_M":320.0,"ELEV_MAX_M":619.0,"PCT_BELOW_5M":0.0,"PCT_BELOW_10M":0.0},"geometry":{"type":"Polygon","coordinates":[[[79.2916,18.0173],[79.3021,18.0055],[79.2994,17.9713],[79.3369,17.9712],[79.3762,17.9555],[79.3997,17.9808],[79.3804,17.9836],[79.3707,17.9963],[79.3877,18.0162],[79.3815,18.0405],[79.3505,18.0407],[79.3428,18.0296],[79.3474,18.0252],[79.3005,18.02],[79.2916,18.0173]]]}},{"type":"Feature","properties":{"SUBDISTRICT":"Allapalli","STATE":"Telangana","shapeID":"7132399B73345571390554","source":"geoBoundaries gbOpen IND ADM3 (ODbL 1.0); source: Local Government Directory lgdirectory.gov.in via Pathways Data","DISTRICT":null,"ELEV_MEAN_M":260.8,"ELEV_MIN_M":155.0,"ELEV_MAX_M":503.0,"PCT_BELOW_5M":0.0,"PCT_BELOW_10M":0.0},"geometry":{"type":"Polygon","coordinates":[[[80.3454,18.0172],[80.4096,17.9981],[80.3966,17.9498],[80.4396,17.9223],[80.4217,17.8977],[80.4733,17.8616],[80.4336,17.8306],[80.477,17.7741],[80.507,17.7877],[80.5375,17.7927],[80.5491,17.8312],[80.5644,17.8345],[80.5618,17.8682],[80.5695,17.8814],[80.6082,17.8892],[80.6746,17.8892],[80.6887,17.9025],[80.6769,17.9201],[80.6126,17.9709],[80.5559,17.9081],[80.5497,17.9078],[80.5164,17.9269],[80.5124,17.9351],[80.5414,17.9904],[80.4854,18.0073],[80.4717,17.9912],[80.4475,17.9956],[80.3968,18.0305],[80.399,18.0603],[80.3843,18.0721],[80.3464,18.0286],[80.3454,18.0172]]]}},{"type":"Feature","properties":{"SUBDISTRICT":"Annapureddypalli","STATE":"Telangana","shapeID":"7132399B74884847536105","source":"geoBoundaries gbOpen IND ADM3 (ODbL 1.0); source: Local Government Directory lgdirectory.gov.in via Pathways Data","DISTRICT":null,"ELEV_MEAN_M":204.9,"ELEV_MIN_M":144.0,"ELEV_MAX_M":559.0,"PCT_BELOW_5M":0.0,"PCT_BELOW_10M":0.0},"geometry":{"type":"Polygon","coordinates":[[[80.5946,17.3205],[80.611,17.2853],[80.6315,17.2928],[80.6663,17.2773],[80.6761,17.2891],[80.7003,17.2972],[80.7281,17.3184],[80.7476,17.3223],[80.7654,17.3473],[80.7975,17.3389],[80.8307,17.3583],[80.8469,17.3607],[80.8048,17.4182],[80.7594,17.3976],[80.7417,17.3964],[80.7227,17.4012],[80.7124,17.418],[80.6988,17.4075],[80.6892,17.3795],[80.6901,17.3623],[80.6514,17.3283],[80.6157,17.3403],[80.6175,17.3213],[80.6078,17.3198],[80.5946,17.3205]]]}},{"type":"Feature","properties":{"SUBDISTRICT":"Chunchupalli","STATE":"Telangana","shapeID":"7132399B55648070992971","source":"geoBoundaries gbOpen IND ADM3 (ODbL 1.0); source: Local Government Directory lgdirectory.gov.in via Pathways Data","DISTRICT":null,"ELEV_MEAN_M":133.4,"ELEV_MIN_M":92.0,"ELEV_MAX_M":329.0,"PCT_BELOW_5M":0.0,"PCT_BELOW_10M":0.0},"geometry":{"type":"MultiPolygon","coordinates":[[[[80.64,17.4281],[80.6881,17.4061],[80.6988,17.4075],[80.7157,17.422],[80.7228,17.4668],[80.7124,17.4762],[80.6908,17.4811],[80.679,17.5232],[80.6665,17.5219],[80.6657,17.4748],[80.6439,17.4313],[80.64,17.4281]]],[[[80.5372,17.5493],[80.589,17.5114],[80.5875,17.5004],[80.5926,17.4986],[80.6182,17.4943],[80.6389,17.5159],[80.6337,17.5452],[80.6211,17.5217],[80.6199,17.541],[80.6119,17.5466],[80.5873,17.5486],[80.5506,17.5677],[80.5401,17.5576],[80.5372,17.5493]]]]}},{"type":"Feature","properties":{"SUBDISTRICT":"Karakagudem","STATE":"Telangana","shapeID":"7132399B99297448077638","source":"geoBoundaries gbOpen IND ADM3 (ODbL 1.0); source: Local Government Directory lgdirectory.gov.in via Pathways Data","DISTRICT":null,"ELEV_MEAN_M":197.1,"ELEV_MIN_M":103.0,"ELEV_MAX_M":456.0,"PCT_BELOW_5M":0.0,"PCT_BELOW_10M":0.0},"geometry":{"type":"Polygon","coordinates":[[[80.3843,18.0721],[80.399,18.0603],[80.3968,18.0305],[80.4475,17.9956],[80.4717,17.9912],[80.4854,18.0073],[80.5414,17.9904],[80.5124,17.9351],[80.5164,17.9269],[80.5559,17.9081],[80.6126,17.9709],[80.6114,18.0589],[80.5986,18.0477],[80.5796,18.0626],[80.5721,18.0611],[80.5621,18.0749],[80.543,18.0804],[80.5377,18.0991],[80.5003,18.1392],[80.4902,18.1423],[80.4682,18.1347],[80.4801,18.122],[80.4572,18.079],[80.4601,18.0601],[80.4481,18.0652],[80.4356,18.059],[80.3953,18.0819],[80.3859,18.0736],[80.3843,18.0721]]]}},{"type":"Feature","properties":{"SUBDISTRICT":"Laxmidevipalli","STATE":"Telangana","shapeID":"7132399B28654217490633","source":"geoBoundaries gbOpen IND ADM3 (ODbL 1.0); source: Local Government Directory lgdirectory.gov.in via Pathways Data","DISTRICT":null,"ELEV_MEAN_M":146.7,"ELEV_MIN_M":83.0,"ELEV_MAX_M":394.0,"PCT_BELOW_5M":0.0,"PCT_BELOW_10M":0.0},"geometry":{"type":"MultiPolygon","coordinates":[[[[80.5097,17.6011],[80.5099,17.5774],[80.5222,17.5721],[80.5289,17.5477],[80.5372,17.5493],[80.5506,17.5677],[80.5806,17.5555],[80.5948,17.599],[80.5402,17.5947],[80.5176,17.6018],[80.5097,17.6011]]],[[[80.5282,17.7354],[80.5695,17.6933],[80.5718,17.6715],[80.5587,17.6433],[80.5608,17.6353],[80.593,17.6224],[80.593,17.6028],[80.6114,17.6002],[80.6121,17.5861],[80.6351,17.5418],[80.6389,17.5159],[80.6226,17.5023],[80.6182,17.4864],[80.596,17.4721],[80.6027,17.4632],[80.5927,17.4334],[80.6284,17.4267],[80.6509,17.4377],[80.6657,17.4748],[80.6665,17.5219],[80.6753,17.5258],[80.6569,17.5535],[80.6312,17.615],[80.6339,17.6525],[80.6238,17.6985],[80.6433,17.7198],[80.6105,17.7491],[80.6105,17.805],[80.6017,17.8158],[80.5644,17.8345],[80.5529,17.8344],[80.5428,17.8196],[80.5395,17.7981],[80.5533,17.7941],[80.5796,17.7688],[80.5673,17.7607],[80.5405,17.7684],[80.5314,17.7535],[80.5282,17.7354]]]]}},{"type":"Feature","properties":{"SUBDISTRICT":"Sujathanagar","STATE":"Telangana","shapeID":"7132399B42244808675391","source":"geoBoundaries gbOpen IND ADM3 (ODbL 1.0); source: Local Government Directory lgdirectory.gov.in via Pathways Data","DISTRICT":null,"ELEV_MEAN_M":125.1,"ELEV_MIN_M":101.0,"ELEV_MAX_M":196.0,"PCT_BELOW_5M":0.0,"PCT_BELOW_10M":0.0},"geometry":{"type":"Polygon","coordinates":[[[80.4613,17.5255],[80.4695,17.5128],[80.5017,17.5123],[80.5362,17.5029],[80.5535,17.474],[80.5538,17.4322],[80.5688,17.4244],[80.5753,17.4384],[80.5823,17.4406],[80.5927,17.4334],[80.6027,17.4632],[80.596,17.4721],[80.6182,17.4864],[80.6182,17.4943],[80.5875,17.5004],[80.589,17.5114],[80.5481,17.543],[80.5289,17.5477],[80.5234,17.5583],[80.5058,17.539],[80.4817,17.5262],[80.4613,17.5255]]]}},{"type":"Feature","properties":{"SUBDISTRICT":"Bhadrachalam","STATE":"Telangana","shapeID":"7132399B98856458389031","source":"geoBoundaries gbOpen IND ADM3 (ODbL 1.0); source: Local Government Directory lgdirectory.gov.in via Pathways Data","DISTRICT":null,"ELEV_MEAN_M":50.6,"ELEV_MIN_M":30.0,"ELEV_MAX_M":68.0,"PCT_BELOW_5M":0.0,"PCT_BELOW_10M":0.0},"geometry":{"type":"Polygon","coordinates":[[[80.8915,17.6612],[80.8951,17.6462],[80.917,17.6367],[80.9259,17.6702],[80.9014,17.6675],[80.8915,17.6612]]]}}]}